smiles,predict_density,predict_DetoD,predict_DetoP,predict_DetoQ,predict_DetoT,predict_DetoV,predict_HOF_S,predict_BDE,SA_calculated
O=c1n([N+](=O)[O-])c(=O)n2[nH]c([N+](=O)[O-])nn12,1.9478352,8.671109,35.593426,5.259565,3.4018118,647.6921,-4.9978004,153.38303,4.280223200623057
O=c1c2nn[nH]c2n([N+](=O)[O-])c(=O)n1[N+](=O)[O-],1.9343303,8.45741,33.72597,5.234146,3.2623825,623.90985,56.737034,139.70279,4.080100427994402
O=c1oc(=N[N+](=O)[O-])[nH]c2nc([N+](=O)[O-])nn12,1.9117597,8.167895,31.166992,4.694571,2.9294844,626.8427,-61.19663,165.39163,4.166883973144904
O=c1[nH]c([N+](=O)[O-])c2nc([N+](=O)[O-])nc-2n1[N+](=O)[O-],1.9661387,8.466521,34.20817,5.264845,3.180561,604.6415,34.834415,131.10184,3.9347852512168258
N[N+]([O-])(c1nc([N+](=O)[O-])c2c([N+](=O)[O-])n[nH]c2n1)[N+](=O)[O-],1.8717355,8.4668,33.21515,5.6657457,3.6597977,649.8551,267.91837,125.141525,4.624429488554325
O=[N+]([O-])N=c1[nH]c([N+](=O)[O-])nc2nc([N+](=O)[O-])nn12,1.9355971,8.700603,35.62605,5.6065426,3.6043482,643.5462,330.78497,180.3913,4.052953920900083
O=c1n([N+](=O)[O-])nc2[nH]nc([N+](=O)[O-])n12,1.9492422,8.7242365,36.016743,5.44849,3.532152,649.85315,153.9403,149.60619,4.055835426496224
O=c1[nH]c(=O)n2c([N+](=O)[O-])c(N[N+](=O)[O-])nc([N+](=O)[O-])n12,1.9410529,8.346651,32.925053,4.920403,3.0781286,627.6382,-133.90347,138.5559,3.912093970082518
O=c1[nH]c2c(=O)n([N+](=O)[O-])c(=O)n([N+](=O)[O-])c2[nH]1,1.952833,7.920115,29.840853,4.180222,2.5319302,609.2051,-341.88376,155.10054,3.84599709538635
O=[N+]([O-])c1nc2n([N+](=O)[O-])c=2nc([N+](=O)[O-])[nH]1,1.8870741,8.550384,34.13777,5.809235,3.63988,626.15094,207.01547,124.03047,4.196075812609787
O=c1[nH]c(=O)n2c([N+](=O)[O-])nnc2n1[N+](=O)[O-],1.9456713,8.252914,32.239403,4.6810493,2.9225185,627.09125,-68.57268,136.9137,3.749903504917479
O=c1c2c([N+](=O)[O-])n[nH]c2nc2nc([N+](=O)[O-])c([N+](=O)[O-])nn12,1.8970829,7.949841,29.579105,5.04951,2.8975923,574.8686,222.7814,224.40181,3.686625380914281
O=c1[nH]c2c([N+](=O)[O-])n[nH]c2n2c(=O)nc([N+](=O)[O-])c(=O)n12,1.9176773,7.5879297,27.132929,4.1728854,2.3973157,577.1667,-148.39612,245.53903,3.8875590807851923
O=c1[nH]nc([N+](=O)[O-])n2nnc([N+](=O)[O-])c12,1.911187,8.364649,32.697315,5.455851,3.3331301,612.60486,220.33734,248.47383,3.5234286184610326
Nc1c([N+](=O)[O-])[nH]c(=O)c2nn([N+](=O)[O-])c([N+](=O)[O-])c12,1.9064126,8.087184,30.62678,5.1151834,3.0763068,603.90295,0.3839747,146.66335,3.8896368013085976
O=[N+]([O-])c1nnn2c([N+](=O)[O-])n[nH]c12,1.9219751,8.790268,36.187023,6.104853,3.9204376,643.19214,419.3942,280.60864,3.714489492574729
O=c1nc2n([N+](=O)[O-])nnn2c(=O)n1[N+](=O)[O-],1.9893026,8.811959,37.000706,5.3162394,3.3856165,639.0077,102.128204,125.13193,4.182146581840556
O=c1nc2[nH]nc([N+](=O)[O-])n2nc1[N+](=O)[O-],1.9142177,8.233258,31.771362,5.1315045,3.1376052,613.3816,174.29413,243.29225,3.662994629194486
O=c1[nH]nc([N+](=O)[O-])n2nc([N+](=O)[O-])nc12,1.9011809,8.245518,31.709797,5.199551,3.1863227,615.06366,176.55603,262.3631,3.561524861752625
O=c1c2[nH]nnc2n([N+](=O)[O-])c(=O)n1[N+](=O)[O-],1.9340187,8.451166,33.74531,5.2448053,3.264925,623.4321,56.68929,123.733154,4.0604358126097875
O=c1[nH]c(=O)n([N+](=O)[O-])c2c1n([N+](=O)[O-])c(=O)n2[N+](=O)[O-],1.9767977,8.48213,34.273357,4.980688,3.0371485,611.0679,-265.46814,131.7289,4.025805158893708
Nc1oc(O)c2c1c(=O)n([N+](=O)[O-])n2[N+](=O)[O-],1.8677018,7.822423,28.27816,4.610168,2.8026693,611.5955,-335.39926,147.60838,4.198713434987409
O=c1c2[nH]c(=O)n([N+](=O)[O-])c2n([N+](=O)[O-])c(=O)n1N[N+](=O)[O-],1.9623488,8.467584,33.99799,4.969553,3.1082573,627.6979,-240.47865,134.33127,4.19675979443372
O=c1c2nn([N+](=O)[O-])nc2n([N+](=O)[O-])c(=O)n1[N+](=O)[O-],1.9965488,9.002859,38.650196,5.8392024,3.6188092,619.2594,95.466644,120.20444,4.168961653379604
O=c1[nH]c(=NN[N+](=O)[O-])n2nc([N+](=O)[O-])nc2n1[N+](=O)[O-],1.9567441,8.747031,36.213486,5.3538594,3.5322912,662.22,173.0462,138.89551,4.414839499553048
O=[N+]([O-])c1c([N+](=O)[O-])c2nn[nH]n2c1[N+](=O)[O-],1.9129069,8.849188,36.56372,6.4756303,4.0109806,618.5513,382.29,248.93854,3.642103504917479
O=c1oc2c([N+](=O)[O-])n[nH]c2nc1[N+](=O)[O-],1.892753,7.8478813,28.701424,4.8199244,2.7178118,564.89606,-101.643875,247.4742,3.5050583143465435
Nc1c([N+](=O)[O-])oc2c1c([N+](=O)[O-])nn1c([N+](=O)[O-])c(O)n[n+]21,1.8907194,8.064929,30.308786,5.23642,3.091253,590.6951,29.267488,253.84915,4.362076973478247
Nn1c(=O)n([N+](=O)[O-])c(=N[N+](=O)[O-])c2[nH]nc([N+](=O)[O-])c21,1.9384811,8.657351,35.39547,5.647885,3.6540673,648.3842,218.67911,137.86073,4.152589074977625
O=[N+]([O-])c1nc([N+](=O)[O-])n2c([N+](=O)[O-])n[nH]c12,1.9317592,8.728643,35.788887,5.975832,3.7004042,619.1159,251.0187,252.55412,3.760657351071325
O=c1c2c(N[N+](=O)[O-])c(O)[nH]c2nc([N+](=O)[O-])n1[N+](=O)[O-],1.9049339,8.023183,30.194073,4.8133783,2.9181921,607.7384,-199.9759,153.54544,3.9589090749776243
Nc1c([N+](=O)[O-])c2[nH]nc([N+](=O)[O-])n2c1[N+](=O)[O-],1.9269841,8.41433,33.272125,5.532321,3.4598825,627.3929,162.74738,269.76544,3.71911624432252
O=c1c2c([N+](=O)[O-])n[nH]c2nc2n([N+](=O)[O-])nc([N+](=O)[O-])n12,1.9165988,8.235637,31.947502,5.2335153,3.124071,598.33307,190.85858,138.46182,3.951058950407095
O=c1oc(=O)n([N+](=O)[O-])c2nc3c1nn([N+](=O)[O-])[nH]c3c2=O,1.8906367,7.6603355,27.534472,4.5166807,2.5257423,560.5518,-225.7619,151.38783,4.845669605573043
O=[N+]([O-])c1nc([N+](=O)[O-])c2c([N+](=O)[O-])n[nH]c2c1[N+](=O)[O-],1.9202092,8.49309,33.877007,5.976278,3.4792442,579.9946,202.36035,225.0847,3.5245451588937087
Nc1c([N+](=O)[O-])[nH]c(=N[N+](=O)[O-])c2nc([N+](=O)[O-])nnc12,1.8999915,8.153152,31.159025,5.2628975,3.266157,622.0397,319.9065,187.99054,4.150526312739862
O=c1nc([N+](=O)[O-])c2c([N+](=O)[O-])nn([N+](=O)[O-])c2n1[N+](=O)[O-],1.9708862,8.932321,37.836628,6.091658,3.6964033,604.5157,166.11838,126.56064,4.093409187146272
N=c1[nH]c(=O)n([N+](=O)[O-])c2c([N+](=O)[O-])n([N+](=O)[O-])nc12,1.9247354,8.420484,33.33735,5.3516684,3.3374338,625.298,94.71927,137.33533,4.339785913734633
Nn1c(=O)n2c([N+](=O)[O-])c([N+](=O)[O-])n3c(=O)c4c([N+](=O)[O-])c([N+](=O)[O-])n([N+](=O)[O-])c4nc3n2c1=O,1.9396156,8.250504,32.229023,5.150727,3.0280135,587.81195,-101.36275,149.45044,4.278773572510376
O=c1nc2[nH]c([N+](=O)[O-])nn2c([N+](=O)[O-])c1[N+](=O)[O-],1.9350572,8.335766,32.69879,5.274193,3.1337445,595.898,51.414417,224.36375,3.6757901742937475
O=c1c2c(N[N+](=O)[O-])n[nH]c2n([N+](=O)[O-])c(=O)n1N[N+](=O)[O-],1.9138302,8.4289,33.296795,5.1988473,3.3473108,645.9781,-27.706556,134.56912,4.119775346576676
O=c1[nH]nc([N+](=O)[O-])n2nc([N+](=O)[O-])c([N+](=O)[O-])c12,1.9336559,8.500841,33.942883,5.6595106,3.3724644,596.5128,147.57489,245.13933,3.5035412512168254
O=c1[nH]c(=N[N+](=O)[O-])n2nc(N[N+](=O)[O-])nc2n1[N+](=O)[O-],1.9633687,8.751016,36.318104,5.2925305,3.507128,665.20074,177.04208,137.62555,4.353088125926675
O=c1nc2n([N+](=O)[O-])nc([N+](=O)[O-])nc-2nc1[N+](=O)[O-],1.9426745,8.506592,34.31171,5.5925417,3.3165631,591.5115,220.58807,129.11888,3.7787366952463
O=[N+]([O-])NN=c1nc([N+](=O)[O-])n([N+](=O)[O-])c2n[nH]c([N+](=O)[O-])c12,1.9400812,8.862621,37.028625,6.083254,3.8761873,638.1158,367.98367,124.849106,4.41752968470145
O=c1[nH]n2c(=O)nc([N+](=O)[O-])nc2n1[N+](=O)[O-],1.9456422,8.234647,32.201824,4.683029,2.9148643,625.7981,-70.919266,136.48692,3.94067273568671
O=c1c2c([N+](=O)[O-])n([N+](=O)[O-])c([N+](=O)[O-])c2nc2c([N+](=O)[O-])n[nH]n12,1.9320121,8.432635,33.56215,5.6958547,3.3283708,583.28656,202.60898,138.88855,4.070156830582237
O=[N+]([O-])c1nnc2[nH]nc([N+](=O)[O-])n12,1.8906442,8.6376295,34.710407,5.9162407,3.819451,646.4772,384.78476,252.79659,3.7974133792144062
O=[N+]([O-])c1nn([N+](=O)[O-])c2nc3c([N+](=O)[O-])nnn3c([N+](=O)[O-])c12,1.945557,8.803194,36.690666,6.283818,3.7555594,596.1008,535.3909,129.52942,3.973451313605402
O=c1[nH]c2[nH]c(=O)n([N+](=O)[O-])c(=O)c2nc1[N+](=O)[O-],1.9260373,7.5757775,27.180443,3.9521399,2.2973108,583.3457,-330.2276,177.69897,3.8071846358322095
O=c1[nH]c([N+](=O)[O-])nc2nc([N+](=O)[O-])oc12,1.8825301,7.6654816,27.334993,4.493764,2.5303547,565.01044,-168.65176,260.3142,3.8945441819672943
O=c1[nH]nc([N+](=O)[O-])c2nc([N+](=O)[O-])nn12,1.9209089,8.268756,32.070614,5.0957355,3.1311502,617.0577,162.93896,254.47772,3.393831838496811
O=c1[nH]c(=O)n([N+](=O)[O-])nc1[N+](=O)[O-],1.9463868,8.465681,33.80592,4.9021406,3.1170692,638.2427,-192.60715,148.65964,3.5334344318459845
O=c1nc2[nH][nH]n([N+](=O)[O-])n-2c1=NN[N+](=O)[O-],1.8692064,8.478292,33.14491,5.4364896,3.6923006,683.0546,240.49222,148.88522,4.709301030001091
O=c1c2c([N+](=O)[O-])nn([N+](=O)[O-])c2nc2n([N+](=O)[O-])nc([N+](=O)[O-])n12,1.9557537,8.689256,35.765038,5.793786,3.4684222,597.4374,236.72684,134.6611,4.159615571840978
Nc1c([N+](=O)[O-])nn2c1n([N+](=O)[O-])c(=O)n2[N+](=O)[O-],1.9697394,8.901443,37.666973,5.765516,3.7346888,648.6949,132.70795,147.31764,4.190677828924832
O=c1c2c([N+](=O)[O-])c([N+](=O)[O-])c([N+](=O)[O-])n([N+](=O)[O-])c-2nc2c1c([N+](=O)[O-])nn2C=N[N+](=O)[O-],1.9088418,8.377788,32.872597,5.88042,3.3517318,568.56964,197.68732,138.39395,4.341451101066059
O=[N+]([O-])Nc1c2c([N+](=O)[O-])n[nH]c2nc2c([N+](=O)[O-])nn([N+](=O)[O-])c12,1.9045241,8.380367,32.92424,5.7343802,3.4614081,603.45514,382.28513,141.60722,4.078346758564702
O=[N+]([O-])c1[nH]c2nnc([N+](=O)[O-])n2c1[N+](=O)[O-],1.914669,8.707387,35.43773,6.019858,3.7393298,621.41296,279.15945,247.23813,3.8589835049174797
O=c1c2cc3c([N+](=O)[O-])nn([N+](=O)[O-])c3nc2n([N+](=O)[O-])c(=O)n1N[N+](=O)[O-],1.9031068,8.156835,31.05049,5.2969904,3.096857,585.5858,33.014515,135.63727,4.131569083124202
Nc1c([N+](=O)[O-])nc2c([N+](=O)[O-])n[nH]n2c1=O,1.8788155,7.8179607,28.39639,4.68933,2.8991656,621.20483,74.90062,281.1045,3.6753804279944022
O=c1c2c([nH]c(=O)n2[N+](=O)[O-])n([N+](=O)[O-])c(=O)n1N[N+](=O)[O-],1.976634,8.500745,34.429893,4.9351444,3.0957174,629.01263,-248.9791,146.54855,4.253225381478254
O=[N+]([O-])NC1=C([N+](=O)[O-])N([N+](=O)[O-])C=C([N+](=O)[O-])N1[N+](=O)[O-],1.9478873,9.414125,41.56465,6.9565907,4.532395,650.2126,209.09201,122.394516,4.498440115428515
O=c1[nH]c(=O)n([N+](=O)[O-])c2c1n(N[N+](=O)[O-])c(=O)n2[N+](=O)[O-],1.94691,8.396311,33.231598,4.9285645,3.084513,628.6781,-245.10533,137.551,4.118752506984327
O=c1[nH]c([N+](=O)[O-])c([N+](=O)[O-])c(=O)n1N[N+](=O)[O-],1.9340286,8.563256,34.393036,5.250561,3.3308418,636.71387,-231.04877,144.34242,3.709401713617334
O=c1[nH]c(=O)n([N+](=O)[O-])c([N+](=O)[O-])c1[N+](=O)[O-],1.961721,8.604372,34.936996,5.257837,3.2195923,613.94116,-259.28854,142.66702,3.360310231214438
Nc1c([N+](=O)[O-])[nH]c(=N[N+](=O)[O-])c2c1c([N+](=O)[O-])nn2N,1.8803015,8.170519,31.036259,5.2908397,3.4445217,653.5432,254.47305,193.35634,4.261032151900701
O=c1[nH]c(=O)n(N[N+](=O)[O-])c2c1n([N+](=O)[O-])c(=O)n2[N+](=O)[O-],1.9555293,8.427326,33.565918,4.944679,3.0948942,628.08386,-240.53528,144.94762,4.072236717510644
O=c1c2c(nc3c([N+](=O)[O-])nnc-3n2O)n([N+](=O)[O-])c(=O)n1N[N+](=O)[O-],1.9241984,8.291076,32.479267,5.266988,3.1773698,603.2892,63.793507,135.49525,4.175258252005466
O=c1c2nn([N+](=O)[O-])c(=O)n2c([N+](=O)[O-])nn1[N+](=O)[O-],1.979285,8.916696,37.82925,5.7766466,3.566297,616.4639,74.23743,146.15834,4.105687393024574
O=c1c2c([nH]c3c([N+](=O)[O-])ncn32)n([N+](=O)[O-])c(=O)n1[N+](=O)[O-],1.9245074,7.9998584,30.273762,4.866001,2.8503995,586.072,-57.89597,155.10144,4.119319848635876
Nc1c([N+](=O)[O-])c2c(=O)n([N+](=O)[O-])nc-2n([N+](=O)[O-])c1[N+](=O)[O-],1.9560103,8.689042,35.77469,5.854747,3.5577586,607.42645,92.168335,126.56668,4.005591141943847
O=[N+]([O-])N=c1c2c([N+](=O)[O-])n[nH]c2nc([N+](=O)[O-])n1[N+](=O)[O-],1.9248397,8.817642,36.450512,6.1439824,3.8298376,622.9417,338.51736,120.857086,4.072433436762354
O=c1n([N+](=O)[O-])c(=O)n2c3c([N+](=O)[O-])c([N+](=O)[O-])nn3c([N+](=O)[O-])nn12,1.9776202,8.7909355,36.849773,5.6900754,3.4495134,604.6002,121.453186,161.49396,4.11987360711072
O=[N+]([O-])c1nc2[nH]c([N+](=O)[O-])c([N+](=O)[O-])n2n1,1.9326926,8.702998,35.581776,5.8497667,3.6318526,621.6798,226.73041,252.49605,3.82519273568671
O=c1[nH]nc([N+](=O)[O-])c2c([N+](=O)[O-])nc([N+](=O)[O-])n12,1.9339263,8.402001,33.192303,5.4154096,3.2305205,597.2505,87.56473,237.87494,3.5034830973706708
O=c1c2c(N[N+](=O)[O-])n[nH]c2n([N+](=O)[O-])c(=O)n1O,1.9116546,8.151716,31.207546,4.8472166,3.0496597,631.79614,-142.31123,136.7758,3.912135712755287
O=c1n([N+](=O)[O-])nc2n([N+](=O)[O-])nc([N+](=O)[O-])n12,1.9974934,9.285823,41.028805,6.1713843,3.971191,643.5907,213.54922,126.042694,4.198025245959181
O=c1c2c(c([N+](=O)[O-])nn2[N+](=O)[O-])n([N+](=O)[O-])c(=O)n1[N+](=O)[O-],1.9959532,9.036369,38.97208,6.013501,3.6633265,606.492,23.766176,114.57376,4.179799225385829
NN=c1[nH]n(N[N+](=O)[O-])c2nc([N+](=O)[O-])n([N+](=O)[O-])c(=O)c12,1.897778,8.438802,33.26024,5.387926,3.54209,660.41376,187.76614,147.23854,4.508785426152274
O=c1[nH]c2c([nH]c(=O)n2[N+](=O)[O-])c(=O)n1[N+](=O)[O-],1.9694278,7.9260616,30.075172,4.0844398,2.4778097,609.9699,-355.95917,163.59998,3.9395853114256303
Nc1c([N+](=O)[O-])c2n([N+](=O)[O-])c(=O)[nH]c(=O)n2c1[N+](=O)[O-],1.9291519,8.037826,30.466288,4.59688,2.822285,616.8293,-251.73174,132.40376,3.7714025947911427
O=c1n([N+](=O)[O-])c2nc([N+](=O)[O-])n([N+](=O)[O-])c2n1[N+](=O)[O-],1.9948604,9.245468,40.7459,6.2940936,3.937236,623.4777,146.65042,125.06027,4.227110287098837
O=[N+]([O-])c1nn2c([N+](=O)[O-])nnc2[nH]1,1.8979603,8.636027,34.819473,5.822004,3.76745,648.2027,374.78183,267.77188,3.9418032577569146
NN=c1c2c(c([N+](=O)[O-])nn1N)c1[n+]([N+](=O)[O-])n2-c2nc([N+](=O)[O-])c([N+](=O)[O-])c([N+](=O)[O-])c2N=N1,1.8819003,8.337456,32.40653,5.853902,3.5969133,614.15155,618.35785,166.64793,5.396660117711342
O=c1[nH]n2c([N+](=O)[O-])nc([N+](=O)[O-])c2nc1[N+](=O)[O-],1.9428589,8.446848,33.72561,5.4664454,3.2720041,598.7232,99.562225,241.13464,3.6941667896783628
O=c1c2c(nnn2[N+](=O)[O-])n([N+](=O)[O-])c(=O)n1[N+](=O)[O-],1.9947116,9.017188,38.813526,5.8751035,3.6553042,621.06464,109.5795,119.444626,4.1965900557464675
Nc1n[nH]c2c([N+](=O)[O-])c(=O)n([N+](=O)[O-])c(=O)n12,1.9117477,7.895454,29.35303,4.386819,2.7556005,630.6191,-137.53828,182.77376,3.77395879751401
O=c1c2c([N+](=O)[O-])c(N[N+](=O)[O-])[nH]c2n([N+](=O)[O-])c(=O)n1N[N+](=O)[O-],1.9501206,8.54898,34.53069,5.3159003,3.3317258,627.9559,-138.20203,151.57281,4.2019743130997185
O=c1c([N+](=O)[O-])c([N+](=O)[O-])n2c([N+](=O)[O-])nc3c(nc([N+](=O)[O-])n3[N+](=O)[O-])n12,1.9717456,8.790708,36.795742,5.9760637,3.527745,587.58356,203.33691,137.82173,4.097976986180051
O=c1[nH]c2nc([N+](=O)[O-])nc([N+](=O)[O-])c2n2c(=O)n([N+](=O)[O-])c(=O)n12,1.9320592,7.952662,29.961376,4.519335,2.6549144,587.984,-195.84747,167.01683,4.019458928484334
O=[N+]([O-])c1cn2c(n1)Nc1nc([N+](=O)[O-])n([N+](=O)[O-])c1O[N+]2=O,1.8778085,8.418173,32.90353,5.910882,3.5948465,606.6385,248.38873,146.79617,4.606139524834877
O=[N+]([O-])c1c([N+](=O)[O-])n2nnc([N+](=O)[O-])c2c2c([N+](=O)[O-])n[nH]c12,1.9170357,8.413142,33.22831,5.972249,3.450662,576.09,389.96805,227.5726,3.752858284759248
O=c1nc(N[N+](=O)[O-])n2nc([N+](=O)[O-])nc2[nH]1,1.8642613,7.9650917,29.349644,4.617276,2.9758978,648.67474,92.33801,134.6966,3.881385310937546
Nc1c([N+](=O)[O-])nc([N+](=O)[O-])c2c1n([N+](=O)[O-])c([N+](=O)[O-])[n+]2O,1.9173913,8.663541,35.267136,6.047808,3.7478366,618.7661,126.2634,131.89233,4.187365327080744
O=c1nc([N+](=O)[O-])n([N+](=O)[O-])c2c1n(N[N+](=O)[O-])c(=O)n2[N+](=O)[O-],1.9520484,8.798929,36.487778,5.7310405,3.5638402,622.1889,-9.851834,125.10803,4.249414441707139
O=[N+]([O-])c1noc2c([N+](=O)[O-])n[nH]c12,1.8736835,8.407981,32.764595,6.112453,3.6240993,591.0042,221.06863,284.19073,3.5744538650443642
O=c1[nH]c2nn3c(N[N+](=O)[O-])nnc3n2c([N+](=O)[O-])c1[N+](=O)[O-],1.9203489,8.296957,32.3473,5.2398114,3.2287352,617.8216,276.07715,162.75845,3.8826958523782995
O=[N+]([O-])N=c1[nH]c([N+](=O)[O-])nc2c1c1nc([N+](=O)[O-])oc1n2[N+](=O)[O-],1.9333074,8.399829,33.32902,5.5741644,3.270334,585.5434,171.24664,136.26596,4.549384646050351
O=[N+]([O-])c1nn([N+](=O)[O-])c2c([N+](=O)[O-])c([N+](=O)[O-])n3c([N+](=O)[O-])nnc3c12,1.9474208,8.822616,36.820446,6.3927646,3.765224,586.37646,443.64615,125.67146,3.9701229282518895
O=c1[nH]c2nc([N+](=O)[O-])nc([N+](=O)[O-])c2o1,1.8761883,7.5840025,26.655924,4.328573,2.436859,567.03424,-217.12383,247.90921,3.525708403791981
O=[N+]([O-])Nc1c([N+](=O)[O-])c2[nH]nnn2c1[N+](=O)[O-],1.918794,8.884484,37.000095,6.315509,4.091097,647.9229,410.18765,130.74413,3.915326002914991
N=c1c2c([nH]n1[N+](=O)[O-])c(O)c([N+](=O)[O-])n2[N+](=O)[O-],1.9137392,8.463602,33.61768,5.563084,3.5066998,630.621,30.657885,154.04218,4.3468793987835435
Nc1[nH]c(=O)n([N+](=O)[O-])c(=O)c1[N+](=O)[O-],1.9349511,8.048955,30.589571,4.3351555,2.7842093,646.2317,-302.88486,179.9562,3.4964169244719328
Nc1c([N+](=O)[O-])[nH]c2c1c([N+](=O)[O-])nn2[N+](=O)[O-],1.9051073,8.410335,33.157043,5.59826,3.543174,634.24274,174.1846,159.04523,4.038432119936268
N=c1[nH]c(N)nc2c(=N[N+](=O)[O-])n([N+](=O)[O-])c([N+](=O)[O-])nc12,1.8530192,7.9542756,29.22225,4.9572153,3.1687732,643.3086,234.72571,132.92763,4.293616195383043
O=c1c2nc3c([N+](=O)[O-])c([N+](=O)[O-])n4nnnc4c3nc2n([N+](=O)[O-])c(=O)n1N[N+](=O)[O-],1.9323741,8.245045,32.13336,5.3263164,3.0983534,581.45605,306.77432,147.58508,4.134758343469282
O=c1c2c([N+](=O)[O-])nn([N+](=O)[O-])c2n2nnnc2n1[N+](=O)[O-],1.9548055,8.804792,36.714054,6.0308094,3.692805,610.86145,468.5471,130.99736,4.143816186391451
O=c1c2c([N+](=O)[O-])nn([N+](=O)[O-])c2n(N[N+](=O)[O-])c(=O)n1N[N+](=O)[O-],1.942638,8.816954,36.518345,5.7343764,3.6649055,640.0777,20.296083,141.13457,4.313915141502086
O=c1[nH]c2nnc([N+](=O)[O-])n2c([N+](=O)[O-])c1N[N+](=O)[O-],1.9015182,8.35461,32.50655,5.357403,3.3423817,625.28296,120.65564,129.63692,3.809208683635269
N=c1c2nnc([N+](=O)[O-])n2nc([N+](=O)[O-])n1[N+](=O)[O-],1.9200196,8.8596115,36.881195,6.204122,3.9684436,639.3607,468.73325,120.166534,4.00719786660144
O=c1[nH]n2nc([N+](=O)[O-])nc2c([N+](=O)[O-])c1[N+](=O)[O-],1.9391556,8.48808,33.949596,5.574636,3.335804,598.489,117.24121,227.61778,3.554436943524517
O=c1[nH]nc([N+](=O)[O-])n2c([N+](=O)[O-])c([N+](=O)[O-])nc12,1.9156381,8.3846035,32.87247,5.5209513,3.2858465,595.8426,117.03558,233.5698,3.5941089435245175
O=c1[nH]c2c(C=N[N+](=O)[O-])c3c([N+](=O)[O-])nn([N+](=O)[O-])c3nc2c(=O)n1[N+](=O)[O-],1.9181359,8.02965,30.357084,5.066421,2.9143195,576.38,35.03919,146.79007,4.391671914528219
Nc1c([N+](=O)[O-])n([N+](=O)[O-])c(=O)[nH]c1=O,1.9009458,7.92058,29.265932,4.328779,2.757575,641.5838,-308.3421,139.99585,3.4433497179941996
O=[N+]([O-])Nc1nc2nc([N+](=O)[O-])nn2c2c([N+](=O)[O-])n[nH]c12,1.8920428,8.214955,31.660603,5.3758783,3.3224075,617.5062,427.80582,156.87271,3.8770664341098335
O=c1c(N[N+](=O)[O-])c([N+](=O)[O-])nc2[nH]nc([N+](=O)[O-])n12,1.9104835,8.354016,32.71918,5.275596,3.2875118,624.07117,84.8996,137.61008,3.782825229353702
N=c1[nH]c(=O)n([N+](=O)[O-])c2c(=O)n([N+](=O)[O-])c([N+](=O)[O-])nc12,1.9261959,8.160825,31.419455,4.923333,2.9732103,605.98145,-86.141945,139.63937,4.239763033300116
O=[N+]([O-])c1nc2n[nH]nc2c([N+](=O)[O-])c1[N+](=O)[O-],1.8904799,8.382837,32.731285,5.9547753,3.5072014,588.90497,337.0785,215.04863,3.426057733684223
N=c1[nH]n2c(=O)c([N+](=O)[O-])c([N+](=O)[O-])nc2n1N[N+](=O)[O-],1.900366,8.363762,32.685604,5.2857428,3.3876898,643.34595,100.699524,149.23962,4.173255088963638
O=c1nc([N+](=O)[O-])c2nn([N+](=O)[O-])nc2n1[N+](=O)[O-],1.9748223,8.943969,37.987347,6.0192294,3.7099216,615.13257,255.20013,132.69669,4.076376020447594
Nc1nc(=N[N+](=O)[O-])[nH]c2nc([N+](=O)[O-])c([N+](=O)[O-])n12,1.8817263,8.190778,31.148783,5.0333266,3.2622714,650.76227,174.33047,177.97537,3.9609416299342532
O=c1nc([N+](=O)[O-])n2nnc([N+](=O)[O-])c2n1[N+](=O)[O-],1.9544829,8.890111,37.39138,6.011682,3.7277906,618.2703,262.4427,111.08269,3.88991263583221
O=c1c2oc([N+](=O)[O-])nc2nc([N+](=O)[O-])n1[N+](=O)[O-],1.9378469,8.474743,33.94121,5.5758476,3.2251256,575.48175,-39.943035,126.842896,4.037886481986055
O=c1[nH][nH]c2nc([N+](=O)[O-])n([N+](=O)[O-])c(=O)c12,1.8977469,7.887678,29.14868,4.6489215,2.795412,603.4741,-103.86452,147.43431,3.771389658763634
O=[N+]([O-])Nc1n[nH]c2nc([N+](=O)[O-])c([N+](=O)[O-])n12,1.8964863,8.680724,35.156456,5.873831,3.823248,652.09235,301.86823,130.63829,3.7772683106072993
O=c1[nH]c2c(=O)n(N[N+](=O)[O-])c(=O)n([N+](=O)[O-])c2[nH]1,1.9197072,7.8516245,28.980005,4.163972,2.5979605,628.4539,-326.51553,155.01964,3.9201830973706704
O=[N+]([O-])Nc1nnc2c([N+](=O)[O-])c([N+](=O)[O-])[nH]n12,1.8992568,8.823564,36.401722,6.241755,4.0665917,650.97955,399.26743,148.79047,3.821189464453454
O=c1[nH]c(=O)n2c([N+](=O)[O-])c([N+](=O)[O-])nc2n1N[N+](=O)[O-],1.921604,8.250126,31.914248,4.8396406,3.024852,627.9293,-163.26845,143.27974,3.8227308931594433
O=c1c([N+](=O)[O-])c(O)[nH]c2nc([N+](=O)[O-])nn12,1.9040403,7.7272215,27.856693,4.2577786,2.5352685,598.7075,-189.43265,284.17108,3.6542111972251714
O=[N+]([O-])c1nnn2c([N+](=O)[O-])nn([N+](=O)[O-])c12,1.9323186,9.280004,40.431858,6.9208975,4.443209,640.07623,514.4569,117.66438,3.924998889532864
Nn1c(=O)nc2[nH]nc([N+](=O)[O-])n2c1=O,1.8580334,7.4328704,25.533037,3.7651803,2.4279447,649.1743,-100.19309,257.43756,3.7820138880346867
N=c1c2c(N)c([N+](=O)[O-])n([N+](=O)[O-])c2n([N+](=O)[O-])c(=O)n1[N+](=O)[O-],1.9356861,8.578677,34.763107,5.588577,3.512704,629.6248,50.090946,132.7059,4.339561177256097
O=c1c2c(c([N+](=O)[O-])nn2[N+](=O)[O-])n(N[N+](=O)[O-])c(=O)n1N[N+](=O)[O-],1.9492401,8.859718,36.968468,5.795025,3.7039704,639.5471,40.279697,138.58636,4.342429697715103
O=c1[nH]c2nc([N+](=O)[O-])nn2c2c1c([N+](=O)[O-])nn2[N+](=O)[O-],1.9160135,8.21083,31.623253,5.207049,3.1092315,598.3725,189.4909,144.56807,4.013059211163289
O=c1n([N+](=O)[O-])c(=NN[N+](=O)[O-])c2[nH]c([N+](=O)[O-])nc2n1[N+](=O)[O-],1.9677819,8.867077,37.35407,5.7157254,3.6559417,640.4098,142.9347,134.18684,4.447892144649359
O=c1n([N+](=O)[O-])c(=N[N+](=O)[O-])c2nn([N+](=O)[O-])c([N+](=O)[O-])c2n1C=N[N+](=O)[O-],1.9601886,8.989615,38.135708,6.157898,3.8375645,622.26117,268.4041,133.929,4.70265559524222
O=[N+]([O-])c1nn2c(nnn2[N+](=O)[O-])c1[N+](=O)[O-],1.9587042,9.34379,41.215622,6.907441,4.411594,637.0654,517.0323,133.48152,3.9233219664559407
O=c1c2nn[nH]c2c([N+](=O)[O-])nn1[N+](=O)[O-],1.8808925,8.341687,32.378098,5.5988665,3.447478,616.4125,248.78253,145.47256,3.8961348796417123
O=[N+]([O-])c1[nH]nc2c1nc([N+](=O)[O-])n2[N+](=O)[O-],1.9288192,8.818125,36.67857,6.2088933,3.872405,622.2622,319.97964,129.36897,3.951245043379018
O=c1n([N+](=O)[O-])c(=N[N+](=O)[O-])c2oc([N+](=O)[O-])nc2n1[N+](=O)[O-],1.9978774,9.046578,39.04265,6.025062,3.6673303,606.0402,37.56821,122.216354,4.451685157589219
O=[N+]([O-])c1nc2c([N+](=O)[O-])nnc-2n([N+](=O)[O-])n1,1.9307417,8.93187,37.671516,6.5002837,4.014827,615.0096,514.4491,115.84346,3.7936904259919153
O=c1n(C=N[N+](=O)[O-])c2nc3nnn([N+](=O)[O-])c3c(=O)n2c2c([N+](=O)[O-])c([N+](=O)[O-])c([N+](=O)[O-])n12,1.9107828,8.192247,31.502525,5.300191,3.0806797,580.61444,143.35742,156.32785,4.5622763456677395
O=c1[nH]c([N+](=O)[O-])nc2nn([N+](=O)[O-])c([N+](=O)[O-])c12,1.9121916,8.3073435,32.313053,5.359553,3.2045603,598.668,55.29688,137.8774,3.8044790973706704
O=c1[nH]c2nnc([N+](=O)[O-])nc2c(=O)n1[N+](=O)[O-],1.9180526,7.9778123,30.07382,4.6780095,2.788647,597.21155,11.503085,154.18172,3.7346625413765295
O=c1c2[nH]nnc2c([N+](=O)[O-])nn1[N+](=O)[O-],1.8918835,8.381586,32.856674,5.624469,3.464183,616.7509,259.40414,145.15247,3.886439351913628
O=[N+]([O-])c1nn2c([N+](=O)[O-])nnc2n1[N+](=O)[O-],1.9490862,9.306416,40.922367,6.77937,4.3756847,643.82434,501.37827,111.59335,3.905168120302095
O=c1n(N[N+](=O)[O-])c(=O)n2nc([N+](=O)[O-])nc2n1[N+](=O)[O-],1.9584854,8.770785,36.417152,5.4203076,3.4800386,643.3102,22.526613,128.06998,4.094767536516086
O=c1nnc2c(=N[N+](=O)[O-])n([N+](=O)[O-])c([N+](=O)[O-])nc2n1[N+](=O)[O-],1.9847564,9.065439,39.13158,6.161563,3.816469,617.8319,365.4719,113.237686,4.251907529264743
O=c1[nH]c([N+](=O)[O-])nc2c([N+](=O)[O-])nc([N+](=O)[O-])nc12,1.8977742,7.9177732,29.325909,4.903149,2.7975147,572.0637,5.2657495,230.40219,3.634104474636721
N=c1[nH]n([N+](=O)[O-])c(=O)c2c1n([N+](=O)[O-])c(=O)n2[N+](=O)[O-],1.9591445,8.597834,35.11682,5.4169383,3.3849523,625.77405,-18.768446,144.55212,4.503476953765502
Nc1nc2nc(=O)c([N+](=O)[O-])n[nH]c-2c1[N+](=O)[O-],1.8376237,7.4628844,25.594671,4.4728475,2.6637242,598.41077,89.78677,272.3841,3.2666336952226835
O=c1n([N+](=O)[O-])c([N+](=O)[O-])nc2c3[nH]nc([N+](=O)[O-])n3c(=O)n12,1.951825,8.227354,32.18401,4.888588,2.9193616,597.84894,-20.84065,144.9019,4.100793240817466
O=[N+]([O-])c1nc2nn([N+](=O)[O-])nc([N+](=O)[O-])c-2n1,1.9122534,8.760849,36.04515,6.2217026,3.822148,612.44244,413.60037,134.18332,3.871442349068838
Nc1c([N+](=O)[O-])c(=O)n([N+](=O)[O-])c2nc(=O)[nH]n12,1.917349,7.946345,29.800154,4.4351335,2.8019836,635.47406,-128.77666,147.03336,3.8545021690361043
O=c1[nH]nc([N+](=O)[O-])c2c1c([N+](=O)[O-])nn2[N+](=O)[O-],1.9142969,8.498476,33.824566,5.795032,3.479462,600.242,169.56738,120.266556,3.7129477127552857
O=[N+]([O-])c1nc2[nH]nc3c([N+](=O)[O-])c([N+](=O)[O-])c([N+](=O)[O-])nc3c-2n1,1.898657,8.093071,30.756842,5.5475574,3.119241,561.0372,350.0839,212.07101,3.7071520398505804
Nn1c(=O)c2c([N+](=O)[O-])nn([N+](=O)[O-])c2c(=O)n1[N+](=O)[O-],1.9396466,8.620779,35.011692,5.6605906,3.5145535,621.5318,40.568058,150.8469,4.142502594791143
Nn1c(=O)n([N+](=O)[O-])c(=O)c2nn([N+](=O)[O-])nc21,1.9387194,8.509433,34.20617,5.2526684,3.377441,644.7676,91.06543,144.31758,4.06732344563185
O=[N+]([O-])c1nc2c3c([N+](=O)[O-])nn([N+](=O)[O-])c3nc([N+](=O)[O-])n2c1[N+](=O)[O-],1.9466298,8.732386,36.100563,6.1417074,3.61483,585.56726,347.96127,136.87294,4.02449150896695
O=[N+]([O-])c1nc([N+](=O)[O-])n2nn[nH]c12,1.8883338,8.6642475,34.836185,6.062543,3.8966832,643.5445,406.6249,283.095,3.8544741079593443
O=c1nc([N+](=O)[O-])n([N+](=O)[O-])c2nc([N+](=O)[O-])nn12,1.9424682,8.721968,35.87369,5.65843,3.507874,620.34894,171.34787,103.936356,3.930728328139902
O=C(O)c1nc2c(=O)n([N+](=O)[O-])c(=O)n([N+](=O)[O-])c2nc1[N+](=O)[O-],1.9195873,7.9502215,29.781588,4.623218,2.6607907,575.7687,-397.2443,136.40533,3.781653399523517
O=c1[nH]n(N[N+](=O)[O-])c2nc([N+](=O)[O-])n3c([N+](=O)[O-])nnc3c12,1.9109238,8.236073,31.801136,5.2355704,3.200295,613.93097,248.64456,171.59584,4.069735058333636
O=c1[nH]c2c(ncn2[N+](=O)[O-])c(=N[N+](=O)[O-])n1[N+](=O)[O-],1.9452895,8.483237,33.960087,5.346314,3.3338797,624.3977,100.418365,134.2957,4.300778494956024
O=c1c2nc3c([N+](=O)[O-])nn([N+](=O)[O-])c3nc2n([N+](=O)[O-])c(=O)n1N[N+](=O)[O-],1.9506781,8.501852,34.26953,5.4479136,3.2648103,599.12476,127.787506,135.9413,4.258847045702163
Nc1[nH]c(=O)c2c([N+](=O)[O-])nn([N+](=O)[O-])c2c1[N+](=O)[O-],1.90024,8.072651,30.45879,5.0639052,3.0754263,609.88153,-19.047194,129.59956,3.692062836811557
O=c1nc2n([N+](=O)[O-])nc([N+](=O)[O-])n2c(=O)n1N[N+](=O)[O-],1.9564934,8.687249,35.64876,5.300474,3.3801005,639.3409,-14.597287,135.52528,4.186509634418183
O=c1[nH]c([N+](=O)[O-])c(N[N+](=O)[O-])c2nnc([N+](=O)[O-])n12,1.9240419,8.404324,33.186687,5.297569,3.3017035,624.63513,92.420685,128.9444,3.822989525434978
O=c1c2nc([N+](=O)[O-])nn2c([N+](=O)[O-])c([N+](=O)[O-])n1N[N+](=O)[O-],1.939493,8.85306,36.916153,6.0168114,3.733691,620.59845,184.54434,134.15506,3.88993284989691
O=c1n([N+](=O)[O-])nc([N+](=O)[O-])c2nc([N+](=O)[O-])nn12,1.9633088,8.90388,37.663948,5.9357996,3.6769342,618.2119,233.55392,140.60765,3.7668507896783634
O=c1c2nc([N+](=O)[O-])oc2c([N+](=O)[O-])c(N[N+](=O)[O-])n1[N+](=O)[O-],1.9458181,8.636625,35.23713,5.7790313,3.4203694,589.5973,-54.909306,125.7475,4.087270542204603
O=c1n([N+](=O)[O-])c(=N[N+](=O)[O-])c2nc([N+](=O)[O-])[nH]c2n1[N+](=O)[O-],1.9882904,8.949863,38.220997,5.811482,3.6395147,626.14026,130.64218,127.32881,4.354466696050758
O=c1[nH]nc(N[N+](=O)[O-])n2c([N+](=O)[O-])c([N+](=O)[O-])nc12,1.8952274,8.3882,32.81051,5.46133,3.4068274,625.2546,158.18503,126.6483,3.713145113243396
O=c1nc([N+](=O)[O-])n([N+](=O)[O-])c2nnc([N+](=O)[O-])n12,1.9471283,8.777716,36.382862,5.7779922,3.5819144,619.42334,200.89249,105.32625,3.853037558909133
O=[N+]([O-])c1n[nH]c2c(O)[nH]c([N+](=O)[O-])c12,1.8708632,7.683394,27.37577,4.6362743,2.779428,602.78143,-71.97116,275.30167,3.7493646572654544
O=c1[nH]c([N+](=O)[O-])c([N+](=O)[O-])n1[N+](=O)[O-],1.9670807,9.027888,38.474483,5.8417473,3.7338464,640.1907,-91.134544,153.00182,3.7793229973464273
O=c1[nH]n([N+](=O)[O-])c2c([N+](=O)[O-])c([N+](=O)[O-])c([N+](=O)[O-])nc12,1.9297988,8.556791,34.428078,5.8602815,3.4436152,586.49146,63.690327,131.10811,3.803157365283923
NN=c1c2c(=O)[nH]c(=O)n([N+](=O)[O-])c2nc([N+](=O)[O-])n1[N+](=O)[O-],1.9312658,8.17406,31.444,4.7988753,2.9971247,627.80194,-67.16515,129.2733,4.062820542204603
O=c1c2c(=O)n(N[N+](=O)[O-])c(=O)[nH]c2nc([N+](=O)[O-])n1N[N+](=O)[O-],1.9052815,8.061071,30.349283,4.6709433,2.8992212,623.92365,-250.94917,142.34135,3.9427031336603484
Nc1nc([N+](=O)[O-])c2nc([N+](=O)[O-])nn2c1[N+](=O)[O-],1.9047616,8.332939,32.491272,5.4575343,3.365363,618.5162,249.77512,255.93835,3.6549544819860547
O=c1c2c(nc([N+](=O)[O-])n2[N+](=O)[O-])n(N[N+](=O)[O-])c(=O)n1[N+](=O)[O-],1.9662457,8.878925,37.397774,5.7566714,3.6000986,624.87726,-9.847196,134.31517,4.240423374709621
O=c1[nH]c2c([N+](=O)[O-])nn([N+](=O)[O-])c2c2nc([N+](=O)[O-])nn12,1.9385564,8.285764,32.449417,5.2135215,3.111389,597.92676,186.43439,138.34933,3.9046414797421676
O=c1nc2n(c(=N[N+](=O)[O-])n1[N+](=O)[O-])N([N+](=O)[O-])CN2,1.9093498,8.654004,34.945442,5.5066075,3.6913438,672.8717,119.81912,131.71837,4.667105926015531
Nc1[nH]c([N+](=O)[O-])c([N+](=O)[O-])c(=O)c1[N+](=O)[O-],1.9223633,8.250545,31.963556,5.1876283,3.168208,612.5405,-157.78137,239.90762,3.381726689175082
O=c1c2c(N[N+](=O)[O-])noc2n([N+](=O)[O-])c(=O)n1N[N+](=O)[O-],1.9130851,8.5782995,34.450848,5.6057024,3.5036232,625.77783,-45.0639,127.33406,4.195552004401611
O=c1[nH]c2c([N+](=O)[O-])nc([N+](=O)[O-])nc2c(=NN[N+](=O)[O-])n1[N+](=O)[O-],1.9526818,8.547234,34.58667,5.410811,3.3447745,618.9521,111.2009,139.05672,4.2404750124004185
N=c1nc([N+](=O)[O-])nc2n([N+](=O)[O-])nc([N+](=O)[O-])n12,1.9180995,8.63588,35.054436,5.664657,3.6229873,640.8072,303.07083,130.57637,4.116402481986055
O=c1c2nc3nc([N+](=O)[O-])n4nnc([N+](=O)[O-])c4c3nc2nc([N+](=O)[O-])n1[N+](=O)[O-],1.9228879,8.151141,31.489416,5.389298,3.0422578,562.26544,410.67935,135.4581,4.09767403273819
O=c1c([N+](=O)[O-])c2n([N+](=O)[O-])nc(N[N+](=O)[O-])n2c(=O)n1N[N+](=O)[O-],1.9532539,8.800387,36.503296,5.603249,3.5802531,639.96783,-8.369214,132.02216,4.228797508365991
O=c1n(N[N+](=O)[O-])[nH]c2nc3n([N+](=O)[O-])n3c(N[N+](=O)[O-])nc2n1[N+](=O)[O-],1.9475801,8.823172,36.75422,5.6440544,3.7161403,659.98126,248.57498,141.17912,4.657500961838021
O=c1[nH]c(=O)n2c([N+](=O)[O-])nnc2[nH]1,1.8506238,7.1577106,23.541374,3.3969665,2.093807,621.1886,-177.9774,255.32092,3.549242933870275
Nc1nc2[nH]c(=O)n([N+](=O)[O-])c(=O)n2c1[N+](=O)[O-],1.9012923,7.7040734,27.83452,4.0043683,2.5281847,635.40027,-230.47343,182.85632,3.907883511098298
Nc1c([N+](=O)[O-])nc2c(=O)n([N+](=O)[O-])c([N+](=O)[O-])nn12,1.92683,8.490046,34.031742,5.4715233,3.4114554,623.7393,126.23398,140.56805,3.790775262847058
Nc1c([N+](=O)[O-])nc2n(N[N+](=O)[O-])c(=O)[nH]n2c1=O,1.8809606,7.8344374,28.59923,4.415984,2.8417985,648.0444,-106.61438,155.45245,3.990643405062979
O=c1nnc2c([nH]1)c(=O)n(N[N+](=O)[O-])c(=O)n2N[N+](=O)[O-],1.8929405,8.013695,29.928144,4.6289377,2.9339952,637.44855,-74.24901,146.04503,4.0734848292233785
O=c1c2[nH]c3c(c([N+](=O)[O-])nn3[N+](=O)[O-])c2nnn1N[N+](=O)[O-],1.8989382,8.320068,32.368073,5.5478363,3.3895087,611.8991,325.9285,147.74168,4.206854413172346
O=[N+]([O-])N=Cc1nc2c(nc([N+](=O)[O-])n3nc([N+](=O)[O-])nc23)c(=N[N+](=O)[O-])n1[N+](=O)[O-],1.9073454,8.532522,34.15195,5.97407,3.5880184,598.9193,537.39996,128.8753,4.537968207772926
O=c1c([N+](=O)[O-])c([N+](=O)[O-])n([N+](=O)[O-])c2c1nnc1nnc([N+](=O)[O-])n12,1.919802,8.530771,34.241554,5.9988866,3.4973228,579.9253,413.41965,119.82623,3.9421251416375735
O=c1n(N[N+](=O)[O-])c2nc([N+](=O)[O-])n([N+](=O)[O-])c2n1[N+](=O)[O-],1.9600235,9.131878,39.36242,6.202786,3.985533,642.0885,160.47147,132.89825,4.309462628441818
O=c1n(N[N+](=O)[O-])c2n[nH]c([N+](=O)[O-])c2n1N[N+](=O)[O-],1.9079479,8.702604,35.40378,5.7308493,3.791148,663.55334,177.77927,149.53734,4.288102732982148
O=c1nc2[nH]nc([N+](=O)[O-])c2c([N+](=O)[O-])[nH]1,1.8546835,7.5743904,26.377861,4.421094,2.6168625,596.6081,-27.39108,249.23024,3.5881513376023566
O=[N+]([O-])c1nc2n(O)c([N+](=O)[O-])nn2c1[N+](=O)[O-],1.9338224,8.928571,37.49359,6.3405056,3.9399445,620.1964,241.97214,247.42278,3.7863260642897885
Nc1c([N+](=O)[O-])n([N+](=O)[O-])c2c1c([N+](=O)[O-])nn2[N+](=O)[O-],1.927668,8.8984585,37.164925,6.3682766,4.004044,628.3285,274.09824,139.26257,4.108951312739861
Nn1nc([N+](=O)[O-])c2c(=O)n([N+](=O)[O-])n([N+](=O)[O-])c(=O)c21,1.9328288,8.608146,34.894753,5.660738,3.527892,623.3564,44.54227,139.31123,4.1139384922270406
O=[N+]([O-])c1nc2c(nc([N+](=O)[O-])n2[N+](=O)[O-])[nH]1,1.9065593,8.619857,34.816677,5.823896,3.6404765,625.0669,222.66351,126.11522,3.9394758126097864
O=c1[nH]n(N[N+](=O)[O-])c2nc([N+](=O)[O-])n([N+](=O)[O-])c12,1.9302914,8.72221,35.728813,5.710044,3.6663654,643.90204,127.06967,150.89671,4.25811509737067
O=c1nc([N+](=O)[O-])n2[nH]nnc2n1,1.8230853,7.766099,27.542595,4.650082,2.9507551,637.1039,218.01837,256.92227,3.8361089807780564
Nn1c(=O)[nH]c2nc([N+](=O)[O-])n([N+](=O)[O-])c(=O)c21,1.8863055,7.86934,28.91155,4.5402365,2.8386495,628.8068,-102.175224,147.62886,3.777275982456727
O=c1c2c(nc([N+](=O)[O-])n1[N+](=O)[O-])c(=O)n([N+](=O)[O-])c(=O)n2C=N[N+](=O)[O-],1.9435878,8.399564,33.381287,5.2845426,3.1308792,591.79767,-124.66599,137.08603,4.378152115684175
O=[N+]([O-])c1nnc2n([N+](=O)[O-])nc([N+](=O)[O-])n12,1.9496036,9.287201,40.725628,6.7428055,4.343417,642.6012,476.605,118.8781,3.934848120302094
O=c1nc([N+](=O)[O-])nc2n([N+](=O)[O-])nc([N+](=O)[O-])n12,1.948709,8.702762,35.84712,5.59524,3.4603798,618.5494,138.38318,122.01218,3.9342120204475943
O=c1[nH]c([N+](=O)[O-])cn2nc([N+](=O)[O-])nc12,1.8367604,7.5835867,26.306276,4.635096,2.7154362,589.2621,14.209384,268.7786,3.588193198067474
O=c1c2c(nc([N+](=O)[O-])n1[N+](=O)[O-])c1n[nH]nc1n2N[N+](=O)[O-],1.8866854,8.269805,31.891024,5.5324125,3.3811553,612.0366,325.19962,136.38544,4.195178978929169
O=c1c2c(n(N[N+](=O)[O-])c(=O)n2[N+](=O)[O-])n([N+](=O)[O-])c(=O)n1N[N+](=O)[O-],1.9729862,8.877326,37.423225,5.5506625,3.5641797,642.64526,-135.49275,138.76144,4.469920878671468
Nc1[nH]c2nnc([N+](=O)[O-])n2c(=O)c1[N+](=O)[O-],1.8753289,7.758536,27.8981,4.5097604,2.8002865,623.85645,35.468678,269.6867,3.677731197225172
Nc1nc([N+](=O)[O-])c2c(n1)c1nc3c([N+](=O)[O-])c([N+](=O)[O-])c4nc([N+](=O)[O-])nn4c3nc1n2[N+](=O)[O-],1.8706775,7.842574,28.720446,5.224598,2.9544244,565.69415,438.7277,141.70473,4.132012779566395
N=c1c2nc([N+](=O)[O-])nc([N+](=O)[O-])c2n([N+](=O)[O-])c(=O)n1[N+](=O)[O-],1.9426224,8.579826,34.87371,5.6448436,3.4200761,604.54193,127.06232,116.67062,4.120044466521036
O=[N+]([O-])c1nnc2[nH]c(O)c([N+](=O)[O-])n12,1.894902,8.131083,30.743702,5.006631,3.1116323,623.61957,40.801594,267.34546,3.8514938880346854
O=c1c2nnc([N+](=O)[O-])n2c([N+](=O)[O-])nn1[N+](=O)[O-],1.9456695,8.906104,37.47324,6.136718,3.7882733,616.17944,285.28354,144.00827,3.799458481986056
O=c1[nH]c2c([N+](=O)[O-])nn([N+](=O)[O-])c2n1N[N+](=O)[O-],1.937067,8.746332,35.890934,5.6411133,3.6523209,649.6292,106.380615,147.43552,4.104555712755286
O=c1c2c([N+](=O)[O-])nc([N+](=O)[O-])c([N+](=O)[O-])c2nnn1[N+](=O)[O-],1.9441893,8.681774,35.681732,6.0903845,3.5531206,579.21466,223.67966,143.37947,3.7604136191276805
Nc1nc([N+](=O)[O-])c([N+](=O)[O-])n2nc([N+](=O)[O-])nc12,1.878427,8.262739,31.684778,5.480838,3.3788807,618.3581,249.82556,229.63757,3.5563698666014414
O=c1nc([N+](=O)[O-])n([N+](=O)[O-])c2c1n([N+](=O)[O-])c(=O)n2[N+](=O)[O-],1.9806868,8.89878,37.68601,5.822815,3.5333326,605.67535,-20.138365,119.073364,4.165009655633547
O=c1c2nc([N+](=O)[O-])nc([N+](=O)[O-])c2c([N+](=O)[O-])nn1[N+](=O)[O-],1.9474595,8.628896,35.272,5.8836093,3.4377651,582.59644,161.91107,145.00429,3.8358751575892187
O=c1[nH]c2[nH]c(=O)n([N+](=O)[O-])c2c(=O)n1N[N+](=O)[O-],1.9105208,7.81279,28.649767,4.1410036,2.5880747,629.2351,-326.8273,159.25424,4.058126789678362
O=c1[nH]c([N+](=O)[O-])nc2c1c(N[N+](=O)[O-])nn2[N+](=O)[O-],1.900277,8.308735,32.23694,5.233969,3.265164,626.2386,69.010254,131.67879,3.954405200326126
O=[N+]([O-])NN=C1C([O-])=Nn2c1nn[n+]2N[N+](=O)[O-],1.8957325,8.902713,36.69063,6.2272716,4.1740746,674.75995,554.17004,151.14426,5.313443683448743
Nc1nn([N+](=O)[O-])c(=O)n1[N+](=O)[O-],1.930219,8.941245,37.46498,5.5434294,3.859293,699.73175,31.97046,157.35503,4.037622966792043
O=c1c2c([N+](=O)[O-])c(O)oc2n([N+](=O)[O-])c(=O)n1[N+](=O)[O-],1.9581205,8.293467,32.675026,5.014164,2.8923748,575.7319,-451.08673,143.97115,4.044859005047554
Nc1nc(=O)n([N+](=O)[O-])c2c([N+](=O)[O-])c([N+](=O)[O-])nn12,1.9061248,8.370272,32.809246,5.2811027,3.3228314,630.96747,84.960266,128.64891,3.7821666829654017
O=c1[nH]n2c(=O)n([N+](=O)[O-])nc([N+](=O)[O-])c2c1[N+](=O)[O-],1.9677644,8.615448,35.280235,5.49019,3.330908,606.7295,-14.614163,151.3803,3.8446607658056386
Nc1c([N+](=O)[O-])n([N+](=O)[O-])n2nc([N+](=O)[O-])c([N+](=O)[O-])c12,1.9338379,8.923891,37.538685,6.3609695,4.00254,628.7408,271.14676,127.97829,3.876984646073195
O=c1n([N+](=O)[O-])nc2nc([N+](=O)[O-])nc([N+](=O)[O-])n12,1.9523977,8.739928,36.2223,5.655193,3.4920392,616.67847,156.84705,143.24252,3.870395097370671
O=c1nc2n([N+](=O)[O-])c3c(nc-2c(=O)[nH]1)n([N+](=O)[O-])c(=O)n3C=N[N+](=O)[O-],1.9001248,7.7841806,28.456863,4.4729495,2.6297674,590.8912,-111.934494,134.4602,4.338499038761099
O=[N+]([O-])C1=NN([N+](=O)[O-])c2nnc3nc([N+](=O)[O-])n1n23,1.9460447,9.022045,38.56367,6.3707733,4.0510006,633.5321,604.11096,119.44319,4.335320923596566
O=c1c2nc([N+](=O)[O-])n(N[N+](=O)[O-])c2n([N+](=O)[O-])c(=O)n1N[N+](=O)[O-],1.9405557,8.794607,36.33382,5.692371,3.6316028,639.3237,13.5453825,132.80202,4.302122478780193
O=[N+]([O-])c1nn2c([N+](=O)[O-])noc2c1[N+](=O)[O-],1.9408203,9.025324,38.295288,6.7586684,4.0256596,591.9171,296.1576,246.3276,3.7153004279944017
O=c1c2nc([N+](=O)[O-])nn2c([N+](=O)[O-])c([N+](=O)[O-])n1[N+](=O)[O-],1.9686086,8.936732,37.91486,6.1278586,3.6895285,599.21356,160.91696,139.16582,3.7865031142717775
O=[N+]([O-])c1nnc2onc([N+](=O)[O-])n12,1.8966047,8.851553,36.48335,6.531767,4.007349,611.80505,356.2123,243.40974,3.929319856947199
O=c1[nH]nc([N+](=O)[O-])c2oc([O-])nc12,1.856745,7.299211,24.608835,4.128015,2.2641814,551.24817,-187.2695,257.12897,3.9248526504694663
O=[N+]([O-])c1nc(O)c2nc([N+](=O)[O-])n([N+](=O)[O-])c2n1,1.9068582,8.305836,32.37569,5.369446,3.2227447,600.0442,54.85413,129.40271,3.8190480204475934
O=c1[nH]nc2[nH]nc([N+](=O)[O-])c2c1[N+](=O)[O-],1.8854674,7.892568,29.016378,4.987604,2.9547045,595.48975,108.088104,243.42549,3.470143466403788
O=c1c2c(N[N+](=O)[O-])c([N+](=O)[O-])nc([N+](=O)[O-])c2nc2n(C=N[N+](=O)[O-])c([N+](=O)[O-])nn12,1.9016656,8.238593,31.825535,5.4464936,3.219849,591.1657,217.80997,129.13278,4.370506538776027
O=c1[nH]c2nc3nc([N+](=O)[O-])nn3c([N+](=O)[O-])c2n1[N+](=O)[O-],1.9263747,8.213619,31.847197,5.0960183,3.0523324,599.85425,169.9697,132.56683,3.9073215318934063
O=[N+]([O-])NC1=C([N+](=O)[O-])N([N+](=O)[O-])C([N+](=O)[O-])=NN1,1.9585556,9.4960165,42.46707,6.8163066,4.5946755,675.22687,271.96286,118.18126,4.447577671938959
O=[N+]([O-])c1nc2nn[nH]c2nc1[N+](=O)[O-],1.8231795,8.037279,29.572721,5.5160213,3.3615212,610.13043,391.51108,220.25664,3.803258447134123
O=c1n([N+](=O)[O-])c2ncnc-2c([N+](=O)[O-])n1[N+](=O)[O-],1.9153626,8.442136,33.48318,5.681955,3.406134,598.1853,147.22757,122.77255,3.8079434050629786
O=c1c2c([N+](=O)[O-])nn([N+](=O)[O-])c2nc2n(N[N+](=O)[O-])c([N+](=O)[O-])nn12,1.935787,8.658902,35.28866,5.7816057,3.5439065,613.76337,275.45547,132.6986,4.187119790467005
O=[N+]([O-])NN=c1c([N+](=O)[O-])nn([N+](=O)[O-])c2[nH]nnc12,1.8937501,8.790971,35.9855,6.2113204,4.0552335,653.62683,536.0138,154.77122,4.420956821032463
O=c1c2c([N+](=O)[O-])nn([N+](=O)[O-])c2nc2n(C=N[N+](=O)[O-])c([N+](=O)[O-])nn12,1.923502,8.42378,33.418365,5.561903,3.3339956,600.07434,285.82748,140.42427,4.370824038761098
O=c1[nH]c(=NN[N+](=O)[O-])c2c(nnn2[N+](=O)[O-])n1[N+](=O)[O-],1.9588886,8.86266,37.11015,5.6568556,3.7125587,658.99713,258.48312,133.75252,4.583673565487114
Nc1nn([N+](=O)[O-])c2c(=O)n(N[N+](=O)[O-])c(=O)n([N+](=O)[O-])c12,1.9242188,8.481421,33.816296,5.26769,3.3883393,644.7991,-17.451582,145.89648,4.278330644636149
O=c1c2c(nc([N+](=O)[O-])n1N[N+](=O)[O-])n([N+](=O)[O-])c(=O)n2N[N+](=O)[O-],1.9485769,8.808386,36.6477,5.672842,3.6169033,638.82043,9.057086,131.27742,4.301822123750606
Nn1c2[nH]c(=O)n([N+](=O)[O-])c(=N[N+](=O)[O-])c2n1C=N[N+](=O)[O-],1.9062502,8.519858,33.848507,5.4309034,3.6237423,669.9858,191.74542,144.1364,4.813336354534236
Nc1n[nH]c2nc([N+](=O)[O-])n([N+](=O)[O-])c(=O)c12,1.8459849,7.7384424,27.671398,4.621736,2.8937926,628.4909,48.214054,148.22256,3.6802419664559407
Nc1nc([N+](=O)[O-])nc2nc([N+](=O)[O-])n([N+](=O)[O-])c(=O)c12,1.8829056,7.94743,29.509016,4.8823495,2.9367743,602.38257,28.001757,137.4682,3.7073848791734285
O=[N+]([O-])c1nc2c3c(O)[nH]c(O)c3nnn2c1[N+](=O)[O-],1.8772296,7.4487677,25.801893,4.379772,2.501389,574.4991,-45.31512,262.90723,3.7485824620581045
N[N+]([O-])=Nn1c([N+](=O)[O-])nn2nc([N+](=O)[O-])nc12,1.8933043,8.98444,37.52272,6.2300844,4.2702227,686.32635,547.6555,173.21887,4.385835618299606
O=c1[nH]c([N+](=O)[O-])nc2c1[nH]c(=O)n2[N+](=O)[O-],1.9238192,7.742489,28.38084,4.153689,2.491301,603.91974,-219.05492,148.05406,3.6727650433790178
N=c1c2c(n(N)c(=O)n1[N+](=O)[O-])n([N+](=O)[O-])c(=O)n2[N+](=O)[O-],1.959122,8.610198,35.235683,5.275796,3.4192853,650.2274,-8.937024,143.38882,4.38719615938456
O=[N+]([O-])c1nc2nnnn2c([N+](=O)[O-])c1[N+](=O)[O-],1.9259968,8.853491,36.73254,6.404656,3.910245,609.5157,501.87125,214.01167,3.429346195222684
O=c1c2nc3c(nc2n([N+](=O)[O-])c(=O)n1N[N+](=O)[O-])c([N+](=O)[O-])c([N+](=O)[O-])c1c3nnn1[N+](=O)[O-],1.9341375,8.306935,32.601673,5.471439,3.1441884,574.3169,215.88892,134.52994,4.341419769985358
O=c1[nH]nc([N+](=O)[O-])c2nnc(N[N+](=O)[O-])n12,1.9123118,8.3400135,32.68786,5.1645346,3.323625,645.55273,236.57434,133.01936,3.53384383936564
NN=c1c2c(nc([N+](=O)[O-])n1[N+](=O)[O-])nc([N+](=O)[O-])n2[N+](=O)[O-],1.9196019,8.833192,36.568947,6.147674,3.9258592,639.0719,392.60825,122.649796,4.280276696050757
Nc1c([N+](=O)[O-])c(N)c([N+](=O)[O-])c([N+](=O)[O-])c1[N+](=O)[O-],1.9228678,8.424083,33.370686,5.6270204,3.4725983,618.1475,-45.49867,213.14871,2.874949952173907
O=[N+]([O-])c1nn([N+](=O)[O-])c2n[nH]nc12,1.8920455,8.793794,36.092186,6.3668504,4.103839,644.7308,469.5765,126.178604,3.8923214763803973
O=[N+]([O-])Nn1c([N+](=O)[O-])nc2[nH]c([N+](=O)[O-])nc21,1.8873535,8.578973,34.276302,5.73784,3.7126532,648.902,249.28134,129.90834,4.041574079838069
O=[N+]([O-])Nc1nc([N+](=O)[O-])c([N+](=O)[O-])n2nc([N+](=O)[O-])nc12,1.9305226,8.838323,36.836163,6.115474,3.8110912,622.60394,346.16812,131.46115,3.751448556125749
Nc1[nH]c2nc([N+](=O)[O-])c([N+](=O)[O-])n2c(=O)c1[N+](=O)[O-],1.8937991,7.903285,29.094173,4.725399,2.849086,605.498,-86.83031,255.62503,3.609451890065994
N=c1[nH]c([N+](=O)[O-])nc2c([N+](=O)[O-])nc([N+](=O)[O-])n12,1.8900509,8.166906,31.088585,5.1423006,3.1769018,619.7259,160.55551,247.04163,3.9565652512168246
O=[N+]([O-])c1nc([N+](=O)[O-])c2nn([N+](=O)[O-])c([N+](=O)[O-])c2n1,1.9412211,8.879748,37.2371,6.4049444,3.834821,595.19885,354.84372,130.26779,3.907008655397205
O=[N+]([O-])N=Cc1c([N+](=O)[O-])nc(O)c2[nH]nc([N+](=O)[O-])c12,1.854135,7.771277,27.909224,5.0530887,2.9584906,586.3387,56.38219,176.52502,4.034661202849751
O=[N+]([O-])c1oc2c([N+](=O)[O-])n[nH]c2c1O,1.871659,7.8571544,28.606869,5.0200534,2.8880463,574.6142,-166.46327,292.9605,3.6494923495731477
N=c1c2c([N+](=O)[O-])nn([N+](=O)[O-])c2nc([N+](=O)[O-])n1[N+](=O)[O-],1.9462868,8.876628,37.19926,6.1436324,3.8244255,621.953,314.7132,125.69946,4.1885808470653
Nc1c([N+](=O)[O-])nn2[nH]c(=NO)c([N+](=O)[O-])nc12,1.8629408,8.095928,30.377491,5.261083,3.392113,647.7368,266.6663,269.5711,4.073498118299607
O=c1c2nc3c(nc2nc([N+](=O)[O-])n1[N+](=O)[O-])c([N+](=O)[O-])nn3[N+](=O)[O-],1.9531959,8.495196,34.336906,5.670245,3.282374,576.1366,277.5374,130.02509,4.08810975702219
O=c1c2c(nc3oc([N+](=O)[O-])c([N+](=O)[O-])n13)c([N+](=O)[O-])nn2[N+](=O)[O-],1.9533036,8.490002,34.1936,5.66601,3.2277682,566.288,38.738514,149.60533,4.131037949463355
Nc1c([N+](=O)[O-])c([N+](=O)[O-])nc2nc3c4nnc(c3nc12)=C([N+](=O)[O-])ON=4,1.8291762,7.53605,26.148582,5.161111,2.8516285,551.2394,424.53354,253.33762,4.943049986044456
O=c1n([N+](=O)[O-])c2nc([N+](=O)[O-])n(N[N+](=O)[O-])c2n1[N+](=O)[O-],1.9832162,9.203628,40.2199,6.1805224,3.97002,642.25275,166.30585,125.06146,4.309462628441818
O=c1n(N[N+](=O)[O-])c2c(c([N+](=O)[O-])nn2[N+](=O)[O-])c2nnnn12,1.9302446,8.689391,35.437542,5.8377643,3.6699831,629.7867,454.7482,139.96416,4.143177738234379
O=c1nc2c(nc([N+](=O)[O-])n2N[N+](=O)[O-])c([N+](=O)[O-])[nH]1,1.901668,8.2578745,31.833063,5.16262,3.1898055,621.28436,51.34441,129.64989,3.9372307445931787
O=c1c2c([N+](=O)[O-])nnn2nc([N+](=O)[O-])n1[N+](=O)[O-],1.9422809,8.919283,37.544186,6.1886044,3.8248901,616.37646,291.48074,126.58272,3.932774789678363
O=[N+]([O-])c1nc2c3[nH]nc([N+](=O)[O-])c3nnn2c1[N+](=O)[O-],1.9000764,8.308272,32.308895,5.8351235,3.4282928,586.4404,499.095,250.27063,3.689681677112331
O=c1c([N+](=O)[O-])nnc2c([N+](=O)[O-])c(N[N+](=O)[O-])[nH]n12,1.9370792,8.604547,35.040596,5.699689,3.5621955,625.05444,224.42615,156.68959,3.743656288860233
O=[N+]([O-])N=c1[nH]oc(O)c1[N+](=O)[O-],1.9158229,8.739114,35.593597,5.7601805,3.7242177,647.1933,-98.81989,172.5811,4.18041667308575
O=[N+]([O-])Nc1nc([N+](=O)[O-])c(N[N+](=O)[O-])c2n[nH]nc12,1.8761032,8.384033,32.698753,5.6849155,3.644589,642.21405,371.93216,136.03008,3.8378286159042574
Nn1c(=O)n([N+](=O)[O-])c2c1nc([N+](=O)[O-])n2[N+](=O)[O-],1.9270258,8.781953,36.25329,5.82778,3.775338,648.6453,151.04681,135.23203,4.129712365816511
O=[N+]([O-])c1oc2[nH]nc([N+](=O)[O-])c2c1[N+](=O)[O-],1.8975856,8.410122,32.90471,5.9221683,3.4311073,577.73535,58.288914,250.26985,3.737128120302094
O=c1c2nc3c([N+](=O)[O-])nn([N+](=O)[O-])c3nc2nc([N+](=O)[O-])n1[N+](=O)[O-],1.9546379,8.491772,34.319958,5.663409,3.279149,576.1479,277.92694,129.68437,4.076196044647608
O=c1n(N[N+](=O)[O-])c2nc3c(c([N+](=O)[O-])nn3[N+](=O)[O-])c(=O)n2n1N[N+](=O)[O-],1.9399716,8.633738,35.13975,5.513996,3.467461,630.3948,116.51184,142.76541,4.526682180837299
NC1=C([N+](=O)[O-])N([N+](=O)[O-])C=C([N+](=O)[O-])N1[N+](=O)[O-],1.9318942,9.094819,38.76539,6.4465747,4.2412076,658.3634,126.16904,128.69322,4.357176828139902
O=[N+]([O-])c1nn([N+](=O)[O-])c2[nH]c(O)cc12,1.808051,7.636308,26.451452,4.9886193,2.9955404,603.1505,-0.8359045,156.6474,3.9339373495731467
O=c1c2c(nc([N+](=O)[O-])n1[N+](=O)[O-])n(N[N+](=O)[O-])c(=O)n2[N+](=O)[O-],1.9690818,8.878399,37.41413,5.7636404,3.5949564,623.14233,-3.0841343,133.81001,4.240423374709621
Nn1c(=O)c2c(n([N+](=O)[O-])c1=O)n([N+](=O)[O-])c(=O)n2[N+](=O)[O-],1.9661616,8.613139,35.248623,5.2581553,3.307458,630.2417,-156.53955,128.55516,4.164159346197746
Nc1c([N+](=O)[O-])nc2c([N+](=O)[O-])c([N+](=O)[O-])nn2c1[N+](=O)[O-],1.9351819,8.570086,34.647453,5.865034,3.533706,602.5411,222.81335,244.40382,3.5965484584013314
Nc1n[nH]c2c([N+](=O)[O-])c([N+](=O)[O-])nc(=O)n12,1.8663571,7.657639,27.107222,4.36118,2.7012858,623.4664,-8.028409,247.25766,3.5821281203020945
O=c1c2c(nc([N+](=O)[O-])n1[N+](=O)[O-])n([N+](=O)[O-])c(=O)n2[N+](=O)[O-],1.9985459,8.9727125,38.528183,5.852957,3.5523126,605.21893,-15.19354,126.31058,4.15556141573785
O=c1nc2c(=O)n(c(=O)n1C=N[N+](=O)[O-])-c1[nH]c(O)cc1O2,1.7676761,6.3715515,18.254032,3.1153712,1.6882173,546.4005,-540.7572,206.27922,5.021016632952444
O=[N+]([O-])c1nnc([N+](=O)[O-])c2[nH]nnc12,1.85511,8.277025,31.652052,5.904111,3.6034827,610.10345,445.64334,251.9923,3.7527301169277454
O=[N+]([O-])Nc1nc([N+](=O)[O-])n2nnnc2c1[N+](=O)[O-],1.9331516,8.89617,37.246502,6.2576203,3.9814756,636.3876,501.87607,131.52168,3.603795549859358
O=[N+]([O-])N=c1[nH]c([N+](=O)[O-])nc2c([N+](=O)[O-])nn([N+](=O)[O-])c12,1.9554278,8.908968,37.555855,6.143581,3.8194654,621.52264,345.75674,135.21866,4.273921235170842
Nc1nc2c(=O)n([N+](=O)[O-])c(=O)n([N+](=O)[O-])c2n1[N+](=O)[O-],1.9361671,8.449258,33.659595,5.175809,3.2407484,627.8437,-66.92439,128.79428,4.119671825560373
O=c1c([N+](=O)[O-])c(N[N+](=O)[O-])c2n[nH]nc2n1[N+](=O)[O-],1.9419262,8.613914,35.09058,5.742036,3.5642927,620.76337,214.28018,129.61456,3.83336630337402
O=c1n([N+](=O)[O-])c2c(n[n+]1[O-])c([N+](=O)[O-])nn2N[N+](=O)[O-],1.9735887,9.165097,39.772316,6.316618,4.0325747,638.36255,305.57748,130.92686,4.491359144907694
Nn1c(=O)[nH]c2c1c(=N[N+](=O)[O-])n(N[N+](=O)[O-])c(=O)n2[N+](=O)[O-],1.9389259,8.522575,34.268402,5.1172504,3.3963108,667.2512,-14.061368,146.55455,4.4028359268199875
O=c1n([N+](=O)[O-])nc([N+](=O)[O-])c2nnc([N+](=O)[O-])n12,1.9529238,8.927626,37.725372,6.069723,3.7640548,617.89734,271.13837,140.5633,3.831728328139901
O=c1[nH]c(=N[N+](=O)[O-])[nH]c2c([N+](=O)[O-])nc([N+](=O)[O-])n12,1.9133073,8.227771,31.652319,4.900686,3.0688071,628.57,-20.908308,194.58914,4.046275737336284
Nc1c([N+](=O)[O-])c(=O)nc([N+](=O)[O-])n1[N+](=O)[O-],1.9273779,8.596031,34.66895,5.4978576,3.4874403,635.85065,-53.786457,132.12193,3.557827225847711
O=c1c2nc([N+](=O)[O-])c([N+](=O)[O-])n2nc([N+](=O)[O-])n1N[N+](=O)[O-],1.9300058,8.846844,36.768803,6.0828595,3.7773108,620.0298,197.94781,132.45117,3.9113136191276787
O=c1n([N+](=O)[O-])c(=N[N+](=O)[O-])c2[nH]c([N+](=O)[O-])nc2n1N[N+](=O)[O-],1.9514472,8.839375,36.955555,5.7223306,3.679745,643.751,135.81107,132.71675,4.3842350017922165
NN=c1[nH]c(=O)n([N+](=O)[O-])c2[nH]nc([N+](=O)[O-])c12,1.8979931,8.003147,30.072906,4.675696,3.0526075,656.52814,100.93619,182.38263,4.214532733684221
O=C1N(N[N+](=O)[O-])c2nc3c(nc2N(N[N+](=O)[O-])N1C=N[N+](=O)[O-])c([N+](=O)[O-])nn3[N+](=O)[O-],1.9301224,8.7132225,35.714947,5.7512145,3.6698167,639.07605,358.16348,144.94366,4.868707129314204
O=[N+]([O-])c1n[nH]nc1[N+](=O)[O-],1.857329,8.88004,36.348763,6.394399,4.253742,665.361,219.1195,253.09589,3.4520204954484246
O=c1c2nc3n[nH]nc3c([N+](=O)[O-])c2n(C=N[N+](=O)[O-])c(=O)n1[N+](=O)[O-],1.8874311,7.858837,28.88918,4.906253,2.8485162,581.4186,153.51682,161.81877,4.241796961991133
O=[N+]([O-])c1nnc2nnc([N+](=O)[O-])n2c1[N+](=O)[O-],1.9101298,8.858566,36.743946,6.5209136,3.9887187,609.5716,525.9023,213.39206,3.6214615798380683
O=[N+]([O-])N=c1c([N+](=O)[O-])n[nH]c2c(O)noc12,1.874989,8.177682,31.05475,5.5810213,3.343245,598.34607,114.004486,153.46355,3.9810234380278473
Nc1c([N+](=O)[O-])n2nc([N+](=O)[O-])nc2c(=O)n1[N+](=O)[O-],1.9383205,8.494568,34.151024,5.3964686,3.3625364,624.1422,110.58899,176.74194,3.771539759888478
Nc1c(N)n([N+](=O)[O-])c(=O)c2c1[nH]c(=O)n2[N+](=O)[O-],1.8907847,7.5983524,27.12329,4.0910525,2.6004622,640.0947,-210.26001,172.87926,3.9790888179358204
O=c1[nH]c(O)c([N+](=O)[O-])c(=O)n1N[N+](=O)[O-],1.899052,7.942427,29.37432,4.2966976,2.731969,639.6681,-441.96964,150.22432,3.6285886254421404
O=c1n([N+](=O)[O-])c2nc[nH]c2c2nc([N+](=O)[O-])c([N+](=O)[O-])n12,1.8752832,7.827703,28.574545,4.9417205,2.8689775,580.8021,89.239685,148.41219,3.8417987157265223
O=c1c2nn([N+](=O)[O-])c([N+](=O)[O-])c2n(C=N[N+](=O)[O-])c(=O)n1[N+](=O)[O-],1.9431373,8.619853,35.027534,5.6293726,3.4130394,606.0295,35.306095,140.66327,4.474634904815695
O=c1nc2c(nn1[N+](=O)[O-])c([N+](=O)[O-])nn2[N+](=O)[O-],1.9777702,8.942782,38.01987,5.991317,3.6933093,615.3535,260.81662,126.10504,4.104026789678363
O=c1[nH]c(=O)n(N[N+](=O)[O-])c2nnn([N+](=O)[O-])c12,1.9078612,8.239618,31.652746,4.886405,3.1271758,643.59033,0.35969797,140.8733,3.915470233684223
O=[N+]([O-])c1nc([N+](=O)[O-])c2cn[nH]c2c1[N+](=O)[O-],1.8322536,7.861329,28.274796,5.5777035,3.1791904,569.74115,199.41403,231.6861,3.362177925991915
O=c1[nH]c2c(n1N[N+](=O)[O-])n(N[N+](=O)[O-])c(=O)n2N[N+](=O)[O-],1.929502,8.615778,34.788567,5.174467,3.5087552,681.8616,-60.569607,153.18828,4.444486752412221
O=[N+]([O-])NN=c1c2[nH]nnc2nc([N+](=O)[O-])n1[N+](=O)[O-],1.8633101,8.6325445,34.348457,6.0054545,3.928986,655.88025,491.1414,123.864044,4.454585026160668
O=c1[nH]c(=O)n([N+](=O)[O-])c2[nH]c(=O)n([N+](=O)[O-])c12,1.9571288,7.8697147,29.516504,4.0427113,2.4568357,611.87494,-365.0286,159.97314,3.8361103523421596
NN=c1c2nn([N+](=O)[O-])nc2n(N[N+](=O)[O-])c(=O)n1N[N+](=O)[O-],1.9146353,8.816157,36.309532,5.7714934,3.9588773,688.7499,361.9042,146.51128,4.584532458976355
O=c1c2c([N+](=O)[O-])nn([N+](=O)[O-])c2nc2n([N+](=O)[O-])c(N[N+](=O)[O-])nn12,1.9496597,8.69478,35.74846,5.737401,3.5258417,615.7448,284.64737,134.77455,4.222094372406803
O=c1[nH]c(=O)n2nc1c1nc([N+](=O)[O-])nn1c2=O,1.8744847,7.138157,23.727522,3.5664296,2.0363467,575.6692,-154.45966,268.60507,4.080464635823534
Nc1nc2c(=O)n([N+](=O)[O-])c([N+](=O)[O-])nc2n2c(=O)n([N+](=O)[O-])c(=O)n12,1.9348645,8.053923,30.767067,4.6343775,2.7930875,603.7687,-122.27943,148.7835,4.1660505301876425
O=c1n([N+](=O)[O-])c(=NN[N+](=O)[O-])c2nc([N+](=O)[O-])[nH]c2n1[N+](=O)[O-],1.974459,8.87725,37.464878,5.706764,3.6422808,638.89655,145.5369,136.03383,4.492628408385622
O=c1n(N[N+](=O)[O-])c2nc([N+](=O)[O-])n3c(=O)n(N[N+](=O)[O-])c([N+](=O)[O-])c3c2n1[N+](=O)[O-],1.9518983,8.698802,35.79149,5.6160836,3.4865344,621.1039,29.36957,134.72276,4.4664729343716285
O=c1nc(N[N+](=O)[O-])[nH]c2c([N+](=O)[O-])nn([N+](=O)[O-])c12,1.8986368,8.328595,32.40149,5.3293867,3.317884,623.3745,104.15463,151.69258,3.829040033417563
O=c1n(N[N+](=O)[O-])c(=O)n2c([N+](=O)[O-])nc([N+](=O)[O-])c2n1N[N+](=O)[O-],1.940352,8.738389,35.9307,5.545437,3.5554965,641.74866,-35.004436,141.9051,4.177253603040547
O=c1[nH]nc([N+](=O)[O-])c2c1nc([N+](=O)[O-])n2[N+](=O)[O-],1.8954555,8.384026,32.771996,5.662915,3.3962688,599.71484,156.85669,121.45906,3.6802458666014406
O=[N+]([O-])Nn1c([N+](=O)[O-])nn2c([N+](=O)[O-])nnc12,1.9162028,9.189499,39.550766,6.621877,4.408557,665.81866,517.27905,124.28128,4.009410618299607
O=c1n([N+](=O)[O-])c(=N[N+](=O)[O-])c2nc(C=N[N+](=O)[O-])[nH]c2n1[N+](=O)[O-],1.9227867,8.593997,34.640965,5.716677,3.5546625,621.93494,202.50027,130.90268,4.6636449424703486
O=c1n([N+](=O)[O-])c2nc([N+](=O)[O-])n([N+](=O)[O-])c2n2c(=O)ncn12,1.9069729,8.225326,31.725372,5.215481,3.1205373,598.7944,83.89502,127.184906,4.340767515722888
O=[N+]([O-])Nc1c2[nH]nnc2c([N+](=O)[O-])n2nnnc12,1.8697807,8.236029,31.598251,5.670919,3.5777082,631.4507,637.41315,163.40187,3.909163021898973
O=c1c(O)c([N+](=O)[O-])n([N+](=O)[O-])c2c1c(=O)n(C=N[N+](=O)[O-])c(=O)n2C=N[N+](=O)[O-],1.8695177,7.835977,28.375412,4.7710977,2.7884128,586.2119,-362.12927,128.78122,4.604040896643516
O=[N+]([O-])c1ncc([N+](=O)[O-])c2c([N+](=O)[O-])n[nH]c12,1.8529317,7.932526,29.062752,5.5761185,3.1880538,570.86487,205.39871,242.52081,3.3769211952226836
O=c1n(N[N+](=O)[O-])c([N+](=O)[O-])c2nc([N+](=O)[O-])c([N+](=O)[O-])c([N+](=O)[O-])n12,1.9643837,8.899951,37.495983,6.046525,3.6803207,606.8365,63.994617,136.62292,3.932140396467104
O=[N+]([O-])c1nc2nnc([N+](=O)[O-])c([N+](=O)[O-])n2n1,1.9182729,8.829326,36.59688,6.3551188,3.8842957,609.4133,475.09854,217.95076,3.5975135029149925
Nc1nc2c(=N[N+](=O)[O-])n(N[N+](=O)[O-])c(=O)n([N+](=O)[O-])c2[nH]1,1.9018463,8.347997,32.54395,5.089365,3.3678992,664.78625,94.86948,146.3903,4.260846168857844
O=[N+]([O-])Nc1c([N+](=O)[O-])nc2n([N+](=O)[O-])nc([N+](=O)[O-])n12,1.9428399,9.14364,39.365536,6.428526,4.148929,644.4428,351.5848,126.018326,4.096333410641959
O=[N+]([O-])Nc1nc([N+](=O)[O-])c2nnnc-2[nH]1,1.8504003,8.21597,31.221432,5.4766912,3.539344,647.66003,411.84518,152.67827,3.7563554683553253
O=[N+]([O-])c1nc2n([N+](=O)[O-])c([N+](=O)[O-])nn2c1[N+](=O)[O-],1.9629773,9.25409,40.579838,6.673748,4.1807733,623.50916,351.75674,117.00185,3.8975530734979476
O=c1c2nc([N+](=O)[O-])n(N[N+](=O)[O-])c2n([N+](=O)[O-])c(=O)n1[N+](=O)[O-],1.9678415,8.887821,37.406715,5.786011,3.6076255,623.373,11.650317,127.377914,4.221230818878356
N=c1c2c(n(N[N+](=O)[O-])c(=O)n2[N+](=O)[O-])n([N+](=O)[O-])c(=O)n1N[N+](=O)[O-],1.9592252,8.858864,37.173054,5.5883665,3.667962,657.9344,15.389911,140.28027,4.604530293137598
O=[N+]([O-])c1nc2onc([N+](=O)[O-])n2n1,1.9056388,8.832486,36.416187,6.3604836,3.9118016,613.56287,317.91888,257.65518,3.882887873141531
Nc1c([N+](=O)[O-])c([N+](=O)[O-])c([N+](=O)[O-])n2c(=O)n(N[N+](=O)[O-])nc12,1.9285681,8.55327,34.39749,5.6064672,3.500683,625.27075,59.22649,148.84206,3.896190124089273
Nc1nc([N+](=O)[O-])c([N+](=O)[O-])c2c([N+](=O)[O-])n[nH]c12,1.8567758,7.928237,29.045382,5.233422,3.1539783,604.154,157.52536,230.27791,3.424640328139902
Nn1nc([N+](=O)[O-])c2c(=O)n3nc([N+](=O)[O-])n([N+](=O)[O-])c3nc21,1.9101691,8.338199,32.669247,5.41528,3.3454144,619.656,277.72263,123.38304,4.022022244600569
Nc1nn([N+](=O)[O-])c(=O)n2nc([N+](=O)[O-])nc12,1.8926908,8.27707,32.107567,5.122451,3.3025346,646.74725,188.93097,149.74817,3.792017351071326
N=c1c2[nH]c([N+](=O)[O-])nc2nc([N+](=O)[O-])n1[N+](=O)[O-],1.8987714,8.247372,31.93398,5.2863684,3.2812536,621.92194,189.14694,129.13594,4.046235712755287
O=c1[nH]c2nc([N+](=O)[O-])nc([N+](=O)[O-])c2n1[N+](=O)[O-],1.926382,8.298937,32.48105,5.166501,3.112389,603.56274,11.934329,125.14946,3.74940186660144
O=[N+]([O-])c1nc([N+](=O)[O-])n2nnnc2c1[N+](=O)[O-],1.9362438,8.886786,37.109077,6.4329195,3.9149904,607.5102,482.7538,223.59761,3.3998135029149914
Nc1c2c(=O)n(N[N+](=O)[O-])c(=O)[nH]c2nc(=O)n1[N+](=O)[O-],1.8695681,7.4860015,26.004416,3.8988576,2.4287562,627.5297,-316.59155,158.90962,3.864881102949653
O=[N+]([O-])C=C1C(N[N+](=O)[O-])=C([N+](=O)[O-])N(N[N+](=O)[O-])C([N+](=O)[O-])=C1[N+](=O)[O-],1.9228481,9.080825,38.52777,6.714826,4.253054,633.2605,189.42572,124.28813,4.461606898292871
N=c1c2[nH]c([N+](=O)[O-])nc2nc2n([N+](=O)[O-])c([N+](=O)[O-])c([N+](=O)[O-])n12,1.9172983,8.262703,32.209854,5.378575,3.2322576,601.07935,234.65283,141.0085,4.217956131281538
N=c1c2c(=O)[nH]oc2c([N+](=O)[O-])nn1[N+](=O)[O-],1.8965418,8.137307,31.005028,5.2853036,3.1792629,603.2131,45.741108,153.06728,4.10091273568671
NN=c1[nH]nnc2c1n([N+](=O)[O-])c(=O)n2[N+](=O)[O-],1.9066197,8.516825,34.109776,5.4781547,3.6457822,667.4822,331.8458,141.2265,4.48488754137653
O=c1n([N+](=O)[O-])c2c([N+](=O)[O-])nc3c(nc([N+](=O)[O-])n3C=N[N+](=O)[O-])c2n1[N+](=O)[O-],1.9340092,8.507882,34.265934,5.7005587,3.3776064,591.16064,214.74576,128.085,4.538635279086778
O=[N+]([O-])c1nc([N+](=O)[O-])n2c([N+](=O)[O-])nn([N+](=O)[O-])c12,1.9457211,9.180132,39.713467,6.667051,4.171831,622.9419,340.14468,117.95026,3.9382021859239824
N=c1[nH]nc([N+](=O)[O-])c2c1nc([N+](=O)[O-])n2[N+](=O)[O-],1.870976,8.343005,32.35311,5.73292,3.5603392,621.8779,315.28122,128.13414,4.118332635832209
O=c1[nH]c2nc3nc([N+](=O)[O-])c([N+](=O)[O-])c(C=N[N+](=O)[O-])c3nc2c(=O)n1[N+](=O)[O-],1.8921293,7.7549796,28.177298,4.8303423,2.7016528,559.96674,28.705614,176.51521,4.121123263507421
O=c1c2c([nH]c(=O)n2N[N+](=O)[O-])n([N+](=O)[O-])c(=O)n1[N+](=O)[O-],1.964792,8.483057,34.16382,4.980839,3.1244502,629.04425,-235.12007,140.28839,4.206709592004572
O=[N+]([O-])Nc1nn2nc([N+](=O)[O-])nc2n1[N+](=O)[O-],1.9481581,9.202389,39.94536,6.3619547,4.2404284,666.4525,453.24222,130.69463,4.155317349068838
O=[N+]([O-])NN=c1[nH]c([N+](=O)[O-])cn2c([N+](=O)[O-])nnc12,1.8574775,8.334321,32.031895,5.7503815,3.6543968,636.0735,372.54538,152.1339,4.278174769750413
O=[N+]([O-])c1nc2nc([N+](=O)[O-])c([N+](=O)[O-])nn2n1,1.9224441,8.75309,36.02737,6.0973673,3.732511,610.89325,407.59213,220.35907,3.763451002914991
Nc1nc([N+](=O)[O-])c2nnnn2c1[N+](=O)[O-],1.8912607,8.320974,32.239067,5.5445466,3.5178201,637.32794,411.1013,263.02173,3.5074572410012843
O=[N+]([O-])N=c1nc([N+](=O)[O-])n([N+](=O)[O-])c2nc([N+](=O)[O-])[nH]c12,1.9379442,8.788979,36.432865,5.9646506,3.7141998,622.11676,273.76685,116.31442,4.238119378406916
O=[N+]([O-])c1nc2nn[nH]c2n1[N+](=O)[O-],1.831072,8.51952,33.223278,6.09913,3.949986,647.16296,428.14944,139.5202,4.093615403505903
O=[N+]([O-])c1n[nH]c2c([N+](=O)[O-])[nH]nc12,1.8878543,8.230199,31.58094,5.509278,3.4239361,622.188,264.2387,290.3445,3.6780121646395063
O=c1n([N+](=O)[O-])c2nc([N+](=O)[O-])nc(N[N+](=O)[O-])c2n1[N+](=O)[O-],1.9637074,8.835609,37.11878,5.7578936,3.5933018,623.633,130.33655,130.78374,4.086931311435373
Nc1nnc([N+](=O)[O-])c2nc([N+](=O)[O-])c([N+](=O)[O-])n12,1.8816993,8.366148,32.53864,5.6751246,3.521901,621.21027,322.4587,252.51932,3.598395712755287
Nn1c(=O)n([N+](=O)[O-])n2c([N+](=O)[O-])c([N+](=O)[O-])nc12,1.9266392,8.800671,36.443577,5.831601,3.787585,650.30493,145.82391,124.714935,3.955637954513528
O=[N+]([O-])c1nc2nnc([N+](=O)[O-])n2nc1[N+](=O)[O-],1.9213859,8.841345,36.716583,6.35557,3.8924172,610.7502,479.69046,218.76163,3.6105202336842224
O=c1c2nc3c(nc2nc([N+](=O)[O-])n1N[N+](=O)[O-])c(=O)n(N[N+](=O)[O-])c(=O)n3[N+](=O)[O-],1.9279145,8.2461195,32.088413,5.093925,3.0494757,599.5146,-7.1334968,138.56001,4.309184379024536
Nn1nc([N+](=O)[O-])c2c(=O)[nH]c(=O)n([N+](=O)[O-])c21,1.9072754,7.9634233,29.732538,4.550482,2.8708575,634.96643,-99.88507,161.60553,3.7837277009509975
O=c1n(N[N+](=O)[O-])c([N+](=O)[O-])nc2nnc([N+](=O)[O-])n12,1.9235872,8.726811,35.76257,5.7154555,3.6541204,639.39136,234.39124,126.17317,3.895851644448042
O=c1[nH]c(=O)n([N+](=O)[O-])c2[nH]nc([N+](=O)[O-])c12,1.9197824,7.8472853,28.992985,4.345282,2.6319225,609.4325,-178.42389,170.0711,3.5659619664559408
O=[N+]([O-])Nn1nc([N+](=O)[O-])n2nc([N+](=O)[O-])nc12,1.9272937,9.143101,39.253464,6.411729,4.263217,665.9014,455.0215,132.3581,4.079945233684223
O=c1c([N+](=O)[O-])nn([N+](=O)[O-])c2nnc([N+](=O)[O-])n12,1.9500135,8.911742,37.62242,6.109151,3.7819917,617.1829,287.1628,118.09068,3.855189251216826
O=c1[nH]c(=NN[N+](=O)[O-])c2c([nH]c(=O)n2[N+](=O)[O-])n1[N+](=O)[O-],1.9663503,8.434723,33.83323,4.84454,3.117173,646.54016,-117.20893,152.95155,4.5467167258870225
O=[N+]([O-])Nc1c([N+](=O)[O-])nc([N+](=O)[O-])c2nnc([N+](=O)[O-])n12,1.9192741,8.850106,36.78345,6.2701364,3.9086356,621.5675,394.9188,120.512085,3.7741085030753503
Nc1nc2c([N+](=O)[O-])nn([N+](=O)[O-])c(=O)c2c(=O)n1[N+](=O)[O-],1.9193985,8.188135,31.566679,5.036512,3.043803,604.95404,-43.82751,157.95125,3.9837500778345305
O=c1c2c(nc([N+](=O)[O-])n2N[N+](=O)[O-])n([N+](=O)[O-])c(=O)n1[N+](=O)[O-],1.9725446,8.897297,37.631413,5.7515326,3.5967982,625.50885,-3.9361393,122.387054,4.220915930540887
Nc1c(N)c2nc([N+](=O)[O-])n([N+](=O)[O-])c(=O)n2c1[N+](=O)[O-],1.8867799,8.048451,30.279339,4.9430523,3.1180894,632.522,-13.514539,147.0551,3.866497466586015
Nn1c(=NN[N+](=O)[O-])[nH]c(=O)n(N[N+](=O)[O-])c1=O,1.8854293,8.336435,32.238834,4.703565,3.3647258,720.00586,-100.363464,155.56026,4.358245867890441
O=[N+]([O-])N=Cn1c2nc([N+](=O)[O-])nc-2c([N+](=O)[O-])n1[N+](=O)[O-],1.8983262,8.77224,35.878178,6.2993526,3.922967,621.38654,384.48282,131.96121,4.411809829335299
O=[N+]([O-])Nc1nc([N+](=O)[O-])c2nnc([N+](=O)[O-])n2n1,1.9127872,8.849402,36.78857,6.219214,3.9864726,640.5159,505.7142,129.12411,3.730270662981531
O=c1nc2c(c[nH]1)c([N+](=O)[O-])nn2[N+](=O)[O-],1.8405533,7.6943507,27.224236,4.8449764,2.8717372,595.46735,63.730427,130.92514,3.849618242790191
Nc1c([N+](=O)[O-])nc2nc([N+](=O)[O-])n([N+](=O)[O-])c(=O)n12,1.923884,8.3124485,32.578445,5.071237,3.165866,625.0208,25.912096,137.47395,3.864024079415106
O=c1[nH]c2c([N+](=O)[O-])nc3nnc([N+](=O)[O-])n3c2c(=O)n1C=N[N+](=O)[O-],1.8815894,7.746533,27.925222,4.6171284,2.7003057,587.0001,52.201466,190.06683,4.181587951002121
O=c1c2c(n(C=N[N+](=O)[O-])c(=O)n1[N+](=O)[O-])n([N+](=O)[O-])c(=O)n2[N+](=O)[O-],1.9632157,8.649261,35.505703,5.4211545,3.3206446,611.87537,-137.30194,130.6621,4.581024897041158
O=c1nc2n([N+](=O)[O-])cnn2c2c1c(=O)n([N+](=O)[O-])c(=O)n2[N+](=O)[O-],1.9418609,8.126115,31.244503,4.9140563,2.865894,583.88715,-62.423763,124.95767,4.282491795617202
Nn1c([N+](=O)[O-])c([N+](=O)[O-])n2nc([N+](=O)[O-])nc2c1=O,1.9112175,8.444447,33.345825,5.569101,3.4294932,617.26764,157.81293,226.43028,3.6457128368115566
O=[N+]([O-])c1nn([N+](=O)[O-])c2nc3n([N+](=O)[O-])c([N+](=O)[O-])c([N+](=O)[O-])n3c12,1.9708796,9.059799,38.998585,6.4428964,3.9029858,602.86237,386.79416,137.99176,4.201861163671805
Nc1oc(=O)c([N+](=O)[O-])c([N+](=O)[O-])c1[N+](=O)[O-],1.912854,8.229403,31.547918,5.1966457,3.0532784,588.93774,-309.77927,219.50552,3.1759792830927918
O=c1c2nn([N+](=O)[O-])nc2c([N+](=O)[O-])nn1[N+](=O)[O-],1.9557208,8.951287,37.8895,6.2402263,3.8187115,610.8754,298.91727,142.79382,4.023821558909133
O=c1[nH]c([N+](=O)[O-])c([N+](=O)[O-])c(=O)[nH]1,1.9040217,7.7443733,27.861105,4.105277,2.4763606,609.3178,-378.2458,243.2038,3.098561354922907
Nc1cc2nc([N+](=O)[O-])n([N+](=O)[O-])c(=O)c2nc1[N+](=O)[O-],1.8366354,7.656585,26.973585,4.9290795,2.860957,581.7195,18.077608,140.92159,3.6791865574951066
Nc1c([N+](=O)[O-])n([N+](=O)[O-])c(=O)n2nc([N+](=O)[O-])nc12,1.9344912,8.472955,33.928596,5.372367,3.3491209,624.51025,96.21185,135.33647,3.760718458113331
Nc1nc([N+](=O)[O-])n2nc([N+](=O)[O-])c([N+](=O)[O-])c2n1,1.86763,8.221485,31.272638,5.423088,3.365113,622.70233,242.87009,246.21143,3.4308184819860568
O=c1n([N+](=O)[O-])nc(O)c2c([N+](=O)[O-])nc([N+](=O)[O-])n12,1.9399481,8.509146,34.22494,5.4219723,3.281146,604.0064,-64.90651,150.73134,3.930525558705048
O=[N+]([O-])Nc1nc([N+](=O)[O-])nn2c([N+](=O)[O-])nnc12,1.9160342,8.841364,36.764534,6.187233,3.963469,639.82074,486.23856,130.26122,3.6997439661489517
O=c1[nH]c2cc([N+](=O)[O-])c([N+](=O)[O-])n2c(=O)n1[N+](=O)[O-],1.8972377,7.944039,29.355755,4.808676,2.8167372,587.7541,-229.70474,177.94118,3.797658398941734
Nc1nc2c(c([N+](=O)[O-])nn2[N+](=O)[O-])c(=O)n([N+](=O)[O-])c1=O,1.8949975,8.192577,31.39496,5.1436453,3.1331067,610.2088,-19.017454,142.45406,3.9198075677130735
O=c1c([N+](=O)[O-])c(O)[nH]c2nnn([N+](=O)[O-])c12,1.8904622,7.923101,29.315495,4.834134,2.887949,598.6769,-65.95566,145.08801,3.911125043379018
O=c1n(C=N[N+](=O)[O-])c(=N[N+](=O)[O-])c2nc3c(nc2n1C=N[N+](=O)[O-])c([N+](=O)[O-])nn3[N+](=O)[O-],1.905144,8.334473,32.535225,5.5031796,3.3167613,603.6596,344.3138,137.34737,4.899807127925975
Nc1c([N+](=O)[O-])nn2c(=O)n([N+](=O)[O-])c([N+](=O)[O-])nc12,1.9310954,8.453514,33.773453,5.356153,3.3448849,625.2225,101.36325,136.88806,3.804001002492029
Nc1c(=O)c([N+](=O)[O-])c([N+](=O)[O-])n2nn[nH]c12,1.8697554,7.919261,29.034061,5.049414,3.1044068,617.7964,162.58347,234.26338,3.7689681203020946
Nn1c(=N[N+](=O)[O-])[nH]c2c(c([N+](=O)[O-])nn2[N+](=O)[O-])c1=O,1.9161295,8.506144,33.878674,5.4464135,3.5206528,648.71216,148.47745,157.9029,4.248759424627973
Nc1nc(=O)n2c([N+](=O)[O-])c([N+](=O)[O-])nc2[nH]1,1.8208674,7.407286,24.991571,4.0790954,2.5345914,625.78503,-71.13499,256.39438,3.564851197225172
Nc1nc2c(=N[N+](=O)[O-])n([N+](=O)[O-])c(=O)n([N+](=O)[O-])c2c(=NN[N+](=O)[O-])[nH]1,1.9162233,8.526845,34.085606,5.3749824,3.5070956,654.6834,169.18478,137.40402,4.6275617148174355
Nc1c([N+](=O)[O-])c(=O)n([N+](=O)[O-])c2c([N+](=O)[O-])c([N+](=O)[O-])nn12,1.9547791,8.677572,35.747135,5.7623568,3.5342665,612.3512,69.185684,127.79454,3.7511223023089055
O=[N+]([O-])c1[nH]c2c(nc([N+](=O)[O-])n2[N+](=O)[O-])c1[N+](=O)[O-],1.9450043,8.852556,37.01017,6.200963,3.7827358,607.3575,183.6437,146.10669,3.931998043912147
O=[N+]([O-])Nc1nnn2c([N+](=O)[O-])c([N+](=O)[O-])c([N+](=O)[O-])nc12,1.9353664,8.923456,37.53547,6.382605,3.971136,620.3191,433.61954,139.45564,3.741663144985165
O=c1c([N+](=O)[O-])c([N+](=O)[O-])n([N+](=O)[O-])c2nnc([N+](=O)[O-])n12,1.9652156,8.953279,37.97847,6.1834936,3.7503252,603.4741,190.1532,107.445694,3.7904164745956646
Nc1[nH]c2nc([N+](=O)[O-])nc(=O)n2c1[N+](=O)[O-],1.8832463,7.565565,26.668577,4.062686,2.514369,623.0969,-87.127884,275.57825,3.7307404279944025
O=c1c2nc3nc([N+](=O)[O-])n(C=N[N+](=O)[O-])c(=O)c3c([N+](=O)[O-])c2nc([N+](=O)[O-])n1C=N[N+](=O)[O-],1.8745295,7.874379,28.78898,5.0779295,2.8763747,567.59467,90.41727,184.99408,4.59859793375707
O=[N+]([O-])c1nc2c([N+](=O)[O-])c([N+](=O)[O-])nn2c([N+](=O)[O-])c1O,1.9361113,8.566098,34.582767,5.8494577,3.421921,583.319,52.28188,239.57256,3.6173954219640843
N=c1c2c(nc([N+](=O)[O-])n1[N+](=O)[O-])nc([N+](=O)[O-])n2[N+](=O)[O-],1.9400084,8.809729,36.6201,6.0347743,3.7424765,620.41656,293.34244,121.891464,4.189873154757607
N=c1c2c([N+](=O)[O-])nn([N+](=O)[O-])c2n(N)c(=O)n1[N+](=O)[O-],1.927728,8.565636,34.567963,5.5149455,3.561758,647.8427,167.68573,154.14659,4.266597466586016
O=c1[nH]c2c([N+](=O)[O-])nc([N+](=O)[O-])nc2c(=O)n1N[N+](=O)[O-],1.9074554,8.035073,30.28434,4.7904005,2.8783383,602.6738,-124.74908,144.31517,3.8112305189904703
O=c1[nH]nc([N+](=O)[O-])c2nc([N+](=O)[O-])n([N+](=O)[O-])c12,1.9306964,8.484328,33.92658,5.6281576,3.3787072,599.6796,136.67688,140.89154,3.7020230973706703
O=[N+]([O-])Nc1nc([N+](=O)[O-])n2c([N+](=O)[O-])nnc2c1[N+](=O)[O-],1.9382789,8.880024,37.223328,6.1954923,3.8651092,623.14215,371.0178,130.17043,3.7712318452504174
O=c1c2c(nnn2[N+](=O)[O-])c([N+](=O)[O-])nn1[N+](=O)[O-],1.95959,8.997899,38.327602,6.3014874,3.8740373,613.26917,314.3042,133.77681,4.047775405062978
O=[N+]([O-])Nn1nnc2nc3[nH]nc([N+](=O)[O-])c3c([N+](=O)[O-])c21,1.856168,8.194351,30.986662,5.665698,3.4613225,613.0317,516.0709,137.28537,3.918014126417525
O=[N+]([O-])c1nc2c(nc([N+](=O)[O-])n3nnc([N+](=O)[O-])c23)o1,1.9028941,8.247799,31.818651,5.658464,3.2041569,564.9515,297.16333,237.3371,3.9556249969503874
O=c1c([N+](=O)[O-])n[nH]c2nnc(N[N+](=O)[O-])n12,1.8898075,8.315459,32.37527,5.264897,3.39008,645.05975,260.73776,135.79816,3.7125976855194853
O=c1c2c(=NC=N[N+](=O)[O-])n(C=N[N+](=O)[O-])c(=O)[nH]c2nc([N+](=O)[O-])n1[N+](=O)[O-],1.876872,8.0115385,29.773197,4.9398365,3.0115898,611.6337,-1.8799413,149.18617,4.728439147295452
O=[N+]([O-])Nc1c([N+](=O)[O-])nn2c([N+](=O)[O-])c([N+](=O)[O-])nnc12,1.9377761,9.005403,38.29174,6.551692,4.083176,620.0733,471.92288,136.56384,3.7742803863644756
O=c1[nH]c(N[N+](=O)[O-])nc2nnc([N+](=O)[O-])n12,1.88132,8.0784,30.410498,4.750798,3.060432,646.4026,121.17883,155.58704,3.643809391205104
O=c1c2nc([N+](=O)[O-])n([N+](=O)[O-])c2n(N[N+](=O)[O-])c(=O)n1N[N+](=O)[O-],1.9354553,8.767793,36.04852,5.68955,3.6214566,637.9151,6.1529107,136.24736,4.302122478780193
O=[N+]([O-])Nc1c2nn[nH]c2c([N+](=O)[O-])c2nnc([N+](=O)[O-])n12,1.8741043,8.277221,31.886929,5.683619,3.512202,617.47205,503.54404,135.22943,3.988998741802141
O=[N+]([O-])c1nc2nc([N+](=O)[O-])n([N+](=O)[O-])c2nc1[N+](=O)[O-],1.9269787,8.782599,36.346893,6.2454095,3.7367492,595.3875,322.49155,125.496414,3.850760543509093
O=c1c2c(n(C=N[N+](=O)[O-])c(=O)n2[N+](=O)[O-])n([N+](=O)[O-])c(=O)n1[N+](=O)[O-],1.9599242,8.644874,35.44439,5.42875,3.326601,612.1257,-131.81227,125.930435,4.581024897041158
Nc1nn([N+](=O)[O-])c2c(=O)n([N+](=O)[O-])c(=O)[nH]c12,1.9096723,7.936891,29.58329,4.503979,2.8280811,631.197,-120.56702,159.34416,3.9957653441588548
Nc1c([N+](=O)[O-])n([N+](=O)[O-])c2nnc([N+](=O)[O-])n2c1=O,1.9202772,8.48153,33.809868,5.529159,3.447216,624.03894,142.72552,114.60338,3.8456592865156978
O=c1c2nc([N+](=O)[O-])nn2c([N+](=O)[O-])nn1N[N+](=O)[O-],1.9113857,8.753478,35.861835,5.9034414,3.754831,636.61273,283.09064,135.66148,3.9259448229676357
O=c1c([N+](=O)[O-])c([N+](=O)[O-])nc2[nH]c([N+](=O)[O-])c([N+](=O)[O-])n12,1.943216,8.444067,33.612926,5.4892883,3.2015727,582.6134,-46.12737,224.18588,3.730880442206999
Nc1c([N+](=O)[O-])nn2nc([N+](=O)[O-])nc2c1[N+](=O)[O-],1.9097803,8.39757,33.033142,5.589656,3.4484441,618.1905,288.67404,272.4478,3.6479760204475955
O=c1c2c(nc([N+](=O)[O-])n3nc(C=N[N+](=O)[O-])c([N+](=O)[O-])c23)[nH]n1[N+](=O)[O-],1.8914639,8.156396,31.08138,5.4877663,3.2163236,585.57153,239.00226,171.7529,4.419493269530329
NC1=NC2=C(N[N+](=O)[O-])N(N)C(=O)N([N+](=O)[O-])C(=O)N([N+](=O)[O-])c3nc2nn31,1.8684891,8.11029,30.660183,4.8903418,3.2283742,663.4141,147.03192,146.78407,5.769631934135916
O=[N+]([O-])Nc1c([N+](=O)[O-])nc2nc([N+](=O)[O-])nn2c1[N+](=O)[O-],1.9316694,8.811839,36.598774,6.094171,3.791216,621.03925,341.01523,120.286316,3.7792578399453776
Nc1nc([N+](=O)[O-])c2nc([N+](=O)[O-])nc-2c([N+](=O)[O-])n1,1.8266275,7.841446,28.211206,5.11381,3.0722606,602.32104,224.08316,235.65302,3.604925664767344
O=c1[nH]c2nc3c([N+](=O)[O-])nn([N+](=O)[O-])c3nc2c(=O)n1N[N+](=O)[O-],1.9100311,8.000601,30.062056,4.8312764,2.873711,596.8894,42.911747,146.4465,4.052621844672624
O=c1c2c(C=N[N+](=O)[O-])nc3onc([N+](=O)[O-])n3n-2c(=O)n1[N+](=O)[O-],1.898267,8.217064,31.576637,5.4146824,3.170727,584.5076,93.23456,154.28966,4.56156099507446
Nc1c([N+](=O)[O-])c2c([N+](=O)[O-])[nH]nc2n(N[N+](=O)[O-])c1=O,1.8903956,8.127528,30.839886,5.176603,3.2363055,627.60925,54.87476,153.80443,3.9188559281244775
O=c1n([N+](=O)[O-])c(N[N+](=O)[O-])nc2nc([N+](=O)[O-])nn12,1.9591132,8.761417,36.4292,5.505967,3.5280957,641.476,186.62442,128.67094,3.9545932990198853
Nc1c([N+](=O)[O-])n2c([N+](=O)[O-])c([N+](=O)[O-])nc2n1[N+](=O)[O-],1.945218,8.858343,37.089355,6.036813,3.8067062,630.63336,196.74744,165.03119,3.8832128512014004
O=c1[nH]c2c([N+](=O)[O-])nc(N[N+](=O)[O-])nc2n1[N+](=O)[O-],1.9412982,8.3294325,32.881042,5.0209465,3.121442,623.2627,16.93175,136.45345,3.859707957945864
O=[N+]([O-])c1nn2nnnc2c([N+](=O)[O-])c1[N+](=O)[O-],1.9341731,8.9522915,37.61885,6.6323895,4.034242,606.52527,537.5397,216.24835,3.36183754137653
O=[N+]([O-])N=c1[nH]nc([N+](=O)[O-])c2c1nnn2[N+](=O)[O-],1.9219462,8.931386,37.40425,6.425518,4.0914917,636.4024,526.59125,119.53276,4.250636273841261
O=[N+]([O-])Nc1c([N+](=O)[O-])nc2onc([N+](=O)[O-])n12,1.9086654,8.875639,36.833523,6.342838,3.9768631,625.676,263.03876,124.251816,4.008201964453453
Nn1nc([N+](=O)[O-])c2c([N+](=O)[O-])c([N+](=O)[O-])[nH]c21,1.8900485,8.437781,33.10464,5.8283615,3.6731558,632.04156,233.13324,260.52875,3.86222066330779
Nn1c(=O)n([N+](=O)[O-])c2nc([N+](=O)[O-])n([N+](=O)[O-])c21,1.9486161,8.853469,37.057766,5.802852,3.7623956,649.0792,145.48734,137.94566,4.129712365816511
O=c1nc([N+](=O)[O-])n(N[N+](=O)[O-])c2nc([N+](=O)[O-])nn12,1.9215928,8.65897,35.14101,5.5605235,3.5482469,640.2183,187.63855,119.50403,4.030075737336286
N=c1c([N+](=O)[O-])nc2c(n1N[N+](=O)[O-])n([N+](=O)[O-])c(=O)n2[N+](=O)[O-],1.9634874,8.877153,37.410618,5.7696576,3.688982,640.0071,148.89792,137.43486,4.4051479404664455
O=c1c2c(n(N[N+](=O)[O-])c(=O)n2N[N+](=O)[O-])n([N+](=O)[O-])c(=O)n1N[N+](=O)[O-],1.9491196,8.788278,36.36866,5.4907146,3.5844724,654.6488,-117.64417,140.55132,4.5395567310687905
O=c1c2c(N[N+](=O)[O-])nn([N+](=O)[O-])c2nc2n([N+](=O)[O-])c([N+](=O)[O-])c([N+](=O)[O-])n12,1.9439011,8.711159,35.79765,5.8376303,3.541925,606.23846,178.16809,133.38362,4.246216743383574
O=[N+]([O-])Nc1nc2n([N+](=O)[O-])nc([N+](=O)[O-])n2n1,1.9364651,9.153907,39.451553,6.3370414,4.221429,666.7999,451.60556,128.82324,4.08202504137653
O=c1c2c([N+](=O)[O-])nn([N+](=O)[O-])c2nc2[nH]nc(N[N+](=O)[O-])n12,1.9226309,8.250484,32.078087,5.1223054,3.154174,616.85693,214.40372,143.16676,4.045303296547035
O=c1[nH]c2c(=O)n([N+](=O)[O-])c(=O)n(C=N[N+](=O)[O-])c2c(=O)n1[N+](=O)[O-],1.9413873,8.0227995,30.492914,4.5614867,2.7081814,594.86725,-342.1503,155.47614,4.332368869312737
Nc1c2[nH]c(=O)n([N+](=O)[O-])c2nc2c1c([N+](=O)[O-])nn2[N+](=O)[O-],1.9305357,8.021424,30.484583,4.840315,2.91898,605.38354,88.29071,151.97562,4.1087400251806425
O=c1n([N+](=O)[O-])c2cn[nH]c2n1[N+](=O)[O-],1.8746719,8.220524,31.34853,5.427615,3.3786206,623.07385,124.12732,145.62946,4.006968888034686
O=c1nc2nc([N+](=O)[O-])n([N+](=O)[O-])c(=O)n2n1N[N+](=O)[O-],1.9382197,8.660091,35.26084,5.3835287,3.4352136,638.73584,24.931566,134.23984,4.327622081970632
O=[N+]([O-])c1nn([N+](=O)[O-])c2c1nnn2[N+](=O)[O-],1.9370917,9.308326,40.668694,6.992559,4.479371,638.50555,541.34106,125.37537,4.148491197225171
O=c1c([N+](=O)[O-])c(O)c([N+](=O)[O-])nc2nnnn12,1.8854983,8.047366,30.064192,5.0632296,2.9974563,592.86005,90.39972,243.64803,3.3598500413765304
O=[N+]([O-])Nc1c([N+](=O)[O-])c([N+](=O)[O-])nc2c1c([N+](=O)[O-])nn2[N+](=O)[O-],1.9482123,8.942914,37.775204,6.376075,3.8927376,607.883,294.65607,123.25668,3.975461887064216
O=c1nc(N[N+](=O)[O-])n([N+](=O)[O-])c2nc([N+](=O)[O-])nn12,1.9261805,8.659332,35.19287,5.5060616,3.522859,641.3204,187.02322,127.56036,4.006333502212918
O=[N+]([O-])c1nc2c(nnn2[N+](=O)[O-])n1[N+](=O)[O-],1.9524149,9.28868,40.732872,6.7715592,4.339568,638.81995,492.0438,118.49069,4.105451197225172
O=c1[nH]c2nc([N+](=O)[O-])n3c([N+](=O)[O-])c([N+](=O)[O-])nc3c2nc1[N+](=O)[O-],1.9270533,8.050735,30.563509,5.0874386,2.8708196,564.3211,95.83563,227.8715,3.800840191804797
O=[N+]([O-])c1nc2n([N+](=O)[O-])nc([N+](=O)[O-])n2c1[N+](=O)[O-],1.962611,9.237466,40.3879,6.643054,4.1545467,622.6667,339.74142,127.79576,3.923237688882561
N=c1c([N+](=O)[O-])n[nH]c2c1c(=N)n([N+](=O)[O-])c(=O)n2N,1.8609649,7.709992,27.764185,4.553838,2.9426367,648.8822,124.03677,167.69191,4.225179700716881
O=[N+]([O-])c1n[nH]c2noc([N+](=O)[O-])c12,1.8479576,8.339121,31.982101,6.156845,3.6501594,592.0174,234.54257,268.5479,3.704611354922907
O=[N+]([O-])c1nn2c([N+](=O)[O-])nnc2o1,1.9135495,8.787652,36.13048,6.144857,3.787467,615.032,292.8058,259.9296,4.064126739538292
O=c1n(C=N[N+](=O)[O-])c([N+](=O)[O-])c2nc3n-2n1C([N+](=O)[O-])=NN3[N+](=O)[O-],1.9382629,8.698002,35.73516,5.8077774,3.602622,619.5166,276.18817,134.23868,4.693256914212824
O=c1c2c(nc([N+](=O)[O-])n3nc(O)nc23)n(N[N+](=O)[O-])c(=O)n1N[N+](=O)[O-],1.9037657,8.018853,30.112772,4.711413,2.8954463,617.29803,-90.09341,149.75494,4.276818269530329
O=[N+]([O-])c1nc2[nH]nc([N+](=O)[O-])c2n2nnnc12,1.8854429,8.152551,30.977596,5.5412745,3.330237,602.346,567.7692,256.17764,3.613298810607299
O=c1c2nn([N+](=O)[O-])c([N+](=O)[O-])c2cc([N+](=O)[O-])n1[N+](=O)[O-],1.9206145,8.56573,34.33928,6.0895476,3.5392132,578.6264,109.08713,128.2043,4.00069096852279
Nn1c([N+](=O)[O-])nc2[nH]nc([N+](=O)[O-])c2c1=N[N+](=O)[O-],1.894683,8.45053,33.269173,5.612441,3.6326156,649.17163,338.59756,159.06137,3.9602075225322206
NN=c1c2c(nc([N+](=O)[O-])n1[N+](=O)[O-])n([N+](=O)[O-])c(=O)n2[N+](=O)[O-],1.9710228,8.968279,38.23028,5.911988,3.7856543,641.53107,220.17493,123.10222,4.392800297786545
O=c1nc2[nH]nc(N[N+](=O)[O-])n2nc1[N+](=O)[O-],1.904893,8.28008,32.18142,5.103252,3.2798455,644.26874,215.81714,143.21123,3.7849739397000883
O=c1[nH]c2c(nc([N+](=O)[O-])c(=O)n2N[N+](=O)[O-])n1N[N+](=O)[O-],1.9239981,8.379228,32.97829,5.062285,3.238456,642.6015,-61.806355,147.12662,4.143447495117792
O=c1c([N+](=O)[O-])nc2c([N+](=O)[O-])onc2n1[N+](=O)[O-],1.9518796,8.773038,36.51713,6.2337537,3.6158354,575.99854,154.94016,124.443954,3.8889600204475947
O=c1n([N+](=O)[O-])c(=O)n2nc([N+](=O)[O-])nc2n1C=N[N+](=O)[O-],1.9425006,8.454113,33.81574,5.1114087,3.192342,625.68317,16.732317,143.69891,4.311379855860496
O=c1c2[nH]c(C=N[N+](=O)[O-])nc2n([N+](=O)[O-])c(=O)n1[N+](=O)[O-],1.8982717,8.155868,31.131113,5.123633,3.0970905,605.5614,-23.612913,135.23201,4.28969630148384
Nc1[nH]c2nnc([N+](=O)[O-])n2c1[N+](=O)[O-],1.8726277,8.101837,30.381306,5.074999,3.3018596,653.58374,223.86417,275.00787,3.8399392726500707
Nc1c([N+](=O)[O-])nc(=O)n([N+](=O)[O-])c1[N+](=O)[O-],1.931378,8.651351,35.21256,5.5692167,3.5347714,635.32806,-42.439785,123.45137,3.6366118412323267
O=c1c2c(nc([N+](=O)[O-])n1N[N+](=O)[O-])c(N[N+](=O)[O-])c([N+](=O)[O-])n2[N+](=O)[O-],1.9468842,8.889843,37.300327,6.06717,3.7880332,623.7079,121.60712,132.22787,4.234622884914944
O=[N+]([O-])N=c1c2nc([N+](=O)[O-])n([N+](=O)[O-])c2nc([N+](=O)[O-])n1[N+](=O)[O-],1.9810768,9.243652,40.54236,6.5538254,4.075916,619.3782,376.44864,113.24489,4.304642478780194
Nn1c(=O)[nH]c2c([N+](=O)[O-])nc([N+](=O)[O-])nc2c1=N[N+](=O)[O-],1.913408,8.162779,31.298689,5.016147,3.125385,625.37555,103.32773,140.50243,3.949711155595245
O=c1c2c([N+](=O)[O-])nn([N+](=O)[O-])c2nc2n(C=N[N+](=O)[O-])nc([N+](=O)[O-])n12,1.9118959,8.3906765,33.005173,5.5487556,3.3306499,600.34186,274.23782,142.03313,4.416608654145714
Nc1nnc2oc(=O)c([N+](=O)[O-])c([N+](=O)[O-])n12,1.8765247,7.848546,28.454489,4.7115326,2.8105578,598.89996,-68.39922,236.05022,3.562860427994403
O=[N+]([O-])c1c2c(nc([N+](=O)[O-])n3nnnc23)nn1[N+](=O)[O-],1.9228362,8.664421,35.27933,6.184613,3.7338898,602.6117,624.58167,136.19604,3.9041488835900644
Nc1nnc2c(=N[N+](=O)[O-])[nH]c([N+](=O)[O-])nn12,1.8551216,8.245199,31.380589,5.2662644,3.551845,676.59924,411.3914,187.20683,4.008842167124836
O=c1c2c(N[N+](=O)[O-])nn(N[N+](=O)[O-])c2nc2[nH]c([N+](=O)[O-])nn12,1.8966132,8.176188,31.263912,5.0486526,3.1801705,633.4715,225.95432,148.67036,4.2448112655284795
O=[N+]([O-])Nc1nnc([N+](=O)[O-])c2nc3nnnn3c([N+](=O)[O-])c12,1.8780535,8.3698,32.65616,5.9092274,3.6047199,608.60724,683.18756,120.56001,3.8112101026441634
O=[N+]([O-])Nn1nc([N+](=O)[O-])c2[nH]nnc21,1.8442205,8.633332,34.308567,6.1440434,4.137244,674.2052,486.14426,139.6765,4.113601411486843
O=c1[nH]c([N+](=O)[O-])c([N+](=O)[O-])c2nnn([N+](=O)[O-])c12,1.9469439,8.526319,34.37129,5.609999,3.360392,598.95374,121.17468,144.6849,3.787680943524517
O=c1c2c([N+](=O)[O-])nn(C=N[N+](=O)[O-])c2nc2n([N+](=O)[O-])c([N+](=O)[O-])nn12,1.9083813,8.3918085,33.02432,5.5846925,3.3539004,601.5101,297.52597,124.88608,4.364247115684176
O=c1n(N[N+](=O)[O-])c(=O)n2ncnc2n1[N+](=O)[O-],1.8876647,8.213692,31.36771,4.9817038,3.1851208,641.9033,32.699726,131.98367,3.9798750413765305
Nn1c([N+](=O)[O-])nc2oc([N+](=O)[O-])nc2c1=N[N+](=O)[O-],1.9157554,8.5208845,34.000587,5.6456003,3.5228012,624.07074,193.32278,158.10832,4.229217391908129
Nc1c([N+](=O)[O-])c([N+](=O)[O-])c([N+](=O)[O-])c2nc([N+](=O)[O-])nn12,1.9413943,8.576618,34.7507,5.78658,3.5022602,605.70605,196.72101,217.91016,3.436873154757607
O=[N+]([O-])Nc1n[nH]c2nc([N+](=O)[O-])nn12,1.8863212,8.612316,34.594044,5.673336,3.841753,679.136,392.7325,140.78111,3.8429597604549484
Nc1c([N+](=O)[O-])nnn2nc([N+](=O)[O-])c([N+](=O)[O-])c12,1.9054255,8.520032,33.957863,5.975521,3.6799505,616.5207,372.43655,253.65929,3.636835405062979
O=[N+]([O-])N1c2nonc2N(O)c2nonc21,1.90319,8.818786,36.500416,6.706545,4.1689153,620.2156,535.9279,105.06349,3.9427392445791005
Nn1c(=O)c2c(c([N+](=O)[O-])nn2O)n([N+](=O)[O-])c1=O,1.9068286,8.2357645,31.804,5.108218,3.212434,631.1033,-89.36453,120.5963,3.927394626413058
Nn1nc([N+](=O)[O-])c2c(=O)nc([N+](=O)[O-])[nH]c21,1.855058,7.7880735,27.980053,4.7248564,2.9388814,625.5324,62.13608,257.78873,3.8104111972251715
O=c1nc([N+](=O)[O-])n([N+](=O)[O-])c2c1nc([N+](=O)[O-])n2N[N+](=O)[O-],1.9234506,8.747032,35.810734,5.906762,3.66187,621.61,168.98764,123.01045,4.105976696050757
NN1C(=O)NNC([N+](=O)[O-])=C1N[N+](=O)[O-],1.847091,8.376552,32.347248,5.206497,3.7488315,724.4692,28.493258,130.42938,4.2308928821175265
Nc1cc([N+](=O)[O-])c2nnc([N+](=O)[O-])n2c1[N+](=O)[O-],1.8508174,7.9779887,29.279795,5.5105186,3.2828922,596.7076,231.93393,242.24823,3.475148328139902
Nc1nc2nc3oc([N+](=O)[O-])c([N+](=O)[O-])n3c(=O)n2c1[N+](=O)[O-],1.8908972,7.806994,28.376741,4.650356,2.6978922,582.29535,-103.04277,248.50156,3.978568020136507
Nn1nc([N+](=O)[O-])n2c([N+](=O)[O-])c([N+](=O)[O-])nc12,1.900862,8.771849,35.853592,6.1428666,3.967868,646.9495,341.257,249.45561,3.8357185356482155
O=c1n(N[N+](=O)[O-])c([N+](=O)[O-])nc2nc(N[N+](=O)[O-])nn12,1.9185863,8.649972,35.07013,5.454157,3.5828137,658.6887,209.8339,133.01666,3.9570634006519496
O=[N+]([O-])NNc1c([N+](=O)[O-])n([N+](=O)[O-])n[n+]1[O-],1.9396377,9.673682,43.64632,7.1226506,4.964322,700.09143,331.12305,141.45308,4.566215532889506
NC1=C([N+](=O)[O-])N=C2C(=O)N(C(=O)N2[N+](=O)[O-])c2nc1nnc2[N+](=O)[O-],1.8693538,7.8657694,28.88127,4.8949437,2.9043157,593.69165,134.11752,141.67986,5.518228820567339
O=c1[nH]cnc2c1n([N+](=O)[O-])c(=O)n2[N+](=O)[O-],1.8876423,7.816234,28.607065,4.641944,2.765072,597.9056,-100.6195,141.81158,3.8386973510713247
O=c1nc([N+](=O)[O-])nc2c([N+](=O)[O-])c[nH]n12,1.8497751,7.608397,26.630497,4.610632,2.716228,591.29736,17.221102,276.19315,3.466929870697168
Nc1nc([N+](=O)[O-])c2c(n1)n([N+](=O)[O-])c(=O)n2[N+](=O)[O-],1.8913758,8.269202,31.981133,5.2186527,3.2612748,626.05975,58.58553,126.90561,3.8538684581133316
O=c1c2c([N+](=O)[O-])nc([N+](=O)[O-])nc2n(C=N[N+](=O)[O-])c(=O)n1[N+](=O)[O-],1.9236087,8.276215,32.250668,5.208514,3.0858371,592.2668,-40.76556,151.25423,4.247789670459136
O=[N+]([O-])Nc1nc([N+](=O)[O-])n(N[N+](=O)[O-])c2nnnc1-2,1.8960906,8.788365,36.033813,6.127284,4.0365977,659.7867,513.52155,128.02446,4.0168183594940015
O=c1c2c(nc([N+](=O)[O-])n2[N+](=O)[O-])n(N[N+](=O)[O-])c(=O)n1N[N+](=O)[O-],1.9431856,8.790979,36.422382,5.6577,3.6152143,639.8479,-5.2297034,138.03172,4.3204292243423215
O=c1[nH]c(=N[N+](=O)[O-])c2[nH]c(=O)n([N+](=O)[O-])c2n1C=N[N+](=O)[O-],1.9231181,8.109812,30.903011,4.6856694,2.9305208,628.8571,-108.871216,150.65211,4.611062597690101
Nc1nn2c([N+](=O)[O-])nnc([N+](=O)[O-])c2c1[N+](=O)[O-],1.8941828,8.474107,33.47813,5.902583,3.6519644,618.9027,374.10165,241.91861,3.6285166358322094
Nn1c(O)c([N+](=O)[O-])c2c(=O)n([N+](=O)[O-])c(=O)n([N+](=O)[O-])c21,1.9422096,8.319276,32.764965,5.045468,3.1098127,617.0531,-259.62378,147.04613,4.031770335208735
Nc1c([N+](=O)[O-])c2c(=O)n([N+](=O)[O-])c(=O)[nH]c2n1N[N+](=O)[O-],1.9189032,8.090574,30.783396,4.6976185,2.9593592,633.50525,-201.50787,153.90126,4.052492587955989
O=c1[nH]c2nc3c(nc2c(=O)n1N=N[N+](=O)[O-])n([N+](=O)[O-])c(=O)n3[N+](=O)[O-],1.9285249,8.150684,31.355074,4.8663054,2.9117503,600.3002,44.357533,143.47792,4.296333654145714
O=c1[nH]c([N+](=O)[O-])nn2nc(N[N+](=O)[O-])c([N+](=O)[O-])c12,1.9161062,8.417503,33.27389,5.3925233,3.360291,624.57214,118.49335,129.3761,3.851815650253556
NC1=C([N+](=O)[O-])C(=C2N=NNN2)C([N+](=O)[O-])=C([N+](=O)[O-])N1[N+](=O)[O-],1.8998485,8.624862,34.77227,6.002554,3.8691568,645.42,364.87344,146.12234,4.32550093585815
O=c1c([N+](=O)[O-])c2o[nH]cc-2n1[N+](=O)[O-],1.8485265,7.967932,29.340662,5.561921,3.2020519,574.3041,-22.141172,135.93813,4.05827927265007
Nn1c([N+](=O)[O-])nc2c([nH]c(=O)n2[N+](=O)[O-])c1=O,1.9206998,7.9477987,29.840952,4.4674587,2.7971196,629.66406,-121.79534,151.74323,3.7023918580704738
O=c1oc(O)c([N+](=O)[O-])nc1[N+](=O)[O-],1.9061551,7.9948983,29.69299,4.7009177,2.6967359,574.2826,-426.4869,244.28699,3.435388277999831
O=[N+]([O-])N=c1c(=C2N=NN=N2)oc2nnc([N+](=O)[O-])n12,1.8920298,8.464328,33.477932,5.890463,3.6143832,612.02423,649.7912,148.58704,4.547946289896932
N=c1c2c([N+](=O)[O-])noc2nc([N+](=O)[O-])n1[N+](=O)[O-],1.9074936,8.570181,34.384342,6.0110273,3.6262379,602.44037,223.483,123.25688,3.9289615589091333
O=[N+]([O-])Nc1nc2nnc([N+](=O)[O-])c([N+](=O)[O-])n2n1,1.9065129,8.831446,36.555817,6.2121687,3.9804506,639.98883,504.2227,135.7453,3.661827224067503
O=c1[nH]nnc2nc([N+](=O)[O-])n([N+](=O)[O-])c12,1.8686986,8.235332,31.487955,5.4464536,3.3565674,616.25464,237.25522,140.54,3.9408579565647903
O=c1nc([N+](=O)[O-])nc2[nH]nc(N[N+](=O)[O-])n12,1.8975261,8.085238,30.639385,4.6704726,3.0005271,645.63727,95.63956,138.05908,3.7884234380278468
O=c1c2c([N+](=O)[O-])c([N+](=O)[O-])n(N[N+](=O)[O-])c2nc2nc([N+](=O)[O-])[nH]n12,1.9161655,8.3326025,32.6148,5.4078207,3.2564745,603.72906,141.24713,134.98055,4.06699136237336
Nc1c([N+](=O)[O-])nc([N+](=O)[O-])nc1[N+](=O)[O-],1.8802462,8.423049,32.975178,5.6134396,3.5330644,630.4007,69.85246,250.48315,3.3130178937348234
O=c1nc2nc([N+](=O)[O-])n([N+](=O)[O-])c2c([N+](=O)[O-])n1N[N+](=O)[O-],1.9232273,8.738183,35.68569,5.923148,3.6611168,618.2669,151.16718,117.850845,4.104942849896911
O=c1[nH]nc([N+](=O)[O-])n1N[N+](=O)[O-],1.9036324,8.880838,36.6358,5.6530066,3.9279747,698.6435,56.26044,133.8488,3.749589523764482
O=c1[nH]c(=NN[N+](=O)[O-])c2ncnc([N+](=O)[O-])c2n1[N+](=O)[O-],1.8715757,8.040947,30.037226,5.106712,3.145001,617.3242,135.34354,129.44115,4.2141217926496
Nc1c2nc([N+](=O)[O-])n([N+](=O)[O-])c(=O)c2nn1[N+](=O)[O-],1.9232942,8.480321,33.86059,5.515479,3.425749,621.9104,135.2587,137.2265,4.04999123917842
O=c1[nH]c2c(nc([N+](=O)[O-])n2[N+](=O)[O-])c(=NN[N+](=O)[O-])n1[N+](=O)[O-],1.972687,8.849431,37.108974,5.6527905,3.6022243,638.74585,124.92517,138.05441,4.456199836957052
O=[N+]([O-])Nn1nnc2c([N+](=O)[O-])c([N+](=O)[O-])nc([N+](=O)[O-])c21,1.9179776,8.871434,36.876495,6.4363923,3.9860785,617.6043,424.68466,128.22035,3.8432342325183217
O=[N+]([O-])c1nn([N+](=O)[O-])c2nc([N+](=O)[O-])n3nnnc3c12,1.9335959,8.708638,35.815174,6.1641,3.7440047,606.07666,622.3048,131.5019,3.900813660917999
Nc1c(=O)n([N+](=O)[O-])c([N+](=O)[O-])c2nnn([N+](=O)[O-])c12,1.9352678,8.585975,34.7337,5.7253284,3.547488,620.07764,190.33325,136.28792,4.030838280598539
O=[N+]([O-])Nc1nnn2c([N+](=O)[O-])nn([N+](=O)[O-])c12,1.9345182,9.274955,40.417023,6.7248073,4.4678845,664.059,544.0113,131.84857,4.093684656761146
O=c1c2c(nc([N+](=O)[O-])n2N[N+](=O)[O-])n([N+](=O)[O-])c(=O)n1N[N+](=O)[O-],1.948039,8.805087,36.5771,5.6648784,3.6191967,639.8996,0.74843085,126.75438,4.301822123750606
Nc1c([N+](=O)[O-])n([N+](=O)[O-])c(=O)c2nnn([N+](=O)[O-])c12,1.9317427,8.572413,34.589436,5.6947474,3.5297666,620.7548,183.62988,132.62885,4.030838280598539
O=c1c2nc3c([N+](=O)[O-])nn(C=N[N+](=O)[O-])c3nc2n([N+](=O)[O-])c(=O)n1N[N+](=O)[O-],1.9074017,8.241286,31.866709,5.2721,3.1687784,601.50305,172.04315,141.87779,4.496928648122807
O=[N+]([O-])Nc1nc([N+](=O)[O-])nc2[nH]nc([N+](=O)[O-])c12,1.8695121,8.249802,31.631933,5.4496894,3.407143,626.6959,257.3977,128.08508,3.669290572483794
O=c1[nH]c2ncnc-2c([N+](=O)[O-])n1[N+](=O)[O-],1.8418441,7.6418705,26.90672,4.695608,2.7924662,596.63184,30.81708,146.88782,3.6283245039708714
O=[N+]([O-])c1nc2c([N+](=O)[O-])nc3nnn([N+](=O)[O-])c3n2c1[N+](=O)[O-],1.9206083,8.686341,35.50914,6.211643,3.7036757,593.756,516.5742,117.36264,4.092601794374634
O=c1n(N[N+](=O)[O-])c2nc([N+](=O)[O-])n([N+](=O)[O-])c(=N[N+](=O)[O-])c2n1[N+](=O)[O-],1.974432,9.174084,39.89327,6.199947,3.9601107,638.599,207.22595,121.19701,4.49696596183802
Nn1c(=O)c2[nH]nc([N+](=O)[O-])c2n2c([N+](=O)[O-])c([N+](=O)[O-])nc12,1.8865255,7.9497986,29.423653,5.0446596,3.017605,600.3068,161.56024,243.37561,3.814915561120114
Nc1c([N+](=O)[O-])n([N+](=O)[O-])c2c1nnn2[N+](=O)[O-],1.8938004,8.800063,36.002228,6.3212967,4.0775485,645.48627,388.0521,138.20717,4.119438011916629
Nc1nn([N+](=O)[O-])c2c([N+](=O)[O-])nn([N+](=O)[O-])c(=N[N+](=O)[O-])c12,1.9036317,8.841073,36.360607,6.286273,4.022977,640.8773,408.65097,125.05209,4.323209003743064
Nn1nc([N+](=O)[O-])c2nn([N+](=O)[O-])c(=O)n2c1=O,1.9408251,8.461419,33.82843,5.0942774,3.2850728,647.1286,67.14905,158.45857,4.014381056106481
O=[N+]([O-])c1nc2nc([N+](=O)[O-])n3c4nnc([N+](=O)[O-])c-4nnc3n2n1,1.9020001,8.211585,31.677801,5.531229,3.2461252,585.3918,708.4708,231.27682,3.8573656174475452
O=c1nc2n([N+](=O)[O-])c(C=N[N+](=O)[O-])c([N+](=O)[O-])n2c(=O)n1[N+](=O)[O-],1.9503963,8.575396,34.7263,5.442861,3.3121912,608.59875,-24.701612,141.75066,4.4265440172417305
Nn1nc([N+](=O)[O-])n2c(=O)c3c([N+](=O)[O-])nn([N+](=O)[O-])c3nc12,1.9113469,8.326083,32.58133,5.3812847,3.3172812,617.6202,255.1358,138.07893,4.083826027702711
Nc1nnn2c([N+](=O)[O-])c([N+](=O)[O-])c([N+](=O)[O-])nc12,1.8582045,8.322971,31.935858,5.7961206,3.590272,620.41644,356.55734,217.54483,3.56752986660144
O=c1nc2nc3n([N+](=O)[O-])c(=O)nc-3n([N+](=O)[O-])c(=O)nc-2n1N[N+](=O)[O-],1.918551,8.13712,31.262316,4.8432894,2.9140341,603.1558,35.831486,133.52222,4.262754807991868
O=[N+]([O-])N=Cn1nc([N+](=O)[O-])c2nc([N+](=O)[O-])n([N+](=O)[O-])c(=N[N+](=O)[O-])c21,1.9166056,8.892913,37.05661,6.3899293,3.9768813,621.0931,463.30692,117.77748,4.572301909833687
O=c1[nH]oc(N[N+](=O)[O-])c1[N+](=O)[O-],1.9082297,8.688802,35.273197,5.7422943,3.7035475,646.1543,-84.05071,140.93303,3.7443931436739843
O=[N+]([O-])c1nnn2c([N+](=O)[O-])nnc2c1[N+](=O)[O-],1.9270824,8.93228,37.524796,6.631063,4.0452776,607.36285,530.00616,219.89969,3.4560058106072997
O=c1n([N+](=O)[O-])c2nc([N+](=O)[O-])[nH]c(=NN[N+](=O)[O-])c2n1[N+](=O)[O-],1.9678421,8.844399,37.154205,5.696136,3.6209185,636.8652,141.98285,140.56567,4.5157404962977115
O=c1c([N+](=O)[O-])nc2c(nc([N+](=O)[O-])n2[N+](=O)[O-])n1N[N+](=O)[O-],1.9499638,8.848854,37.02457,5.9659476,3.6981356,619.2196,176.59814,129.81769,4.095739772973834
O=[N+]([O-])c1nc([N+](=O)[O-])c2c([N+](=O)[O-])nc([N+](=O)[O-])nc2n1,1.8990395,8.335591,32.540035,5.713507,3.2927897,575.2433,222.09177,207.7192,3.5794869537896563
N=c1c2nc([N+](=O)[O-])n([N+](=O)[O-])c2n([N+](=O)[O-])c(=O)n1N[N+](=O)[O-],1.9289823,8.798368,36.39671,5.8577375,3.746212,640.30304,164.48239,130.23264,4.417424119126496
O=[N+]([O-])Nn1c([N+](=O)[O-])nc2c([N+](=O)[O-])n[nH]c21,1.8980883,8.7453,35.711723,6.077007,3.9379895,648.8011,336.42624,130.11327,3.970427925991915
O=[N+]([O-])Nn1c([N+](=O)[O-])nc2[nH]nc([N+](=O)[O-])c21,1.8718404,8.657119,34.708294,6.061884,3.93005,649.481,335.72083,128.02124,3.9677250413765304
O=[N+]([O-])NN=c1c2nn[nH]c2nc([N+](=O)[O-])n1N[N+](=O)[O-],1.880264,8.679009,34.90354,5.8875337,3.9601421,674.3826,510.07828,138.57736,4.521330260108284
O=[N+]([O-])N=Cc1c([N+](=O)[O-])n2nnc([N+](=O)[O-])c2c2nc([N+](=O)[O-])c([N+](=O)[O-])nc12,1.883155,8.261068,31.78558,5.9330764,3.3950822,570.1928,466.58487,184.70848,4.224078071199729
O=[N+]([O-])c1nc(Oc2nn([N+](=O)[O-])c3nnnn23)c2nc([N+](=O)[O-])n([N+](=O)[O-])c2n1,1.9194435,8.599246,34.77065,5.846059,3.5488045,605.48596,575.0845,131.73611,4.34840011153744
NN=c1c2nc([N+](=O)[O-])c(N[N+](=O)[O-])n2c([N+](=O)[O-])nn1[N+](=O)[O-],1.9080528,8.828745,36.45532,6.0866094,4.001006,658.2239,421.02792,131.43457,4.28052071607793
O=c1n(N[N+](=O)[O-])c(=N[N+](=O)[O-])c2[nH]nc([N+](=O)[O-])c2n1C=N[N+](=O)[O-],1.9033647,8.553313,34.101585,5.657142,3.6104698,639.2159,226.02267,149.62617,4.583976646654294
O=c1[nH]c2c(c(=N[N+](=O)[O-])n([N+](=O)[O-])c(=O)n2[N+](=O)[O-])n1N[N+](=O)[O-],1.9895954,8.914111,37.761112,5.5536113,3.5738254,645.1415,-19.954863,136.52153,4.47144602907605
O=[N+]([O-])Nn1nnc2nc([N+](=O)[O-])c([N+](=O)[O-])nc21,1.8892139,8.73818,35.564316,6.2323046,3.9519012,634.0233,510.04105,134.4035,3.9801014322123
Nc1c(C=N[N+](=O)[O-])c2c(c(=O)c([N+](=O)[O-])c([N+](=O)[O-])n2[N+](=O)[O-])n1[N+](=O)[O-],1.8959246,8.404988,32.939034,5.8501973,3.4974477,596.9327,76.38159,129.66199,4.349426775431893
O=[N+]([O-])Nc1nc([N+](=O)[O-])n2nc(N[N+](=O)[O-])n([N+](=O)[O-])c12,1.935501,9.139877,39.287663,6.352592,4.2179494,664.2465,396.3397,133.08716,4.230943251085962
O=c1c([N+](=O)[O-])c[nH]c2nc([N+](=O)[O-])nn12,1.8621908,7.667597,27.18768,4.6376,2.7360976,592.7742,32.002003,265.56708,3.5755448975307997
O=c1nc([N+](=O)[O-])c2nn([N+](=O)[O-])cc2n1[N+](=O)[O-],1.9253533,8.4991665,34.012165,5.7653675,3.4552505,597.97943,166.71802,143.24709,4.08758586660144
NN=c1[nH]c2c(c(=O)n1[N+](=O)[O-])n([N+](=O)[O-])c(=O)n2N[N+](=O)[O-],1.9278886,8.524133,34.19949,5.2189455,3.4485874,663.3708,14.710147,146.9065,4.586989772973833
O=c1c2c(nc3c(C=N[N+](=O)[O-])c([N+](=O)[O-])n4nnnc4n32)n([N+](=O)[O-])c(=O)n1[N+](=O)[O-],1.9225502,8.233615,31.912386,5.33582,3.1326907,586.3344,320.6285,144.98802,4.442939917708996
O=[N+]([O-])c1nnc2c([N+](=O)[O-])c([N+](=O)[O-])nn2n1,1.9424185,8.973847,38.03044,6.570752,4.013211,608.2789,531.1718,241.1003,3.5702625413765308
O=c1[nH]c(=N[N+](=O)[O-])c2nc([N+](=O)[O-])n3nnnc3c2n1N[N+](=O)[O-],1.9159397,8.386984,33.029694,5.3643126,3.369656,630.34094,410.33975,140.67558,4.284764132104245
O=[N+]([O-])c1c([N+](=O)[O-])n([N+](=O)[O-])c2nonc12,1.929305,9.155572,39.402946,7.21376,4.3337092,595.2206,413.6309,115.55466,3.699171197225171
Nn1c(=O)n([N+](=O)[O-])c2c([N+](=O)[O-])nn([N+](=O)[O-])c(=O)c21,1.9454318,8.620193,35.130493,5.571438,3.4820838,625.6088,38.806217,128.25716,4.07522567171422
Nc1c([N+](=O)[O-])c([N+](=O)[O-])nn([N+](=O)[O-])c1=O,1.9276696,8.728521,35.78842,5.81477,3.68349,633.9554,8.363574,155.97935,3.5232472616258868
O=[N+]([O-])c1n[nH]c2nc([N+](=O)[O-])n3nnnc3c12,1.8735217,8.065497,30.228455,5.4234047,3.263411,603.24554,533.0554,246.00853,3.5932080413765295
Nc1nc([N+](=O)[O-])c([N+](=O)[O-])c(=O)[nH]1,1.8538717,7.7159405,27.378048,4.3479958,2.753006,638.25977,-176.54878,239.63339,3.021599816461369
Nc1c(N[N+](=O)[O-])[nH]c(=O)n([N+](=O)[O-])c1=O,1.9086721,8.026936,30.267262,4.364743,2.8969605,667.2249,-260.52103,159.81621,3.8753405954233795
Nc1c([N+](=O)[O-])c([N+](=O)[O-])nn1[N+](=O)[O-],1.9267474,9.11181,38.886314,6.367367,4.2477717,668.2216,162.71463,171.34367,3.549054171435495
Nn1c(=O)[nH]c2c(O)c([N+](=O)[O-])c([N+](=O)[O-])c([N+](=O)[O-])c21,1.9019554,7.8353376,28.699625,4.722206,2.795252,594.5763,-258.8649,221.4891,3.3986384922270405
O=c1n(C=N[N+](=O)[O-])c([N+](=O)[O-])nc2c([N+](=O)[O-])c([N+](=O)[O-])c([N+](=O)[O-])n12,1.926511,8.564596,34.4286,5.765136,3.4265506,593.3605,63.342808,196.13614,4.1030033244753845
O=[N+]([O-])Nn1nnc2c([N+](=O)[O-])nc([N+](=O)[O-])c([N+](=O)[O-])c21,1.9193612,8.882194,36.968357,6.4600067,3.9965224,617.0376,438.10495,127.6537,3.8432342325183217
NN=c1c(=O)[nH]n([N+](=O)[O-])c2cnc([N+](=O)[O-])nc12,1.8259623,7.6022778,26.589684,4.759758,2.9471085,621.9855,170.52164,145.62946,4.203249848501893
O=[N+]([O-])c1c([N+](=O)[O-])n2c([N+](=O)[O-])nnc2n1[N+](=O)[O-],1.9617718,9.297927,40.87739,6.830321,4.273269,622.3042,396.32053,126.95671,3.873436801308597
O=c1[nH]c(N[N+](=O)[O-])nc2nc([N+](=O)[O-])c([N+](=O)[O-])n12,1.8976158,8.174815,31.222788,4.941312,3.0780168,624.6641,1.9304224,163.69441,3.671938436900872
O=c1nc(N[N+](=O)[O-])[nH]c2c([N+](=O)[O-])n[nH]c12,1.8499379,7.6913037,27.355827,4.550223,2.8291514,624.8227,49.272617,158.49162,3.5209368159542684
O=[N+]([O-])c1n[nH]c2nc3n([N+](=O)[O-])nc([N+](=O)[O-])n3c12,1.9196825,8.55382,34.437683,5.8092566,3.584241,616.86084,415.60916,137.6811,4.110579897955541
O=c1[nH]c(=O)n(C=N[N+](=O)[O-])c2c1[nH]n2[N+](=O)[O-],1.8607527,7.722126,27.506826,4.424648,2.7628362,629.1371,-134.48607,147.20874,4.370195233684221
Nn1c([N+](=O)[O-])c([N+](=O)[O-])c(=O)n2c([N+](=O)[O-])c([N+](=O)[O-])nc12,1.9312549,8.552711,34.38965,5.717777,3.4593186,604.6206,57.97507,224.3927,3.6962352097404576
O=[N+]([O-])N=c1c2c(nc([N+](=O)[O-])n1N[N+](=O)[O-])nc([N+](=O)[O-])n2[N+](=O)[O-],1.9429718,9.117711,39.079086,6.4421124,4.095976,636.1759,400.2117,126.91986,4.393860484938775
Nc1nn([N+](=O)[O-])c2[nH]c(=O)n([N+](=O)[O-])c(=O)c12,1.9028541,7.852256,28.91866,4.332151,2.7257814,632.7044,-156.55199,160.72063,4.019294967726776
N=c1c2c(n([N+](=O)[O-])c(=O)n1[N+](=O)[O-])n([N+](=O)[O-])c(=O)n2N,1.9469959,8.586202,34.901875,5.325816,3.4396982,648.1481,0.75320685,133.56085,4.38719615938456
Nn1c([N+](=O)[O-])c([N+](=O)[O-])n2nc([N+](=O)[O-])nc12,1.9106659,8.793539,36.165726,6.123348,3.9510999,646.33435,339.15695,250.78587,3.7397470135532904
O=c1[nH]c2nnnc(N[N+](=O)[O-])c2n1[N+](=O)[O-],1.8915484,8.293624,32.10346,5.2011456,3.3496845,645.93475,224.14279,136.49745,3.9264244413723297
O=[N+]([O-])C1=NN([N+](=O)[O-])c2nnc3n([N+](=O)[O-])nc1n23,1.9689195,9.131226,39.627823,6.479592,4.0959077,630.3049,627.685,119.98088,4.385731180006822
O=c1[nH]c([N+](=O)[O-])nc2cc([N+](=O)[O-])c3c([N+](=O)[O-])nnn3c12,1.8687866,7.588068,26.627495,4.8387275,2.6762338,554.9207,130.74802,241.60675,3.5668204181351246
O=[N+]([O-])N=c1[nH]c([N+](=O)[O-])nc2c1nnc1c([N+](=O)[O-])n[nH]c12,1.8989376,8.05886,30.513033,5.2732887,3.1473453,596.86237,466.99985,191.71588,4.075763948798009
O=[N+]([O-])c1ncnc2c([N+](=O)[O-])n([N+](=O)[O-])nc12,1.8675684,8.35106,32.380768,6.098624,3.6038597,589.30444,367.32346,132.2507,3.7199798490688387
Nc1nc(=O)c2c(c([N+](=O)[O-])nn2[N+](=O)[O-])n1[N+](=O)[O-],1.9042474,8.372154,32.750443,5.3619733,3.3500247,626.26514,101.4335,129.15428,4.00264271846836
O=[N+]([O-])N=NN(O[N+](=O)[O-])[N+](=O)[O-],1.9151661,10.129018,47.613605,7.766429,5.5735264,717.9383,225.89099,131.83987,4.63327611364519
O=c1c2c(nc([N+](=O)[O-])n2N[N+](=O)[O-])n(N[N+](=O)[O-])c(=O)n1[N+](=O)[O-],1.9476166,8.819482,36.71027,5.6746774,3.6354594,641.98553,6.9872613,130.50916,4.301822123750606
O=c1[nH]c2c([N+](=O)[O-])nn(C=N[N+](=O)[O-])c2c(=O)n1[N+](=O)[O-],1.9206206,8.203803,31.637459,5.0303965,3.0607824,609.6287,-35.593456,160.74022,4.285957839945377
Nc1c([N+](=O)[O-])nn2c([N+](=O)[O-])c(O)nnc12,1.8644439,7.9561644,29.3221,5.0699387,3.1407032,621.4625,161.85684,264.22714,3.5931773510713256
NN=c1c2[nH]c(=O)n(N[N+](=O)[O-])c2n([N+](=O)[O-])c(=O)n1[N+](=O)[O-],1.9419448,8.530703,34.33481,5.1464906,3.4016137,663.903,2.1658504,145.39984,4.420049003743064
Nc1c([N+](=O)[O-])nc2n(N[N+](=O)[O-])c([N+](=O)[O-])c([N+](=O)[O-])n12,1.915036,8.766884,36.007633,5.960683,3.8596241,649.10004,209.63928,137.95305,4.021863438158416
O=c1[nH]c(=NC=N[N+](=O)[O-])c2c(n1[N+](=O)[O-])n([N+](=O)[O-])c(=O)n2[N+](=O)[O-],1.9434704,8.591516,34.849705,5.407265,3.392091,628.61316,-3.3753636,132.84486,4.8353960053007645
O=c1[nH]c2[nH]c(=O)n([N+](=O)[O-])c2c(=NC=N[N+](=O)[O-])n1[N+](=O)[O-],1.9185612,8.134646,31.059523,4.728101,2.971254,631.98096,-89.01186,142.26546,4.663948095798551
Nc1c([N+](=O)[O-])nc2c3c([N+](=O)[O-])nn(C=N[N+](=O)[O-])c3n([N+](=O)[O-])c(=O)n2c1=O,1.8986956,7.986315,29.879545,4.9247684,2.9354753,598.00964,25.854052,147.34818,4.406744529330206
O=[N+]([O-])Nc1c([N+](=O)[O-])nc2nc([N+](=O)[O-])nc([N+](=O)[O-])n12,1.9055955,8.6646385,35.148453,5.89146,3.6774669,623.6058,275.21555,121.55626,3.8200156648790644
O=c1c2c([N+](=O)[O-])n[nH]c2c([N+](=O)[O-])cn1O,1.8508048,7.6379414,26.873966,4.941024,2.8329577,574.5513,-64.172806,272.91995,3.454561966455941
Nc1c([N+](=O)[O-])nc([N+](=O)[O-])n2c([N+](=O)[O-])c([N+](=O)[O-])nc12,1.9086694,8.418441,33.16805,5.692749,3.4304192,602.83136,166.29099,234.32387,3.6511970413972836
O=[N+]([O-])Nc1nc([N+](=O)[O-])c2nc([N+](=O)[O-])nc([N+](=O)[O-])n12,1.9142549,8.692236,35.49672,5.8919544,3.6806097,623.9101,283.46002,120.21074,3.8332315799984276
O=c1[nH]c2c([N+](=O)[O-])nc([N+](=O)[O-])nc2c(=NC=N[N+](=O)[O-])n1C=N[N+](=O)[O-],1.881591,7.9910307,29.729158,4.9791074,3.0201192,607.9237,134.11957,166.23944,4.64545062158574
Nn1c([N+](=O)[O-])c([N+](=O)[O-])c(=O)n([N+](=O)[O-])c1=O,1.9608189,8.818015,36.81347,5.6320615,3.5837703,636.56555,-134.4341,154.34941,3.597993887530377
Nn1nc([N+](=O)[O-])c2c1nc([N+](=O)[O-])n2[N+](=O)[O-],1.8895034,8.822041,36.27307,6.357322,4.1394353,651.44934,394.63528,133.69948,4.001353887530376
O=c1[nH]nc([N+](=O)[O-])c2c1nc(N[N+](=O)[O-])n2[N+](=O)[O-],1.88735,8.361249,32.51387,5.5258226,3.4295757,622.1536,174.47928,133.12422,3.7885047649124832
O=c1[nH]c(=O)n([N+](=O)[O-])c2nc([N+](=O)[O-])n([N+](=O)[O-])c(=NC=N[N+](=O)[O-])c12,1.9191304,8.260185,31.976458,5.0926814,3.103907,611.29144,-44.125454,127.65718,4.450555214275724
O=c1c([N+](=O)[O-])c(N[N+](=O)[O-])n2nc([N+](=O)[O-])nc2n1N[N+](=O)[O-],1.9412334,8.8257885,36.717106,5.838188,3.7383854,640.94116,182.64621,129.36401,4.077997639154853
O=c1c2nc([N+](=O)[O-])[nH]c2n(O)c(=O)n1N[N+](=O)[O-],1.8877777,8.001007,29.856577,4.7237797,2.9473245,626.6074,-187.56348,148.91681,4.038794789678363
O=c1[nH]nc2ncc([N+](=O)[O-])c([N+](=O)[O-])n12,1.8645769,7.7223816,27.566723,4.765628,2.8021822,590.5769,64.86389,234.88585,3.2554830012875087
Nn1c([N+](=O)[O-])c([N+](=O)[O-])c([N+](=O)[O-])c1[N+](=O)[O-],1.9318218,9.176588,39.442524,6.7975273,4.3318667,636.6786,161.15933,245.48691,3.3831446567611447
Nn1nc([N+](=O)[O-])c2c1c(=O)n(N[N+](=O)[O-])c(=O)n2[N+](=O)[O-],1.913942,8.536555,34.150917,5.468844,3.5293071,646.51276,38.65671,129.98788,4.198768701316311
Nn1c(=O)n(N[N+](=O)[O-])c(=O)c2c1n([N+](=O)[O-])c(=O)n2[N+](=O)[O-],1.9510099,8.569497,34.80262,5.1841516,3.343012,646.27,-146.69965,149.49014,4.287986969844759
Nc1nc2nnc([N+](=O)[O-])c([N+](=O)[O-])n2c1[N+](=O)[O-],1.874155,8.345494,32.28227,5.692517,3.5233529,619.73267,322.4866,223.38496,3.6184947896783637
O=[N+]([O-])NN=c1[nH]n([N+](=O)[O-])c2nc([N+](=O)[O-])[nH]c12,1.8943063,8.65141,34.888103,5.781992,3.8397365,666.4373,306.24585,149.33647,4.56592405664669
Nc1nc2nc3c(nc([N+](=O)[O-])n3[N+](=O)[O-])c([N+](=O)[O-])n2c1[N+](=O)[O-],1.8991634,8.28347,32.16467,5.4828296,3.3090193,604.951,295.88873,125.27522,4.034272215197622
O=c1c2c([N+](=O)[O-])nn(N[N+](=O)[O-])c2nc([N+](=O)[O-])n1[N+](=O)[O-],1.9475921,8.862978,37.044266,6.010754,3.7311983,620.83307,175.82358,127.89905,4.129134388358448
Nc1c([N+](=O)[O-])nc([N+](=O)[O-])n2nnc([N+](=O)[O-])c12,1.8973571,8.419859,33.06933,5.7617464,3.5520432,617.3791,323.68832,251.87001,3.5924224819860564
Nn1c([N+](=O)[O-])c([N+](=O)[O-])n2c([N+](=O)[O-])nnc12,1.9019673,8.818529,36.26017,6.271643,4.047034,645.58276,381.3248,247.79497,3.7146265552881506
O=[N+]([O-])Nn1c([N+](=O)[O-])cc2c([N+](=O)[O-])nn([N+](=O)[O-])c21,1.8700764,8.722915,35.03404,6.532084,4.0611525,621.3391,320.23056,129.43015,4.170075508544057
O=c1n2nnnc2c(C=N[N+](=O)[O-])c2nc([N+](=O)[O-])n([N+](=O)[O-])n12,1.878493,8.293102,31.900434,5.563472,3.396555,611.3955,427.07486,127.16095,4.290443928250373
Nn1nc2c(=O)[nH]c(=O)n(O[N+](=O)[O-])c2c1[N+](=O)[O-],1.8854768,8.065386,30.159199,4.860336,3.0405219,629.522,-125.3055,140.96017,3.9339074050629783
Nn1c(=O)c2[nH]c([N+](=O)[O-])nc2n([N+](=O)[O-])c1=O,1.8984603,7.922554,29.500593,4.548486,2.854268,630.6507,-111.09626,133.42726,3.6928763097889687
O=c1c2nc([N+](=O)[O-])[nH]c2n(N[N+](=O)[O-])c(=O)n1[N+](=O)[O-],1.9303755,8.395241,33.232822,5.119932,3.1968086,625.58,-86.97262,141.2238,4.1272229211314695
O=c1c2nc3nc([N+](=O)[O-])n(C=N[N+](=O)[O-])c(=N[N+](=O)[O-])c3nc2n([N+](=O)[O-])c(=O)n1N[N+](=O)[O-],1.9241645,8.366505,32.92822,5.360102,3.230753,603.2496,184.01248,135.90604,4.716890241449377
O=[N+]([O-])c1nc([N+](=O)[O-])n2c([N+](=O)[O-])c3cnn([N+](=O)[O-])c3nc12,1.8953437,8.319649,32.36881,5.8775463,3.4161751,579.0939,369.1771,136.90749,3.930080400143863
O=c1[nH]c2c(c([N+](=O)[O-])nn2[N+](=O)[O-])c(=NC=N[N+](=O)[O-])n1C=N[N+](=O)[O-],1.894181,8.273892,31.818762,5.279066,3.2957172,626.51794,168.6456,159.25925,4.853831731068789
Nc1nnn2c([N+](=O)[O-])c([N+](=O)[O-])nc([N+](=O)[O-])c12,1.8800874,8.372857,32.558544,5.7803636,3.571892,618.3492,341.30563,226.81387,3.555647097370672
Nc1c([N+](=O)[O-])c(=O)nc2c([N+](=O)[O-])nn([N+](=O)[O-])n12,1.9338337,8.436165,33.547997,5.3487263,3.32716,623.3824,96.46109,154.60806,3.8185288131429163
O=c1c2nc([N+](=O)[O-])n([N+](=O)[O-])c2[nH]c2nc([N+](=O)[O-])nn12,1.9025924,8.152991,31.169497,5.150075,3.074085,597.4818,180.64612,146.52347,4.026067555361463
Nn1nc([N+](=O)[O-])n2c(=O)n(N[N+](=O)[O-])c(=O)c([N+](=O)[O-])c12,1.9167888,8.472153,33.622643,5.305489,3.412191,645.07184,-8.102918,150.63864,4.026850482692829
O=c1[nH]c2nc([N+](=O)[O-])nc([N+](=O)[O-])c2n1N[N+](=O)[O-],1.8921751,8.219751,31.479229,5.128424,3.185112,623.5013,41.29897,140.1934,3.8089866226773594
O=c1c2c[nH]nc2n(N[N+](=O)[O-])c(=O)n1[N+](=O)[O-],1.8635451,7.8827405,28.755306,4.804223,2.9756734,622.13696,-47.508694,142.6608,4.2096894644534535
N=c1[nH]c(=N)n([N+](=O)[O-])c2nc([N+](=O)[O-])n([N+](=O)[O-])c12,1.9104959,8.335962,32.656857,5.231013,3.3672442,646.64435,202.30017,148.73628,4.527430588290845
O=[N+]([O-])Nc1nc([N+](=O)[O-])c([N+](=O)[O-])c2nnc([N+](=O)[O-])n12,1.9230193,8.830686,36.64814,6.1793504,3.8645215,624.0609,362.36612,123.19951,3.7698734898127517
O=[N+]([O-])NN=c1c2c(N[N+](=O)[O-])n[nH]c2nc2n([N+](=O)[O-])c([N+](=O)[O-])nn12,1.9160874,8.61952,34.863007,5.694313,3.675497,648.12854,496.73074,137.10406,4.497640819583016
Nn1c(=O)n([N+](=O)[O-])c(=O)c2c1n(N[N+](=O)[O-])c(=O)n2[N+](=O)[O-],1.9529887,8.580896,34.877644,5.195816,3.3499978,646.2407,-138.76178,147.0458,4.308486317954277
O=[N+]([O-])c1nc2c(nc([N+](=O)[O-])n3c([N+](=O)[O-])nnc23)n1[N+](=O)[O-],1.9297045,8.65957,35.3772,6.048268,3.6117582,595.50684,473.15714,132.44153,4.000998669374633
Nn1c(=O)c([N+](=O)[O-])c([N+](=O)[O-])n2nnc([N+](=O)[O-])c12,1.9271404,8.606386,34.766953,5.874176,3.634376,618.98926,244.20068,224.88246,3.6414791090009055
Nc1nn([N+](=O)[O-])c(=N[N+](=O)[O-])o1,1.8790313,8.893013,36.46846,5.8442364,4.0722723,700.4476,99.19971,139.06993,4.3383890712757935
Nc1c2c([N+](=O)[O-])[nH]nc2nc2c1c([N+](=O)[O-])nn2N[N+](=O)[O-],1.8652053,7.9282146,29.244606,5.163358,3.182692,619.3881,358.38138,151.84027,4.089421162551998
Nn1nc([N+](=O)[O-])c2c([N+](=O)[O-])nc(=O)n([N+](=O)[O-])c21,1.9347078,8.583087,34.73809,5.6181736,3.5298674,629.1127,174.5538,149.7839,4.018517866397355
Nc1nnn2c([N+](=O)[O-])nn([N+](=O)[O-])c12,1.8533261,8.6335745,34.364586,6.017897,4.064754,677.0679,449.58066,149.33765,3.9641911957269933
O=c1c2nnn([N+](=O)[O-])c2nc([N+](=O)[O-])n1N[N+](=O)[O-],1.9298965,8.805314,36.365387,5.9328756,3.7636132,635.0984,289.52286,123.9198,4.042171528337737
NN=c1n([N+](=O)[O-])c(=NN[N+](=O)[O-])c2nn([N+](=O)[O-])c([N+](=O)[O-])c2n1C=N[N+](=O)[O-],1.9041032,8.909152,36.96803,6.236088,4.139409,664.91034,519.2155,137.22095,5.016357382300022
NN=c1[nH]c([N+](=O)[O-])nc2nnc([N+](=O)[O-])nc12,1.8438265,7.8866606,28.754276,5.0473447,3.2007272,635.36176,422.6011,253.9938,4.165970528032732
N=c1n([N+](=O)[O-])nc([N+](=O)[O-])c2nc(N)c([N+](=O)[O-])n12,1.8973324,8.388899,32.926792,5.4111023,3.5000086,647.815,267.82855,162.67352,4.017655144503864
O=c1c2c([N+](=O)[O-])nn(C=N[N+](=O)[O-])c2n(O)c(=O)n1[N+](=O)[O-],1.9259989,8.39781,33.163662,5.353579,3.2689111,611.0517,-66.27413,148.3212,4.403249003743065
O=[N+]([O-])NN=c1[nH]c([N+](=O)[O-])c([N+](=O)[O-])c2[nH]nnc12,1.8704613,8.375293,32.49065,5.692095,3.6344938,640.2955,361.75632,164.79448,4.295669641545284
O=c1c([N+](=O)[O-])c([N+](=O)[O-])nc2n([N+](=O)[O-])c(N[N+](=O)[O-])nn12,1.9636608,8.882735,37.369423,5.91937,3.6774702,620.94727,170.72067,137.73436,3.9394766960507557
O=[N+]([O-])c1nc2nn3nnc([N+](=O)[O-])c3c([N+](=O)[O-])c2o1,1.8940871,8.2952795,32.08851,5.8587337,3.315045,563.8276,352.791,237.80537,4.087195037436219
O=[N+]([O-])c1nnc2c(nc3[nH]nc(O)n32)c1[N+](=O)[O-],1.8814628,7.743917,28.023378,4.7736225,2.8026838,588.97906,224.32126,231.70238,3.7830524938203745
O=c1c([N+](=O)[O-])nc2nc([N+](=O)[O-])n(N[N+](=O)[O-])c2n1[N+](=O)[O-],1.9402255,8.838924,36.803135,6.0206366,3.727706,618.32135,195.85373,130.42877,4.177139003743063
O=[N+]([O-])c1nc2c3nnn4nnc([N+](=O)[O-])c4c3nnn2c1[N+](=O)[O-],1.8959275,8.321915,32.420986,5.9959025,3.4793549,578.2849,821.3713,246.7395,3.9448171224642676
O=[N+]([O-])Nc1nc([N+](=O)[O-])c2nnnc-2n1[N+](=O)[O-],1.9169253,8.879042,36.99724,6.3092523,4.0333986,639.0629,516.1014,124.372574,3.948439893750761
Nc1c([N+](=O)[O-])n2nnc([N+](=O)[O-])c2n(N[N+](=O)[O-])c1=O,1.902755,8.497092,33.715153,5.622292,3.6002429,642.871,210.12201,141.1645,3.9408511728797215
O=[N+]([O-])Nc1nc2nc([N+](=O)[O-])c([N+](=O)[O-])c([N+](=O)[O-])n2n1,1.9260806,8.806249,36.466866,6.087601,3.7978601,622.8443,340.1486,136.87473,3.64390452429551
Nc1nn2c(nnn2[N+](=O)[O-])c1[N+](=O)[O-],1.9035319,8.745866,35.711308,5.9744306,3.9994676,672.0851,448.30637,150.26431,4.021060811111608
Nn1nc([N+](=O)[O-])c2nc([N+](=O)[O-])n([N+](=O)[O-])c21,1.9027497,8.868255,36.775517,6.34728,4.135253,651.3396,407.1434,141.73174,4.042954214862619
O=c1[nH]c(N[N+](=O)[O-])nc2nc(N[N+](=O)[O-])nn12,1.8913184,8.056014,30.326029,4.530298,3.0128999,668.74805,106.68161,147.48184,3.7198757085664838
O=[N+]([O-])NN=c1n([N+](=O)[O-])c([N+](=O)[O-])nc2c([N+](=O)[O-])nc([N+](=O)[O-])n12,1.951675,9.102351,39.02213,6.327482,4.026254,635.6515,366.36575,125.66048,4.311600077698955
Nc1nc2c([N+](=O)[O-])c([N+](=O)[O-])n3nnc([N+](=O)[O-])c3n2n1,1.8610082,8.168712,30.797789,5.5458374,3.3962207,613.3602,459.88486,235.21658,3.6267350912154397
Nn1c([N+](=O)[O-])nc2nc([N+](=O)[O-])c([N+](=O)[O-])n21,1.897571,8.698864,35.29552,6.013971,3.8756964,645.00073,316.27112,249.39082,3.893831137939541
Nn1c(=O)n([N+](=O)[O-])c2nc(=O)n([N+](=O)[O-])nc21,1.940335,8.438063,33.783875,5.079401,3.2672756,644.9756,61.918827,140.09071,4.126914934993552
Nc1nnc2[nH]c([N+](=O)[O-])c([N+](=O)[O-])n12,1.8471282,8.024343,29.641127,5.033258,3.2941399,657.4166,227.58423,269.07507,3.7723700418808406
Nc1c([N+](=O)[O-])nnc2c([N+](=O)[O-])n([N+](=O)[O-])c(=O)n12,1.9443971,8.5363865,34.572155,5.475162,3.411607,623.06433,147.4874,147.89348,3.8144415350364085
O=c1[nH]nc([N+](=O)[O-])c2c1nnn2[N+](=O)[O-],1.8815039,8.330217,32.22297,5.6022778,3.441055,615.4634,267.29767,118.21927,3.6594203894807116
O=[N+]([O-])c1nn2c([N+](=O)[O-])nc3c(nc([N+](=O)[O-])n3[N+](=O)[O-])c2c1[N+](=O)[O-],1.9505686,8.770718,36.484898,6.198406,3.6460624,585.2824,389.69925,135.81218,3.975329862163047
Nn1nc([N+](=O)[O-])c2c(=O)n(N[N+](=O)[O-])c(=O)[nH]c21,1.8726076,7.913922,29.042751,4.585842,2.9715729,651.98206,-79.154144,153.94585,3.944538481986056
Nn1nc([N+](=O)[O-])c2c1nc([N+](=O)[O-])c(=O)n2[N+](=O)[O-],1.9156302,8.592857,34.725544,5.814934,3.6406665,625.6438,219.61661,127.821884,3.9470717125512005
O=[N+]([O-])c1c(N=[N+]([O-])NO)nnn2c([N+](=O)[O-])nnc12,1.892211,8.873055,36.673035,6.40585,4.1839747,653.2798,570.4053,156.17892,4.137992718468361
O=c1nc([N+](=O)[O-])c2nc([N+](=O)[O-])nc([N+](=O)[O-])c2n1N[N+](=O)[O-],1.9193405,8.504687,33.983505,5.6502633,3.4067342,602.1768,149.35199,132.95384,3.978232803990018
O=[N+]([O-])c1nc2c([N+](=O)[O-])nnc([N+](=O)[O-])n2c1[N+](=O)[O-],1.9309174,8.88138,37.075832,6.469057,3.8655384,594.4031,381.733,221.9166,3.707540963089512
O=c1n(N[N+](=O)[O-])c2c(=N[N+](=O)[O-])[nH]c([N+](=O)[O-])nc2n1[N+](=O)[O-],1.9529121,8.812392,36.735718,5.677112,3.6302185,640.973,134.21762,138.07056,4.452083353440568
Nn1c(=O)n([N+](=O)[O-])c2c1n([N+](=O)[O-])c(=O)c(=O)n2N[N+](=O)[O-],1.9576349,8.630218,35.347965,5.2769713,3.4071438,647.0216,-107.70216,144.83171,4.3267045708877845
Nc1nn([N+](=O)[O-])c2nc([N+](=O)[O-])n([N+](=O)[O-])c12,1.9079453,8.763592,35.918808,6.026111,3.9078543,648.95776,319.9746,141.2854,4.0978439038969885
Nc1nc2c([N+](=O)[O-])nc([N+](=O)[O-])nn2c1[N+](=O)[O-],1.8927475,8.332554,32.406292,5.538207,3.421969,619.25665,277.00888,250.89264,3.6266750973706703
O=c1c([N+](=O)[O-])c([N+](=O)[O-])nc2nc[nH]n12,1.8228325,7.578079,26.193226,4.7387657,2.77821,588.5087,50.37409,230.73724,3.374910908264253
O=[N+]([O-])c1cn2c([N+](=O)[O-])[n+]([O-])oc2n1,1.8643738,8.518889,33.609882,6.2735834,3.7508328,595.7597,150.41772,169.83342,4.252447349573147
O=c1n(C=N[N+](=O)[O-])nc2c([N+](=O)[O-])c([N+](=O)[O-])c([N+](=O)[O-])c([N+](=O)[O-])n12,1.9330775,8.64008,35.065346,5.9525523,3.5186057,589.73157,118.88397,196.87978,4.047585082717142
Nc1nc([N+](=O)[O-])c([N+](=O)[O-])n1[N+](=O)[O-],1.8861982,8.887129,36.634727,6.1096325,4.080788,668.66876,121.913055,156.1725,3.640916114755335
O=c1n([N+](=O)[O-])c(=N[N+](=O)[O-])c2c(nc(C=N[N+](=O)[O-])n2[N+](=O)[O-])n1[N+](=O)[O-],1.9544684,8.98562,38.146355,6.207054,3.8640761,621.5405,280.0386,119.72844,4.712393424536215
Nc1nc([N+](=O)[O-])n([N+](=O)[O-])c2nc([N+](=O)[O-])cc1-2,1.8088918,7.777333,27.547619,5.247149,3.1733003,606.8445,158.91263,122.341446,3.688838789678364
O=c1n([N+](=O)[O-])c2nc([N+](=O)[O-])n([N+](=O)[O-])c(=NC=N[N+](=O)[O-])c2n1[N+](=O)[O-],1.9571592,8.932724,37.741123,6.035976,3.75705,622.51245,229.75415,116.41148,4.728912075748015
O=[N+]([O-])Nc1nnc2c([N+](=O)[O-])c([N+](=O)[O-])nc([N+](=O)[O-])n12,1.9162251,8.822828,36.512283,6.222647,3.8876164,623.2623,377.92404,120.51822,3.697639537558109
O=[N+]([O-])N=Cc1c2nc([N+](=O)[O-])n([N+](=O)[O-])c(=NN[N+](=O)[O-])c2nn1[N+](=O)[O-],1.9075401,8.861879,36.600998,6.3955045,4.0264816,629.5122,488.4846,127.53313,4.776642679797798
O=c1c2nc(N[N+](=O)[O-])[nH]c2nc([N+](=O)[O-])n1[N+](=O)[O-],1.9127967,8.301435,32.41124,5.1551185,3.2010431,622.1524,57.42864,144.29756,3.785163400616401
Nn1c(=O)[nH]c2c([N+](=O)[O-])nc([N+](=O)[O-])nc2c1=NN[N+](=O)[O-],1.9043196,8.116407,30.890038,4.945173,3.1355274,636.4327,126.12912,162.59543,4.109634350527427
O=c1[nH]c(=N[N+](=O)[O-])c2nc([N+](=O)[O-])n(N[N+](=O)[O-])c2[nH]1,1.9082283,8.297916,32.1617,5.032872,3.2317293,646.513,59.45702,136.83035,4.254768070981619
Nn1nnn2c(=O)c3nn([N+](=O)[O-])c([N+](=O)[O-])c3c([N+](=O)[O-])c12,1.8978966,8.379255,32.75804,5.7197466,3.4879756,610.73,376.95816,151.22049,4.135136242078499
Nc1c(N)c([N+](=O)[O-])n2c(N[N+](=O)[O-])nn2c1[N+](=O)[O-],1.8851568,8.363874,32.66437,5.4456387,3.6563237,673.64844,231.3465,143.56064,4.048457511367769
O=[N+]([O-])N=CN=c1c([N+](=O)[O-])nc2c([N+](=O)[O-])c(N[N+](=O)[O-])c([N+](=O)[O-])nc2n1[N+](=O)[O-],1.9133703,8.690147,35.393627,6.1205406,3.7346897,608.84717,354.29068,123.003876,4.514489764373959
Nn1c([N+](=O)[O-])nc2[nH]c([N+](=O)[O-])c([N+](=O)[O-])c2c1=NO,1.8759587,8.172593,30.983467,5.408213,3.3702965,625.8787,153.37039,254.58195,3.9819012428097915
Nc1c([N+](=O)[O-])c(O)c([N+](=O)[O-])c2nc([N+](=O)[O-])nn12,1.9062406,8.053196,30.320557,4.9955254,3.0177379,606.1603,-28.647993,266.53522,3.4610397598884797
Nc1c2c(nc([N+](=O)[O-])n3c([N+](=O)[O-])c([N+](=O)[O-])nc23)nn1[N+](=O)[O-],1.8981296,8.283634,32.075047,5.5612044,3.345036,601.97406,310.08386,180.77454,4.007484103309509
Nn1c([N+](=O)[O-])nn2c(=O)c3c([N+](=O)[O-])nn([N+](=O)[O-])c3nc12,1.9122975,8.330371,32.60768,5.3949213,3.31894,616.69916,269.22278,137.99902,3.9643405295942626
O=c1nc2nc([N+](=O)[O-])nc([N+](=O)[O-])c2c(NO[N+](=O)[O-])n1[N+](=O)[O-],1.9376667,8.569783,34.565556,5.6252127,3.3858762,602.3762,47.025883,146.44827,4.124173613799021
N=c1c2nc([N+](=O)[O-])[nH]c2[nH]c(=N[N+](=O)[O-])n1[N+](=O)[O-],1.9031651,8.3181715,32.399715,5.2193666,3.3637803,646.93994,212.58148,146.54376,4.469372399165022
O=c1c(C=N[N+](=O)[O-])c([N+](=O)[O-])nc2n1nc([N+](=O)[O-])c1nc([N+](=O)[O-])nn12,1.8946398,8.186247,31.260496,5.449082,3.1817336,583.3706,326.3803,185.81932,4.166694929278046
O=c1c([N+](=O)[O-])c(N[N+](=O)[O-])n([N+](=O)[O-])c2nc(N[N+](=O)[O-])nn12,1.950716,8.842883,36.91794,5.784149,3.7037723,640.9425,177.85696,129.92227,4.037637199594413
O=c1[nH]c(=O)c2nc([N+](=O)[O-])n([N+](=O)[O-])c2[nH]1,1.8848033,7.6212287,27.01213,4.155642,2.4887602,602.8929,-219.56364,150.83084,3.545331197225172
Nc1c([N+](=O)[O-])c2c([N+](=O)[O-])nn([N+](=O)[O-])c2n2nnnc12,1.9108723,8.418342,33.2766,5.8277545,3.5828464,614.64056,539.46814,153.81065,3.842174204644385
Nn1nc([N+](=O)[O-])n2c(=O)n([N+](=O)[O-])c(=O)nc12,1.9333643,8.335662,32.804096,4.8263097,3.1270454,650.2442,-19.63342,156.89328,4.053662889167038
Nc1nc([N+](=O)[O-])c2c3nc([N+](=O)[O-])n([N+](=O)[O-])c(=N[N+](=O)[O-])c3nc([N+](=O)[O-])n12,1.9194193,8.465368,33.76864,5.6662784,3.4421017,607.7117,336.7355,129.06876,4.298702465065358
NC1=CN(N[N+](=O)[O-])C([N+](=O)[O-])=C(N[N+](=O)[O-])N1[N+](=O)[O-],1.8883287,8.927122,36.909634,6.2360053,4.2967186,691.85645,193.91663,130.47774,4.592648748637297
O=[N+]([O-])c1nnc2n[nH]c([N+](=O)[O-])c2n1,1.873915,8.257326,31.747461,5.735572,3.4790924,606.5719,428.76572,257.21582,3.77088884113037
O=[N+]([O-])c1[nH]c2nonc2c1[N+](=O)[O-],1.8815957,8.488785,33.42965,6.2960806,3.7279775,591.45825,283.70987,265.22107,3.680322286096997
O=[N+]([O-])c1nnn2c([N+](=O)[O-])nc3c(nc([N+](=O)[O-])n3[N+](=O)[O-])c12,1.9320369,8.685873,35.616455,6.1433153,3.6574419,592.54614,489.10654,128.8805,3.9804847270669406
O=[N+]([O-])Nc1nc([N+](=O)[O-])n2nc([N+](=O)[O-])nc2n1,1.9002129,8.616608,34.79138,5.7165475,3.663664,641.2285,361.05368,132.176,3.741024509135377
Nc1nnc2nc([N+](=O)[O-])n([N+](=O)[O-])c(=O)n12,1.8846898,8.168873,31.136028,4.9068236,3.1772199,648.9344,159.2865,133.88481,3.716943504917479
O=c1n(C=N[N+](=O)[O-])c(=N[N+](=O)[O-])c2c(nc([N+](=O)[O-])n2[N+](=O)[O-])n1[N+](=O)[O-],1.9535445,8.923557,37.57352,6.0106354,3.7545161,623.96674,213.33258,128.87962,4.667321348666878
O=[N+]([O-])c1oc(O)c([N+](=O)[O-])c1[N+](=O)[O-],1.9217447,8.647718,34.83764,5.8622975,3.450549,586.70886,-283.61594,246.17026,3.392519758480031
N=c1[nH]c(=O)n([N+](=O)[O-])n2c(N[N+](=O)[O-])nc([N+](=O)[O-])c12,1.9076755,8.313133,32.392906,5.07215,3.2699034,647.1974,57.825993,148.98572,4.316107116935665
O=c1n(C=N[N+](=O)[O-])c2c(C=N[N+](=O)[O-])c3c([N+](=O)[O-])nn([N+](=O)[O-])c3nc2n1[N+](=O)[O-],1.8991737,8.311078,32.276714,5.6114864,3.3269362,593.2233,266.20587,144.08727,4.79932681026924
O=[N+]([O-])c1ncc2c(O)c([N+](=O)[O-])[nH]c2n1,1.8143842,7.149956,23.36823,4.2701774,2.4173756,568.55945,-98.66043,269.70035,3.647293734740103
O=c1n(C=N[N+](=O)[O-])c2nc([N+](=O)[O-])n([N+](=O)[O-])c(=N[N+](=O)[O-])c2n1[N+](=O)[O-],1.9463892,8.857672,36.981316,5.965236,3.7068787,621.22345,195.54807,120.57938,4.650753382386583
Nc1c([N+](=O)[O-])nc2onc([N+](=O)[O-])c2c1[N+](=O)[O-],1.8781093,8.172108,31.0002,5.726677,3.313168,578.14514,131.00882,235.36514,3.4429338666014404
O=[N+]([O-])c1c([N+](=O)[O-])c([N+](=O)[O-])c2c(nnn2[N+](=O)[O-])c1[N+](=O)[O-],1.9628737,9.050768,38.796825,6.7488437,3.9851289,584.9457,345.13156,114.26964,3.6152739950570147
O=[N+]([O-])Nc1nc2c([N+](=O)[O-])nc([N+](=O)[O-])c(N[N+](=O)[O-])n2n1,1.9222213,8.796737,36.404392,5.9875326,3.8352413,640.27545,369.87387,132.3586,3.7883468347645026
Nc1c([N+](=O)[O-])n(N[N+](=O)[O-])c(=O)[nH]c1=NN[N+](=O)[O-],1.8973432,8.508171,33.681904,5.233308,3.5981622,691.5886,-3.1456273,148.10863,4.316782659296764
Nn1nc([N+](=O)[O-])c2c([N+](=O)[O-])c(O)[nH]c21,1.8669182,7.856113,28.58215,4.831303,3.0559368,635.5573,1.4758478,270.8825,3.8488957280955844
O=[N+]([O-])N=CN1C([N+](=O)[O-])=C(O[N+](=O)[O-])C(=C2N=NN=N2)C([N+](=O)[O-])=C1[N+](=O)[O-],1.9059172,8.826165,36.398483,6.493092,3.9707234,609.4205,479.91806,117.88556,4.84163055588686
O=[N+]([O-])c1nnn([N+](=O)[O-])c1O,1.9062189,9.057369,38.14419,6.190636,4.1336226,668.5106,77.19968,144.3448,3.7903772934177633
Nc1nc2n([N+](=O)[O-])c3nc([N+](=O)[O-])n([N+](=O)[O-])c(=NC=N[N+](=O)[O-])c3c(=O)n2n1,1.8694506,8.118504,30.584692,5.15675,3.205703,624.215,272.73807,123.75481,4.566117878892038
Nc1nn2c([N+](=O)[O-])c([N+](=O)[O-])nc2[nH]1,1.8431696,7.9545493,29.078548,4.9155483,3.2096424,656.56793,198.88141,263.87686,3.772792349573148
Nc1[nH]c(O)nc(=N[N+](=O)[O-])c1[N+](=O)[O-],1.8759736,7.9244146,29.08858,4.475504,2.972884,669.0431,-117.57013,167.49727,3.884710633596816
O=c1[nH]c2c(c([N+](=O)[O-])nn2[N+](=O)[O-])c(=NN[N+](=O)[O-])n1C=N[N+](=O)[O-],1.9115039,8.49812,33.652462,5.4686203,3.477593,638.6173,168.31723,147.06413,4.684088352339915
N=c1[nH]n([N+](=O)[O-])c2c1nc([N+](=O)[O-])n2N[N+](=O)[O-],1.8621044,8.584867,34.02463,5.9178634,3.9280643,666.35974,338.1027,139.16734,4.562517251216825
Nc1nc(=O)n2c([N+](=O)[O-])nn([N+](=O)[O-])c2n1,1.8481884,7.9304214,29.006237,4.661405,3.003132,647.54285,65.4265,138.33,3.7650450433790166
N=c1[nH]c(=O)n([N+](=O)[O-])c2nc(N[N+](=O)[O-])n([N+](=O)[O-])c12,1.9277157,8.34344,32.817974,5.0196466,3.2295225,646.07983,50.097614,142.12772,4.353700683369233
O=[N+]([O-])N=Cn1nnc2nc3c(N[N+](=O)[O-])c4nnnn4c([N+](=O)[O-])c3nc21,1.8542911,8.026525,29.85659,5.51662,3.3331578,603.0933,796.8356,144.6515,4.398821154130118
Nn1c(=O)nc([N+](=O)[O-])c2nc([N+](=O)[O-])n([N+](=O)[O-])c21,1.9183642,8.453093,33.568478,5.504857,3.4326122,624.2459,150.15448,142.21114,3.9669356178766453
O=[N+]([O-])c1n[nH]c(-c2c3c([N+](=O)[O-])n[nH]c3nc3nc([N+](=O)[O-])n([N+](=O)[O-])c23)c1[N+](=O)[O-],1.8776367,8.101381,30.525288,5.5330896,3.1978428,578.3642,393.56247,142.73274,4.093000919497904
Nn1c([N+](=O)[O-])nc2c([N+](=O)[O-])n[nH]c2c1=O,1.8714833,7.870379,28.80876,4.864848,3.0055199,620.08276,107.25543,251.82903,3.5717496587636326
O=[N+]([O-])c1nc2c3cnn([N+](=O)[O-])c3nc([N+](=O)[O-])n2n1,1.8698341,8.155817,30.900276,5.680885,3.3486917,589.41797,448.82004,135.28365,3.796544835007068
O=c1[nH]c2c(nc([N+](=O)[O-])n3nnc(N[N+](=O)[O-])c23)n1[N+](=O)[O-],1.9179673,8.27226,32.287827,5.168331,3.1941352,619.7592,236.91434,143.6196,4.08981421466118
Nc1c([N+](=O)[O-])nc2n1c(=O)nc1n([N+](=O)[O-])nc([N+](=O)[O-])n12,1.9202337,8.118392,31.04595,4.8142977,2.9647546,619.29565,109.67154,145.85675,4.123151374487074
O=[N+]([O-])Nc1nc2nc([N+](=O)[O-])nn2c(O)c1[N+](=O)[O-],1.9105307,8.375192,32.89618,5.3137197,3.3172967,625.00726,93.19919,126.19595,3.607700120500292
Nc1nn2c(=NN[N+](=O)[O-])c([N+](=O)[O-])c([N+](=O)[O-])nc2n1N[N+](=O)[O-],1.9152938,8.762633,36.01479,5.7975497,3.8757808,670.7499,389.78403,164.79973,4.360787599813007
Nc1nc2c(=O)n([N+](=O)[O-])c(=O)n([N+](=O)[O-])c2nc1N[N+](=O)[O-],1.9191686,8.162184,31.40415,4.8659515,3.0301788,624.0432,-56.795475,142.87415,3.9244697729738336
N=c1[nH]c(=O)n(C=N[N+](=O)[O-])c2c(=O)n([N+](=O)[O-])c([N+](=O)[O-])nc12,1.8768146,7.831711,28.527512,4.694242,2.8325486,606.59906,-59.995846,142.5165,4.4851229138801285
Nn1c(=O)[nH]c2c(c1=NN[N+](=O)[O-])n([N+](=O)[O-])c(=O)n2[N+](=O)[O-],1.9485688,8.518275,34.29932,5.1076565,3.356217,660.96295,-8.205411,147.51974,4.469675926819987
O=c1c2nn([N+](=O)[O-])c([N+](=O)[O-])c2oc2nnnn12,1.9001652,8.290464,32.10407,5.5531907,3.2551062,585.25696,288.54276,139.42245,4.105111369560021
Nc1c([N+](=O)[O-])nc2c(=O)n(N)c([N+](=O)[O-])c([N+](=O)[O-])n12,1.8800029,8.054761,30.144453,5.0705304,3.149768,623.85,33.286182,234.3117,3.7488436204321705
O=c1c([N+](=O)[O-])nnc2c(C=N[N+](=O)[O-])c([N+](=O)[O-])n([N+](=O)[O-])n12,1.8997827,8.601997,34.55611,6.1022215,3.6799376,601.1952,292.66476,135.10855,4.228298738055953
Nn1c([N+](=O)[O-])nc2c(=O)nc([N+](=O)[O-])n([N+](=O)[O-])c21,1.8984115,8.398592,32.92947,5.4939566,3.4243956,625.0819,141.96472,122.048035,3.894994197758301
Nn1c(=O)n(N[N+](=O)[O-])c(=O)n2c([N+](=O)[O-])c([N+](=O)[O-])nc12,1.9137348,8.390198,32.981438,5.1191626,3.2974048,646.0143,-62.282642,153.29637,3.942342790385137
O=c1n(N[N+](=O)[O-])c(=NN[N+](=O)[O-])c2oc([N+](=O)[O-])nc2n1N[N+](=O)[O-],1.9323875,8.807932,36.391594,5.743298,3.7308898,651.0295,81.90193,143.6249,4.709657583109145
O=c1n2nc([N+](=O)[O-])c(C=N[N+](=O)[O-])c2nc2n([N+](=O)[O-])c([N+](=O)[O-])c([N+](=O)[O-])n12,1.9281894,8.495008,33.995903,5.7216177,3.385491,591.3355,213.81842,138.85141,4.29397374062524
O=c1c2c([N+](=O)[O-])nn([N+](=O)[O-])c2n(C=N[N+](=O)[O-])c(=O)n1N[N+](=O)[O-],1.9164773,8.522449,33.936195,5.5014806,3.4265985,623.79565,18.40616,138.75943,4.499492385391262
O=c1[nH]c2c(nc([N+](=O)[O-])n2N[N+](=O)[O-])c(=N[N+](=O)[O-])n1[N+](=O)[O-],1.9715406,8.872001,37.309155,5.6787724,3.6397238,642.60144,130.43848,128.66928,4.392542694099909
O=c1[nH]c(=O)n([N+](=O)[O-])c2nc3c(=O)n(N[N+](=O)[O-])c(=O)n(N[N+](=O)[O-])c3nc12,1.9151771,7.854748,29.035675,4.408869,2.6469154,603.3803,-226.22876,148.47891,4.17132925718556
O=c1c2nnc([N+](=O)[O-])c(C=N[N+](=O)[O-])c2nc([N+](=O)[O-])n1[N+](=O)[O-],1.9068722,8.386316,32.99554,5.8249,3.4060175,582.5185,269.1377,127.08922,4.188627459952867
Nc1c([N+](=O)[O-])n(C=N[N+](=O)[O-])c2c1c(=O)n1c([N+](=O)[O-])c([N+](=O)[O-])nc1n2[N+](=O)[O-],1.8870888,8.187151,31.220255,5.3850965,3.221116,599.48376,93.28018,133.60652,4.439168660867354
Nc1nnc([N+](=O)[O-])c2onc([N+](=O)[O-])c12,1.825972,7.988555,29.20829,5.6754923,3.379518,595.7004,259.09396,279.65765,3.6247953447579917
O=c1c2c3c([N+](=O)[O-])nn(C=N[N+](=O)[O-])c3c([N+](=O)[O-])cc2n([N+](=O)[O-])n1[N+](=O)[O-],1.8777628,8.205427,31.256182,5.7991076,3.330759,573.57983,187.25394,140.85254,4.427119407616476
O=c1n([N+](=O)[O-])c(=N[N+](=O)[O-])c2nc([N+](=O)[O-])n([N+](=O)[O-])c2n1C=N[N+](=O)[O-],1.955948,8.921693,37.55817,6.0279436,3.7576866,622.62366,216.72034,123.79286,4.69410512105887
Nn1c([N+](=O)[O-])nc2c(c([N+](=O)[O-])c([N+](=O)[O-])n2[N+](=O)[O-])c1=N[N+](=O)[O-],1.9498786,8.975993,38.000664,6.340705,3.9719105,624.8563,320.27557,142.2545,4.156993668568139
Nc1nc([N+](=O)[O-])c(N[N+](=O)[O-])n2nc([N+](=O)[O-])nc12,1.8639483,8.258988,31.62841,5.387056,3.473413,646.6619,287.8069,135.14442,3.7037532409647316
O=[N+]([O-])N=C([N+](=O)[O-])[N+](=O)[O-],1.9189575,9.886754,45.347107,7.4655643,5.163432,690.18164,110.18945,143.30893,4.044467002963895
O=c1[nH]c(=NC=N[N+](=O)[O-])n2nc([N+](=O)[O-])c([N+](=O)[O-])c2n1[N+](=O)[O-],1.9235002,8.564958,34.424362,5.552572,3.4865658,629.0022,163.20679,131.99324,4.501300886526293
O=c1n(C=N[N+](=O)[O-])c(O)cn2c([N+](=O)[O-])c([N+](=O)[O-])n12,1.8519101,7.966893,29.168991,5.0770636,3.089579,609.186,-136.62758,186.68419,4.369585998054547
Nn1c(=O)n(N[N+](=O)[O-])c2nnc([N+](=O)[O-])n21,1.8866159,8.694787,35.14303,5.6929984,3.9312155,692.9986,299.60587,149.99556,4.163346581840555
Nc1nc([N+](=O)[O-])c([N+](=O)[O-])n2c([N+](=O)[O-])nc(O)c12,1.8692528,7.88422,28.769434,4.89795,2.9486794,603.7047,-47.819973,228.58458,3.661529404858893
O=c1c2cnn([N+](=O)[O-])c2nc([N+](=O)[O-])n1N[N+](=O)[O-],1.8781295,8.335199,32.191143,5.6167226,3.4546113,615.8514,173.1289,128.76607,3.864039452866038
O=c1c(=O)n([N+](=O)[O-])c2c([nH]n2[N+](=O)[O-])c2c(=O)n(C=N[N+](=O)[O-])nc(C=N[N+](=O)[O-])c12,1.8621432,7.9180107,29.005676,5.2527266,3.0411198,579.8889,66.31001,148.18314,4.915313597599557
O=c1n2[nH]c(=NC=N[N+](=O)[O-])c-2c(N[N+](=O)[O-])nc([N+](=O)[O-])n1N[N+](=O)[O-],1.8759123,8.446301,33.0481,5.512688,3.6010616,655.22266,206.21179,143.20833,4.770145192607251
O=c1n(N[N+](=O)[O-])c(=O)n2c3c(nc(C=N[N+](=O)[O-])n12)c([N+](=O)[O-])nn3[N+](=O)[O-],1.9001265,8.39917,32.968113,5.478006,3.3764937,616.90393,169.13162,145.65742,4.660177608833912
O=c1[nH]n(C=N[N+](=O)[O-])c2c1n([N+](=O)[O-])c(=O)n2[N+](=O)[O-],1.9269044,8.524476,34.15449,5.451523,3.4243035,629.44214,15.672412,144.56183,4.6619764875650365
O=c1c(=O)n([N+](=O)[O-])c2nc3nonc3nc2n1N[N+](=O)[O-],1.9084777,8.213876,31.713936,5.412256,3.1874793,588.2032,261.58334,132.84401,3.9778433571867566
O=[N+]([O-])N=Cc1c([N+](=O)[O-])n2c([N+](=O)[O-])nc([N+](=O)[O-])c2n1[N+](=O)[O-],1.9041144,8.848405,36.54878,6.4925723,3.97544,609.5217,325.7115,129.83035,4.280925082330488
O=c1[nH]c(N[N+](=O)[O-])c([N+](=O)[O-])c(=O)[nH]1,1.8992077,7.824626,28.530752,4.1186047,2.6324322,644.29816,-340.94254,157.78291,3.2744360773837986
Nc1c([N+](=O)[O-])c([N+](=O)[O-])n2c([N+](=O)[O-])nnc2c1N,1.8602808,8.025995,29.780678,5.2794724,3.3010447,627.622,218.07907,230.61214,3.5316018900659945
Nc1nc2c(=O)n([N+](=O)[O-])nc([N+](=O)[O-])n2n1,1.8660603,8.201335,31.189964,5.17365,3.3198688,644.1367,198.70914,158.76936,3.6563865818405556
O=[N+]([O-])c1c[nH]n2c([N+](=O)[O-])nnc12,1.8348374,8.118908,30.17324,5.7216506,3.5325544,617.4346,319.7343,293.16998,3.54840852091481
NN=c1c2c(c([N+](=O)[O-])nn2[N+](=O)[O-])n(N[N+](=O)[O-])c(=O)n1N[N+](=O)[O-],1.9262189,8.893434,37.10255,5.937685,3.9754546,671.21246,296.68918,144.49738,4.556210711183117
O=c1[nH]c(=O)c2c(nc([N+](=O)[O-])n2[N+](=O)[O-])[nH]1,1.8795394,7.5988054,26.79099,4.1401625,2.4792273,602.8932,-222.42007,152.19739,3.5027250433790176
Nn1c(=O)[nH]c2c3c(nc([N+](=O)[O-])n3[N+](=O)[O-])n([N+](=O)[O-])c2c1=O,1.9113138,8.026483,30.265888,4.860007,2.9468126,608.97266,-39.52891,148.88387,4.10853170508892
NN1N=C([N+](=O)[O-])n2c3c1nnc-3nn([N+](=O)[O-])c2=O,1.8867693,8.310858,32.325714,5.4643598,3.4955707,640.0139,438.58072,155.24933,4.297110667186309
O=[N+]([O-])c1nc2c([N+](=O)[O-])oc([N+](=O)[O-])c2[nH]1,1.8891013,8.29481,32.04041,5.691665,3.2807243,575.0088,-2.9372532,272.98453,3.8302850433790177
O=c1n(N[N+](=O)[O-])c2nc([N+](=O)[O-])n([N+](=O)[O-])c2n1N[N+](=O)[O-],1.9373025,9.045808,38.40218,6.101165,4.0155134,658.86237,176.16925,138.50883,4.38674438835845
N=c1c2c([nH]c(=O)n1N[N+](=O)[O-])n([N+](=O)[O-])c(=O)n2[N+](=O)[O-],1.9449759,8.428664,33.6115,4.9979057,3.211724,645.42145,-93.96952,145.32281,4.364934693219145
O=[N+]([O-])N=Cc1n[nH]c2nn([N+](=O)[O-])c3nnc([N+](=O)[O-])n1N23,1.8881658,8.656234,34.93624,6.104469,3.941082,645.19495,679.4919,140.2146,4.5983947180287785
O=c1[nH]c2c(=NC=N[N+](=O)[O-])n(C=N[N+](=O)[O-])c([N+](=O)[O-])nc2n([N+](=O)[O-])c1=O,1.9021999,8.158224,31.093777,5.1091013,3.112046,610.2844,65.22069,143.28726,4.715776210232514
O=c1c2onc(Oc3no[n+]([O-])c3[N+](=O)[O-])c2n(N[N+](=O)[O-])c(=O)n1[N+](=O)[O-],1.9378316,8.661374,35.252907,5.9267135,3.5002542,588.15155,1.5276057,140.91866,4.460883236970355
Nc1nn([N+](=O)[O-])c(=O)n2c([N+](=O)[O-])nc([N+](=O)[O-])c12,1.9146515,8.4298,33.427124,5.4044647,3.3784447,625.6227,105.92212,153.74113,3.87886875397132
N[n+]1c([N+](=O)[O-])nn2c([N+](=O)[O-])c([N+](=O)[O-])n(N[N+](=O)[O-])c21,1.9423915,9.242577,40.163944,6.5500817,4.3949656,672.3468,382.3972,151.28088,4.48451930860376
NN=c1c2c(=O)n([N+](=O)[O-])[nH]c2nc(N[N+](=O)[O-])n1[N+](=O)[O-],1.9182814,8.471179,33.673668,5.3092446,3.4957027,661.4962,182.92154,142.50502,4.450263940741134
O=[N+]([O-])N=Cn1c([N+](=O)[O-])nc2c1nc([N+](=O)[O-])n1c(O)c([N+](=O)[O-])nc21,1.8796636,8.013605,29.91928,5.1624513,3.0370116,587.9867,125.23932,184.51288,4.299633654145714
Nn1c(O)cc2c1c(=NN[N+](=O)[O-])[nH]c(=O)n2[N+](=O)[O-],1.825431,7.5694594,26.206707,4.4381766,2.865815,649.8883,-108.58218,158.57544,4.499102442706386
O=[N+]([O-])N=Cn1c([N+](=O)[O-])nn2c([N+](=O)[O-])c([N+](=O)[O-])nc2c1=N[N+](=O)[O-],1.9291146,8.922645,37.37814,6.3591285,3.9612474,621.08295,428.83395,159.2523,4.425772549053622
O=[N+]([O-])N=Cc1c([N+](=O)[O-])nc([N+](=O)[O-])c2[nH]nnc12,1.8277205,7.9932227,29.279018,5.637511,3.3693829,597.5034,374.63412,182.37225,4.100249128724771
O=[N+]([O-])Nc1nc2c(nc(N[N+](=O)[O-])n3c([N+](=O)[O-])c([N+](=O)[O-])nc23)n1[N+](=O)[O-],1.9194704,8.612292,34.861206,5.7993193,3.589995,619.30896,353.10684,136.02127,4.177209377065681
Nc1nc([N+](=O)[O-])nc2c([N+](=O)[O-])nc([N+](=O)[O-])n12,1.893291,8.181921,31.215347,5.145053,3.1916118,621.7059,174.8628,262.96957,3.6271375589091326
O=[N+]([O-])N=Cc1nc([N+](=O)[O-])nc2c(=N[N+](=O)[O-])n([N+](=O)[O-])c([N+](=O)[O-])nc12,1.9015889,8.611109,34.649315,6.118565,3.6913104,601.91174,424.196,119.27054,4.502644135099254
O=[N+]([O-])Nc1nn([N+](=O)[O-])c2nc3nc([N+](=O)[O-])nn3c([N+](=O)[O-])c12,1.9452366,8.702663,35.82299,5.923223,3.6418328,614.15186,465.4595,139.41609,4.120215874523371
O=[N+]([O-])NN=c1[nH]nc([N+](=O)[O-])c2nc([N+](=O)[O-])n(N[N+](=O)[O-])c12,1.9117396,8.820006,36.405773,6.103616,3.9850178,654.2599,420.82126,140.75615,4.441232803990019
O=c1c2nc(N[N+](=O)[O-])nc([N+](=O)[O-])c2c([N+](=O)[O-])nn1N[N+](=O)[O-],1.9011861,8.49548,33.685513,5.6861157,3.5166774,619.3612,192.22748,136.17311,4.0247540333794385
O=c1[nH]nc([N+](=O)[O-])c2c(N[N+](=O)[O-])cnn12,1.850535,7.8938265,28.727892,5.0761695,3.1557653,623.4599,174.33063,141.19402,3.500926113613131
O=[N+]([O-])Nc1nn[nH]c1[N+](=O)[O-],1.8597798,8.954879,36.989117,6.3291965,4.432331,702.50415,295.82684,128.91924,3.878883388330914
O=C(O)c1nnc2n1-c1nonc1N([N+](=O)[O-])c1nonc1-2,1.8394268,7.807252,28.116888,5.237646,3.0119085,575.4692,335.1266,111.72847,3.806698791429932
Nc1nc2c(=O)n(N[N+](=O)[O-])c(=O)n([N+](=O)[O-])c2n1[N+](=O)[O-],1.9094034,8.361906,32.684555,5.0928707,3.269791,644.86835,-58.798733,134.71983,4.2076788227738025
O=[N+]([O-])c1nn([N+](=O)[O-])c2ncn3c([N+](=O)[O-])nc([N+](=O)[O-])c3c12,1.9030405,8.335827,32.571686,5.851576,3.401831,580.67725,368.5118,136.51637,3.9426912174515554
O=c1[nH]c2c(=N[N+](=O)[O-])[nH]c([N+](=O)[O-])nc2n1N[N+](=O)[O-],1.9135603,8.291638,32.20481,5.0037436,3.2045202,643.619,40.292667,147.80676,4.243189224827775
O=C(O)c1c([N+](=O)[O-])c(=O)n2nc([N+](=O)[O-])nc2n1[N+](=O)[O-],1.9112923,8.16353,31.198444,4.9701724,2.9374106,591.48486,-246.13576,130.129,3.6442958268223844
Nn1c(=O)n([N+](=O)[O-])c2c(=O)[nH]c([N+](=O)[O-])nc21,1.8987772,7.8975406,29.333555,4.519016,2.8311455,629.9953,-110.110886,152.19588,3.832142103569657
N=C1C([N+](=O)[O-])=C([N+](=O)[O-])n2nnc([N+](=O)[O-])c21,1.8828483,8.486628,33.466366,6.204879,3.698125,595.91846,369.90695,250.65652,3.939980074109755
O=c1[nH]c2nonc2c2c(N[N+](=O)[O-])nc([N+](=O)[O-])n12,1.8807336,7.948703,29.447666,5.1005692,3.0296538,595.23004,194.80338,144.3107,3.909607263922905
Nc1nc2c(=O)n([N+](=O)[O-])c(=O)[nH]c2n1[N+](=O)[O-],1.9216987,7.832927,28.962662,4.186338,2.6293845,631.81573,-181.62431,164.8461,3.9762717271375774
O=c1c2nc3[nH]nc([N+](=O)[O-])c3nc2n([N+](=O)[O-])c(=O)n1C=N[N+](=O)[O-],1.8900801,7.8173733,28.661943,4.73253,2.761112,585.8265,79.22838,137.36372,4.296592126826297
Nc1c([N+](=O)[O-])cc([N+](=O)[O-])n2nc([N+](=O)[O-])nc12,1.8579017,7.903788,28.787151,5.2686396,3.1347423,597.59534,170.71933,272.95648,3.473187712755286
Nn1c(N[N+](=O)[O-])nn2c(=O)n([N+](=O)[O-])c(=O)n2c1=O,1.9423237,8.403527,33.47502,4.764913,3.1630032,666.3775,-95.92037,141.06908,4.193554552787886
O=c1c2c(nc(C=N[N+](=O)[O-])n2[N+](=O)[O-])n([N+](=O)[O-])c(=O)n1[N+](=O)[O-],1.9431775,8.66536,35.463512,5.7307777,3.4848037,607.52783,58.56026,126.84624,4.485571236176643
Nn1nc([N+](=O)[O-])c2c([N+](=O)[O-])n([N+](=O)[O-])nc21,1.8960699,8.882791,36.78498,6.4935355,4.2132096,649.4559,423.67477,139.51337,4.042618371982095
O=[N+]([O-])Nc1nc([N+](=O)[O-])nc2nc([N+](=O)[O-])n([N+](=O)[O-])c12,1.9047096,8.674838,35.217472,5.9916525,3.7130728,619.4911,299.32794,129.57976,3.948627335966597
O=c1c2c(nnn1N[N+](=O)[O-])c([N+](=O)[O-])nn2[N+](=O)[O-],1.9247628,8.897948,37.13153,6.228734,3.9471326,633.7291,362.64627,137.57112,4.105884735884906
O=c1n([N+](=O)[O-])c([N+](=O)[O-])nc2cc([N+](=O)[O-])nn12,1.8844346,8.3027,32.05402,5.5726514,3.340201,599.5609,119.58258,131.37921,3.6568735589091323
Nn1c([N+](=O)[O-])nc2[nH]c(=O)n([N+](=O)[O-])c(=O)c21,1.8979574,7.884377,29.146925,4.4446564,2.8018224,633.288,-124.285805,166.47585,3.8170674718184285
O=c1n([N+](=O)[O-])nc(N[N+](=O)[O-])c2c([N+](=O)[O-])cc(O)n12,1.8825448,8.060946,30.130667,5.114586,3.0932612,606.28986,-105.100365,139.50304,3.894053690362239
Nc1c([N+](=O)[O-])nn2nnnc2c1[N+](=O)[O-],1.8939846,8.389285,32.82235,5.7067094,3.6258903,637.1855,470.0281,286.5465,3.466936310768725
Nn1c(=O)n([N+](=O)[O-])c(=O)c2[nH]nc(C=N[N+](=O)[O-])c21,1.8528652,7.7735076,27.999327,4.75984,2.9742873,627.496,49.569187,157.63586,4.269219714114223
O=c1c2c(cc(O)n2[N+](=O)[O-])nc([N+](=O)[O-])n1[N+](=O)[O-],1.8739169,8.024403,29.77904,5.2542796,3.0637467,583.13293,-123.32356,138.48329,3.9986646119594846
O=c1c2nc3c(nc2n(N[N+](=O)[O-])c(=O)n1[N+](=O)[O-])c(-c1c2c([N+](=O)[O-])nc([N+](=O)[O-])nc2nn1[N+](=O)[O-])c(C=N[N+](=O)[O-])n3[N+](=O)[O-],1.9089359,8.215045,31.675581,5.448625,3.1471426,577.78674,291.49368,143.75224,5.00268121695327
Nn1nc([N+](=O)[O-])c2oc([N+](=O)[O-])nc21,1.8560795,8.308326,31.842999,5.687173,3.5646098,627.00146,178.09116,279.95255,4.058936964957763
Nc1nn2c(=O)c3c(nc2n1[N+](=O)[O-])c(=O)[nH]c(=O)n3[N+](=O)[O-],1.9008921,7.566407,26.91442,4.036758,2.4251132,605.1576,-153.25807,147.94888,3.964447213074717
O=c1[nH]c(=NN[N+](=O)[O-])c2nc([N+](=O)[O-])[nH]c(=N[N+](=O)[O-])c2[nH]1,1.9052387,8.011461,30.02445,4.670828,2.9573784,636.7223,48.208317,158.38666,4.467633321360931
O=c1[nH]c(N[N+](=O)[O-])c([N+](=O)[O-])o1,1.9079038,8.371377,32.645004,4.9340873,3.1652446,644.90674,-268.7448,147.91724,3.7453175780631245
Nn1nc([N+](=O)[O-])c2c1c(=O)n([N+](=O)[O-])c(=O)n2N,1.8924897,8.171379,31.30286,5.0186553,3.268718,653.4487,47.425907,162.09381,4.000945960792963
Nn1c(=O)n([N+](=O)[O-])c2c3c([N+](=O)[O-])nn([N+](=O)[O-])c3nc([N+](=O)[O-])c21,1.9357786,8.507321,34.23918,5.6583877,3.4319177,607.0204,227.914,125.7041,4.2385758695541575
O=c1n([N+](=O)[O-])ncc2c([N+](=O)[O-])nc([N+](=O)[O-])n12,1.8919332,8.381893,32.778927,5.7010746,3.4085937,596.69446,139.91858,148.33272,3.8281061742937474
O=[N+]([O-])N=Cn1c([N+](=O)[O-])c(O)c2[nH]nc([N+](=O)[O-])c21,1.8761537,8.113518,30.591635,5.339997,3.2595458,610.6345,67.550186,181.46149,4.164393879571408
O=[N+]([O-])Nc1nnc2nc([N+](=O)[O-])nc([N+](=O)[O-])n12,1.8870018,8.632169,34.737827,5.8680663,3.7645078,641.61163,413.07394,118.93356,3.7059801652439734
O=[N+]([O-])c1nc([N+](=O)[O-])c2oc([N+](=O)[O-])c([N+](=O)[O-])c2n1,1.9272262,8.520556,34.176773,6.0398555,3.3892715,556.8136,72.349655,238.87418,3.67025201204056
O=c1nc(C=N[N+](=O)[O-])[nH]c2nc([N+](=O)[O-])c([N+](=O)[O-])nc12,1.8294711,7.6600223,26.876776,4.945673,2.8461158,576.79517,118.51727,187.07117,3.8968547783080076
O=c1c2c(nc([N+](=O)[O-])n2C=N[N+](=O)[O-])n2c([N+](=O)[O-])c([N+](=O)[O-])nc2n1[N+](=O)[O-],1.9278595,8.480038,33.906094,5.6587505,3.3594222,592.3043,193.43997,149.0555,4.425890780547345
Nc1n[nH]n2c([N+](=O)[O-])nc([N+](=O)[O-])c2c1=O,1.8220248,7.7562594,27.515814,4.981839,3.0810564,620.93024,123.65857,265.0652,3.786657351071325
Nn1c2nnc([N+](=O)[O-])c-2c([N+](=O)[O-])c(N[N+](=O)[O-])c1[N+](=O)[O-],1.9040735,8.641633,34.947525,6.155778,3.8668976,627.8189,364.07394,124.36476,3.752507465281525
O=c1n([N+](=O)[O-])c2nc([N+](=O)[O-])n(C=N[N+](=O)[O-])c2n1[N+](=O)[O-],1.9525297,8.875254,37.267944,5.951773,3.7197223,624.09906,176.57477,138.60391,4.510810542204602
O=c1[nH]c(=O)n([N+](=O)[O-])c2[nH]c(=O)n(N[N+](=O)[O-])c12,1.9148703,7.798783,28.58085,4.0799723,2.554007,630.7473,-339.43167,151.10916,3.890388943524517
Nn1c(=NN[N+](=O)[O-])c2c(O)nn([N+](=O)[O-])c2n([N+](=O)[O-])c1=O,1.9248027,8.546228,34.281235,5.3400006,3.5148256,660.5826,42.80408,139.40305,4.560215926819987
Nn1c(N[N+](=O)[O-])nc([N+](=O)[O-])c2n([N+](=O)[O-])c(=O)nc1-2,1.9126939,8.433154,33.375385,5.355116,3.4394689,644.83606,145.39316,129.09981,4.046998305746854
Nc1nc2n([N+](=O)[O-])c([N+](=O)[O-])c([N+](=O)[O-])n2n1,1.8780469,8.614813,34.442707,5.881653,3.8197773,651.23676,289.26474,147.79417,3.7796239366302125
O=[N+]([O-])c1nnc([N+](=O)[O-])n1O,1.8858231,9.128575,38.652542,6.64252,4.41961,664.68915,179.44763,264.43372,3.592100370340841
O=[N+]([O-])Nc1nc([N+](=O)[O-])nc2c1c(N[N+](=O)[O-])nn2[N+](=O)[O-],1.9164351,8.757245,35.976402,5.9416833,3.8123722,642.33716,344.7607,135.14319,4.095497654436633
O=[N+]([O-])NN=c1n(N[N+](=O)[O-])c([N+](=O)[O-])nc2c([N+](=O)[O-])c([N+](=O)[O-])nn12,1.9526927,9.169053,39.6372,6.3792095,4.1530213,651.7903,436.26712,142.49547,4.289920328035205
O=[N+]([O-])Nc1nnc2c([N+](=O)[O-])n[nH]c2n1,1.8537215,8.2283325,31.407766,5.516559,3.5480204,644.34674,439.75082,132.14183,3.593084139683997
O=c1c2c(C=N[N+](=O)[O-])nn([N+](=O)[O-])c2n([N+](=O)[O-])c(=O)n1N[N+](=O)[O-],1.9050481,8.555573,34.161625,5.6907797,3.538081,622.7022,80.392136,132.8238,4.591823833355063
O=[N+]([O-])Nc1nnc([N+](=O)[O-])n2c([N+](=O)[O-])nnc12,1.9069456,8.868938,36.929184,6.3516026,4.065611,638.9896,526.98816,135.47108,3.6806335589091335
Nn1c(=O)[nH]c(=O)c2nnn([N+](=O)[O-])c21,1.8533202,7.6208334,26.783272,4.2093086,2.723792,651.9771,0.6439234,154.12369,3.717220811111609
Nc1c([N+](=O)[O-])c(=O)oc2nnn([N+](=O)[O-])c12,1.8956617,8.007907,29.913906,4.974445,2.9751236,599.83167,-25.172377,149.18915,3.832946581840556
O=c1n(N[N+](=O)[O-])c(=NN[N+](=O)[O-])c2nnn([N+](=O)[O-])c2n1N[N+](=O)[O-],1.9433101,9.124131,39.073235,6.1124387,4.1433983,680.3587,387.79025,137.95178,4.73122948946366
O=c1c2nc3nn4c([N+](=O)[O-])c([N+](=O)[O-])nc4c3c(C=N[N+](=O)[O-])n2n([N+](=O)[O-])c(=O)n1N[N+](=O)[O-],1.9061557,8.254287,31.924887,5.430716,3.203342,590.62067,245.45203,142.91943,4.598484513309456
O=C1N=C2C(=NC(=O)N2[N+](=O)[O-])N1N[N+](=O)[O-],1.9239051,8.316725,32.583492,4.972446,3.12574,629.7787,-9.741315,129.40771,4.375934274148248
O=c1[nH]n(N[N+](=O)[O-])c(=O)c2nc3nc([N+](=O)[O-])n([N+](=O)[O-])c(=O)n3c12,1.9275765,8.0524025,30.57441,4.772831,2.8494296,597.91956,-97.08642,147.54959,4.266301730266337
Nc1nc2n[nH]c(=O)c([N+](=O)[O-])c2c(=O)n1[N+](=O)[O-],1.8828999,7.626574,27.183786,4.357621,2.6151538,603.3935,-79.91399,189.0368,3.587958481986056
Nc1nc([N+](=O)[O-])c2nc([N+](=O)[O-])n([N+](=O)[O-])c(=N[N+](=O)[O-])c2n1,1.8822896,8.428515,33.04554,5.691573,3.5438166,623.6194,309.66064,122.66104,4.042344891902106
N=c1c2nc([N+](=O)[O-])[nH]c(=N[N+](=O)[O-])c2nc([N+](=O)[O-])n1N,1.8834405,8.088435,30.49672,5.066799,3.246816,642.9663,269.69595,190.59746,4.272407707319383
N=c1c2nc([N+](=O)[O-])n(N[N+](=O)[O-])c2n([N+](=O)[O-])c(=O)n1[N+](=O)[O-],1.9508235,8.867834,37.160164,5.8376193,3.740231,641.70856,170.38062,132.19128,4.417424119126496
Nc1nc2nnc([N+](=O)[O-])n2nc1[N+](=O)[O-],1.8624465,8.175377,30.911701,5.2978544,3.4015675,643.3397,383.85867,270.15164,3.5970708367079034
Nc1[nH]c2c(c([N+](=O)[O-])nn2N)c(=O)c1[N+](=O)[O-],1.8524412,7.5451856,26.310383,4.452224,2.791348,631.1623,10.64368,277.25275,3.7573434128986243
O=[N+]([O-])N=CN=c1[nH]nc([N+](=O)[O-])c2c([N+](=O)[O-])[nH]nc12,1.8546362,8.113526,30.440298,5.491942,3.4147155,622.833,373.3458,191.9122,4.475633094116381
O=[N+]([O-])Nc1nn([N+](=O)[O-])c2nc([N+](=O)[O-])n3c(N[N+](=O)[O-])c([N+](=O)[O-])nc3c12,1.91683,8.641942,35.07098,5.8815174,3.6575823,621.9385,370.85147,130.42642,4.279633153289458
O=[N+]([O-])N=CN1N=C([N+](=O)[O-])n2c([N+](=O)[O-])nc3nnc1n32,1.8851494,8.594878,34.383488,5.984637,3.8141704,635.8569,633.6301,186.66115,4.586294126417526
O=[N+]([O-])N=Cc1c([N+](=O)[O-])n2c([N+](=O)[O-])c([N+](=O)[O-])nc2n1[N+](=O)[O-],1.920787,8.888535,37.0087,6.4752975,3.9543805,607.67334,316.1259,144.66002,4.268953484697353
O=[N+]([O-])Nc1nc([N+](=O)[O-])c([N+](=O)[O-])c2nnnn12,1.9242536,8.873913,36.998146,6.238871,3.9850175,638.50775,501.39413,135.13286,3.602250753479268
O=[N+]([O-])c1nc2c3nonc3nc([N+](=O)[O-])n2c1[N+](=O)[O-],1.8943708,8.408682,32.972263,6.1722283,3.51009,566.0014,453.81125,228.52063,3.719407183185206
O=[N+]([O-])c1nn([N+](=O)[O-])c2nnc3c(nnn3[N+](=O)[O-])c12,1.938207,8.810114,36.728317,6.453618,3.904111,602.35297,710.17126,122.1776,4.081605563752008
N=c1[nH]c(=NN[N+](=O)[O-])nc2nc(N)n([N+](=O)[O-])n12,1.8346694,7.916673,28.800882,4.523487,3.195205,710.626,262.77252,158.99684,4.804273377913657
Nn1nc([N+](=O)[O-])c2nc3c(c(C=N[N+](=O)[O-])c21)c(=O)n([N+](=O)[O-])c(=O)n3[N+](=O)[O-],1.9014761,8.121607,30.971457,5.273795,3.1345038,595.2892,138.60312,140.1912,4.518607430985513
O=c1n([N+](=O)[O-])c2nnc([N+](=O)[O-])c([N+](=O)[O-])c2n1[N+](=O)[O-],1.9793204,9.034277,38.900974,6.2900057,3.8006306,600.70764,234.67401,119.84494,3.90689906568878
Nc1c([N+](=O)[O-])c([N+](=O)[O-])nc2nc([N+](=O)[O-])c([N+](=O)[O-])n12,1.9170309,8.430132,33.323635,5.640849,3.399447,603.0778,158.03098,232.40565,3.6085994705470803
O=c1c2nnc([N+](=O)[O-])cc2c([N+](=O)[O-])nn1[N+](=O)[O-],1.8884857,8.215707,31.560263,5.7800093,3.3137558,571.22864,224.55463,145.39226,3.7902995399487667
Nn1c(=O)[nH]c([N+](=O)[O-])c([N+](=O)[O-])c1=NN[N+](=O)[O-],1.9191122,8.627336,34.7928,5.431265,3.6409032,674.3235,23.431154,171.1564,4.047175160165019
O=c1[nH]c2nc3c(c([N+](=O)[O-])nn3[N+](=O)[O-])c(=O)n2c2nc([N+](=O)[O-])n(N[N+](=O)[O-])c12,1.9167981,8.005446,30.148981,4.874044,2.8569658,588.21185,31.822878,140.68298,4.299283870423528
O=c1c2c(nc([N+](=O)[O-])c3nnc([N+](=O)[O-])n32)n(N[N+](=O)[O-])c(=O)n1N[N+](=O)[O-],1.9322417,8.463055,33.781815,5.4094267,3.326828,615.14813,156.32605,146.45789,4.24565073570704
Nc1nc2c(c(=O)n1[N+](=O)[O-])n(N[N+](=O)[O-])c(=O)n2[N+](=O)[O-],1.9185196,8.375957,32.96244,5.0569925,3.2483733,645.1126,-67.893875,140.82104,4.206631859211048
Nc1nc2nnc([N+](=O)[O-])n2c(=O)n1[N+](=O)[O-],1.8939383,8.175657,31.281063,4.8477592,3.14313,649.54456,141.16174,170.68184,3.793601966455941
Nc1c(N[N+](=O)[O-])n([N+](=O)[O-])c2c(c([N+](=O)[O-])nn2[N+](=O)[O-])c1=O,1.9077225,8.530463,33.993034,5.7332764,3.582695,625.9901,107.68143,135.29488,4.214343473965204
NN=c1c2c(=O)[nH][nH]c2nc([N+](=O)[O-])n1[N+](=O)[O-],1.8738462,7.942995,29.352694,4.8118825,3.1063163,649.33997,135.57916,136.0732,4.080813502914991
Nn1c([N+](=O)[O-])nc2c1n([N+](=O)[O-])c(=O)n2[N+](=O)[O-],1.9624076,8.901545,37.602085,5.7932787,3.7646434,650.6131,144.52432,141.20609,4.129712365816511
Nc1c([N+](=O)[O-])nnc2nc([N+](=O)[O-])nn12,1.9014171,8.321033,32.428627,5.358054,3.437245,643.71454,385.51352,276.02142,3.5299041104109445
O=c1c2c([N+](=O)[O-])nn([N+](=O)[O-])c2n([N+](=O)[O-])n1C=N[N+](=O)[O-],1.9110435,8.830263,36.37172,6.2100286,3.8707004,622.91437,235.50964,126.04965,4.586932080666141
O=c1n(C=N[N+](=O)[O-])c(=N[N+](=O)[O-])c2c([nH]c(=O)n2[N+](=O)[O-])n1[N+](=O)[O-],1.9598082,8.608157,35.135548,5.2909193,3.330654,631.142,-26.736479,138.00569,4.689064557336963
Nn1nc([N+](=O)[O-])c2c([N+](=O)[O-])nn3c([N+](=O)[O-])c([N+](=O)[O-])nc3c21,1.8988178,8.429877,33.203033,5.976761,3.58311,598.94116,438.42233,238.96735,3.9497645228899287
O=c1[nH]c2nc([N+](=O)[O-])n(N[N+](=O)[O-])c2c(=N[N+](=O)[O-])n1[N+](=O)[O-],1.9458866,8.798852,36.406853,5.6775136,3.6435099,643.79913,132.37753,131.71889,4.327639397396611
O=[N+]([O-])N=CNc1c([N+](=O)[O-])n([N+](=O)[O-])c2nc3c(nc12)c([N+](=O)[O-])nn3[N+](=O)[O-],1.906621,8.503153,33.88361,5.9494267,3.5778258,600.8443,437.43668,145.67265,4.489437878892037
O=[N+]([O-])Nc1nc([N+](=O)[O-])c2c(nnn2[N+](=O)[O-])c1[N+](=O)[O-],1.9312742,8.885419,37.131813,6.3542576,3.9395323,618.3235,406.31735,119.99269,3.9386819778764126
Nc1c([N+](=O)[O-])c2[nH]c(=O)n(N[N+](=O)[O-])c(=O)c2n2c([N+](=O)[O-])nnc12,1.8916258,7.765971,28.219397,4.5702744,2.7607121,606.7382,-38.84065,162.66307,3.945556579764663
O=[N+]([O-])c1nnc(O)c2c1nnn2[N+](=O)[O-],1.8902389,8.432241,33.228245,5.7853026,3.5675855,615.89465,297.92853,132.44437,3.893436489659602
N=c1c2nc([N+](=O)[O-])n3c([N+](=O)[O-])c([N+](=O)[O-])nc3c2nc([N+](=O)[O-])n1[N+](=O)[O-],1.9285378,8.4494915,33.705463,5.7307277,3.375835,586.9138,305.70587,130.89871,4.135992249456448
O=[N+]([O-])Nc1nn2c(N[N+](=O)[O-])n[nH]c2c1[N+](=O)[O-],1.9340523,8.861765,37.046425,5.9752126,3.9895525,669.5595,395.07272,150.82452,3.9091195317598117
O=[N+]([O-])Nc1n[nH]c2c(N[N+](=O)[O-])nc([N+](=O)[O-])nc12,1.877937,8.320763,32.32802,5.4742613,3.5243397,644.1109,315.76443,143.45273,3.8658081030837455
O=[N+]([O-])N=Cc1n[nH]c2c([N+](=O)[O-])nc([N+](=O)[O-])c([N+](=O)[O-])c12,1.8609438,8.182141,30.94597,5.8729076,3.428945,582.58154,302.04028,191.94862,3.9816573013471004
O=c1n(C=N[N+](=O)[O-])c2c(nc([N+](=O)[O-])c3nc([N+](=O)[O-])c([N+](=O)[O-])n32)n1[N+](=O)[O-],1.9363484,8.488581,34.09133,5.6065855,3.3273115,592.22797,184.87311,147.81497,4.445222815600897
NN=c1c2c([N+](=O)[O-])n[nH]c2n(N[N+](=O)[O-])c(=O)n1N[N+](=O)[O-],1.8904203,8.4581785,33.32582,5.382403,3.634622,677.88715,227.2916,156.13437,4.3795140478792565
O=[N+]([O-])Nc1nn([N+](=O)[O-])c2nc3c([N+](=O)[O-])nn([N+](=O)[O-])c3nc12,1.9375155,8.742286,36.12828,6.0839043,3.7323973,612.03204,510.38046,135.87471,4.223101063960798
O=c1[nH]c(=N[N+](=O)[O-])c2c(nc(C=N[N+](=O)[O-])n2[N+](=O)[O-])n1[N+](=O)[O-],1.9391073,8.611005,34.90323,5.6079917,3.4957392,624.34515,175.95654,134.47498,4.680524662750068
Nc1nc2c(=O)n([N+](=O)[O-])c(=O)n([N+](=O)[O-])c2n1N[N+](=O)[O-],1.9193217,8.412291,33.18877,5.137495,3.303294,645.24774,-41.8681,140.78847,4.18646019929202
O=c1[nH]nc([N+](=O)[O-])c2c1cnn2[N+](=O)[O-],1.836651,7.8395553,28.19191,5.271826,3.116513,592.95355,161.4675,125.8226,3.4945996381390287
N=c1oc([N+](=O)[O-])nc2c1c([N+](=O)[O-])nn2N,1.8471189,7.8719234,28.51795,4.991335,3.1041884,624.82526,132.20187,260.05637,4.182165043379017
O=[N+]([O-])N=Cc1nc2c(c([N+](=O)[O-])nn2C=N[N+](=O)[O-])n2c(N([N+](=O)[O-])[N+](=O)[O-])nnc12,1.8592399,8.4502,33.00697,6.043884,3.70873,613.81586,603.8635,125.39247,4.8461238175301045
O=c1c2onc(N[N+](=O)[O-])c2nc([N+](=O)[O-])n1N[N+](=O)[O-],1.8958052,8.559336,34.147465,5.884649,3.644689,619.674,150.27136,128.7826,3.9325458182343667
N=c1c2nc([N+](=O)[O-])nc(N[N+](=O)[O-])c2nc([N+](=O)[O-])n1[N+](=O)[O-],1.9132261,8.472273,33.725876,5.612459,3.482038,620.6737,279.40656,125.02203,4.067940496297711
Nc1c(C=N[N+](=O)[O-])c2nc([N+](=O)[O-])nn2n([N+](=O)[O-])c1=O,1.8760289,8.161637,30.991749,5.349868,3.3166354,622.1523,199.94281,138.67213,4.288636354534237
Nn1c([N+](=O)[O-])nn2nc([N+](=O)[O-])nc2c1=O,1.8807563,8.2706785,31.798468,5.27802,3.3593795,638.7346,230.57092,239.48473,3.7614050433790176
NN=c1nc2c3c(=O)[nH][nH]c3n(N[N+](=O)[O-])cc-2c(=O)n1[N+](=O)[O-],1.8377323,7.3630233,25.052177,4.2911935,2.6437297,619.24164,50.920094,158.48343,4.334532212274041
O=[N+]([O-])Nc1nc([N+](=O)[O-])nc2[nH]c([N+](=O)[O-])nc12,1.8791866,8.181462,31.261318,5.2143683,3.2511623,625.0873,189.83078,134.03343,3.7572272240675035
O=c1[nH]nc(N[N+](=O)[O-])c2c1nc([N+](=O)[O-])n2[N+](=O)[O-],1.8894141,8.383213,32.69481,5.5507336,3.4478989,622.87885,181.52658,131.67143,3.808814198874746
Nn1c(=O)c2[nH]c(=O)n([N+](=O)[O-])c2n(N[N+](=O)[O-])c1=O,1.9127599,7.98608,29.947897,4.4047565,2.8446412,650.7503,-235.45207,153.36018,4.005403961071911
O=c1c2nc(N[N+](=O)[O-])n(N[N+](=O)[O-])c2nc([N+](=O)[O-])n1[N+](=O)[O-],1.9392352,8.787386,36.368004,5.7921104,3.6848867,637.25604,171.01672,135.37303,4.10012071607793
Nc1nn([N+](=O)[O-])c2nc([N+](=O)[O-])oc12,1.8529716,8.194665,31.029026,5.4387183,3.413498,628.56683,132.20383,133.72945,4.202549272650072
Nc1c([N+](=O)[O-])nc2n(N[N+](=O)[O-])c([N+](=O)[O-])c([N+](=O)[O-])n2c1=O,1.908056,8.448787,33.387722,5.4950027,3.4319935,626.43854,24.147112,136.24081,3.972375235751805
O=c1c2nc([N+](=O)[O-])c([N+](=O)[O-])nc2n(C=N[N+](=O)[O-])c(=O)n1N[N+](=O)[O-],1.901226,8.244041,31.77735,5.2209105,3.1566021,605.35455,0.3829371,144.60913,4.312282841577999
Nc1nc2c([N+](=O)[O-])nn([N+](=O)[O-])c2c([N+](=O)[O-])c1[N+](=O)[O-],1.9112267,8.533858,34.15479,5.9212627,3.5983737,607.4586,229.65836,131.58046,3.678061009008619
Nn1c([N+](=O)[O-])nc2c(c1=O)c(=N[N+](=O)[O-])n(N)c(=O)n2[N+](=O)[O-],1.9136266,8.318003,32.4932,5.1023965,3.2925596,647.2622,26.470095,130.95137,4.14919508686843
O=c1[nH]n([N+](=O)[O-])c(=O)c2c1c([N+](=O)[O-])nn2C=N[N+](=O)[O-],1.9024636,8.239129,31.745043,5.3139153,3.2132704,605.6255,33.92722,164.34317,4.381264736497102
O=[N+]([O-])c1nc([N+](=O)[O-])c([N+](=O)[O-])o1,1.9047948,9.00721,37.7571,6.5662165,3.9859972,603.8815,-4.540128,241.20436,3.7071575087690603
O=c1n([N+](=O)[O-])nc2c3nc([N+](=O)[O-])n(C=N[N+](=O)[O-])c3nc([N+](=O)[O-])n12,1.9210463,8.377909,33.08564,5.452802,3.272114,600.1313,264.92688,154.83926,4.483420192607252
O=c1n([N+](=O)[O-])c(=NN[N+](=O)[O-])c2[nH]c([N+](=O)[O-])nc2n1N[N+](=O)[O-],1.9377037,8.7743,36.264328,5.6417603,3.691986,655.8102,152.02444,140.18376,4.517700187225593
O=Cc1c([N+](=O)[O-])c2c(nc([N+](=O)[O-])n3c([N+](=O)[O-])nnc23)n1[N+](=O)[O-],1.8797786,8.150534,30.895037,5.696412,3.2414825,567.51575,267.31357,145.8475,3.9763833356175065
Nn1nnc2c([N+](=O)[O-])c([N+](=O)[O-])nc([N+](=O)[O-])c21,1.8912703,8.507723,33.74552,6.0570693,3.7457123,618.7145,403.39896,225.47026,3.6653307896783636
Nc1nc2nc([N+](=O)[O-])[nH]c(=N[N+](=O)[O-])c2n1[N+](=O)[O-],1.8839067,8.247722,31.605173,5.208071,3.3546948,646.5468,230.85739,155.5382,4.255190686538027
O=[N+]([O-])c1nc([N+](=O)[O-])c2nn[nH]c2n1,1.8447,8.086664,30.132565,5.437658,3.329487,614.14996,348.64255,242.26837,3.7640805859708957
Nn1c(=O)[nH]c2c(nc([N+](=O)[O-])n2[N+](=O)[O-])c1=O,1.8894907,7.848476,28.71705,4.4830546,2.7996912,628.21045,-121.387924,148.6115,3.789878928446906
Nc1nn([N+](=O)[O-])c2nc([N+](=O)[O-])nc-2c1[N+](=O)[O-],1.9076694,8.4353285,33.445625,5.6461005,3.5241337,625.3817,288.65875,129.45964,3.771943405062978
O=[N+]([O-])Nn1nc([N+](=O)[O-])c2c([N+](=O)[O-])nc([N+](=O)[O-])nc21,1.9190421,8.796469,36.31253,6.151317,3.8308165,622.77875,347.50967,131.14108,3.953898423499754
O=c1c([N+](=O)[O-])nc(C=N[N+](=O)[O-])c2[nH]nc([N+](=O)[O-])n12,1.8857874,8.104379,30.550539,5.2734985,3.1541958,598.56696,154.69849,191.07385,4.181326587465136
Nn1nc([N+](=O)[O-])c2nn([N+](=O)[O-])c([N+](=O)[O-])c21,1.9010247,8.927976,37.237957,6.5800757,4.269212,648.4293,457.22897,146.51674,4.056234738594206
O=c1nc([N+](=O)[O-])[nH]c(=O)[nH]1,1.840797,7.059102,22.885275,3.067907,1.9322865,636.86896,-384.24518,264.7645,3.2193143946526668
O=[N+]([O-])N=Cc1nnn2nc([N+](=O)[O-])c3c([N+](=O)[O-])nn([N+](=O)[O-])c3c12,1.868009,8.443816,33.01269,6.249205,3.7340863,595.45245,613.8531,131.46466,4.4796936652878365
N=c1c2c(nc3n(C=N[N+](=O)[O-])nc([N+](=O)[O-])n13)n([N+](=O)[O-])c(=O)n2[N+](=O)[O-],1.9259834,8.4295025,33.560143,5.3984485,3.3390431,618.8823,265.10403,152.93234,4.678916900172019
O=[N+]([O-])N=c1c2ncnc([N+](=O)[O-])c2nc([N+](=O)[O-])n1[N+](=O)[O-],1.8900027,8.486767,33.56004,6.0462136,3.6138506,595.82336,381.03104,114.95683,3.9987765951680334
Nc1nc2oc([N+](=O)[O-])nn2c1[N+](=O)[O-],1.88759,8.168005,30.998266,5.1249986,3.1954784,625.574,85.2728,288.12012,4.014978888034685
Nc1c([N+](=O)[O-])n(N)c2nnc([N+](=O)[O-])n2c1=O,1.8622541,7.9048805,28.903122,4.8448753,3.10764,644.3177,129.98227,258.70374,3.683893985730048
Nc1nnc2nc([N+](=O)[O-])nc-2n1[N+](=O)[O-],1.8582133,8.233643,31.49423,5.4357095,3.5209572,649.06683,407.7438,135.68492,3.7932965969941286
N=c1c([N+](=O)[O-])nc([N+](=O)[O-])c2n([N+](=O)[O-])ncn12,1.901822,8.401528,33.034004,5.6880417,3.5207126,620.04034,293.2542,123.91518,4.014829866601441
Nn1nnc2c([N+](=O)[O-])nc([N+](=O)[O-])c([N+](=O)[O-])c21,1.8877853,8.501977,33.659496,6.065366,3.7470098,618.00836,407.5405,225.18195,3.6653307896783636
Nn1c(=O)n([N+](=O)[O-])c(=N[N+](=O)[O-])c2c1nc([N+](=O)[O-])n2[N+](=O)[O-],1.9551203,8.949819,37.876297,5.973133,3.8414528,644.2441,218.00125,125.069824,4.337862332525998
Nn1cnc2c(=O)n([N+](=O)[O-])c(=O)n([N+](=O)[O-])c21,1.8746798,7.9804325,29.604486,4.902239,3.0683792,627.44,-12.482556,143.80775,3.9524975863847143
NC1=NC23c4c(n2c(=O)n([N+](=O)[O-])c4=O)N1S(=O)(=O)c1c(cc([N+](=O)[O-])c([N+](=O)[O-])c1[N+](=O)[O-])C(=O)N3[N+](=O)[O-],1.8756548,7.762253,28.043068,4.877779,2.7540069,564.65704,-229.08899,151.7369,6.858596202032985
Nc1nnc2c3c(nc([N+](=O)[O-])n3[N+](=O)[O-])n([N+](=O)[O-])c(=O)n12,1.9119248,8.259155,32.098503,5.1595736,3.2055357,622.13873,232.43878,142.3132,4.0434951323685375
O=c1nc([N+](=O)[O-])n(C=N[N+](=O)[O-])c2c1nc([N+](=O)[O-])n2[N+](=O)[O-],1.9003555,8.447788,33.269794,5.664714,3.4216192,604.1796,170.06656,126.21129,4.31047236442958
O=c1n([N+](=O)[O-])c2nc[nH]c2n1[N+](=O)[O-],1.8840182,8.112187,30.706964,5.0539856,3.1476107,624.2536,42.124454,142.68326,3.9559423495731476
O=c1n(C=N[N+](=O)[O-])c(=O)n2c3cnn([N+](=O)[O-])c3nc([N+](=O)[O-])n12,1.8849078,7.9896116,29.785624,5.0052943,2.9856079,597.8831,93.815704,144.16534,4.483977068553221
O=c1c2c(ncn2[N+](=O)[O-])n([N+](=O)[O-])c(=O)n1N[N+](=O)[O-],1.925282,8.454141,33.62497,5.3614273,3.3321865,622.0504,-27.348555,131.21153,4.221235788264338
NN=c1c2nc([N+](=O)[O-])n(N[N+](=O)[O-])c2n([N+](=O)[O-])c(=O)n1[N+](=O)[O-],1.9472144,8.918963,37.54704,5.899042,3.8696618,658.1575,253.42676,133.25185,4.495853603040547
N=c1c2c(cnn2[N+](=O)[O-])n(N)c(=O)n1[N+](=O)[O-],1.8564148,7.997604,29.597092,5.1173277,3.3042681,648.6654,184.16074,150.21942,4.209237684584386
O=c1c2c(C=N[N+](=O)[O-])n[nH]c2nc2n([N+](=O)[O-])nc([N+](=O)[O-])n12,1.8623186,7.942535,29.24238,5.1498466,3.0667772,597.40027,265.9643,143.08899,4.347443218191201
O=[N+]([O-])c1nc([N+](=O)[O-])c2nn([N+](=O)[O-])cc2n1,1.8700569,8.327484,32.22741,5.9972043,3.561294,592.5802,334.96216,142.92867,3.841494272145761
Nn1nc([N+](=O)[O-])c2nnc([N+](=O)[O-])c([N+](=O)[O-])c21,1.8926764,8.591958,34.530045,6.275852,3.8855667,618.2352,470.95267,222.63379,3.6906581742937474
O=c1[nH]c2c([N+](=O)[O-])c([N+](=O)[O-])oc2c(=O)n1C=N[N+](=O)[O-],1.8905445,7.8209543,28.49263,4.750884,2.7083902,571.3146,-296.70148,191.25638,4.02493874180214
Nn1nc([N+](=O)[O-])c2c1c(=O)[nH]c(=O)n2N[N+](=O)[O-],1.8716784,7.89951,28.891058,4.5911417,2.9721804,651.7462,-51.481915,148.4995,3.8283083281399017
O=[N+]([O-])N=Cn1c([N+](=O)[O-])nc2c([N+](=O)[O-])c3c(nc21)c([N+](=O)[O-])nn3[N+](=O)[O-],1.9108695,8.485742,33.818848,5.978146,3.5181282,587.1219,413.6508,128.97304,4.400249337105641
Nn1c([N+](=O)[O-])c(O)c(=O)n2c([N+](=O)[O-])nnc12,1.8865674,7.99215,29.69942,4.848066,3.004656,621.6994,-44.360058,252.00069,3.643651759870801
NN=c1c2nc(N)[nH]c2n([N+](=O)[O-])n1[N+](=O)[O-],1.8088703,8.009765,29.175957,5.044298,3.5141084,701.02905,293.3972,150.60162,4.229863504917479
Nc1c([N+](=O)[O-])c(N)n2nc([N+](=O)[O-])nc2c1[N+](=O)[O-],1.90682,8.032407,30.212597,4.94772,3.0905633,627.84515,132.79459,294.86008,3.461447156338182
N#[N+]n1nc([N+](=O)[O-])c2nc([N+](=O)[O-])n([N+](=O)[O-])c(=NN)c21,1.8594667,8.474498,33.272152,6.066817,3.8163047,628.4798,659.80743,125.77028,4.526155187425482
Nn1nc([N+](=O)[O-])nc2c([N+](=O)[O-])nnc1-2,1.8603449,8.3609705,32.42132,5.8170366,3.7429082,643.84973,487.76352,255.25688,3.696074056743681
Nc1c2c(O)n(C=N[N+](=O)[O-])c([N+](=O)[O-])c2nc2c1c([N+](=O)[O-])nn2[N+](=O)[O-],1.8677944,7.894735,28.966406,5.1348786,3.0473404,595.52673,105.18576,157.13525,4.434294654849773
O=[N+]([O-])NN=c1c2ncnn2c([N+](=O)[O-])c([N+](=O)[O-])n1[N+](=O)[O-],1.8966391,8.765419,35.689663,6.2649536,3.955859,632.0991,428.8215,130.89268,4.127495888988966
Nn1nc([N+](=O)[O-])c2nc([N+](=O)[O-])n3nnc([N+](=O)[O-])c3c21,1.8915851,8.3691845,32.686825,5.884214,3.5983834,611.79456,553.8835,248.09488,3.9531569947356484
O=[N+]([O-])c1nn([N+](=O)[O-])c2nnc3n[nH]nc3c12,1.880257,8.279759,32.12764,5.946337,3.5829468,602.41504,668.89,130.29712,3.901667118299608
O=[N+]([O-])N=Cc1nc2nnc([N+](=O)[O-])n2c(=N[N+](=O)[O-])[nH]1,1.8615013,8.378198,32.344646,5.668764,3.624775,640.2019,460.73904,176.92694,4.446828235816784
O=[N+]([O-])c1[nH]c2oc(O)nc2c1O,1.8426954,6.8616076,21.589716,3.3539627,1.9044162,571.5755,-459.57422,324.17578,3.9996670027560794
O=c1c2c(c(N[N+](=O)[O-])nn1[N+](=O)[O-])c(=O)n([N+](=O)[O-])c(=O)n2C=N[N+](=O)[O-],1.9369458,8.410347,33.372887,5.274519,3.208206,608.81866,-86.97818,140.26907,4.524366448772252
Nc1n[nH]c2c1c(=O)n(N[N+](=O)[O-])c(=O)n2N[N+](=O)[O-],1.8445967,7.813476,28.080574,4.477585,2.9742928,668.8982,-68.433136,156.67932,4.0525901059865035
Nn1c2c(c(=O)n([N+](=O)[O-])c1=O)N(N[N+](=O)[O-])c1c(noc1[N+](=O)[O-])O2,1.9162676,8.319191,32.485676,5.3504663,3.2542157,608.45404,-77.29839,146.80142,4.448950559697773
Nc1c([N+](=O)[O-])n2nnnc2c2c([N+](=O)[O-])nc([N+](=O)[O-])n12,1.9057121,8.285949,32.111675,5.522396,3.3727589,611.623,457.24753,264.26315,3.7756258343705893
O=c1c2nc3c([N+](=O)[O-])noc3nc2n([N+](=O)[O-])c(=O)n1C=N[N+](=O)[O-],1.8996313,7.9860606,29.931871,5.118688,2.9076087,568.1804,59.077976,133.28761,4.326116082870254
Nn1c([N+](=O)[O-])nn2c([N+](=O)[O-])c([N+](=O)[O-])c(=O)nc12,1.9317774,8.458416,33.613266,5.4629183,3.3693519,618.47107,136.1081,224.45135,3.638028221426941
Nn1nc([N+](=O)[O-])n2nc([N+](=O)[O-])nc2c1=O,1.8717079,8.281716,31.777431,5.372669,3.4242997,639.6581,252.6554,243.28235,3.713749658763634
O=c1c2c([N+](=O)[O-])nc([N+](=O)[O-])n2n([N+](=O)[O-])c(=O)n1C=N[N+](=O)[O-],1.9099995,8.494965,33.851345,5.5508327,3.3787417,608.42865,-8.1620455,116.68576,4.3343052006736835
Nn1c([N+](=O)[O-])c2c([N+](=O)[O-])nn([N+](=O)[O-])c2nc1=O,1.9265897,8.517479,34.115303,5.577623,3.4753952,624.4016,150.6399,133.22176,3.930666682965402
Nc1nc([N+](=O)[O-])nc2c(=NN[N+](=O)[O-])n([N+](=O)[O-])c([N+](=O)[O-])nc12,1.8790814,8.381981,32.631634,5.546267,3.5202043,636.1259,312.05508,132.04639,4.200130257155663
Nn1c(=O)n([N+](=O)[O-])c(=NN[N+](=O)[O-])c2cc([N+](=O)[O-])[nH]c21,1.8626237,8.071115,30.068794,5.1727667,3.309475,643.2692,90.98407,143.15543,4.403743251085961
O=c1c2c(n(C=N[N+](=O)[O-])c(=O)n1[N+](=O)[O-])n([N+](=O)[O-])c(=O)n2N[N+](=O)[O-],1.9388142,8.572243,34.582016,5.359821,3.3494294,625.7942,-126.47952,135.9712,4.645899148651209
Nc1nc([N+](=O)[O-])n(C=N[N+](=O)[O-])c2c3c(nc1-2)n([N+](=O)[O-])c(=O)n3C=N[N+](=O)[O-],1.8576832,7.8748646,28.74258,4.936462,3.0138886,612.39166,181.9354,155.73087,4.731215955815114
Nc1nnc2c([N+](=O)[O-])c([N+](=O)[O-])n(N[N+](=O)[O-])nc1-2,1.8317475,8.356199,32.0282,5.9326496,3.8146489,644.3827,440.56998,129.04515,3.834194460122932
Nc1c([N+](=O)[O-])cc([N+](=O)[O-])[n+]([O-])c1[N+](=O)[O-],1.8714799,8.417615,32.807552,6.0757732,3.6968908,608.651,36.242878,233.7157,3.6436282991929714
O=[N+]([O-])N=c1c2nc([N+](=O)[O-])n(N[N+](=O)[O-])c2nc([N+](=O)[O-])n1[N+](=O)[O-],1.963807,9.183428,39.847694,6.4480104,4.1103864,636.6542,388.59268,120.22354,4.343941027925199
O=c1onc([N+](=O)[O-])n2c(N[N+](=O)[O-])nnc12,1.8626847,8.381431,32.440407,5.7038283,3.51799,617.2482,203.10101,121.06491,3.755550862777011
O=[N+]([O-])N=Cc1nc2nnc([N+](=O)[O-])n3c([N+](=O)[O-])nc-3c2n1[N+](=O)[O-],1.869415,8.383984,32.632042,5.999264,3.6052592,599.14935,538.9853,145.3102,4.391325533419704
Nc1nn([N+](=O)[O-])c(=O)c2nc([N+](=O)[O-])n([N+](=O)[O-])c12,1.9086335,8.442119,33.418896,5.5356197,3.4384522,622.1758,151.45166,148.30164,4.00962970071688
Nc1nc2n([N+](=O)[O-])c(=O)c3c(nc([N+](=O)[O-])n3C=N[N+](=O)[O-])c(=O)n2c1[N+](=O)[O-],1.8795477,7.968632,29.66469,4.975632,2.9695268,598.3097,32.659626,144.91756,4.427084354062437
O=[N+]([O-])n1nnc2c1cnn2[N+](=O)[O-],1.860939,8.713865,34.971237,6.5649157,4.193932,638.73956,511.11905,124.34285,4.164744553303473
Nn1c(=O)n(N[N+](=O)[O-])c2c1nc([N+](=O)[O-])n2[N+](=O)[O-],1.9005303,8.695399,35.230892,5.7576766,3.8244858,666.5915,174.87393,143.72466,4.195698043912147
Nn1c(=O)n([N+](=O)[O-])c(=O)c2[nH]c([N+](=O)[O-])nc21,1.8976463,7.9368777,29.620531,4.5771604,2.874472,630.52893,-104.74926,153.56583,3.801335884257054
Nn1c2c(c(=O)n([N+](=O)[O-])c(=O)n2[N+](=O)[O-])n2c([N+](=O)[O-])nnc12,1.9350387,8.457431,33.837223,5.350926,3.3401551,624.3335,143.86075,150.79756,4.20481082596804
O=c1c2nc([N+](=O)[O-])[nH]c2nc(N[N+](=O)[O-])n1[N+](=O)[O-],1.9228715,8.339566,32.815052,5.163241,3.21231,623.3454,60.361454,137.91876,3.9332231974233673
Nc1c([N+](=O)[O-])c2nnnn2c2c([N+](=O)[O-])c([N+](=O)[O-])nn12,1.9255494,8.407549,33.257103,5.678153,3.473196,612.6541,506.87967,259.24533,3.600054256795623
O=c1c2nc3nc([N+](=O)[O-])n(C=N[N+](=O)[O-])c3c([N+](=O)[O-])c2c([N+](=O)[O-])nn1[N+](=O)[O-],1.9056685,8.297204,32.233025,5.684739,3.2652483,573.74884,255.32312,158.46304,4.367702953133355
NN=c1nc2[nH]nc([N+](=O)[O-])n2c(=O)n1C=N[N+](=O)[O-],1.8560232,7.8754063,28.661299,4.5476975,3.021838,667.3955,179.55762,192.13072,4.511315795391437
O=C1Nc2nc([N+](=O)[O-])nn2N([N+](=O)[O-])C1=C[N+](=O)[O-],1.8666455,8.269966,31.600695,5.420163,3.3782916,624.88635,111.90469,110.50137,4.288711441255007
O=[N+]([O-])c1nc2n([N+](=O)[O-])cc([N+](=O)[O-])n2n1,1.8843304,8.678594,35.03198,6.2439575,3.8880157,621.40063,318.4076,118.532425,3.9490173510713253
Nc1nc2n(N[N+](=O)[O-])n([N+](=O)[O-])c(=O)n2c(=O)c1[N+](=O)[O-],1.9142047,8.278797,32.136692,4.90651,3.13889,642.4015,-103.57405,154.43866,4.106334693219146
Nn1nc([N+](=O)[O-])n2c([N+](=O)[O-])nnc12,1.8703672,8.711913,35.1918,6.106364,4.1149054,674.8027,464.37082,252.31772,3.8558000418808405
Nc1nc(=O)c2c([nH]c(=O)n2[N+](=O)[O-])n1[N+](=O)[O-],1.9238548,7.8150234,28.863434,4.138376,2.6009257,632.9898,-196.51463,163.81683,3.9896141166629464
Nc1nc2c3c([N+](=O)[O-])nn([N+](=O)[O-])c3nc([N+](=O)[O-])n2c1[N+](=O)[O-],1.9058933,8.325174,32.542377,5.5430307,3.349355,605.4121,302.18228,143.94707,4.008098788624196
Nc1nc2n([N+](=O)[O-])c([N+](=O)[O-])nn2n1,1.8437332,8.436827,32.72173,5.548637,3.7584538,680.08606,347.86972,127.90744,3.985694272650071
Nc1nnc2c([N+](=O)[O-])nn([N+](=O)[O-])c(=O)n12,1.8900563,8.305022,32.233383,5.1769514,3.34604,647.9178,213.22552,152.62544,3.6965927356867097
Nc1c(N[N+](=O)[O-])c([N+](=O)[O-])n2nnnc2c1N[N+](=O)[O-],1.8926182,8.509589,33.787678,5.7471232,3.7883468,661.64856,428.7855,139.15253,3.84160873032228
O=c1nc([N+](=O)[O-])c2c([nH]1)n(N[N+](=O)[O-])c(=O)n2N[N+](=O)[O-],1.9073306,8.299595,32.1632,5.000762,3.2003694,643.3677,-76.13846,145.46063,4.169802932783574
Nc1nnc([N+](=O)[O-])n2c([N+](=O)[O-])nc([N+](=O)[O-])c12,1.8746,8.334682,32.22118,5.706152,3.5323303,619.31934,317.06186,235.19681,3.660930481986056
O=c1n(C=N[N+](=O)[O-])c2c(c(=N[N+](=O)[O-])n(C=N[N+](=O)[O-])c(=O)n2[N+](=O)[O-])n1[N+](=O)[O-],1.9366993,8.66536,35.32209,5.606575,3.5110636,626.98346,71.57953,131.59212,5.002500284798979
Nn1c(=O)n(N[N+](=O)[O-])c(=O)c2c(=O)n3nc([N+](=O)[O-])n([N+](=O)[O-])c3nc21,1.921149,8.11769,30.98517,4.8136854,2.9669907,619.4169,-55.935665,140.65846,4.100222169855355
Nc1c([N+](=O)[O-])c2c([nH]c(=O)n2[N+](=O)[O-])n2nnnc12,1.9004762,7.864877,29.078114,4.678517,2.8967342,621.75714,225.77075,142.38681,3.822620923596566
Nn1c(=O)n([N+](=O)[O-])c2c1c(=NN[N+](=O)[O-])[nH]c(=O)n2[N+](=O)[O-],1.9366171,8.493908,34.06414,5.1099496,3.3759856,663.5386,-14.211408,144.3691,4.591752849896912
NN=c1c2c([nH]c(=O)n2[N+](=O)[O-])n(C=N[N+](=O)[O-])c(=O)n1[N+](=O)[O-],1.9235418,8.242806,31.977224,4.870526,3.1397514,647.88153,-10.462018,145.42899,4.676947089704304
NN=c1c2nc([N+](=O)[O-])n([N+](=O)[O-])c2n([N+](=O)[O-])c(=O)n1N[N+](=O)[O-],1.9319881,8.863477,36.935543,5.9284806,3.8770988,655.17737,244.1901,134.91203,4.495853603040547
Nc1c([N+](=O)[O-])nc2c3nc([N+](=O)[O-])c([N+](=O)[O-])nc3nc([N+](=O)[O-])n12,1.8914855,7.981614,29.823063,5.195256,3.010441,578.8717,277.395,225.5808,3.8942997235773733
O=c1c2nc3c(N[N+](=O)[O-])c([N+](=O)[O-])n([N+](=O)[O-])c3nc2c([N+](=O)[O-])nn1C=N[N+](=O)[O-],1.9029819,8.341583,32.570923,5.681748,3.352973,589.51843,286.37433,138.87753,4.463116131536207
O=c1c2c(n(N[N+](=O)[O-])c(=O)n1[N+](=O)[O-])n([N+](=O)[O-])c(=O)n2C=N[N+](=O)[O-],1.9424094,8.595058,34.841827,5.386598,3.3712444,626.30066,-113.06809,142.61882,4.645899148651209
O=c1[nH][nH]c(=O)c2c1nc([N+](=O)[O-])n2N[N+](=O)[O-],1.8639826,7.898645,28.930702,4.8461328,3.0037277,623.0602,-20.837538,128.37456,3.827521195222685
O=c1[nH]c(=O)c2c(nc([N+](=O)[O-])n2N[N+](=O)[O-])[nH]1,1.8531295,7.588171,26.492563,4.1546774,2.585108,627.80347,-190.39287,138.09053,3.6321202336842218
O=[N+]([O-])Nc1nc([N+](=O)[O-])c2nnn([N+](=O)[O-])c2n1,1.9172959,8.772348,36.1191,6.055908,3.8552167,636.9184,451.74063,126.10658,3.9201964548367343
O=[N+]([O-])Nc1nnnc2c([N+](=O)[O-])n([N+](=O)[O-])nc12,1.9084663,8.929124,37.35654,6.576357,4.1835403,635.081,581.2008,130.8767,4.0152272240675035
O=c1cc([N+](=O)[O-])nc2nc([N+](=O)[O-])[nH]n12,1.8094954,7.4651427,25.288633,4.5603385,2.6748843,589.60425,7.599627,268.09583,3.5447033948474367
Nc1nc([N+](=O)[O-])c2[nH]nnc2c1[N+](=O)[O-],1.8425045,7.711998,27.325323,4.841494,3.0028417,623.1276,230.66281,285.88266,3.549765291090729
Nn1nc([N+](=O)[O-])c2c(O[N+](=O)[O-])n[nH]c2c1=O,1.8575919,8.081258,30.210442,5.2523246,3.2784598,626.2412,82.744446,128.12408,3.9476654259919144
O=[N+]([O-])c1cn2c([N+](=O)[O-])nnc2c([N+](=O)[O-])c1[N+](=O)[O-],1.9055113,8.532395,34.004627,6.261646,3.627922,576.4435,281.78293,211.1853,3.3869370470055955
O=c1c2nn([N+](=O)[O-])c(N[N+](=O)[O-])c2cnn1[N+](=O)[O-],1.890929,8.473831,33.420265,5.8753867,3.6184242,616.1737,238.55615,130.49591,4.097467319339188
O=[N+]([O-])N=c1[nH]c([N+](=O)[O-])nc2nn(N[N+](=O)[O-])c([N+](=O)[O-])c12,1.9227852,8.785532,36.154427,6.0109916,3.826497,637.9069,351.2114,129.74396,4.352198537160467
Nn1nc([N+](=O)[O-])c2c(c([N+](=O)[O-])nn2[N+](=O)[O-])c1=O,1.9002763,8.552793,34.142124,5.8955793,3.6740072,623.77106,228.17581,122.826004,3.976902185923981
O=[N+]([O-])N1CN([N+](=O)[O-])CN([N+](=O)[O-])N([N+](=O)[O-])C1,1.9029356,9.390352,41.041996,6.671603,4.964497,745.48816,153.47604,145.15558,4.460580960661708
O=c1c2nc3nc([N+](=O)[O-])[nH]c(=NN[N+](=O)[O-])c3nc2n([N+](=O)[O-])c(=O)n1N[N+](=O)[O-],1.91376,8.181669,31.483446,5.025168,3.0676198,611.87524,114.58316,144.48912,4.546107410738635
O=[N+]([O-])N=Cc1c([N+](=O)[O-])nc([N+](=O)[O-])c2c1nc([N+](=O)[O-])n2[N+](=O)[O-],1.8812115,8.513955,33.702255,6.2001786,3.6627908,588.30206,307.12646,119.107834,4.219606638784928
O=c1c2c([nH]c(=O)n2N[N+](=O)[O-])c(=N[N+](=O)[O-])[nH]n1[N+](=O)[O-],1.931314,8.458137,33.613186,5.182014,3.3214002,643.9024,-34.90594,144.73627,4.442295240475881
Nc1c([N+](=O)[O-])c2nnnn2c(=O)n1[N+](=O)[O-],1.9369408,8.488477,34.04954,5.3090262,3.422941,647.4084,246.7168,177.80098,3.556048120302095
O=[N+]([O-])N=Cn1nnc2c([N+](=O)[O-])[nH]c([N+](=O)[O-])c21,1.8761185,8.409425,32.798615,5.8738294,3.6609147,623.3563,371.05246,188.90634,4.3615385362847
O=[N+]([O-])c1nc2c3nnnn3cc([N+](=O)[O-])n2c1[N+](=O)[O-],1.8627071,8.16999,30.816458,5.827563,3.4032528,583.03015,509.05246,234.81413,3.747850098164963
O=c1c([N+](=O)[O-])c(C=N[N+](=O)[O-])nc2[nH]nc([N+](=O)[O-])n12,1.8831887,8.084421,30.371008,5.21935,3.131463,600.269,144.12482,191.97116,4.058352961091511
NN=c1[nH]c(C=N[N+](=O)[O-])nc2c([N+](=O)[O-])nc([N+](=O)[O-])nc12,1.8111724,7.760953,27.477865,5.135774,3.176969,619.875,369.5859,192.21153,4.407645976447778
NC1=C([N+](=O)[O-])C([N+](=O)[O-])=C(N[N+](=O)[O-])N([N+](=O)[O-])C(N)=C1[N+](=O)[O-],1.9281632,8.824026,36.530396,5.9969163,3.9311435,657.1586,81.162186,139.24113,4.1547940933195004
O=c1c(C=N[N+](=O)[O-])c([N+](=O)[O-])n2c(=O)c([N+](=O)[O-])nnc2n1[N+](=O)[O-],1.9141535,8.416886,33.252975,5.644448,3.3392987,590.232,108.00305,130.81918,4.194021797155969
Nc1c([N+](=O)[O-])c([N+](=O)[O-])c2nnn(O)c2c1[N+](=O)[O-],1.9094181,8.339997,32.57056,5.763855,3.4679806,602.12415,185.9209,231.45197,3.460171712551201
NC(=O)N=c1[nH]c(=O)n(C=N[N+](=O)[O-])c2nnc([N+](=O)[O-])nc12,1.8112206,7.240679,23.873081,3.8902576,2.4245524,627.1253,-18.72392,186.61687,4.37698791193165
Nc1c(C=N[N+](=O)[O-])c([N+](=O)[O-])n2nc([N+](=O)[O-])nc2c1[N+](=O)[O-],1.8788885,8.22708,31.452589,5.62427,3.4110425,606.5512,270.70953,188.85829,4.031722913880128
O=c1c2nc([N+](=O)[O-])c([N+](=O)[O-])nc2n(C=N[N+](=O)[O-])c(=O)n1C=N[N+](=O)[O-],1.8803318,7.970212,29.542048,4.992272,2.9352558,589.19855,-4.664472,178.80783,4.471886962542081
Nc1nc2c(c(=O)n([N+](=O)[O-])c(=O)n2N[N+](=O)[O-])n2c([N+](=O)[O-])nnc12,1.8785434,8.013369,29.932737,4.89307,3.032373,621.29913,95.8237,149.10484,4.082631496152624
O=c1nc([N+](=O)[O-])nc2cnn([N+](=O)[O-])n12,1.870641,8.115038,30.564173,5.2484393,3.2001603,611.13916,176.19553,143.54872,4.1121026792839315
N=C1Oc2[nH]c(=O)c([N+](=O)[O-])nc2NC1[N+](=O)[O-],1.8245357,7.3418093,24.722788,4.138505,2.5011451,608.11865,-220.77118,173.30661,4.710906958449735
O=c1[nH]c(=O)n([N+](=O)[O-])c2c(=O)n([N+](=O)[O-])c(C=N[N+](=O)[O-])nc12,1.9010884,7.9461093,29.472786,4.7950253,2.8188856,589.73303,-161.30457,139.28087,4.182320716077931
N=c1c2nc([N+](=O)[O-])nc([N+](=O)[O-])c2n(N[N+](=O)[O-])c(=O)n1N[N+](=O)[O-],1.8993764,8.456443,33.39545,5.495487,3.4863603,636.051,158.97812,141.2379,4.28649170665823
Nn1nnn2c(=O)c([N+](=O)[O-])c([N+](=O)[O-])nc12,1.9023649,8.3653145,32.635612,5.374632,3.4183908,638.79224,260.31802,227.09654,3.786758889532864
O=c1nc([N+](=O)[O-])c2nc([N+](=O)[O-])n(N[N+](=O)[O-])c2n1N[N+](=O)[O-],1.930954,8.76534,36.06311,5.8212404,3.7067208,637.58093,179.25793,138.51411,4.2516943424515565
O=[N+]([O-])N=Cc1nc([N+](=O)[O-])c2c(C=N[N+](=O)[O-])c3c([N+](=O)[O-])nn([N+](=O)[O-])c3nc2c1[N+](=O)[O-],1.8748411,8.200793,31.275324,5.924869,3.3782928,568.19806,416.22757,147.43806,4.639371134749625
Nc1nc2c(N)nc([N+](=O)[O-])c([N+](=O)[O-])n2c1[N+](=O)[O-],1.8543535,7.868064,28.554575,4.9235168,3.072117,626.6678,121.75705,234.75125,3.557946860480195
O=c1nc([N+](=O)[O-])c2c(C=N[N+](=O)[O-])nn([N+](=O)[O-])c2n1[N+](=O)[O-],1.9196955,8.600622,34.68045,5.9273453,3.5814745,603.2771,242.15155,130.5997,4.482052584209798
Nn1c([N+](=O)[O-])c([N+](=O)[O-])n2c3c(=O)n([N+](=O)[O-])c(=O)n([N+](=O)[O-])c3nc12,1.9556011,8.511564,34.4471,5.4069037,3.296295,608.6409,16.579485,144.03403,4.13955717062923
NN=c1c2c(nc([N+](=O)[O-])n1[N+](=O)[O-])c([N+](=O)[O-])nn2N,1.8833585,8.548981,34.081615,5.8622704,3.8882053,665.2697,453.71658,129.24338,4.230399424627974
O=c1c([N+](=O)[O-])c(C=N[N+](=O)[O-])n([N+](=O)[O-])c2nnc([N+](=O)[O-])n12,1.9138671,8.622672,34.804375,6.005602,3.6330428,603.1153,261.76117,115.52872,4.16353170508892
Nc1nc([N+](=O)[O-])nc2nc3n([N+](=O)[O-])c(=O)c([N+](=O)[O-])c([N+](=O)[O-])n3c12,1.9100536,8.080029,30.782183,5.0849705,2.993511,589.1895,105.67172,164.08514,3.966251855662506
Nc1ncnc2c(=NN[N+](=O)[O-])[nH]c(=NN[N+](=O)[O-])n([N+](=O)[O-])c12,1.8112308,7.9177155,28.502523,5.048129,3.367909,669.92444,360.43588,149.3513,4.536545466711912
Nn1c(=O)c2nc([N+](=O)[O-])[nH]c2n([N+](=O)[O-])c1=O,1.8911542,7.906077,29.27156,4.538312,2.8540492,632.3172,-106.418434,150.29825,3.8444357205909316
Nn1nc2nc([N+](=O)[O-])n(N[N+](=O)[O-])c2c1[N+](=O)[O-],1.8661618,8.720205,35.150917,6.1958904,4.12923,668.5039,418.29385,131.43483,4.180308020447594
Nn1c(=O)n(N)c2nc([N+](=O)[O-])c([N+](=O)[O-])n2c1=NN[N+](=O)[O-],1.8897363,8.415412,32.965996,5.2838154,3.5646482,678.17645,202.28543,164.86694,4.247528234512295
Nn1c(=O)n(N)c2c(=NN[N+](=O)[O-])n([N+](=O)[O-])c(=O)[nH]c21,1.8808594,8.008178,29.88173,4.5699463,3.1198564,687.2161,-3.8109257,158.64494,4.426319984068533
Nc1c([N+](=O)[O-])c([N+](=O)[O-])n2c(=O)n(N)nc2c1[N+](=O)[O-],1.9019558,8.144981,31.026777,5.1202374,3.1957023,626.5639,49.951954,232.01279,3.675659005047555
N=c1c2c(nc([N+](=O)[O-])n1[N+](=O)[O-])n([N+](=O)[O-])c(=O)n2N[N+](=O)[O-],1.9539862,8.827089,36.870308,5.7561574,3.6732132,639.34,133.81714,130.88306,4.3858883871165695
Nn1c(=O)c2c([N+](=O)[O-])nn([N+](=O)[O-])c2c2c([N+](=O)[O-])nnnc21,1.8814392,8.158817,31.014668,5.5213113,3.3166184,600.735,372.05582,125.94292,3.99724939052848
O=[N+]([O-])N=Cc1c([N+](=O)[O-])[nH]c2c(=NN[N+](=O)[O-])n([N+](=O)[O-])c([N+](=O)[O-])nc12,1.8891386,8.519647,33.7357,5.931388,3.6731305,619.691,299.74268,135.05998,4.679800060255179
O=c1c2c(C=N[N+](=O)[O-])nn([N+](=O)[O-])c2nc2n([N+](=O)[O-])c(N[N+](=O)[O-])c([N+](=O)[O-])n12,1.9168581,8.48161,33.729614,5.7190423,3.4478528,603.1018,242.34415,138.0059,4.598362990656806
Nc1c([N+](=O)[O-])nc2c(=O)n(N[N+](=O)[O-])c([N+](=O)[O-])nn12,1.8975163,8.404951,33.035667,5.384271,3.452574,643.05115,145.69989,142.59023,3.8970192847678344
O=[N+]([O-])c1cc2c([N+](=O)[O-])nn([N+](=O)[O-])n2c1[N+](=O)[O-],1.8740398,8.729665,35.157295,6.6490417,4.006167,600.1155,288.50082,122.89079,3.809659286515698
O=[N+]([O-])c1nc2ncn([N+](=O)[O-])c2nc1[N+](=O)[O-],1.8692249,8.272311,31.810604,5.82202,3.4554944,592.1232,313.32135,126.39877,3.820554849068838
O=c1c2c([N+](=O)[O-])nn([N+](=O)[O-])c2nc2n([N+](=O)[O-])ncn12,1.9151783,8.25761,32.028637,5.404891,3.2008753,592.63403,239.75931,135.94882,4.106206277656118
O=c1c2nc3c(=O)n(N[N+](=O)[O-])c(=O)n(C=N[N+](=O)[O-])c3nc2c([N+](=O)[O-])nn1[N+](=O)[O-],1.9020178,8.0567665,30.414576,5.02455,2.9525876,588.4602,24.96033,150.78957,4.505480475427611
O=c1c2c(nc3n1-c1cc(O)c(O)cc1ON=3)NN(N[N+](=O)[O-])C=2[N+](=O)[O-],1.8073592,6.920211,21.880812,4.0940294,2.271562,557.5522,-235.63773,175.27278,4.406345504457565
N=c1nc2[nH]c([N+](=O)[O-])nn2c(N)c1[N+](=O)[O-],1.8737197,7.6370287,27.076517,4.273082,2.7615619,650.93164,132.37299,297.45096,4.03008196645594
O=c1[nH]c2nc(C=N[N+](=O)[O-])c([N+](=O)[O-])c(=NN[N+](=O)[O-])n2n1[N+](=O)[O-],1.9109334,8.5105505,33.82692,5.5112348,3.4960632,636.58905,192.74036,152.81853,4.700001395818175
O=[N+]([O-])N=c1[nH]c([N+](=O)[O-])nc2c1nc(N[N+](=O)[O-])n2[N+](=O)[O-],1.9444517,8.793566,36.51704,5.8223934,3.7214797,639.271,307.92432,139.57687,4.324136242078499
O=c1n([N+](=O)[O-])nc2c(C=N[N+](=O)[O-])c([N+](=O)[O-])nc([N+](=O)[O-])n12,1.920873,8.539922,34.263107,5.765651,3.4784422,602.1779,181.44525,153.02492,4.265039397396611
Nc1nc2nnc([N+](=O)[O-])n2c(=O)n1N[N+](=O)[O-],1.8573934,8.095051,30.310118,4.8468375,3.2291822,668.25714,166.37762,153.5942,3.854423118299608
Nc1nc2c(c([N+](=O)[O-])nn2[N+](=O)[O-])n1[N+](=O)[O-],1.9187762,8.779,36.136105,5.9504704,3.8705223,651.2537,297.8623,141.13437,4.067049468545107
Nc1nc([N+](=O)[O-])c2nc(N[N+](=O)[O-])n([N+](=O)[O-])c(=N[N+](=O)[O-])c2n1,1.8722513,8.391855,32.66212,5.561241,3.5545774,640.4962,324.68863,134.38922,4.126357529882935
O=[N+]([O-])N=c1nc[nH]c2c([N+](=O)[O-])nn(N[N+](=O)[O-])c12,1.8609288,8.3426075,32.130222,5.7481337,3.6576624,637.797,366.05826,142.09386,4.26366707744272
Nc1nc2c(nc([N+](=O)[O-])n2N[N+](=O)[O-])c(=O)n1N[N+](=O)[O-],1.8722951,8.2603035,31.616398,5.1432886,3.3801634,660.5,119.29889,140.2978,4.058632641006386
O=[N+]([O-])Nc1nc2nnc([N+](=O)[O-])nn2c1[N+](=O)[O-],1.9073548,8.856924,36.77978,6.3002467,4.032078,639.04706,527.6749,122.56395,3.7467693055154676
Nc1nc([N+](=O)[O-])n2c([N+](=O)[O-])c3nc([N+](=O)[O-])n([N+](=O)[O-])c3nc12,1.8838493,8.254771,31.801205,5.533405,3.3457298,605.49976,303.91547,125.969925,3.987988299113706
O=c1n(C=N[N+](=O)[O-])nc([N+](=O)[O-])c2c([N+](=O)[O-])nc([N+](=O)[O-])n12,1.9033782,8.501508,33.76256,5.7468433,3.4773896,604.42596,178.41666,191.83636,4.187626210583423
Nc1nc2c(o1)c(=NN[N+](=O)[O-])[nH]c(=O)n2[N+](=O)[O-],1.873611,7.82179,28.475794,4.390619,2.8321154,648.4718,-109.00271,153.52573,4.423626319090127
O=c1c([N+](=O)[O-])nc2nc([N+](=O)[O-])nn2n1C=N[N+](=O)[O-],1.8993086,8.460035,33.46247,5.603347,3.4725811,619.52185,282.11664,170.23979,4.32649362043217
Nc1nnc2n([N+](=O)[O-])c(=O)c(O)c([N+](=O)[O-])n12,1.899339,8.013264,30.122883,4.727938,2.9704633,629.8354,-68.51755,146.65027,3.73701018867604
O=c1n(C=N[N+](=O)[O-])c2[nH]nc([N+](=O)[O-])c2c2nnc([N+](=O)[O-])n12,1.8760335,7.950905,29.3527,5.0103035,3.004502,601.1244,244.22046,191.07391,4.192790200439722
Nn1nc([N+](=O)[O-])c2oc(O)c([N+](=O)[O-])c(=O)c21,1.8652614,7.679469,27.229864,4.663426,2.7097993,582.70184,-252.2468,263.06534,3.7832327746007532
O=c1c2nnnn2c([N+](=O)[O-])c(C=N[N+](=O)[O-])n1[N+](=O)[O-],1.9127162,8.650447,34.96446,6.0534554,3.715582,613.13617,394.04446,143.23634,4.132073840212389
O=c1onc([N+](=O)[O-])n1N[N+](=O)[O-],1.8929908,9.029194,37.67099,6.1879616,4.0934916,663.03046,6.2905755,125.9613,3.851391333719233
O=[N+]([O-])Nc1nnc2nc([N+](=O)[O-])nn2n1,1.8930825,8.799292,36.25403,6.129369,4.068598,663.6536,610.0644,128.19272,3.7731219019217583
Nc1nn(N[N+](=O)[O-])c2nc3c(c([N+](=O)[O-])nn3[N+](=O)[O-])c([N+](=O)[O-])c12,1.8945826,8.384613,32.839577,5.7000093,3.5285444,620.67194,394.33432,147.8531,4.187079656687741
O=c1c2c3nn([N+](=O)[O-])c2n(c(=O)n1N[N+](=O)[O-])C(C=N[N+](=O)[O-])=[N+]3[O-],1.9036369,8.289998,32.125916,5.353168,3.2603061,609.60547,76.67206,147.1453,5.779379930249988
Nc1c([N+](=O)[O-])oc2nc([N+](=O)[O-])nn12,1.8855529,8.183344,31.135117,5.1640344,3.2193453,625.857,77.61418,281.6077,3.831811580342377
O=[N+]([O-])N=Cc1c([N+](=O)[O-])nn2c(O)c([N+](=O)[O-])nnc12,1.885876,8.239921,31.66597,5.566277,3.3564098,602.6687,243.56952,188.67435,4.024113400651949
Nn1nc([N+](=O)[O-])c2c1c(=O)n([N+](=O)[O-])c(=O)n2N[N+](=O)[O-],1.924172,8.56554,34.491993,5.465241,3.5293932,646.99133,52.1619,140.5909,4.198768701316311
NN=c1c2[nH]c(=O)n(N[N+](=O)[O-])c2n(N[N+](=O)[O-])c(=O)n1[N+](=O)[O-],1.9262097,8.471439,33.732815,5.0771036,3.4204972,677.24536,17.04973,150.1805,4.491430606187821
O=c1c2c(N[N+](=O)[O-])c3nc([N+](=O)[O-])n(C=N[N+](=O)[O-])c3nc2n(N[N+](=O)[O-])c(=O)n1N[N+](=O)[O-],1.8945843,8.221097,31.547539,5.19906,3.2099977,619.0789,74.81644,145.67426,4.6243398692409405
Nc1nn([N+](=O)[O-])c2c1nnn2[N+](=O)[O-],1.8457744,8.613915,34.052982,6.104762,4.1097927,675.2632,471.93295,141.77716,4.193005811111608
O=c1c2c([N+](=O)[O-])n3ncnc3nc2n2nnnc2n1[N+](=O)[O-],1.8566505,7.773211,28.107948,5.0663276,2.9595356,584.0761,542.41486,137.27402,3.804523426819988
O=c1[nH]c([N+](=O)[O-])nc2cc([N+](=O)[O-])nn12,1.8357459,7.5247903,25.879457,4.478216,2.6403844,594.12573,-9.884564,266.6876,3.4403613554914445
O=c1[nH]c2nc([N+](=O)[O-])n(N[N+](=O)[O-])c(=O)c2[nH]1,1.8769057,7.6738186,27.364035,4.207497,2.6021278,623.1519,-179.06923,143.2612,3.6574038875303767
O=c1[nH]c2c(c(=NN[N+](=O)[O-])n1N[N+](=O)[O-])n([N+](=O)[O-])c(=O)n2[N+](=O)[O-],1.9737116,8.842294,37.093674,5.4702344,3.571283,655.3287,3.3339565,146.6017,4.599579715708004
Nn1c(=O)c2c(=O)n([N+](=O)[O-])c(=O)n3c([N+](=O)[O-])c([N+](=O)[O-])n(c1=O)c23,1.9324678,7.8597918,29.147575,4.4802227,2.593003,580.0964,-360.16193,177.12668,3.9407642770641207
O=c1[nH]c2nc([N+](=O)[O-])cn2c([N+](=O)[O-])c1[N+](=O)[O-],1.8857659,7.875892,28.80166,4.9513826,2.8536627,578.4162,-67.69368,230.9407,3.479842174293749
O=c1c2c([N+](=O)[O-])ncnc2nc([N+](=O)[O-])n1[N+](=O)[O-],1.8594083,7.9602876,29.385254,5.33595,3.0626717,573.0369,113.35492,124.61005,3.640269931821046
Nn1c(=O)[nH]c2c([N+](=O)[O-])nc([N+](=O)[O-])nc21,1.8669915,7.6981225,27.503273,4.4515467,2.7583609,624.0356,-0.6008276,260.13913,3.5641342741482482
O=c1n(C=N[N+](=O)[O-])nc2n([N+](=O)[O-])nc([N+](=O)[O-])n12,1.9227906,8.782307,36.180267,5.826541,3.736999,642.43616,256.47952,129.54485,4.494507087118578
O=c1n([N+](=O)[O-])c2nnnn2c2nnnn12,1.9335388,8.670563,35.604733,5.637337,3.6751263,653.3479,621.68787,120.824265,3.845166936886794
O=c1[nH]c2c(c(=NC=N[N+](=O)[O-])n1[N+](=O)[O-])n([N+](=O)[O-])c(=O)n2C=N[N+](=O)[O-],1.9155705,8.317773,32.442776,5.110096,3.2012157,629.5358,-1.1215795,137.86493,4.967888002043121
Nc1nnn2c([N+](=O)[O-])nnc2c1[N+](=O)[O-],1.8745817,8.318776,32.125698,5.650862,3.6152604,640.8527,456.9725,286.12625,3.45838711577767
O=c1nc2c([nH]c(=O)n2N[N+](=O)[O-])c(O)n1N[N+](=O)[O-],1.8905039,7.828576,28.570015,4.247278,2.7238302,644.88617,-296.79645,155.80296,4.1366284223870835
Nc1c(N)n([N+](=O)[O-])c2nnc([N+](=O)[O-])n2c1=O,1.8612407,7.893217,28.930092,4.732249,3.0801547,653.25336,106.934906,150.98508,3.802514280329066
O=c1c([N+](=O)[O-])c(C[N+](=O)[O-])[nH]c2nc([N+](=O)[O-])nn12,1.8643541,7.933686,29.19643,4.9653754,3.0240638,610.8728,-12.869763,186.43735,3.8274255196294638
O=[N+]([O-])Nc1nc([N+](=O)[O-])c2nc([N+](=O)[O-])c([N+](=O)[O-])c(O)n12,1.9109116,8.4502125,33.54172,5.5346107,3.3900435,611.62305,13.763309,134.9009,3.837989003743064
O=c1[nH]c(O)c([N+](=O)[O-])o1,1.8757361,7.3456335,24.83108,3.4778528,2.0844264,606.1865,-572.19226,320.2737,3.477281200995039
O=[N+]([O-])c1cc([N+](=O)[O-])n2nnnc2n1,1.8214424,8.107046,29.909859,5.83422,3.518805,604.85223,442.0247,254.94452,3.386978897415549
Nc1c([N+](=O)[O-])nc([N+](=O)[O-])c2c1nc([N+](=O)[O-])n2N[N+](=O)[O-],1.8822454,8.402785,32.884464,5.712345,3.5701313,625.8966,224.52438,130.19585,3.8892474652815254
NN=c1[nH]c(=O)n(N[N+](=O)[O-])c2nc(N[N+](=O)[O-])nn12,1.8728033,8.184669,31.131958,4.7362847,3.3364415,707.9025,210.05817,148.86067,4.397472205647848
Nn1c([N+](=O)[O-])nc2c([N+](=O)[O-])nn([N+](=O)[O-])c2c1=N[N+](=O)[O-],1.9405429,8.964726,37.847134,6.30524,4.0386257,639.9154,427.31064,138.59843,4.232945926819987
O=c1[nH]c2nc(N[N+](=O)[O-])nc([N+](=O)[O-])c2c(=NN[N+](=O)[O-])n1C=N[N+](=O)[O-],1.8673997,8.111754,30.359705,5.033502,3.1904862,637.58954,127.2417,141.37836,4.488952160047279
O=[N+]([O-])N=Cc1c2c([N+](=O)[O-])nnc([N+](=O)[O-])c2nn1[N+](=O)[O-],1.8861991,8.632549,34.67455,6.4868336,3.8866644,596.57556,510.41483,143.82658,4.323586935647225
NN=c1c2[nH]c(C=N[N+](=O)[O-])nc2n([N+](=O)[O-])c(=O)n1[N+](=O)[O-],1.882447,8.227439,31.548372,5.2899656,3.3841944,642.0226,220.40158,137.67209,4.592601815848991
O=c1n([N+](=O)[O-])nc(C=N[N+](=O)[O-])c2c([N+](=O)[O-])n([N+](=O)[O-])c(=O)n12,1.9410639,8.622214,35.040062,5.6617975,3.4370077,606.5918,54.315357,146.19711,4.4351861474192456
Nc1nc2c(=NC=N[N+](=O)[O-])n([N+](=O)[O-])c(=O)n([N+](=O)[O-])c2n1[N+](=O)[O-],1.9114654,8.549987,34.274834,5.5171485,3.5449216,643.7992,186.14386,132.97058,4.763257543762304
Nc1nn([N+](=O)[O-])c2nnc([N+](=O)[O-])c([N+](=O)[O-])c12,1.8990443,8.54584,34.20885,6.029788,3.747805,621.8391,404.19168,137.66379,3.720798481986055
Nc1nc2c(n1[N+](=O)[O-])n1nc([N+](=O)[O-])nc1c(=O)n2[N+](=O)[O-],1.9244187,8.2945385,32.540836,5.167387,3.1930718,619.42206,217.09933,143.44414,4.065029306391236
O=[N+]([O-])c1c2c(ncn2[N+](=O)[O-])nn1[N+](=O)[O-],1.8711936,8.6805935,34.856995,6.4423957,3.9843159,616.94995,372.32687,125.423676,4.153771197225172
O=[N+]([O-])Nc1n[nH]c2[nH]nc([N+](=O)[O-])c12,1.8430532,8.170017,30.814676,5.437989,3.5781996,659.94385,306.85315,137.88188,3.8733503795919093
O=[N+]([O-])NN=c1c2[nH]c([N+](=O)[O-])nc2nc([N+](=O)[O-])n1N[N+](=O)[O-],1.8932295,8.634013,34.668407,5.779348,3.7580552,652.1019,326.28653,146.9409,4.407696986682326
O=c1n(N[N+](=O)[O-])c(=NN[N+](=O)[O-])c2nc([N+](=O)[O-])n(N[N+](=O)[O-])c2n1[N+](=O)[O-],1.9600179,9.110674,39.221973,6.05858,4.0080547,663.58203,253.54062,135.9871,4.709463504517176
O=c1n([N+](=O)[O-])c(=N[N+](=O)[O-])c2nc([N+](=O)[O-])[nH]c2n1C=N[N+](=O)[O-],1.9359665,8.546261,34.42158,5.4757795,3.4189312,624.9264,135.20706,134.87604,4.612426760652166
Nc1c2nc([N+](=O)[O-])n([N+](=O)[O-])c2c(=O)n2c(=O)[nH]nnc12,1.8656307,7.5430293,26.463917,4.376339,2.6185806,600.65216,68.58516,159.40256,3.937341870876457
Nc1nn2c([N+](=O)[O-])c(N)oc2c1[N+](=O)[O-],1.8498883,7.7259827,27.413565,4.633981,2.932375,635.2171,-8.026029,327.1059,3.714423200623057
O=c1c2c(C=N[N+](=O)[O-])nn([N+](=O)[O-])c2nc2n1nc1nc(C=N[N+](=O)[O-])n([N+](=O)[O-])c(=O)n12,1.8878402,7.976631,29.741066,5.0834,2.9766178,587.62964,280.97964,141.42332,4.8114113599815465
O=c1[nH]c([N+](=O)[O-])nc2[nH]c(=O)n(N[N+](=O)[O-])c12,1.86467,7.621736,26.929115,4.1622453,2.5852888,625.81494,-190.4919,148.41571,3.745295233684222
Nn1c(=N[N+](=O)[O-])c2c([N+](=O)[O-])nn([N+](=O)[O-])c2n(N)c1=O,1.9139075,8.575701,34.39939,5.5666065,3.6881888,665.0817,241.34204,158.23451,4.2946326689276475
O=[N+]([O-])c1nn2c([N+](=O)[O-])cnc2n1[N+](=O)[O-],1.8835106,8.673184,34.973324,6.2810884,3.8950765,619.6451,343.27682,115.83836,3.826454274148248
Nc1nc2nc([N+](=O)[O-])n([N+](=O)[O-])c(=O)c2c(=N[N+](=O)[O-])n1N,1.8766071,8.095385,30.446024,5.0024347,3.212414,643.4116,126.44336,143.32675,4.1180990037430645
O=[N+]([O-])c1nc([N+](=O)[O-])c2nnn([N+](=O)[O-])c2n1,1.9316717,8.839754,36.868126,6.2738066,3.855661,612.80145,440.78885,114.31967,3.8149327336842234
Nn1c(=O)n(N[N+](=O)[O-])c2c(=N[N+](=O)[O-])n([N+](=O)[O-])c(=O)[nH]c21,1.9348421,8.499007,33.94706,5.111899,3.3884313,666.2402,-13.956311,146.0351,4.413848234512296
O=c1[nH]c2nc([N+](=O)[O-])n([N+](=O)[O-])c(=N[N+](=O)[O-])c2n1N[N+](=O)[O-],1.9378653,8.756363,35.965096,5.6642947,3.62568,642.78094,126.05597,130.35123,4.285553683110896
N=c1c2c(=NN[N+](=O)[O-])n([N+](=O)[O-])[nH]c2[nH]c(=O)n1N[N+](=O)[O-],1.8877196,8.284966,31.848541,5.0256658,3.3785968,676.6928,103.375885,152.26147,4.7129180831882085
O=c1[nH]c2nc([N+](=O)[O-])n(N[N+](=O)[O-])c2[nH]1,1.859761,7.922294,28.937592,4.5881987,2.9748144,653.23517,-20.17111,137.30945,3.9004626077275804
Nc1onc2c(=O)n(N[N+](=O)[O-])c(=O)[nH]c12,1.8115507,7.3078294,24.344864,4.0604715,2.5322385,628.0337,-186.39833,159.43802,3.779176740106829
O=c1[nH]c2c(c([N+](=O)[O-])c(C=N[N+](=O)[O-])n2[N+](=O)[O-])n1[N+](=O)[O-],1.9435672,8.610895,34.978497,5.6851835,3.483643,612.82324,65.578476,142.60295,4.37444438835845
O=c1c2nc3c([N+](=O)[O-])nn([N+](=O)[O-])c3nc2c(C=N[N+](=O)[O-])nn1[N+](=O)[O-],1.9119647,8.304995,32.44005,5.679606,3.2951713,579.2823,387.01663,140.69527,4.474199544662663
O=c1[nH]c(=N[N+](=O)[O-])c2[nH]c([N+](=O)[O-])nc2n1N[N+](=O)[O-],1.9088179,8.284889,32.126133,5.0110874,3.218664,645.29456,36.237522,146.46355,4.292691697355246
O=c1c2ncnc([N+](=O)[O-])c2nc(N[N+](=O)[O-])n1[N+](=O)[O-],1.8783842,8.06754,30.382574,5.2761045,3.1442437,596.10815,157.3916,132.01839,3.7668691698827184
NN=c1c2nc(N)[nH]c2n([N+](=O)[O-])c(=O)n1[N+](=O)[O-],1.8727099,7.912178,29.15673,4.5531745,3.0562954,674.98584,94.79834,149.9944,4.14334986660144
Nc1c([N+](=O)[O-])oc(O)c1[N+](=O)[O-],1.8824359,7.976944,29.415443,4.746516,2.9268637,619.07587,-348.16855,318.00903,3.486546043715121
N=c1nc([N+](=O)[O-])[nH]c2c1n(N[N+](=O)[O-])c(=O)n2[N+](=O)[O-],1.8935575,8.267846,31.96484,5.1385183,3.2847707,642.1133,60.80733,147.3456,4.396847816236365
N=c1c2c(c([N+](=O)[O-])nn2[N+](=O)[O-])n(C=N[N+](=O)[O-])c(=O)n1C=N[N+](=O)[O-],1.8782426,8.270848,31.735464,5.401661,3.371034,625.4504,195.42645,153.26028,4.808259872997285
Nc1c([N+](=O)[O-])c(=O)n(N[N+](=O)[O-])c2nnn([N+](=O)[O-])c12,1.9104284,8.505922,33.859215,5.581087,3.573878,641.9832,199.47263,143.34598,4.078650613439163
O=[N+]([O-])Nc1nc2c([N+](=O)[O-])n[nH]c2o1,1.8763613,8.206467,31.32804,5.2718024,3.311582,629.3558,121.64993,153.0207,3.9942104171153616
Nn1c(=NN[N+](=O)[O-])c2c([N+](=O)[O-])nn([N+](=O)[O-])c2n(N[N+](=O)[O-])c1=O,1.928134,8.856033,36.72324,5.8656697,3.9132555,669.4907,266.75424,148.28044,4.566652340142393
NN=C1c2c([N+](=O)[O-])nn([N+](=O)[O-])c2-n2c1nnc2[N+](=O)[O-],1.8566692,8.344819,32.24841,5.971421,3.7144332,622.01166,574.1811,136.97537,4.141117359794319
O=c1[nH]c(N[N+](=O)[O-])nc2nc([N+](=O)[O-])n([N+](=O)[O-])c12,1.893406,8.215583,31.520838,5.1307454,3.177274,620.78845,44.880054,148.70866,3.778922181458201
O=c1n(C=N[N+](=O)[O-])c(=NC=N[N+](=O)[O-])c2c([N+](=O)[O-])nn([N+](=O)[O-])c2n1[N+](=O)[O-],1.9149384,8.667528,35.12629,5.8929834,3.6764524,624.1026,258.60297,133.71571,4.974277343351629
Nc1nc([N+](=O)[O-])c2c(n1)n([N+]([O-])=NO)c(=O)n2[N+](=O)[O-],1.8804684,8.24057,31.598495,5.142421,3.2897778,642.177,73.16615,131.73613,4.161974249802799
Nc1nc2c(=N[N+](=O)[O-])nc([N+](=O)[O-])nc([N+](=O)[O-])c2n1[N+](=O)[O-],1.8950721,8.498643,33.728344,5.699523,3.5703034,626.8568,321.91583,134.15053,4.166184452341667
Nc1nc2c(c(=NN[N+](=O)[O-])n1[N+](=O)[O-])n([N+](=O)[O-])c(=O)n2[N+](=O)[O-],1.9538752,8.820378,36.76284,5.6129766,3.6697638,656.5216,159.57834,135.66353,4.551683425525755
O=[N+]([O-])c1nc([N+](=O)[O-])c2c(nnn2[N+](=O)[O-])n1,1.8960981,8.704827,35.380764,6.245226,3.8252676,611.54736,434.7266,107.164474,3.8669308106072995
Nc1oc2[nH]nc([N+](=O)[O-])c2c1[N+](=O)[O-],1.8644645,7.7718773,27.896608,4.8428197,2.9283886,607.7837,-17.94554,274.60986,3.7374569649577634
N=c1c2c([nH]c(=O)n1N[N+](=O)[O-])n(N[N+](=O)[O-])c(=O)n2[N+](=O)[O-],1.9209954,8.366562,32.879562,4.9571986,3.261791,661.1052,-76.65045,147.4604,4.439442849896911
O=[N+]([O-])N=Cc1c([N+](=O)[O-])c([N+](=O)[O-])nc2c1c([N+](=O)[O-])nn2[N+](=O)[O-],1.9204239,8.682016,35.3808,6.3167195,3.729074,588.0144,355.0947,142.06372,4.207943290368638
O=c1n([N+](=O)[O-])c([N+](=O)[O-])nc2c([N+](=O)[O-])c(C=N[N+](=O)[O-])nn12,1.9216473,8.599273,34.73221,5.871116,3.5502326,603.11487,218.36606,132.33017,4.154333902891117
Nc1c([N+](=O)[O-])nc2c3nncn3c([N+](=O)[O-])c([N+](=O)[O-])n12,1.8493066,7.8355975,28.320366,5.214268,3.0983474,595.0016,349.09756,236.60919,3.7602894588816724
Nn1c([N+](=O)[O-])nc2c(=O)[nH]c(=O)n([N+](=O)[O-])c21,1.8953809,7.871177,28.961527,4.432587,2.7886615,633.3492,-123.4786,154.85149,3.7345208269739105
O=[N+]([O-])N=c1[nH]ncc([N+](=O)[O-])c1[N+](=O)[O-],1.8732594,8.645952,34.55785,6.2974057,3.959752,628.16693,241.96411,192.48802,3.613191332491189
O=[N+]([O-])c1nnc2nnn([N+](=O)[O-])c2c1[N+](=O)[O-],1.8989099,8.890012,36.901714,6.7378507,4.1233845,608.97284,567.4578,110.35039,3.8519769644534527
O=[N+]([O-])Nc1nc([N+](=O)[O-])nc2c(N[N+](=O)[O-])[nH]nc12,1.8958253,8.382957,32.935314,5.501321,3.53034,642.99866,320.92676,145.14471,3.911533744109386
Nc1nn2c([N+](=O)[O-])c([N+](=O)[O-])nc2c(N)c1[N+](=O)[O-],1.8855798,8.03629,30.09006,5.1262236,3.1977208,626.30835,183.6174,268.12216,3.5425243752730946
O=[N+]([O-])c1nc2onc([N+](=O)[O-])c2[nH]1,1.859068,8.243165,31.32589,5.759774,3.4100828,591.79065,150.20901,276.05206,3.7169052820484136
O=c1c2c([N+](=O)[O-])c(N[N+](=O)[O-])n([N+](=O)[O-])c2nc2n([N+](=O)[O-])cnn12,1.9252933,8.414224,33.3105,5.575152,3.3498404,601.6647,210.72696,132.85165,4.208737850667674
O=[N+]([O-])c1nc2cnn([N+](=O)[O-])n2n1,1.8436632,8.5298605,33.37701,6.2204823,3.961497,638.21185,439.321,134.67648,4.195391921724527
Nc1c([N+](=O)[O-])n2c(N[N+](=O)[O-])nnc2n(N[N+](=O)[O-])c1=O,1.8858814,8.381667,32.669174,5.3562183,3.5272787,660.9796,193.66992,137.05426,4.034948556125749
Nc1c([N+](=O)[O-])n2c(N)c([N+](=O)[O-])nc2c2nc([N+](=O)[O-])n([N+](=O)[O-])c12,1.892925,8.055287,30.371643,5.210718,3.1623268,607.83,203.16824,160.74591,4.024630394441036
Nn1c(=O)n(N[N+](=O)[O-])c(=O)c2c(N[N+](=O)[O-])c3c([N+](=O)[O-])nn([N+](=O)[O-])c3nc21,1.9123192,8.221234,31.696978,5.1409707,3.1819084,621.22845,55.42223,140.02649,4.262145113556107
O=c1n(N[N+](=O)[O-])c(=N[N+](=O)[O-])c2nc([N+](=O)[O-])n(N[N+](=O)[O-])c(=NN[N+](=O)[O-])c2n1C=N[N+](=O)[O-],1.9307579,8.866815,36.82758,5.8986588,3.8469784,653.6523,299.37915,145.26257,5.0600298220139095
O=[N+]([O-])NN=c1[nH]c([N+](=O)[O-])nc2c([N+](=O)[O-])nc(N[N+](=O)[O-])nc12,1.8914835,8.398026,32.94302,5.508608,3.4867973,633.7269,306.5737,139.03061,4.296659272916022
N=c1c2nc([N+](=O)[O-])n([N+](=O)[O-])c(=NO)c2nc([N+](=O)[O-])n1N[N+](=O)[O-],1.9112735,8.6374035,34.912685,5.864387,3.718849,634.9969,279.5632,126.54108,4.438300530187642
O=c1[nH]c2ncc(=O)n([N+](=O)[O-])c2n1N[N+](=O)[O-],1.853495,7.7602415,27.726524,4.6154156,2.8479764,620.63324,-75.514496,151.01517,3.9427875413765303
O=c1n(C=N[N+](=O)[O-])c2c(c([N+](=O)[O-])nn2C=N[N+](=O)[O-])c2nnc([N+](=O)[O-])n12,1.8799279,8.172553,31.018957,5.3555045,3.24364,606.0038,329.79892,175.46812,4.633244211462054
O=[N+]([O-])Nn1c([N+](=O)[O-])nc2c3nc([N+](=O)[O-])n([N+](=O)[O-])c3c([N+](=O)[O-])nc21,1.9200499,8.636783,35.060596,6.0449405,3.6339717,599.6044,367.19363,124.29332,4.213869498924617
NN1C(=O)OC23C(=O)N([N+](=O)[O-])C(O)(C(=O)C12)N3N[N+](=O)[O-],1.8684758,7.844676,28.515694,4.3836255,2.8199563,646.57965,-538.40106,151.58932,6.532876574455458
Nc1nc([N+](=O)[O-])c2c(=C3N=NN=N3)c([N+](=O)[O-])c([N+](=O)[O-])n12,1.8651333,8.048867,30.019802,5.477845,3.2893836,601.1423,526.358,249.97104,4.079617192328673
O=c1n(C=N[N+](=O)[O-])n([N+](=O)[O-])c2nc([N+](=O)[O-])nn12,1.907715,8.7351675,35.6602,5.824423,3.7412727,643.45337,262.1125,122.73015,4.437805780877649
O=[N+]([O-])Nn1c([N+](=O)[O-])nc2c([N+](=O)[O-])c3c([N+](=O)[O-])nn([N+](=O)[O-])c3nc21,1.9416147,8.75006,36.150284,6.1393886,3.6963196,600.4741,388.03824,133.9753,4.173700683955802
Nc1nc([N+](=O)[O-])n2nnnc2c1[N+](=O)[O-],1.8854982,8.262565,31.750587,5.4562435,3.4672108,638.27747,397.46146,266.31512,3.326603931520067
O=[N+]([O-])c1c(O)nc2c(nc([N+](=O)[O-])n2[N+](=O)[O-])c1[N+](=O)[O-],1.9497861,8.56384,34.737812,5.7260756,3.3662803,585.7689,18.64371,142.46439,3.7193832762150976
O=[N+]([O-])N=Cc1nc([N+](=O)[O-])n2c([N+](=O)[O-])c3c([N+](=O)[O-])c([N+](=O)[O-])n([N+](=O)[O-])c3nc12,1.9043548,8.509854,33.848755,6.117654,3.5540545,578.9462,335.69492,142.76637,4.37581888525308
O=[N+]([O-])N=Cc1nnc2c3c([N+](=O)[O-])nn([N+](=O)[O-])c3nc([N+](=O)[O-])n12,1.8912125,8.424363,33.13793,5.987247,3.577189,596.0662,551.5394,139.2139,4.306727511441681
O=c1n(C=N[N+](=O)[O-])c2nc3n(N[N+](=O)[O-])c([N+](=O)[O-])c([N+](=O)[O-])n3c(=O)c2n1N[N+](=O)[O-],1.9101723,8.4065485,33.061497,5.3936477,3.3291416,619.2364,44.55341,145.42595,4.619289321260188
Nn1c(=O)n([N+](=O)[O-])c2nc([N+](=O)[O-])n3c([N+](=O)[O-])nnc3c21,1.9196553,8.361056,32.994823,5.4104652,3.3410695,618.60175,296.53647,145.9883,4.0418767212714375
O=C1NC(=O)N(N[N+](=O)[O-])C1=C([N+](=O)[O-])[N+](=O)[O-],1.9070475,8.483826,33.437473,5.248211,3.3355427,638.44476,-224.8735,131.70348,4.077342181844758
Nn1nnc2c([N+](=O)[O-])c([N+](=O)[O-])c([N+](=O)[O-])nc21,1.892199,8.503808,33.710907,6.010095,3.726373,620.77234,403.46103,214.1495,3.6336674050629787
O=[N+]([O-])c1nc([N+](=O)[O-])c2c([N+](=O)[O-])occ2n1,1.8389974,7.9065323,28.717913,5.6791415,3.1157682,547.2025,73.46306,227.56339,3.779351002914991
O=[N+]([O-])N=CN=c1c2[nH]c([N+](=O)[O-])nc2nc([N+](=O)[O-])n1[N+](=O)[O-],1.8762372,8.382869,32.612946,5.66697,3.5163207,621.14215,307.41553,121.57927,4.531598428990018
Nc1c([N+](=O)[O-])c([N+](=O)[O-])c(N)c2c1nnn2[N+](=O)[O-],1.8760549,8.118733,30.686304,5.3827634,3.3709042,628.3245,233.09274,167.76839,3.6957027776399576
O=c1c2[nH]nc([N+](=O)[O-])c2n2c(C=N[N+](=O)[O-])nnc2n1[N+](=O)[O-],1.8849909,8.116189,30.778587,5.3878384,3.2267919,598.76184,358.31625,143.76677,4.307421443043273
O=[N+]([O-])N=CN=c1c2c(nc([N+](=O)[O-])n1[N+](=O)[O-])nc([N+](=O)[O-])n2[N+](=O)[O-],1.9086733,8.818101,36.31885,6.2498293,3.8829212,621.14905,400.03226,117.56387,4.6343209780893755
Nc1nc([N+](=O)[O-])nc2nnc([N+](=O)[O-])n12,1.8618231,8.026946,29.84356,4.943174,3.1783633,645.3985,285.79227,263.46976,3.572849727584468
Nn1c([N+](=O)[O-])nn2c([N+](=O)[O-])nnc12,1.8868629,8.754516,35.67431,6.0722036,4.0856476,673.7454,469.67044,272.3628,3.7448681188039163
O=c1c([N+](=O)[O-])ncc2nc([N+](=O)[O-])[nH]n12,1.8390708,7.676354,27.099358,4.8641777,2.8577006,589.73474,75.89682,246.83276,3.6871159172087964
O=c1[nH]c(=N[N+](=O)[O-])c2nc(C=N[N+](=O)[O-])n([N+](=O)[O-])c2n1[N+](=O)[O-],1.920761,8.574683,34.479424,5.633313,3.5206606,625.9475,194.0737,132.86934,4.711365921491328
O=[N+]([O-])N=Cc1[nH]c([N+](=O)[O-])c2[nH]nc([N+](=O)[O-])c12,1.8451988,7.9995546,29.43685,5.5046806,3.3320076,605.9027,226.95279,191.89682,4.1618444186376395
O=[N+]([O-])c1cn2nc([N+](=O)[O-])c([N+](=O)[O-])c2nc1[N+](=O)[O-],1.8899871,8.445897,33.189728,6.1368856,3.5538638,576.76465,246.3281,228.40216,3.4479683756769246
Nc1c(N)n(N[N+](=O)[O-])c2c1oc(=O)n2[N+](=O)[O-],1.8524306,7.837091,28.306684,4.604755,3.0117352,657.5569,-148.94212,159.76079,4.217872381802063
O=c1c2c[nH]nc2c(N[N+](=O)[O-])nn1[N+](=O)[O-],1.8422289,7.8788915,28.599613,5.144888,3.1711948,619.2725,169.90018,143.97968,4.104383638696744
Nn1c(=O)n(N)c2c(=N[N+](=O)[O-])n(N[N+](=O)[O-])c(=O)[nH]c21,1.8732219,7.9991655,29.700537,4.602345,3.1470745,688.9987,-5.824857,156.61224,4.3051963477048965
Nn1nc([N+](=O)[O-])c2c(=NN[N+](=O)[O-])[nH]c([N+](=O)[O-])nc21,1.8794379,8.393895,32.75191,5.5188527,3.6482236,664.22723,350.4064,158.36835,4.358638950102499
O=[N+]([O-])c1nn([N+](=O)[O-])c2c[nH]nc12,1.8300402,8.174863,30.67032,5.9040184,3.6703513,622.0699,338.808,139.06113,4.041583014841936
O=c1[nH]c(=N[N+](=O)[O-])c2c(C=N[N+](=O)[O-])nn([N+](=O)[O-])c2n1C=N[N+](=O)[O-],1.8845376,8.280002,31.778732,5.408894,3.36243,624.0381,212.98505,141.60327,4.954343269530329
Nn1c(=NN[N+](=O)[O-])c2[nH]nc([N+](=O)[O-])c2n(N[N+](=O)[O-])c1=O,1.8903664,8.462114,33.352093,5.4357595,3.6542785,674.806,241.1824,152.2607,4.363790718749369
O=[N+]([O-])c1cc2c(nn1)c([N+](=O)[O-])nn2[N+](=O)[O-],1.8646724,8.427526,32.899227,6.315148,3.748521,590.94867,416.6259,123.68556,3.822946195222684
Nc1c([N+](=O)[O-])c(=O)n2c(=O)c3c(nc2n1N[N+](=O)[O-])c([N+](=O)[O-])nn3[N+](=O)[O-],1.9182882,8.194021,31.608269,5.08652,3.0843747,608.11566,10.669101,149.42577,4.225360063221631
O=c1c2nc([N+](=O)[O-])n(N[N+](=O)[O-])c2nc2n([N+](=O)[O-])c([N+](=O)[O-])c([N+](=O)[O-])n12,1.9474968,8.701362,35.76616,5.829534,3.5147512,603.2613,173.79868,134.83757,4.167131520711509
O=[N+]([O-])c1nonc1[N+](=O)[O-],1.8708631,9.249684,39.448177,7.368457,4.664134,629.7265,256.4554,240.89157,3.290335614811818
Nc1c([N+](=O)[O-])nn2c(N)c3c([N+](=O)[O-])nn([N+](=O)[O-])c3nc12,1.8884093,8.000684,30.015686,5.085707,3.1687362,625.5974,323.24084,152.87987,3.9628151828098996
N=c1c2c([N+](=O)[O-])nc(N[N+](=O)[O-])nc2nc([N+](=O)[O-])n1[N+](=O)[O-],1.9044275,8.416537,33.162518,5.5597115,3.4473205,620.53204,258.2036,128.97893,4.060958078715293
Nn1c([N+](=O)[O-])nc2nc([N+](=O)[O-])[nH]c2c1=O,1.8591952,7.698273,27.448835,4.550495,2.8066187,618.84454,29.282778,248.31195,3.6453588895328632
Nn1c([N+](=O)[O-])nc([N+](=O)[O-])c1[N+](=O)[O-],1.8978372,9.02549,37.898464,6.4596324,4.285317,664.0039,183.45563,249.3018,3.4236954669820543
O=c1n([N+](=O)[O-])c2nc(C=N[N+](=O)[O-])c(C=N[N+](=O)[O-])c(=O)n2n1[N+](=O)[O-],1.8977327,8.3425255,32.498394,5.5225897,3.3426116,605.8069,97.38956,138.94931,4.7504590062583905
Nn1c(=O)c2c(nnn2N[N+](=O)[O-])n([N+](=O)[O-])c1=O,1.8997531,8.410609,33.05717,5.226193,3.4528418,664.1794,128.12534,132.00714,4.08337663583221
O=c1[nH]nc([N+](=O)c2cc3c(nc([N+](=O)[O-])n3C=N[N+](=O)[O-])c([N+](=O)[O-])n2)n1[N+](=O)[O-],1.8750209,8.1017475,30.525152,5.333114,3.192734,600.3464,252.80844,139.82129,4.621085167921212
O=c1[nH]c(=O)n2c(C=N[N+](=O)[O-])c([N+](=O)[O-])nc2n1[N+](=O)[O-],1.9085683,8.049316,30.346468,4.7595577,2.8929026,610.38574,-109.166794,145.93915,4.217560227213282
O=c1n(N[N+](=O)[O-])c2nnc3c([N+](=O)[O-])n[nH]c3c2n1N[N+](=O)[O-],1.8888199,8.30085,32.21657,5.456485,3.4308758,629.8162,350.75412,151.30281,4.190913514049189
N=c1[nH]c([N+](=O)[O-])nc2c1[nH]c(=O)n2[N+](=O)[O-],1.8988103,7.7101893,28.015787,4.2269793,2.6392245,628.7111,-57.84585,155.4073,4.112583504917479
O=[N+]([O-])N=Cc1c([N+](=O)[O-])c([N+](=O)[O-])n2c([N+](=O)[O-])nnc2c1[N+](=O)[O-],1.912328,8.674759,35.176285,6.3769703,3.7592227,586.7162,362.4744,187.04997,3.987813878603932
Nc1c([N+](=O)[O-])[nH]c(=O)c2[nH]c([N+](=O)[O-])nc12,1.844331,7.158211,23.564882,3.8523731,2.2983723,601.0688,-155.6083,289.6213,3.675934274148249
O=c1[nH]n2c(C=N[N+](=O)[O-])c([N+](=O)[O-])nc2n1[N+](=O)[O-],1.9114708,8.457789,33.556255,5.491432,3.4466805,629.14575,149.0245,140.94014,4.400935824419014
Nc1nc2c(c([N+](=O)[O-])nn2[N+](=O)[O-])c(=O)[nH]1,1.8535525,7.679456,27.291258,4.454897,2.786019,629.69434,-2.431104,150.35379,3.5552511972251715
O=c1nc(N[N+](=O)[O-])[nH]c2nc([N+](=O)[O-])n([N+](=O)[O-])c12,1.8902808,8.221171,31.540157,5.151144,3.1978948,622.2278,57.424152,146.74095,3.786420004389986
O=c1c2nc([N+](=O)[O-])c(C=N[N+](=O)[O-])c(C=N[N+](=O)[O-])c2nc([N+](=O)[O-])n1N[N+](=O)[O-],1.8652598,8.163961,30.84531,5.6097236,3.3210282,592.255,204.26044,135.76117,4.600662803039546
Nn1c(=O)n([N+](=O)[O-])c2c1c(=NN[N+](=O)[O-])n([N+](=O)[O-])c(=O)n2N[N+](=O)[O-],1.9565127,8.899502,37.422768,5.6439514,3.7764,671.4577,91.650024,141.35582,4.683151236563297
Nn1c(C=N[N+](=O)[O-])nc2c([nH]c(=O)n2[N+](=O)[O-])c1=Nc1c([N+](=O)[O-])nc([N+](=O)[O-])n1[N+](=O)[O-],1.899665,8.32593,32.384804,5.390275,3.344981,622.59686,264.9286,149.52304,4.691165707807632
O=[N+]([O-])c1nc(O)c([N+](=O)[O-])o1,1.8838077,8.395223,32.604263,5.4189262,3.2842045,606.45044,-248.29437,271.69638,3.8322418095467956
O=[N+]([O-])N=Cc1nn([N+](=O)[O-])c2c([N+](=O)[O-])c([N+](=O)[O-])c([N+](=O)[O-])n12,1.9065076,8.890277,36.8908,6.646512,4.0482965,606.2476,366.90256,136.12236,4.245915614874868
Nn1c(=O)n([N+](=O)[O-])c(=NC=N[N+](=O)[O-])c2[nH]c(=O)n([N+](=O)[O-])c21,1.9204438,8.25808,32.099075,4.9336557,3.18201,648.3279,-1.1259893,139.11218,4.668975661132875
O=c1nc([N+](=O)[O-])nc2[nH]nc(C=N[N+](=O)[O-])n12,1.8385944,7.7548447,27.620705,4.696592,2.8986366,620.021,148.48264,176.34033,4.142135363197566
O=[N+]([O-])Nc1nc2c(N[N+](=O)[O-])nc([N+](=O)[O-])nn2c1[N+](=O)[O-],1.931173,8.835485,36.809715,6.037675,3.8639104,639.7294,369.31235,142.21588,3.8652361159750948
Nn1nc2c(=O)n(N[N+](=O)[O-])c([N+](=O)[O-])nc2c1[N+](=O)[O-],1.9005724,8.490391,33.67507,5.620866,3.5933495,641.4585,210.15762,135.07895,4.057536487565036
NN=c1[nH]c(=O)n(N[N+](=O)[O-])c2[nH]nc([N+](=O)[O-])c12,1.8588536,7.9108415,28.973219,4.671483,3.1263435,673.6874,125.42145,161.12279,4.246023604158001
Nn1c(=O)n([N+](=O)[O-])c(=N[N+](=O)[O-])c2nn(C=N[N+](=O)[O-])nc21,1.9082459,8.642022,34.923683,5.7314105,3.766912,658.8311,391.1708,132.67783,4.7079016897455865
N=c1c2c(ncn2[N+](=O)[O-])c([N+](=O)[O-])nn1[N+](=O)[O-],1.8971485,8.457097,33.495853,5.8604302,3.6399028,620.9632,331.8601,142.2447,4.15311140506298
Nc1[nH]c2c([N+](=O)[O-])c(N)c([N+](=O)[O-])cc2c(=O)c1[N+](=O)[O-],1.8364815,7.0850096,23.024155,4.172788,2.375355,572.9193,-207.73665,283.1035,3.283766272166514
O=[N+]([O-])c1nnn(O)c1[N+](=O)[O-],1.8867562,9.19999,39.185223,6.8307624,4.5361767,663.7402,203.5798,250.13695,3.5413475167428246
O=c1c2c(ncn2N[N+](=O)[O-])n([N+](=O)[O-])c(=O)n1[N+](=O)[O-],1.9258653,8.460279,33.666763,5.391952,3.3541183,622.7574,-10.0892,128.56029,4.117583480572028
O=[N+]([O-])N=Cn1c([N+](=O)[O-])nc2nc([N+](=O)[O-])n([N+](=O)[O-])c(=N[N+](=O)[O-])c21,1.9100113,8.800116,36.17754,6.2280602,3.865251,619.4169,389.8101,117.2142,4.570995300949614
O=c1c2c(n(C=N[N+](=O)[O-])c(=O)n2[N+](=O)[O-])n([N+](=O)[O-])c(=O)n1N[N+](=O)[O-],1.9458103,8.5891485,34.801266,5.3541408,3.345363,625.7093,-126.788086,131.5567,4.645899148651209
O=c1[nH]c(=NN[N+](=O)[O-])c2nc3c(nc2n1N[N+](=O)[O-])c([N+](=O)[O-])nn3[N+](=O)[O-],1.9256879,8.421463,33.39206,5.3459516,3.3444958,627.5467,285.02112,145.06975,4.545690365308207
O=c1n([N+](=O)[O-])c2nc([N+](=O)[O-])n(N[N+](=O)[O-])c2c2nnc([N+](=O)[O-])n12,1.9443642,8.701903,35.81595,5.7622857,3.5609553,618.1475,293.7299,128.50438,4.232095710199446
Nc1nnc2c([N+](=O)[O-])nn3nc([nH][n+]([O-])c2C=N[N+](=O)[O-])n1c3=O,1.8330027,7.8765798,28.50112,4.970988,3.1690838,639.1919,382.19986,187.67816,5.969621145678905
O=[N+]([O-])Nn1nnc2nc(O)c([N+](=O)[O-])nc21,1.8636355,8.224954,31.290789,5.339668,3.3933396,637.40015,251.31876,143.12856,4.032528120302095
O=c1c2[nH]c([N+](=O)[O-])nc2c(N[N+](=O)[O-])nn1[N+](=O)[O-],1.9201194,8.424719,33.439743,5.4052577,3.359218,622.4565,116.497284,146.01988,3.9549538215162556
Nc1c2c([N+](=O)[O-])nn([N+](=O)[O-])c(=O)c2nn1N[N+](=O)[O-],1.9084193,8.510668,33.897694,5.612362,3.5789359,640.30865,203.0477,146.60384,4.13583271134126
O=c1n(N[N+](=O)[O-])c(=NN[N+](=O)[O-])c2nc[nH]c2n1[N+](=O)[O-],1.8832644,8.320856,32.14073,5.2801566,3.4466944,655.4798,159.98364,147.3371,4.435526486261072
O=c1n([N+](=O)[O-])c([N+](=O)[O-])c(C=N[N+](=O)[O-])c2c([N+](=O)[O-])nc([N+](=O)[O-])n12,1.9255724,8.625535,34.926888,5.931173,3.536782,594.6527,108.144165,138.32013,4.245699807991868
O=c1[nH]c2c(=NC=N[N+](=O)[O-])n([N+](=O)[O-])c([N+](=O)[O-])nc2n1[N+](=O)[O-],1.9336034,8.531019,34.241447,5.454079,3.3931148,624.0952,125.06818,122.41696,4.592028858554265
O=c1[nH]c2[nH]c(O)c(C=N[N+](=O)[O-])c2c(=NN[N+](=O)[O-])n1N[N+](=O)[O-],1.8499886,7.769271,27.728281,4.6086264,2.936686,641.58435,-107.75074,164.89072,4.684506574867801
Nc1c([N+](=O)[O-])n([N+](=O)[O-])c2c(=O)n(N)nc([N+](=O)[O-])c12,1.8873827,8.225775,31.55756,5.405146,3.395237,629.6185,114.72009,146.75,3.9656256717142195
O=[N+]([O-])N=Cc1c([N+](=O)[O-])n2c([N+](=O)[O-])nnc2n1[N+](=O)[O-],1.9045933,8.892651,36.868984,6.5538964,4.0873804,621.80396,458.15,132.308,4.278862879733176
O=c1[nH][nH]c2c1cc([N+](=O)[O-])n2[N+](=O)[O-],1.8239846,7.6980076,27.140282,5.0383806,3.034268,604.873,17.796999,145.7936,3.806206580342378
Nn1nc([N+](=O)[O-])c2nnc([N+](=O)[O-])c(=O)n21,1.8990198,8.457056,33.468914,5.628618,3.5903857,639.3006,319.2262,247.3026,3.8132850433790173
O=c1nc2c([N+](=O)[O-])c(C=N[N+](=O)[O-])nc([N+](=O)[O-])n2[nH]1,1.8868719,8.091247,30.470081,5.1836076,3.1214242,603.855,138.93024,191.61626,4.097416422629971
Nc1nnc2nnc([N+](=O)[O-])c([N+](=O)[O-])n12,1.8443321,8.249118,31.3549,5.624795,3.6088178,642.7653,465.02005,228.14268,3.5056025003930547
N=c1c2c([N+](=O)[O-])nn([N+](=O)[O-])c2nc2n(C=N[N+](=O)[O-])c([N+](=O)[O-])c([N+](=O)[O-])n12,1.9175236,8.459271,33.6225,5.74324,3.4736207,604.2377,337.6481,151.71065,4.53817432485114
O=c1c2c([N+](=O)[O-])nn([N+](=O)[O-])c2nc2n([N+](=O)[O-])c(N[N+](=O)[O-])c(C=N[N+](=O)[O-])n12,1.9203682,8.491738,33.82058,5.6839647,3.4341679,604.7337,230.02802,133.9216,4.5790121463791325
O=c1[nH]c2oc(C=N[N+](=O)[O-])nc2c(=N[N+](=O)[O-])n1N[N+](=O)[O-],1.8766867,8.150459,30.690435,5.1690073,3.2004316,621.9733,29.529345,145.74084,4.608002055852245
O=[N+]([O-])Nc1nnn2nnnc2c1[N+](=O)[O-],1.9035791,8.917245,37.17871,6.486006,4.2658153,657.9429,680.8933,122.91408,3.6436698040196607
O=c1c(C=N[N+](=O)[O-])nnc2c3nc([N+](=O)[O-])n([N+](=O)[O-])c3c([N+](=O)[O-])nn12,1.8730867,8.222239,31.418968,5.765361,3.3580344,580.43506,419.68655,126.280685,4.256707852354971
N=c1c2c([N+](=O)[O-])nn([N+](=O)[O-])c2nc([N+](=O)[O-])n1C=N[N+](=O)[O-],1.899005,8.530074,33.994705,5.834325,3.631908,623.51105,344.14108,141.13715,4.46850093585815
Nn1c([N+](=O)[O-])nn2c(=O)c([N+](=O)[O-])nnc12,1.9034141,8.410535,33.112095,5.4500017,3.4773664,639.7791,282.03714,244.45255,3.6220081203020946
O=c1[nH]c2ncc([N+](=O)[O-])nc2n1[N+](=O)[O-],1.8570223,7.642421,27.142727,4.592003,2.7206576,594.9344,10.165256,143.19884,3.5709595665826788
Nc1nc(=O)c2c([N+](=O)[O-])n([N+](=O)[O-])nc2o1,1.8316665,7.703162,27.099413,4.691163,2.814169,603.17834,-97.94183,143.93684,3.819155812609787
O=[N+]([O-])Nn1nnc([N+](=O)[O-])c1[N+](=O)[O-],1.9008287,9.494294,41.866917,7.140003,4.8803663,684.49384,375.73514,117.25935,3.8084254264962247
O=c1c2nc3c(nc([N+](=O)[O-])n3N[N+](=O)[O-])c(C=N[N+](=O)[O-])c2nc2n([N+](=O)[O-])nc([N+](=O)[O-])n12,1.8889852,8.139676,30.927177,5.3993683,3.1628168,586.44446,310.09546,139.86539,4.665090167535646
Nc1nc2c(c([N+](=O)[O-])nn2[N+](=O)[O-])c2nc([N+](=O)[O-])c([N+](=O)[O-])n12,1.9076966,8.302869,32.382694,5.492788,3.3179078,604.47485,288.49908,148.64044,3.940747739673146
Nc1c([N+](=O)[O-])c(=O)n(N[N+](=O)[O-])c2nc([N+](=O)[O-])c([N+](=O)[O-])n12,1.922507,8.5008545,33.96708,5.48771,3.4431493,628.56635,29.19687,146.89584,3.908854888357264
O=c1n(C=N[N+](=O)[O-])c2c(=N[N+](=O)[O-])n(N[N+](=O)[O-])c([N+](=O)[O-])nc2n1[N+](=O)[O-],1.9394186,8.848542,36.847492,5.8910303,3.7429183,636.36163,223.71716,132.72665,4.728915528808674
Nc1c([N+](=O)[O-])nc2c([N+](=O)[O-])cnn2c1[N+](=O)[O-],1.8588835,7.961152,29.255323,5.3725867,3.2086527,598.3035,211.81519,264.61658,3.351319405062979
Nn1nc([N+](=O)[O-])c2nn([N+](=O)[O-])cc2c1=O,1.8366252,7.966281,29.147305,5.378631,3.3320162,621.4201,212.14813,155.58075,4.0024081203020945
O=[N+]([O-])Nn1c([N+](=O)[O-])c2nc3nnn(N[N+](=O)[O-])c3nc2c1[N+](=O)[O-],1.9139606,8.689048,35.365242,6.11214,3.8101647,624.26526,584.14746,133.51431,4.306725533419704
O=[N+]([O-])c1nn2c([N+](=O)[O-])ncnc2c1[N+](=O)[O-],1.8810741,8.316625,32.181694,5.8707714,3.4647377,589.6846,318.68848,244.82243,3.3740192721457607
Nc1c([N+](=O)[O-])nn2c([N+](=O)[O-])c(C=N[N+](=O)[O-])n([N+](=O)[O-])c(=O)c12,1.8986952,8.347296,32.557915,5.6183977,3.4204688,608.69745,140.42896,154.09285,4.266365319016879
NC1=C(N[N+](=O)[O-])NC(N[N+](=O)[O-])=C([N+](=O)[O-])N1N[N+](=O)[O-],1.9051455,8.904516,36.98405,5.91529,4.1677155,708.54913,145.71027,147.32965,4.443707162854772
Nc1nc2c(nc([N+](=O)[O-])n2N[N+](=O)[O-])c(=NN[N+](=O)[O-])n1N[N+](=O)[O-],1.8932728,8.658346,34.919697,5.6309524,3.8393874,685.3978,363.24405,141.53513,4.516690359028878
O=[N+]([O-])Nc1c([N+](=O)[O-])c([N+](=O)[O-])n(N[N+](=O)[O-])c1N[N+](=O)[O-],1.9483688,9.420068,41.67493,6.8012424,4.5556316,671.0707,230.2732,140.65857,4.046749420952974
Nc1c2c(nc(=O)n1[N+](=O)[O-])n([N+](=O)[O-])c(=O)n2C=N[N+](=O)[O-],1.9229255,8.154367,31.330956,4.8018765,3.002936,627.8314,-62.21066,149.90596,4.474630542204602
Nc1nn([N+](=O)[O-])c2c1c(=O)n(N[N+](=O)[O-])c(=O)n2N[N+](=O)[O-],1.8878521,8.336974,32.253223,5.1161876,3.3684301,661.8165,-22.008345,147.25029,4.296252849896911
O=c1[nH]c2nc3c(=O)n(N[N+](=O)[O-])c(=O)n(N[N+](=O)[O-])c3nc2c(=O)n1N[N+](=O)[O-],1.889024,7.8153386,28.500992,4.43248,2.7117255,615.3359,-205.1845,153.61218,4.2434696096612665
O=[N+]([O-])N=Cn1c([N+](=O)[O-])nc2nc3c([N+](=O)[O-])nc([N+](=O)[O-])n3c([N+](=O)[O-])c21,1.9027325,8.389697,32.911716,5.7771893,3.3974814,587.22107,355.30356,187.28514,4.305426559882864
O=c1c(C=N[N+](=O)[O-])nc2c(n1[N+](=O)[O-])n([N+](=O)[O-])c(=O)n2[N+](=O)[O-],1.9334867,8.629799,35.098137,5.747868,3.481884,604.7365,73.92943,129.4907,4.52489431309972
O=[N+]([O-])Nc1c([N+](=O)[O-])nc2c3c([N+](=O)[O-])nn([N+](=O)[O-])c3nnn12,1.9261891,8.748345,36.021027,6.22471,3.823125,612.59656,556.66595,129.97226,4.070931833191567
N=c1c2c(nc(C=N[N+](=O)[O-])n2[N+](=O)[O-])n([N+](=O)[O-])c(=O)n1[N+](=O)[O-],1.9323627,8.64356,35.202713,5.764706,3.5910494,623.06433,207.5817,132.4331,4.6243224787801935
O=[N+]([O-])Nc1nc([N+](=O)[O-])c2nc([N+](=O)[O-])[nH]c2n1,1.8829423,8.190062,31.357367,5.2239394,3.2488897,623.6342,198.45322,132.51988,3.753923151669314
Nc1c([N+](=O)[O-])nc2c([N+](=O)[O-])cc(N)c3nnc([N+](=O)[O-])n3c1-2,1.7771707,7.260183,23.747774,4.7469563,2.793108,590.4093,267.10632,254.44531,3.641530880913095
O=[N+]([O-])Nc1nc2nc(N[N+](=O)[O-])c([N+](=O)[O-])c([N+](=O)[O-])n2n1,1.9124593,8.753499,35.888325,5.9498744,3.812221,641.2195,351.72653,128.12195,3.7633170743609714
Nc1occ2c([N+](=O)[O-])nn([N+](=O)[O-])c(=O)c12,1.825014,7.5301046,26.001135,4.820501,2.791323,580.9996,-95.57108,154.27917,3.930365043379018
NC1=NC2([N+](=O)[O-])C([N+](=O)[O-])=C([N+](=O)[O-])N([N+](=O)[O-])CN12,1.8727447,8.697325,35.026623,6.07592,4.041181,666.3252,154.48349,132.03136,4.942418486223323
Nn1c(=O)n([N+](=O)[O-])c(=O)c2c(=O)n3c(N[N+](=O)[O-])c([N+](=O)[O-])n([N+](=O)[O-])c3nc21,1.94129,8.257278,32.273968,4.9881787,3.0364406,610.3935,-129.24182,136.76685,4.261566932146475
O=[N+]([O-])Nc1nc2c(nnn2[N+](=O)[O-])c([N+](=O)[O-])c1[N+](=O)[O-],1.943054,8.933494,37.624607,6.3562937,3.9387307,618.2432,414.54544,121.67508,3.8203952404758814
O=[N+]([O-])c1noc([N+](=O)[O-])n1,1.8756658,9.025234,37.63286,6.6351047,4.1929827,630.56573,118.21689,247.64415,3.829686277941793
O=c1c2c(C=N[N+](=O)[O-])nnnc2n([N+](=O)[O-])c(=O)n1N[N+](=O)[O-],1.8869796,8.303019,32.10495,5.459946,3.3615625,616.717,213.41324,129.85925,4.384368380913095
O=c1c2c(nc([N+](=O)[O-])n1[N+](=O)[O-])c(C=N[N+](=O)[O-])nn2[N+](=O)[O-],1.911998,8.583093,34.480717,5.9795356,3.592621,599.6452,244.09714,130.38211,4.415964672121886
O=c1cc([N+](=O)[O-])nc2oc([N+](=O)[O-])nn12,1.8365059,7.6586447,26.761848,4.83607,2.7141736,563.6001,-76.926315,259.46936,3.7680418563858993
N=c1n(C=N[N+](=O)[O-])c([N+](=O)[O-])nc2c([N+](=O)[O-])c([N+](=O)[O-])nn12,1.8998696,8.502493,33.743088,5.740689,3.5816932,623.9842,327.75488,186.81546,4.1962064303636435
O=c1c2c([N+](=O)[O-])nc([N+](=O)[O-])nc2n(C=N[N+](=O)[O-])c(=O)n1C=N[N+](=O)[O-],1.8692359,7.925741,29.078482,4.9306145,2.915216,592.84265,-35.033382,176.85152,4.485289665244784
O=[N+]([O-])c1nnc([N+](=O)[O-])o1,1.8766743,8.963088,37.151024,6.4359274,4.0679393,630.85706,88.85364,252.00569,4.055693704997495
Nn1c([N+](=O)[O-])nc2[nH]n([N+](=O)[O-])c(=NC=N[N+](=O)[O-])c2c1=O,1.8686513,8.131734,30.648157,5.1630373,3.307253,643.2365,174.51074,139.82466,4.584568776756937
O=[N+]([O-])NN=c1c2[nH]cc([N+](=O)[O-])c2nc([N+](=O)[O-])n1N[N+](=O)[O-],1.8675163,8.372078,32.39089,5.7413235,3.6318133,634.1925,283.92,149.69093,4.252163573220788
Nc1nc2c(nc([N+](=O)[O-])n3c([N+](=O)[O-])nnc23)c(=NC=N[N+](=O)[O-])n1[N+](=O)[O-],1.8718555,8.139248,30.794481,5.321983,3.2934651,619.72797,466.22183,150.72878,4.531851312053769
O=c1nc2nc([N+](=O)[O-])nc([N+](=O)[O-])n2c(C=N[N+](=O)[O-])c1[N+](=O)[O-],1.8983119,8.204557,31.37592,5.4173627,3.165268,584.1839,145.14069,174.39362,3.9774211662465717
O=c1c(C=N[N+](=O)[O-])c(N[N+](=O)[O-])n2nc([N+](=O)[O-])nc2n1[N+](=O)[O-],1.907745,8.52676,33.973766,5.710512,3.5408552,620.5045,216.61734,128.98302,4.386438648764054
Nc1cc([N+](=O)[O-])n2c([N+](=O)[O-])c([N+](=O)[O-])nc2n1,1.7760285,7.6251125,26.071249,5.1365476,3.0674555,599.56134,142.66428,242.63405,3.5270215589091327
O=c1c2nc3cnn([N+](=O)[O-])c3nc2n(N[N+](=O)[O-])c(=O)n1N[N+](=O)[O-],1.8734797,7.98636,29.591282,5.0470033,3.0554943,607.73926,139.56876,144.56071,4.177705093859265
O=[N+]([O-])NC1=C([N+](=O)[O-])C(=C2N=NN=N2)C([N+](=O)[O-])=C([N+](=O)[O-])N1[N+](=O)[O-],1.9329199,9.030734,38.330757,6.644229,4.1462717,622.3637,580.7228,126.22099,4.516724228360232
O=c1c2c([N+](=O)[O-])nn(C=N[N+](=O)[O-])c2nc2n(N[N+](=O)[O-])c([N+](=O)[O-])nn12,1.8945965,8.359967,32.599636,5.5369873,3.3958726,614.9753,305.43195,138.54991,4.436920160047279
NN=c1[nH]c(=O)[nH]c2nc([N+](=O)[O-])n([N+](=O)[O-])c12,1.8549585,7.7527504,27.741158,4.467689,2.890562,651.2382,52.236103,155.56258,4.119602925991915
Nc1c2nnn([N+](=O)[O-])c2nc2c1c([N+](=O)[O-])nn2[N+](=O)[O-],1.90803,8.344747,32.708603,5.6506395,3.4684868,614.5586,474.27548,141.00179,4.161804452362768
O=[N+]([O-])c1cc2c([N+](=O)[O-])c([N+](=O)[O-])nnn2n1,1.8408068,8.329511,31.755474,6.3197217,3.7068036,585.6059,405.6558,222.5431,3.564646195222684
Nn1c(=O)n(N[N+](=O)[O-])c2nc([N+](=O)[O-])[nH]c(=O)c21,1.8669254,7.805447,28.274454,4.463619,2.8668957,646.73096,-92.88627,149.91779,3.9154975589091325
O=[N+]([O-])N=Cc1c([N+](=O)[O-])nc2c(c([N+](=O)[O-])nn2C=N[N+](=O)[O-])c1O,1.8474724,7.986013,29.345924,5.3956046,3.1979594,593.11176,131.2432,178.78143,4.508487014547272
O=c1[nH]c(=O)c2nc([N+](=O)[O-])cc(O)c2[nH]1,1.7749083,6.0047345,16.245117,2.560664,1.3761514,543.93475,-522.7145,280.0216,3.0843155594270435
O=c1c2c(nc([N+](=O)[O-])n1C=N[N+](=O)[O-])n([N+](=O)[O-])c(=O)n2[N+](=O)[O-],1.9432288,8.595888,34.92163,5.5740485,3.3815928,606.2494,16.802538,141.05843,4.43495182789262
O=c1c2c(nc([N+](=O)[O-])n1[N+](=O)[O-])n(C=N[N+](=O)[O-])c(=O)n2[N+](=O)[O-],1.9426432,8.563461,34.64501,5.522585,3.3462613,605.26715,-2.4576237,135.30846,4.4163447273009035
Nc1nc2c(c(=O)n(N[N+](=O)[O-])c(=O)n2[N+](=O)[O-])n1N[N+](=O)[O-],1.9015517,8.348135,32.574352,5.036155,3.3160944,661.6007,-47.173115,142.0306,4.268897465281526
O=[N+]([O-])N=Cc1n[nH]c2c([N+](=O)[O-])nc([N+](=O)[O-])c(N[N+](=O)[O-])c12,1.845259,8.178696,30.810411,5.790181,3.509321,605.58936,322.18854,132.08865,4.151396025143864
Nc1c(N[N+](=O)[O-])nn2c([N+](=O)[O-])c([N+](=O)[O-])nnc12,1.8910899,8.53426,34.033123,5.874139,3.7875526,645.01086,425.1661,158.62671,3.7110629652027587
NN=c1c2nn[nH]c2nc([N+](=O)[O-])n1N[N+](=O)[O-],1.8234339,8.224317,30.984072,5.452708,3.740786,688.2983,505.08792,144.29509,4.369542898519386
Nc1nnn2c([N+](=O)[O-])nc([N+](=O)[O-])nc12,1.8250779,8.046668,29.65128,5.3244386,3.4034998,640.9608,376.155,239.68407,3.559212876063895
Nc1nn([N+](=O)[O-])c2c(=O)n([N+](=O)[O-])c(=O)n(N)c12,1.8902766,8.071616,30.462301,4.828228,3.134896,652.2771,-12.215451,155.92502,4.093497609144611
O=[N+]([O-])NC1=C([N+](=O)[O-])NN=C([N+](=O)[O-])C1=C1N=NN=N1,1.8884213,8.638812,34.848522,6.1736445,3.9549258,641.03955,600.88684,124.821304,4.546496252011115
Nc1nnc([N+](=O)[O-])n1N[N+](=O)[O-],1.8174992,8.75584,34.914005,5.9784713,4.36261,732.36194,287.4019,137.87778,3.8373945011400483
NN=c1[nH]c(=O)n(N[N+](=O)[O-])c2nn([N+](=O)[O-])c(N)c12,1.8500844,7.89158,28.72066,4.5939727,3.1615222,693.1117,127.29062,162.39227,4.491889380297097
Nc1c([N+](=O)[O-])n([N+](=O)[O-])c2nc([N+](=O)[O-])c([N+](=O)[O-])c(=O)n12,1.9472613,8.533675,34.47071,5.5142884,3.355307,608.62024,0.08534493,129.40352,3.844037035033808
Nc1nc(O)c2nc([N+](=O)[O-])nc([N+](=O)[O-])c2n1,1.8102375,7.2140975,23.760323,4.0817776,2.4285297,597.6926,-44.974865,242.97017,3.455486579838068
O=[N+]([O-])N=Cc1nc([N+](=O)[O-])c([N+](=O)[O-])c2nc3n([N+](=O)[O-])nc([N+](=O)[O-])n3c12,1.8997792,8.456185,33.43675,5.9734974,3.519719,587.5255,407.5151,142.86726,4.419481105337409
O=c1n(N[N+](=O)[O-])c2nc([N+](=O)[O-])[nH]c(=NN[N+](=O)[O-])c2n1[N+](=O)[O-],1.9364922,8.741323,35.99606,5.6130624,3.651475,652.39355,150.9725,144.57846,4.5824645228899294
O=c1n(C=N[N+](=O)[O-])c(=NN[N+](=O)[O-])c2nc3nc([N+](=O)[O-])n4nnc([N+](=O)[O-])c4c3nc2n1C=N[N+](=O)[O-],1.8861837,8.069878,30.401754,5.233503,3.1264584,597.932,453.7266,162.70418,4.970221265120022
Nc1nnc2c(N[N+](=O)[O-])c([N+](=O)[O-])n(N[N+](=O)[O-])c(=O)n12,1.8806906,8.340545,32.299747,5.2286153,3.4613478,664.3438,163.40698,137.22095,3.9165161953830427
Nc1non2c([N+](=O)[O-])c([N+](=O)[O-])nc12,1.8215686,8.28859,31.379652,6.056027,3.7645967,622.44006,279.00092,259.13214,3.932587349573148
Nc1nn([N+](=O)[O-])c2c1nc([N+](=O)[O-])n2N[N+](=O)[O-],1.8573322,8.617601,34.185333,5.9808993,3.9968739,670.2671,362.8831,137.04552,4.2153360204475945
O=c1n([N+](=O)[O-])c([N+](=O)[O-])nc2nc([N+](=O)[O-])c(C=N[N+](=O)[O-])n12,1.9058986,8.477743,33.644424,5.68225,3.4344625,603.4098,155.44388,133.26288,4.255525111682326
O=c1c2nc3c([N+](=O)[O-])nc([N+](=O)[O-])n3nc2n(N[N+](=O)[O-])c(=O)n1N[N+](=O)[O-],1.9345663,8.454979,33.758377,5.3659286,3.2904162,614.60266,148.03452,147.48613,4.23530927716558
Nc1c([N+](=O)[O-])[nH]n(-c2noc(O)n2)c1=O,1.8297173,7.2955985,24.313831,3.8937526,2.4287136,626.85736,-192.75742,312.71014,3.825854378747259
NN=c1[nH]n([N+](=O)[O-])c(=O)c2c1n(C=N[N+](=O)[O-])c(=O)n2[N+](=O)[O-],1.9013681,8.284649,32.150932,5.17223,3.3192515,643.3299,75.85771,158.86617,4.828092144649359
O=[N+]([O-])N=Cc1c([N+](=O)[O-])nc([N+](=O)[O-])c2nc([N+](=O)[O-])nn12,1.8930879,8.501985,33.7297,6.020125,3.6144478,598.9833,389.17374,180.06267,4.029338007526166
O=c1[nH]c2c(c(=O)n1N[N+](=O)[O-])n([N+](=O)[O-])c(=O)n2C=N[N+](=O)[O-],1.9091924,8.096456,30.705944,4.7142224,2.9398339,626.31177,-223.0299,153.19275,4.484903133660348
Nn1c(=O)n2c([N+](=O)[O-])cc3c4nc5c([N+](=O)[O-])nn([N+](=O)[O-])c5nc4oc3n2c1=O,1.87707,7.520257,26.442139,4.6262226,2.5659726,556.48535,22.207521,154.66982,4.4375718354705285
O=[N+]([O-])N=Cc1nc2c([N+](=O)[O-])nn([N+](=O)[O-])c2nc1[N+](=O)[O-],1.8930514,8.557828,34.23619,6.1946383,3.712285,597.2455,432.03476,135.30861,4.265019974739282
N=c1c2c(nc(N[N+](=O)[O-])n1[N+](=O)[O-])nc([N+](=O)[O-])n2[N+](=O)[O-],1.9255775,8.7482605,35.963745,5.9017925,3.763403,638.1202,301.16852,135.29337,4.26268284989691
NN=c1[nH]c([N+](=O)[O-])nc2c1n(N)c(=O)n2[N+](=O)[O-],1.8703585,7.9731183,29.700397,4.7452674,3.1706734,672.2598,144.94095,153.32004,4.3086674050629785
O=c1c2c(nc([N+](=O)[O-])n2[N+](=O)[O-])c(O)c([N+](=O)[O-])n1C=N[N+](=O)[O-],1.908601,8.287554,32.162796,5.415321,3.204896,591.1604,-93.902054,147.77771,4.295535969904453
NN=c1c2c([N+](=O)[O-])nn([N+](=O)[O-])c2nc(C=N[N+](=O)[O-])n1[N+](=O)[O-],1.8910071,8.631443,34.667,6.099498,3.885413,637.7116,490.69943,133.27643,4.593717669743076
O=[N+]([O-])Nc1n[nH]c2c1oc1onc([N+](=O)[O-])c12,1.8477232,7.9201007,28.986092,5.4769297,3.1733449,578.44006,148.36154,146.28073,4.100952041376528
O=c1n(N[N+](=O)[O-])c(=NN[N+](=O)[O-])n2nc([N+](=O)[O-])nc2n1C=N[N+](=O)[O-],1.915041,8.733012,35.665943,5.599572,3.7235842,667.04144,287.73474,144.69716,4.767202884914945
Nc1nc2nc(N[N+](=O)[O-])c([N+](=O)[O-])n([N+](=O)[O-])c-2n1,1.8536364,8.184692,30.914764,5.3007307,3.4045732,644.6066,265.6145,129.42812,3.705440904244849
N=c1c2nc([N+](=O)[O-])n(N[N+](=O)[O-])c2n([N+](=O)[O-])c(=O)n1N[N+](=O)[O-],1.9262073,8.772366,36.099064,5.7621536,3.764405,654.8093,172.68497,136.53915,4.489260703632264
O=c1n(C=N[N+](=O)[O-])c(=N[N+](=O)[O-])c2c(N[N+](=O)[O-])nc([N+](=O)[O-])nc2n1C=N[N+](=O)[O-],1.8880877,8.310748,32.110184,5.3623486,3.3411543,624.3317,192.07806,139.37605,4.779117941490959
Nn1c(=NN[N+](=O)[O-])c2nc([N+](=O)[O-])c([N+](=O)[O-])nc2n(N)c1=O,1.8842994,8.2046385,31.405622,5.1760573,3.3713973,654.3539,235.14374,158.30385,4.222155880913094
Nc1c([N+](=O)[O-])nn2c([N+](=O)[O-])nnc(N[N+](=O)[O-])c12,1.878586,8.482075,33.55237,5.836543,3.7664542,646.3324,416.2656,142.97789,3.816374721371118
Nc1c([N+](=O)[O-])n([N+](=O)[O-])c2nonc12,1.868849,8.565555,34.059788,6.341634,3.9728658,626.437,347.40836,126.79492,3.797711964957763
Nn1c(=N[N+](=O)[O-])c2c(=O)[nH]c(=O)n([N+](=O)[O-])c2n(N)c1=O,1.8948193,7.785135,28.285421,4.20969,2.7328703,653.0478,-203.30505,153.12262,4.067023762045057
Nn1c(=O)c2c(c([N+](=O)[O-])nn2N)n([N+](=O)[O-])c1=O,1.8847296,8.111549,30.7301,4.96757,3.2267754,652.78174,28.426546,128.04718,3.930104516522947
Nn1c(=O)n([N+](=O)[O-])c(=O)c2c([N+](=O)[O-])c(C=N[N+](=O)[O-])n([N+](=O)[O-])c21,1.9181868,8.4159155,33.22311,5.5033,3.3744786,613.62897,2.5399806,152.16367,4.382621911966531
Nc1nc([N+](=O)[O-])n2c([N+](=O)[O-])c([N+](=O)[O-])nc2c1[N+](=O)[O-],1.9082135,8.391281,32.951046,5.608728,3.3891194,604.5796,152.87784,233.3222,3.5916731547576077
O=[N+]([O-])N=Cc1nnc([N+](=O)[O-])c2c([N+](=O)[O-])nn([N+](=O)[O-])c12,1.8654299,8.566509,33.946106,6.4712806,3.8856058,597.8232,500.5189,129.17874,4.31093018911507
O=[N+]([O-])Nc1nc([N+](=O)[O-])c2nnn(N[N+](=O)[O-])c2n1,1.8911269,8.702793,35.28432,5.9715195,3.9113727,656.9485,475.43765,133.56796,3.9848311800068217
Nc1nc2c(nc(N[N+](=O)[O-])n2[N+](=O)[O-])c(=N[N+](=O)[O-])[nH]1,1.8727387,8.226604,31.413391,5.126957,3.395844,665.0737,259.43222,145.14334,4.216307906146454
Nn1c(=NN[N+](=O)[O-])c2[nH]nc([N+](=O)[O-])c2n(N)c1=O,1.8527198,8.029547,29.817541,4.97048,3.3888235,685.1286,237.26373,175.98218,4.216915214839913
Nn1c([N+](=O)[O-])nc2c1n(N[N+](=O)[O-])c(=O)n2N[N+](=O)[O-],1.8969756,8.675706,35.081367,5.6166716,3.8290708,684.058,177.03256,150.8898,4.301845578474127
O=c1c2nc3c(nc2n(C=N[N+](=O)[O-])c(=O)n1N[N+](=O)[O-])c([N+](=O)[O-])nn3C=N[N+](=O)[O-],1.870458,7.979556,29.565104,5.0303144,3.0236979,603.36383,172.18234,151.47887,4.731295731662485
Nc1c(N)n([N+](=O)[O-])c(=O)n([N+](=O)[O-])c1=NC=N[N+](=O)[O-],1.8847626,8.339827,32.40435,5.182404,3.490878,676.46375,62.933445,137.43323,4.585497466586015
Nn1c(=O)n([N+](=O)[O-])n2c(=O)c(C=N[N+](=O)[O-])c([N+](=O)[O-])nc12,1.8881257,8.192403,31.300789,5.1733546,3.229532,626.0214,30.243563,147.21837,4.331230542204604
O=[N+]([O-])Nc1nc([N+](=O)[O-])c([N+](=O)[O-])n2cnnc12,1.8722618,8.391455,32.682816,5.892192,3.6537423,619.4151,389.41074,142.33925,3.5702091245199927
O=[N+]([O-])Nc1cc([N+](=O)[O-])n(N[N+](=O)[O-])c1[N+](=O)[O-],1.8653429,8.920596,36.581417,6.620251,4.342042,656.74176,184.2667,126.98645,3.940568252786683
O=c1c2nc3c(nc2n([N+](=O)[O-])c(=O)n1[N+](=O)[O-])c(C=N[N+](=O)[O-])nn3C=N[N+](=O)[O-],1.8837432,8.066784,30.392723,5.274259,3.0985343,588.016,234.33914,140.39561,4.745128356058375
O=[N+]([O-])c1c([N+](=O)[O-])n([N+](=O)[O-])c2[nH]ncc12,1.8407638,8.275143,31.378273,6.1026726,3.6688035,599.6703,260.16022,150.82219,3.6537958126097863
Nn1c(=O)nc2n(C=N[N+](=O)[O-])c3c(=N[N+](=O)[O-])n(C=N[N+](=O)[O-])c(=O)n([N+](=O)[O-])c3nc-2c1=O,1.8860813,7.9432735,29.455427,4.7795277,2.9198914,613.487,57.423313,145.7918,4.85769222656104
O=[N+]([O-])Nc1nnc([N+](=O)[O-])c2[nH]nnc12,1.8362906,8.265022,31.519215,5.7896743,3.72136,642.96094,490.78543,131.59665,3.8243589648588214
Nc1nc2c3nc([N+](=O)[O-])[nH]c3nc([N+](=O)[O-])c2n1[N+](=O)[O-],1.8527073,7.6994796,27.498346,4.7821283,2.8701046,601.9911,217.83551,144.29082,3.933164556665245
O=[N+]([O-])Nc1[nH]nc2nc3c(nc([N+](=O)[O-])n3[N+](=O)[O-])c([N+](=O)[O-])c12,1.9236416,8.403741,33.335583,5.7124104,3.4150965,597.6333,372.63858,147.75113,4.043518515166309
O=c1n(N[N+](=O)[O-])c(=NN[N+](=O)[O-])c2nc([N+](=O)[O-])n([N+](=O)[O-])c2n1N[N+](=O)[O-],1.9519359,9.079978,38.80011,6.080941,4.0153913,661.8773,241.74176,139.5637,4.709463504517176
O=c1n(C=N[N+](=O)[O-])c(=N[N+](=O)[O-])c2c([N+](=O)[O-])nc([N+](=O)[O-])nc2n1N[N+](=O)[O-],1.9172801,8.579666,34.454098,5.643685,3.5165682,623.55817,190.88187,138.92351,4.545784451433419
NN=c1c2nc(C=N[N+](=O)[O-])n([N+](=O)[O-])c2n([N+](=O)[O-])c(=O)n1[N+](=O)[O-],1.9112271,8.648456,35.009857,5.8583493,3.7342467,638.55164,293.56116,129.15002,4.722971344667281
Nc1nc2c(nc([N+](=O)[O-])n2[N+](=O)[O-])c2nc([N+](=O)[O-])c(O)n12,1.8795348,7.8119597,28.525085,4.726122,2.8468566,603.5896,60.850315,152.99315,3.945146582557692
O=[N+]([O-])c1nc2ncn3c([N+](=O)[O-])c([N+](=O)[O-])nc3c2o1,1.8695214,7.799406,28.204397,5.25302,2.876163,545.97266,158.16553,250.42429,3.9085456447236675
O=c1c2nc([N+](=O)[O-])n(N[N+](=O)[O-])c2nnn1[N+](=O)[O-],1.9244533,8.841864,36.69974,6.0600624,3.8445961,634.97644,323.40283,120.63609,4.081502442706387
Nc1nc2c([nH]c(=O)n2[N+](=O)[O-])c(=N[N+](=O)[O-])n1[N+](=O)C=N[N+](=O)[O-],1.9096907,8.335819,32.481796,5.076497,3.3000174,653.05286,117.75537,151.80045,4.722812075337481
O=[N+]([O-])N=Cc1c([N+](=O)[O-])c([N+](=O)[O-])c2nc([N+](=O)[O-])nn2c1[N+](=O)[O-],1.9105637,8.618382,34.727467,6.250123,3.675954,586.0267,320.50632,189.76242,3.9917539238528006
Nn1c(=N[N+](=O)[O-])c2c([N+](=O)[O-])nn(N)c2n([N+](=O)[O-])c1=O,1.9245335,8.650612,35.14249,5.6115403,3.7370021,668.1955,252.22693,146.3911,4.32782943006125
O=[N+]([O-])Nc1c([N+](=O)[O-])nc2c([N+](=O)[O-])c([N+](=O)[O-])nc([N+](=O)[O-])n12,1.927617,8.829045,36.68239,6.208965,3.7997844,609.24316,239.7897,123.795944,3.826289816058299
Nn1c(=N[N+](=O)[O-])c2nc([N+](=O)[O-])n(N[N+](=O)[O-])c2n([N+](=O)[O-])c1=O,1.9511752,8.924957,37.57888,5.8835278,3.8639913,658.96063,228.3912,133.68648,4.443451236176642
Nc1nc2c(n1[N+](=O)[O-])n(N[N+](=O)[O-])c(=O)n2N[N+](=O)[O-],1.8918164,8.567958,34.142643,5.3840666,3.6737187,685.34076,115.017,148.77876,4.392389354697904
Nc1c(O)nc([N+](=O)[O-])n(N[N+](=O)[O-])c1=O,1.8502548,7.9146957,28.812746,4.5901213,3.0129216,660.34015,-231.09352,137.88986,3.8118002577123082
NN=c1c([N+](=O)[O-])nc2c(nc([N+](=O)[O-])n2C=N[N+](=O)[O-])n1[N+](=O)[O-],1.8912666,8.550014,34.11605,5.8163204,3.7169356,640.41864,424.7794,130.51276,4.52036242498783
O=[N+]([O-])c1nc([N+](=O)[O-])c2ncnc([N+](=O)[O-])c2n1,1.8349768,7.855785,28.443409,5.4663434,3.092603,564.9362,270.14383,226.84015,3.4825059570991783
O=[N+]([O-])c1nc2nnc3n2n1C=NN3[N+](=O)[O-],1.8822498,8.503263,33.81139,5.9917927,3.8050997,634.1516,602.52374,120.09276,4.4674888404330275
Nc1c([N+](=O)[O-])[nH]c2c([N+](=O)[O-])c(C=N[N+](=O)[O-])nn2c1=O,1.8632244,7.8042417,28.145441,4.903506,2.9752533,609.0156,59.17789,194.13045,4.145920704666862
Nc1nc(N[N+](=O)[O-])c2nc([N+](=O)[O-])nn2c1[N+](=O)[O-],1.9037585,8.359212,32.819935,5.346356,3.4380386,645.15564,272.19788,151.50644,3.7463602075830185
O=c1c2c(nc([N+](=O)[O-])n1N[N+](=O)[O-])n([N+](=O)[O-])c(=O)n2C=N[N+](=O)[O-],1.9265865,8.529452,34.224606,5.468084,3.3945048,621.5064,18.649279,135.46976,4.487932883128819
O=[N+]([O-])N=Cc1nn([N+](=O)[O-])c2c(=N[N+](=O)[O-])n(O)c([N+](=O)[O-])nc12,1.9036998,8.714631,35.41642,6.2606864,3.8866959,620.51215,372.1746,133.53061,4.592490397015803
O=c1c2cc([N+](=O)[O-])c([N+](=O)[O-])n2n(C=N[N+](=O)[O-])c(=O)n1[N+](=O)[O-],1.8975781,8.280005,31.970516,5.4774942,3.2515602,593.07,-48.02303,154.55136,4.245150881147057
NN=c1c2c(nc(N[N+](=O)[O-])n1[N+](=O)[O-])[nH]c(=O)n2[N+](=O)[O-],1.9215064,8.425885,33.35994,5.1073003,3.376705,665.0763,128.62039,142.44556,4.315426274958639
O=[N+]([O-])c1cnc([N+](=O)[O-])n2nnc([N+](=O)[O-])c12,1.865749,8.33869,32.145496,6.1282744,3.6020932,586.0056,375.7316,239.1828,3.3971538875303757
O=c1n(C=N[N+](=O)[O-])c(=O)n2c3c([N+](=O)[O-])nn(C=N[N+](=O)[O-])c3nc(C=N[N+](=O)[O-])n12,1.8486974,7.949335,29.085287,5.0615644,3.071272,608.40265,170.34451,172.07523,4.98339233273583
O=c1[nH]c2c(nc([N+](=O)[O-])n2C=N[N+](=O)[O-])c(=N[N+](=O)[O-])n1[N+](=O)[O-],1.9445558,8.574543,34.68763,5.478499,3.4211025,625.65485,140.04141,138.54495,4.5776540333794395
Nn1nc([N+](=O)[O-])c2[nH]c([N+](=O)[O-])nc21,1.8439691,8.14846,30.56263,5.3494253,3.5100043,657.8534,268.15054,292.89972,3.8426496572654543
O=[N+]([O-])N=Cn1nc([N+](=O)[O-])n2c([N+](=O)[O-])nc([N+](=O)[O-])c12,1.8937676,8.745941,35.591526,6.2277093,3.8928928,623.49786,368.75058,186.72739,4.247871367796836
O=c1c(C=N[N+](=O)[O-])c(C=N[N+](=O)[O-])n2c(nc(=O)n2[N+](=O)[O-])n1[N+](=O)[O-],1.9046047,8.355026,32.63498,5.494063,3.3245854,606.15344,94.84506,125.52139,4.731632137352648
O=c1[nH]c(=N[N+](=O)[O-])c2c(nc([N+](=O)[O-])n2[N+](=O)[O-])n1N[N+](=O)[O-],1.9496692,8.790052,36.40899,5.671488,3.6303415,641.7079,119.717804,137.4448,4.405999836957051
O=[N+]([O-])c1nn([N+](=O)[O-])c2nnc3nonc3c12,1.8957783,8.557008,34.36915,6.59217,3.8414056,578.5522,686.15405,121.64247,3.8790203490688384
O=c1c2[nH]c(=O)n(C=N[N+](=O)[O-])c2n(C=N[N+](=O)[O-])c(=O)n1[N+](=O)[O-],1.9015075,7.908008,29.236061,4.547816,2.7699397,612.09534,-197.29956,157.20546,4.653528858554265
NC(=O)Nn1c(=O)[nH]c2c([N+](=O)[O-])nc([N+](=O)[O-])nc21,1.8178277,7.2834816,24.176777,3.8409903,2.3967052,629.63684,-201.83694,264.15765,3.5720319056962264
O=[N+]([O-])N=Cc1[nH]c(=N[N+](=O)[O-])[nH]c(=N[N+](=O)[O-])c1[N+](=O)[O-],1.9108472,8.734691,35.515182,5.929981,3.8479445,650.50256,242.9844,183.09618,4.5843066463114255
Nc1nnc2c3n[nH]c([N+](=O)[O-])c3nc([N+](=O)[O-])n12,1.8334254,7.6207566,26.750675,4.8139467,2.9484284,614.5851,404.319,262.75836,3.783638292636944
O=c1[nH]n(C=N[N+](=O)[O-])c2c([N+](=O)[O-])nn([N+](=O)[O-])c12,1.898967,8.502215,33.709198,5.742206,3.5960343,627.04486,206.17618,152.7736,4.52660142674122
O=c1n([N+](=O)[O-])c(=O)n2nc([N+](=O)[O-])c(C=N[N+](=O)[O-])c2n1C=N[N+](=O)[O-],1.911218,8.353258,32.671085,5.328757,3.2606297,613.11255,50.106342,148.45836,4.6274369044165695
Nc1c(N)n2nc([N+](=O)[O-])nc2n1[N+](=O)[O-],1.8569844,8.123533,30.61589,5.031866,3.434871,686.2717,252.05151,158.53404,3.9399012226010797
O=c1c2nc([N+](=O)[O-])n(C=N[N+](=O)[O-])c2n([N+](=O)[O-])c(=O)n1[N+](=O)[O-],1.9381845,8.597886,34.844208,5.5902534,3.4013057,608.09674,23.409395,120.17813,4.416645082330488
Nn1nc([N+](=O)[O-])c2c1c([N+](=O)[O-])c(N[N+](=O)[O-])n1c([N+](=O)[O-])c([N+](=O)[O-])nc21,1.9048576,8.505171,33.902733,5.9178324,3.6247575,612.545,339.17392,132.24431,4.078250144193289
NN=c1c2nc([N+](=O)[O-])n(O)c2n(N[N+](=O)[O-])c(=O)n1[N+](=O)[O-],1.9188311,8.636034,35.038322,5.6035447,3.6915457,661.0484,138.06113,143.6095,4.43136361912768
Nc1nc2[nH]n([N+](=O)[O-])c(=N[N+](=O)[O-])c2c2nnnn12,1.8574136,8.052132,29.995825,5.1047306,3.3421242,658.53217,524.3311,146.4633,4.200368942244586
Nc1c([N+](=O)[O-])c(=O)n(N)c2nc([N+](=O)[O-])nn12,1.8862493,7.912053,29.160786,4.643949,3.0027437,651.2472,92.35626,274.99167,3.597152250869166
O=[N+]([O-])N=CN=c1[nH]c([N+](=O)[O-])nc2c(=N[N+](=O)[O-])n(N[N+](=O)[O-])c([N+](=O)[O-])nc12,1.8950062,8.566401,34.1757,5.8002715,3.6726048,634.28705,382.18594,139.40262,4.822373840430499
O=[N+]([O-])Nn1nc([N+](=O)[O-])c2c1ncn1nnnc21,1.8435379,8.092377,30.196915,5.61841,3.505921,626.11835,638.24854,136.22534,3.872969698241498
O=[N+]([O-])N=Cc1c([N+](=O)[O-])n2nc([N+](=O)[O-])nc2n1[N+](=O)[O-],1.9109257,8.860533,36.741505,6.4048743,3.9972649,622.35657,416.27164,132.72464,4.306407176815403
Nn1c(=O)[nH]c2nc([N+](=O)[O-])n(N[N+](=O)[O-])c(=O)c21,1.862115,7.8210683,28.336456,4.505858,2.8985047,647.8507,-81.9201,142.25026,3.8881126358322087
O=c1c2c([N+](=O)[O-])nn(C=N[N+](=O)[O-])c2nc2n(N[N+](=O)[O-])c([N+](=O)[O-])c(N[N+](=O)[O-])n12,1.9027097,8.417672,33.110287,5.548434,3.426493,619.2651,220.8591,138.05774,4.583610249183267
O=[N+]([O-])N=Cn1nc([N+](=O)[O-])c2c(=N[N+](=O)[O-])[nH]c([N+](=O)[O-])nc21,1.8993378,8.480606,33.518463,5.710305,3.5618763,623.8566,341.79764,175.90094,4.524971746297711
O=[N+]([O-])N=Cc1c2nc([N+](=O)[O-])nc([N+](=O)[O-])c2nn1[N+](=O)[O-],1.8924931,8.526463,33.93551,6.155969,3.6872973,596.95935,419.14456,143.89911,4.295395258471943
Nc1nn([N+](=O)[O-])c2c1nc1c(=O)n(N[N+](=O)[O-])c(=O)n([N+](=O)[O-])n12,1.879556,8.225929,31.46194,5.166671,3.2745464,635.6018,112.232666,139.5913,4.424719068344475
Nc1nc2c(nc([N+](=O)[O-])n3nc([N+](=O)[O-])nc23)n1[N+](=O)[O-],1.8967916,8.152374,31.17475,5.193595,3.1968367,616.5868,370.7665,166.31795,3.9647572554918415
O=c1[nH]c2nc([N+](=O)[O-])n(C=N[N+](=O)[O-])c2c(=N[N+](=O)[O-])n1[N+](=O)[O-],1.9217395,8.514137,33.99063,5.4946766,3.4313097,625.76166,144.44363,133.92004,4.515700886526292
N=c1c2nc(N[N+](=O)[O-])n([N+](=O)[O-])c2nc([N+](=O)[O-])n1[N+](=O)[O-],1.9446912,8.816005,36.68356,5.898533,3.762969,638.63525,302.47116,126.83415,4.254086696050756
Nc1c([N+](=O)[O-])nn2c([N+](=O)[O-])c([N+](=O)[O-])cnc12,1.8541976,7.97369,29.384579,5.4398127,3.2503912,598.8229,220.68121,236.32976,3.443556943524518
Nn1nnc2nc([N+](=O)[O-])c([N+](=O)[O-])c([N+](=O)[O-])c21,1.8694167,8.439703,32.983677,6.05084,3.7369409,618.31165,417.3264,213.51547,3.6752474050629793
O=c1n(C=N[N+](=O)[O-])c2c(=O)n3c(N[N+](=O)[O-])c([N+](=O)[O-])n(N[N+](=O)[O-])c3nc2n1N[N+](=O)[O-],1.9083039,8.403519,33.05309,5.3345065,3.3561969,631.3565,62.75188,142.40791,4.74114724626917
Nn1c(=O)c2nc([N+](=O)[O-])n(N[N+](=O)[O-])c2n([N+](=O)[O-])c1=O,1.9153122,8.449885,33.428257,5.2864394,3.3923488,644.805,8.45061,134.27623,4.0587087822879715
O=[N+]([O-])N=Cc1c([N+](=O)[O-])nc2c([N+](=O)[O-])nn(C=N[N+](=O)[O-])c2c1[N+](=O)[O-],1.8678505,8.356045,32.341175,6.0693474,3.5902064,590.0792,385.7593,180.63672,4.467267212022331
O=[N+]([O-])Nc1nc2c(nc([N+](=O)[O-])n2[N+](=O)[O-])c2cc([N+](=O)[O-])n([N+](=O)[O-])c12,1.8813628,8.328973,32.17962,5.91778,3.4705758,585.79913,289.07788,134.42662,4.16571669227181
O=c1c2nc([N+](=O)[O-])n([N+](=O)[O-])c2n([N+](=O)[O-])c2c([N+](=O)[O-])c(C=N[N+](=O)[O-])nn12,1.8872032,8.461294,33.291626,5.963964,3.522679,590.3339,291.6583,126.48041,4.46072174452008
N=c1c2ncnn2c([N+](=O)[O-])c(N[N+](=O)[O-])n1N[N+](=O)[O-],1.8401525,8.269577,31.40019,5.5966473,3.6669714,657.7113,379.25772,146.89961,4.071860378673927
O=c1n([N+](=O)[O-])c(=O)n2nc(C=N[N+](=O)[O-])nc2n1C=N[N+](=O)[O-],1.8915982,8.18209,31.236671,5.049709,3.142394,624.0655,93.479614,147.70973,4.652213573220786
Nn1c(=O)n(N[N+](=O)[O-])c2c1c(=O)n([N+](=O)[O-])c(=O)n2N[N+](=O)[O-],1.9286585,8.4951515,33.895836,5.135769,3.3798192,660.5966,-117.99025,151.30373,4.366441240714583
O=c1n(C=N[N+](=O)[O-])c(=NN[N+](=O)[O-])c2nc([N+](=O)[O-])n([N+](=O)[O-])c2n1[N+](=O)[O-],1.9371225,8.860256,36.92255,5.949978,3.7775795,635.61,236.70737,130.35684,4.8074104680799294
O=[N+]([O-])N=Cc1nc2c(nc([N+](=O)[O-])n2[N+](=O)[O-])c(=N[N+](=O)[O-])n1[N+](=O)[O-],1.9193736,8.905892,37.12639,6.4202952,3.986144,618.8368,446.50485,124.60983,4.605171898999451
Nn1nnc2c1c(=NN[N+](=O)[O-])[nH]c(=O)n2[N+](=O)[O-],1.8887541,8.371556,32.663883,5.139812,3.520645,688.61127,264.8369,146.89946,4.55996478062859
O=c1nc([N+](=O)[O-])nc2n([N+](=O)[O-])c(C=N[N+](=O)[O-])c([N+](=O)[O-])n12,1.9149786,8.483956,33.702236,5.6263,3.4067829,605.1382,135.82776,139.25125,4.276738298495512
Nc1nc2c(nc([N+](=O)[O-])n2N[N+](=O)[O-])c(=O)n1[N+](=O)[O-],1.901358,8.3339405,32.51135,5.1889143,3.3263104,643.65656,100.34927,134.17993,3.9855692148377635
Nc1nc([N+](=O)[O-])n2c(N)c([N+](=O)[O-])nc2c1[N+](=O)[O-],1.8735635,7.8763213,28.77369,4.7916517,3.003115,629.07446,94.628296,278.0553,3.5998474521961716
Nc1c([N+](=O)[O-])nc(N)c2c1c([N+](=O)[O-])nn2[N+](=O)[O-],1.8678223,8.015727,29.865452,5.1686606,3.2505603,630.868,173.00009,164.73224,3.8269083989417343
Nc1c(C=N[N+](=O)[O-])c2nc([N+](=O)[O-])nn2c(=O)n1[N+](=O)[O-],1.8813041,8.093792,30.485735,5.065978,3.1653228,626.9248,132.60202,160.5761,4.130336619786226
O=c1n([N+](=O)[O-])c([N+](=O)[O-])nc2c(C=N[N+](=O)[O-])c([N+](=O)[O-])nn12,1.923323,8.579077,34.594364,5.803686,3.5137534,604.3684,199.65387,129.72198,4.143083353440567
O=[N+]([O-])NN=c1c2nc([N+](=O)[O-])nc(N[N+](=O)[O-])c2nc([N+](=O)[O-])n1[N+](=O)[O-],1.9216832,8.794805,36.30506,6.01954,3.810726,632.4515,372.06088,125.05151,4.348042471897591
Nc1c([N+](=O)[O-])nnc2nnc([N+](=O)[O-])n12,1.8847206,8.351952,32.495087,5.566495,3.5724626,643.14734,439.28,279.7039,3.611976382325075
O=c1c2c([N+](=O)[O-])nn(C=N[N+](=O)[O-])c2nc([N+](=O)[O-])n1N[N+](=O)[O-],1.8951015,8.488718,33.604954,5.7021093,3.5398884,621.2271,205.36792,133.40466,4.345537949463356
O=[N+]([O-])N=Cn1nc([N+](=O)[O-])c2c([N+](=O)[O-])oc([N+](=O)[O-])c21,1.8828096,8.53935,33.87002,6.2370853,3.683701,587.6992,191.28384,185.89973,4.310241129070047
Nn1c([N+](=O)[O-])nc2nc([N+](=O)[O-])[nH]c2c1=NN[N+](=O)[O-],1.873538,8.2756,31.82544,5.333811,3.4982765,657.8032,311.584,160.98904,4.243678785267334
O=c1c2cc3nc4c(C=N[N+](=O)[O-])n5c(=N[N+](=O)[O-])[nH]cnc5c4nc3nc2n([N+](=O)[O-])c(=O)n1N[N+](=O)[O-],1.8260343,7.322995,24.688028,4.5542917,2.5685573,566.54156,228.06934,150.24336,4.689491374855111
Nc1nc([N+](=O)[O-])n(C=N[N+](=O)[O-])c2c([N+](=O)[O-])c([N+](=O)[O-])nc1-2,1.8460336,8.079068,30.052387,5.464873,3.3368196,611.2265,235.04749,189.84697,4.117667968825183
N=c1c2nc([N+](=O)[O-])n(N[N+](=O)[O-])c2n(N[N+](=O)[O-])c(=O)n1[N+](=O)[O-],1.9369843,8.794815,36.40045,5.7367625,3.7479653,655.09235,174.74039,138.17914,4.489260703632264
O=[N+]([O-])N=Cc1nn([N+](=O)[O-])c2c(=NN[N+](=O)[O-])n([N+](=O)[O-])c([N+](=O)[O-])nc12,1.9009852,8.837116,36.362144,6.359815,4.0111313,631.45776,496.8356,126.18518,4.766209415764534
O=[N+]([O-])NC1=C(N[N+](=O)[O-])N([N+](=O)[O-])N=C([N+](=O)[O-])C1,1.8713052,8.926552,36.75176,6.4096575,4.341716,679.5725,197.75888,130.82158,4.452091535036407
Nc1c([N+](=O)[O-])nc2n(N)c([N+](=O)[O-])nn2c1=O,1.8660148,7.824929,28.312418,4.6126504,2.9656034,646.4191,86.304474,280.4229,3.6166547058609826
O=[N+]([O-])Nc1nc2nc(O)[nH]c2c2nc(N[N+](=O)[O-])n([N+](=O)[O-])c12,1.8531336,7.73801,27.690403,4.6617875,2.8675823,618.0729,90.53552,148.58047,4.146433277362799
O=[N+]([O-])N=CN=c1[nH]c([N+](=O)[O-])c([N+](=O)[O-])c2c1nc(C=N[N+](=O)[O-])n2[N+](=O)[O-],1.8629127,8.339299,32.135803,5.8659244,3.5750346,609.78613,340.58365,139.37328,4.828194392050696
NN=c1c2c([N+](=O)[O-])n[nH]c2n(N[N+](=O)[O-])c(=O)n1N,1.8456806,8.006151,29.593958,4.903283,3.3623407,689.18176,214.82587,160.65193,4.189371818613498
O=c1nc(C=N[N+](=O)[O-])c([N+](=O)[O-])c2nc([N+](=O)[O-])nc([N+](=O)[O-])n12,1.8925515,8.197079,31.286266,5.421274,3.173711,584.52216,135.20718,182.7698,4.033596690722097
O=c1c2c(c3nc([N+](=O)[O-])oc3n1N[N+](=O)[O-])n(N[N+](=O)[O-])c(=O)n2N[N+](=O)[O-],1.9168099,8.406984,33.141396,5.354595,3.3047662,618.9879,-67.833786,145.77039,4.676836150292454
Nc1c2nc([N+](=O)[O-])n([N+](=O)[O-])c(=O)c2nn1C=N[N+](=O)[O-],1.8685504,8.134318,30.714281,5.301961,3.297269,623.2485,189.37259,138.45317,4.3480960362318495
O=c1n(C=N[N+](=O)[O-])c(=NC=N[N+](=O)[O-])c2c([N+](=O)[O-])nc([N+](=O)[O-])n2n1[N+](=O)[O-],1.9008657,8.610294,34.645855,5.831904,3.643993,624.8728,239.21075,123.55939,4.856716486486974
O=[N+]([O-])Nc1nc([N+](=O)[O-])nc2c1nc([N+](=O)[O-])n2N[N+](=O)[O-],1.9126589,8.710386,35.59244,5.883689,3.7653475,640.08624,321.00122,129.97548,3.9494661285854358
Nc1nc2c(N[N+](=O)[O-])nc([N+](=O)[O-])c([N+](=O)[O-])n2n1,1.8672658,8.273024,31.746243,5.395131,3.4773617,646.5002,295.78366,151.69339,3.595938727176634
Nc1nc([N+](=O)[O-])c([N+](=O)[O-])c2nnnn12,1.8642533,8.209436,31.136494,5.4082756,3.4609601,642.6072,392.126,238.09169,3.3204440030764175
Nc1nnc2c(n1)n([N+](=O)[O-])c(=O)n2[N+](=O)[O-],1.8811468,8.239413,31.773542,5.1504626,3.3216965,646.1986,210.88232,136.6452,3.8051773510713263
O=c1n(C=N[N+](=O)[O-])c2c(n1C=N[N+](=O)[O-])n([N+](=O)[O-])c(=NN[N+](=O)[O-])c(=O)n2[N+](=O)[O-],1.9101819,8.601489,34.559875,5.598881,3.557243,636.90497,110.79263,129.647,5.099290313824508
Nn1c([N+](=O)[O-])nc2nc([N+](=O)[O-])n(N[N+](=O)[O-])c2c1=N[N+](=O)[O-],1.9088881,8.79756,36.149216,6.0467324,3.95846,656.25415,395.63412,129.98022,4.304248188605404
O=c1c2c(nc(C=N[N+](=O)[O-])n2[N+](=O)[O-])c([N+](=O)[O-])nn1[N+](=O)[O-],1.9120331,8.627912,34.87823,6.0690804,3.6483266,599.763,260.9703,137.09251,4.3890042325614465
O=[N+]([O-])N=Cn1nc([N+](=O)[O-])c2c1nc([N+](=O)[O-])n1nc([N+](=O)[O-])nc21,1.8901318,8.33565,32.424335,5.6910458,3.4147382,599.5892,467.86862,182.34055,4.252413005947177
Nn1nc([N+](=O)[O-])c2[nH]c([N+](=O)[O-])nc2c1=O,1.8462683,7.800633,27.966259,4.8151765,2.9881923,623.5868,95.4935,281.2967,3.7677404279944025
O=[N+]([O-])N=Cn1nc([N+](=O)[O-])n2c(N[N+](=O)[O-])n[nH]c3nnc1n3-2,1.8628397,8.544039,33.82558,5.834582,3.893332,667.3187,668.2809,134.4996,4.581697838955053
Nc1c([N+](=O)[O-])nn2c(N[N+](=O)[O-])nc([N+](=O)[O-])nc12,1.9003602,8.3732815,32.87028,5.3770876,3.4729671,647.7134,285.85736,142.346,3.789468770717998
Nc1c([N+](=O)[O-])c(=O)n(N[N+](=O)[O-])c2nn[nH]c12,1.8487241,7.9216323,28.98472,4.9319997,3.194594,650.47546,155.76471,151.35898,3.9234606182996075
O=C1C2=NN(C(N[N+](=O)[O-])=c3c(nc([N+](=O)[O-])n3[N+](=O)[O-])=N2)N([N+](=O)[O-])C(=O)N1N[N+](=O)[O-],1.942652,8.756118,36.16014,5.695038,3.5882688,631.568,195.5296,132.87556,5.516251907370703
Nc1nn2c(=O)n3c([N+](=O)[O-])nnc3nc2c([N+](=O)[O-])c1[N+](=O)[O-],1.8957793,7.998959,29.90649,5.0017633,2.978949,596.5245,237.83249,228.53035,3.640847227066941
Nn1cnc2c(c1=NN[N+](=O)[O-])n([N+](=O)[O-])c(=O)n2[N+](=O)[O-],1.8989145,8.460893,33.47825,5.510582,3.5999215,654.8956,233.3548,143.46684,4.441762879733176
O=c1n(C=N[N+](=O)[O-])c2nc3nc([N+](=O)[O-])c([N+](=O)[O-])c(C=N[N+](=O)[O-])n3c2n1[N+](=O)[O-],1.8929714,8.230823,31.605467,5.4693317,3.2385447,592.1318,213.04361,150.3404,4.68697423108372
O=[N+]([O-])c1nc(O)c2nc(O)c(O)n2c1O,1.8429539,6.792577,21.244816,3.2027762,1.836892,576.2226,-558.0127,270.37015,3.7591166072164643
Nn1c(=O)c2nc3c(nc2n([N+](=O)[O-])c1=O)c(=O)n(C=N[N+](=O)[O-])c(=O)n3[N+](=O)[O-],1.9026626,7.789824,28.566223,4.4914346,2.6602905,594.8358,-152.14555,139.18643,4.357187567304891
O=[N+]([O-])N=Cc1nn([N+](=O)[O-])c2nc([N+](=O)[O-])n3nc([N+](=O)[O-])nc3c12,1.889404,8.370768,32.723804,5.8682485,3.5014036,595.9917,507.57132,135.9823,4.34887124770542
Nc1nc2c(=N[N+](=O)[O-])n(N)c(=O)n([N+](=O)[O-])c2n1[N+](=O)[O-],1.9104366,8.4798975,33.70776,5.294142,3.522864,667.9956,154.16751,134.97162,4.3688431952434374
Nn1nc([N+](=O)[O-])c2nc3c(N[N+](=O)[O-])c4nc([N+](=O)[O-])[nH]c4nc3nc21,1.8406742,7.584432,26.669031,4.782016,2.8649943,600.7422,424.60098,153.87318,4.107854236266296
O=c1[nH]c(=O)n([N+](=O)[O-])c(C=N[N+](=O)[O-])c1[N+](=O)[O-],1.9253308,8.328133,32.501144,5.157649,3.1571069,614.2607,-163.70271,152.53435,3.8557365416406872
O=[N+]([O-])N=Cc1nc([N+](=O)[O-])nc2c(O)c3nc([N+](=O)[O-])n([N+](=O)[O-])c3nc12,1.8703544,7.8943176,29.03379,5.203947,2.9780772,572.3914,180.94135,147.43542,4.369552160047279
Nc1c2nnn(N[N+](=O)[O-])c2nc2[nH]nc([N+](=O)[O-])c12,1.8265347,7.6918483,27.238474,4.8855605,3.100772,638.3645,449.23764,156.79271,3.971718592594234
O=c1c([N+](=O)[O-])cnc2n(N[N+](=O)[O-])nnn12,1.8680655,8.252819,31.521154,5.4899836,3.460368,632.8801,292.37833,137.3293,3.8464719330111246
Nn1oc2c([N+](=O)[O-])nc([N+](=O)[O-])nc2c1=O,1.8613182,8.010802,29.702831,5.326767,3.1561365,594.30676,62.12192,245.96283,3.8847896587636335
Nc1nc(-c2coc([N+](=O)[O-])c2[N+](=O)[O-])nc2c1c([N+](=O)[O-])nn2[N+](=O)[O-],1.8435692,7.8632226,28.502642,5.4029016,3.1027691,574.49524,179.9477,152.2974,3.850847115684176
O=c1n([N+](=O)[O-])cnc2c([N+](=O)[O-])c([N+](=O)[O-])nn12,1.938921,8.522771,34.441776,5.6495433,3.4017138,600.7688,141.4365,150.39978,3.6056095589091317
Nn1c(=O)[nH]c2c(c1=NN[N+](=O)[O-])N=N2,1.7997627,7.6694674,26.726276,4.704584,3.1708286,677.89685,277.7466,151.29419,4.56564794056752
Nc1nc([N+](=O)[O-])c2n([N+](=O)[O-])c(=O)c(C=N[N+](=O)[O-])c([N+](=O)[O-])n12,1.8761097,8.208847,31.282278,5.4236474,3.3141947,611.3368,81.31796,126.694565,4.226905910732855
O=[N+]([O-])N=Cn1nc([N+](=O)[O-])c2c([N+](=O)[O-])noc21,1.8641222,8.545265,33.6995,6.346579,3.8306546,601.34314,332.19238,183.89621,4.345371115470218
Nc1nc(=O)[nH]c2nc(N[N+](=O)[O-])c([N+](=O)[O-])c([N+](=O)[O-])c12,1.8370789,7.5557046,26.202473,4.4573603,2.705739,611.27765,-66.84825,137.38707,3.4558236224387464
Nn1c([N+](=O)[O-])nc2c(=O)n([N+](=O)[O-])c3c(c21)n(C=N[N+](=O)[O-])c(=O)n3[N+](=O)[O-],1.9105071,8.247269,31.97391,5.253665,3.1996064,610.11847,75.82086,141.24098,4.5882203871082705
Nn1c([N+](=O)[O-])c([N+](=O)[O-])c2cnn([N+](=O)[O-])c2c1=O,1.8849756,8.206578,31.340435,5.6220756,3.3805976,601.6063,123.015686,158.56064,3.752674375273094
O=c1[nH]c2nc([N+](=O)[O-])n([N+](=O)[O-])c(=NC=N[N+](=O)[O-])c2n1[N+](=O)[O-],1.917929,8.498965,33.849342,5.4526525,3.4061756,627.0145,134.2388,125.060486,4.583823963449371
Nn1c(=O)n([N+](=O)[O-])c2c(=O)n(N[N+](=O)[O-])c([N+](=O)[O-])nc21,1.9255756,8.486885,33.912655,5.2964067,3.3993154,643.7415,-0.50115716,138.52882,4.1404836810733965
Nc1nc2c(N[N+](=O)[O-])c([N+](=O)[O-])n([N+](=O)[O-])c2c(=NN[N+](=O)[O-])[nH]1,1.8702352,8.376076,32.454964,5.4841228,3.6066694,660.44696,239.4188,145.32361,4.3922938935193
O=c1c2c(C=N[N+](=O)[O-])nn([N+](=O)[O-])c2nc([N+](=O)[O-])n1N[N+](=O)[O-],1.8922571,8.5213585,33.806725,5.836616,3.6076672,618.7036,245.1995,131.45824,4.4478421452675505
N=c1c2c(nc(N[N+](=O)[O-])n2[N+](=O)[O-])n(N[N+](=O)[O-])c(=O)n1N[N+](=O)[O-],1.9169283,8.721945,35.646973,5.6038423,3.7465925,670.75745,172.58603,139.56648,4.516354150097145
O=c1[nH]c2nc(C=N[N+](=O)[O-])n([N+](=O)[O-])c2c(=O)n1[N+](=O)[O-],1.8957056,8.127378,30.786919,5.0542965,3.0589643,607.07477,-31.963789,145.24338,4.338418052146968
Nc1c([N+](=O)[O-])nnc2nnn([N+](=O)[O-])c12,1.8618722,8.367875,32.53764,5.8531065,3.7502835,641.8137,494.54007,142.87831,3.953741319713269
O=[N+]([O-])Nc1nnc2c([N+](=O)[O-])c([N+](=O)[O-])nnn12,1.9029298,8.902837,37.09702,6.490267,4.1523137,638.33746,566.7759,137.8382,3.5729892150177296
Nc1nc([N+](=O)[O-])c([N+](=O)[O-])o1,1.8237288,8.188061,30.483232,5.3016224,3.3933744,643.0664,-93.652374,257.38046,3.484698881507093
Nn1c2nc([N+](=O)[O-])nc-2c([N+](=O)[O-])c([N+](=O)[O-])c(N[N+](=O)[O-])c1=O,1.8969138,8.355307,32.653625,5.580954,3.4268584,614.1055,127.466644,145.85625,3.7277776267091864
Nn1c(C=N[N+](=O)[O-])nc2c(=O)n([N+](=O)[O-])c(=O)n([N+](=O)[O-])c21,1.8936547,8.26366,31.87662,5.2852435,3.3005877,626.0046,66.79826,143.83711,4.386624388358449
Nn1c([N+](=O)[O-])nc2c1c(=NN[N+](=O)[O-])n([N+](=O)[O-])c(=O)n2[N+](=O)[O-],1.949718,8.913407,37.531578,5.869886,3.8482218,657.0131,228.51709,131.31683,4.475069461028713
O=c1c2c(n(N[N+](=O)[O-])c(=O)n2N[N+](=O)[O-])n([N+](=O)[O-])c(=O)n1C=N[N+](=O)[O-],1.9157348,8.498271,33.79898,5.289706,3.3751101,640.0457,-119.225494,142.01868,4.708161812312822
O=[N+]([O-])Nc1nc2c(nc(N[N+](=O)[O-])n3nc([N+](=O)[O-])nc23)[nH]1,1.8879074,8.095242,30.690912,5.0122514,3.1735759,634.99,361.31705,154.61977,3.8882254872595476
Nn1c([N+](=O)[O-])cn2c([N+](=O)[O-])nnc2c1=O,1.8394896,7.861576,28.328196,5.1071153,3.1418593,616.9261,166.86755,274.4263,3.5861681203020943
Nc1nc([N+](=O)[O-])c([N+](=O)[O-])c2c([N+](=O)[O-])n(N)nc12,1.8446592,8.021626,29.615753,5.4009366,3.3723998,626.7692,240.59381,231.44302,3.615893014326349
Nc1c([N+](=O)[O-])c(=O)c2c([N+](=O)[O-])n[nH]c2n1N,1.8489406,7.5800376,26.546305,4.5528417,2.8596382,631.8844,35.03835,271.28848,3.61653686625378
O=c1c2[nH]c(=O)n(C=N[N+](=O)[O-])c2nc([N+](=O)[O-])n1[N+](=O)[O-],1.909614,8.054885,30.419682,4.8315206,2.9102588,604.3497,-94.03604,139.41885,4.162999219255722
O=[N+]([O-])Nc1nc([N+](=O)[O-])n2ncnc2c1[N+](=O)[O-],1.8713195,8.315554,32.12018,5.7243104,3.537223,618.83234,340.11734,133.30162,3.5344941923932955
O=c1[nH]c2[nH]c([N+](=O)[O-])nc2n1N[N+](=O)[O-],1.875648,7.963265,29.4409,4.587641,2.9793496,653.4085,-29.754148,152.36656,4.036895523648868
Nc1nn([N+](=O)[O-])c2c(N[N+](=O)[O-])n[nH]c(=O)c12,1.8393781,7.8268127,28.125797,4.7770314,3.0926783,651.306,143.09622,145.18065,3.8010635029149915
O=c1c([N+](=O)[O-])c([N+](=O)[O-])c2c(nc(C=N[N+](=O)[O-])n2[N+](=O)[O-])n1[N+](=O)[O-],1.9329933,8.708644,35.703995,6.135839,3.6388166,590.1116,177.5281,128.53084,4.259911895903956
NN=c1c2c(nc([N+](=O)[O-])n1N[N+](=O)[O-])nc([N+](=O)[O-])n2N[N+](=O)[O-],1.8969064,8.747226,35.62725,5.960563,3.9741137,669.15375,419.18924,137.4802,4.432193893519299
O=c1n([N+](=O)[O-])c(=N[N+](=O)[O-])c2c(nc([N+](=O)[O-])n2C=N[N+](=O)[O-])n1C=N[N+](=O)[O-],1.9137521,8.610819,34.73459,5.7698526,3.594223,623.1628,225.65198,128.7145,4.8673044124850255
Nc1c([N+](=O)[O-])c([N+](=O)[O-])c(N)n2c([N+](=O)[O-])nnc12,1.8865316,8.074722,30.367931,5.176602,3.2402673,628.32904,189.45044,243.98927,3.485030884148834
Nc1nc(N)c2c(n1)n([N+](=O)[O-])c(=O)n2[N+](=O)[O-],1.8516377,7.668958,27.279928,4.303284,2.8018718,654.98456,-7.2104316,160.42648,3.734892021736596
O=c1n(C=N[N+](=O)[O-])c(=NC=N[N+](=O)[O-])c2nc3[nH]c([N+](=O)[O-])nc3nc2n1[N+](=O)[O-],1.8739085,7.9347525,29.373951,4.956388,2.9897728,604.9112,262.87592,147.43193,4.901759198107891
Nc1nc2c(=NC=N[N+](=O)[O-])[nH]c([N+](=O)[O-])nc2c(=N[N+](=O)[O-])n1[N+](=O)[O-],1.8743136,8.216447,31.338514,5.292921,3.374439,639.2577,309.62628,146.21126,4.766395192607253
NN=c1c2c(nc(N)n2[N+](=O)[O-])[nH]c(=O)n1[N+](=O)[O-],1.8686293,7.850198,28.612831,4.4314065,2.976366,676.14734,73.43295,155.84898,4.231173251216825
O=c1[nH]c(=NN[N+](=O)[O-])c2c(n1C=N[N+](=O)[O-])n([N+](=O)[O-])c(=O)n2[N+](=O)[O-],1.9366245,8.536209,34.261967,5.278011,3.367726,640.2466,-3.0198796,142.5386,4.855847738652756
O=[N+]([O-])Nc1c([N+](=O)[O-])nnc2n[nH]nc12,1.8478066,8.33384,32.14015,5.905784,3.7773364,640.06506,523.9794,125.60388,3.735708964858821
O=c1c2c(c(=O)n([N+](=O)[O-])c(=O)n2C=N[N+](=O)[O-])n(C=N[N+](=O)[O-])c(=O)n1C=N[N+](=O)[O-],1.8704964,7.925419,29.109962,4.820438,2.895144,601.5748,-206.69998,155.54721,4.918806599606722
Nc1nc2c(c(=O)[nH]c(=O)n2N[N+](=O)[O-])n1N[N+](=O)[O-],1.8521359,7.681872,27.191528,4.167608,2.7633855,668.1468,-143.76628,155.71637,3.941909699600437
O=[N+]([O-])NN=c1c2c(nc([N+](=O)[O-])n1[N+](=O)[O-])nc([N+](=O)[O-])n2N[N+](=O)[O-],1.931947,9.055124,38.40433,6.3254895,4.099743,649.22974,403.76254,125.01999,4.52263517093878
O=c1c2nc([N+](=O)[O-])[nH]c2n([N+](=O)[O-])c(=O)n1C=N[N+](=O)[O-],1.8967019,8.045623,30.26339,4.8408017,2.9352722,607.95667,-90.805885,146.69319,4.342156513685431
O=c1n(C=N[N+](=O)[O-])c2o[nH]c(=N[N+](=O)[O-])c2n1N[N+](=O)[O-],1.8869293,8.513578,33.63277,5.662514,3.6332958,643.65204,130.20517,149.05191,4.905535351971633
O=c1c2c(c([N+](=O)[O-])nn2N[N+](=O)[O-])n([N+](=O)[O-])c(=O)n1C=N[N+](=O)[O-],1.909274,8.529247,34.003567,5.5781846,3.4741762,623.71313,45.17368,126.82388,4.53340324511977
NN=c1nc([N+](=O)[O-])n([N+](=O)[O-])c2c1nc([N+](=O)[O-])n2N,1.8671917,8.432039,32.993668,5.686413,3.7715247,666.0006,397.38675,137.6569,4.283520823229372
Nc1nc2[nH]c(=O)n([N+](=O)[O-])c2c(=O)n1N[N+](=O)[O-],1.8791132,7.7516656,27.99921,4.2073092,2.7172844,650.22424,-154.13597,163.08267,4.018036635832209
Nc1c([N+](=O)[O-])nn2c(N)c([N+](=O)[O-])n(N[N+](=O)[O-])c12,1.8793277,8.389534,32.751427,5.4792066,3.6833742,675.6984,232.2829,160.46364,4.043824375273094
O=[N+]([O-])N=Cc1c([N+](=O)[O-])nc2c(c([N+](=O)[O-])nn2C=N[N+](=O)[O-])c1[N+](=O)[O-],1.8638179,8.333357,32.058247,5.9923706,3.553855,592.7068,364.98648,178.90154,4.458618979174097
O=[N+]([O-])Nc1nc2c(nnn2N[N+](=O)[O-])c2nc([N+](=O)[O-])c([N+](=O)[O-])n12,1.892935,8.57083,34.240166,5.8897233,3.7129455,630.89325,509.30478,133.06609,4.121926852101023
O=c1c2onc([N+](=O)[O-])c2c(=O)n([N+](=O)[O-])n1C=N[N+](=O)[O-],1.8985462,8.401913,32.90823,5.7781315,3.3846807,584.22217,19.455263,136.59073,4.343457574693387
Nn1[nH]c2nc([N+](=O)[O-])n(N[N+](=O)[O-])c2c1=O,1.833574,8.149391,30.504084,5.242615,3.5160973,674.4579,164.72144,132.95721,4.241928120302095
Nc1c(N[N+](=O)[O-])nc2nnnn2c1[N+](=O)[O-],1.8688158,8.315045,32.108128,5.461908,3.6416125,668.66693,466.08273,143.28986,3.628539491539554
Nc1nc2c(=N[N+](=O)[O-])n(N[N+](=O)[O-])c([N+](=O)[O-])nc2c(=N[N+](=O)[O-])n1[N+](=O)[O-],1.9377731,8.896387,37.240948,5.972621,3.8886178,652.0684,380.95645,135.83173,4.582512492371428
Nc1nnn2c([N+](=O)[O-])c(N[N+](=O)[O-])c(=O)n([N+](=O)[O-])c12,1.9061131,8.511532,33.900364,5.5976877,3.602292,644.1355,216.83084,134.00876,3.9684679560965046
Nc1nnc2c([N+](=O)[O-])cc([N+](=O)[O-])c([N+](=O)[O-])n12,1.8368956,7.9401693,28.909998,5.4695487,3.279008,600.3251,235.0239,232.67311,3.2551661742937474
Nn1c(=O)c([N+](=O)[O-])c([N+](=O)[O-])n2ncc([N+](=O)[O-])c12,1.8831283,8.155627,30.888924,5.5452375,3.3218575,599.58795,126.49655,229.70647,3.4647329551547514
O=[N+]([O-])N=Cc1nnc2nc([N+](=O)[O-])nc-2n1[N+](=O)[O-],1.8603185,8.474863,33.278145,6.1476183,3.7850914,614.8233,545.70074,120.78273,4.23469271846836
O=c1c2c3ncnn3c(N[N+](=O)[O-])nc2n2nc([N+](=O)[O-])nc2n1N[N+](=O)[O-],1.8622969,7.8194976,28.37366,4.8478875,2.9422486,609.5945,361.69778,147.12483,3.9814992529543716
Nc1c2nnc(N[N+](=O)[O-])c-2nc([N+](=O)[O-])n1N[N+](=O)[O-],1.8568412,8.361647,32.34479,5.6068845,3.71771,665.14294,395.22354,136.67328,4.015785928124478
O=[N+]([O-])Nc1nnc(N[N+](=O)[O-])c2c1cnn2[N+](=O)[O-],1.8307711,8.363303,32.03303,6.05474,3.8725076,640.28613,475.58914,129.7089,3.9103927184683602
Nn1[nH]nc([N+](=O)[O-])c1=O,1.8302704,8.224315,31.00041,5.070501,3.6031075,713.7651,66.32361,289.44513,3.8411208459654542
O=c1c2nc(C=N[N+](=O)[O-])nc([N+](=O)[O-])c2nc([N+](=O)[O-])n1[N+](=O)[O-],1.8820481,8.257334,31.78466,5.67627,3.3090186,581.5679,208.26373,130.44386,4.208400187225593
NN=c1c2c(nc(N)n1[N+](=O)[O-])c([N+](=O)[O-])nn2[N+](=O)[O-],1.8997217,8.493695,33.72286,5.552985,3.6858952,666.6255,366.67618,147.20905,4.287269354697903
O=[N+]([O-])N=Cc1nn([N+](=O)[O-])c2c([N+](=O)[O-])nn([N+](=O)[O-])c12,1.8875512,8.871368,36.502483,6.7095065,4.1646843,618.69965,494.4565,127.92828,4.509747495117791
Nc1nn([N+](=O)[O-])c2nc3c(nc([N+](=O)[O-])n4c([N+](=O)[O-])nnc34)nc12,1.865204,7.874934,28.94891,5.160722,3.0579333,593.09644,555.771,151.36328,4.027929381121298
Nn1c(=O)n([N+](=O)[O-])c(=N[N+](=O)[O-])c2c1nc([N+](=O)[O-])n2N[N+](=O)[O-],1.940141,8.886903,37.158413,5.8874345,3.8665717,659.1738,229.57596,126.065414,4.413370999490252
N=c1c2c(nc(N[N+](=O)[O-])n1[N+](=O)[O-])nc([N+](=O)[O-])n2N[N+](=O)[O-],1.9101377,8.704432,35.427204,5.824496,3.802247,654.4343,321.91776,134.10966,4.341558078715293
O=[N+]([O-])N=Cc1c([N+](=O)[O-])nn2c([N+](=O)[O-])nc3nnc([N+](=O)[O-])n3c12,1.8796705,8.378865,32.583935,5.863159,3.5330637,601.90076,528.4071,168.58014,4.241003775177946
O=c1c([N+](=O)[O-])c2nn[nH]c2cn1[N+](=O)[O-],1.8388048,7.894306,28.734558,5.3152018,3.1680741,596.1573,165.33353,158.63614,3.8384897991408184
Nc1nc(N[N+](=O)[O-])c([N+](=O)[O-])n2c([N+](=O)[O-])nnc12,1.8698976,8.334608,32.235188,5.51978,3.5580761,646.1395,317.63593,144.79674,3.7122020072927437
Nc1nnc2c3nc([N+](=O)[O-])n([N+](=O)[O-])c3nc([N+](=O)[O-])n12,1.8774823,8.169164,31.152521,5.399697,3.3305955,617.11237,431.51572,140.78,3.9155682072519458
Nc1nc2c([N+](=O)[O-])nc(N[N+](=O)[O-])nc2c(=O)n1[N+](=O)[O-],1.8883601,8.023728,30.160542,4.884707,3.0315654,622.0991,78.78929,137.5771,3.9029994845077116
O=c1c2nc3c(nc2n([N+](=O)[O-])c(=O)n1C=N[N+](=O)[O-])c(=O)n(N[N+](=O)[O-])c(=O)n3N[N+](=O)[O-],1.9067494,8.053067,30.415455,4.8173685,2.9031086,604.8274,-121.615845,145.66147,4.600193400115325
Nc1nc2oc([N+](=O)[O-])c(N)n2c1[N+](=O)[O-],1.8544567,7.66091,27.02536,4.4665775,2.817127,634.06616,-53.689625,319.57736,3.854055068754926
O=c1c2nnc3n2c(c([N+](=O)[O-])n1N[N+](=O)[O-])N=NN3N[N+](=O)[O-],1.9238058,8.694603,35.47324,5.86764,3.7547169,641.1815,515.62256,142.53369,4.4610690170077705
Nc1c(N)c([N+](=O)[O-])n2c(N)c([N+](=O)[O-])c(=O)nc2c1[N+](=O)[O-],1.8780081,7.4845233,26.067406,4.2440114,2.5929766,614.99915,-133.00226,265.8607,3.5280161745383705
O=c1c2nc(C=N[N+](=O)[O-])n([N+](=O)[O-])c(=NC=N[N+](=O)[O-])c2n(N[N+](=O)[O-])c(=O)n1[N+](=O)[O-],1.901224,8.465544,33.43451,5.5927234,3.4665978,621.1768,161.81326,130.62808,4.977667570597058
Nc1c(N[N+](=O)[O-])c([N+](=O)[O-])c([N+](=O)[O-])n2nnnc12,1.8982211,8.539127,34.072735,5.8717813,3.7768183,644.37006,413.96445,146.79922,3.5729750116468795
O=c1nc([N+](=O)[O-])nc2n([N+](=O)[O-])nc(C=N[N+](=O)[O-])n12,1.8891196,8.352296,32.485138,5.4498706,3.3601205,617.8306,220.03717,127.42125,4.339227136915685
O=[N+]([O-])c1nc([N+](=O)[O-])c2c(cnc3c([N+](=O)[O-])nnn32)n1,1.8453543,7.854425,28.484915,5.5045996,3.1093922,563.7157,477.26822,225.97765,3.583186434109834
O=[N+]([O-])N=Cn1nc([N+](=O)[O-])c2c([N+](=O)[O-])nn([N+](=O)[O-])c21,1.8945072,8.859427,36.52284,6.545224,4.0927663,623.78107,452.44785,139.7531,4.41600903357933
Nn1c(=O)[nH]c(=O)c2c1nc([N+](=O)[O-])n2N[N+](=O)[O-],1.8640172,7.7991657,28.142069,4.4368706,2.859992,650.21234,-100.15999,138.90137,3.7774874050629785
O=c1n([N+](=O)[O-])c(=NC=N[N+](=O)[O-])c2c(nc([N+](=O)[O-])n2C=N[N+](=O)[O-])n1[N+](=O)[O-],1.9216676,8.673365,35.344894,5.8258195,3.6399558,624.8372,258.483,125.19321,4.939527002553186
Nc1nc([N+](=O)[O-])c2c([N+](=O)[O-])nn([N+](=O)[O-])c2c1C=N[N+](=O)[O-],1.8378885,8.1426735,30.413315,5.7195315,3.4820113,609.46674,281.5343,135.022,4.243305331462546
Nc1nc([N+](=O)[O-])nc2c1n(N[N+](=O)[O-])c(=O)n2[N+](=O)[O-],1.8952205,8.280613,32.084408,5.122853,3.2864594,643.91187,71.83292,145.62007,4.038748515537065
N=c1c2nc([N+](=O)[O-])nc(N)c2[nH]n1[N+](=O)[O-],1.8220549,7.6396923,26.930067,4.6482635,3.0138571,651.2876,211.5415,165.68684,4.0890235049174795
O=c1nc([N+](=O)[O-])n([N+](=O)[O-])cc1[N+](=O)[O-],1.8882904,8.526023,33.77369,5.887096,3.5691514,604.9746,-16.823622,120.967575,3.6031859988004884
O=c1c2nc([N+](=O)[O-])n(N[N+](=O)[O-])c2c2c(n1C=N[N+](=O)[O-])n([N+](=O)[O-])c(=O)n2N[N+](=O)[O-],1.9096483,8.458615,33.481552,5.5079455,3.4112241,621.32465,102.62775,140.4922,4.790497809323848
Nn1c(=O)n(N[N+](=O)[O-])c(=O)c2c([N+](=O)[O-])c3c(N[N+](=O)[O-])nn([N+](=O)[O-])c3nc21,1.912404,8.237741,31.816786,5.1800447,3.2045317,620.9206,69.95523,140.754,4.269297791258151
Nc1c(N)c([N+](=O)[O-])n2c(=O)n(N)nc2c1[N+](=O)[O-],1.8510796,7.5674357,26.495932,4.3696723,2.833137,651.95593,22.50229,266.37094,3.7346024757066214
Nc1c(N[N+](=O)[O-])c([N+](=O)[O-])c([N+](=O)[O-])n2c([N+](=O)[O-])nnc12,1.9059311,8.568038,34.34316,5.888998,3.7031355,628.59375,274.17383,151.36502,3.725325157589219
O=[N+]([O-])N=Cc1nc([N+](=O)[O-])c(=N[N+](=O)[O-])n2c([N+](=O)[O-])nc([N+](=O)[O-])nc12,1.8921633,8.554938,34.05676,5.9879637,3.6330884,605.17706,390.17892,139.22511,4.343639769194887
Nc1c([N+](=O)[O-])n(C=N[N+](=O)[O-])c2c1c([N+](=O)[O-])c([N+](=O)[O-])n2C=N[N+](=O)[O-],1.8645833,8.300682,31.865526,5.7643957,3.5639405,618.30225,225.37375,185.75511,4.570697955621567
Nn1c(=O)[nH]c2nc([N+](=O)[O-])[nH]c(=N[N+](=O)[O-])c21,1.8615085,7.7544813,27.823332,4.414666,2.8678029,654.4202,34.34215,186.64073,4.0360010029149915
O=c1n([N+](=O)[O-])c([N+](=O)[O-])c(C=N[N+](=O)[O-])c2nnnn12,1.9130642,8.59665,34.55733,5.8997793,3.6357691,616.37024,361.31802,135.3396,4.100524389662938
Nn1nc([N+](=O)[O-])c2c([N+](=O)[O-])c[nH]c(=O)c21,1.8302739,7.453599,25.4477,4.6462073,2.7759662,600.9231,37.4164,255.812,3.5441096587636327
Nc1c([N+](=O)[O-])c([N+](=O)[O-])c([N+](=O)[O-])c2nn(N)c(=O)n12,1.9096017,8.151587,31.150833,5.05831,3.1658688,629.3857,36.37084,221.43991,3.605212851201401
Nn1c2nc3c(=O)n(N[N+](=O)[O-])c(=O)n([N+](=O)[O-])c3nc2c(=O)n1C=N[N+](=O)[O-],1.8754083,7.940227,29.362423,4.847934,2.9808776,617.7577,40.968052,143.77444,4.574881704738008
Nn1c([N+](=O)[O-])nc2[nH]c(=O)n([N+](=O)[O-])c2c1=O,1.9068432,7.910942,29.482395,4.472617,2.8051956,630.27716,-116.97344,163.49858,3.8170674718184285
NN=c1c2c(nc(C=N[N+](=O)[O-])n1[N+](=O)[O-])n([N+](=O)[O-])c(=O)n2[N+](=O)[O-],1.9241016,8.679054,35.398224,5.8147717,3.7039316,638.1202,288.1295,131.98563,4.693037181771352
O=c1n([N+](=O)[O-])nc([N+](=O)[O-])c2c(C=N[N+](=O)[O-])nnn12,1.8961865,8.576082,34.277637,5.957143,3.670034,616.1514,365.52914,145.90894,4.276949114937663
NN=c1c2c(C=N[N+](=O)[O-])nn(N)c2n([N+](=O)[O-])c(=O)n1[N+](=O)[O-],1.8696975,8.32724,32.134666,5.503774,3.6244912,661.32684,331.533,140.86914,4.748213023770239
N=c1c2c(N)nn([N+](=O)[O-])c2n([N+](=O)[O-])c(=O)n1N,1.8539503,7.9264393,29.090744,4.764512,3.1981664,675.317,125.71924,146.13947,4.242948472566903
O=[N+]([O-])NC1=C([N+](=O)[O-])N(N[N+](=O)[O-])NC=C1[N+](=O)[O-],1.8876301,8.954765,37.149704,6.486585,4.3358064,670.5632,208.7486,125.405396,4.382274966989071
Nc1c([N+](=O)[O-])nn2c([N+](=O)[O-])ncc([N+](=O)[O-])c12,1.8546005,7.968781,29.33989,5.4607267,3.2591352,597.37,224.41714,255.23079,3.4888615589091323
O=c1c2c(nc([N+](=O)[O-])n1[N+](=O)[O-])c(C=N[N+](=O)[O-])c([N+](=O)[O-])n2N[N+](=O)[O-],1.9074631,8.589619,34.484623,5.980693,3.62762,605.8113,160.73404,130.1806,4.445542001986161
O=c1n([N+](=O)[O-])c(=NN[N+](=O)[O-])c2nc(C=N[N+](=O)[O-])n([N+](=O)[O-])c2n1[N+](=O)[O-],1.9357989,8.908089,37.286148,6.12517,3.8778474,632.7536,289.43988,127.82724,4.85176006322163
O=c1c([N+](=O)[O-])c([N+](=O)[O-])n(C=N[N+](=O)[O-])c2nc([N+](=O)[O-])n([N+](=O)[O-])c12,1.92298,8.613872,34.864834,6.0003386,3.5521557,589.32935,130.74881,152.77654,4.264965742057802
O=C1C(=N[N+](=O)[O-])C2([N+](=O)[O-])C(=NC(=O)N([N+](=O)[O-])C3N([N+](=O)[O-])CN32)N1N[N+](=O)[O-],1.92077,8.720365,35.680256,5.713753,3.7137794,650.95264,45.2746,128.13132,5.588278432359537
O=[N+]([O-])c1c([N+](=O)[O-])c2nncn2c2nn[nH]c12,1.8240385,7.670892,26.935438,5.2781234,3.080138,584.1389,489.20322,241.3725,3.5669280413765296
Nc1nc2nc([N+](=O)[O-])c([N+](=O)[O-])nn2n1,1.8252022,8.005394,29.312437,5.1547775,3.3091035,643.78174,346.4752,233.72087,3.676351337602357
O=c1n([N+](=O)[O-])c(=NC=N[N+](=O)[O-])c2c(n1C=N[N+](=O)[O-])n(C=N[N+](=O)[O-])c(=O)n2[N+](=O)[O-],1.9098008,8.45525,33.44941,5.423015,3.3987603,628.4769,97.981445,135.34814,5.2399169074670855
Nc1c([N+](=O)[O-])nn2c(N)c([N+](=O)[O-])c(=O)nc2c1[N+](=O)[O-],1.9042132,7.8227525,28.677074,4.6493993,2.8138182,608.46545,-12.639615,264.12958,3.479764652733315
O=[N+]([O-])N=Cc1c([N+](=O)[O-])nc2c(nc([N+](=O)[O-])n2[N+](=O)[O-])c1[N+](=O)[O-],1.9122477,8.615785,34.81696,6.2128367,3.6665576,587.3315,318.24536,135.88983,4.196324738332439
Nc1nc([N+](=O)[O-])c2nnc(N)n2c1[N+](=O)[O-],1.8407478,7.7435217,27.605705,4.7333875,3.055565,648.46216,254.06491,266.29663,3.5357835049174797
Nc1c([N+](=O)[O-])nc2c(nc([N+](=O)[O-])n2[N+](=O)[O-])c1N,1.8649043,7.977776,29.621462,5.112464,3.2090547,630.0659,174.29993,147.09459,3.846098635628124
NN=c1c2c(nc(C=N[N+](=O)[O-])n2[N+](=O)[O-])n([N+](=O)[O-])c(=O)n1[N+](=O)[O-],1.9240711,8.697715,35.5372,5.84738,3.733155,639.05927,289.61536,130.58322,4.693037181771352
N=c1[nH]c([N+](=O)[O-])nc2c([N+](=O)[O-])nn(N)c12,1.8417919,7.7650094,27.778313,4.7804337,3.092558,650.34326,242.54565,283.92233,4.122435812609786
Nc1c([N+](=O)[O-])c(=O)n([N+](=O)[O-])n2c(N)nnc12,1.8575671,7.9736934,29.486778,4.932971,3.215575,653.7151,153.50967,166.37122,3.73796468949437
O=c1c2nc([N+](=O)[O-])nc([N+](=O)[O-])c2n(C=N[N+](=O)[O-])c(=O)n1N[N+](=O)[O-],1.8997501,8.235929,31.703321,5.2116585,3.1527295,605.87726,-5.2479377,145.56293,4.329395517634339
Nc1c([N+](=O)[O-])c2c(N[N+](=O)[O-])nc([N+](=O)[O-])nc2[nH]c1=O,1.859303,7.648638,27.081982,4.5433598,2.7587168,610.6509,-51.484264,139.09143,3.5878872829162
Nc1nc([N+](=O)[O-])nc2c1nnc(=O)n2[N+](=O)[O-],1.8678192,7.927071,29.295628,4.883646,3.0339305,623.27905,191.46597,131.47238,3.600028887530377
O=c1c([N+](=O)[O-])c2n(C=N[N+](=O)[O-])nc([N+](=O)[O-])nc-2n1N[N+](=O)[O-],1.9010806,8.549943,34.121235,5.773215,3.5874188,622.2372,242.9786,148.35176,4.325662424987831
O=c1c(C=N[N+](=O)[O-])nn2c([N+](=O)[O-])nnc2n1[N+](=O)[O-],1.8798139,8.538135,33.87653,5.9781632,3.6922371,617.2783,375.63962,125.46051,4.254256257794806
O=[N+]([O-])N=Cn1nc([N+](=O)[O-])c2c([N+](=O)[O-])n[nH]c3nnc1c32,1.8494537,8.016146,29.69456,5.6360083,3.3512993,593.912,556.15204,192.06358,4.1778672455013055
Nc1nc2c([N+](=O)[O-])nc([N+](=O)[O-])nc2c(=O)n1N,1.8154774,7.4225044,25.213366,4.3540225,2.6948857,622.2912,64.01259,240.04222,3.586620943524517
Nn1nc([N+](=O)[O-])c2c(N[N+](=O)[O-])c3c(nc21)c([N+](=O)[O-])nn3N,1.8487341,8.071451,30.176916,5.448368,3.4956496,643.4864,468.65018,143.94159,4.159997948220786
O=c1n(C=N[N+](=O)[O-])c([N+](=O)[O-])nc2nnc([N+](=O)[O-])n12,1.8931532,8.361872,32.570087,5.404543,3.3455336,619.20496,226.07047,178.9112,4.1495966424101915
O=[N+]([O-])Nc1nc(N[N+](=O)[O-])n2nnc([N+](=O)[O-])c2n1,1.8933356,8.673182,35.11442,5.8122945,3.8403475,661.34326,456.94345,137.52187,3.8096337441093864
Nc1onc([N+](=O)[O-])c1[N+](=O)[O-],1.8544996,8.556263,33.595837,6.0033083,3.8533058,643.567,33.11591,253.16284,3.3047256805145366
Nc1nn([N+](=O)[O-])c2c1c(=O)n([N+](=O)[O-])c(=O)n2N,1.8840216,7.9927125,29.807974,4.6617327,3.0341213,653.7919,-42.93661,156.09076,4.083573590306306
Nc1nc2[nH]c(=O)n([N+](=O)[O-])c(=N[N+](=O)[O-])c2n1C=N[N+](=O)[O-],1.8714474,8.015399,29.751398,4.8234587,3.1090398,647.97906,92.00113,143.4796,4.53374204283512
Nn1c([N+](=O)[O-])nc(=NC=N[N+](=O)[O-])n([N+](=O)[O-])c1=O,1.9043165,8.665766,35.093914,5.569822,3.7403839,673.58,145.76343,126.931946,4.524094197758302
Nn1nc(N[N+](=O)[O-])c2c(=NN[N+](=O)[O-])n([N+](=O)[O-])c([N+](=O)[O-])nc21,1.9000627,8.807427,36.118088,6.025094,4.049676,674.94995,442.1566,133.04057,4.506661026386433
O=[N+]([O-])c1nc2oc(O)cn2c1[N+](=O)[O-],1.8318496,7.6527214,26.685879,4.909938,2.7876348,569.78424,-165.8558,259.36246,3.7696181188039164
O=[N+]([O-])c1c[nH]c2c1nnn2[N+](=O)[O-],1.851791,8.18342,30.933691,5.7358894,3.5556536,620.9915,316.05273,147.02632,3.814892326582827
O=c1c2oc3cnc([N+](=O)[O-])nc3c2nc(N[N+](=O)[O-])n1N[N+](=O)[O-],1.8440554,7.6950665,27.345673,4.960713,2.8649902,578.3566,62.373493,150.48419,4.043590602692479
O=c1c2nc([N+](=O)[O-])nn2c([N+](=O)[O-])nn1C=N[N+](=O)[O-],1.8777472,8.416168,32.86874,5.6582565,3.4949956,617.9408,290.65686,181.78477,4.139943895157444
O=c1n([N+](=O)[O-])c2nc(C=N[N+](=O)[O-])n([N+](=O)[O-])c(=NC=N[N+](=O)[O-])c2n1[N+](=O)[O-],1.9191527,8.694625,35.462307,5.927049,3.6852238,622.2341,294.19968,122.340744,4.981175882786877
NN=c1nc(N[N+](=O)[O-])[nH]c2c1c(=O)n(N[N+](=O)[O-])c(=O)n2N[N+](=O)[O-],1.875968,8.078848,30.276548,4.7402725,3.1627138,671.16864,-9.535947,157.0486,4.4654615964870725
O=c1[nH]c2c(c(=O)n1N[N+](=O)[O-])n([N+](=O)[O-])c(=NC=N[N+](=O)[O-])n2[N+](=O)[O-],1.9204228,8.504325,33.814598,5.3232985,3.3979633,641.03424,-7.4780097,135.87149,4.776304510050373
O=c1c2nc([N+](=O)[O-])nc([N+](=O)[O-])c2nc([N+](=O)[O-])n1C=N[N+](=O)[O-],1.8903519,8.185156,31.236626,5.4012923,3.1518714,583.1922,142.2597,180.26193,4.157345641771048
O=c1[nH]c(=O)n(N[N+](=O)[O-])c2c1nc(N[N+](=O)[O-])n2[N+](=O)[O-],1.9018524,8.255884,31.70199,4.955066,3.1696734,643.3591,-77.45759,138.255,4.014367919520975
O=c1c2c([N+](=O)[O-])n[nH]c2nc2n([N+](=O)[O-])c([N+](=O)[O-])cn12,1.8784926,7.8435674,28.670946,5.001841,2.8947687,580.2312,103.080505,128.4621,3.921001062532258
O=c1[nH]c2c([N+](=O)[O-])nn([N+](=O)[O-])c2n1C=N[N+](=O)[O-],1.9035592,8.371324,32.650513,5.344657,3.3444557,627.9378,108.36789,140.92337,4.349255708308709
O=c1[nH]c(=N[N+](=O)[O-])c2c([N+](=O)[O-])nn(C=N[N+](=O)[O-])c2n1C=N[N+](=O)[O-],1.8958248,8.284154,31.909182,5.262914,3.3007827,629.1143,183.38974,170.97382,4.860564423376483
N=c1c2nc([N+](=O)[O-])[nH]c2n(C=N[N+](=O)[O-])c(=O)n1[N+](=O)[O-],1.8977169,8.0628395,30.451649,4.8704815,3.0444896,627.35693,63.23995,152.43642,4.525694444719914
Nn1c(=NN[N+](=O)[O-])c2c(n(N[N+](=O)[O-])c1=O)n(N[N+](=O)[O-])n2N,1.8885771,8.6652155,34.868202,5.54151,3.9818764,723.0087,275.46326,163.62158,4.845995441352656
Nn1c([N+](=O)[O-])nc2c1n([N+](=O)[O-])c(=O)n2N[N+](=O)[O-],1.9199748,8.764453,36.026886,5.7146173,3.810537,668.4283,160.58829,146.24591,4.218956919651793
Nn1c([N+](=O)[O-])nc2c1c([N+](=O)[O-])nn2[N+](=O)[O-],1.9133474,8.879696,36.96251,6.3011727,4.0999064,650.62646,389.5734,132.1032,3.9610939857300487
O=c1[nH]nc(C=N[N+](=O)[O-])n1[N+](=O)[O-],1.8785912,8.5357275,33.73546,5.579208,3.691075,664.14343,125.615326,150.68188,4.261950855962408
O=c1[nH]c(=O)n2c(=O)c([N+](=O)[O-])c(C=N[N+](=O)[O-])nc2n1N[N+](=O)[O-],1.8911049,7.823011,28.488895,4.4901757,2.7171059,608.4765,-224.39565,149.90439,4.176262424987831
O=c1n(C=N[N+](=O)[O-])c2c([N+](=O)[O-])nn([N+](=O)[O-])c2n1C=N[N+](=O)[O-],1.8805691,8.469438,33.19451,5.716985,3.5623276,624.2342,214.14969,142.03706,4.7578994879248935
Nc1nc([N+](=O)[O-])n2[nH]nnc(=N[N+](=O)[O-])c12,1.8448759,8.283355,31.598677,5.572414,3.7203715,669.48334,458.8735,153.72719,4.217124441372329
O=[N+]([O-])Nc1c(O)c(O)c([N+](=O)[O-])n2ncnc12,1.8240999,7.503095,25.811396,4.5558143,2.747931,604.97736,-132.47151,166.12553,3.5792192721457603
O=c1c2c(n(N[N+](=O)[O-])c(=O)n2C=N[N+](=O)[O-])n([N+](=O)[O-])c(=O)n1N[N+](=O)[O-],1.9213306,8.529812,34.118675,5.318612,3.3990583,640.53217,-107.64282,143.96301,4.708161812312822
Nn1nc([N+](=O)[O-])c(=NN[N+](=O)[O-])c2nc([N+](=O)[O-])n([N+](=O)[O-])c21,1.913841,8.86298,36.768097,6.229726,4.0636253,653.1921,460.5045,146.74913,4.43808115563837
O=c1n(N[N+](=O)[O-])c(=O)n2nc([N+](=O)[O-])c(C=N[N+](=O)[O-])c2n1C=N[N+](=O)[O-],1.8823336,8.270673,31.712841,5.2864356,3.2975626,625.7907,58.366367,149.26622,4.690014405369524
Nc1nc2c([N+](=O)[O-])cc3c(c([N+](=O)[O-])nn3[N+](=O)[O-])n2n1,1.8296174,7.8006563,27.937206,5.2789965,3.1550422,598.73724,351.82388,152.15225,3.7042148826104864
O=[N+]([O-])N=Cc1nc2c([N+](=O)[O-])c([N+](=O)[O-])nn2nc1[N+](=O)[O-],1.9004033,8.611482,34.645958,6.245197,3.7510176,598.5763,449.9847,186.18326,4.06754204283512
O=c1n([N+](=O)[O-])c(=NN[N+](=O)[O-])c2nc(C=N[N+](=O)[O-])c([N+](=O)[O-])nc2n1C=N[N+](=O)[O-],1.8970932,8.412095,33.014595,5.6094055,3.4626784,617.6345,280.3996,139.42752,4.903927172260191
O=c1n(C=N[N+](=O)[O-])c(=N[N+](=O)[O-])c2nc([N+](=O)[O-])n([N+](=O)[O-])c2n1N[N+](=O)[O-],1.9323763,8.84667,36.710342,5.9683294,3.7938557,635.8594,229.57059,137.65851,4.754642047027298
N=c1c2c(nc([N+](=O)[O-])n1N[N+](=O)[O-])nc([N+](=O)[O-])n2N[N+](=O)[O-],1.9018724,8.686335,35.210613,5.864265,3.8239572,653.68024,327.5818,132.06421,4.35151192486914
O=[N+]([O-])NN=c1n(N[N+](=O)[O-])c([N+](=O)[O-])nc2c([N+](=O)[O-])cnn12,1.8890226,8.709542,35.1457,6.0701814,3.9330137,649.2103,425.9924,139.92287,4.1604674193746325
O=[N+]([O-])N=CN=c1[nH]c([N+](=O)[O-])nc2nc([N+](=O)[O-])n([N+](=O)[O-])c12,1.8778605,8.395462,32.722057,5.6982236,3.5327005,620.44415,313.84802,135.7272,4.603773669374633
O=[N+]([O-])N=Cc1nc([N+](=O)[O-])n2c([N+](=O)[O-])nn([N+](=O)[O-])c12,1.8851054,8.763803,35.615307,6.4036183,3.979756,620.5835,403.07492,132.30257,4.405992057452009
O=[N+]([O-])NC1=C([N+](=O)[O-])NC(NO[N+](=O)[O-])=C([N+](=O)[O-])C1=C1N=NN=N1,1.9105064,8.741765,35.74949,6.120246,3.9052768,639.49445,446.38486,132.03177,4.656730588364759
Nc1c([N+](=O)[O-])cc([N+](=O)[O-])n2nnnc12,1.8306124,7.8086596,27.812046,5.3090596,3.2503226,615.2326,333.04492,290.62717,3.252607509337598
O=c1nc(C=N[N+](=O)[O-])c([N+](=O)[O-])c2[nH]nnn12,1.8472174,7.9553256,29.039412,5.1510186,3.1691751,617.91815,277.13968,187.55002,4.26796299271091
Nn1c(=O)n([N+](=O)[O-])c(=O)c2c1nc(N[N+](=O)[O-])n2[N+](=O)[O-],1.9418842,8.546111,34.522625,5.27544,3.4005353,646.2856,-6.4567695,140.3171,4.1255419806685385
Nn1nc([N+](=O)[O-])c2c([N+](=O)[O-])nnn2c1=O,1.8783028,8.377257,32.508102,5.54946,3.546013,640.87164,292.80347,241.72054,3.728780427994403
O=[N+]([O-])C1=C([N+](=O)[O-])C([N+](=O)[O-])C([N+](=O)[O-])=C([N+](=O)[O-])C1=C1N=NN=N1,1.9039488,8.737404,35.745644,6.5581455,3.918292,594.4762,470.3207,134.72067,4.225855733807553
Nn1nc([N+](=O)[O-])c2nc(N[N+](=O)[O-])c(=O)n([N+](=O)[O-])c21,1.917298,8.562857,34.47652,5.624445,3.6165512,644.5898,227.23315,137.89958,4.055885019033568
Nc1c(C=N[N+](=O)[O-])c(=O)n2c([N+](=O)[O-])nnc2n1[N+](=O)[O-],1.8576641,8.0925255,30.236387,5.256462,3.274436,624.61755,177.9567,143.57721,4.178452004401611
Nc1c([N+](=O)[O-])c([N+](=O)[O-])c(N[N+](=O)[O-])c2nnc3nnc([N+](=O)[O-])n3c12,1.8924025,8.267218,32.025043,5.690401,3.4471173,604.90424,470.7111,135.98099,3.826331731068791
O=[N+]([O-])c1cn2c([N+](=O)[O-])nn([N+](=O)[O-])c2n1,1.8769702,8.631289,34.53668,6.2110996,3.8601975,620.6549,309.10004,118.32793,3.900795812609787
Nc1nc([N+](=O)[O-])nc2c1[nH]c(=O)n2N[N+](=O)[O-],1.8410366,7.60314,26.681591,4.2673407,2.7562068,650.31537,-16.591139,154.41943,3.6521567721457613
O=[N+]([O-])Nc1c([N+](=O)[O-])nc2c3c([N+](=O)[O-])onc3n([N+](=O)[O-])n12,1.9106767,8.769374,36.02892,6.407315,3.875667,603.7102,379.5142,125.9666,4.233808765528479
Nc1nnc2[nH]c([N+](=O)[O-])nc(=O)n12,1.8051119,7.14387,23.21653,3.6000051,2.3425047,654.06396,33.159687,268.98764,3.6864656059350533
Nn1c(=O)n(N[N+](=O)[O-])c2[nH]nc([N+](=O)[O-])c21,1.8722174,8.288551,31.90885,5.236821,3.53135,677.49506,165.03119,159.08115,3.993761966455941
Nn1c(=NN[N+](=O)[O-])c2c([nH]c(=O)n2[N+](=O)[O-])n(N[N+](=O)[O-])c1=O,1.9301465,8.469248,33.805862,5.0129294,3.3815978,678.41,-4.1917396,150.16502,4.549182254539469
Nc1nnn2c([N+](=O)[O-])c(C=N[N+](=O)[O-])c(=O)n([N+](=O)[O-])c12,1.8635867,8.193003,31.020035,5.486754,3.4160457,622.9354,251.06778,160.59798,4.229097892995776
N=c1c2c(N)nn(N[N+](=O)[O-])c2nc([N+](=O)[O-])n1[N+](=O)[O-],1.865257,8.285446,31.79187,5.3652835,3.5513632,665.5315,299.47797,140.82977,4.2688992847678335
O=c1n(N[N+](=O)[O-])c2nc([N+](=O)[O-])n([N+](=O)[O-])c(=NC=N[N+](=O)[O-])c2n1[N+](=O)[O-],1.9333321,8.85981,36.872044,5.9592156,3.7931163,637.1586,232.60666,125.30266,4.788075042978717
O=[N+]([O-])c1cc(O)c([N+](=O)[O-])c(O)c1[N+](=O)[O-],1.8694675,7.852222,28.47924,5.0919304,2.8853226,565.98627,-395.9805,232.14857,2.905235454828034
Nc1nc2c([N+](=O)[O-])nc([N+](=O)[O-])c(N[N+](=O)[O-])n2c1[N+](=O)[O-],1.8874193,8.418895,33.06927,5.6335983,3.540224,628.6756,215.29181,131.51834,3.8003597729738328
Nn1c(=O)n(N)c2c(=N[N+](=O)[O-])[nH]c([N+](=O)[O-])nc21,1.859401,7.898282,28.896322,4.6587873,3.120133,673.92755,126.824005,187.64482,4.203140328139902
Nc1c([N+](=O)[O-])c(=O)n([N+](=O)[O-])c2c1nc([N+](=O)[O-])n2N,1.9064441,8.201084,31.613152,5.1805544,3.2633514,631.85223,58.242832,171.90253,3.879161569150117
Nc1c(N)n2c([N+](=O)[O-])c([N+](=O)[O-])nc2n(N[N+](=O)[O-])c1=O,1.8635925,8.006331,29.680134,4.918522,3.1784048,649.4656,16.04976,156.6125,3.9201257863365537
Nc1c(N[N+](=O)[O-])n([N+](=O)[O-])c2nnc([N+](=O)[O-])n2c1=O,1.9083444,8.455035,33.482452,5.421829,3.490583,644.788,163.38837,144.06284,3.9865434805720303
O=[N+]([O-])N=Cc1nc2n[nH]nc2c(=NN[N+](=O)[O-])n1[N+](=O)[O-],1.8497812,8.431461,32.70606,5.909823,3.8349106,650.505,579.7683,131.80466,4.595215664879064
O=[N+]([O-])c1cnc2nn([N+](=O)[O-])nc2c1[N+](=O)[O-],1.8808861,8.408094,32.901917,6.19377,3.6385524,585.8895,387.80038,152.09814,3.5345019644534528
Nn1nc(C=N[N+](=O)[O-])c2c1c(=O)n(N[N+](=O)[O-])c(=O)n2[N+](=O)[O-],1.8702155,8.234913,31.401268,5.3104415,3.401059,642.9043,103.563416,139.9643,4.577377858935073
Nn1[nH]c2nc([N+](=O)[O-])n([N+](=O)[O-])c(=NN[N+](=O)[O-])c2c1=NC=N[N+](=O)[O-],1.8703955,8.510957,33.49062,5.7269073,3.8110108,668.9315,440.7181,141.15855,4.970987500299559
Nc1nc([N+](=O)[O-])nc2c1c(=O)n([N+](=O)[O-])c(=O)n2N,1.8656683,7.5804915,26.809952,4.1918592,2.6329527,631.2047,-116.77738,158.43877,3.7000962687642183
O=c1[nH]c(=N[N+](=O)[O-])c2nc([N+](=O)[O-])n(N[N+](=O)[O-])c2n1N[N+](=O)[O-],1.9363425,8.76541,36.06312,5.6279,3.6847234,657.969,162.74966,140.99728,4.507336550861957
O=[N+]([O-])Nc1nc2c(nc([N+](=O)[O-])n2[N+](=O)[O-])c2nnc([N+](=O)[O-])n12,1.9144229,8.604691,34.76837,5.879112,3.6204557,615.99493,474.76077,130.82709,4.077501523203049
N=c1c2[nH]c(=O)n([N+](=O)[O-])c2nc([N+](=O)[O-])n1N,1.8930601,7.8864946,29.20281,4.496733,2.9192564,652.99255,29.646364,160.17955,4.020479255779149
Nn1nc([N+](=O)[O-])c([N+](=O)[O-])c2nc(N[N+](=O)[O-])nc1-2,1.8808196,8.435261,33.20959,5.7196364,3.6985357,647.8111,363.88376,141.91379,3.7256066517049344
O=c1n(C=N[N+](=O)[O-])c(=N[N+](=O)[O-])c2nc([N+](=O)[O-])c(C=N[N+](=O)[O-])nc2n1[N+](=O)[O-],1.9129847,8.468886,33.636196,5.678077,3.447434,606.9379,271.3408,137.4249,4.805867868705587
O=[N+]([O-])Nc1nc([N+](=O)[O-])c2ncc([N+](=O)[O-])n2n1,1.8555623,8.319056,32.030376,5.8333664,3.6102283,619.32056,368.74533,134.72813,3.603040798728137
O=c1[nH]c(=O)n([N+](=O)[O-])c2c1nnn2C=N[N+](=O)[O-],1.8773319,7.953121,29.317408,4.721425,2.935545,625.4265,50.61626,135.97063,4.209187405062979
Nc1nc2n(N[N+](=O)[O-])c([N+](=O)[O-])c([N+](=O)[O-])c(=O)n2c1[N+](=O)[O-],1.9115282,8.4644165,33.568756,5.482728,3.4361336,627.8476,24.138292,135.64337,3.9616132010123506
Nc1nnc2nc([N+](=O)[O-])[nH]c(=O)n12,1.8203102,7.1684184,23.478817,3.5494576,2.3079336,653.5962,25.95453,268.54382,3.4843044723318135
Nc1nc(=O)n(N)c2c1c([N+](=O)[O-])nn2[N+](=O)[O-],1.8563077,7.8491244,28.445093,4.6878824,3.051436,655.1395,95.69849,168.44742,3.8382285192816035
Nn1c([N+](=O)[O-])nc2nc([N+](=O)[O-])n([N+](=O)[O-])c2c1=NN[N+](=O)[O-],1.9126468,8.788769,36.145927,6.0410285,3.9292414,651.88214,400.6799,140.32414,4.367905331462547
O=c1[nH]c(Oc2nc([N+](=O)[O-])nc3c(=N[N+](=O)[O-])[nH]c([N+](=O)[O-])nc23)c([N+](=O)[O-])c(=O)[nH]1,1.8930548,7.6807117,27.51741,4.373255,2.534479,582.4064,-180.63464,210.93993,4.177211295168745
NN=c1c2c(nc([N+](=O)[O-])n2[N+](=O)[O-])c(=O)n([N+](=O)[O-])n1N,1.9015745,8.554324,34.23155,5.656631,3.708808,657.9535,257.93246,144.88512,4.345346029251534
O=c1[nH]c(N[N+](=O)[O-])nc2nnn(N[N+](=O)[O-])c12,1.8535438,8.107564,30.288578,4.9855084,3.280649,661.923,209.53116,143.53221,3.887159852993485
N=c1c(=O)n(C=N[N+](=O)[O-])c2c3[nH]c([N+](=O)[O-])nc3nn2c(=O)n1[N+](=O)[O-],1.8597494,7.795528,28.243921,4.7130733,2.8513868,607.7147,91.062775,145.2355,4.581147115684175
O=c1c2c([N+](=O)[O-])nn(C=N[N+](=O)[O-])c2c([N+](=O)[O-])nn1C=N[N+](=O)[O-],1.8670868,8.309462,31.892193,5.750782,3.4768376,604.79767,281.659,169.23738,4.587265609864999
O=[N+]([O-])Nc1nc([N+](=O)[O-])nc2nn[nH]c12,1.817761,8.031412,29.555683,5.305485,3.412053,644.38776,376.89005,138.13371,3.8750610627609188
NN=c1c2c(nc(N[N+](=O)[O-])n1[N+](=O)[O-])nc([N+](=O)[O-])n2[N+](=O)[O-],1.9029949,8.774892,35.932793,6.021047,3.942775,656.2092,402.18497,132.95753,4.348360276517491
Nc1nc2nc([N+](=O)[O-])c(C=N[N+](=O)[O-])c([N+](=O)[O-])n2c1[N+](=O)[O-],1.8537403,8.104301,30.263937,5.466183,3.323646,608.92615,229.61649,192.94502,4.090703133660348
Nc1nn([N+](=O)[O-])c2nc3c([N+](=O)[O-])c(N[N+](=O)[O-])n4nnc([N+](=O)[O-])c4c3nc12,1.8756651,8.069863,30.414656,5.4422803,3.2659261,599.4639,516.83154,143.68791,4.145233007097167
Nn1c(=NC=N[N+](=O)[O-])c2nc([N+](=O)[O-])nc([N+](=O)[O-])c2n1[N+](=O)[O-],1.8739953,8.501721,33.56095,5.9006314,3.761955,638.4049,415.10275,130.7219,4.605136550861957
NN=c1c2nc(N[N+](=O)[O-])c3c(nc([N+](=O)[O-])n3[N+](=O)[O-])c2nc([N+](=O)[O-])n1[N+](=O)[O-],1.902416,8.45949,33.51269,5.765187,3.5544598,616.0687,410.00626,135.26022,4.406755861200898
N=c1c2c(nc(N)n1[N+](=O)[O-])nc([N+](=O)[O-])n2[N+](=O)[O-],1.8931283,8.274775,32.003876,5.2447333,3.3718884,645.1224,220.06552,145.33755,4.17467851728493
O=c1n([N+](=O)[O-])c2nc(C=N[N+](=O)[O-])[nH]c(=NN[N+](=O)[O-])c2n1[N+](=O)[O-],1.9089705,8.528362,34.044147,5.622328,3.5541604,633.69696,222.17416,144.4697,4.8017545730757005
O=c1c2c(=N[N+](=O)[O-])n(C=N[N+](=O)[O-])c([N+](=O)[O-])nc2nc2n(N[N+](=O)[O-])c(C=N[N+](=O)[O-])c([N+](=O)[O-])n12,1.895256,8.336962,32.352245,5.549978,3.3648808,607.0884,248.68839,145.82571,4.962463461174714
O=c1n(N[N+](=O)[O-])c2c(c(=NC=N[N+](=O)[O-])n(C=N[N+](=O)[O-])c(=O)n2[N+](=O)[O-])n1[N+](=O)[O-],1.9229794,8.65792,35.146595,5.6158195,3.5878913,640.04913,107.85312,140.56606,5.106674929209125
O=[N+]([O-])c1cn(O)c([N+](=O)[O-])c1[N+](=O)[O-],1.8522835,8.6510935,34.32857,6.56602,4.0191126,609.96893,28.702654,249.16017,3.2919821066581676
O=c1n(C=N[N+](=O)[O-])c(=NC=N[N+](=O)[O-])c2nc3[nH]c([N+](=O)[O-])nn3c2n1[N+](=O)[O-],1.8965086,8.179946,31.30587,5.1638117,3.1976116,620.79364,275.96252,154.64574,5.053292836156994
Nc1nc2nc([N+](=O)[O-])c(N)n2n1[N+](=O)[O-],1.8346138,7.937836,28.969934,4.737303,3.2342367,686.3416,186.43558,172.32776,4.016895728095585
Nc1nnn2c([N+](=O)[O-])nc([N+](=O)[O-])c(N)c12,1.8156806,7.7275224,27.259254,4.9021425,3.170109,649.2385,292.38113,260.52026,3.5767496587636325
O=c1c([N+](=O)[O-])nn([N+](=O)[O-])c2c(C=N[N+](=O)[O-])c([N+](=O)[O-])nn12,1.9110723,8.61727,34.767845,6.0230727,3.6382232,603.3466,261.56735,118.77751,4.238586650143864
O=c1on2nc([N+](=O)[O-])cc2n1[N+](=O)[O-],1.8702654,8.30518,31.93344,5.6843166,3.3958738,597.40393,6.703295,130.37888,4.153336580342379
O=[N+]([O-])N=Cc1c([N+](=O)[O-])n([N+](=O)[O-])c2c([N+](=O)[O-])nc(NO[N+](=O)[O-])c3nncc-3c12,1.8245367,8.061132,29.717733,5.9174666,3.4327562,579.6457,379.57162,123.91838,4.538294837208101
Nn1c([N+](=O)[O-])nc2c1c(=O)[nH]c(=O)n2N[N+](=O)[O-],1.8704425,7.7944274,28.13593,4.377754,2.8284943,650.67444,-116.16735,150.48456,3.7618634050629787
O=[N+]([O-])c1[nH]c([N+](=O)[O-])c2[nH]ncc12,1.7875769,7.4608984,25.051516,5.0392466,2.979454,593.625,130.72128,301.39154,3.6550603427771584
O=c1n(C=N[N+](=O)[O-])c(=N[N+](=O)[O-])c2nc([N+](=O)[O-])n(C=N[N+](=O)[O-])c2n1[N+](=O)[O-],1.9229677,8.646081,35.07032,5.767972,3.5961027,623.87946,232.00644,130.56982,4.907363614042962
O=[N+]([O-])N=Cc1nc([N+](=O)[O-])nc2nc([N+](=O)[O-])[nH]c(=NN[N+](=O)[O-])c12,1.8610656,8.13176,30.605038,5.406272,3.326498,616.15436,326.12646,150.69907,4.541635423529595
O=[N+]([O-])N=Cc1c([N+](=O)[O-])nn2c([N+](=O)[O-])c([N+](=O)[O-])c([N+](=O)[O-])nc12,1.903436,8.5929165,34.50325,6.247561,3.6715658,585.7766,331.40598,194.50198,4.0299265482871895
O=[N+]([O-])N=Cn1nnc2c1nc([N+](=O)[O-])n1nc([N+](=O)[O-])c([N+](=O)[O-])c21,1.8960176,8.441954,33.27564,5.9636645,3.5621862,596.2079,573.6286,201.31216,4.226548390562562
NC1=NN([N+](=O)[O-])c2nnc3nc(N[N+](=O)[O-])n1n23,1.866737,8.395962,32.80156,5.427931,3.7181592,685.88184,556.0035,138.1621,4.374695984944635
Nc1nc2c([N+](=O)[O-])n[nH]c(=O)n2n1,1.8215777,7.362874,24.791132,3.970481,2.573682,652.424,112.03061,272.9834,3.178687063424932
Nn1c([N+](=O)[O-])nc2c1nn1c(=O)n([N+](=O)[O-])nc([N+](=O)[O-])c21,1.9197365,8.420449,33.481544,5.535703,3.4227397,618.741,316.799,150.3475,4.059098158850253
Nn1c(=O)[nH]c(=NN[N+](=O)[O-])c2ncnc([N+](=O)[O-])c21,1.8070532,7.5074887,25.727783,4.56545,2.8973908,637.79346,154.21512,158.00662,4.081413231288873
O=[N+]([O-])N=Cn1nc([N+](=O)[O-])n2c([N+](=O)[O-])c([N+](=O)[O-])nc12,1.896021,8.758387,35.72419,6.248327,3.8994558,622.26215,376.7664,182.41835,4.234454922173494
Nc1c([N+](=O)[O-])nc(N[N+](=O)[O-])n2nnnc12,1.8679312,8.287335,31.915644,5.4079723,3.6062102,669.4112,438.20297,141.37222,3.6223027022418943
O=c1n2c([N+](=O)[O-])nnc2nc2c(C=N[N+](=O)[O-])nc([N+](=O)[O-])c([N+](=O)[O-])n12,1.8766654,8.110157,30.545792,5.367656,3.1443222,585.3682,288.11826,182.10222,4.188365083124202
Nc1nc2c(c(=N[N+](=O)[O-])n(C=N[N+](=O)[O-])c(=O)n2[N+](=O)[O-])n1[N+](=O)[O-],1.9205676,8.544618,34.252613,5.4282727,3.49001,644.633,156.98776,135.8374,4.667794421590358
O=c1c2n[nH]nc2c([N+](=O)[O-])nn1C=N[N+](=O)[O-],1.8308363,7.954955,29.02105,5.284234,3.2522686,616.8341,304.67596,186.03365,4.139086383605729
Nn1nc([N+](=O)[O-])c2nc([N+](=O)[O-])[nH]c21,1.8475001,8.155651,30.65957,5.3569636,3.515346,658.17664,274.91943,284.1227,3.91310927265007
NN=c1c2c(C=N[N+](=O)[O-])c([N+](=O)[O-])[nH]c2nc([N+](=O)[O-])n1C=N[N+](=O)[O-],1.8361027,7.9795594,29.218027,5.332889,3.334838,627.11456,312.25543,186.47046,4.73268750029956
Nn1nc(N[N+](=O)[O-])n2nc([N+](=O)[O-])n2c(=O)n(N[N+](=O)[O-])c2nnc21,1.8739132,8.602323,34.388546,5.6746926,3.869016,682.5666,501.69418,146.68086,4.822583769174228
N=c1nc([N+](=O)[O-])n([N+](=O)[O-])c2c1nc([N+](=O)[O-])n2N,1.8663065,8.326122,32.150837,5.5647316,3.5813522,645.95825,303.29312,132.69821,4.18932348769913
Nn1nc([N+](=O)[O-])c2nc3c(nc([N+](=O)[O-])n3[N+](=O)[O-])nc21,1.8861169,8.284324,32.128036,5.632001,3.458695,614.29724,476.73227,138.10117,4.048686069051164
O=[N+]([O-])c1c([N+](=O)[O-])n2ncnc2n1[N+](=O)[O-],1.8750407,8.663222,34.795406,6.3230033,3.9154842,618.92676,354.39035,126.10571,3.726851197225172
NN=c1n([N+](=O)[O-])c2c(c(=O)n1N[N+](=O)[O-])NCC(=O)O2,1.8232809,7.6151304,26.466875,4.4112153,2.8454123,648.96014,-234.249,143.93839,4.503563675377224
O=[N+]([O-])Nc1nc([N+](=O)[O-])c2nc(N[N+](=O)[O-])n([N+](=O)[O-])c2n1,1.9160265,8.707644,35.599335,5.860545,3.7379324,638.27454,321.08044,131.60008,4.0214865573370115
Nc1nc2c(c(=N[N+](=O)[O-])n1[N+](=O)[O-])n(C=N[N+](=O)[O-])c(=O)n2[N+](=O)[O-],1.9186138,8.508593,34.001007,5.3744,3.4439726,642.836,151.73376,131.42241,4.667794421590358
Nn1c(=O)nc2[nH]nc(N[N+](=O)[O-])n2c1=O,1.8557291,7.514375,26.198818,3.8108451,2.565791,677.62256,-58.53754,149.68175,3.9000826435057565
Nn1nc2[nH]nc([N+](=O)[O-])c2c1O,1.7896539,7.4576745,25.201794,4.438053,2.9436624,665.3843,105.95761,301.22736,3.810864804953882
O=[N+]([O-])N=Cc1c([N+](=O)[O-])c(C=N[N+](=O)[O-])c2nc([N+](=O)[O-])nn2c1[N+](=O)[O-],1.8679954,8.337233,32.146534,6.043515,3.565174,588.5441,368.29373,184.1649,4.34162459247971
O=c1nc([N+](=O)[O-])c2c(nc([N+](=O)[O-])n2C=N[N+](=O)[O-])n1[N+](=O)[O-],1.9354272,8.562703,34.608543,5.6452904,3.4234016,605.81055,162.35818,137.15564,4.338817419374633
O=[N+]([O-])N=Cn1c([N+](=O)[O-])nc2c([N+](=O)[O-])nn([N+](=O)[O-])c21,1.9053138,8.829184,36.400192,6.370047,3.9752376,622.56085,407.53433,144.0061,4.410551739149621
Nc1c2c(N[N+](=O)[O-])nn([N+](=O)[O-])c2nc2c1c([N+](=O)[O-])c([N+](=O)[O-])n2N[N+](=O)[O-],1.907662,8.467203,33.5906,5.737393,3.5685844,623.7696,304.993,146.30426,4.289947839943643
Nn1c(N[N+](=O)[O-])nc2c(=O)n([N+](=O)[O-])c(=O)n([N+](=O)[O-])c21,1.9361207,8.527945,34.310608,5.264369,3.3957193,646.6082,3.4833095,145.87791,4.114710401721171
O=c1c([N+](=O)[O-])n[nH]n1C=N[N+](=O)[O-],1.8563484,8.479467,33.127995,5.6490183,3.723254,660.6193,126.487915,177.67926,4.377046074257627
N=c1nc(C=N[N+](=O)[O-])n([N+](=O)[O-])c2c1c(=N)c([N+](=O)[O-])nn2[N+](=O)[O-],1.8558842,8.239825,31.35634,5.6925206,3.5294535,621.5301,363.6425,131.74232,4.761797589011172
Nn1c(=O)n2c(N[N+](=O)[O-])c([N+](=O)[O-])nc2n1N[N+](=O)[O-],1.890217,8.609521,34.46221,5.4987407,3.7423244,683.2238,158.172,143.12859,4.3322139700825195
O=[N+]([O-])Nc1nc2nn[nH]c2[n+]([O-])n1,1.8319545,8.328503,31.866297,5.6488953,3.801104,674.36444,485.73007,129.16277,4.290656917053084
Nc1c([N+](=O)[O-])nc2n([N+](=O)[O-])c([N+](=O)[O-])c(C=N[N+](=O)[O-])c(=O)n2c1=O,1.8871526,8.019462,29.930262,5.055071,3.0079439,596.68365,-90.972404,125.693375,4.187225522277582
O=c1c2c(nc([N+](=O)[O-])n2NO)[nH]n1[N+](=O)[O-],1.887881,8.402842,32.937958,5.4171762,3.5309713,653.52026,51.86826,163.86574,4.340414274148248
O=c1[nH]c2onc([N+](=O)[O-])c2n1O,1.8657508,7.8622084,28.489998,4.8664064,2.9226332,603.1553,-120.54823,285.23758,3.9039782115472876
O=[N+]([O-])NN=c1[nH]c([N+](=O)[O-])ncc1[N+](=O)[O-],1.8500321,8.43862,32.7725,5.8085847,3.7770321,651.5773,187.25226,147.3807,3.9341958126097865
O=c1[nH]c2c([N+](=O)[O-])n[nH]c2c(=NC=N[N+](=O)[O-])n1N[N+](=O)[O-],1.8771288,8.110011,30.508362,5.052163,3.2264123,641.667,150.10904,153.58597,4.465891385877059
Nn1cnc2c1c(=O)n(N[N+](=O)[O-])c(=O)n2[N+](=O)[O-],1.8501409,7.910418,28.897558,4.820983,3.1036348,646.4771,-12.504163,140.011,4.059868635832209
Nn1c(=O)n(C=N[N+](=O)[O-])c2c(=O)n(N[N+](=O)[O-])c(=O)n([N+](=O)[O-])c21,1.898448,8.218381,31.521044,4.9571424,3.183822,644.72986,-109.76409,150.0025,4.573760585289069
O=C1N(C=N[N+](=O)[O-])Nc2c(nc(=O)n(C=N[N+](=O)[O-])c2N[N+](=O)[O-])N1N[N+](=O)[O-],1.8831072,8.272226,31.814898,5.134585,3.342619,653.1984,77.89636,146.95453,4.949846725045883
O=[N+]([O-])N=Cn1cnc2c([N+](=O)[O-])n[nH]c2c1=N[N+](=O)[O-],1.8401794,8.066341,29.885681,5.5159235,3.4284422,622.16583,380.16098,159.19781,4.31147357994634
N=c1c(=O)n([N+](=O)[O-])c2c(nc([N+](=O)[O-])n2[N+](=O)[O-])n1C=N[N+](=O)[O-],1.9148471,8.540052,34.202854,5.6606874,3.5169752,621.9906,171.39825,132.02063,4.5902396385435065
O=[N+]([O-])N=Cn1nc([N+](=O)[O-])c2c([N+](=O)[O-])c([N+](=O)[O-])nnc21,1.8816086,8.562774,34.10096,6.302542,3.777819,597.4175,475.3124,192.54904,4.087646204247477
Nc1c2nc(C=N[N+](=O)[O-])n([N+](=O)[O-])c(N)c-2nc1[N+](=O)[O-],1.8138628,7.7268524,27.296608,5.028021,3.1657195,631.2733,249.9414,171.8395,4.251371102544846
Nn1nc(N[N+](=O)[O-])n2c([N+](=O)[O-])c(O)nc12,1.8841671,8.28159,31.962576,5.124619,3.4567997,678.20593,138.40338,148.01825,4.09574350491748
Nc1nc2nc([N+](=O)[O-])[nH]c2c([N+](=O)[O-])c1[N+](=O)[O-],1.8414373,7.7285323,27.425146,4.8745418,2.909133,598.89246,63.848576,239.87012,3.4067954050629785
N=c1c2c(N[N+](=O)[O-])nn([N+](=O)[O-])c2n(N)c(=O)n1[N+](=O)[O-],1.9210392,8.531421,34.24266,5.3987107,3.5780747,665.4469,189.01346,146.0273,4.390591373381088
O=[N+]([O-])Nc1nc2c3nc([N+](=O)[O-])n(N[N+](=O)[O-])c3nnc2n1[N+](=O)[O-],1.9108133,8.657238,35.17545,6.0246873,3.7786374,626.508,548.428,132.16815,4.2058404784746495
O=[N+]([O-])c1nc([N+](=O)[O-])n2nc[nH]c12,1.8376259,7.9793444,29.181988,5.317148,3.2795806,619.08875,232.94342,286.29797,3.7708287638297904
O=c1n(N[N+](=O)[O-])cc([N+](=O)[O-])c2nc([N+](=O)[O-])c([N+](=O)[O-])n12,1.9016452,8.461988,33.437958,5.739227,3.4806972,605.3336,61.159504,138.97466,3.8465713114353726
O=[N+]([O-])N=CN=c1o[nH]nc1[N+](=O)[O-],1.8392524,8.601691,33.867275,6.119532,4.0321493,659.76025,242.40125,174.86537,4.826076941967441
O=c1n([N+](=O)[O-])nc(C=N[N+](=O)[O-])c2nc([N+](=O)[O-])nn12,1.902177,8.503418,33.827957,5.7068996,3.5239518,617.86316,297.92697,142.32924,4.220830158893708
O=c1c([N+](=O)[O-])nc2[nH]c([N+](=O)[O-])nc2n1C=N[N+](=O)[O-],1.8852909,7.9903145,29.770731,4.96685,2.9758642,600.77045,74.7287,185.40417,4.16970818087173
O=c1c([N+](=O)[O-])nnc2c(C=N[N+](=O)[O-])n[nH]n12,1.8554692,8.057324,30.00672,5.4005866,3.316808,615.13336,339.5981,192.8783,4.180548550010753
Nn1nc([N+](=O)[O-])c2c1nnn2[N+](=O)[O-],1.869187,8.8320265,36.171646,6.4495463,4.36177,677.88873,535.06995,130.83704,4.083479272650071
O=c1[nH]c2c(nc(C=N[N+](=O)[O-])n2[N+](=O)[O-])n1[N+](=O)[O-],1.9279635,8.463123,33.705254,5.3833904,3.3681424,627.5569,115.795135,142.11334,4.449682123403049
Nc1c([N+](=O)[O-])nc(N[N+](=O)[O-])c2nnc([N+](=O)[O-])n12,1.9038891,8.447163,33.487473,5.542125,3.5702462,645.5706,323.5041,145.3509,3.727761949237591
NN=c1[nH]c(=O)n([N+](=O)[O-])c2c(nc(C=N[N+](=O)[O-])n2[N+](=O)[O-])c1=N[N+](=O)[O-],1.8800075,8.385367,32.6736,5.483442,3.520304,643.8453,271.3288,140.05035,4.879588833643952
Nc1nc([N+](=O)[O-])c2c([N+](=O)[O-])nc(N[N+](=O)[O-])nc2n1,1.8106786,7.7495174,27.447865,4.896412,3.0511262,625.26465,191.88983,136.37238,3.5811625764761255
O=[N+]([O-])N=Cn1nc([N+](=O)[O-])c2cc3c([N+](=O)[O-])n[nH]c3nc21,1.7995803,7.525938,25.684824,5.095791,2.9514606,579.9955,368.7639,185.53818,4.099276036710098
O=[N+]([O-])c1cc2nnn([N+](=O)[O-])c2c([N+](=O)[O-])c1[N+](=O)[O-],1.8696235,8.471658,33.137497,6.4264097,3.7231085,576.43695,321.95105,116.579926,3.4428050190335675
O=[N+]([O-])c1nn2c([N+](=O)[O-])cnc2c([N+](=O)[O-])c1[N+](=O)[O-],1.8904884,8.47645,33.43629,6.2519913,3.6106734,575.1987,286.84686,211.8756,3.357011732320281
Nn1c(C=N[N+](=O)[O-])c([N+](=O)[O-])c2nc([N+](=O)[O-])nn2c1=O,1.8779482,8.200236,31.19357,5.359665,3.3383217,624.4322,217.50568,180.07162,4.002388609176147
Nc1cc([N+](=O)[O-])c(O)c2nnn([N+](=O)[O-])c12,1.8072628,7.449937,25.312185,4.7672095,2.8617225,602.20856,43.856556,155.08307,3.4869342741482487
Nn1c([N+](=O)[O-])nc2c(=NN[N+](=O)[O-])[nH]c([N+](=O)[O-])nc2c1=N[N+](=O)[O-],1.9075575,8.546403,34.181065,5.632846,3.6646078,651.8914,363.4725,145.14796,4.520095710199446
Nn1c([N+](=O)[O-])nc2oc([N+](=O)[O-])nc21,1.8689376,8.218782,31.307194,5.3918533,3.3714597,625.9413,124.19656,268.15994,4.04176081111161
O=c1[nH]c(=N[N+](=O)[O-])c2nc(N[N+](=O)[O-])n([N+](=O)[O-])c2n1C=N[N+](=O)[O-],1.9055235,8.448951,33.287693,5.362396,3.4283981,641.8305,150.943,139.11047,4.689520459363326
O=c1nc(C=N[N+](=O)[O-])n([N+](=O)[O-])c2c1nc([N+](=O)[O-])n2[N+](=O)[O-],1.8776594,8.46535,33.160828,5.9067984,3.5550296,602.02704,227.02606,119.83719,4.35673170508892
Nn1c(=O)nc([N+](=O)[O-])n2nc(N[N+](=O)[O-])nc12,1.8810722,8.209337,31.435448,4.9646387,3.308263,669.35333,197.11948,138.67416,3.8925635029149914
Nn1c([N+](=O)[O-])nc2c(nc([N+](=O)[O-])n3nc([N+](=O)[O-])nc23)c1=N[N+](=O)[O-],1.9171975,8.463299,33.752865,5.6590056,3.491389,616.8349,476.7551,142.24324,4.154000961838022
O=c1c([N+](=O)[O-])cn([N+](=O)[O-])c2nnc([N+](=O)[O-])n12,1.9044691,8.469515,33.61032,5.8109527,3.4911861,598.92145,172.93921,122.542786,3.70897663583221
O=[N+]([O-])c1n[nH]c2c(O)[nH]nc12,1.827722,7.3703837,24.927465,4.2361627,2.6504483,628.38116,49.843937,299.13226,3.7041429600092366
Nc1nnc2c([N+](=O)[O-])c([N+](=O)[O-])c(C=N[N+](=O)[O-])c([N+](=O)[O-])n12,1.862488,8.254436,31.43766,5.778546,3.5206277,609.63855,322.4701,197.15508,3.8972284083856223
O=c1c([N+](=O)[O-])nnc2n(C=N[N+](=O)[O-])nc([N+](=O)[O-])n12,1.9035438,8.489751,33.69922,5.6670003,3.5015564,617.05756,305.45312,189.5686,4.20072851054206
O=c1c2nn(C=N[N+](=O)[O-])c(=O)n2c([N+](=O)[O-])nn1[N+](=O)[O-],1.913409,8.503219,33.875145,5.5188584,3.4047627,617.31,116.749756,150.5729,4.3980305189904705
O=[N+]([O-])N=c1[nH]cnc2c1nc([N+](=O)[O-])n2N[N+](=O)[O-],1.8563315,8.252101,31.443085,5.5404997,3.5258024,638.3199,324.57236,133.23,4.266395282570925
O=c1n(C=N[N+](=O)[O-])c2c(c(=NC=N[N+](=O)[O-])nc([N+](=O)[O-])n2[N+](=O)[O-])n1[N+](=O)[O-],1.9060599,8.59117,34.506817,5.7522397,3.585321,624.43225,224.4208,125.22061,5.010200225532738
Nc1nc2c(c(=O)n1N[N+](=O)[O-])n([N+](=O)[O-])c(=O)n2[N+](=O)[O-],1.9249378,8.400956,33.251408,5.087891,3.2673156,644.34894,-58.938305,147.4539,4.206631859211048
O=c1c2nnn([N+](=O)[O-])c2cc2n(C=N[N+](=O)[O-])nc([N+](=O)[O-])n12,1.8417946,7.947366,28.997551,5.3857703,3.1852822,592.5037,329.20737,140.64738,4.452473750735581
O=[N+]([O-])N1COc2nonc2N([N+](=O)[O-])C1,1.8396238,8.59632,34.0035,6.2344966,4.17435,670.5707,185.37653,110.70499,4.323912461362317
O=[N+]([O-])NN=c1c2oc([N+](=O)[O-])nc2ncn1N[N+](=O)[O-],1.8551837,8.32107,31.882057,5.6702943,3.5800698,632.6131,241.54214,145.40353,4.478412041484801
O=c1oc2nc([N+](=O)[O-])ccc2n1[N+](=O)[O-],1.8132272,7.3098683,24.450455,4.644867,2.521295,543.8627,-173.95996,139.25177,3.5812282606792802
Nc1c([N+](=O)[O-])c([N+](=O)[O-])c(N)n2nc([N+](=O)[O-])nc12,1.8894274,8.020936,30.038559,5.0279007,3.142267,627.9899,145.66284,245.72548,3.466136209592621
Nn1c(=O)n(N[N+](=O)[O-])c(=O)c2c1nc([N+](=O)[O-])n1nc([N+](=O)[O-])nc21,1.9014999,8.038971,30.285152,4.8585815,2.9896438,617.7521,79.90477,152.22345,3.9970763122061346
Nc1cn2c([N+](=O)[O-])c([N+](=O)[O-])c(=O)n([N+](=O)[O-])c2n1,1.8569388,7.9597483,29.272364,5.152626,3.1196842,606.7897,20.90796,158.41418,3.7966625409535677
N=c1c2c(nnn2[N+](=O)[O-])n(N[N+](=O)[O-])c(=O)n1N,1.8786924,8.351232,32.4246,5.253046,3.5814044,685.60913,268.4356,142.25104,4.345678174293747
O=c1c2c([N+](=O)[O-])nn(C=N[N+](=O)[O-])c2n(C=N[N+](=O)[O-])c(=O)n1C=N[N+](=O)[O-],1.8604399,8.01973,29.628641,5.0822563,3.0951948,611.1316,52.700977,171.60149,4.907531055387358
O=c1n([N+](=O)[O-])c(=NC=N[N+](=O)[O-])c2nc([N+](=O)[O-])n(C=N[N+](=O)[O-])c2n1[N+](=O)[O-],1.9175225,8.662125,35.209614,5.81716,3.6349285,625.22864,256.20636,128.3033,4.964276564383761
Nc1nc([N+](=O)[O-])c2nc([N+](=O)[O-])c(N)c(N[N+](=O)[O-])c2n1,1.8101854,7.5800314,26.327602,4.68572,2.9495635,630.9758,147.68784,155.3233,3.686696301483839
O=[N+]([O-])Nc1ncc([N+](=O)[O-])c2nnc([N+](=O)[O-])n12,1.8506371,8.286696,31.703857,5.8031635,3.5983295,619.7973,361.89743,122.052414,3.55211138696343
O=c1n(N[N+](=O)[O-])c2nc3n(C=N[N+](=O)[O-])c(=O)n([N+](=O)[O-])n3c(=O)c2n1N[N+](=O)[O-],1.9214605,8.371264,32.956757,5.126059,3.2245626,631.0549,-22.13864,147.5558,4.773736349005774
Nc1nc2nc([N+](=O)[O-])nn2c(N)c1[N+](=O)[O-],1.8582166,7.6048665,26.711985,4.2858024,2.7760224,651.7547,156.30515,309.1226,3.3805404279944016
Nn1nc([N+](=O)[O-])c2c(=O)n(N)c(=O)n([N+](=O)[O-])c2c1=O,1.8798089,7.893492,29.058918,4.709098,2.9526703,629.1856,-110.13895,132.28522,3.8293666973552467
NN=c1c2[nH]c(N)c([N+](=O)[O-])c2c([N+](=O)[O-])nn1N,1.8066268,7.5611973,26.117283,4.6675086,3.1438477,676.69916,260.25497,258.12766,4.024591405062978
O=c1c([N+](=O)[O-])c([N+](=O)[O-])[nH]c2nc(C=N[N+](=O)[O-])nn12,1.8748375,8.051776,30.061716,5.190974,3.1108892,600.5148,139.92981,208.76938,4.129408455597005
Nn1nc([N+](=O)[O-])c2c([N+](=O)[O-])onc21,1.851856,8.490095,33.243618,6.2894087,3.9358087,625.9893,318.21106,268.7899,3.8875285034193023
O=c1c2nc([N+](=O)[O-])nc([N+](=O)[O-])c2nnn1C=N[N+](=O)[O-],1.8660026,8.151329,30.8068,5.5041566,3.270759,594.24426,312.47964,184.90054,4.121704582740864
Nc1nc([N+](=O)[O-])c2c(c1[N+](=O)[O-])OCO2,1.8239933,7.3664765,24.803307,4.461569,2.60524,586.5954,-277.2969,274.53394,3.224979602360854
Nn1c(=O)n([N+](=O)[O-])c2nc(N[N+](=O)[O-])c(=O)[nH]c21,1.8944737,7.940082,29.541315,4.533773,2.9243531,648.39166,-77.76088,144.20853,3.8829424819860563
Nc1nc2c(=NN[N+](=O)[O-])n(N[N+](=O)[O-])c(=O)n([N+](=O)[O-])c2n1[N+](=O)[O-],1.929563,8.76053,36.051964,5.6012564,3.7416334,670.429,184.47437,140.98856,4.646644421590357
O=c1c2c(N[N+](=O)[O-])nn(C=N[N+](=O)[O-])c2nc2n(N[N+](=O)[O-])c([N+](=O)[O-])nn12,1.8881184,8.336695,32.368015,5.4164953,3.4017482,630.64453,322.9059,140.78865,4.523019951107024
O=c1c2c(n(C=N[N+](=O)[O-])c(=O)n2[N+](=O)[O-])n(N[N+](=O)[O-])c(=O)n1N[N+](=O)[O-],1.930595,8.543934,34.272972,5.2945366,3.3764653,639.31274,-112.99777,144.03915,4.708161812312822
Nc1nc2c(n1[N+](=O)[O-])n(N)c(=O)n1c([N+](=O)[O-])c([N+](=O)[O-])nc21,1.8767503,7.912678,29.11806,4.841441,3.010564,624.0334,129.94247,193.6727,4.026395441352657
Nc1nc2c(N[N+](=O)[O-])nc([N+](=O)[O-])nc2c(=N[N+](=O)[O-])n1[N+](=O)[O-],1.9048501,8.482095,33.707138,5.5240183,3.5382159,641.3202,301.9293,132.63063,4.185965222190628
Nc1nc2nc([N+](=O)[O-])n3c([N+](=O)[O-])cnc3n2c1[N+](=O)[O-],1.85011,7.681292,27.20464,4.8391137,2.877461,597.0652,226.93036,244.47913,3.8583601238099634
O=c1c(=O)n(N[N+](=O)[O-])c2c(nc([N+](=O)[O-])n2[N+](=O)[O-])n1C=N[N+](=O)[O-],1.9143449,8.529415,34.01178,5.581761,3.4581265,620.36865,54.40816,138.98796,4.521526095798503
O=c1oc2c([N+](=O)[O-])c([N+](=O)[O-])c([N+](=O)[O-])c([N+](=O)[O-])c2nc1C=N[N+](=O)[O-],1.8958181,8.178058,31.108564,5.6846414,3.1122565,545.4682,-90.48928,184.46196,3.8068891041990174
O=c1n(C=N[N+](=O)[O-])c(=NN[N+](=O)[O-])c2c([N+](=O)[O-])[nH]nc2n1C=N[N+](=O)[O-],1.8700207,8.247686,31.493841,5.327223,3.3889804,638.2597,226.83978,150.17097,4.919128160047279
Nn1c(=O)[nH]c2nc([N+](=O)[O-])n([N+](=O)[O-])c(=NC=N[N+](=O)[O-])c21,1.8655878,8.0858965,30.241138,5.03773,3.231815,645.3201,154.2612,131.53326,4.481126658219734
Nc1nc(N[N+](=O)[O-])nc2c1c(=N[N+](=O)[O-])[nH]c(=O)n2[N+](=O)[O-],1.8975304,7.9957848,29.937775,4.6052094,2.962963,646.5872,18.579699,149.81412,4.129173316479509
Nc1nc2c3nc([N+](=O)[O-])n(N[N+](=O)[O-])c3nc([N+](=O)[O-])n2n1,1.8489171,8.059401,30.056452,5.2226334,3.305354,635.16254,415.08963,136.75249,3.924249946671104
Nn1nc([N+](=O)[O-])c2c(C=N[N+](=O)[O-])c([N+](=O)[O-])c([N+](=O)[O-])nc21,1.8674891,8.300576,31.897509,5.9033375,3.591415,608.2269,352.68265,183.72871,4.133610825968041
Nc1nc(N[N+](=O)[O-])n2c(=O)n([N+](=O)[O-])c([N+](=O)[O-])nc12,1.8759137,8.197871,31.219809,5.0395155,3.2488716,646.33777,58.549534,137.45677,3.948149354697903
O=[N+]([O-])N[N+](=O)[O-],1.8464448,9.643279,42.59303,7.108345,5.380159,754.75885,23.55536,163.22763,3.9422462109584675
O=[N+]([O-])N=Cn1nnc2c([N+](=O)[O-])c3c([N+](=O)[O-])nn(N[N+](=O)[O-])c3nc21,1.8833874,8.432946,33.098587,5.9486184,3.6443293,612.89606,577.1439,140.90633,4.426448828012942
NN=c1c2nc(N)n3nc([N+](=O)[O-])nc3c2nc([N+](=O)[O-])n1[N+](=O)[O-],1.8648556,7.9554243,29.454294,5.005219,3.1657372,634.9413,421.18674,135.47623,4.0708636357174
O=c1[nH]c2c([N+](=O)[O-])c(C=N[N+](=O)[O-])n([N+](=O)[O-])c2n1[N+](=O)[O-],1.9365493,8.592249,34.78217,5.7092648,3.4942012,612.2538,70.24254,138.78671,4.347908234512296
O=c1c2c(nc([N+](=O)[O-])n1N[N+](=O)[O-])n(C=N[N+](=O)[O-])c(=O)n2[N+](=O)[O-],1.9259413,8.513629,34.07908,5.441345,3.3752644,620.9582,10.371936,136.45944,4.487932883128819
NN=c1c2c([N+](=O)[O-])nn(N)c2nc([N+](=O)[O-])n1N[N+](=O)[O-],1.861707,8.458801,33.098183,5.7174306,3.878871,681.5998,448.8823,146.5555,4.300618052146968
O=[N+]([O-])NC1=NNn2c(O)c([N+](=O)[O-])c([N+](=O)[O-])c2N1,1.9043393,8.441604,33.405804,5.445591,3.545267,652.44617,74.31886,153.62201,4.037693734433527
Nc1nnc2c(n1)c([N+](=O)[O-])c([N+](=O)[O-])c(=O)n2[N+](=O)[O-],1.8849953,8.173256,31.194775,5.392859,3.2515874,602.3295,195.35806,149.00677,3.544820963089512
O=c1n([N+](=O)[O-])c(=NC=N[N+](=O)[O-])c2c([nH]c(=O)n2C=N[N+](=O)[O-])n1C=N[N+](=O)[O-],1.8808246,8.063957,30.20426,4.9223614,3.0770688,628.9359,28.52556,138.95448,5.135333263507421
Nn1nc([N+](=O)[O-])c2c(nnn2[N+](=O)[O-])c1=O,1.8691462,8.407656,32.718563,5.7386804,3.669241,641.40356,330.02768,121.72101,3.9765004279944023
O=[N+]([O-])N=Cc1nn2c([N+](=O)[O-])nc([N+](=O)[O-])c(C=N[N+](=O)[O-])c2c1[N+](=O)[O-],1.8604484,8.342946,32.133427,6.1093373,3.6136827,589.7955,392.02927,177.35927,4.403011702666821
Nc1nn2c([N+](=O)[O-])nc([N+](=O)[O-])c([N+](=O)[O-])c2c1N[N+](=O)[O-],1.8999963,8.519962,33.92987,5.830799,3.6624312,627.59357,270.5796,165.53514,3.7847666960507578
O=[N+]([O-])NN=c1c2nc([N+](=O)[O-])nc(N[N+](=O)[O-])c2nc([N+](=O)[O-])n1N[N+](=O)[O-],1.9173077,8.773511,36.08496,5.92694,3.8297987,646.21,384.57486,133.66568,4.421671315127618
O=c1c([N+](=O)[O-])c([N+](=O)[O-])c2nc([N+](=O)[O-])n([N+](=O)[O-])c2n1C=N[N+](=O)[O-],1.9323593,8.6340065,35.06337,5.9557157,3.5286868,590.5604,119.270966,140.21933,4.240839807991867
O=c1n(N[N+](=O)[O-])c(=NN[N+](=O)[O-])c2c(c([N+](=O)[O-])nn2C=N[N+](=O)[O-])n1C=N[N+](=O)[O-],1.8854403,8.593357,34.234795,5.7739196,3.734153,648.33673,309.78897,155.74677,5.047940203934398
Nn1nnc2c1nc([N+](=O)[O-])n2[N+](=O)[O-],1.8711537,8.744449,35.512825,6.20722,4.190165,676.3884,498.5333,133.87582,4.0477285034193
O=c1c2nc3c(nc2n(N[N+](=O)[O-])c(=O)n1N[N+](=O)[O-])n(N[N+](=O)[O-])c(=O)n3[N+](=O)[O-],1.9365455,8.426976,33.488914,5.164547,3.2288547,627.04175,-10.03201,144.63394,4.4754547354973315
Nn1c(=N[N+](=O)[O-])c2[nH]cnc2n([N+](=O)[O-])c1=O,1.8571204,7.9059567,28.91874,4.8254237,3.123544,649.8845,123.181366,137.35506,4.079720233684222
O=c1nc([N+](=O)[O-])nc2nncc([N+](=O)[O-])n12,1.8453453,7.7543354,27.717964,4.933365,2.8762841,584.5739,169.05157,236.99701,3.5603501938806907
Nc1nn([N+](=O)[O-])c(=O)c2c([N+](=O)[O-])ncn12,1.8341564,7.7730775,27.845901,4.851975,3.0242212,625.0092,98.60916,161.40596,3.7835496587636337
O=[N+]([O-])N=Cc1nc2nc([N+](=O)[O-])nc-2n([N+](=O)[O-])n1,1.8551354,8.385444,32.544785,5.954543,3.661915,614.90076,481.47244,126.20448,4.315087590263232
O=c1[nH]c(=NC=N[N+](=O)[O-])c2c(n1C=N[N+](=O)[O-])n(C=N[N+](=O)[O-])c(=O)n2[N+](=O)[O-],1.8742757,8.041565,30.009068,4.9219584,3.0839653,629.1486,26.294329,146.82411,5.203513455815115
Nn1nc([N+](=O)[O-])c2nc([N+](=O)[O-])cn2c1=O,1.8347875,7.7900767,27.76136,4.9331393,3.0459902,619.7565,125.455444,256.7615,3.6367096587636327
O=[N+]([O-])N=Nc1c([N+](=O)[O-])n(N[N+](=O)[O-])c2nc(=N[N+](=O)[O-])[nH]c([N+](=O)[O-])c12,1.924501,8.8777895,36.868557,6.195865,3.9320085,636.1576,417.3754,136.9546,4.653322097677217
Nn1[nH]c(=NN[N+](=O)[O-])c2nc([N+](=O)[O-])n(C=N[N+](=O)[O-])c(=N[N+](=O)[O-])c21,1.8831474,8.5755625,34.15515,5.819201,3.8828247,669.60626,466.2844,157.21387,4.9629894233764835
NN=c1c2c(ncn2[N+](=O)[O-])[nH]c(=O)n1[N+](=O)[O-],1.8641422,7.887754,28.836002,4.73922,3.0637612,649.8643,116.12628,145.34161,4.222076002914992
O=[N+]([O-])N=Cc1nc2c(nc([N+](=O)[O-])n3nc([N+](=O)[O-])nc23)n1[N+](=O)[O-],1.890512,8.362948,32.668274,5.809619,3.4698973,595.5254,486.913,145.75366,4.326944874079046
Nc1c([N+](=O)[O-])cnc2c1c([N+](=O)[O-])nn2[N+](=O)[O-],1.8695724,8.043711,30.12925,5.492332,3.3025417,602.27313,230.75546,140.67287,3.60475386660144
Nc1nc([N+](=O)[O-])c([N+](=O)[O-])c(=Nc2nc([N+](=O)[O-])nc3c([N+](=O)[O-])nn(N)c23)[nH]1,1.8595834,7.8682985,28.654188,4.9756203,3.0678606,619.17847,344.29977,236.5969,4.244205186584345
Nc1nn([N+](=O)[O-])c2nc3c(=O)n(N)c([N+](=O)[O-])c([N+](=O)[O-])c3n12,1.8820683,7.984958,29.725744,5.00375,3.094122,621.23395,167.06229,155.27689,4.071764672121887
N=c1c2nc(N[N+](=O)[O-])[nH]c2n(N[N+](=O)[O-])c(=O)n1[N+](=O)[O-],1.901912,8.325773,32.443985,5.07158,3.345421,662.36127,83.15408,149.84946,4.275623357186758
Nc1nn([N+](=O)[O-])c2c([N+](=O)[O-])c(C=N[N+](=O)[O-])n([N+](=O)[O-])c(=O)c12,1.880903,8.302057,32.014206,5.632832,3.4316306,610.50543,146.22803,129.51459,4.323609579371908
Nc1c(N[N+](=O)[O-])c([N+](=O)[O-])nc2nnnn12,1.8752981,8.313715,32.14097,5.3730254,3.5948465,671.7255,447.43594,148.88824,3.6452572172920608
Nn1c(=O)n([N+](=O)[O-])c2nc(N[N+](=O)[O-])nc([N+](=O)[O-])c21,1.9101431,8.414302,33.293293,5.340632,3.4304135,643.9304,145.45612,139.20338,3.9574413826699315
N=c1[nH]c(=O)n(N[N+](=O)[O-])c2nc([N+](=O)[O-])[nH]c12,1.8478118,7.6147614,26.796932,4.273377,2.7508678,648.36334,-27.375868,153.68695,4.206377925991915
O=[N+]([O-])c1nnc2c(c1[N+](=O)[O-])OCO2,1.8308289,7.856515,28.246199,5.374482,3.0757797,572.1512,-74.776474,226.11423,3.433971392725118
O=c1n(C=N[N+](=O)[O-])nc2nc([N+](=O)[O-])nc([N+](=O)[O-])n12,1.8875496,8.300383,32.07916,5.3239374,3.2875743,617.8149,193.53375,180.45609,4.192707631421181
O=[N+]([O-])c1nn2cnnc2n1[N+](=O)[O-],1.8392943,8.606334,34.040333,6.3289785,4.0933313,646.0443,494.46933,116.25423,3.8246064966233124
Nc1c2nc(N[N+](=O)[O-])n([N+](=O)[O-])c2nc2c1c([N+](=O)[O-])nn2[N+](=O)[O-],1.9192988,8.392451,33.14562,5.5538836,3.4319928,619.1751,343.39102,145.8864,4.245438185115834
O=c1n([N+](=O)[O-])c(=NC=N[N+](=O)[O-])c2nc(C=N[N+](=O)[O-])n([N+](=O)[O-])c2n1[N+](=O)[O-],1.9118758,8.68157,35.32018,5.9521217,3.7055962,622.46313,301.05255,127.05838,5.0069419976846365
O=c1c([N+](=O)[O-])c(O)[nH]c2cnc([N+](=O)[O-])n12,1.834395,7.2438593,23.964012,4.12994,2.353462,573.311,-248.74109,264.31952,3.655835812609787
O=[N+]([O-])N=CN=c1n(C=N[N+](=O)[O-])c([N+](=O)[O-])nc2nc([N+](=O)[O-])nn12,1.8803967,8.484573,33.39905,5.6721983,3.6229475,638.6027,465.35434,172.6046,4.722213005947177
Nn1c(=N[N+](=O)[O-])c2nc([N+](=O)[O-])[nH]c2n([N+](=O)[O-])c1=NN[N+](=O)[O-],1.9117827,8.798507,36.153564,5.871312,3.9438546,674.0142,379.5969,144.05098,4.653486900512307
Nc1nc2c(nc(N[N+](=O)[O-])n2[N+](=O)[O-])n1[N+](=O)[O-],1.9165692,8.665552,35.227894,5.571603,3.7306805,671.7959,265.8296,140.92365,4.114865558909132
Nc1nn(C=N[N+](=O)[O-])c(=O)n2c([N+](=O)[O-])nc([N+](=O)[O-])c12,1.856821,8.048275,29.897713,5.1173835,3.1955738,625.86346,141.77158,196.20572,4.194675877080655
O=c1[nH][nH]c2c1nc(N[N+](=O)[O-])c1c([N+](=O)[O-])n[nH]c12,1.833085,7.3759117,25.168552,4.4691496,2.6689463,601.2095,149.99118,144.38693,3.843110480706123
Nc1nn2c([N+](=O)[O-])nc([N+](=O)[O-])nc2c1C=N[N+](=O)[O-],1.829336,7.949902,28.95317,5.283678,3.287431,623.3858,326.17996,192.63263,4.027634279772828
NN=c1c2[nH]c(=O)n([N+](=O)[O-])c2nc([N+](=O)[O-])n1N,1.8846971,7.9791517,29.803156,4.633919,3.09744,672.3494,111.67145,162.99367,4.125294481986056
Nn1nc([N+](=O)[O-])c2c(nnn2N[N+](=O)[O-])c1=O,1.8502762,8.363241,32.166645,5.648127,3.7223108,662.3994,362.96622,133.28896,4.038066387530376
O=c1c2nc3[nH]c([N+](=O)[O-])nc3nc2nc([N+](=O)[O-])n1N[N+](=O)[O-],1.8761573,7.8597145,28.83817,4.871105,2.8737607,591.8178,190.55768,138.12422,4.047239431208953
O=[N+]([O-])c1nn2cnnc2n2c([N+](=O)[O-])nnc12,1.8495654,8.116702,30.400867,5.7427692,3.4670215,603.4983,630.8794,247.43773,3.7259428106072985
O=c1n([N+](=O)[O-])c2cc([N+](=O)[O-])c(N[N+](=O)[O-])nc2n1[N+](=O)[O-],1.9212894,8.486639,33.845333,5.691082,3.432901,602.5705,67.272125,125.7327,3.860678234512294
O=[N+]([O-])Nc1nc2nn[nH]c2c(N[N+](=O)[O-])c1[N+](=O)[O-],1.8524764,8.306843,31.84005,5.653789,3.6256337,642.0586,378.31015,130.00462,3.922290154365797
Nc1c([N+](=O)[O-])n([N+](=O)[O-])c2nc([N+](=O)[O-])c(N=Nc3cc([N+](=O)[O-])c([N+](=O)[O-])cc3[N+](=O)[O-])n12,1.8613052,8.172599,30.924986,5.8262787,3.419377,587.22046,359.56284,146.17992,3.9959051999130732
O=c1c2c(nc([N+](=O)[O-])n2C=N[N+](=O)[O-])c(C=N[N+](=O)[O-])c([N+](=O)[O-])n1[N+](=O)[O-],1.8932577,8.381392,32.793518,5.8070116,3.4479558,592.69586,169.33768,138.49742,4.613837593586004
O=c1[nH]cnc2oc([N+](=O)[O-])c([N+](=O)[O-])c12,1.8102651,7.2286825,23.733269,4.4801226,2.4181986,542.65015,-189.65001,254.31775,3.3498171694449335
[N-]=[N+]=Nn1c(=O)[nH]c2nc([N+](=O)[O-])n(N)c2c1=N[N+](=O)[O-],1.8505422,8.10338,30.22427,5.145446,3.3445208,652.674,426.69138,162.1276,4.27540873032228
Nc1c([N+](=O)[O-])nc2nc(N[N+](=O)[O-])c([N+](=O)[O-])n2c1[N+](=O)[O-],1.8942981,8.426842,33.168213,5.621494,3.5235484,627.614,202.65997,128.70294,3.7969259268199878
O=[N+]([O-])c1nc2c3nc([N+](=O)[O-])n([N+](=O)[O-])c3ncn2n1,1.8790203,8.133899,30.90603,5.5624156,3.2778547,588.60583,429.73837,132.136,3.8117974665860155
Nc1nc2nnc([N+](=O)[O-])c([N+](=O)[O-])n2n1,1.8271815,8.117157,30.162548,5.428255,3.4804356,642.87134,415.7377,229.61443,3.4077359529869717
O=[N+]([O-])N=Cc1nc2n([N+](=O)[O-])nc([N+](=O)[O-])n2c1[N+](=O)[O-],1.9004222,8.813821,36.21364,6.391643,3.9730952,620.41144,407.3832,137.02399,4.388409829335298
O=[N+]([O-])N=Cn1c([N+](=O)[O-])nc2c([N+](=O)[O-])nc([N+](=O)[O-])nc2c1=NN[N+](=O)[O-],1.9082781,8.574694,34.4597,5.880075,3.6268342,616.13086,396.73856,154.62602,4.540793193249497
O=[N+]([O-])NN=c1[nH]c([N+](=O)[O-])nc2n[nH]nc12,1.8469249,8.139809,30.576511,5.2785077,3.4750416,661.66626,404.8912,151.74496,4.249467891169525
Nn1c(=O)n([N+](=O)[O-])c(=N[N+](=O)[O-])c2nc3nc([N+](=O)[O-])n([N+](=O)[O-])c3nc21,1.9419705,8.5217705,34.376526,5.554725,3.4117432,614.7132,314.3209,129.05582,4.372800891856009
NN=c1c2nc([N+](=O)[O-])n(O)c2n(C=N[N+](=O)[O-])c(=O)n1[N+](=O)[O-],1.902915,8.37063,32.802925,5.3579535,3.439822,644.542,132.16748,140.34555,4.6203646721218865
Nc1n[nH]c2c(=O)n([N+](=O)[O-])nnc12,1.8097339,7.5908523,26.43822,4.6284356,2.9882855,648.65436,224.09268,153.53316,3.727606901481611
Nc1c([N+](=O)[O-])[nH]c(=O)n2c(N)c([N+](=O)[O-])nc12,1.8524812,7.2032194,23.856102,3.6861138,2.3090796,631.593,-159.57439,307.01584,3.738509697677676
NC1=C(N[N+](=O)[O-])C(=C2N=NN=N2)C(=O)N1[N+](=O)[O-],1.8822685,8.217145,31.510382,5.2817173,3.412816,648.909,346.73703,151.09789,4.330457993298273
Nn1c([N+](=O)[O-])nc2nn([N+](=O)[O-])cc2c1=O,1.8406614,7.8640027,28.47297,5.0882998,3.1490772,621.0072,145.79834,152.76393,3.8042819664559406
O=c1nc2n(N[N+](=O)[O-])c([N+](=O)[O-])nn2cc1[N+](=O)[O-],1.8794351,8.297859,31.91205,5.5068746,3.3862388,617.2503,145.29712,130.20776,3.935749467379826
Nn1nc([N+](=O)[O-])c2c(c([N+](=O)[O-])nn2N)c1=O,1.8464026,8.049556,29.80255,5.300344,3.4067786,645.8382,238.61423,255.96388,3.8950920217365947
Nc1cc2c(nc1[N+](=O)[O-])nc([N+](=O)[O-])n2N[N+](=O)[O-],1.8019615,7.807734,27.708225,5.259995,3.2602162,621.9774,211.61575,130.50888,3.886276898439333
O=[N+]([O-])Nn1cnc2c([N+](=O)[O-])nc([N+](=O)[O-])nc21,1.8619465,8.256608,31.61772,5.671255,3.5074592,618.8167,306.78046,135.14757,3.760281522710037
Nn1c(=O)n([N+](=O)[O-])c(=O)c2nc[nH]c21,1.8009523,7.124992,23.198164,3.8906112,2.437124,629.2134,-98.10315,159.00401,3.746096964957763
Nc1c([N+](=O)[O-])n(N[N+](=O)[O-])c2c(=NN[N+](=O)[O-])n([N+](=O)[O-])c([N+](=O)[O-])nc12,1.915109,8.816414,36.34557,6.0701776,3.950242,653.30536,324.46686,136.45352,4.496438946137899
Nc1nc2c(c(=N[N+](=O)[O-])n1N[N+](=O)[O-])n(N[N+](=O)[O-])c(=O)n2N[N+](=O)[O-],1.8985995,8.651048,34.820034,5.511292,3.7546353,684.2595,178.59018,147.53316,4.6066306205595815
Nc1nc2c(nc(N[N+](=O)[O-])n3c(N[N+](=O)[O-])c([N+](=O)[O-])nc23)c2nnc=2n1[N+](=O)[O-],1.8577849,7.96897,29.468035,5.1653056,3.1877544,617.4412,468.68826,152.18839,4.480041615690309
O=[N+]([O-])N=Cn1nc2c([N+](=O)[O-])c([N+](=O)[O-])n3nnc(N[N+](=O)[O-])c3c2n1,1.8838897,8.478695,33.46917,6.090049,3.7290134,611.33954,629.0938,144.24039,4.431609839604091
O=[N+]([O-])Nc1c([N+](=O)[O-])nc2ncnn2c1[N+](=O)[O-],1.8472697,8.244547,31.312084,5.7394156,3.5429862,618.3799,356.71768,119.87761,3.5578208892258747
O=[N+]([O-])Nc1n[nH]c2c1[N+]1([O-])CC(=NN2)N=[N+](O)c2cccc([N+](=O)[O-])c2N1N[N+](=O)[O-],1.7622862,7.5466833,25.599426,5.253036,3.3100164,632.4198,421.83853,162.3629,5.9364603268432194
Nc1nc2c(nc1[N+](=O)[O-])oc1c2c(=NC=N[N+](=O)[O-])[nH]c(=O)n1[N+](=O)[O-],1.8542087,7.511359,26.143852,4.4255342,2.613085,592.46277,-9.679456,172.59447,4.660397616211045
O=c1[nH]nc(C=N[N+](=O)[O-])c2nc([N+](=O)[O-])nn12,1.8642205,7.9396214,29.17374,4.958777,3.0670786,620.9791,237.86978,185.75162,3.919816995850627
O=[N+]([O-])N=Cc1nc2c(c([N+](=O)[O-])nn2C=N[N+](=O)[O-])c([N+](=O)[O-])c1[N+](=O)[O-],1.8580917,8.321406,31.935951,6.0637097,3.5776234,589.11414,376.10623,188.47852,4.4078971496522685
Nc1cnc2n(N[N+](=O)[O-])c([N+](=O)[O-])c([N+](=O)[O-])n2c1=O,1.8218547,7.8764577,28.334112,5.135116,3.1841846,623.1554,50.276752,140.23972,3.871499564488113
O=[N+]([O-])c1cc2c(nc([N+](=O)[O-])n3nnnc23)o1,1.823716,7.653429,26.68291,5.337523,2.9562967,554.8572,329.04803,262.02167,3.4995831182996078
O=c1n(C=N[N+](=O)[O-])c2nc([N+](=O)[O-])nc([N+](=O)[O-])c2n1[N+](=O)[O-],1.9175273,8.461602,33.67488,5.5728965,3.3681417,603.6975,131.7254,120.302444,4.259395441352656
Nn1nnc2c([N+](=O)[O-])c([N+](=O)[O-])nn2c1=O,1.8984076,8.436938,33.198017,5.5412054,3.5460484,641.8741,302.118,248.89964,3.5431988895328637
Nn1c(N[N+](=O)[O-])nc2c(c([N+](=O)[O-])nn2[N+](=O)[O-])c1=O,1.9088421,8.480499,33.69789,5.4950485,3.5322423,645.1764,169.05496,138.79944,3.9016313127398616
Nc1c([N+](=O)[O-])c([N+](=O)[O-])nc2c1c([N+](=O)[O-])nn2C=N[N+](=O)[O-],1.8708519,8.186585,31.090866,5.5818987,3.3853586,607.17645,266.11545,202.80368,4.143329507286722
O=[N+]([O-])N=Cc1c([N+](=O)[O-])nc2n([N+](=O)[O-])nc([N+](=O)[O-])n12,1.903562,8.817188,36.274452,6.3676066,3.9570737,620.67505,405.5092,131.50122,4.361051739149622
O=[N+]([O-])N=Cn1nc([N+](=O)[O-])c2[nH]nnc2c1=N[N+](=O)[O-],1.8614469,8.483894,33.24388,5.9770265,3.8288052,640.0927,545.11285,149.89893,4.527568316788444
O=c1n(N[N+](=O)[O-])c(=N[N+](=O)[O-])c2nc([N+](=O)[O-])n(N[N+](=O)[O-])c2n1N[N+](=O)[O-],1.9547008,9.102273,38.986816,6.091072,4.0353646,664.3637,243.73135,138.35803,4.656695083464545
O=C(N=c1c2c([N+](=O)[O-])nc(C=N[N+](=O)[O-])nc2[nH]c(=O)n1C=N[N+](=O)[O-])N[N+](=O)[O-],1.8313488,7.724936,27.313738,4.6854467,2.8631945,614.2053,-2.812711,166.21964,4.590767095632055
Nc1nc([N+](=O)[O-])c2[nH]c(=O)n(N[N+](=O)[O-])c2n1,1.8267584,7.5368257,26.095919,4.2168,2.7158914,648.4601,-34.092358,153.29417,3.670704849068838
Nc1c([N+](=O)[O-])c2nnnn2c2c([N+](=O)[O-])nnnc12,1.8577486,7.934638,29.206207,5.4379277,3.2759979,603.2959,633.64404,242.40378,3.6044959352515775
Nc1nc2nc([N+](=O)[O-])n([N+](=O)[O-])c2c(=NN[N+](=O)[O-])n1[N+](=O)[O-],1.8969908,8.676186,35.003464,5.815083,3.8003938,655.81305,330.1427,138.08517,4.439558078715294
O=[N+]([O-])c1cnn2c([N+](=O)[O-])c([N+](=O)[O-])nc2c1[N+](=O)[O-],1.8968278,8.484928,33.605293,6.211691,3.5880246,574.8969,275.45636,228.68396,3.3872945295230794
Nn1c([N+](=O)[O-])c(N[N+](=O)[O-])c2nonc21,1.8673308,8.647337,34.718655,6.4126797,4.1840754,653.325,423.03073,143.09525,3.7940855057597807
O=[N+]([O-])N=Cc1c(O[N+](=O)[O-])c([N+](=O)[O-])c([N+](=O)[O-])n2nnnc12,1.887037,8.667054,34.83925,6.4230046,3.8628583,599.15155,401.00302,117.78758,4.098213813605403
N=c1c2nc([N+](=O)[O-])c([N+](=O)[O-])n2n(N)c(=O)n1N[N+](=O)[O-],1.8787923,8.411554,32.89681,5.464425,3.6019804,660.84644,183.3157,151.30656,4.212806757996473
NN=c1c2c(nnn2[N+](=O)[O-])nc([N+](=O)[O-])n1N[N+](=O)[O-],1.8958675,8.810402,36.130527,6.104429,4.1023226,674.10223,552.98517,138.19124,4.428500213838764
O=c1n(C=N[N+](=O)[O-])c(=O)n2c(N[N+](=O)[O-])c([N+](=O)[O-])nc2n1[N+](=O)[O-],1.9277846,8.458097,33.666424,5.2319574,3.2717087,626.2374,-53.271366,129.86879,4.4351179510021215
O=c1c2c(c(C=N[N+](=O)[O-])nn2[N+](=O)[O-])n(C=N[N+](=O)[O-])c(=O)n1[N+](=O)[O-],1.9075288,8.389991,32.92263,5.508871,3.3530085,608.98706,98.90201,148.14113,4.786698876247556
O=[N+]([O-])c1nc([N+](=O)[O-])n2cnc([N+](=O)[O-])c2n1,1.8740739,8.18052,31.060112,5.558447,3.2875435,591.0121,237.91968,249.41742,3.4928106182996057
O=[N+]([O-])N=Cn1nnc2c([N+](=O)[O-])nnc([N+](=O)[O-])c21,1.8654557,8.520338,33.61466,6.2561502,3.8548074,614.3437,578.0251,175.50029,4.2009286159042585
N=c1c2ncn([N+](=O)[O-])c2n([N+](=O)[O-])c(=O)n1N,1.8532518,7.9263,29.085455,4.9335847,3.1917756,649.65564,133.74167,137.02531,4.24646616248946
Nc1c(N[N+](=O)[O-])nc([N+](=O)[O-])c2nonc12,1.8440279,8.147269,30.674192,5.7171392,3.5702085,625.83636,332.15796,144.4612,3.6774856453857065
Nc1nc([N+](=O)[O-])c2c([N+](=O)[O-])nn(N)c(=O)c2n1,1.798731,7.4305615,25.06696,4.5165153,2.7954636,622.7975,100.3808,225.58554,3.5822870973706715
O=c1c2c(nnn1[N+](=O)[O-])c([N+](=O)[O-])c([N+](=O)[O-])n2C=N[N+](=O)[O-],1.9219759,8.677513,35.415512,6.0911045,3.6773875,601.93256,291.18326,146.19713,4.261103133660349
Nc1nc([N+](=O)[O-])n(N[N+](=O)[O-])c(=O)c1N[N+](=O)[O-],1.8835347,8.474042,33.336563,5.3159184,3.5809786,676.1422,-14.085553,141.34215,3.8816712355182377
C=C1N=C(N)N2C(=N1)N([N+](=O)[O-])C([N+](=O)[O-])=C2[N+](=O)[O-],1.7661351,7.798313,27.285873,5.3476577,3.395674,637.8933,211.99966,128.26651,4.5638166829654025
O=c1c2nc(C=N[N+](=O)[O-])[nH]c2n(C=N[N+](=O)[O-])c(=O)n1[N+](=O)[O-],1.8649096,7.8520794,28.563269,4.8051424,2.907256,607.2246,-14.607068,155.61879,4.657027275143864
N=c1c2c(cnn3c([N+](=O)[O-])c([N+](=O)[O-])nc23)n([N+](=O)[O-])c(=O)n1N[N+](=O)[O-],1.8918295,8.166677,31.166212,5.388087,3.240169,601.5389,215.9779,148.1571,4.205679686034804
O=[N+]([O-])N=Cc1nc([N+](=O)[O-])nn2nc([N+](=O)[O-])nc12,1.8640535,8.394933,32.63876,5.8919744,3.6274161,615.17346,473.52243,173.89,4.143702974878616
O=c1cc(O)[nH]c(=O)n1N[N+](=O)[O-],1.7680272,6.942479,21.546898,3.4773567,2.1902504,636.233,-452.446,154.45073,3.599847442316518
N=c1[nH]c(Oc2c([N+](=O)[O-])c([N+](=O)[O-])c3nc([N+](=O)[O-])n([N+](=O)[O-])c3c2[N+](=O)[O-])nc2c1n(C=N[N+](=O)[O-])c(=O)n2[N+](=O)[O-],1.9053159,8.204671,31.539333,5.366959,3.1285849,583.99457,41.935352,145.62498,4.8630209250536325
Nn1nc([N+](=O)[O-])c2nnn([N+](=O)[O-])c2c1=O,1.8978087,8.498243,33.835728,5.740333,3.6755247,641.4157,326.6936,142.7239,3.9765004279944023
Nn1nc([N+](=O)[O-])c2nc([N+](=O)[O-])nc(N[N+](=O)[O-])c21,1.8749739,8.419576,33.041775,5.7227325,3.6993368,647.62396,380.6959,139.63153,3.9167488868283025
O=[N+]([O-])N=Cc1nc2c3nc([N+](=O)[O-])c([N+](=O)[O-])nc3nc([N+](=O)[O-])n2c1[N+](=O)[O-],1.8838946,8.167936,31.098915,5.67354,3.2325602,568.05035,384.0024,193.31337,4.2529178788920365
Nc1nc2c(=NN[N+](=O)[O-])n([N+](=O)[O-])c(=O)n(N[N+](=O)[O-])c2[nH]1,1.8873485,8.292818,32.022507,5.0192957,3.385277,678.0323,115.27536,148.78398,4.405467641826293
Nc1nc2c(=O)n(N[N+](=O)[O-])c(=O)nc-2n(C=N[N+](=O)[O-])c1[N+](=O)[O-],1.8724892,7.843891,28.559624,4.639433,2.87213,621.31805,-36.100048,155.83974,4.255709977435384
Nn1c(=O)[nH]c(=NN=[N+]([O-])[N+](=O)[O-])c2nc([N+](=O)[O-])[nH]c21,1.8823478,8.117008,30.585833,4.846887,3.1850808,661.2369,157.6716,169.06557,4.627343345706896
Nc1oc2c(c([N+](=O)[O-])c([N+](=O)[O-])n2[N+](=O)[O-])c(=O)c1C=N[N+](=O)[O-],1.8536667,7.969249,29.238064,5.3860807,3.1111875,577.77,-114.00113,155.59749,4.251383780555341
Nc1c([N+](=O)[O-])[nH]c2nc(N)n([N+](=O)[O-])c(=O)c12,1.840282,7.270034,24.456274,3.8630779,2.4435277,636.5286,-117.00654,199.92577,3.9062131346662197
Nc1nnc2c([N+](=O)[O-])nc([N+](=O)[O-])c(N[N+](=O)[O-])n12,1.8566993,8.329457,32.103664,5.581474,3.6118424,648.1786,354.49014,136.46681,3.67088821919405
O=[N+]([O-])N=Cc1nc([N+](=O)[O-])c2nnnn2c1[N+](=O)[O-],1.8746485,8.526915,33.666344,6.252731,3.8215878,610.28986,572.343,185.00844,3.9990927184683613
O=C(N=c1nc([N+](=O)[O-])c2c([nH]1)n([N+](=O)[O-])c(=O)n2C=N[N+](=O)[O-])NN[N+](=O)[O-],1.8854226,8.154406,30.905655,4.888915,3.1167612,639.72345,-42.379696,171.73276,4.801239347095651
Nn1c(=O)n(N[N+](=O)[O-])c2c(=NN[N+](=O)[O-])[nH]c(=O)n([N+](=O)[O-])c21,1.9270096,8.452838,33.604305,5.032787,3.3906522,677.66266,3.0817745,154.22774,4.635760276517491
NN=c1c2c(nc(C=N[N+](=O)[O-])n1[N+](=O)[O-])c(N[N+](=O)[O-])c([N+](=O)[O-])n2[N+](=O)[O-],1.8864965,8.662307,34.883034,6.1606092,3.932963,638.82623,429.9056,137.65813,4.655940832452399
Nn1c(=O)[nH]c2c(=O)n(N[N+](=O)[O-])c(=O)n(N)c21,1.826326,7.318542,24.608772,3.7553284,2.5167642,675.2173,-228.40492,167.03851,3.920430483275057
Nn1nnc2c([N+](=O)[O-])nn([N+](=O)[O-])c21,1.8713342,8.834541,36.18656,6.417644,4.339606,676.85046,541.38513,149.36528,4.096148503419302
N=c1c2c(nc(N[N+](=O)[O-])n1[N+](=O)[O-])n(C=N[N+](=O)[O-])c(=O)n2[N+](=O)[O-],1.9262412,8.512712,34.096443,5.3987856,3.444146,639.5479,139.25568,140.13594,4.608038086748728
Nn1nc([N+](=O)[O-])nc2c(=O)n(C=N[N+](=O)[O-])c(=O)nc1-2,1.8547598,7.681509,27.270935,4.4788814,2.7696602,621.22394,53.353153,178.4378,4.179786202849751
O=[N+]([O-])Nc1nc2nnc([N+](=O)[O-])n2cc1[N+](=O)[O-],1.856848,8.32087,31.992687,5.8067603,3.6070294,620.9604,361.22482,118.91998,3.6117150068729336
O=[N+]([O-])N=Cn1nc([N+](=O)[O-])c2c1nc([N+](=O)[O-])n1c([N+](=O)[O-])c([N+](=O)[O-])nc21,1.8981129,8.401658,32.971603,5.8380346,3.4403894,588.40704,378.1711,194.93314,4.284882104338408
O=c1c2nc(C=N[N+](=O)[O-])c(C=N[N+](=O)[O-])nc2c([N+](=O)[O-])c(O)n1[N+](=O)[O-],1.8596793,7.8906994,28.783499,5.22526,3.0098593,575.99005,18.641527,165.63281,4.503130621585741
O=c1[nH]c2c(=O)n3c([N+](=O)[O-])c(C=N[N+](=O)[O-])n(N[N+](=O)[O-])c3nc2n1[N+](=O)[O-],1.9148042,8.151002,31.191374,5.0297527,3.0418947,607.0785,-3.1977513,148.23376,4.426328657784962
Nc1nc2nc([N+](=O)[O-])c([N+](=O)[O-])c(N)n2c1[N+](=O)[O-],1.8780947,7.898657,29.006172,4.8467665,3.0217316,626.51117,103.14557,244.73146,3.61617526284706
Nn1c(=O)n([N+](=O)[O-])c2[nH]c(=O)[nH]c(=O)c21,1.8573195,7.092129,23.38366,3.288703,2.0795705,636.965,-352.31577,174.6165,3.595995728095585
Nc1oc2c(cc([N+](=O)[O-])n2N[N+](=O)[O-])c1[N+](=O)[O-],1.8239434,7.9439874,28.80395,5.4248314,3.3101482,612.12494,-15.474988,139.5175,4.007383405062979
O=[N+]([O-])Nc1c([N+](=O)[O-])ncn1N[N+](=O)[O-],1.8425665,8.832293,35.7384,6.370545,4.35975,685.9876,247.37805,136.8232,3.776823200623057
O=c1n([N+](=O)[O-])c(=NC=N[N+](=O)[O-])c2ncnc([N+](=O)[O-])c2n1C=N[N+](=O)[O-],1.8578339,8.043125,29.946987,5.296943,3.2066681,606.0682,238.20993,138.77124,4.702989698508816
Nc1nc2c(=O)n(N)nc([N+](=O)[O-])n2c1[N+](=O)[O-],1.839562,7.8129597,28.041304,4.7687716,3.0608706,645.5541,120.80786,243.22331,3.779131956270147
O=c1c([N+](=O)[O-])n[nH]c2cnc([N+](=O)[O-])n12,1.817675,7.6663465,26.787056,4.983224,2.9283288,589.82227,102.968414,250.07387,3.4989402463680097
Nc1c(N[N+](=O)[O-])nc([N+](=O)[O-])n2c([N+](=O)[O-])nnc12,1.8788984,8.355805,32.53265,5.5157824,3.5645192,647.25256,313.34143,150.33481,3.799735824419014
O=[N+]([O-])N=Cc1nc2n([N+](=O)[O-])c([N+](=O)[O-])c([N+](=O)[O-])n2n1,1.8937865,8.82531,36.27331,6.4778786,4.022843,619.93134,436.56827,138.205,4.309262349229198
COc1nc2c(c([N+](=O)[O-])c([N+](=O)[O-])n2[N+](=O)[O-])c(=O)[nH]1,1.7972322,7.561542,25.874777,4.8138614,2.8600156,597.2701,-225.78822,145.80882,3.5985314526000014
O=c1[nH]c(=NN[N+](=O)[O-])c2nc(N[N+](=O)[O-])nc(N[N+](=O)[O-])c2n1[N+](=O)[O-],1.9216377,8.469613,33.7243,5.2293286,3.4021623,652.91046,139.34946,142.03197,4.440435577222637
O=c1n(N[N+](=O)[O-])c2nc(N[N+](=O)[O-])nc(N[N+](=O)[O-])c2n1[N+](=O)[O-],1.9214382,8.691571,35.459522,5.578431,3.6511505,655.90497,143.91708,138.25618,4.19625333407874
Nc1c([N+](=O)[O-])c2c(=O)nc(N[N+](=O)[O-])[nH]c2n1[N+](=O)[O-],1.8812124,7.959198,29.479277,4.8012657,3.0169034,631.28375,-33.912548,165.36517,3.759348235816786
Nc1nc2n[nH]nc2c(=NN[N+](=O)[O-])n1[N+](=O)[O-],1.8665578,8.213856,31.28494,5.145807,3.5112584,686.4953,419.30606,154.19765,4.27852845581923
Nn1c2cc([N+](=O)[O-])n([N+](=O)[O-])c(=O)c2n2c([N+](=O)[O-])nnc12,1.8539591,8.006627,29.619875,5.4270005,3.268253,602.86945,240.73172,141.14217,4.024982143717844
Nc1nc2c([N+](=O)[O-])c([N+](=O)[O-])nnc2n1N[N+](=O)[O-],1.8677713,8.382822,32.63383,5.688331,3.6586626,644.5974,363.80594,150.67804,3.8017422104857763
Nc1c([N+](=O)[O-])c([N+](=O)[O-])nc2c(N[N+](=O)[O-])nc([N+](=O)[O-])nc12,1.8854128,8.172729,31.240463,5.3717484,3.2742667,609.9685,182.26831,135.9353,3.7310877490449634
Nc1nc([N+](=O)[O-])c2[nH][nH]c(=NN[N+](=O)[O-])c2n1,1.7848382,7.615598,26.314758,4.742616,3.15871,668.4945,278.2551,170.70074,4.233836462098665
N=c1c2c(nc([N+](=O)[O-])n2[N+](=O)[O-])n(N[N+](=O)[O-])c(=O)n1N[N+](=O)[O-],1.92572,8.766561,36.0871,5.719257,3.742202,656.2329,159.58047,138.66164,4.459180466945872
Nc1nc([N+](=O)[O-])nc2c(=NN[N+](=O)[O-])n(N[N+](=O)[O-])c(=O)[nH]c12,1.8792404,8.00184,29.78727,4.734683,3.0839462,654.96484,92.86713,159.47359,4.2225955443746335
O=[N+]([O-])Nn1c([N+](=O)[O-])nc2c1cnn1c([N+](=O)[O-])c([N+](=O)[O-])nc21,1.8678727,8.291984,31.918459,5.9095354,3.5276482,595.96747,422.3846,128.4677,3.9936702947300295
Nc1nc([N+](=O)[O-])c([N+](=O)[O-])c2c(N)n([N+](=O)[O-])nc12,1.845271,7.954081,29.14275,5.1889377,3.251815,629.22754,189.54697,192.58076,3.705331180006822
O=[N+]([O-])N=Cn1nc([N+](=O)[O-])c2c([N+](=O)[O-])nc([N+](=O)[O-])nc21,1.8823779,8.42802,32.992363,5.889841,3.549898,601.69226,346.4349,189.18707,4.154722875117592
Nn1c(=O)n([N+](=O)[O-])c2c(N[N+](=O)[O-])nn([N+](=O)[O-])c21,1.9478755,8.910736,37.47787,5.838114,3.9014513,670.0976,217.73697,144.72504,4.294381180006822
O=[N+]([O-])c1cnn2c([N+](=O)[O-])nnc2n1,1.8364094,8.156837,30.588158,5.8007216,3.5188596,606.6643,448.2001,260.46472,3.433762011862078
O=c1c([N+](=O)[O-])c(C=N[N+](=O)[O-])n(C=N[N+](=O)[O-])c2c([N+](=O)[O-])nnn12,1.889195,8.373362,32.583874,5.748554,3.4718492,603.6532,302.14145,178.51973,4.426100392473694
O=c1n(C=N[N+](=O)[O-])c(=NC=N[N+](=O)[O-])c2c(nc(N[N+](=O)[O-])n2[N+](=O)[O-])n1[N+](=O)[O-],1.9130638,8.632775,34.901268,5.6866374,3.628601,638.99225,246.51724,137.92319,4.981210833058308
Nc1nc(O)c2c(n1)c(=NN[N+](=O)[O-])n([N+](=O)[O-])c(=O)n2N,1.8391901,7.599952,26.605446,4.2760034,2.8121898,660.68964,-44.23086,154.36606,4.1995220309268095
O=c1c2c(ncn2[N+](=O)[O-])nc([N+](=O)[O-])n1N[N+](=O)[O-],1.87967,8.304908,32.040577,5.5244946,3.402935,616.2677,143.60086,131.20381,4.097143371588825
O=[N+]([O-])N=Cc1nc2c([N+](=O)[O-])nn(C=N[N+](=O)[O-])c2c([N+](=O)[O-])c1[N+](=O)[O-],1.8617467,8.352414,32.249397,6.115665,3.6064,588.6805,389.2659,187.24483,4.425444342999461
Nc1n[nH]c(=O)n2nc([N+](=O)[O-])c(N)c12,1.7989452,7.034011,22.466436,3.673438,2.4221523,662.1385,62.214756,313.5535,3.4492631188039162
Nc1nc([N+](=O)[O-])nc2[nH]c([N+](=O)[O-])nc12,1.81305,7.371077,24.859758,4.228714,2.6230466,624.06256,92.24655,267.80554,3.4934726256166684
Nc1nn([N+](=O)[O-])n2c(=O)n([N+](=O)[O-])c(=O)c(C=N[N+](=O)[O-])c12,1.8816717,8.1509495,30.867708,5.16015,3.2011478,622.477,18.081148,146.27792,4.472011311435372
O=[N+]([O-])c1cc([N+](=O)[O-])c([N+](=O)[N+](=O)[O-])c([N+](=O)[O-])c1,1.82724,8.339154,31.773144,6.4174943,3.7133439,575.38184,44.55965,122.5226,3.1288262026312568
Nc1c(C=N[N+](=O)[O-])c([N+](=O)[O-])c2nnc3n(nc([N+](=O)[O-])n23)c1[N+](=O)[O-],1.8726387,8.202897,31.16358,5.6344113,3.4280784,608.96533,435.15652,191.21947,5.109644044764816
O=[N+]([O-])N=Cn1nc2nnc([N+](=O)[O-])c([N+](=O)[O-])c2c1[N+](=O)[O-],1.8742963,8.5647545,34.004883,6.386452,3.8188632,596.1562,494.3364,191.18083,4.157162976000316
O=[N+]([O-])N=Cc1c([N+](=O)[O-])nnc2nc([N+](=O)[O-])[nH]c12,1.8400695,8.019598,29.594599,5.5650644,3.3273726,597.6212,363.12918,178.50812,4.166238872314515
Nn1c(=O)c([N+](=O)[O-])nn2nc(N[N+](=O)[O-])nc12,1.8863041,8.34948,32.599915,5.2647834,3.5017376,667.316,275.5225,140.14235,3.941016387530377
N=c1c2c(nc([N+](=O)[O-])n1N[N+](=O)[O-])c(=N[N+](=O)[O-])n(N)c(=O)n2[N+](=O)[O-],1.9298952,8.640376,35.13983,5.581341,3.6414812,654.7949,215.60733,132.92328,4.516140906892966
O=c1[nH]c2c(c(=NC=N[N+](=O)[O-])n(C=N[N+](=O)[O-])c(=O)n2[N+](=O)[O-])n1C=N[N+](=O)[O-],1.8839988,8.074079,30.311777,4.892221,3.0748372,631.1405,26.618242,162.93997,5.135333263507421
Nc1nc([N+](=O)[O-])c(N)n2nc([N+](=O)[O-])nc12,1.8342288,7.6222715,26.696695,4.4675183,2.89075,650.9295,182.35428,284.36032,3.5275650433790187
Nn1c(=O)[nH]c2[nH]c([N+](=O)[O-])nc2c1=N[N+](=O)[O-],1.8773183,7.8242946,28.479658,4.4522533,2.894896,654.80505,30.48105,154.24605,4.095438502914993
Nc1c([N+](=O)[O-])c2nc3cn([N+](=O)[O-])c([N+](=O)[O-])c3nc2n1[N+](=O)[O-],1.8854433,8.077148,30.492771,5.5360746,3.235451,583.727,274.921,157.38991,4.036789697715104
O=c1ncn2c([N+](=O)[O-])nnc2[nH]1,1.7948955,7.159043,23.182812,3.9882588,2.439567,615.3707,86.25522,275.80807,3.666132057701134
Nc1c([N+](=O)[O-])c([N+](=O)[O-])nc2[nH]nnc12,1.8283299,7.701889,27.221643,4.9042363,3.0441704,623.41846,260.1085,239.5338,3.672915559427044
N=c1c2c(N)n([N+](=O)[O-])nc2n(C=N[N+](=O)[O-])c(=O)n1[N+](=O)[O-],1.8848907,8.116462,30.722277,4.9761024,3.206529,647.2169,125.34503,155.01517,4.641968234512296
O=c1c2nc3nc(C=N[N+](=O)[O-])c([N+](=O)[O-])c([N+](=O)[O-])n3c2nc(C=N[N+](=O)[O-])n1[N+](=O)[O-],1.8848132,8.121506,30.742674,5.5122175,3.1783223,576.49164,299.58875,162.56825,4.526910101342176
O=c1[nH]c(=O)n(O)c2c1c(C=N[N+](=O)[O-])nn2[N+](=O)[O-],1.8702542,7.7925353,28.12529,4.7119517,2.8467977,608.502,-122.52759,147.85889,4.2052217460445585
N=c1c2c(N)nn(N[N+](=O)[O-])c2nc([N+](=O)[O-])n1N[N+](=O)[O-],1.8451401,8.228796,31.161787,5.3031883,3.589893,680.9885,321.6708,143.16103,4.348160492465272
Nn1c([N+](=O)[O-])c([N+](=O)[O-])c2nnnn2c1=O,1.9086164,8.454569,33.354473,5.539083,3.5243785,638.8651,300.18185,233.33559,3.4106481203020946
O=c1[nH]c2c(nnc3ncc([N+](=O)[O-])n32)n1N[N+](=O)[O-],1.8483775,7.6964107,27.41399,4.761561,2.9032934,612.7716,253.77786,154.31447,3.8977725786082207
O=c1c2[nH]c(C=N[N+](=O)[O-])nc2n(C=N[N+](=O)[O-])c(=O)n1[N+](=O)[O-],1.8608013,7.8335357,28.399738,4.793413,2.9012096,606.80975,-21.225218,154.06052,4.556666457836172
N=c1c2[nH]c(=O)n([N+](=O)[O-])c2nc(N)n1[N+](=O)[O-],1.9048632,7.7750235,28.509758,4.154562,2.7057772,655.36053,-44.181896,165.02692,4.126434738594206
O=[N+]([O-])NC1=C([N+](=O)[O-])C(=c2[nH]nc([N+](=O)[O-])c2=C2N=NN=N2)C=C([N+](=O)[O-])N1,1.8610928,8.033818,29.949844,5.519865,3.338458,606.291,540.0406,161.56459,4.552333665435539
O=c1cc(O)c2[nH]nc([N+](=O)[O-])c2o1,1.7740769,6.5260572,19.020418,3.4886432,1.853222,535.2584,-398.31757,302.00854,3.1960785614006406
NC1=C([N+](=O)[O-])N(N[N+](=O)[O-])C(N[N+](=O)[O-])=NC1=C1N=NN=N1,1.868651,8.5204735,33.65468,5.7773604,3.896394,676.42847,586.5589,141.85353,4.597309251882022
N=c1c2c(N)n[nH]c2n(N[N+](=O)[O-])c(=O)n1N[N+](=O)[O-],1.8208622,7.7682357,27.626417,4.5445266,3.1213913,691.24713,103.21521,158.88303,4.282543371588824
Nc1nc2nc3c(nc2n1[N+](=O)[O-])n(N[N+](=O)[O-])c(=O)n3N[N+](=O)[O-],1.8763114,8.10537,30.584631,4.9609146,3.192437,646.30865,224.04526,150.49593,4.350586942261603
Nn1c([N+](=O)[O-])nc2[nH]c(O)nc2c1=N[N+](=O)[O-],1.8613654,7.800965,28.128426,4.5349007,2.9335027,651.3704,69.46936,170.19724,4.038504849068839
Nc1nn2c(=O)n([N+](=O)[O-])c([N+](=O)[O-])c([N+](=O)[O-])c2c1C=N[N+](=O)[O-],1.8753599,8.265023,31.659948,5.5667205,3.3956726,611.0231,135.84027,152.093,4.187320821975459
O=[N+]([O-])N=Cc1nc2c(=N[N+](=O)[O-])nc([N+](=O)[O-])n([N+](=O)[O-])c2n1C=[N+]([O-])[O-],1.874491,8.556901,33.913147,6.133853,3.772369,614.34875,405.57083,123.10492,4.871509415764534
Nn1c(=O)c2c([N+](=O)[O-])nn([N+](=O)[O-])c2n(C=N[N+](=O)[O-])c1=O,1.8867987,8.177326,31.051447,5.128809,3.2015462,627.1439,16.657625,136.89563,4.281834388358448
Nn1c(N[N+](=O)[O-])c([N+](=O)[O-])c2[nH]nnc2c1=NN[N+](=O)[O-],1.8595474,8.436162,32.889145,5.704065,3.8521576,677.6081,463.76596,134.81279,4.346418272440994
Nc1c([N+](=O)[O-])c([N+](=O)[O-])n2nnn(N)c12,1.8573623,8.323256,32.00311,5.6381507,3.7965753,676.65955,374.36703,275.60672,3.866602321502178
O=c1c2c(C=N[N+](=O)[O-])c3nnn(N[N+](=O)[O-])c3nc2nc([N+](=O)[O-])n1[N+](=O)[O-],1.880343,8.191187,31.234692,5.5477576,3.2976956,594.98193,379.40396,137.20805,4.481959004361462
Nn1nc([N+](=O)[O-])c2c(nc([N+](=O)[O-])n2[N+](=O)[O-])c1=NC=N[N+](=O)[O-],1.8679031,8.561015,33.90397,6.0366254,3.8688688,641.49506,453.1804,128.61526,4.598746341071748
Nc1nc2c(=NC=N[N+](=O)[O-])n([N+](=O)[O-])c(=O)n([N+](=O)[O-])c2n1C=N[N+](=O)[O-],1.8740126,8.264928,31.715714,5.271291,3.3845983,644.1475,201.10367,136.09654,4.975306920962039
Nc1nc([N+](=O)[O-])nc2nnn([N+](=O)[O-])c12,1.8502412,8.098654,30.350399,5.248828,3.3655558,644.01526,349.45816,144.57747,3.835781749051373
Nc1c([N+](=O)[O-])c(N)c([N+](=O)[O-])c(C=N[N+](=O)[O-])c1[N+](=O)[O-],1.8773817,8.133079,30.72847,5.4593377,3.3827918,620.6581,46.78783,191.88173,3.67703929125269
N=c1c2[nH]c(=O)n([N+](=O)[O-])c2nc([N+](=O)[O-])n1C=N[N+](=O)[O-],1.9011114,8.079704,30.575203,4.86962,3.0426629,627.5278,65.13187,158.6932,4.424963675489144
O=c1c(C=N[N+](=O)[O-])c([N+](=O)[O-])nc2n(N[N+](=O)[O-])nnn12,1.8699609,8.4057,32.58781,5.692625,3.583433,631.3268,346.45908,136.71666,4.418249302427956
NN=c1c2c(n(C=N[N+](=O)[O-])c(=O)n2[N+](=O)[O-])n([N+](=O)[O-])c(=O)n1C=N[N+](=O)[O-],1.9060118,8.3824005,32.899,5.255175,3.3680818,642.94464,90.52292,137.03653,4.990398322330941
O=c1[nH]c(=N[N+](=O)[O-])c2c(n1C=N[N+](=O)[O-])n(N[N+](=O)[O-])c(=O)n2[N+](=O)[O-],1.9345744,8.5345955,34.21558,5.2847214,3.380093,641.67267,-7.077558,143.83144,4.799363231610502
O=c1c2nc([N+](=O)[O-])n([N+](=O)[O-])c2n(C=N[N+](=O)[O-])c(=O)n1N[N+](=O)[O-],1.9091104,8.473871,33.509422,5.445215,3.38381,622.4068,6.6430078,135.1843,4.488219987201217
O=[N+]([O-])N=Cn1nc([N+](=O)[O-])n2nnc([N+](=O)[O-])c12,1.8862662,8.828051,36.162613,6.4079766,4.1147413,641.3006,539.1951,179.57538,4.259128581533567
Nn1c(=N[N+](=O)[O-])c2c(n(C=N[N+](=O)[O-])c(=O)n2[N+](=O)[O-])n([N+](=O)[O-])c1=O,1.9428638,8.66946,35.45371,5.4909124,3.532871,644.49384,66.24008,131.71342,4.732202225574285
O=c1c2c(nc([N+](=O)[O-])n1[N+](=O)[O-])nc(C=N[N+](=O)[O-])n2[N+](=O)[O-],1.9032109,8.531938,34.023907,5.896718,3.5461998,600.045,212.32071,129.48456,4.368903133660348
N=c1c2c(n(C=N[N+](=O)[O-])c(=O)n2N[N+](=O)[O-])n([N+](=O)[O-])c(=O)n1[N+](=O)[O-],1.9241167,8.551076,34.340046,5.3961554,3.4531167,641.5991,23.17325,137.20116,4.774739588211647
Nc1nnn(N[N+](=O)[O-])c2nc([N+](=O)[O-])nc1-2,1.8103417,8.096699,29.960562,5.37546,3.5887675,670.237,427.18442,142.38402,3.9428592239810243
O=c1c(C=N[N+](=O)[O-])c([N+](=O)[O-])nc2n([N+](=O)[O-])nnn12,1.8918996,8.461924,33.25502,5.77455,3.5350962,613.0664,321.42667,127.76056,4.335570268783818
O=c1nc2c(c([N+](=O)[O-])n1C=N[N+](=O)[O-])n(C=N[N+](=O)[O-])c(=O)n2[N+](=O)[O-],1.9085766,8.279112,32.082474,5.2255473,3.1738048,608.5316,21.125277,150.73254,4.691057056095876
O=c1n([N+](=O)[O-])nc([N+](=O)[O-])c2nc(C=N[N+](=O)[O-])nn12,1.8954395,8.514832,33.848686,5.7907324,3.569464,616.5137,317.55826,145.3672,4.1856139501025
O=[N+]([O-])N=Cn1nc2c(c([N+](=O)[O-])nn3c(N[N+](=O)[O-])nnc23)c1[N+](=O)[O-],1.8661793,8.441662,33.051636,6.0556827,3.7328153,616.0385,637.52997,143.72731,4.3135097342300135
Nn1nc(N[N+](=O)[O-])n2nc([N+](=O)[O-])nc12,1.86134,8.64575,34.67068,5.832737,4.084424,702.5535,468.9283,142.57289,4.061213233845647
O=[N+]([O-])N=Cc1c([N+](=O)[O-])[nH]c2nnn([N+](=O)[O-])c12,1.863518,8.408938,32.64685,6.0070167,3.732835,622.12683,393.27182,130.95596,4.452972020447594
O=c1n(N[N+](=O)[O-])c2nc([N+](=O)[O-])n3c([N+](=O)[O-])cnc3c2n1[N+](=O)[O-],1.9104236,8.330678,32.578186,5.517908,3.3076692,599.9648,168.33865,144.58017,4.161626813878376
Nn1c([N+](=O)[O-])c2c([N+](=O)[O-])nn(N)c2nc1=O,1.8590974,7.947006,29.142992,4.934064,3.1789927,647.9428,146.36499,243.08325,3.8439378482505067
O=c1[nH]c2[nH]cnc2c(=O)n1[N+](=O)[O-],1.811087,6.8233843,21.364618,3.3679364,2.0052264,598.672,-215.3613,172.50507,3.7430927314411253
O=c1[nH]nc(N[N+](=O)[O-])c2c(N[N+](=O)[O-])n[nH]c12,1.859585,7.8952756,28.913853,4.841978,3.1180687,647.268,167.34311,150.24838,3.733286697577472
O=c1c2c(nc([N+](=O)[O-])n1[N+](=O)[O-])n(N[N+](=O)[O-])c(=O)n2C=N[N+](=O)[O-],1.9191402,8.511093,33.95899,5.484755,3.4073386,621.9854,18.943987,136.868,4.487932883128819
O=[N+]([O-])N=Cc1c([N+](=O)[O-])c([N+](=O)[O-])nn1[N+](=O)[O-],1.8891357,9.083608,38.256046,6.964868,4.394765,628.7576,331.66748,145.77046,4.052883166444454
O=c1c2c(C=N[N+](=O)[O-])nn(N[N+](=O)[O-])c2nc2n([N+](=O)[O-])c([N+](=O)[O-])c([N+](=O)[O-])n12,1.9032537,8.4516325,33.347244,5.7556396,3.4627776,602.2179,248.22318,142.58168,4.555831658574256
O=[N+]([O-])N=Cn1c([N+](=O)[O-])nc2c(=N[N+](=O)[O-])n(N[N+](=O)[O-])c([N+](=O)[O-])nc21,1.9180623,8.825537,36.453545,6.1278806,3.8928945,634.8774,397.74692,134.40955,4.6241890415441596
Nn1nc([N+](=O)[O-])c2nc3c(c([N+](=O)[O-])nn3[N+](=O)[O-])c(C=N[N+](=O)[O-])c21,1.8727713,8.2374525,31.576405,5.838406,3.5181904,602.53735,492.39798,146.21951,4.444218269530329
Nc1[nH]c(=O)n2c([N+](=O)[O-])nnc2c1N,1.7815703,6.8639145,21.300537,3.456187,2.2634213,658.6357,-7.3529334,267.9298,3.4806835034193018
O=[N+]([O-])N=Cc1nnc2nnc([N+](=O)[O-])n2c1[N+](=O)[O-],1.854549,8.492106,33.23164,6.264106,3.8524253,613.3355,582.713,190.50093,4.080177333852976
O=c1n(N[N+](=O)[O-])c2nc3n(C=N[N+](=O)[O-])c([N+](=O)[O-])c([N+](=O)[O-])n3c(=O)c2n1N[N+](=O)[O-],1.9106643,8.411391,33.13009,5.4054556,3.3395796,618.85016,50.4872,153.33958,4.633191178024115
O=[N+]([O-])N=Cn1ncc2c1nc([N+](=O)[O-])c1nc([N+](=O)[O-])c([N+](=O)[O-])n12,1.8477105,8.020436,29.594252,5.637451,3.2741523,580.55176,421.14987,204.93082,4.245543335617507
O=[N+]([O-])c1nc([N+](=O)[O-])c2nc([N+](=O)[O-])ncc2n1,1.8283322,7.809925,28.057379,5.407127,3.057712,564.4769,257.35587,228.77419,3.602000979723612
Nn1nc([N+](=O)[O-])c2c(nc([N+](=O)[O-])n2N[N+](=O)[O-])c1=O,1.8728992,8.427916,32.905754,5.6726465,3.6340706,643.4098,238.1774,126.299545,4.021481102949651
O=[N+]([O-])Nc1cc(O)n(N[N+](=O)[O-])c1O,1.7996922,7.8838696,28.139406,4.904668,3.2702005,669.31195,-259.68466,159.62576,4.027560337738827
NN=c1c2c(ncn2[N+](=O)[O-])nc([N+](=O)[O-])n1[N+](=O)[O-],1.863315,8.364785,32.34591,5.76105,3.680482,639.86237,387.47513,124.99982,4.2753956212259805
Nn1c(=O)c2cnc([N+](=O)[O-])n2n([N+](=O)[O-])c1=O,1.8441994,7.860455,28.486357,4.869721,3.0267534,624.1711,-28.763746,119.86304,3.7596147713274313
Nc1nc(N[N+](=O)[O-])nc2c1c1c([N+](=O)[O-])nn([N+](=O)[O-])c1n2[N+](=O)[O-],1.8889459,8.275024,31.940475,5.494105,3.4087977,621.5879,318.9203,141.7684,4.133159924246269
N=c1c2c(nc([N+](=O)[O-])n1[N+](=O)[O-])c([N+](=O)[O-])nn2C=N[N+](=O)[O-],1.8949513,8.530711,34.040447,5.8946157,3.6724222,622.69214,371.1713,128.77324,4.471142694099909
Nc1nc([N+](=O)[O-])c2c(N[N+](=O)[O-])nn([N+](=O)[O-])c2n1,1.8502896,8.205431,31.049637,5.3505836,3.458442,648.8112,271.32883,133.13457,3.8665160856672003
[N-]=[N+]n1nnc2c([N+](=O)[O-])nc(N)c([N+](=O)[O-])c21,1.8640618,8.196721,31.034817,5.5761185,3.4916577,628.5229,515.9312,258.08884,4.028102925991915
O=c1c2nc([N+](=O)[O-])nc(C=N[N+](=O)[O-])c2nc2n([N+](=O)[O-])c([N+](=O)[O-])c(N[N+](=O)[O-])n12,1.9015348,8.236383,31.791044,5.442943,3.2081883,589.8996,213.3584,132.6557,4.5304687107217285
O=[N+]([O-])N=CN=c1[nH]c([N+](=O)[O-])nc2c([N+](=O)[O-])nc(N[N+](=O)[O-])nc12,1.8651052,8.147592,30.824059,5.351821,3.3131855,619.82587,311.36447,138.13884,4.485459599353771
Nc1c(C=N[N+](=O)[O-])c2nc3c(=O)n([N+](=O)[O-])c(=O)n([N+](=O)[O-])c3nc2n1N[N+](=O)[O-],1.8813668,7.990829,29.775745,5.036376,3.0446267,606.20197,81.16843,145.93077,4.514793009418534
Nc1c([N+](=O)[O-])c(=O)n2c(=O)n(N)nc2n1N[N+](=O)[O-],1.8739512,7.936057,29.276884,4.5271354,3.0171723,670.4868,-40.77467,154.99997,4.038645381190253
Nc1c(N[N+](=O)[O-])nc([N+](=O)[O-])c(O)c1N,1.8087422,7.5221863,25.934593,4.3350544,2.907866,673.9465,-138.97108,158.11125,3.584189751145706
NN=c1n(C=N[N+](=O)[O-])c(=O)nc2n([N+](=O)[O-])c([N+](=O)[O-])nn12,1.8994497,8.422164,33.10971,5.2893157,3.462286,657.5436,260.45898,128.28964,4.655633593906998
N=c1c2c(nc([N+](=O)[O-])n1C=N[N+](=O)[O-])nc([N+](=O)[O-])n2[N+](=O)[O-],1.89258,8.448403,33.302937,5.722212,3.554262,621.0163,308.21707,142.94005,4.469670166627381
Nn1c(C=N[N+](=O)[O-])nc2c(=O)n(N[N+](=O)[O-])c(=O)n([N+](=O)[O-])c21,1.8685988,8.18335,30.977844,5.201155,3.3199644,640.88666,67.891235,146.90642,4.459597639154853
N=c1c2c(=NC=NN[N+](=O)[O-])[nH]c(=O)n([N+](=O)[O-])c2nc([N+](=O)[O-])n1[N+](=O)[O-],1.8964555,8.245764,31.694456,5.1280885,3.2625694,639.16077,137.91061,146.95642,4.8114507879059065
O=[N+]([O-])N=Cc1nc([N+](=O)[O-])nc2c([N+](=O)[O-])n[nH]c12,1.8453689,7.9980955,29.514652,5.4867616,3.2821214,597.5515,336.16187,180.07307,4.089133744109387
O=c1c(C=N[N+](=O)[O-])c([N+](=O)[O-])nc2[nH]nnn12,1.8350817,7.8837156,28.431181,5.081819,3.1231396,617.08307,272.25668,185.08055,4.263537874971506
Nc1c([N+](=O)[O-])nn2c(=O)c(C(=O)N[N+](=O)[O-])noc12,1.8470252,7.8142447,28.196974,4.8179097,2.9379988,610.63513,-76.613235,166.25755,3.809430744593179
O=[N+]([O-])N=Cc1c([N+](=O)[O-])nc2nc([N+](=O)[O-])nn2c1N[N+](=O)[O-],1.8840733,8.479259,33.430584,5.855304,3.642012,622.0261,382.95895,134.03793,4.143051553990018
Nc1c([N+](=O)[O-])nc2n([N+](=O)[O-])c(N)nn2c1=O,1.8710328,7.794758,28.255816,4.4527955,2.8864696,652.8089,53.70859,168.74934,3.8011502868757123
Nn1c([N+](=O)[O-])nc2c1c(=NC=N[N+](=O)[O-])[nH]c(=O)n2[N+](=O)[O-],1.8831308,8.136264,30.8253,5.010789,3.2325594,647.8456,137.51767,151.93242,4.636180882683795
NN=c1c2c(nc(C=N[N+](=O)[O-])n2[N+](=O)[O-])[nH]c(=O)n1[N+](=O)[O-],1.8797708,8.19039,31.161812,5.1712065,3.3178418,644.3463,198.43738,143.21689,4.5683551575892185
O=[N+]([O-])Nc1nc2[nH]nc([N+](=O)[O-])c2n2cnnc12,1.8253803,7.677133,27.113813,5.017603,3.0830479,615.496,466.3018,153.10577,3.6780001771965063
Nc1c([N+](=O)[O-])n2ncnc2n([N+](=O)[O-])c1=O,1.8662288,7.888615,29.007893,4.928358,3.0644982,623.9413,124.31076,142.6771,3.694752735686711
O=c1n(C=N[N+](=O)[O-])c(=NN[N+](=O)[O-])c2c(n1C=N[N+](=O)[O-])n(C=N[N+](=O)[O-])c(=O)n2[N+](=O)[O-],1.8915832,8.388599,32.741898,5.360265,3.4071887,637.26697,110.92792,148.08041,5.2650349385768624
O=[N+]([O-])N=Cc1nc2c(=N[N+](=O)[O-])n(N[N+](=O)[O-])c([N+](=O)[O-])nc2n1[N+](=O)[O-],1.916025,8.873301,36.803158,6.289114,3.982584,632.87,447.7756,128.32642,4.669737274392393
O=c1[nH]c2c(c([N+](=O)[O-])nn2N[N+](=O)[O-])c(=NN[N+](=O)[O-])n1C=N[N+](=O)[O-],1.8973594,8.465816,33.277912,5.409935,3.5162356,653.57947,190.58057,144.92728,4.7499817310687895
Nc1c([N+](=O)[O-])n2c([N+](=O)[O-])c(C=N[N+](=O)[O-])nc2n([N+](=O)[O-])c1=O,1.9003956,8.298431,32.238472,5.4711533,3.3368695,609.9296,107.182465,151.77588,4.304640348602678
O=c1n(N[N+](=O)[O-])c(=NN[N+](=O)[O-])c2[nH]c(C=N[N+](=O)[O-])nc2n1[N+](=O)[O-],1.8896495,8.481248,33.452595,5.5585356,3.5976117,649.196,225.25833,144.33388,4.785516346453406
NN=c1c2ncn([N+](=O)[O-])c2[nH]c(=O)n1[N+](=O)[O-],1.8923646,7.9638543,29.710606,4.725763,3.0570202,650.05255,110.26944,149.22649,4.284801964453453
O=[N+]([O-])N=Cc1nnc([N+](=O)[O-])n2c([N+](=O)[O-])c([N+](=O)[O-])nc12,1.8589599,8.475407,33.14204,6.226195,3.7423203,599.2462,447.7656,186.3938,4.121732711183165
O=c1n(C=N[N+](=O)[O-])c2nc([N+](=O)[O-])n(C=N[N+](=O)[O-])c(=Nc3c[nH]nc3[N+](=O)[O-])c2n1C=N[N+](=O)[O-],1.8259051,7.8277335,28.015747,5.0601897,3.0818052,610.2671,284.54935,184.71109,5.118894175388927
O=c1[nH]c(=O)n(C=N[N+](=O)[O-])c2nc([N+](=O)[O-])n([N+](=O)[O-])c12,1.8990868,7.9887667,29.76723,4.747974,2.8698788,606.573,-116.342514,146.83116,4.11166579750506
O=[N+]([O-])N=Cc1c([N+](=O)[O-])nn2nnnc2c1[N+](=O)[O-],1.8711478,8.554278,33.800243,6.3568544,3.8887343,610.4477,596.7361,183.80573,3.914431180006823
O=[N+]([O-])Nc1c([N+](=O)[O-])nnc2c([N+](=O)[O-])cnn12,1.8557466,8.436597,32.870365,6.166411,3.8165364,617.82074,459.3389,126.66608,3.4794407987281373
N=c1c2c(nc([N+](=O)[O-])n1N[N+](=O)[O-])c([N+](=O)[O-])nn2N,1.8714153,8.425124,32.990505,5.673887,3.7535346,664.1869,374.1976,134.19147,4.222607816236366
O=c1[nH]c(=N[N+](=O)[O-])c2[nH]c(N[N+](=O)[O-])nc2n1N[N+](=O)[O-],1.8977618,8.258094,31.824268,4.9321246,3.2514517,662.7487,54.85259,150.43925,4.30094656448793
O=[N+]([O-])c1cnc2c3ncn([N+](=O)[O-])c3nc([N+](=O)[O-])n12,1.8437142,7.784604,28.035337,5.330612,3.0584154,573.6074,334.60306,143.20354,3.8139108269099022
Nc1nc2c(c([N+](=O)[O-])nn2N)c(=O)n1[N+](=O)[O-],1.8652645,7.916952,29.124739,4.717039,3.0805213,656.4968,94.62201,181.05188,3.930361416171948
O=c1c(F)c([N+](=O)[O-])c2nc([N+](=O)[O-])n([N+](=O)[O-])c2n1O,1.9329051,8.412491,33.38504,5.6510015,3.2888749,581.10284,-62.04513,129.84373,3.846533364021914
O=[N+]([O-])N=Cc1nc2c(nc([N+](=O)[O-])n2[N+](=O)[O-])c(=N[N+](=O)[O-])[nH]1,1.8824344,8.485024,33.427757,5.8718543,3.6361532,619.5174,384.923,141.4219,4.571397467451556
O=c1[nH]c2c(c(=O)n1[N+](=O)[O-])n(N[N+](=O)[O-])c(=O)n2C=N[N+](=O)[O-],1.9056655,8.095649,30.674904,4.710441,2.9452915,627.8205,-219.77814,144.47745,4.526988847946062
O=c1nc2[nH]nc(N[N+](=O)[O-])c([N+](=O)[O-])c-2n1C=N[N+](=O)[O-],1.8458368,8.004486,29.494171,5.1624713,3.2060616,622.6975,177.58167,133.73613,4.144567164227174
O=c1c2c(C=N[N+](=O)[O-])nn([N+](=O)[O-])c2c([N+](=O)[O-])nn1C=N[N+](=O)[O-],1.8518329,8.294568,31.704815,5.9036474,3.5514977,601.736,318.3854,124.821106,4.685121797155968
Nc1c(C=N[N+](=O)[O-])nc([N+](=O)[O-])nc1[N+](=O)[O-],1.8229796,8.074786,29.846361,5.4865704,3.4590373,631.4021,177.31079,176.98885,3.928337520918265
N=c1c2nc(N[N+](=O)[O-])nc(C=N[N+](=O)[O-])c2n([N+](=O)[O-])c(=O)n1[N+](=O)[O-],1.8950715,8.303121,32.217472,5.40465,3.3552165,621.799,197.72095,129.33286,4.5206830582627235
O=c1c2nncn2nc([N+](=O)[O-])n1[N+](=O)[O-],1.8614362,8.301923,31.923216,5.7025037,3.504951,613.8103,303.22153,130.79973,3.6258225361712304
NN=c1c2ncn([N+](=O)[O-])c2n(N[N+](=O)[O-])c(=O)n1N[N+](=O)[O-],1.8763518,8.4092245,32.758743,5.448044,3.65713,673.7275,245.53867,147.03926,4.554883530855296
Nc1c(N[N+](=O)[O-])nc(N[N+](=O)[O-])n2c([N+](=O)[O-])c([N+](=O)[O-])nc12,1.8802807,8.376779,32.65231,5.5027423,3.5461402,646.3909,210.62415,142.88881,3.9563229138801272
O=c1n(N[N+](=O)[O-])c(=NN[N+](=O)[O-])c2c(nc([N+](=O)[O-])n2[N+](=O)[O-])n1N[N+](=O)[O-],1.9496305,9.0741825,38.72476,6.070594,4.012887,662.43243,239.89984,142.0341,4.683736986298554
O=c1c2nnc([N+](=O)[O-])n2nc(C=N[N+](=O)[O-])n1[N+](=O)[O-],1.8943756,8.582237,34.386696,5.9866195,3.6911325,615.91315,382.64316,135.12215,4.243342521531071
O=c1[nH]c2nnn([N+](=O)[O-])c2c(C=N[N+](=O)[O-])c(O)c1=O,1.8298057,7.5074306,25.766922,4.60011,2.6832333,586.0228,-110.5327,132.07059,4.172254884168433
Nc1nc2c(c(=NC=N[N+](=O)[O-])n1C=N[N+](=O)[O-])n([N+](=O)[O-])c(=O)n2[N+](=O)[O-],1.8851957,8.280362,31.946943,5.2640333,3.3702831,642.2761,195.3718,144.46138,4.9483424718975915
O=c1[nH]c(N=c2[nH]c([N+](=O)[O-])nc3c([N+](=O)[O-])n[nH]c23)ncc1[N+](=O)[O-],1.8522402,7.351297,24.940292,4.303331,2.486557,580.89667,99.8389,271.9254,4.015461992172219
Nc1c([N+](=O)[O-])n(N[N+](=O)[O-])c2nc3c(c(=N[N+](=O)[O-])n12)n(N[N+](=O)[O-])c(=O)n3[N+](=O)[O-],1.9432738,8.700022,35.75839,5.5762544,3.602857,648.02277,200.68079,148.73584,4.664755148989343
NN=c1c2nc([N+](=O)[O-])nc([N+](=O)[O-])c2nc(N)n1C=N[N+](=O)[O-],1.8242946,7.743914,27.48173,4.8406973,3.0944874,641.21423,316.7733,200.14816,4.364453717451557
Nc1nc([N+](=O)[O-])n2c([N+](=O)[O-])c([N+](=O)[O-])nc2c1N[N+](=O)[O-],1.8935688,8.405506,33.013317,5.5641704,3.4993362,629.4556,184.1355,163.43549,3.813130542204603
Nc1c([N+](=O)[O-])cc([N+](=O)[O-])n2c(N)c([N+](=O)[O-])nc12,1.8269504,7.516229,25.770615,4.713726,2.8547845,608.2846,35.34624,296.36337,3.538658103083745
NN=c1c2c(nc([N+](=O)[O-])n1N[N+](=O)[O-])n([N+](=O)[O-])c(=O)n2N[N+](=O)[O-],1.9281247,8.817306,36.563923,5.7502,3.8341742,669.57025,243.42932,139.34418,4.535180846929723
Nn1c([N+](=O)[O-])nn2c(=O)c(C=N[N+](=O)[O-])c([N+](=O)[O-])nc12,1.8626657,8.110118,30.340303,5.2941813,3.2809765,621.53436,194.32062,188.08875,4.099478794852539
Nn1c(=O)c(C=N[N+](=O)[O-])c([N+](=O)[O-])n2nnc([N+](=O)[O-])c12,1.865778,8.237465,31.31306,5.6320047,3.4969487,621.36725,293.57986,186.1729,4.114079325356518
O=[N+]([O-])c1cn([N+](=O)[O-])c([N+](=O)[O-])n1,1.8319205,8.798905,35.370064,6.653738,4.2260795,633.38464,156.76898,133.3304,3.6191805856921366
Nc1nc([N+](=O)[O-])c2c(n1)c(=N[N+](=O)[O-])n(N[N+](=O)[O-])c(=O)n2N,1.8536966,8.067725,30.015673,5.0278172,3.29693,658.8472,167.69821,151.82672,4.135327309484523
O=[N+]([O-])N=CN=C(N[N+](=O)[O-])N[N+](=O)[O-],1.823922,9.06586,37.3774,6.462403,4.687795,729.65656,216.02408,130.44902,4.35005501229504
O=C1NC2(c3ccccc3N3OC([N+](=O)[O-])([N+](=O)[O-])N([N+](=O)[O-])C32)c2nc([N+](=O)[O-])c3c(O)n(C=N[N+](=O)[O-])c(O)c3c21,1.7561564,6.926119,21.518976,4.462752,2.4278035,546.9243,-283.9731,155.27098,5.930434563159727
O=[N+]([O-])N=Cn1nc([N+](=O)[O-])c2c(nc([N+](=O)[O-])n2C=N[N+](=O)[O-])c1=N[N+](=O)[O-],1.8898412,8.626521,34.62052,6.120257,3.8124223,621.9937,465.4288,156.8571,4.796155830612134
O=c1c([N+](=O)[O-])c(N[N+](=O)[O-])nc2n(C=N[N+](=O)[O-])c([N+](=O)[O-])nn12,1.9289377,8.53153,34.31008,5.554051,3.4486997,621.6242,181.26709,139.5314,4.199085501910908
O=c1[nH]c2c(nc([N+](=O)[O-])n2[N+](=O)[O-])c(=O)n1C=N[N+](=O)[O-],1.8881793,7.990134,29.713537,4.81216,2.9048448,605.73834,-101.62347,148.8347,4.270342720581982
Nc1nc2c(nc([N+](=O)[O-])n2[N+](=O)[O-])c(=NN[N+](=O)[O-])n1[N+](=O)[O-],1.9234216,8.748544,35.912502,5.7789774,3.7780852,655.46454,333.43207,138.55547,4.43324159519881
NN=c1c2c(cc([N+](=O)[O-])n2[N+](=O)[O-])nc([N+](=O)[O-])n1N[N+](=O)[O-],1.8522826,8.422994,32.585033,5.9922233,3.8089232,637.26935,348.7313,139.65483,4.293342694099908
Nn1c([N+](=O)[O-])c([N+](=O)[O-])c2nc([N+](=O)[O-])n(N)c2c1=O,1.8905516,8.160433,31.069801,5.2912326,3.2879322,623.93066,88.66223,230.06403,3.7275436204321686
Nc1c(N)n(C=N[N+](=O)[O-])c2nc([N+](=O)[O-])nn2c1=O,1.8229223,7.471861,25.534674,4.240851,2.7508795,652.1766,85.82971,193.02577,4.101631615420466
O=c1n(N[N+](=O)[O-])c(=NN[N+](=O)[O-])c2nc3nc([N+](=O)[O-])n([N+](=O)[O-])c3nc2n1C=N[N+](=O)[O-],1.9113299,8.461389,33.54524,5.5244937,3.4390926,623.62085,334.27405,144.87485,4.853350999439078
Nc1nc([N+](=O)[O-])c2c([N+](=O)[O-])n(N)nc2n1,1.7787062,7.5738044,25.850183,4.812605,3.0970144,646.8896,256.55234,249.98936,3.5826388895328645
O=c1[nH]c(=O)n([N+](=O)[O-])c2c1nc([N+](=O)[O-])n2C=N[N+](=O)[O-],1.90038,8.042674,30.192686,4.815387,2.9213953,609.4597,-84.22008,132.20766,4.193238741802141
Nn1cnc2c([N+](=O)[O-])nn([N+](=O)[O-])c2c1=NN[N+](=O)[O-],1.8554505,8.422661,32.719593,5.9040833,3.8635106,655.81964,458.65536,150.57495,4.324965598454147
Nc1nnc2c3c(nc([N+](=O)[O-])n12)n(N[N+](=O)[O-])c(=O)n3[N+](=O)[O-],1.8934559,8.237275,31.775133,5.180509,3.2908287,636.96234,263.85294,146.07028,4.161088332836173
O=[N+]([O-])N=Cc1nc([N+](=O)[O-])c2[nH]c([N+](=O)[O-])c([N+](=O)[O-])c2n1,1.8661839,8.137778,30.671482,5.675433,3.3150668,582.89844,245.29037,201.40343,4.115184161372321
Nc1nc2c(cc1[N+](=O)[O-])c([N+](=O)[O-])nn2[N+](=O)[O-],1.8484083,7.943591,29.127932,5.3757043,3.231026,602.4178,192.71027,138.73822,3.521020635832209
O=[N+]([O-])N=Cc1nn2c(=NN[N+](=O)[O-])c3c(N[N+](=O)[O-])n[nH]c3nc2n1[N+](=O)[O-],1.8804141,8.399084,32.776524,5.6067886,3.6131656,646.25354,554.93616,142.8036,4.7805095174316445
O=[N+]([O-])Nn1c([N+](=O)[O-])nc2nc([N+](=O)[O-])cnc21,1.8404019,8.197969,30.972157,5.715135,3.5052533,614.2991,330.87512,127.474,3.8144172693163725
O=c1c2c(nc(C=N[N+](=O)[O-])n2C=N[N+](=O)[O-])n([N+](=O)[O-])c(=O)n1[N+](=O)[O-],1.9085057,8.373264,32.871487,5.474284,3.3265743,607.93616,87.833435,135.72157,4.707434520884609
O=[N+]([O-])N=Cn1nc(N[N+](=O)[O-])c2c1N([N+](=O)[O-])C1N2N=CN1[N+](=O)[O-],1.8642027,8.629676,34.5251,6.1122575,4.0504937,662.5841,524.97363,140.34166,5.306263549394009
O=[N+]([O-])N=CN=c1[nH]c(C=N[N+](=O)[O-])nc2c1c([N+](=O)[O-])nn2[N+](=O)[O-],1.8435984,8.212917,31.009815,5.691979,3.5249867,620.4658,414.402,145.68161,4.8779466323208025
O=[N+]([O-])N=Cn1c([N+](=O)[O-])nc2c(ncn2[N+](=O)[O-])c1=N[N+](=O)[O-],1.8933946,8.520421,33.827675,5.9106665,3.6718295,620.7751,395.196,130.38556,4.515984727066941
Nc1nc2nc3c(nc([N+](=O)[O-])n3C=N[N+](=O)[O-])c([N+](=O)[O-])n2c1[N+](=O)[O-],1.864227,7.9765334,29.473793,5.1838737,3.1277397,604.158,301.48123,199.35048,4.30828750029956
O=[N+]([O-])N=Cc1nc2c(nc([N+](=O)[O-])n2[N+](=O)[O-])c2nc(N[N+](=O)[O-])c([N+](=O)[O-])n12,1.8866886,8.404004,32.90464,5.8325562,3.5128477,602.02545,418.36844,133.45204,4.412839225045884
O=c1n(C=N[N+](=O)[O-])c(=N[N+](=O)[O-])c2c(nc([N+](=O)[O-])n2N[N+](=O)[O-])n1[N+](=O)[O-],1.939544,8.868359,36.99707,5.9294505,3.7792394,637.86664,224.59586,129.51135,4.728915528808674
Nn1c(=O)c(=O)n([N+](=O)[O-])c2nc(N[N+](=O)[O-])n([N+](=O)[O-])c21,1.9513091,8.598127,35.00038,5.367373,3.4470437,643.8149,37.917164,142.59679,4.144399470547081
O=c1c2c(C=N[N+](=O)[O-])nnn2nc([N+](=O)[O-])n1[N+](=O)[O-],1.8765012,8.510347,33.596916,5.986436,3.6809235,614.2968,371.40134,131.3016,4.373330708344257
O=[N+]([O-])N=Cn1c([N+](=O)[O-])nc2c1nc([N+](=O)[O-])n1nc([N+](=O)[O-])nc21,1.8935075,8.292093,32.159428,5.5984616,3.3476455,596.9798,433.6027,178.1557,4.2787938850680565
Nn1c(=O)n2c([N+](=O)[O-])nc3nc([N+](=O)[O-])nc(C=N[N+](=O)[O-])c3n2c1=O,1.8554732,7.75632,27.878006,4.727275,2.8506546,604.4127,95.612976,177.10478,4.344645192607253
N=c1[nH]nc([N+](=O)[O-])o1,1.867418,8.106484,30.353148,4.654176,3.1513813,683.3311,-29.2171,278.40628,4.392851084148633
O=c1n(C=N[N+](=O)[O-])c2nc([N+](=O)[O-])n(C=N[N+](=O)[O-])c2n1[N+](=O)[O-],1.8999708,8.4682665,33.47459,5.5684047,3.474036,624.3316,167.68771,154.1394,4.754557529882936
O=c1c2c(ncn1[N+](=O)[O-])nc([N+](=O)[O-])n2N[N+](=O)[O-],1.8785871,8.316291,32.178783,5.5511007,3.4230492,617.2756,157.82617,126.56241,4.097143371588825
O=c1[nH]c(C=N[N+](=O)[O-])nc2c1c(=N[N+](=O)[O-])n(N[N+](=O)[O-])c(=O)n2N[N+](=O)[O-],1.8776037,8.232976,31.338049,5.1938887,3.2884269,635.97375,34.339725,145.067,4.586005381061685
Nn1c([N+](=O)[O-])nc2nc([N+](=O)[O-])n(N[N+](=O)[O-])c(=NN[N+](=O)[O-])c21,1.894595,8.733774,35.48835,5.9364967,3.9579573,669.23706,410.14493,146.69061,4.4413491382745445
O=[N+]([O-])N=Cc1nc2c(nc([N+](=O)[O-])n2C=N[N+](=O)[O-])c(=N[N+](=O)[O-])n1[N+](=O)[O-],1.8822688,8.601918,34.36589,6.0927796,3.791606,621.8395,458.74576,132.23459,4.826464521920826
O=[N+]([O-])Nn1nnc2c([N+](=O)[O-])c([N+](=O)[O-])cnc21,1.858366,8.394618,32.56164,6.091711,3.7455108,615.0396,426.4269,137.00551,3.583156635832209
Nn1c(=O)n(N[N+](=O)[O-])c2c1c(=NN[N+](=O)[O-])[nH]c(=O)n2N[N+](=O)[O-],1.8997759,8.372837,32.70584,5.0108805,3.433751,689.4601,21.929216,158.22725,4.656856131281537
Nn1c2nc([N+](=O)[O-])c(C=N[N+](=O)[O-])c(=O)n2c(=O)n1[N+](=O)[O-],1.8905902,8.131591,30.77465,5.044089,3.1260858,621.65173,-1.3644842,175.50833,4.330049003743065
O=c1[nH]c2nc([N+](=O)[O-])n([N+](=O)[O-])c2c(=O)n1C=N[N+](=O)[O-],1.8733737,7.96526,29.377888,4.845158,2.9268737,606.4308,-98.49208,144.15973,4.227885160900284
Nc1c(N[N+](=O)[O-])c(N[N+](=O)[O-])nc2nnc([N+](=O)[O-])n12,1.8892198,8.39355,32.86685,5.3965015,3.5826523,666.25995,336.39896,152.99548,3.889373016036565
NN=c1c(N[N+](=O)[O-])c([N+](=O)[O-])n(N)c2nnc([N+](=O)[O-])nc12,1.860992,8.263473,31.712608,5.6073155,3.6730435,656.6646,495.1815,139.65475,4.1107783606157
NC1=C([N+](=O)[O-])N(N[N+](=O)[O-])C(O[N+](=O)[O-])=C(N[N+](=O)[O-])C1=C1N=NN=N1,1.896741,8.70511,35.289116,6.0274253,3.9363222,655.5062,435.1935,133.01277,4.727849038761098
N=C1C2=NC(=O)N([N+](=O)[O-])c3c([N+](=O)[O-])nn(C=N[N+](=O)[O-])c3CN2C(N[N+](=O)[O-])=C1[N+](=O)[O-],1.862658,8.126856,30.68004,5.410864,3.3342028,617.9764,234.67715,129.97343,4.853273400115324
Nc1nc2nc([N+](=O)[O-])nn2c(=O)n1C=N[N+](=O)[O-],1.8335027,7.6778765,27.066189,4.3771167,2.8199725,647.5415,116.20697,185.21916,4.118772020447594
Nc1nnc2c(N[N+](=O)[O-])c([N+](=O)[O-])nc([N+](=O)[O-])n12,1.8747151,8.341641,32.35501,5.519587,3.570804,647.69916,329.3955,132.68236,3.6926554180329463
Nc1nc2n([N+](=O)[O-])nc(N[N+](=O)[O-])c(=O)n2n1,1.8585225,8.168056,30.866526,5.004881,3.333615,669.2412,209.07632,140.57826,3.8621365798380687
N=c1[nH]oc2c1nc([N+](=O)[O-])n2N[N+](=O)[O-],1.8286574,8.256928,31.265427,5.7088375,3.6959145,650.4084,233.22513,132.73128,4.5102375630048614
Nc1nnc2c(N)c([N+](=O)[O-])nc([N+](=O)[O-])c2n1,1.7889022,7.3328056,24.406496,4.4925084,2.7965488,623.8743,246.48932,255.16371,3.4147385029149913
O=[N+]([O-])c1ncnc([N+](=O)[O-])c1O,1.8035883,7.76242,27.430283,5.110874,3.0483797,598.1771,-80.88157,245.56279,3.1964926911852967
Nn1c(=N[N+](=O)[O-])c2c([N+](=O)[O-])nn(N)c2n(N)c1=O,1.8561049,8.094937,30.25847,5.0155735,3.4607558,693.59344,243.39001,171.08441,4.239089759888479
O=[N+]([O-])N=Cc1c([N+](=O)[O-])nnc2c([N+](=O)[O-])c3nnn([N+](=O)[O-])c3nc12,1.8761222,8.265944,31.842485,6.019914,3.4869742,576.5949,612.49976,134.61201,4.243706151511362
Nc1nc(=NC=N[N+](=O)[O-])[nH]c2nc([N+](=O)[O-])c([N+](=O)[O-])n12,1.820591,7.8093214,27.78723,4.795061,3.0948238,647.92676,203.28479,204.34389,4.389238089911659
N=c1c2nc([N+](=O)[O-])n(C=N[N+](=O)[O-])c2[nH]c(=O)n1[N+](=O)[O-],1.9023325,8.08766,30.620857,4.883104,3.0575213,628.28534,70.45845,158.57462,4.486125479202672
O=c1c2c(nc([N+](=O)[O-])n1C=N[N+](=O)[O-])n(N[N+](=O)[O-])c(=O)n2N[N+](=O)[O-],1.8974395,8.457817,33.342922,5.4156556,3.443757,638.03033,32.372562,143.69049,4.556248172022204
O=c1c2nc([N+](=O)[O-])n(C=N[N+](=O)[O-])c2c([N+](=O)[O-])nn1[N+](=O)[O-],1.916831,8.591575,34.62799,5.8961706,3.5571651,602.60657,223.677,150.7185,4.303072364429579
Nc1c([N+](=O)[O-])nc2cnn([N+](=O)[O-])c2c1[N+](=O)[O-],1.8303182,7.9560785,29.031103,5.585987,3.3494499,600.4482,251.13107,128.98894,3.627057251216825
Nc1nn2nc([N+](=O)[O-])nc2c2nc([N+](=O)[O-])c(N[N+](=O)[O-])n12,1.8564843,8.116537,30.503487,5.2358418,3.3385267,638.3821,418.64255,145.54213,4.077654165033387
Nc1nc([N+](=O)[O-])c2c(=O)n(N[N+](=O)[O-])c(=O)n(N[N+](=O)[O-])c2n1,1.8529813,7.936997,29.040112,4.733638,3.0256765,642.2104,-81.75447,148.0383,3.9502481886054026
O=[N+]([O-])N=Cn1nc([N+](=O)[O-])c2c(=NN[N+](=O)[O-])n(N[N+](=O)[O-])c([N+](=O)[O-])nc21,1.8945364,8.790761,35.89608,6.134341,3.9706516,648.6945,463.31937,145.55345,4.743252733709037
Nn1c(=O)c2nc([N+](=O)[O-])[nH]c2n(N[N+](=O)[O-])c1=O,1.8645676,7.8443937,28.508257,4.5155096,2.9123688,649.1271,-87.29984,147.21873,3.927053558909132
O=[N+]([O-])N=Cc1nc2c([N+](=O)[O-])nc([N+](=O)[O-])n2c([N+](=O)[O-])c1[N+](=O)[O-],1.8963081,8.5664215,34.21403,6.1891713,3.6527035,587.7669,298.8402,184.55756,4.0738982677442035
O=[N+]([O-])N=Cc1nc([N+](=O)[O-])nc2c([N+](=O)[O-])nc([N+](=O)[O-])nc12,1.8621067,8.138395,30.745117,5.6784773,3.3007734,579.21155,337.05554,177.21907,4.117810448220788
O=[N+]([O-])c1n[nH]c2c[nH]c([N+](=O)[O-])c12,1.7935605,7.483622,25.382912,5.031221,2.9857953,595.8783,130.20544,277.84644,3.6603583184856605
Nn1c([N+](=O)[O-])n[nH]c1=NC=N[N+](=O)[O-],1.8334342,8.442765,32.60093,5.5139737,3.9544752,720.28687,313.39246,188.99474,4.672442734188532
Nc1n[nH]c2nc(N[N+](=O)[O-])nc([N+](=O)[O-])c12,1.815203,7.624743,26.649199,4.6052337,2.9975939,654.32184,222.11938,146.72665,3.5765261136131308
O=[N+]([O-])N=Cc1n[nH]c2nc3c(c([N+](=O)[O-])nn3C=N[N+](=O)[O-])c(N[N+](=O)[O-])c12,1.8151555,7.853319,28.15289,5.3974853,3.2661994,606.1666,457.12198,146.1226,4.643674463877603
NN=c1c2c(nc(N)n1[N+](=O)[O-])[nH]c(=O)n2[N+](=O)[O-],1.873496,7.8301225,28.52555,4.361736,2.9253461,675.47833,58.496326,156.42426,4.231173251216825
Nc1nc2c3c([N+](=O)[O-])nn(N)c3nc([N+](=O)[O-])n2c1[N+](=O)[O-],1.8554999,7.864177,28.602777,5.0292916,3.115573,621.7184,305.2245,240.45981,3.9198898360255354
Nc1cc2c([N+](=O)[O-])nc(=O)n([N+](=O)[O-])c2o1,1.8226517,7.3983154,25.068214,4.500996,2.6105652,582.6093,-169.47032,148.28235,3.9530850433790174
O=[N+]([O-])N=Cn1nc([N+](=O)[O-])c2c1nc([N+](=O)[O-])n1nnnc21,1.8801849,8.313286,32.122955,5.7725377,3.51778,609.0516,636.1989,182.74844,4.197287025721087
NN=c1c2c(nc([N+](=O)[O-])n1N[N+](=O)[O-])nc([N+](=O)[O-])n2N,1.8601117,8.377488,32.494934,5.5597587,3.7552967,678.4541,405.6334,145.96002,4.269263675489144
NC1=C(N[N+](=O)[O-])C(=C2N=NN=N2)C(N[N+](=O)[O-])=C(N[N+](=O)[O-])N1N,1.8538398,8.317005,31.993704,5.510812,3.8299427,698.0946,536.0428,149.02235,4.608137803340821
Nc1nn([N+](=O)[O-])c2nc([N+](=O)[O-])cn12,1.8099791,7.9490557,28.81053,5.206907,3.398417,655.49805,246.75244,136.46474,3.946308888034686
O=c1c2c(nc([N+](=O)[O-])n2C=N[N+](=O)[O-])c([N+](=O)[O-])nn1[N+](=O)[O-],1.9186426,8.5980215,34.738857,5.8956404,3.5600135,602.8581,226.94019,151.16911,4.335503133660348
Nc1nn([N+](=O)[O-])c2c([N+](=O)[O-])nn(C=N[N+](=O)[O-])c(=O)c12,1.8398728,8.087043,30.024063,5.387076,3.3557656,624.8329,209.26096,130.23195,4.329697362491797
Nc1nc(N)c2c([N+](=O)[O-])nn([N+](=O)[O-])c2n1,1.8140386,7.593875,26.38149,4.531504,2.958434,657.08295,181.62039,153.02167,3.516229658763633
Nc1nc2c(nc([N+](=O)[O-])n2[N+](=O)[O-])c2nc([N+](=O)[O-])nn12,1.8883445,8.122776,30.88914,5.188027,3.19621,617.7119,358.7112,145.09561,3.850028963444906
O=[N+]([O-])c1nn([N+](=O)[O-])c2n[nH]cc12,1.8288094,8.148635,30.421188,5.8526573,3.631263,621.47974,332.04678,131.88477,4.068174917675944
O=c1c2c([N+](=O)[O-])nn(N[N+](=O)[O-])c2c([N+](=O)[O-])nn1C=N[N+](=O)[O-],1.8837571,8.554425,33.969032,5.962476,3.6962526,620.5002,275.09448,131.19426,4.422071515896922
O=[N+]([O-])N=Cc1c([N+](=O)[O-])n2nnnc2n1[N+](=O)[O-],1.8874681,8.901479,36.766426,6.6621776,4.2551084,637.649,598.3663,126.061005,4.241734011397821
Nc1c([N+](=O)[O-])oc2nc([N+](=O)[O-])c(C=N[N+](=O)[O-])c(N)c12,1.811768,7.478202,25.52119,4.8176503,2.8576503,595.1076,5.6546655,193.24161,4.127937415542194
O=c1[nH]c2c(=NC=N[N+](=O)[O-])n([N+](=O)[O-])c([N+](=O)[O-])nc2n1N[N+](=O)[O-],1.9101816,8.469708,33.486332,5.4086623,3.4433858,638.888,142.36789,132.13268,4.616944539630884
Nn1c(N[N+](=O)[O-])nc2c([N+](=O)[O-])nn([N+](=O)[O-])c(=O)c21,1.9041394,8.4956255,33.85538,5.5812764,3.5835564,643.3622,212.35226,152.0935,4.019149914138463
O=[N+]([O-])N=Cc1nn([N+](=O)[O-])c2c([N+](=O)[O-])nc([N+](=O)[O-])n12,1.8863626,8.777571,35.799114,6.4259434,3.9951994,620.1939,419.20407,126.417175,4.334323887690736
Nc1nc([N+](=O)[O-])c2c(nnn2[N+](=O)[O-])n1,1.798211,7.95096,28.703474,5.300076,3.3933215,642.77893,357.40756,121.87436,3.7282808545969903
O=c1c2c([N+](=O)[O-])nn([N+](=O)[O-])c2nc2n(C=N[N+](=O)[O-])nc(C=N[N+](=O)[O-])n12,1.8688284,8.149222,30.776712,5.458889,3.2704914,599.68585,334.41037,141.81853,4.708560187793415
O=c1c2c(n(O)c(=O)n2C=N[N+](=O)[O-])n([N+](=O)[O-])c(=O)n1C=N[N+](=O)[O-],1.8937984,8.066001,30.41821,4.903494,2.9970977,613.4128,-218.34383,138.4856,4.761203018875426
O=[N+]([O-])N=CN=c1c2nc([N+](=O)[O-])n(C=N[N+](=O)[O-])c(=N[N+](=O)[O-])c2nc(C=N[N+](=O)[O-])n1C=N[N+](=O)[O-],1.8412303,8.277541,31.44222,5.761749,3.5890985,623.1489,489.62747,156.6602,5.386673070959222
Nc1c([N+](=O)[O-])ncn2c([N+](=O)[O-])nc([N+](=O)[O-])c12,1.8468195,7.8666654,28.47587,5.2139845,3.127652,600.9329,162.87698,277.8164,3.530070481986055
Nn1nc(N[N+](=O)[O-])c2c([N+](=O)[O-])nn([N+](=O)[O-])c21,1.8888259,8.849838,36.46726,6.286321,4.230358,674.30945,453.22507,134.94125,4.203492020447595
Nn1nc([N+](=O)[O-])c2nc([N+](=O)[O-])n(N[N+](=O)[O-])c2c1=O,1.8858548,8.46077,33.330093,5.654263,3.6226964,643.0144,221.77734,126.458115,4.058629074977624
Nc1nn([N+](=O)[O-])c2c(O)c(N[N+](=O)[O-])nn12,1.8562949,8.209805,31.201757,5.1166553,3.469608,680.2354,141.57376,154.07936,4.082638889532864
Nn1c(=O)c2c(n(N)c(=O)n2N[N+](=O)[O-])n([N+](=O)[O-])c1=O,1.8866818,8.065153,30.343266,4.6656246,3.1014829,668.72125,-135.6779,147.20827,4.129148748637297
Nc1c([N+](=O)[O-])c(=O)nc2nn[nH]n12,1.847895,7.510862,25.942879,4.1861696,2.7074525,649.74005,157.80588,293.21564,3.6049846342751337
O=[N+]([O-])N=Cc1c([N+](=O)[O-])nc2c([N+](=O)[O-])ncnc2c1[N+](=O)[O-],1.8334512,7.8948236,28.658539,5.666149,3.2019844,563.37805,310.27618,186.6923,3.892858044374634
O=c1c2c(n(C=N[N+](=O)[O-])c(=O)n2C=N[N+](=O)[O-])n([N+](=O)[O-])c(=O)n1N[N+](=O)[O-],1.8931524,8.270687,31.849283,5.1464777,3.2107594,626.0203,-98.132515,137.42036,4.850176864841064
O=[N+]([O-])c1ccn2c([N+](=O)[O-])c([N+](=O)[O-])nc2n1,1.8003632,7.7066956,26.910736,5.466735,3.098682,567.209,177.72,249.36986,3.373670233684223
NC1=C([N+](=O)[O-])N([N+](=O)[O-])c2nonc2C1=C1N=NN=N1,1.8718716,8.312722,32.237106,6.0353656,3.7063286,614.7824,695.8245,111.9707,4.389974654914928
O=c1c(C=N[N+](=O)[O-])nn([N+](=O)[O-])c2c([N+](=O)[O-])c([N+](=O)[O-])nn12,1.8837618,8.565362,34.086014,6.097741,3.6847198,602.9431,282.455,119.78392,4.202043793001007
Nc1c([N+](=O)[O-])nc2c3nc(N[N+](=O)[O-])n([N+](=O)[O-])c3nn(N[N+](=O)[O-])c1-2,1.8800377,8.326112,32.276863,5.585861,3.5377297,635.12305,420.7565,149.60805,4.337735577222637
O=[N+]([O-])N=Cc1nc([N+](=O)[O-])nc2c([N+](=O)[O-])nn([N+](=O)[O-])c12,1.8836367,8.515018,33.74943,6.153949,3.694284,598.5718,412.31558,127.53755,4.302565750275221
Nc1nn(N)c2nc([N+](=O)[O-])n3c([N+](=O)[O-])c([N+](=O)[O-])nc3c12,1.829419,7.802878,27.942028,5.0736,3.1498728,623.3651,326.9568,239.56152,3.8846774778918665
N=c1c2c([N+](=O)[O-])nc(N)nc2n(N[N+](=O)[O-])c(=O)n1[N+](=O)[O-],1.8546519,7.9573107,29.269932,4.8327146,3.10697,645.4951,61.87438,148.54962,4.054932849896911
N=c1c(N)c([N+](=O)[O-])nc2n(N)nc([N+](=O)[O-])n12,1.830427,7.755555,27.66687,4.701231,3.14074,670.7127,250.89938,260.78946,4.003410188676039
Nc1nc([N+](=O)[O-])c2nc(N[N+](=O)[O-])c([N+](=O)[O-])n2n1,1.8632072,8.301767,32.00813,5.4862967,3.5424232,647.567,317.83585,131.58928,3.66999997536241
O=c1n2nnc([N+](=O)[O-])c2nc2occ([N+](=O)[O-])n12,1.877859,7.7272153,27.652153,4.7872653,2.7006218,565.33966,72.01343,274.42365,3.8798663991458184
NN=c1c2nc(C=N[N+](=O)[O-])[nH]c2nc([N+](=O)[O-])n1[N+](=O)[O-],1.8412632,8.060031,29.872677,5.333166,3.4077911,641.4633,365.00266,135.26468,4.482913187695232
Nc1nc([N+](=O)[O-])c([N+](=O)[O-])c2c1c(=O)n(N)c(=O)n2N[N+](=O)[O-],1.866451,7.8146343,28.277445,4.6523967,2.914289,630.16046,-121.91946,151.66022,3.7286985608138394
O=[N+]([O-])C1=NN=Nc2onc3oc(O)c1c23,1.8296413,7.4883056,25.705006,5.047936,2.715325,538.0709,95.507324,250.5865,4.423963859963715
Nn1c(=NN[N+](=O)[O-])c2nc([N+](=O)[O-])n(N[N+](=O)[O-])c2n([N+](=O)[O-])c1=O,1.9385759,8.8526535,36.886665,5.776012,3.8534837,669.99084,244.49146,138.90523,4.572819987201218
O=c1c2c(nc([N+](=O)[O-])n3c([N+](=O)[O-])cnc23)n(N[N+](=O)[O-])c(=O)n1N[N+](=O)[O-],1.8945652,8.08257,30.475895,5.0837793,3.053324,602.3701,1.7054011,148.33122,4.145823562879866
O=c1nn[nH]c(=NNC=N[N+](=O)[O-])n1N[N+](=O)[O-],1.8275656,8.502125,32.99401,5.5200562,3.9534433,718.6975,339.56107,150.86649,4.696947922067268
Nc1nc2nc([N+](=O)[O-])c(N)n2c([N+](=O)[O-])c1N[N+](=O)[O-],1.8391738,7.862175,28.467413,4.8446684,3.144895,651.32776,137.57156,160.56076,3.778526417634966
O=c1n(N=Cc2onc([N+](=O)[O-])c2[N+](=O)[O-])c([N+](=O)[O-])nc2c([N+](=O)[O-])nnn12,1.8784822,8.336305,32.162266,5.8790474,3.4204879,581.764,377.9454,236.16325,4.018079122704657
O=c1c([N+](=O)[O-])c([N+](=O)[O-])n([N+](=O)[O-])c2nnc(C=N[N+](=O)[O-])n12,1.9084936,8.610882,34.66063,6.0237694,3.6371822,601.9247,269.12454,116.24164,4.159358078715292
Nc1c([N+](=O)[O-])c(N)n2nnnc2c1[N+](=O)[O-],1.88641,7.951064,29.390196,4.9180074,3.1752043,649.26526,294.32498,322.82535,3.294417351071326
O=c1c2c(n(C=N[N+](=O)[O-])c(=O)n1N[N+](=O)[O-])n([N+](=O)[O-])c(=O)n2C=N[N+](=O)[O-],1.9033827,8.295717,32.147106,5.1212792,3.2004788,626.50507,-109.65659,144.84721,4.866090832452399
O=c1c(C=N[N+](=O)[O-])nc2c([N+](=O)[O-])nn(C=N[N+](=O)[O-])c2n1[N+](=O)[O-],1.8656521,8.324587,32.06924,5.78903,3.5010593,604.9036,295.92676,137.61082,4.659422131604129
Nc1nc2c(=O)[nH]c(=O)n(N[N+](=O)[O-])c2n1[N+](=O)[O-],1.8638203,7.6972175,27.346867,4.2079644,2.7128053,650.1461,-150.7336,153.58887,3.895296020447594
Nn1c([N+](=O)[O-])nc2oc([N+](=O)[O-])cc2c1=O,1.8145779,7.435872,25.13983,4.718611,2.6932633,573.5917,-120.660324,248.66817,3.454743504917479
O=c1c2c(C=N[N+](=O)[O-])nn(N[N+](=O)[O-])c2nc2n([N+](=O)[O-])c([N+](=O)[O-])c(N[N+](=O)[O-])n12,1.8985304,8.428164,33.12607,5.6512785,3.4734588,616.2256,254.7785,137.54332,4.668369887192318
O=c1nc2c(cc([N+](=O)[O-])n2[N+](=O)[O-])c2n([N+](=O)[O-])cnn12,1.8753824,7.881739,28.868837,5.202088,2.9929736,576.7553,163.40509,123.76764,4.230033135543993
O=c1n([N+](=O)[O-])cnc2c([N+](=O)[O-])c(C=N[N+](=O)[O-])c([N+](=O)[O-])n12,1.8922824,8.26633,31.91014,5.6270037,3.3242404,589.6043,115.2565,154.8652,4.161718518275733
Nn1c(N[N+](=O)[O-])nc2c1c(=O)n(N[N+](=O)[O-])c(=O)n2[N+](=O)[O-],1.9067703,8.424695,33.24526,5.1734138,3.4120872,661.88776,2.1727474,142.67474,4.191862080666141
Nc1nc2c(nc([N+](=O)[O-])n2N[N+](=O)[O-])c(=NN[N+](=O)[O-])n1[N+](=O)[O-],1.906271,8.702707,35.35269,5.708892,3.8212829,671.8649,345.64963,137.45303,4.465370117295524
Nc1c([N+](=O)[O-])c([N+](=O)[O-])cc2onc([N+](=O)[O-])c12,1.8297806,7.7687044,27.596434,5.577407,3.1180098,558.84143,56.73006,238.07748,3.3040846358322096
O=c1c2c(nc([N+](=O)[O-])n2C=N[N+](=O)[O-])n(C=N[N+](=O)[O-])c(=O)n1[N+](=O)[O-],1.9067,8.285877,32.169765,5.249229,3.1953135,609.2,14.948504,156.99167,4.644058139519494
Nc1c(N[N+](=O)[O-])c([N+](=O)[O-])c([N+](=O)[O-])c2nnnn12,1.91473,8.589065,34.63812,5.8316784,3.7592561,646.2895,402.24393,150.31987,3.5123288578007266
O=c1n(C=N[N+](=O)[O-])c(=NC=N[N+](=O)[O-])c2nc(N[N+](=O)[O-])n([N+](=O)[O-])c2n1N[N+](=O)[O-],1.889672,8.557351,34.043144,5.6453414,3.6575463,649.6507,261.28894,140.67065,5.062120294432136
O=[N+]([O-])N=CN=c1nc([N+](=O)[O-])[nH]c2c1nc([N+](=O)[O-])n2[N+](=O)[O-],1.8823899,8.403516,32.84039,5.6889567,3.5294256,620.286,313.44922,148.47523,4.624214053990019
NN=c1c2c(n(N)c(=O)n1[N+](=O)[O-])n([N+](=O)[O-])c(=O)n2C=N[N+](=O)[O-],1.9060445,8.319368,32.453465,5.098105,3.362423,662.3245,95.42911,142.29123,4.719104727300904
O=[N+]([O-])N=CN=c1c2c([N+](=O)[O-])nc(C=N[N+](=O)[O-])nc2nc([N+](=O)[O-])n1[N+](=O)[O-],1.8504647,8.285895,31.60434,5.852011,3.53253,603.5553,414.71298,120.89934,4.731569032738191
O=c1n(C=N[N+](=O)[O-])c2c(=NN[N+](=O)[O-])n(N[N+](=O)[O-])c(=O)n([N+](=O)[O-])c2n1N[N+](=O)[O-],1.9358758,8.827717,36.582607,5.6726313,3.7436566,661.9514,110.11377,145.09555,5.012273830308025
O=c1oc(O)cc2nc([N+](=O)[O-])n(N[N+](=O)[O-])c12,1.7988174,7.3801756,24.583557,4.502917,2.5941365,579.6185,-297.17087,135.32222,3.896016387530377
Nc1c([N+](=O)[O-])c([N+](=O)[O-])c2nnnn2c1N[N+](=O)[O-],1.9142345,8.583631,34.588993,5.8511925,3.7609217,643.9697,410.5623,155.85628,3.5525610784103065
O=c1n(C=N[N+](=O)[O-])c2nc([N+](=O)[O-])nc([N+](=O)[O-])c2n1C=N[N+](=O)[O-],1.8677799,8.101701,30.384892,5.243964,3.1630225,604.1959,142.48593,173.56346,4.502523134948611
Nn1c([N+](=O)[O-])nc2c([N+](=O)[O-])nn(N)c2c1=O,1.8599774,7.9761734,29.503769,5.036121,3.2366962,645.71686,184.2746,249.1554,3.8380222999690012
Nc1c([N+](=O)[O-])n2c(=O)ncnc2n1N[N+](=O)[O-],1.8187649,7.6393957,26.665157,4.5487866,2.9147,644.98285,63.108387,146.84483,3.8372711952226837
NC1=C([N+](=O)[O-])Nc2c(N)c(N[N+](=O)[O-])c([N+](=O)[O-])n2C1=C1N=NN=N1,1.842253,7.8405104,28.427862,5.043106,3.248899,645.24146,451.9152,174.0899,4.495646412540583
O=[N+]([O-])N=Cc1nn([N+](=O)[O-])c2c1c([N+](=O)[O-])c([N+](=O)[O-])n2C=N[N+](=O)[O-],1.8720849,8.598733,34.198833,6.3505874,3.8714201,608.9628,404.85135,151.7231,4.669051422293059
O=[N+]([O-])N=Cc1nn([N+](=O)[O-])c2c([N+](=O)[O-])nc([N+](=O)[O-])nc12,1.8738894,8.469006,33.29981,6.1526623,3.685947,597.6733,414.93015,117.87822,4.282738511939786
Nc1nc([N+](=O)[O-])nc2c(N[N+](=O)[O-])nc([N+](=O)[O-])nc12,1.8434128,7.8781133,28.736248,4.950612,3.086641,625.2358,218.16269,131.01167,3.6403301588937076
O=[N+]([O-])N=Cc1nn([N+](=O)[O-])c2c1c([N+](=O)[O-])nc1nnc([N+](=O)[O-])cc12,1.8349884,7.89706,28.700752,5.7377777,3.249063,565.1006,496.7679,145.00314,4.383190029277431
O=c1oc2cc(O)oc2c([N+](=O)[O-])c1[N+](=O)[O-],1.8302592,7.143734,23.18128,4.3814974,2.1980782,502.59592,-547.04504,235.61246,3.335263504917478
NN=c1[nH][nH]c2c1nc([N+](=O)[O-])n2[N+](=O)[O-],1.8278164,8.212161,31.003658,5.517259,3.7501903,681.62885,364.26035,159.5956,4.4931939136309795
O=[N+]([O-])Nc1nc2c([N+](=O)[O-])c([N+](=O)[O-])c(N[N+](=O)[O-])cn2n1,1.8785102,8.451264,33.165924,5.8833814,3.6703162,623.54065,281.5166,145.90356,3.6706704161011983
O=[N+]([O-])N=Cc1nc([N+](=O)[O-])n2nnnc2c1[N+](=O)[O-],1.8771032,8.523892,33.653427,6.2160482,3.80285,611.0023,559.6982,190.75359,3.9279516928273353
O=[N+]([O-])NN=c1[nH]cnc2c1c([N+](=O)[O-])c(N[N+](=O)[O-])n2[N+](=O)[O-],1.8826662,8.428082,32.943176,5.727523,3.640021,637.215,285.47552,138.55225,4.387490255913095
O=[N+]([O-])N=Cc1nc([N+](=O)[O-])nc2[nH]nc([N+](=O)[O-])c12,1.837786,7.970296,29.215542,5.431846,3.2564037,600.0711,318.94254,177.55847,4.019926051801694
O=[N+]([O-])N=c1c2ncnc([N+](=O)[O-])c2ncn1N[N+](=O)[O-],1.8300221,8.025316,29.581419,5.5907307,3.4325366,614.7505,396.9551,138.09866,3.9364808673957317
O=[N+]([O-])N=C[N+]([O-])=NO,1.7938519,9.175929,37.741665,6.8071465,5.0281515,740.9899,125.95978,187.0779,5.093288876790774
Nc1nc2[nH]nnc2c([N+](=O)[O-])c1[N+](=O)[O-],1.8301427,7.701626,27.211832,4.8723125,3.0227566,623.907,253.531,241.51488,3.522391766940461
Nc1nc(=O)n2c(=O)n([N+](=O)[O-])c(N)c([N+](=O)[O-])c2n1,1.8385565,7.3274417,24.742157,3.7883582,2.3818488,632.799,-203.02242,207.86038,3.5627370971665853
Nc1nc2nnc(N[N+](=O)[O-])n2c([N+](=O)[O-])c1[N+](=O)[O-],1.8556525,8.276961,31.635448,5.4675903,3.532429,647.8044,321.53278,134.36148,3.5905570145496384
O=[N+]([O-])N=Cn1c([N+](=O)[O-])nc2cnc([N+](=O)[O-])nc2c1=N[N+](=O)[O-],1.856556,8.182191,30.903124,5.6837907,3.4155114,600.08887,378.9362,147.02663,4.394621844672624
Nc1nc([N+](=O)[O-])c2nc([N+](=O)[O-])[nH]c(=NC=N[N+](=O)[O-])c2n1,1.8120011,7.6010876,26.412766,4.683483,2.9127192,623.6575,227.48404,192.25287,4.334678978929168
N=c1c2c(n(N)c(=O)n2[N+](=O)[O-])n(N[N+](=O)[O-])c(=O)n1N[N+](=O)[O-],1.915357,8.470036,33.68674,5.1501455,3.4722803,677.54706,15.64075,148.57623,4.531413697290266
Nn1c(=O)n([N+](=O)[O-])c2nc(C=N[N+](=O)[O-])n([N+](=O)[O-])c(=N[N+](=O)[O-])c21,1.9152802,8.668246,35.223045,5.796554,3.7151341,642.21454,279.65665,132.7973,4.642946684033797
O=c1[nH]nc(C=N[N+](=O)[O-])c2nnc([N+](=O)[O-])n12,1.8502547,7.9570203,29.127779,5.114364,3.1582081,619.07477,265.67786,192.03433,3.932521548440894
O=c1[nH]c2nc([N+](=O)[O-])n(C=N[N+](=O)[O-])c2c(=NC=N[N+](=O)[O-])n1[N+](=O)[O-],1.8896362,8.251877,31.695976,5.26355,3.2866042,626.4153,168.22253,137.03279,4.81204326953033
O=c1c2noc([N+](=O)[O-])c2nc(C=N[N+](=O)[O-])n1[N+](=O)[O-],1.8847331,8.366968,32.604626,5.9780345,3.4719777,578.9322,204.82098,136.92857,4.229659554498102
O=c1n(N[N+](=O)[O-])c(=NC=N[N+](=O)[O-])c2nc([N+](=O)[O-])nc([N+](=O)[O-])c2n1N[N+](=O)[O-],1.9027184,8.578984,34.357918,5.715557,3.6166925,633.6579,244.57642,142.92517,4.714562615422285
N=c1c2c(nc(Cl)n1[N+](=O)[O-])n(N[N+](=O)[O-])c(=O)n2N[N+](=O)[O-],1.8640587,8.241536,31.450129,5.270899,3.404101,649.03845,135.19736,136.84396,4.454304388358449
N=c1c2c(nc(N)n2N[N+](=O)[O-])n([N+](=O)[O-])c(=O)n1N[N+](=O)[O-],1.890432,8.333722,32.42528,5.0893407,3.4390228,678.9043,119.22299,146.71434,4.439369003743064
Nc1nc2c(c(=O)n([N+](=O)[O-])c(=O)n2C=N[N+](=O)[O-])n1[N+](=O)[O-],1.901093,8.106489,30.77481,4.8267694,3.0282657,629.0898,-68.43726,153.88048,4.413121311435373
O=c1c2nc([N+](=O)[O-])n(C=N[N+](=O)[O-])c2n(C=N[N+](=O)[O-])c(=O)n1[N+](=O)[O-],1.9122946,8.314341,32.398006,5.2609596,3.2055652,610.08563,29.171144,149.03255,4.661367781989701
Nc1c([N+](=O)[O-])nc2n(C=N[N+](=O)[O-])c([N+](=O)[O-])nn12,1.8813108,8.325132,32.239338,5.399419,3.502216,650.25867,293.49594,189.9954,4.285782849092453
Nc1oc(O)c2nc([N+](=O)[O-])n(C=N[N+](=O)[O-])c(=O)c12,1.8281277,7.2157226,23.816542,4.012954,2.3498263,589.8749,-314.03983,192.53592,4.287332050834108
O=c1c([N+](=O)[O-])c([N+](=O)[O-])nc([N+](=O)[O-])n1C=N[N+](=O)[O-],1.9146277,8.672513,35.147385,5.918611,3.6043699,608.05206,43.328526,187.92247,3.9286231076116565
O=c1n(N[N+](=O)[O-])c2nc([N+](=O)[O-])n([N+](=O)[O-])c(=NN[N+](=O)[O-])c2n1N[N+](=O)[O-],1.9465129,9.043235,38.471447,6.011828,3.9731207,662.9773,233.04602,131.29892,4.683736986298554
O=[N+]([O-])N=CN=c1c2nc([N+](=O)[O-])nc([N+](=O)[O-])c2nnn1C=N[N+](=O)[O-],1.8504527,8.300966,31.77699,5.822213,3.598704,616.9765,553.1992,163.63734,4.694614686811677
O=[N+]([O-])N=Cc1c([N+](=O)[O-])c([N+](=O)[O-])n2c([N+](=O)[O-])nnc2c1C=N[N+](=O)[O-],1.860521,8.361248,32.244583,6.168461,3.63576,587.60785,402.2783,188.83882,4.35998197293709
Nn1c(=NN[N+](=O)[O-])c2[nH]c(=O)n(N)c2n(N[N+](=O)[O-])c1=O,1.8633057,7.957459,29.35304,4.541789,3.1525044,698.79376,10.099948,166.89012,4.416889935436094
Nc1nn2c([N+](=O)[O-])nnc([N+](=O)[O-])c2c1N,1.8221375,7.854356,28.259119,5.158256,3.334112,648.2265,354.1157,253.19751,3.6492973510713256
Nc1c([N+](=O)[O-])nc2n(N)nc([N+](=O)[O-])n12,1.8529365,8.152951,30.647419,5.1434965,3.4953055,682.40137,271.87164,298.50928,3.904629794029651
O=[N+]([O-])N=Cc1oc([N+](=O)[O-])c2nc([N+](=O)[O-])oc12,1.8572949,8.1190195,30.411125,5.747541,3.2356942,559.4014,-6.3268867,174.94308,4.417724056646689
O=c1nc(O)cc2n(C=N[N+](=O)[O-])c([N+](=O)[O-])nn12,1.810397,7.393601,24.7802,4.364057,2.609486,601.82153,-87.57718,180.90405,4.31750776705393
O=[N+]([O-])N=Cc1nnc2c([N+](=O)[O-])nc([N+](=O)[O-])c([N+](=O)[O-])n12,1.8776244,8.534259,33.758686,6.24454,3.7377954,596.81415,455.6672,185.02975,3.9849417906283104
O=[N+]([O-])N=c1c(N[N+](=O)[O-])c(O)[nH]c2[nH]cnc12,1.8195518,7.370127,24.870787,4.306738,2.6909907,628.0595,-28.931349,163.86177,4.124186226619859
O=c1n([N+](=O)[O-])nc([N+](=O)[O-])c2nnc(C=N[N+](=O)[O-])n12,1.8947893,8.542628,34.05876,5.879093,3.6246688,616.0941,349.6038,144.02948,4.22412851054206
O=c1c([N+](=O)[O-])c(C=N[N+](=O)[O-])nc2n([N+](=O)[O-])c(N[N+](=O)[O-])nn12,1.9130063,8.569233,34.35151,5.764885,3.5692823,620.36206,247.14691,138.65651,4.311967320092727
Nc1nc(C=N[N+](=O)[O-])c2c(n1)n([N+](=O)[O-])c(=O)n2[N+](=O)[O-],1.8513427,8.006412,29.631311,5.1007915,3.1790802,625.41565,132.8541,135.09816,4.253450412889675
NN=c1[nH]c([N+](=O)[O-])nc2c1ncn2[N+](=O)[O-],1.8275677,7.790931,27.960289,4.958055,3.208839,650.2861,301.40295,146.7449,4.255056882843901
Nc1c([N+](=O)[O-])nn2c1c(N)c(N[N+](=O)[O-])n1c([N+](=O)[O-])nnc12,1.8520728,7.9674015,29.438618,5.1395936,3.3040924,644.3706,389.3309,147.05605,4.039638092451557
NN=c1[nH]c(=O)n([N+](=O)[O-])c2c1nc([N+](=O)[O-])n2C=N[N+](=O)[O-],1.88255,8.16135,31.010826,5.060514,3.263374,647.8429,168.78644,144.81017,4.681024262255045
O=c1[nH]nc2c(N[N+](=O)[O-])nnc(C=N[N+](=O)[O-])n12,1.8413436,7.9976664,29.459406,5.106366,3.2748253,643.9318,320.49744,143.73013,4.013420541157654
Nn1c([N+](=O)[O-])nc2c(=NN[N+](=O)[O-])[nH]nc(N[N+](=O)[O-])c2c1=O,1.8816597,8.182468,31.21142,5.1549454,3.3552225,653.2639,225.45969,145.96207,4.270918621297711
Nc1c([N+](=O)[O-])nc([N+](=O)[O-])c2nc([N+](=O)[O-])n(N)c12,1.8613429,7.9942923,29.63974,5.233688,3.262046,625.2055,202.818,253.78755,3.680887393024573
O=c1c2nc(N[N+](=O)[O-])n([N+](=O)[O-])c2n(C=N[N+](=O)[O-])c(=O)n1N[N+](=O)[O-],1.9002302,8.443829,33.211838,5.3473587,3.4029238,638.0314,19.893114,137.80363,4.552591617309311
O=c1c2nc3nc([N+](=O)[O-])n(N[N+](=O)[O-])c3nc2n(N[N+](=O)[O-])c(=O)n1N[N+](=O)[O-],1.9141922,8.355431,32.712986,5.2516837,3.2676125,624.40375,129.69235,144.07164,4.368740955815113
O=c1c2n[nH]c(N[N+](=O)[O-])c2c([N+](=O)[O-])nn1C=N[N+](=O)[O-],1.8678689,8.18272,31.048126,5.4194674,3.3738947,624.0665,237.00183,161.15817,4.307182027330173
Nc1nc2nnn([N+](=O)[O-])c(=O)c2n1[N+](=O)[O-],1.8853883,8.285801,32.01246,5.273384,3.38032,642.5344,233.79324,145.53654,4.07606350491748
O=[N+]([O-])NC1=C(N[N+](=O)[O-])N(N[N+](=O)[O-])C([N+](=O)[O-])=C([N+](=O)[O-])C1=C1N=NN=N1,1.9229871,8.980719,37.773663,6.4197326,4.1706586,650.7939,590.2769,136.68571,4.681466519922824
Nn1c(=NN[N+](=O)[O-])c2nc([N+](=O)[O-])nc([N+](=O)[O-])c2n(N)c1=O,1.8783196,8.183381,31.19548,5.18988,3.3783772,653.4823,231.64978,159.4529,4.2239492875065014
O=[N+]([O-])NC1=C([N+](=O)[O-])N(N[N+](=O)[O-])C(N[N+](=O)[O-])=C([N+](=O)[O-])C1=C1N=NN=N1,1.9185723,8.963187,37.59255,6.408329,4.1687245,651.2369,585.6995,132.73865,4.681466519922824
O=[N+]([O-])N=Cc1c([N+](=O)[O-])c([N+](=O)[O-])nn2nnnc12,1.873179,8.534223,33.672375,6.332619,3.8587554,608.6202,597.96906,194.75438,3.888790154365797
O=[N+]([O-])c1cc2c(nnn2[N+](=O)[O-])o1,1.8199756,8.196515,30.583101,6.101203,3.59444,587.8596,213.55905,120.49402,3.9980295735463898
O=c1[nH]c2nc(N[N+](=O)[O-])n3c([N+](=O)[O-])nnc3c2[nH]1,1.8532112,7.524958,26.203848,4.256226,2.6131024,618.3209,129.15106,143.28522,3.779314956230599
Nc1c([N+](=O)[O-])n([N+](=O)[O-])c2c([N+](=O)[O-])cnn2c1=O,1.8562138,8.025089,29.705763,5.3364134,3.2220523,605.00116,67.45592,116.34621,3.6138720084091887
Nc1nc2c(c(=O)n([N+](=O)[O-])c(=O)n2N)n1[N+](=O)[O-],1.8972138,7.9899735,29.927378,4.5606947,2.9723504,655.24194,-78.01884,159.33513,4.0347757881085045
O=[N+]([O-])N=Cc1c([N+](=O)[O-])nn2nnc([N+](=O)[O-])c2c1[N+](=O)[O-],1.8786871,8.584159,34.149532,6.389386,3.8342302,598.0745,475.9482,185.45839,4.076296897816205
O=c1n(N[N+](=O)[O-])c(=NC=N[N+](=O)[O-])c2nc([N+](=O)[O-])[nH]c2n1[N+](=O)[O-],1.9069905,8.503999,33.858555,5.464504,3.4958515,641.1873,166.9061,143.53395,4.740042867390082
Nc1nc2c(nc1[N+](=O)[O-])n([N+](=O)[O-])c(=O)n2C=N[N+](=O)[O-],1.8787781,7.9996233,29.878374,4.8937798,3.0420942,623.33136,82.89511,144.69951,4.288010890343255
O=[N+]([O-])N=CN=c1c2c(nc([N+](=O)[O-])n1C=N[N+](=O)[O-])nc([N+](=O)[O-])n2C=N[N+](=O)[O-],1.8593811,8.318692,31.95272,5.669645,3.5389054,624.7556,415.55118,169.37172,5.050436048366068
Nc1nc2c(n1[N+](=O)[O-])N([N+](=O)[O-])N=C(N[N+](=O)[O-])N2N[N+](=O)[O-],1.9256378,9.028488,38.16091,5.9952,4.160284,696.38837,368.33115,137.69128,4.557322913880128
Nc1nc([N+](=O)[O-])n2c(=O)c([N+](=O)[O-])c(N)nc2n1,1.8030734,7.1522007,23.219557,3.8473282,2.382034,623.0952,-61.873188,261.95596,3.365306789678364
O=[N+]([O-])N=Cc1nc(N[N+](=O)[O-])c2[nH]nc([N+](=O)[O-])c2n1,1.8277407,8.029319,29.613361,5.499218,3.4198174,622.01855,385.48227,150.47987,4.110891393711521
O=c1[nH]c2nc3nonc3nc2n1N[N+](=O)[O-],1.8376104,7.657291,27.06439,4.7734165,2.885399,607.1934,283.3188,147.51895,3.7211771587636324
Nc1nn2c([N+](=O)[O-])nnc2c(N)c1[N+](=O)[O-],1.8626463,7.867207,28.61562,4.8809376,3.1581502,649.5757,294.51385,304.26392,3.4467588895328642
O=c1[nH]c(=O)n(C=N[N+](=O)[O-])c2c1n(C=N[N+](=O)[O-])c(=O)n2[N+](=O)[O-],1.8828446,7.835236,28.52916,4.5271707,2.7571528,612.6795,-209.98996,145.23177,4.561516970442376
Nn1c(=O)n(C=N[N+](=O)[O-])c2c(=O)n([N+](=O)[O-])c([N+](=O)[O-])nc21,1.8896705,8.171027,31.140253,5.107326,3.187897,626.38275,16.165224,139.95276,4.330122849896911
N=c1c2c(nc([N+](=O)[O-])n2N)[nH]c(=O)n1[N+](=O)[O-],1.8759953,7.842641,28.722178,4.4973016,2.9326558,656.1901,43.532352,168.20695,4.0089574881850405
Nc1c([N+](=O)[O-])n(C=N[N+](=O)[O-])c2c(=O)n([N+](=O)[O-])c(C=N[N+](=O)[O-])nc12,1.8532032,8.049209,29.922314,5.383077,3.2814474,610.5679,163.59088,155.27545,4.598264423376484
Nn1c(=O)n(N[N+](=O)[O-])c(=O)c2[nH]ncc21,1.7573082,7.141894,22.857178,4.148221,2.6663313,646.40845,-20.565733,160.33037,3.7618014270477964
Nc1nc2c(c([N+](=O)[O-])nn2[N+](=O)[O-])c(C=N[N+](=O)[O-])c1[N+](=O)[O-],1.8799112,8.257561,31.727274,5.6833653,3.4497426,607.8061,284.0896,150.911,4.094874562231777
O=c1n(C=N[N+](=O)[O-])c(=NN[N+](=O)[O-])c2nc3c(nnn3[N+](=O)[O-])nc2n1N[N+](=O)[O-],1.9007401,8.435845,33.255108,5.48442,3.4816375,636.6275,460.03458,139.36232,4.869425132173826
Nn1nc2nc([N+](=O)[O-])n(N)c(=O)c2c1[N+](=O)[O-],1.8439019,7.913251,28.816885,5.004524,3.202128,642.63055,167.01501,245.7305,3.7565185356482154
O=c1c2c(nc(C=N[N+](=O)[O-])n1[N+](=O)[O-])n([N+](=O)[O-])c(=O)n2C=N[N+](=O)[O-],1.9026331,8.354482,32.65465,5.4439883,3.3118126,609.1489,75.9617,141.7528,4.707434520884609
O=c1[nH]c(=O)n([N+](=O)[O-])c2nc([N+](=O)[O-])n(C=N[N+](=O)[O-])c12,1.9140278,8.086356,30.68225,4.8143015,2.9219604,609.19336,-85.10069,150.21527,4.164763410237155
O=[N+]([O-])Nn1cnc([N+](=O)[O-])c1[N+](=O)[O-],1.8415989,8.856207,35.9783,6.5681624,4.351855,662.9366,217.87433,119.522736,3.598670396910425
Nc1nn(N)c(=O)n2c([N+](=O)[O-])nc([N+](=O)[O-])c12,1.8437562,7.8288403,28.171022,4.7409344,3.058079,647.97076,101.5462,260.02563,3.7866295012783304
O=[N+]([O-])N=Cn1nc2c(N[N+](=O)[O-])nc3nc([N+](=O)[O-])nn3c2c1[N+](=O)[O-],1.8738339,8.361548,32.492367,5.7309666,3.540265,617.8908,525.53656,141.0896,4.383169165209992
Nn1c([N+](=O)[O-])nc2n[nH]nc2c1=NN[N+](=O)[O-],1.8521204,8.281157,31.740816,5.481588,3.7204678,681.66846,499.14688,158.51323,4.186403495065698
Nn1nc([N+](=O)[O-])c2nn[nH]c2c1=O,1.808519,7.646818,26.653803,4.7870307,3.0798266,646.2527,255.60043,260.9785,3.804041314437077
O=[N+]([O-])c1cn2c([N+](=O)[O-])nnc2n1[N+](=O)[O-],1.8875792,8.7528,35.605618,6.4441447,4.008752,620.3419,368.99545,114.793945,3.882817351071325
NN=C1ON(NN=C[N+](=O)[O-])C12C1=NNN2C(=N[N+](=O)[O-])OC1=NN[N+](=O)[O-],1.8388516,8.463766,32.8553,5.7954235,3.932554,682.4732,437.65652,166.13623,6.988016342886447
Nn1c([N+](=O)[O-])c([N+](=O)[O-])n2c(=O)c3c(N[N+](=O)[O-])nc([N+](=O)[O-])nc3nc12,1.9000818,8.091823,30.697964,5.0949016,3.0790365,605.446,127.703156,142.99815,4.008218563373681
O=[N+]([O-])c1cc([N+](=O)[O-])c2[nH]nnc2n1,1.7215317,7.3554792,23.822657,5.1852403,3.0130525,582.46027,268.87125,265.02222,3.469944375839564
Nc1nc(=O)c2c(nc(N[N+](=O)[O-])n2[N+](=O)[O-])[nH]1,1.827837,7.588955,26.421885,4.3139105,2.788707,650.0953,7.423205,150.6024,3.6926336952226846
Nc1nc([N+](=O)[O-])nc2nc([N+](=O)[O-])c(N[N+](=O)[O-])n12,1.860033,8.13631,30.660526,5.0899262,3.2913995,648.92883,204.14066,143.33592,3.7975596270314957
Nc1nnc2c([N+](=O)[O-])nn(N[N+](=O)[O-])c(=O)n12,1.8597015,8.223733,31.2678,5.1139374,3.403877,668.5126,246.35577,139.9104,3.8232981182996078
O=[N+]([O-])N=Cc1nc2c(nc1[N+](=O)[O-])nc([N+](=O)[O-])n2[N+](=O)[O-],1.8799407,8.469965,33.397892,6.058157,3.6234934,596.67633,393.32553,132.87685,4.244030567425284
Nn1c([N+](=O)[O-])nc2c([N+](=O)[O-])nc(N[N+](=O)[O-])nc2c1=N[N+](=O)[O-],1.9026582,8.553287,34.24142,5.7332454,3.6672177,640.49866,375.78903,133.1657,4.125797390022797
O=c1[nH]c2[nH]c(=O)n(C=N[N+](=O)[O-])c2c(=O)n1N[N+](=O)[O-],1.855273,7.4867716,25.881695,3.9842548,2.482541,627.9873,-285.55817,161.3601,4.335384829223379
O=c1cc(N[N+](=O)[O-])nc2c(n1)nc1[nH]c([N+](=O)[O-])c([N+](=O)[O-])n12,1.8339368,7.504402,25.887106,4.6311755,2.6861928,582.2532,111.58383,157.28767,3.9669168276586575
O=c1[nH]c2c([nH]c(=O)n2C=N[N+](=O)[O-])c(=NN[N+](=O)[O-])n1N[N+](=O)[O-],1.885646,8.021026,29.885096,4.6297374,3.017284,656.18396,-68.54856,158.22807,4.670836081182384
NN=c1c2c(=N[N+](=O)[O-])n([N+](=O)[O-])c(=O)n(C=N[N+](=O)[O-])c2[nH]c(=O)n1N[N+](=O)[O-],1.9167612,8.36681,32.795246,5.088981,3.320279,655.25824,50.281696,148.62482,4.850483964578503
O=c1c2nc([N+](=O)[O-])n(N[N+](=O)[O-])c2n(C=N[N+](=O)[O-])c(=O)n1[N+](=O)[O-],1.9258074,8.5364685,34.20916,5.463249,3.398479,623.2434,18.781878,131.25424,4.488219987201217
O=c1nc2n(C=N[N+](=O)[O-])nc([N+](=O)[O-])n2o1,1.8862367,8.331463,32.175465,5.3711634,3.3300133,621.6563,101.31784,180.25595,4.459895678830523
O=c1n([N+](=O)[O-])nc(C=N[N+](=O)[O-])c2c([N+](=O)[O-])nc([N+](=O)[O-])n12,1.9064289,8.542553,34.166237,5.8627205,3.5410104,602.4465,215.6614,153.4026,4.294802034759249
N=c1c2c(n(N)c(=O)n2N[N+](=O)[O-])n([N+](=O)[O-])c(=O)n1N[N+](=O)[O-],1.9079528,8.455017,33.471203,5.1802635,3.4919627,677.3721,28.049212,146.3732,4.511906253121532
Nc1c([N+](=O)[O-])n2c(=O)c(C=N[N+](=O)[O-])c([N+](=O)[O-])nc2n1[N+](=O)[O-],1.8955632,8.229978,31.589346,5.3407636,3.2531922,609.9702,61.29923,160.03456,4.231460230259483
O=c1n(N[N+](=O)[O-])c2nc([N+](=O)[O-])n([N+](=O)[O-])c(=NC=N[N+](=O)[O-])c2n1N[N+](=O)[O-],1.9137189,8.778673,35.97524,5.8858676,3.8096018,648.8027,236.79803,126.91023,4.845299543935854
Nc1c([N+](=O)[O-])nc2n([N+](=O)[O-])c(C=N[N+](=O)[O-])c([N+](=O)[O-])c(=O)n12,1.9025445,8.267444,31.97087,5.379108,3.2800915,610.4356,77.09221,134.0047,4.205757508365993
Nc1c([N+](=O)[O-])c([N+](=O)[O-])c(N[N+](=O)[O-])n2nnnc12,1.8956947,8.530147,33.97695,5.861045,3.7711074,644.75775,411.32413,136.27528,3.5525610784103065
N=c1c2c(nc([N+](=O)[O-])n1[N+](=O)[O-])c(=NN[N+](=O)[O-])n(C=N[N+](=O)[O-])c(=O)n2C=N[N+](=O)[O-],1.8925971,8.3805895,32.71147,5.4372244,3.4364624,633.885,224.27438,136.0178,5.046589586512178
O=c1c2c(nc([N+](=O)[O-])n1[N+](=O)[O-])n(C=N[N+](=O)[O-])c(=O)n2N[N+](=O)[O-],1.9144318,8.474576,33.640274,5.441706,3.376788,621.37524,6.7839837,137.8757,4.470146684033796
O=c1c2c(nc([N+](=O)[O-])n2[N+](=O)[O-])n(N[N+](=O)[O-])c(=O)n1C=N[N+](=O)[O-],1.908824,8.472495,33.559765,5.4467087,3.3881476,623.23596,-3.2448246,137.22289,4.505719082223843
Nn1c(=O)[nH]c2cnc([N+](=O)[O-])n2c1=O,1.7755128,6.8407607,21.01902,3.499681,2.1677577,623.9678,-172.6189,257.93964,3.7007300418808393
N=c1[nH]c(=N[N+](=O)[O-])n([N+](=O)[O-])c2c1n(N[N+](=O)[O-])c(=O)n2N,1.8964922,8.404032,32.942757,5.201874,3.5182505,680.9415,153.51636,146.98456,4.710370542204602
Nn1c([N+](=O)[O-])c2n3c(nnc3c1=O)N([N+](=O)[O-])N=C2,1.8704321,7.945093,29.405901,5.2357965,3.1977859,611.88055,369.1309,139.42094,4.1660465646222065
O=[N+]([O-])NN=c1nc[nH]c2c1nc([N+](=O)[O-])n2N[N+](=O)[O-],1.8458363,8.214131,31.086113,5.4514427,3.5578709,654.80914,338.17288,146.05075,4.418616090067797
O=[N+]([O-])N=C(c1nc2c(nc([N+](=O)[O-])n3c(N[N+](=O)[O-])nnc23)n1[N+](=O)[O-])[N+](=O)[O-],1.9080006,8.696306,35.383068,6.079557,3.7553658,616.55084,525.93176,121.8672,4.398035955815113
O=c1n(C=N[N+](=O)[O-])c(=N[N+](=O)[O-])c2c(n1C=N[N+](=O)[O-])n(C=N[N+](=O)[O-])c(=O)n2C=N[N+](=O)[O-],1.8608754,8.15373,30.65181,5.1850314,3.250091,628.70667,98.52481,153.93279,5.248901459553123
O=c1c2[nH]c([N+](=O)[O-])nc2n(C=N[N+](=O)[O-])c(=O)n1N[N+](=O)[O-],1.8746023,7.988685,29.631058,4.795085,2.9783256,623.4354,-82.493935,148.6377,4.300259571208385
O=[N+]([O-])N=Cc1nnc2c([N+](=O)[O-])[nH][nH]c1-2,1.8000356,7.8679137,28.180773,5.617034,3.5028183,623.9203,421.89493,184.92055,4.342806167656025
O=c1c2nnn([N+](=O)[O-])c2nc([N+](=O)[O-])n1C=N[N+](=O)[O-],1.8922786,8.447787,33.23622,5.679027,3.493515,616.0129,301.68,128.14,4.266480433618983
O=c1c([N+](=O)[O-])c(C=N[N+](=O)[O-])n(C=N[N+](=O)[O-])c2nc([N+](=O)[O-])c([N+](=O)[O-])n12,1.892172,8.346822,32.42299,5.6896873,3.3791804,592.55963,140.85745,185.09773,4.43661046807993
O=c1c2nnn(C=N[N+](=O)[O-])c2nc([N+](=O)[O-])n1[N+](=O)[O-],1.9005141,8.503188,33.798355,5.751286,3.5471413,616.6235,326.61057,127.34573,4.236426862190411
O=c1n(N[N+](=O)[O-])c(=NC=N[N+](=O)[O-])c2c(nc([N+](=O)[O-])n2[N+](=O)[O-])n1N[N+](=O)[O-],1.9184839,8.826469,36.43508,5.9255633,3.8469872,650.4622,249.393,137.4764,4.845299543935854
O=[N+]([O-])N=Cc1c([N+](=O)[O-])nnc([N+](=O)[O-])c1[N+](=O)[O-],1.8719908,8.7359085,35.32561,6.6619864,4.0356584,603.12427,341.08847,183.10948,3.8929678663973544
Nc1nc([N+](=O)[O-])c2c([N+](=O)[O-])nn(N)c(=O)n12,1.8519781,7.7914658,27.967522,4.590963,2.9665098,649.6773,76.84802,248.9476,3.769092021736596
O=c1c2nc(C=N[N+](=O)[O-])nc([N+](=O)[O-])c2nc([N+](=O)[O-])n1N[N+](=O)[O-],1.8622322,8.204089,31.15026,5.580616,3.341377,598.6236,218.27301,133.37859,4.288421462707808
O=[N+]([O-])N=Cc1c(N[N+](=O)[O-])nc([N+](=O)[O-])n2nc([N+](=O)[O-])nc12,1.880555,8.445115,33.153687,5.8255906,3.6135566,620.4229,373.8892,140.9938,4.178021746297711
Nn1c(=O)n([N+](=O)[O-])c(=NC=N[N+](=O)[O-])c2c1n(C=N[N+](=O)[O-])c(=O)n2[N+](=O)[O-],1.9091749,8.412263,33.128025,5.320197,3.406735,642.81836,95.60339,134.61441,5.0047400227358
O=[N+]([O-])N=Cc1nc2c(c([N+](=O)[O-])nn2[N+](=O)[O-])c2nc([N+](=O)[O-])c(N[N+](=O)[O-])n12,1.8860633,8.42583,33.037823,5.876345,3.555162,604.5703,429.57285,135.30904,4.458619801968961
Nc1nn2c([N+](=O)[O-])c([N+](=O)[O-])cnc2c1[N+](=O)[O-],1.8669724,7.998847,29.702545,5.3918242,3.2287297,599.30664,220.98727,237.67305,3.3035667896783636
Nn1c(=O)c2c(n(N[N+](=O)[O-])c(=O)n2C=N[N+](=O)[O-])n([N+](=O)[O-])c1=O,1.8976859,8.214805,31.489576,4.9529376,3.1783009,644.668,-112.224434,147.33786,4.520357034993211
Nc1onc2c([N+](=O)[O-])nc(N[N+](=O)[O-])nc12,1.8158959,7.8947873,28.55564,5.2977424,3.3013823,625.7865,227.22528,132.99629,3.707995344382362
O=[N+]([O-])Nc1c([N+](=O)[O-])c2[nH]ncc2n1N[N+](=O)[O-],1.8199188,8.247777,30.989822,5.8858566,3.795195,646.40204,314.64737,149.46356,3.96962179420325
O=[N+]([O-])Nn1c([N+](=O)[O-])nc2[nH]cc([N+](=O)[O-])c21,1.8211322,8.134421,30.209824,5.6782084,3.5446074,625.77,203.20944,132.62314,3.842622156761146
Nc1n[nH]c2nnc([N+](=O)[O-])n12,1.810869,7.7732315,27.558857,4.631389,3.215121,696.8033,330.65628,296.15488,3.7428534495197257
O=c1[nH]c2nnnn2[nH]c1=O,1.8080088,7.1196766,23.069468,3.6312323,2.3406909,646.73663,57.63509,275.30624,3.8598742817066594
Nn1nc([N+](=O)[O-])c2nc(C=N[N+](=O)[O-])c([N+](=O)[O-])nc21,1.8457471,8.150344,30.650686,5.680929,3.5329893,622.1864,432.293,189.93402,4.203537301750851
O=c1n(N[N+](=O)[O-])c2nc3nc([N+](=O)[O-])n([N+](=O)[O-])c3c(C=N[N+](=O)[O-])c2n1N[N+](=O)[O-],1.8895601,8.404741,32.849987,5.6746817,3.4831088,615.168,256.6776,137.14198,4.708888620223991
Nc1nc2n([N+](=O)[O-])ncn2c1[N+](=O)[O-],1.8506151,8.069548,30.10416,5.2214746,3.3895564,652.1983,258.2174,147.80591,4.008471195726994
Nc1nc2c(=O)c([N+](=O)[O-])nn(N)c2n1[N+](=O)[O-],1.841911,7.9105406,28.817694,4.9527864,3.2030194,649.69,171.44345,176.06918,4.005825900623666
O=c1c2nc(C=N[N+](=O)[O-])nnc2n(C=N[N+](=O)[O-])c(=O)n1[N+](=O)[O-],1.8741866,8.016254,29.894833,5.1264496,3.0712087,599.8454,182.91068,146.43837,4.532229881412004
Nn1c(=N[N+](=O)[O-])c2ncn([N+](=O)[O-])c2n(N[N+](=O)[O-])c1=O,1.8943201,8.478408,33.43704,5.5282755,3.642614,661.3181,220.87799,141.47498,4.407555717929462
N=c1c2nc3[nH]nc([N+](=O)[O-])c3c(N[N+](=O)[O-])c2nc(N)n1[N+](=O)[O-],1.8497994,7.6345463,27.056604,4.6451,2.8875682,624.3638,266.29285,149.84201,4.151962832043462
O=c1n(O)c2c[nH]nc2c2nc([N+](=O)[O-])nn12,1.8040519,7.196958,23.570187,4.3649635,2.5544488,587.73206,123.25516,274.97467,3.8598547978798363
NN=c1c2cc([N+](=O)[O-])oc2nc([N+](=O)[O-])n1N[N+](=O)[O-],1.8211261,8.021566,29.312511,5.5288053,3.4169972,620.2078,168.09085,143.00491,4.096815598454147
Nn1c([N+](=O)[O-])nc2c(c1=O)n([N+](=O)[O-])c(=O)n2C=N[N+](=O)[O-],1.9043121,8.179592,31.404467,5.026538,3.1398094,625.7389,-5.1649604,152.86356,4.330122849896911
Nc1nc2cc([N+](=O)[O-])nn2c(=O)n1[N+](=O)[O-],1.8248758,7.6411777,26.739836,4.5826826,2.861031,628.18854,47.2264,176.45177,3.656669658763634
Nn1c(=NN[N+](=O)[O-])c2c(=NC=N[N+](=O)[O-])n([N+](=O)[O-])c(N[N+](=O)[O-])nc2n([N+](=O)[O-])c1=O,1.9092253,8.643174,34.883617,5.605201,3.7003798,662.5548,287.43,137.07155,4.975237331870269
Nc1nn2c([N+](=O)[O-])nc(C=N[N+](=O)[O-])c([N+](=O)[O-])c2c1[N+](=O)[O-],1.8673205,8.238811,31.452345,5.723767,3.4822998,607.7124,309.5497,198.70305,4.024503133660348
Nn1nc([N+](=O)[O-])c2cn([N+](=O)[O-])nc2c1=O,1.8388587,7.966169,29.193296,5.3596745,3.328481,622.83435,211.8931,153.8055,3.960848120302094
O=c1n([N+](=O)[O-])c(=NC=N[N+](=O)[O-])c2c(n1C=N[N+](=O)[O-])n(C=N[N+](=O)[O-])c(=O)n2C=N[N+](=O)[O-],1.8687471,8.196056,31.07718,5.239656,3.2771103,628.0372,122.507416,138.10896,5.394270886610668
Nc1c([N+](=O)[O-])nc2nc([N+](=O)[O-])c(C=N[N+](=O)[O-])n2c1N,1.8220615,7.6787825,26.99067,4.8509474,3.0506716,631.24445,212.29001,187.80304,4.080571633048825
Nc1nc([N+](=O)[O-])nc([N+](=O)[O-])c1C=N[N+](=O)[O-],1.8020098,7.992451,29.001167,5.3850703,3.410342,634.9439,154.9761,180.10165,3.873327046286514
Nn1c([N+](=O)[O-])nc2nc3c(nc2c1=O)c([N+](=O)[O-])c1n(C=N[N+](=O)[O-])nc([N+](=O)[O-])n31,1.8835353,7.871908,28.87998,5.01812,2.9355466,586.1172,322.54947,197.75208,4.3850227441848455
Nc1nc2c(c(=NN[N+](=O)[O-])n1C=N[N+](=O)[O-])n([N+](=O)[O-])c(=O)n2[N+](=O)[O-],1.9039558,8.488567,33.68519,5.410364,3.52271,653.5432,187.31677,144.22345,4.784994434210719
NN=c1[nH]c(=O)[nH]c2nc([N+](=O)[O-])n(N[N+](=O)[O-])c12,1.8370568,7.7296095,27.427464,4.435997,2.9538896,671.0559,75.83765,146.47707,4.208666138094651
O=c1[nH]cnc2nc([N+](=O)[O-])n([N+](=O)[O-])c12,1.8141243,7.545294,25.995867,4.7295055,2.7838342,590.38477,44.642445,146.43439,3.614990335813448
O=c1n([N+](=O)[O-])c(=NC=N[N+](=O)[O-])c2c(nc([N+](=O)[O-])n2N[N+](=O)[O-])n1[N+](=O)[O-],1.9419392,8.897048,37.26577,6.0047603,3.8237674,637.0722,245.66675,122.915955,4.788075042978717
N=c1c2c(=N[N+](=O)[O-])n(C=N[N+](=O)[O-])c(=O)n(N[N+](=O)[O-])c2nc([N+](=O)[O-])n1N[N+](=O)[O-],1.9106983,8.561544,34.201557,5.536339,3.5778852,648.28613,185.10773,138.15857,4.8461183358025295
Nc1nc(=O)[nH]c2c([N+](=O)[O-])nn(C=N[N+](=O)[O-])c12,1.8078779,7.3675566,24.656466,4.20292,2.6396487,632.1688,51.928257,199.37415,4.146287857551666
O=c1[nH]c(=O)n([N+](=O)[O-])c2[nH]c(C=N[N+](=O)[O-])c(C(=C([N+](=O)[O-])[N+](=O)[O-])[N+](=O)[O-])c12,1.8966732,8.104613,30.597439,5.1539874,3.0309482,589.2123,-164.2679,172.41298,4.544174032738191
NN=c1[nH]c([N+](=O)[O-])nc2c1n([N+](=O)[O-])c(=O)n2C=N[N+](=O)[O-],1.8893334,8.1154585,30.80566,4.9678125,3.1854768,643.2444,145.03506,151.83434,4.633273190376103
O=c1n(C=N[N+](=O)[O-])nc([N+](=O)[O-])c2c([N+](=O)[O-])c(N[N+](=O)[O-])nn12,1.9011142,8.59737,34.537277,5.8663483,3.661866,624.21497,270.7053,126.73686,4.215956830582238
Nc1nc(N[N+](=O)[O-])c2c(=O)n([N+](=O)[O-])c(=O)n(N)c2n1,1.8440982,7.539102,26.27148,4.136072,2.677905,650.7596,-104.4252,148.64642,3.7482763477048966
O=c1c2nonc2nc(C=N[N+](=O)O[N+](=O)[O-])n1[N+](=O)[O-],1.8841606,8.581072,34.153027,6.190488,3.7141652,599.36084,289.34305,131.03256,4.4404128512014
O=[N+]([O-])N=Cc1c2c([N+](=O)[O-])nnnc2nn1[N+](=O)[O-],1.8625839,8.551139,33.785572,6.4251895,3.9357593,611.41095,604.5799,140.4064,4.345895282570925
O=[N+]([O-])Nc1nc([N+](=O)[O-])nc2c1ncn2[N+](=O)[O-],1.8822911,8.291701,32.086937,5.5536222,3.4483128,621.10187,284.5224,129.37495,3.787048038547143
O=[N+]([O-])c1cn2c([N+](=O)[O-])cnc2c([N+](=O)[O-])n1,1.8140202,7.796873,27.735153,5.564922,3.1632564,568.3506,200.87354,244.50003,3.4080981182996064
N=c1c2c(nc3n([N+](=O)[O-])c([N+](=O)[O-])nn23)c(N)c(O)n1N[N+](=O)[O-],1.869111,7.945028,29.376276,4.921501,3.1306124,638.8771,142.68362,152.14479,4.432686900512307
O=c1oc(C=N[N+](=O)[O-])nc2c([N+](=O)[O-])oc(O)c12,1.8401048,7.329298,24.60352,4.367859,2.3563805,541.1908,-413.34708,180.54056,4.1153593507643365
Nc1nc2[nH]c([N+](=O)[O-])nc2c(=O)n1[N+](=O)[O-],1.8708826,7.653062,27.346268,4.260414,2.666888,629.3223,-24.83769,178.3742,3.7932542741482482
Nc1c(C=N[N+](=O)[O-])c(=O)nc2n([N+](=O)[O-])c([N+](=O)[O-])nn12,1.8658342,8.032453,29.839708,5.104483,3.1638806,623.0867,135.99799,130.79895,4.191749086629729
O=c1c2c([N+](=O)[O-])n([N+](=O)[O-])cc2nc([N+](=O)[O-])n1C=N[N+](=O)[O-],1.8619196,8.143287,30.586323,5.6040587,3.286149,586.01355,96.58035,147.45506,4.330582254539468
Nc1nc2[nH]c(=O)n(N[N+](=O)[O-])c(=O)c2n1[N+](=O)[O-],1.8623561,7.701843,27.416035,4.210687,2.7171514,649.81866,-161.3663,158.7626,3.9891978666014403
O=c1c2c([N+](=O)[O-])[nH]c(=O)n2nc([N+](=O)[O-])n1C=N[N+](=O)[O-],1.9166673,8.120637,30.94709,4.9063373,2.9586966,605.7567,-58.947735,188.6705,4.241547495117792
O=c1[nH]c2c(nc([N+](=O)[O-])n2N[N+](=O)[O-])c(=NC=N[N+](=O)[O-])n1[N+](=O)[O-],1.9237822,8.533192,34.21208,5.409412,3.4587617,641.7135,154.71106,132.51654,4.706781997824864
O=[N+]([O-])N=Cc1c([N+](=O)[O-])nc2nnc([N+](=O)[O-])c(C=N[N+](=O)[O-])c2c1[N+](=O)[O-],1.8518105,8.174735,30.793652,6.0063195,3.4584148,574.32275,437.90933,174.08165,4.392216769673073
O=c1[nH]c2nc([N+](=O)[O-])n(C=N[N+](=O)[O-])c(=N[N+](=O)[O-])c2n1N[N+](=O)[O-],1.8978164,8.439831,33.128624,5.402905,3.4548268,641.74725,149.92322,148.34067,4.543935175082389
O=c1n([N+](=O)[O-])c(C=N[N+](=O)[O-])c([N+](=O)[O-])c2nc(C=N[N+](=O)[O-])c([N+](=O)[O-])n12,1.8963262,8.428291,33.120346,5.83591,3.4758966,594.4575,185.78244,152.59715,4.530855407351185
Nc1nn2c(N[N+](=O)[O-])nc([N+](=O)[O-])c2c(=O)n1[N+](=O)[O-],1.8958533,8.380302,32.865326,5.294859,3.4158478,646.59283,136.22897,143.61581,4.0529445994531486
O=c1c2c([N+](=O)[O-])c[nH]c2nc2n([N+](=O)[O-])c([N+](=O)[O-])c(C=N[N+](=O)[O-])n12,1.8606279,7.7931623,28.156769,5.1084867,2.92501,573.3844,82.058014,137.63194,4.214729807991867
O=[N+]([O-])N=Cc1c([N+](=O)[O-])nc2nnnn2c1N[N+](=O)[O-],1.8621475,8.464841,33.061268,5.971437,3.8042085,637.50446,567.0059,130.02548,4.113106778326905
Nc1c(N)n(N[N+](=O)[O-])c(=O)n(N[N+](=O)[O-])c1=NN[N+](=O)[O-],1.8759578,8.494705,33.389477,5.2301335,3.7580738,722.30133,75.172714,157.40453,4.50986991589121
O=c1[nH]c([N+](=O)[O-])nc2c1n(C=N[N+](=O)[O-])c(=O)n2N[N+](=O)[O-],1.877738,7.9998527,29.745026,4.815696,2.9886916,623.41003,-68.85643,146.15755,4.3506573013471
Nc1c([N+](=O)[O-])n(N)c(=NN[N+](=O)[O-])c2n[nH]nc12,1.8331974,7.9466033,29.104774,5.1108956,3.4828203,685.58563,407.91934,171.32132,4.17666251818515
O=c1n(C=N[N+](=O)[O-])c(=NN[N+](=O)[O-])c2nc([N+](=O)[O-])n([N+](=O)[O-])c2n1N[N+](=O)[O-],1.9215884,8.806354,36.314938,5.876831,3.8024683,648.4706,244.64728,139.67119,4.863900712387655
N=c1c2ncn(N[N+](=O)[O-])c2nc([N+](=O)[O-])n1[N+](=O)[O-],1.8725202,8.304423,31.989342,5.5545273,3.5482368,640.4531,306.02048,132.53674,4.087064416581569
Nc1nc2c(c(=N[N+](=O)[O-])n1N[N+](=O)[O-])n([N+](=O)[O-])c(=O)n2N,1.892032,8.398533,32.860302,5.202307,3.5251896,681.2505,164.91891,148.50389,4.389742080666141
Nn1c(=NN[N+](=O)[O-])c2nc([N+](=O)[O-])nc(O)c2n(N)c1=O,1.856717,7.711897,27.577625,4.448095,2.9105246,657.07794,11.947619,170.61626,4.248198423499755
O=c1c2nonc2nc(C=N[N+](=O)[O-])n1[N+](=O)[O-],1.8626207,8.294865,31.853357,5.9550233,3.5276248,591.7312,328.0705,134.08493,4.158349491925981
Nn1c([N+](=O)[O-])nc2nnc([N+](=O)[O-])nc21,1.8594561,8.247311,31.564453,5.572307,3.5569913,639.36884,438.80643,253.64896,3.8058643966363466
O=c1c([N+](=O)[O-])c(C=N[N+](=O)[O-])n([N+](=O)[O-])c2nnc(N[N+](=O)[O-])n12,1.8977256,8.571833,34.237003,5.862793,3.6472938,621.7719,275.0493,122.96193,4.237676411001818
NC1=CC(=C2N=NN2O[N+](=O)[O-])C(N)=C([N+](=O)[O-])N1[N+](=O)[O-],1.8353723,8.197454,30.741684,5.679353,3.6535926,646.055,265.97726,137.23267,4.796066858513017
O=[N+]([O-])N=Cc1nc2c([N+](=O)[O-])nc([N+](=O)[O-])nc2[nH]1,1.8281323,7.86846,28.38567,5.244556,3.1371105,598.9618,259.93222,180.62305,4.071705538981181
Nc1nc2nc([N+](=O)[O-])n([N+](=O)[O-])c2c(=N[N+](=O)[O-])n1C=N[N+](=O)[O-],1.8613384,8.380693,32.364136,5.6455317,3.6075532,640.39343,332.7134,138.58955,4.5617687186941245
O=c1c([N+](=O)[O-])c2cc([N+](=O)[O-])cnn2c(=O)n1[N+](=O)[O-],1.8809079,7.840561,28.651373,5.1122637,2.8679216,560.47736,-91.74281,161.74025,3.3700397043482537
O=[N+]([O-])c1nc([N+](=O)[O-])c2nc[nH]c2n1,1.7855265,7.3708353,24.584373,4.703302,2.7492416,587.5199,157.52075,244.33649,3.4655440006050418
O=[N+]([O-])c1n[nH]c2onnc12,1.8400229,8.149341,30.46607,5.6688466,3.4966717,616.84265,291.84512,287.17896,4.013932842500704
Nc1nc2c([nH]1)c(=N[N+](=O)[O-])n(N)c(=O)n2[N+](=O)[O-],1.8638391,7.8853865,28.89759,4.5280633,3.049751,676.959,74.366516,145.05185,4.069397558909133
N=c1c2c(nc(N)n1N[N+](=O)[O-])nc([N+](=O)[O-])n2N[N+](=O)[O-],1.8502578,8.185925,30.891378,5.173113,3.4932895,678.41974,272.01794,144.52068,4.31885200440161
Nc1nc(C=N[N+](=O)[O-])nc2c(=NN[N+](=O)[O-])n([N+](=O)[O-])c([N+](=O)[O-])nc12,1.8264812,8.117257,30.133167,5.5044928,3.4745624,633.0338,390.19772,135.88867,4.523922115684176
N=c1c2c(=O)n(N=CN[N+](=O)[O-])c([N+](=O)[O-])nc2n(C=N[N+](=O)[O-])c(=O)n1[N+](=O)[O-],1.8810374,8.073411,30.359158,4.9907885,3.1064465,624.47656,45.94472,152.2009,4.753916681228941
Nc1n[nH]c(=O)n2c([N+](=O)[O-])c(N[N+](=O)[O-])nc12,1.8611957,7.8229957,28.433443,4.5921006,2.9754684,650.9129,88.02252,151.14302,3.550736579838069
O=[N+]([O-])N=Cc1nn([N+](=O)[O-])c2oc([N+](=O)[O-])nc12,1.8767939,8.464108,33.24219,6.0649,3.6367805,598.4013,260.934,135.40927,4.612620889225875
O=[N+]([O-])N=Cc1noc2c1c([N+](=O)[O-])nn2[N+](=O)[O-],1.8640326,8.609293,34.219868,6.622233,3.9650657,596.3392,395.37057,140.2353,4.426900527234926
O=[N+]([O-])N=Cn1c([N+](=O)[O-])c([N+](=O)[O-])n2nnnc12,1.8932183,8.825417,36.14605,6.388054,4.076389,637.9972,539.6568,200.75488,4.149738536284698
O=[N+]([O-])N=Cc1nc([N+](=O)[O-])c2nc([N+](=O)[O-])nn2c1N[N+](=O)[O-],1.876422,8.487929,33.45556,5.967426,3.694878,618.6188,416.0433,134.41602,4.201097227066941
Nn1c(C=N[N+](=O)[O-])nc2c(=N[N+](=O)[O-])n([N+](=O)[O-])c(=O)n(N)c21,1.87235,8.286341,31.854557,5.4073415,3.5522957,659.62463,284.69962,136.70865,4.605413023770238
Nn1c(=N[N+](=O)[O-])c2nc(C=N[N+](=O)[O-])n([N+](=O)[O-])c2n([N+](=O)[O-])c1=O,1.9117913,8.653037,35.018127,5.8389325,3.7322211,640.40497,279.01947,126.91795,4.672880846929725
Nc1c([N+](=O)[O-])c([N+](=O)[O-])nc2c1nnn2N,1.8316545,7.8639984,28.425484,5.109595,3.3041613,649.6506,335.8915,240.30515,3.70042350491748
O=c1[nH]c2ncnc([N+](=O)[O-])c2n1[N+](=O)[O-],1.8373408,7.600797,26.625755,4.6373024,2.754477,596.4527,19.796999,130.42313,3.530786400214163
O=[N+]([O-])N=Cc1nc(C=N[N+](=O)[O-])c2c(=N[N+](=O)[O-])nc([N+](=O)[O-])[nH]c2n1,1.83112,7.9436803,28.936316,5.400438,3.2574942,603.7805,372.1395,152.47812,4.698779913365946
O=c1c2c(C=N[N+](=O)[O-])n[nH]c(=N[N+](=O)[O-])c2n(C=N[N+](=O)[O-])c(=O)n1N[N+](=O)[O-],1.8678105,8.128283,30.561773,5.227906,3.2472675,622.8672,116.36908,153.07846,4.8715726865843445
Nc1nn(O)c2nc([N+](=O)[O-])n(N[N+](=O)[O-])c(=O)c12,1.8503143,7.9871974,29.420586,4.9526877,3.1911433,648.1585,35.033024,139.65456,3.926372328139901
O=c1n([N+](=O)[O-])c2c(=NC=N[N+](=O)[O-])n3cnnc3n(C=N[N+](=O)[O-])c2n1[N+](=O)[O-],1.8680602,8.212876,31.277977,5.4304786,3.372873,622.29095,384.8029,134.54219,5.003494545558704
O=[N+]([O-])N=Cn1nc2c(N[N+](=O)[O-])c([N+](=O)[O-])n(N[N+](=O)[O-])c2n1,1.882796,8.822595,36.134804,6.350462,4.166639,656.2108,508.21237,139.56168,4.598137852066941
Nc1c(N[N+](=O)[O-])n(C=N[N+](=O)[O-])c2nc([N+](=O)[O-])nn2c1=O,1.8741093,8.070364,30.240341,4.956813,3.1868572,644.9231,144.09909,154.62987,4.245816948257566
Nn1c(N[N+](=O)[O-])nc2c1c(=N[N+](=O)[O-])[nH]c(=O)n2[N+](=O)[O-],1.9312327,8.463584,33.773155,5.123756,3.40489,666.9576,125.03516,153.28743,4.352089935436093
Nc1n[nH]c2c(=O)n(N)nc([N+](=O)[O-])c12,1.7678051,7.083936,22.572655,4.0385776,2.639239,656.98785,114.19299,294.18365,3.6220769649577624
Nn1c(=NC=N[N+](=O)[O-])c2c(n(N)c1=O)n([N+](=O)[O-])c(=O)n2[N+](=O)[O-],1.9002057,8.335315,32.519314,5.1513295,3.4010935,663.5669,97.06583,148.2986,4.735873484697352
O=c1[nH]c2cc([N+](=O)[O-])c3nc([N+](=O)[O-])nn3c2n1C=N[N+](=O)[O-],1.8496743,7.5474873,26.237495,4.65323,2.6985638,582.60504,114.434265,183.22508,4.0227189578361715
O=c1n(C=N[N+](=O)[O-])nc(N[N+](=O)[O-])c2nnc([N+](=O)[O-])n12,1.8813398,8.472982,33.415436,5.6214128,3.5940547,639.5568,330.20892,144.79373,4.227428181176327
O=c1c2[nH]c(NC=N[N+](=O)[O-])c([N+](=O)[O-])c2ncn1[N+](=O)[O-],1.8548297,7.76996,27.99376,4.9058347,2.9660451,606.1863,55.09197,159.63762,4.212784113379717
O=c1c(C=N[N+](=O)[O-])c([N+](=O)[O-])nc2n([N+](=O)[O-])c(N[N+](=O)[O-])nn12,1.8983263,8.504794,33.65409,5.7283263,3.545367,619.70056,224.47049,138.3509,4.344195292120698
Nn1c(=O)[nH]c2[nH]nnc2c1=NN[N+](=O)[O-],1.819611,7.6278663,26.620499,4.306051,2.9999094,700.9482,227.47379,172.08946,4.3955474263972825
Nn1c(=O)n([N+](=O)[O-])c(=NC=N[N+](=O)[O-])c2c1n([N+](=O)[O-])c(=O)n2C=N[N+](=O)[O-],1.9098438,8.418296,33.214497,5.296118,3.4024854,644.5532,101.59015,141.73648,5.0047400227358
Nc1c2c(=O)n(N)c(=O)n([N+](=O)[O-])c2c([N+](=O)[O-])n1N,1.8497705,7.686133,27.345104,4.4685698,2.916364,657.5107,-106.145706,131.306,3.807059686794153
O=c1n([N+](=O)[O-])nc([N+](=O)[O-])c2c([N+](=O)[O-])nc(C=N[N+](=O)[O-])n12,1.9060549,8.564887,34.322865,5.901367,3.5650036,602.7352,215.55542,150.85036,4.286415221572435
N=c1c2nnc3c([N+](=O)[O-])nc([N+](=O)[O-])n3c2n(N[N+](=O)[O-])c(=O)n1C=N[N+](=O)[O-],1.8701053,8.165987,30.974583,5.3346906,3.2973943,619.5147,333.0169,145.11401,4.540874609661268
Nn1nc([N+](=O)[O-])nc2n(C=N[N+](=O)[O-])c(=O)nc1-2,1.8555272,7.8988314,28.814657,4.7888937,3.0759392,644.69275,220.57092,182.46606,4.264661613207775
O=[N+]([O-])c1cc([N+](=O)[O-])n2ncnc2c1[N+](=O)[O-],1.8271074,7.861711,28.271835,5.6691184,3.216118,567.91626,235.75424,231.63225,3.170899079838068
N=c1[nH]c2[nH]c(=O)c(=O)[nH]c2n1[N+](=O)[O-],1.8500557,6.927944,22.28047,3.1453462,1.9818493,634.5369,-259.43427,181.1197,4.026041964957763
Nc1nc2c(c(=O)n(N)c(=O)n2[N+](=O)[O-])n1[N+](=O)[O-],1.8976176,7.9756107,29.86713,4.528086,2.9439847,654.04016,-84.24451,143.1753,3.9639343438384884
Nc1cc2c([N+](=O)[O-])n([N+](=O)[O-])nc2o1,1.7624953,7.58613,25.698933,5.2549825,3.1465054,600.62616,64.17482,144.03499,4.01240004188084
Nc1c([N+](=O)[O-])n(C=N[N+](=O)[O-])c2nc3c(nc([N+](=O)[O-])n3[N+](=O)[O-])nc12,1.8708574,8.06861,30.31425,5.404012,3.2489603,601.83405,361.95895,148.67538,4.381883654145714
Nn1nc(N[N+](=O)[O-])c2c(=O)n(N[N+](=O)[O-])c(=O)n(N[N+](=O)[O-])c21,1.8823735,8.4056425,32.781628,5.229238,3.5277164,677.7265,48.895542,141.03036,4.369696540253754
O=[N+]([O-])N=Cc1nc2c(nc([N+](=O)[O-])n2[N+](=O)[O-])c(=N[N+](=O)[O-])n1C=N[N+](=O)[O-],1.8820832,8.607782,34.379795,6.0922136,3.7920542,621.8247,453.6403,136.64214,4.826464521920826
NN=c1c2nc([N+](=O)[O-])nc([N+](=O)[O-])c2ncn1N,1.7814101,7.486122,25.40854,4.834441,3.08729,640.7436,360.57712,243.69603,3.899435368863884
N=c1c2nc(N[N+](=O)[O-])n(N[N+](=O)[O-])c2n([N+](=O)[O-])c(=O)n1N,1.889443,8.391569,32.807873,5.2628264,3.55333,678.5344,179.78873,144.94856,4.404462849896911
O=c1c([N+](=O)[O-])c([N+](=O)[O-])nc2n(C=N[N+](=O)[O-])c(C=N[N+](=O)[O-])c([N+](=O)[O-])n12,1.8955091,8.33357,32.353012,5.643987,3.3446195,591.9519,128.64197,188.60556,4.481173221116367
Nn1c(N[N+](=O)[O-])nc2nnn([N+](=O)[O-])c2c1=O,1.8859618,8.363351,32.634827,5.334009,3.5311272,664.50604,282.69305,131.10869,4.023553887530376
O=[N+]([O-])N=CN=c1c2c(nc([N+](=O)[O-])n1[N+](=O)[O-])nc([N+](=O)[O-])n2N[N+](=O)[O-],1.9020475,8.781578,35.912506,6.153569,3.9068258,635.05743,403.32333,122.56714,4.696619394974513
Nc1c(N[N+](=O)[O-])c(=O)c2nnc([N+](=O)[O-])n2c1=C1N=NN=N1,1.8391168,7.786101,28.012394,5.048151,3.1156785,617.4358,521.08185,161.41354,4.22754416857823
Nc1c([N+](=O)[O-])cc2c(cnn2[N+](=O)[O-])c1[N+](=O)[O-],1.818171,7.644077,26.732573,5.3511844,3.1213288,583.9749,153.70358,146.57559,3.419301251216826
Nc1nc([N+](=O)[O-])c2cnn([N+](=O)[O-])c2n1,1.7944695,7.580387,26.135315,4.9037323,3.047484,623.8995,239.23563,139.37387,3.572978529015595
O=[N+]([O-])N=Cc1noc([N+](=O)c2nc3c([N+](=O)[O-])nc([N+](=O)[O-])nc3o2)n1,1.8614765,8.065795,30.120047,5.5423627,3.1720564,570.84296,274.00626,186.08585,4.611601637513696
O=c1[nH]c2[nH]c(=O)n(N[N+](=O)[O-])c2c(=NC=N[N+](=O)[O-])n1[N+](=O)[O-],1.896518,8.083903,30.439613,4.712268,3.027712,646.22955,-60.522167,150.32957,4.681807563605403
O=[N+]([O-])N=Cc1nnc2nc([N+](=O)[O-])nn2c1[N+](=O)[O-],1.8603265,8.460988,33.072117,6.1336546,3.7672856,612.86694,542.583,185.78871,4.0588901543657965
Nc1c(C=N[N+](=O)[O-])nc2n([N+](=O)[O-])c(=O)c([N+](=O)[O-])c([N+](=O)[O-])n12,1.8973111,8.279751,32.047634,5.466314,3.3223898,607.9787,96.101776,162.12137,4.248776443277234
O=[N+]([O-])c1c[nH]c(O)c1[N+](=O)[O-],1.837331,7.7675257,27.5953,4.865849,2.9704783,612.8032,-205.05225,273.2587,3.167103844286249
O=c1[nH]c2nc([N+](=O)[O-])c(C=N[N+](=O)[O-])nc2c(=NN[N+](=O)[O-])n1[N+](=O)[O-],1.9008197,8.279954,32.03809,5.324661,3.288864,619.12244,193.81256,143.15312,4.496758654145713
Nn1c([N+](=O)[O-])nc2c([N+](=O)[O-])ncn2c1=O,1.8554327,7.732503,27.609247,4.671686,2.8826876,619.5711,67.54819,252.13788,3.4697250433790163
O=c1[nH]c2c(nc(C=N[N+](=O)[O-])n2[N+](=O)[O-])c(=N[N+](=O)[O-])n1N[N+](=O)[O-],1.9177539,8.560188,34.240314,5.5904174,3.5542035,637.7375,195.05411,141.32617,4.652043536286403
Nn1c(=O)n(C=N[N+](=O)[O-])c(=O)c2c1[nH]c(=O)n2[N+](=O)[O-],1.88274,7.6918197,27.592756,4.205355,2.6489758,633.8806,-226.13123,163.7737,4.378908235816785
O=[N+]([O-])N=Cc1nnn2c([N+](=O)[O-])c([N+](=O)[O-])nnc12,1.855859,8.505019,33.371243,6.37413,3.8881018,608.56464,612.74457,196.5773,4.053556821032464
N=[N+]([O-])c1c([N+](=O)[O-])c(=O)[nH]c2nnc(C=N[N+](=O)[O-])n12,1.8556138,7.9888144,29.317951,5.1445227,3.1725261,619.2187,250.21738,204.10579,4.385732906146456
NN=c1c2c(ncn1N[N+](=O)[O-])c([N+](=O)[O-])nn2[N+](=O)[O-],1.8677795,8.463546,33.184505,5.893134,3.866116,657.5956,461.9695,150.63057,4.248109554498102
O=c1[nH]cnc2c1cc([N+](=O)[O-])n2[N+](=O)[O-],1.78519,7.1791973,23.341389,4.5489717,2.582066,571.0109,-21.68582,133.32567,3.5051420352767764
O=[N+]([O-])N=Cc1nc([N+](=O)[O-])c2c([N+](=O)[O-])nn([N+](=O)[O-])c2n1,1.8735528,8.489786,33.461826,6.154839,3.6970088,599.49664,410.98178,131.99399,4.228520605256305
Nc1c(N)n(N[N+](=O)[O-])c2c1nnn2[N+](=O)[O-],1.8172241,8.164734,30.410099,5.414524,3.7873232,702.8952,382.7698,157.10555,4.259817351071326
Nc1nnc2c(=O)n(N[N+](=O)[O-])c([N+](=O)[O-])nn12,1.8465004,8.230079,31.218065,5.2424455,3.4893897,667.67206,275.81635,139.01305,3.7855038875303766
O=[N+]([O-])N=Cc1nnc2n([N+](=O)[O-])nc([N+](=O)[O-])n12,1.8799288,8.820811,36.07446,6.497188,4.146927,637.9086,562.7136,127.38132,4.340229034022256
O=c1c2c(C=N[N+](=O)[O-])c([N+](=O)[O-])nn2c(C=N[N+](=O)[O-])nn1[N+](=O)[O-],1.8609446,8.337239,32.11973,5.908336,3.561694,602.2648,329.6324,151.01968,4.590652900834899
O=c1n(C=N[N+](=O)[O-])c(=O)n2c(C=N[N+](=O)[O-])c([N+](=O)[O-])nc2n1C=N[N+](=O)[O-],1.8598189,7.946953,29.17155,4.9108944,2.9957464,611.6467,-6.9797187,169.33992,4.851975610831916
O=C(O)c1c([N+](=O)[O-])c(=O)n2c3nc([N+](=O)[O-])oc3nc2n1C=N[N+](=O)[O-],1.8673824,7.5148807,26.182993,4.3565207,2.4313447,560.0323,-341.54077,197.3648,4.351324038761097
O=c1c2c([N+](=O)[O-])nn([N+](=O)[O-])c2n2nnnc2n1C=N[N+](=O)[O-],1.8949587,8.376357,32.72297,5.6412573,3.451963,612.11304,461.056,143.75328,4.421034460794752
O=c1c2c(cc(C=N[N+](=O)[O-])n2[N+](=O)[O-])n(C=N[N+](=O)[O-])c(=O)n1[N+](=O)[O-],1.8551099,8.010448,29.52898,5.335561,3.161521,593.2857,-9.079404,142.70908,4.7334633399528645
O=[N+]([O-])N=Cc1c(C=N[N+](=O)[O-])n2nnc([N+](=O)[O-])c2c2nnnc([N+](=O)[O-])c12,1.8313634,8.02077,29.51188,5.867243,3.420738,581.3669,672.71027,173.38521,4.4992590792622185
NN=c1c2c(N)c([N+](=O)[O-])n(N)c2n(N[N+](=O)[O-])c(=O)n1[N+](=O)[O-],1.8740692,8.202214,31.271212,5.122378,3.4747226,682.1261,149.24777,157.67174,4.412347940466446
Nc1nn([N+](=O)[O-])c(=O)c2c([N+](=O)[O-])cnn12,1.8250179,7.82881,28.08135,5.0411377,3.1407082,624.1444,138.68295,160.63402,3.5733773510713265
O=c1[nH]c2nc([N+](=O)[O-])n(C=N[N+](=O)[O-])c(=NN[N+](=O)[O-])c2n1[N+](=O)[O-],1.9165736,8.494263,33.802216,5.391075,3.4354622,640.09503,158.88019,149.44617,4.640483001169346
O=c1c2c(nc([N+](=O)[O-])n2[N+](=O)[O-])c([N+](=O)[O-])nn1C=N[N+](=O)[O-],1.9034107,8.56461,34.313343,5.9402514,3.5861545,602.25183,229.7175,140.6241,4.327986650143865
Nc1nc(-c2c([N+](=O)[O-])nc([N+](=O)[O-])n2[N+](=O)[O-])nc(N)c1[N+](=O)[O-],1.8409325,8.041085,29.756035,5.208447,3.2690887,628.93976,166.65921,149.26895,3.635308750969542
Nc1nc([N+](=O)[O-])c2nc(N[N+](=O)[O-])n([N+](=O)[O-])c2n1,1.8659105,8.203169,31.229847,5.2516203,3.3791907,646.1365,245.36539,144.49252,3.7993230522854864
O=c1c2nnc(C=N[N+](=O)[O-])n2nc([N+](=O)[O-])n1[N+](=O)[O-],1.886007,8.545067,33.989773,5.9724774,3.67636,614.86957,381.09073,128.56734,4.2197471918607405
Nn1c([N+](=O)[O-])c(N[N+](=O)[O-])n2c(=O)c([N+](=O)[O-])c([N+](=O)[O-])nc12,1.9249057,8.547937,34.419697,5.5929337,3.507163,627.8364,74.63788,134.31374,3.9019898759503153
Nc1nc(=O)c2c([nH]1)n(N)c(=O)n2[N+](=O)[O-],1.7936279,7.0313616,22.580875,3.5623336,2.3373082,660.24207,-141.18733,165.64874,3.5959660577659145
Nc1c(N)n(N[N+](=O)[O-])c2nc([N+](=O)[O-])c(=N[N+](=O)[O-])n(C=N[N+](=O)[O-])c(=N[N+](=O)[O-])c12,1.860166,8.367113,32.297653,5.5743537,3.6548269,658.1697,345.24692,150.11865,4.794137566571761
Nn1c(=O)n(C=N[N+](=O)[O-])c(=O)c2c([N+](=O)[O-])nn([N+](=O)[O-])c21,1.8863132,8.172254,31.050825,5.1229486,3.2006025,626.77594,12.719729,158.4223,4.396035157589219
Nc1nnc2n([N+](=O)[O-])c(C=N[N+](=O)[O-])c([N+](=O)[O-])c(=O)n12,1.8661907,8.143182,30.695578,5.297598,3.3113065,626.56396,213.83472,125.475174,4.091636619786227
Nc1nnc2c([N+](=O)[O-])c(N[N+](=O)[O-])c([N+](=O)[O-])nn12,1.8634365,8.423169,32.900505,5.7826567,3.7482474,649.31445,409.72916,128.38582,3.4966043294988403
Nc1nnc2c(nnn2[N+](=O)[O-])c1[N+](=O)[O-],1.8805596,8.412749,33.05063,5.8341084,3.745013,642.7114,497.78964,128.85352,3.6856508009297286
Nn1nc([N+](=O)[O-])c(C=N[N+](=O)[O-])c1[N+](=O)[O-],1.84393,8.665364,34.404617,6.3570743,4.2012916,662.0445,321.19086,186.45021,4.070189658763633
N=c1c2c(nc(N)n2[N+](=O)[O-])n([N+](=O)[O-])c(=O)n1N[N+](=O)[O-],1.9117744,8.391399,33.08499,5.110321,3.385962,665.55963,88.61307,143.94444,4.386075583907404
NC(=O)n1nc(N[N+](=O)[O-])nc2nc([N+](=O)[O-])nc1-2,1.8401493,7.7392645,27.675915,4.460369,2.8760715,647.7832,146.97556,146.0412,3.6692688530267805
O=[N+]([O-])N=Cc1nc([N+](=O)[O-])c([N+](=O)[O-])n2c([N+](=O)[O-])nnc12,1.8636758,8.479578,33.210827,6.2082605,3.719498,597.68365,437.42648,187.54247,4.054919344222258
NN=c1c2nc(N)n([N+](=O)[O-])c2n([N+](=O)[O-])c(=O)c(=O)n1N[N+](=O)[O-],1.8689069,8.212436,31.267542,5.0807676,3.3469813,661.2803,82.13757,147.3968,4.4414403486026774
O=c1c2c(C=N[N+](=O)[O-])c([N+](=O)[O-])n([N+](=O)[O-])c2nnn1N[N+](=O)[O-],1.8853203,8.580439,34.130947,6.1024647,3.7563517,615.6475,326.82123,132.55188,4.4328882991137055
Nn1c(=O)n(N[N+](=O)[O-])c2nc3nc([N+](=O)[O-])nc-3n(N[N+](=O)[O-])c(=O)c21,1.8773224,8.041946,30.174496,4.923264,3.1045196,633.5182,140.72281,151.24846,4.218312500299559
Nc1nn2c(=O)n([N+](=O)[O-])nc(N)c2c1[N+](=O)[O-],1.8792572,7.952834,29.552002,4.7393117,3.0796075,652.7342,118.66736,170.96861,3.7822399759100813
N=c1c2c(nc(N[N+](=O)[O-])n2N)n([N+](=O)[O-])c(=O)n1[N+](=O)[O-],1.9187295,8.497097,34.025547,5.3149557,3.5259047,665.28314,164.19037,146.84523,4.283767081883113
Nn1c(=O)c2nc(C=N[N+](=O)[O-])n([N+](=O)[O-])c2n([N+](=O)[O-])c1=O,1.8788337,8.203135,31.25164,5.259716,3.2797678,625.9601,59.282352,128.34676,4.328770542204603
Nc1c([N+](=O)[O-])c(C=N[N+](=O)[O-])nc2c1c([N+](=O)[O-])nn2N[N+](=O)[O-],1.8549843,8.238168,31.33924,5.7156305,3.5632365,624.94586,330.79868,146.1895,4.311499487924894
O=c1[nH]c2c(=O)[n+]([O-])c[nH]c2n1N[N+](=O)[O-],1.8392273,7.4031696,25.280853,4.0995,2.5502958,626.99585,-170.86723,151.23651,4.267614307190907
O=[N+]([O-])c1nn([N+](=O)[O-])c2nc[nH]c12,1.8262153,8.034161,29.564165,5.496849,3.415089,622.72943,254.77115,133.73264,3.7450239055301946
O=[N+]([O-])N=Cc1nc([N+](=O)[O-])nc2nnn([N+](=O)[O-])c12,1.8565494,8.396838,32.579414,6.0451355,3.6949432,611.60913,506.75742,120.21292,4.320769641545284
Nc1nnc(C=N[N+](=O)[O-])c2c([N+](=O)[O-])nn([N+](=O)[O-])c12,1.8170418,8.09815,29.96585,5.775861,3.5978475,622.932,455.7463,161.61423,4.27880351054206
Nc1nc2c(nc([N+](=O)[O-])n3c(N[N+](=O)[O-])c([N+](=O)[O-])nc23)n1N[N+](=O)[O-],1.8684916,8.202368,31.24888,5.308507,3.3750138,637.8921,322.46973,137.7636,4.15855673106879
O=[N+]([O-])N=Cc1noc2c(=NN[N+](=O)[O-])n([N+](=O)[O-])c([N+](=O)[O-])nc12,1.8664864,8.614978,34.239082,6.3785567,3.9150052,613.3644,416.44138,126.64761,4.6091442327323255
Nc1cc([N+](=O)[O-])nc([N+](=O)[O-])c1O,1.7586071,7.238419,23.409966,4.4522862,2.7045412,610.65155,-196.68744,265.07687,3.1688421241536773
O=[N+]([O-])c1nc2c([N+](=O)[O-])c(n1)N([N+](=O)[O-])N=C2,1.858135,8.302608,31.912834,6.0033107,3.5949132,596.63196,331.46234,119.41591,4.772862163296063
O=[N+]([O-])N=Cc1nc2c(c([N+](=O)[O-])nn2C=N[N+](=O)[O-])c([N+](=O)[O-])c1N[N+](=O)[O-],1.8456726,8.313123,31.79402,5.9865685,3.6430225,608.1442,385.7993,133.40086,4.560122064378367
N=c1c2nc(C=N[N+](=O)[O-])c(C=N[N+](=O)[O-])nc2n([N+](=O)[O-])c(=O)n1[N+](=O)[O-],1.8759392,8.133011,30.81334,5.4128084,3.2720864,605.28705,257.15475,138.38425,4.770898397053516
O=[N+]([O-])N=Cc1c([N+](=O)[O-])nc2c([N+](=O)[O-])nc(C=N[N+](=O)[O-])n2c1[N+](=O)[O-],1.8622646,8.311148,31.901144,5.9786863,3.5362325,589.9584,351.57535,176.03578,4.453924384579503
O=c1n(C=N[N+](=O)[O-])nc(C=N[N+](=O)[O-])c2c([N+](=O)[O-])nc([N+](=O)[O-])n12,1.8607111,8.230908,31.269129,5.6005177,3.3888583,604.9283,237.90173,176.19113,4.545516445985399
Nc1c2c([N+](=O)[O-])nc([N+](=O)[O-])cc2nc2c1c(C=N[N+](=O)[O-])nn2[N+](=O)[O-],1.8083373,7.5627856,26.141953,5.1968746,2.9795878,574.126,311.01526,153.24908,4.216727544662662
O=[N+]([O-])N=Cn1nc([N+](=O)[O-])c2nc(N[N+](=O)[O-])nc([N+](=O)[O-])c21,1.8771617,8.466184,33.344604,5.8770804,3.6567671,622.2264,394.25076,135.03455,4.262675832836172
Nc1c([N+](=O)[O-])nc(N[N+](=O)[O-])c2nnnn12,1.8832959,8.344348,32.527428,5.41418,3.6060557,668.8826,435.84885,141.2132,3.628590662108115
O=c1c2nc3c(nc2n([N+](=O)[O-])c(=O)n1N[N+](=O)[O-])n(C=N[N+](=O)[O-])c(=O)n3N[N+](=O)[O-],1.9049244,8.192433,31.438057,5.023349,3.0858207,616.106,0.50213873,143.67316,4.661826357780552
Nc1nc(N[N+](=O)[O-])nc([N+](=O)[O-])c1[N+](=O)[O-],1.8677611,8.414951,32.84387,5.4526935,3.6033006,662.7763,99.98068,137.25822,3.37983301540699
O=c1c2c(nc([N+](=O)[O-])n2C=N[N+](=O)[O-])n(N[N+](=O)[O-])c(=O)n1[N+](=O)[O-],1.9240211,8.542466,34.31899,5.493772,3.4270933,624.3723,26.744097,143.56796,4.487932883128819
Nn1c([N+](=O)[O-])c([N+](=O)[O-])c2c(ncn2[N+](=O)[O-])c1=O,1.8707916,8.113155,30.530718,5.4633436,3.3014007,605.22455,102.54236,131.46169,3.7862859137346323
O=c1c2c([nH]c(=O)n2[N+](=O)[O-])n(C=N[N+](=O)[O-])c(=O)n1C=N[N+](=O)[O-],1.8912281,7.839127,28.69985,4.492744,2.7378488,612.3195,-222.19365,156.8159,4.687663823589229
N=C1N=C(N[N+](=O)[O-])Nc2nonc2N1C(=N[N+](=O)[O-])c1c([N+](=O)[O-])c([N+](=O)[O-])c([N+](=O)[O-])n2c(=O)n(C=N[N+](=O)[O-])nc12,1.875514,8.24928,31.590237,5.5230455,3.3581555,609.0592,365.10086,167.71642,5.000298742794045
O=c1[nH]c2c(c(=N[N+](=O)[O-])n(C=N[N+](=O)[O-])c(=O)n2[N+](=O)[O-])n1N[N+](=O)[O-],1.9402786,8.549402,34.408176,5.264788,3.3752432,643.07135,-3.635648,145.58757,4.711537662813103
Nn1c(=O)n(N[N+](=O)[O-])c(=N[N+](=O)[O-])c2nc(N[N+](=O)[O-])[nH]c21,1.8954704,8.39896,32.875813,5.202538,3.5139413,678.92395,166.99634,151.49274,4.285133215596784
O=c1c2c(nc(C=N[N+](=O)[O-])n2[N+](=O)[O-])n(N[N+](=O)[O-])c(=O)n1[N+](=O)[O-],1.9180768,8.579986,34.487804,5.6419015,3.5072706,621.67316,60.040028,138.01953,4.554105281318865
O=[N+]([O-])NN=c1c2c(nc([N+](=O)[O-])n1N[N+](=O)[O-])nc([N+](=O)[O-])n2N[N+](=O)[O-],1.9235067,9.025395,38.084213,6.23389,4.1171646,663.1832,426.79794,137.71944,4.58946139081651
Nc1c([N+](=O)[O-])n([N+](=O)[O-])c(N)nc1=O,1.837239,7.786847,27.794764,4.4591565,2.9548528,667.0975,-120.77632,140.77382,3.6405153050387344
Nc1c([N+](=O)[O-])c(N)n2c(N[N+](=O)[O-])c([N+](=O)[O-])nnc12,1.864469,8.098635,30.502502,5.2502675,3.4058852,650.9743,259.90332,145.6532,3.766993830222379
O=c1c2nnc(C=N[N+](=O)[O-])n2c([N+](=O)[O-])nn1[N+](=O)[O-],1.8871946,8.541845,33.961346,5.953379,3.6593804,614.3226,363.13248,147.51823,4.1953161479046965
O=[N+]([O-])N=Cc1[nH]nc2c1nc([N+](=O)[O-])n2[N+](=O)[O-],1.850612,8.362417,32.26442,5.994552,3.7198675,620.36554,395.44034,134.45804,4.286381070221349
NN=c1[nH]c([N+](=O)[O-])nc2c(N[N+](=O)[O-])n[nH]c12,1.8191518,7.7967243,27.958485,4.8686676,3.2606714,672.6328,319.74414,151.81277,4.166934107310597
O=c1c([N+](=O)[O-])c(C=N[N+](=O)[O-])n2nc(N[N+](=O)[O-])nc2n1N[N+](=O)[O-],1.8874925,8.50055,33.569393,5.684435,3.6156528,637.15283,249.14612,140.19293,4.355798051336569
Nc1nc2c(nc1[N+](=O)[O-])c([N+](=O)[O-])nn2C=N[N+](=O)[O-],1.841004,7.9819674,29.327263,5.221867,3.254032,624.0825,313.50803,185.70177,4.170133455597005
Nc1cc(N[N+](=O)[O-])c2c(n1)c(=N[N+](=O)[O-])n([N+](=O)[O-])c(=O)n2C=N[N+](=O)[O-],1.8351029,7.929311,28.819168,5.094997,3.1905308,628.0071,112.39572,138.49568,4.518610247365366
Nc1[nH]c2oc(O)nc2c1[N+](=O)[O-],1.8262553,6.7525697,20.797796,3.2025325,1.9390846,609.31757,-304.00772,336.97382,3.827381288470365
O=[N+]([O-])Nc1n[nH]c2c1=C([N+](=O)[O-])NNC=2,1.7879804,7.6849604,26.871622,5.189496,3.3781066,653.1601,260.51755,146.05911,4.365432041781898
Nc1c(C=N[N+](=O)[O-])c(=O)n2c([N+](=O)[O-])nn([N+](=O)[O-])c2c1C=N[N+](=O)[O-],1.8295739,7.9379964,28.812803,5.328431,3.2308185,608.4505,135.3978,138.9347,4.594699526301726
O=[N+]([O-])Nn1c([N+](=O)[O-])nc2c1nc([N+](=O)[O-])n1cnnc21,1.8631549,8.161503,30.920305,5.5935836,3.4157832,611.2472,491.96274,129.89046,3.967149511032911
Nc1nn([N+](=O)[O-])c2c(=O)n(C=N[N+](=O)[O-])c([N+](=O)[O-])nc12,1.8616475,8.066271,30.137684,5.175959,3.2206957,623.58203,159.41959,158.77867,4.272197627743786
O=c1[nH]c2nc([N+](=O)[O-])[nH]c2c(=NC=N[N+](=O)[O-])n1[N+](=O)[O-],1.894402,8.038294,30.183496,4.825078,3.0135884,627.76807,59.440342,143.02129,4.459595325896014
O=c1c2nc(N[N+](=O)[O-])n([N+](=O)[O-])c2nc([N+](=O)[O-])n1C=N[N+](=O)[O-],1.9029384,8.474629,33.547527,5.582596,3.460787,621.1137,180.11426,142.061,4.336869417994824
Nc1nnnc2c1c([N+](=O)[O-])c([N+](=O)[O-])n2N[N+](=O)[O-],1.8574263,8.421692,32.80746,5.8969064,3.7976716,645.28156,415.90366,135.10292,3.8543523701374465
O=[N+]([O-])c1ncnc(Oc2noc3nc([N+](=O)[O-])nc([N+](=O)[O-])c23)n1,1.8197273,7.6981864,27.05948,5.2234983,2.9062188,556.4402,196.40765,234.18376,3.7883154502234646
NN=c1c2nc([N+](=O)[O-])n(C=N[N+](=O)[O-])c2c([N+](=O)[O-])nn1[N+](=O)[O-],1.878182,8.555943,33.99423,5.9841514,3.8212442,639.17487,453.4296,143.00452,4.553561725687132
O=[N+]([O-])N=Cn1c([N+](=O)[O-])nc2oc([N+](=O)[O-])nc21,1.8881838,8.356384,32.504707,5.641178,3.3974464,601.3548,158.80133,173.22076,4.460057993298273
Nc1nc2n(C=N[N+](=O)[O-])nc([N+](=O)[O-])n2c1[N+](=O)[O-],1.8528769,8.261167,31.435097,5.475878,3.5458114,648.4125,309.18463,183.61414,4.322684155333382
Nc1nnc2c3cc([N+](=O)[O-])oc3n([N+](=O)[O-])n12,1.7762097,7.593684,25.994825,5.2476387,3.1406114,599.7402,239.67706,151.3281,3.9806694291316322
Nc1nc2nc([N+](=O)[O-])c(N)n2c(=O)n1[N+](=O)[O-],1.8632612,7.6144047,26.952234,4.067671,2.6512089,655.19244,-41.008038,188.50983,3.8452340839297214
Nc1nc2c(c(=NCN[N+](=O)[O-])[nH]1)n([N+](=O)[O-])c(=O)n2[N+](=O)[O-],1.8484284,7.9320083,29.071402,4.7071953,3.1461244,671.2444,8.716754,160.87903,4.4851079949158255
Nc1c([N+](=O)[O-])nc2c(N)c([N+](=O)[O-])n(C=N[N+](=O)[O-])c(=O)n2c1=O,1.8630757,7.5430703,26.353334,4.2970905,2.6153197,611.3867,-161.3762,202.50272,4.1435712361766415
O=[N+]([O-])N=Cc1nc2c3nc([N+](=O)[O-])n([N+](=O)[O-])c3nc([N+](=O)[O-])n2n1,1.8819445,8.335155,32.393696,5.8386364,3.4748938,593.7748,501.8918,136.702,4.340314324628496
Nc1nc2nc(N[N+](=O)[O-])nc([N+](=O)[O-])c2[nH]1,1.7929153,7.418197,25.038738,4.3282437,2.7909968,648.50836,148.88727,143.12311,3.5666170835127966
O=[N+]([O-])N=Cn1nnc2nc([N+](=O)[O-])nc([N+](=O)[O-])c21,1.8472238,8.316212,31.84866,5.8542585,3.5997815,614.9099,474.27597,175.72723,4.173333744109386
Nn1nc([N+](=O)[O-])c2c(C=N[N+](=O)[O-])n[nH]c2c1=O,1.8072408,7.6550694,26.65007,5.0004416,3.1032531,623.14355,240.10626,190.05885,4.1785819751987265
Nc1c([N+](=O)[O-])nc2nonc2c1N[N+](=O)[O-],1.8517672,8.162407,30.82193,5.7078433,3.5567567,624.0827,342.18796,144.80255,3.6488572172920613
NN=c1c2c(C=N[N+](=O)[O-])c([N+](=O)[O-])nn2c([N+](=O)[O-])nn1C=N[N+](=O)[O-],1.8375664,8.333532,31.83598,5.906952,3.772873,639.07983,540.9643,186.0194,4.715725961838022
O=[N+]([O-])c1cc(O)n([N+](=O)[O-])n1,1.8077065,8.276681,31.00127,5.721919,3.655685,640.0679,-36.36619,155.86218,3.66364478721429
O=[N+]([O-])N=Cn1nc([N+](=O)[O-])c2c3nc([N+](=O)[O-])n(N[N+](=O)[O-])c3nnc21,1.8769702,8.418892,32.99654,5.943271,3.6431797,613.38544,590.6494,131.69505,4.376282126221584
Nc1ncnc2c1c1nc([N+](=O)[O-])c([N+](=O)[O-])n1n2N[N+](=O)[O-],1.7860227,7.6505322,26.472956,5.070894,3.1331787,621.04486,328.50488,155.62383,3.883368060815025
O=[N+]([O-])N=Cn1nc([N+](=O)[O-])n2c3nc[nH]c(=N[N+](=O)[O-])c3nc12,1.844916,7.852885,28.412611,5.0974846,3.1210043,613.4245,431.31308,174.64137,4.6046824543396685
O=c1[nH]c([N+](=O)[O-])nn2c(C=N[N+](=O)[O-])nnc12,1.8488407,7.92953,28.929403,5.0628963,3.1240158,618.91376,261.24152,179.60378,4.104089523323156
O=c1[nH]c2[nH]c([N+](=O)[O-])nc2c(=NC=N[N+](=O)[O-])n1[N+](=O)[O-],1.9050509,8.073234,30.56579,4.819351,3.014925,628.26184,59.218357,148.85596,4.588887894344515
Nc1nc2c(=NC=N[N+](=O)[O-])n([N+](=O)[O-])c(=O)n(N[N+](=O)[O-])c2n1[N+](=O)[O-],1.8988776,8.510084,33.802715,5.4422307,3.5695753,658.0336,192.79178,143.13062,4.819939396290892
Nc1nc([N+](=O)[O-])c([N+](=O)[O-])n1N,1.8159251,8.275036,31.194948,5.384703,3.7934709,707.78564,123.81979,262.41455,3.3982914982605736
O=c1n([N+](=O)[O-])nc([N+](=O)[O-])c2cc(C=N[N+](=O)[O-])nn12,1.839929,8.10696,30.160444,5.6728754,3.3903308,598.6879,246.8746,143.78247,4.2426848292233785
Nn1c(N[N+](=O)[O-])nc2c([N+](=O)[O-])nn([N+](=O)[O-])c2c1=NN[N+](=O)[O-],1.9134215,8.861071,36.752087,6.068108,4.058894,670.81885,455.56876,138.50012,4.445700187225592
N=c1c2nc(N[N+](=O)[O-])n([N+](=O)[O-])c2n(N[N+](=O)[O-])c(=O)n1N,1.8816184,8.373968,32.58927,5.2698627,3.5588398,678.8086,174.20184,143.59288,4.3843051575892185
N=c1c2c(=NN[N+](=O)[O-])n(N[N+](=O)[O-])c(=O)n(N[N+](=O)[O-])c2[nH]c(=O)n1N[N+](=O)[O-],1.9207504,8.470044,33.621998,5.0771313,3.418185,677.3129,3.633044,151.35582,4.801596525435366
N=c1c2nc(N[N+](=O)[O-])n([N+](=O)[O-])c2nc([N+](N)=O)n1[N+](=O)[O-],1.9094837,8.590844,34.59579,5.576969,3.704485,666.59143,315.71796,132.89964,4.511202849896911
O=c1[nH]c2nc(C=N[N+](=O)[O-])[nH]c2c(=NN[N+](=O)[O-])n1N[N+](=O)[O-],1.838925,7.9677773,29.067667,4.9456553,3.2146187,653.8727,148.38315,156.78712,4.619245348368716
Nn1nc(N[N+](=O)[O-])c(=O)c2nc([N+](=O)[O-])n([N+](=O)[O-])c21,1.8828695,8.462554,33.26707,5.7055135,3.649639,641.5454,246.11487,147.40526,4.134070473579022
O=c1[nH]c2c([N+](=O)[O-])c(C=N[N+](=O)[O-])c([N+](=O)[O-])nc2n1N[N+](=O)[O-],1.8940191,8.221704,31.512894,5.351864,3.2479966,608.4923,62.41489,147.66779,4.180510676736082
O=[N+]([O-])C1=NC2=NN=CN3C([N+](=O)[O-])=NC(=N1)N23,1.852521,8.018559,29.808266,5.3658495,3.3031752,615.04956,504.91092,255.76341,4.761072964453453
Nc1nc([N+](=O)[O-])c(C=C2C(=NN[N+](=O)[O-])n3c([N+](=O)[O-])c([N+](=O)[O-])c(=O)n3C2=NC=N[N+](=O)[O-])n1[N+](=O)[O-],1.8443937,8.1666765,30.618336,5.543699,3.4089992,616.40497,258.32355,152.74043,4.95295317854457
O=[N+]([O-])c1cnn([N+](=O)[O-])c1[N+](=O)[O-],1.8461261,8.888305,36.1818,6.8626866,4.3388267,630.533,216.92767,133.0014,3.480526739538292
NC1=C([N+](=O)[O-])C([N+](=O)[O-])=C2C1N([N+](=O)[O-])C(=C1N=NN=N1)N2N,1.8418561,8.211388,31.203562,5.742456,3.7608361,656.20215,556.8616,142.85733,4.975878663370915
O=c1c2ncncc2nc([N+](=O)[O-])n1[N+](=O)[O-],1.7944415,7.355323,24.688334,4.8496633,2.7261455,562.8389,137.39847,132.526,3.4597608962218267
Nc1nc([N+](=O)[O-])c(C=N[N+](=O)[O-])nc1[N+](=O)[O-],1.8214483,8.080029,29.810358,5.4800453,3.4603455,632.3156,186.35251,182.67598,3.971154542194861
Nn1nc(N[N+](=O)[O-])c2c([N+](=O)[O-])c(N[N+](=O)[O-])c([N+](=O)[O-])nc21,1.8825505,8.530295,33.84712,5.8799496,3.8001058,647.323,329.33847,130.54251,4.020498738055952
O=[N+]([O-])N=Cc1c([N+](=O)[O-])nc2[nH]nnc2c1[N+](=O)[O-],1.83447,8.054903,29.745619,5.6835427,3.409213,600.1921,404.1149,180.68614,4.1008491287247715
O=[N+]([O-])N=Cc1nc2n(c1[N+](=O)[O-])c([N+](=O)[O-])c([N+](=O)[O-])c1nnnn12,1.8928202,8.439776,33.14727,6.0341625,3.591423,593.70465,571.07477,198.04645,4.108213225727398
Nc1nc([N+](=O)[O-])c2c(n1)n(N)c(=O)n2[N+](=O)[O-],1.8299031,7.726862,27.49029,4.595632,2.9833016,653.03204,61.81145,134.22041,3.7187096976776752
O=[N+]([O-])N=Cc1nnc2c([N+](=O)[O-])nc([N+](=O)[O-])c(N[N+](=O)[O-])n12,1.8599819,8.501421,33.385067,6.1105337,3.7910721,619.72266,474.44687,128.46286,4.139717659759249
O=c1c(=C2N=NN=N2)c2nnnn2c(=O)n1C=N[N+](=O)[O-],1.8448389,7.63138,26.844893,4.6162863,2.801841,608.8524,469.4576,174.12949,4.390899943769848
Nn1c([N+](=O)[O-])nc2nc([N+](=O)[O-])c(N[N+](=O)[O-])nc21,1.8760823,8.353333,32.525,5.5758357,3.573143,642.16187,333.71997,130.34962,3.7982937344335266
Nc1nn([N+](=O)[O-])c(=O)n2c(N[N+](=O)[O-])nc([N+](=O)[O-])c12,1.9154121,8.407475,33.24649,5.2308617,3.3714416,645.8826,117.44223,140.13078,4.046175088963638
Nc1c2c([N+](=O)[O-])nn([N+](=O)[O-])c2nc2c1c([N+](=O)[O-])c(C=N[N+](=O)[O-])n2N,1.861934,7.9798265,29.557707,5.395829,3.2855358,611.12103,351.2996,157.34375,4.339875112230231
O=c1n(C=N[N+](=O)[O-])c2c(=NN[N+](=O)[O-])[nH]c(C=N[N+](=O)[O-])c([N+](=O)[O-])c2n1[N+](=O)[O-],1.8928834,8.390251,32.802082,5.5870824,3.4725895,622.85376,177.34964,138.14084,4.9365046416887015
Nn1nc2nc([N+](=O)[O-])nc([N+](=O)[O-])c2c1O,1.8333931,7.792613,27.89496,4.9254804,3.0518346,622.33514,104.72873,246.53064,3.7457096587636327
O=[N+]([O-])N=Cc1c(N[N+](=O)[O-])nnc2c1nnn1c([N+](=O)[O-])c([N+](=O)[O-])nc21,1.8592093,8.247212,31.525944,5.9588265,3.5621085,595.7206,638.64777,131.19843,4.157324751140395
O=c1c2c(nc([N+](=O)[O-])n1C=N[N+](=O)[O-])c(C=N[N+](=O)[O-])nn2[N+](=O)[O-],1.8738612,8.272871,31.76839,5.6537833,3.402926,602.0385,249.42151,151.21999,4.663006078092423
Nc1nc2c(=NN[N+](=O)[O-])n(N[N+](=O)[O-])c([N+](=O)[O-])nc2n1N[N+](=O)[O-],1.8945918,8.656125,34.86279,5.652112,3.8497138,683.6496,362.58353,146.88641,4.517272298828209
Nc1nc([N+](=O)[O-])nc2nc(N[N+](=O)[O-])c([N+](=O)[O-])n12,1.8750458,8.178084,31.13813,5.114119,3.2928689,646.4839,208.48221,132.14235,3.7735012816033393
Nc1nc2c([N+](=O)[O-])c(C=N[N+](=O)[O-])c(=O)n([N+](=O)[O-])c2n1[N+](=O)[O-],1.8860548,8.255331,31.724684,5.4913645,3.3412433,608.8886,107.669556,140.4551,4.325484135584928
Nc1nn(N)c2c1c(=O)n([N+](=O)[O-])c(=O)n2C=N[N+](=O)[O-],1.8439754,7.677696,27.171597,4.3906784,2.8558254,653.5108,-23.033552,166.25696,4.430488935117484
O=c1c([N+](=O)[O-])c(C=N[N+](=O)[O-])n(C=N[N+](=O)[O-])c(=O)n1[N+](=O)[O-],1.9178219,8.523761,34.007004,5.621315,3.4393349,611.7476,-32.312527,158.06056,4.444560347414335
Nc1nc([N+](=O)[O-])c(C=N[N+](=O)[O-])n2c([N+](=O)[O-])nnc12,1.8253965,8.016509,29.37812,5.4236784,3.3869567,625.69183,361.81558,173.43721,4.038661752300301
Nc1c([N+](=O)[O-])c(N[N+](=O)[O-])c([N+](=O)[O-])n2c(N)nnc12,1.859277,8.067431,30.158003,5.189653,3.3770576,652.8029,241.43051,138.81577,3.6456662777748265
NN=c1c2nc([N+](=O)[O-])n([N+](=O)[O-])c2nc(N)n1N[N+](=O)[O-],1.8716246,8.341754,32.316643,5.3490005,3.6188679,679.7207,351.2311,155.73892,4.3193795906085075
Nn1c(=O)[nH]c2nc(C=N[N+](=O)[O-])n([N+](=O)[O-])c2c1=O,1.8354309,7.6002126,26.49799,4.47409,2.792523,628.0107,-33.698345,158.68443,4.180711441255007
O=c1[nH]c2[nH]ccc2c(=O)n1N[N+](=O)[O-],1.7122953,6.324699,17.671389,3.273042,1.9374042,596.0489,-248.86902,161.92326,3.598095595351759
NNc1c2nnc([N+](=O)[O-])c-2c(O)oc1N,1.7513225,6.8558745,21.00143,3.8259072,2.435584,639.1624,-95.01765,285.6276,3.741576382325076
O=c1n(C=N[N+](=O)[O-])c(=NN[N+](=O)[O-])c2nc3n([N+](=O)[O-])c([N+](=O)[O-])cn3c2n1C=N[N+](=O)[O-],1.8835629,8.213329,31.347311,5.357337,3.302652,618.08887,241.0994,146.80902,5.090807973234512
Nc1nn(N)c(=O)c2nc([N+](=O)[O-])nc([N+](=O)[O-])c12,1.8222684,7.52074,25.943237,4.559539,2.8289552,623.43225,117.338135,241.24274,3.682068020447593
Nn1nc([N+](=O)[O-])c2c1c(=NN[N+](=O)[O-])n(N[N+](=O)[O-])c(=O)n2N,1.884628,8.527038,33.81103,5.553202,3.8212883,691.4345,311.13004,162.50847,4.499911924869139
O=c1n(C=N[N+](=O)[O-])c2c3nnn([N+](=O)[O-])c3c([N+](=O)[O-])nc2n1N[N+](=O)[O-],1.8969816,8.382707,32.78669,5.5901814,3.423599,613.45734,334.61047,128.72647,4.630232775431894
Nc1nn2c(=O)[nH]c([N+](=O)[O-])c2c([N+](=O)[O-])c1C=N[N+](=O)[O-],1.8593737,7.7672443,27.842812,4.8043146,2.9187744,611.4729,37.730793,208.8021,4.07624829087376
Nc1nc(=O)n(N)c2c([N+](=O)[O-])cc([N+](=O)[O-])n12,1.810471,7.314118,24.243107,4.2270255,2.654462,632.43744,-35.39465,294.19855,3.660078601114664
O=c1c2nc(C=N[N+](=O)[O-])n([N+](=O)[O-])c2nc([N+](=O)[O-])n1N[N+](=O)[O-],1.893337,8.510247,33.717087,5.7972865,3.5791452,617.71875,226.33734,131.41641,4.392168019393425
NC(=S)n1[nH]c(=N[N+](=O)[O-])c2c1n(N[N+](=O)[O-])c(C=N[N+](=O)[O-])[n+]2[O-],1.813608,8.176726,30.448637,5.5076246,3.6476176,665.37354,293.17114,146.78735,5.016094593
Nc1c([N+](=O)[O-])nn2c(N[N+](=O)[O-])nn(N)c(=O)c12,1.8555849,7.990816,29.587254,4.9047933,3.281051,672.2479,198.29358,156.49081,3.9879489435245166
Nn1c(=O)c(=O)n(N[N+](=O)[O-])c2c(=NN[N+](=O)[O-])n([N+](=O)[O-])c([N+](=O)[O-])nc21,1.930131,8.615278,34.851177,5.4862094,3.5527885,650.5313,113.04535,133.93385,4.503068029383421
O=[N+]([O-])N=Cc1nc([N+](=O)[O-])nc2c1nnn2[N+](=O)[O-],1.8639317,8.420717,32.86521,6.0360904,3.699952,612.64874,511.03574,122.184875,4.274549128724771
Nc1nc2nc(N[N+](=O)[O-])[nH]n2c(=O)c1[N+](=O)[O-],1.8529484,7.6810923,27.320518,4.3267026,2.8091285,652.10187,22.256838,171.99886,3.483008695222683
Nc1nc2[nH]nc(N[N+](=O)[O-])n2c1[N+](=O)[O-],1.8686601,8.088723,30.43655,4.9079237,3.3381886,684.30255,243.57175,153.03888,3.8619703000352725
N=c1c2nc([N+](=O)[O-])n([N+](=O)[O-])c2[nH]c(=O)n1C=N[N+](=O)[O-],1.8780693,7.9965134,29.707157,4.881497,3.0382693,624.60864,55.146915,154.27928,4.4538806516164655
Nc1nc([N+](=O)[O-])nc2nc([N+](=O)[O-])[nH]c12,1.8082111,7.350594,24.694141,4.2469463,2.6256602,621.09375,96.973236,268.88837,3.4647660066542345
N=c1n(N[N+](=O)[O-])c(=NN[N+](=O)[O-])c2nc([N+](=O)[O-])n(C=N[N+](=O)[O-])c2n1[N+](=O)[O-],1.9071319,8.810732,36.219387,5.959776,3.9503767,664.70654,415.79556,141.15735,4.9735149285512374
O=c1nc[nH]c2nc([N+](=O)[O-])n([N+](=O)[O-])c12,1.8035053,7.5374026,25.860048,4.7689524,2.812597,591.6763,54.66367,143.15797,3.702205004865325
O=c1c(=O)n(N[N+](=O)[O-])c2nc3c(nc2n1N[N+](=O)[O-])c(C=N[N+](=O)[O-])nn3[N+](=O)[O-],1.894963,8.253864,31.810146,5.396632,3.2920985,611.5847,251.47278,146.06831,4.680758754575519
N=c1c2c(nc(N[N+](=O)[O-])n2[N+](=O)[O-])[nH]c(=O)n1N[N+](=O)[O-],1.8855097,8.241501,31.57255,5.023521,3.3048282,660.9249,77.48979,144.68651,4.2623238876907354
O=[N+]([O-])N=Cc1nc2c(nc(C=N[N+](=O)[O-])n2[N+](=O)[O-])c(=N[N+](=O)[O-])n1[N+](=O)[O-],1.892482,8.671496,34.99221,6.2511954,3.8670163,617.63165,495.63217,124.20769,4.870238148294452
O=c1c([N+](=O)[O-])c(N[N+](=O)[O-])cc2n(C=N[N+](=O)[O-])nc([N+](=O)[O-])n12,1.8633949,8.178226,30.901524,5.5198426,3.3474007,606.8062,112.16318,143.70645,4.298914173239579
Nn1c(=NN[N+](=O)[O-])c([N+](=O)[O-])nc2c1n(N)c(=O)n2N[N+](=O)[O-],1.8801775,8.416056,32.94737,5.339131,3.6540325,687.93616,249.56,157.78575,4.4661317050889195
N=c1c2c(nc([N+](=O)[O-])n2C=N[N+](=O)[O-])n(C=N[N+](=O)[O-])c(=O)n1[N+](=O)[O-],1.8907977,8.257427,31.834171,5.279597,3.2968524,625.48944,160.31976,157.56245,4.788118594557415
Nn1c(=O)n(C=N[N+](=O)[O-])c2c1c([N+](=O)[O-])nn2[N+](=O)[O-],1.8845798,8.465016,33.24259,5.620487,3.6321125,648.32806,226.37433,146.19664,4.463191033019583
O=c1[nH]c(=O)n([N+](=O)[O-])c2c(C=N[N+](=O)[O-])[nH]nc12,1.8608415,7.590789,26.663315,4.41933,2.6657214,607.13947,-67.91622,143.98245,4.078672472936282
Nn1c(=O)n(N[N+](=O)[O-])c(=N[N+](=O)[O-])c2c1nc(N[N+](=O)[O-])n2[N+](=O)[O-],1.9292219,8.832903,36.563763,5.779767,3.8668718,671.7131,234.69104,139.47705,4.454779489463659
O=[N+]([O-])N=CC1([N+](=O)[O-])C(N[N+](=O)[O-])=NNc2nnc([N+](=O)[O-])n21,1.8728944,8.78916,35.81866,6.1974216,4.106446,662.9668,467.14963,129.54823,5.158952942217068
Nc1c([N+](=O)[O-])c(N[N+](=O)[O-])nc2c1nc([N+](=O)[O-])n2[N+](=O)[O-],1.9203515,8.495202,33.941677,5.6605625,3.5305514,624.6688,208.07703,141.43031,3.898935157589218
Nn1c(C=N[N+](=O)[O-])nc2[nH]c(=O)n([N+](=O)[O-])c2c1=N[N+](=O)[O-],1.877263,8.177863,31.020208,5.1504903,3.3126678,646.0013,186.98264,153.7251,4.512516569947351
Nc1nc([N+](=O)[O-])nc([N+](=O)[O-])c1N,1.8085054,7.672604,26.846537,4.5568614,3.0360613,669.70135,24.16533,264.3837,3.2483690472305993
Nc1nnc2c([N+](=O)[O-])c([N+](=O)[O-])nc(N[N+](=O)[O-])n12,1.8811593,8.354066,32.538902,5.474005,3.5434263,649.1044,319.07303,147.4632,3.6662536763783766
Nn1c([N+](=O)[O-])nc2c(N[N+](=O)[O-])nc([N+](=O)[O-])nc21,1.8886987,8.350378,32.62293,5.4449253,3.5126467,646.637,297.42557,136.02087,3.7649819782651672
Cn1c(=O)oc2c([N+](=O)[O-])n[nH]c(=O)c2c1=O,1.7517327,6.3262033,17.825884,3.0503435,1.6815604,556.50256,-549.8658,262.54126,3.1413435049174794
Nn1c(=O)n(N[N+](=O)[O-])c(=N[N+](=O)[O-])c2ncn([N+](=O)[O-])c21,1.9000754,8.491613,33.619843,5.5406184,3.6422894,659.817,228.54602,143.4592,4.407555717929462
Nn1c(=O)n(N[N+](=O)[O-])c(=O)c2ncn([N+](=O)[O-])c21,1.8585287,7.9236374,29.004835,4.8038116,3.080225,644.3053,-11.71124,151.5768,4.068655405062979
O=[N+]([O-])c1nn([N+](=O)[O-])c2nnn3ncnc3c12,1.8475262,8.125135,30.547472,5.8296347,3.507068,602.1081,640.45233,123.09207,3.9358477336842235
C[N+](C)(n1c([N+](=O)[O-])nc2c([N+](=O)[O-])nc([N+](=O)[O-])nc2c1=N[N+](=O)[O-])[N+](=O)[O-],1.7897872,8.170428,30.18608,5.8013973,3.7433603,645.3936,263.3175,126.50778,4.419924613828918
Nn1ncn2c([N+](=O)[O-])c([N+](=O)[O-])nc12,1.8246783,8.128194,30.205204,5.6009836,3.628587,650.03485,330.26202,262.6307,3.8104261957269934
Nc1nc2c(=N[N+](=O)[O-])n([N+](=O)[O-])c(N)nc2[nH]1,1.8233759,7.5961595,26.41903,4.3013096,2.90425,679.5422,169.31009,160.18494,3.992985618299606
O=C1OC(C=N[N+](=O)[O-])([N+](=O)[O-])c2nc([N+](=O)[O-])cn21,1.8296663,7.8740735,28.355824,5.120548,2.994949,585.8582,-157.44495,135.17755,4.760721333654773
Nc1nc(=O)c2c(nc([N+](=O)[O-])n2N)n1[N+](=O)[O-],1.8611888,7.7871,28.086262,4.490542,2.923359,654.7083,53.548862,157.65468,3.852884820427267
O=c1c2c([N+](=O)[O-])n[nH]c2nc(C=N[N+](=O)[O-])n1N[N+](=O)[O-],1.8426238,8.055785,29.81009,5.3169336,3.2941394,621.001,196.4241,147.1515,4.192235482349729
Nc1nnc2nc([N+](=O)[O-])nc([N+](=O)[O-])n12,1.8404949,8.012265,29.562572,5.062708,3.2570229,645.2747,316.33514,247.01933,3.4786411408223934
O=[N+]([O-])N=Cc1nc2c([N+](=O)[O-])nnn2c2c1nc([N+](=O)[O-])n2[N+](=O)[O-],1.8714827,8.38448,32.621315,6.024636,3.6027992,596.33386,558.1057,140.37953,4.359511027925199
O=[N+]([O-])N=Cc1c2c([N+](=O)[O-])nc3[nH]c([N+](=O)[O-])nc3c2nn1[N+](=O)[O-],1.8718069,8.055924,30.181957,5.5174346,3.214023,582.7396,365.54373,158.93132,4.352853005947177
O=c1c2c(nc(C=N[N+](=O)[O-])n1[N+](=O)[O-])n1c([N+](=O)[O-])nnc1n2N[N+](=O)[O-],1.8881559,8.416525,33.025112,5.6935854,3.513395,617.27606,360.6738,140.0937,4.527996467739586
Nn1c([N+](=O)[O-])nc2c(N[N+](=O)[O-])n[nH]c2c1=NN[N+](=O)[O-],1.8686697,8.390056,32.67234,5.529747,3.7315872,677.2806,412.07846,145.31668,4.269534569703054
NN1C([N+](=O)[O-])=C(C=N[N+](=O)[O-])c2nc([N+](=O)[O-])n3c1nc([N+](=O)[O-])nc23,1.863729,8.102886,30.403692,5.4570947,3.3336732,611.71686,364.57516,195.50568,5.399253660149432
O=C(O)c1cc([N+](=O)[O-])c(N[N+](=O)[O-])nc1[N+](=O)[O-],1.8204423,7.740099,27.292439,4.8877063,2.8970873,594.0056,-303.28036,122.48703,3.142611580887155
Nc1nnc2c(N)c(N)c([N+](=O)[O-])n2c1[N+](=O)[O-],1.7883004,7.3948574,24.807459,4.5618505,2.98125,655.28064,225.02664,262.795,3.560527700950998
NN=c1c2c(nc([N+](=O)[O-])n2N)n([N+](=O)[O-])c(=O)n1N,1.8666117,8.102765,30.61962,4.949595,3.404919,691.4436,220.75034,147.96907,4.215410174089663
Nc1nc2nc(N[N+](=O)[O-])c([N+](=O)[O-])c([N+](=O)[O-])n2n1,1.8434663,8.193222,30.892181,5.35659,3.4613056,648.1598,292.4123,127.97447,3.535788944883455
O=[N+]([O-])c1cc([N+](=O)[O-])c2nnn([N+](=O)[O-])c2c1[N+](=O)[O-],1.8999337,8.551107,34.126278,6.392967,3.711517,576.8821,324.2267,113.385376,3.4382433407118898
O=[N+]([O-])N=C1C(N[N+](=O)[O-])=NC2=NC([N+](=O)[O-])=NC3=NC(N[N+](=O)[O-])=NC31N2N[N+](=O)[O-],1.9023441,8.669513,35.13561,5.791128,3.7624862,651.1283,487.04245,134.7648,6.5152613567803055
Nn1c([N+](=O)[O-])c([N+](=O)[O-])c2c(=O)n3nc([N+](=O)[O-])c(C=N[N+](=O)[O-])nc3nc21,1.8808441,8.0135975,29.896734,5.3001404,3.1214023,589.2936,256.57654,187.28534,4.163665321121625
N=C1N=C2N(N[N+](=O)[O-])C([N+](=O)[O-])=C(N[N+](=O)[O-])N2C1=NN,1.8343514,8.352863,32.043762,5.6168494,3.8285148,685.7376,413.65036,140.55026,4.785999749759701
O=[N+]([O-])N=Cc1c([N+](=O)[O-])nn2c1nnc1[nH]c([N+](=O)[O-])nc12,1.862915,7.998323,29.665623,5.432586,3.2366772,595.6684,511.34256,184.5619,4.175526586160648
Nc1nc2c(=NC=N[N+](=O)[O-])n([N+](=O)[O-])c([N+](=O)[O-])nc2[nH]1,1.8345236,7.9215255,28.812057,4.9703584,3.1991982,646.7655,260.99847,135.14487,4.374931962141124
Nc1nc([N+](=O)[O-])c2c(N[N+](=O)[O-])c([N+](=O)[O-])nn2c1N,1.8433305,7.9992237,29.554209,5.1261168,3.34247,654.9265,220.50592,140.76056,3.829518026026575
Nc1nc2c(nc1C=N[N+](=O)[O-])n(N[N+](=O)[O-])c(=O)n2N[N+](=O)[O-],1.8256159,7.956104,28.985712,5.011516,3.2637272,654.81903,170.767,151.81055,4.486105159759249
Nc1nc([N+](=O)[O-])c2[nH]nnc2c1N[N+](=O)[O-],1.8014034,7.685077,26.923664,4.8593235,3.1563032,651.7093,274.45032,158.8626,3.819640494884034
NN=c1c2nc(N[N+](=O)[O-])n(N[N+](=O)[O-])c2[nH]c(=O)n1N[N+](=O)[O-],1.8857766,8.336351,32.299168,5.074735,3.4903963,691.75476,170.77026,153.47952,4.462962611682325
O=[N+]([O-])N=Cc1c([N+](=O)[O-])c([N+](=O)[O-])nn2c([N+](=O)[O-])c([N+](=O)[O-])nc12,1.8967607,8.615593,34.61134,6.3208966,3.7281375,587.58813,349.7626,190.72397,3.977545326567732
NN=c1n([N+](=O)[O-])c(=O)n(N[N+](=O)[O-])c2nc3c(c([N+](=O)[O-])nn3N)n12,1.8900706,8.352482,32.56502,5.2380056,3.5008302,671.60156,343.00577,149.4437,4.552579991135902
Nn1nc([N+](=O)[O-])n2c([N+](=O)[O-])nn3c1nnc23,1.8711243,8.460202,33.265102,5.7343006,3.7824328,659.8357,565.9054,253.93022,4.926455840158899
Nc1nc2c(=O)n(N[N+](=O)[O-])nnc2c(N[N+](=O)[O-])c1[N+](=O)[O-],1.8707101,8.149148,30.796227,5.2408476,3.3329813,638.04266,214.56537,139.38551,3.8300169482575654
NN=c1c2c(nc([N+](=O)[O-])n2C=N[N+](=O)[O-])[nH]c(=O)n1[N+](=O)[O-],1.8849815,8.140144,30.857792,5.0142875,3.2255979,646.1726,160.21115,148.85385,4.493917326567781
NN1C(=O)N([N+](=O)[O-])N=c2c1[n+]([O-])[nH]c(=O)c2=C1NCCN1,1.7433503,6.9017587,21.398369,3.9102926,2.5749028,660.86487,-49.10229,168.42078,4.69296028026368
O=c1n(N[N+](=O)[O-])c([N+](=O)[O-])nc2nnc(C=N[N+](=O)[O-])n12,1.8688617,8.38591,32.535877,5.572285,3.5378416,635.4843,309.40018,131.50818,4.268128833066809
Nc1cc(=O)n2nc([N+](=O)[O-])n(N[N+](=O)[O-])c2n1,1.7641346,7.517283,25.285355,4.654423,2.9794104,644.95844,97.43906,139.55151,3.7907336952226824
O=c1c2c(nc3n([N+](=O)[O-])nc(C=N[N+](=O)[O-])n13)c(C=N[N+](=O)[O-])nn2[N+](=O)[O-],1.8697318,8.188797,31.122267,5.552202,3.3272228,599.82184,369.26443,142.83241,4.840812258799332
O=[N+]([O-])N=Cn1nc([N+](=O)[O-])c2nc([N+](=O)[O-])c([N+](=O)[O-])cc21,1.8443253,8.130549,30.391687,5.8755236,3.4252515,582.2563,308.48288,189.37514,4.000824010048235
NN=c1c2nc([N+](=O)[O-])n(N[N+](=O)[O-])c(=NN)c2nc([N+](=O)[O-])n1N,1.8423684,8.17819,30.860596,5.307827,3.6367285,687.60736,459.1556,153.66098,4.445937250162657
O=[N+]([O-])N=Cc1nn(C=N[N+](=O)[O-])c([N+](=O)[O-])c2nc([N+](=O)[O-])nc1-2,1.8348987,8.210184,30.955254,5.8976636,3.5679934,604.16876,449.2145,166.35187,4.573538951446447
Nc1nc2n(N[N+](=O)[O-])nc([N+](=O)[O-])n2n1,1.8452383,8.459053,32.9436,5.5148444,3.844898,701.1541,393.7839,144.93558,3.9773731622892985
O=[N+]([O-])N=Cc1c([N+](=O)[O-])nc([N+](=O)[O-])n1[N+](=O)[O-],1.8743026,8.978008,37.256695,6.789863,4.2835402,628.7924,291.76782,131.78549,4.133631675078677
O=c1[nH]c(=O)n([N+](=O)[O-])c2nc(C=N[N+](=O)[O-])n([N+](=O)[O-])c12,1.9137403,8.1379175,31.075676,4.962173,3.009477,608.3537,-52.89546,140.87845,4.221492057452008
O=[N+]([O-])N=Cn1nc([N+](=O)[O-])c([N+](=O)[O-])c1[N+](=O)[O-],1.8829635,9.028069,37.767014,6.804891,4.3113422,631.7829,294.53452,197.5144,3.947468723744297
Nc1c(O)nn([N+](=O)[O-])c(=O)c1N,1.8122027,7.266091,24.210594,3.7836466,2.5490868,676.1214,-220.70474,169.63914,3.730242547211624
Nn1c([N+](=O)[O-])nc2c(=NN[N+](=O)[O-])n([N+](=O)[O-])c(N[N+](=O)[O-])nc21,1.9149833,8.797043,36.28371,5.8703804,3.9318407,672.223,411.98282,137.96661,4.415358229183637
Nc1nc2nc([N+](=O)[O-])n(N)c(=N[N+](=O)[O-])c2n1[N+](=O)[O-],1.8723305,8.345822,32.259193,5.4168725,3.593561,665.7288,321.84982,151.67735,4.205843900152449
NC(=O)c1c([N+](=O)[O-])n([N+](=O)[O-])c2nc([N+](=O)[O-])n(N)c(=O)c12,1.869294,7.8208766,28.344835,4.758029,2.8984678,612.8207,-124.6659,139.36089,3.7336409463767017
NN=c1c2c(nc([N+](=O)[O-])n2[N+](=O)[O-])[nH]c(=O)n1C=N[N+](=O)[O-],1.8602133,8.056931,29.961264,5.012511,3.2096865,643.77106,149.98026,145.48572,4.4632583101743375
Nc1nnc2[nH]nc([N+](=O)[O-])n12,1.8047571,7.7492957,27.359093,4.6010013,3.2063842,698.7335,330.46536,295.6735,3.709077225743502
Nc1nc(N[N+](=O)[O-])nc2c(=NN[N+](=O)[O-])[nH]c([N+](=O)[O-])nc12,1.8445013,7.891443,28.75816,4.8034368,3.144026,657.4276,252.03308,149.95648,4.153926373470112
O=c1n(N[N+](=O)[O-])c(=NC=N[N+](=O)[O-])c2[nH]c([N+](=O)[O-])nc2n1[N+](=O)[O-],1.9067008,8.506044,33.856987,5.502299,3.5139573,640.06506,167.73846,139.23723,4.6991967135439285
N=c1c2c(nc(N)n2[N+](=O)[O-])n([N+](=O)[O-])c(=O)n1N,1.8781797,7.936922,29.47775,4.5647345,3.0705478,676.64026,75.34328,151.61176,4.218833558909133
O=[N+]([O-])Nc1nc2nc3c(cn2c1[N+](=O)[O-])c([N+](=O)[O-])nn3[N+](=O)[O-],1.8849921,8.292544,32.003864,5.7316155,3.4311125,597.907,371.23502,129.23463,4.072665702307526
Nc1nc([N+](=O)[O-])n2c(=O)[nH]nnc12,1.799292,7.322499,24.38868,4.081876,2.632225,647.09753,121.57959,258.77118,3.640507306339912
O=c1c(C=N[N+](=O)[O-])c([N+](=O)[O-])n([N+](=O)[O-])c2cc([N+](=O)[O-])nn12,1.8518198,8.178089,30.766037,5.7730293,3.39328,587.4606,150.57019,118.8965,4.166303133660348
O=c1n(N[N+](=O)[O-])c(=NN[N+](=O)[O-])c2c(nc(N[N+](=O)[O-])n2[N+](=O)[O-])n1C=N[N+](=O)[O-],1.91154,8.765433,35.877506,5.751621,3.7974074,662.1512,249.23206,142.73587,4.869757737373504
Nc1nn([N+](=O)[O-])c(=O)n2cnc([N+](=O)[O-])c12,1.863192,7.831792,28.536798,4.7887855,2.9809446,624.8649,93.211334,155.75946,3.7455958126097872
O=c1c2nc3c(nc2n(C=N[N+](=O)[O-])c(=O)n1C=N[N+](=O)[O-])n(N[N+](=O)[O-])c(=O)n3[N+](=O)[O-],1.8895993,7.9876695,29.809454,4.851214,2.9228246,604.54266,-2.3562443,147.98238,4.795331954489029
O=[N+]([O-])Nc1c([N+](=O)[O-])cc([N+](=O)[O-])c2[nH]nnc12,1.8198692,7.9304585,28.72238,5.6107163,3.3707755,600.3508,264.6174,130.78769,3.43134034623945
O=c1c([N+](=O)[O-])n[nH]c2c(C=N[N+](=O)[O-])n[nH]c12,1.8189018,7.5693855,26.240726,4.9383206,2.9329457,595.37427,197.22662,202.17215,4.04227916225565
Nn1c([N+](=O)[O-])nc2c(=O)n(C=N[N+](=O)[O-])c([N+](=O)[O-])nc21,1.8640614,8.073099,30.143835,5.152839,3.2066493,624.41345,158.9556,181.58572,4.1656037285395415
O=[N+]([O-])N=Cc1c([N+](=O)[O-])nc(N[N+](=O)[O-])c2c1nnn2[N+](=O)[O-],1.873061,8.501052,33.484447,6.093875,3.7661657,617.85315,448.0186,134.35014,4.350999150143865
Nn1c(=O)n(N[N+](=O)[O-])c(=N[N+](=O)[O-])c2c1nc([N+](=O)[O-])n2N[N+](=O)[O-],1.9226155,8.816375,36.361244,5.810229,3.8846204,671.74896,239.94498,137.41006,4.467304150097145
Nc1c([N+](=O)[O-])c2c(nc([N+](=O)[O-])n2N)c(=NN[N+](=O)[O-])n1[N+](=O)[O-],1.9136641,8.576532,34.449585,5.7051954,3.741933,658.2003,305.27145,157.23907,4.308887922567175
O=c1n(C=N[N+](=O)[O-])c([N+](=O)[O-])c(C=N[N+](=O)[O-])c2nc([N+](=O)[O-])nn12,1.8769639,8.223165,31.328146,5.4564953,3.2945013,604.68384,202.05133,183.84396,4.381234840634229
O=c1[nH]c([N+](=O)[O-])c(C=N[N+](=O)[O-])c2nc3c(nc12)n(N[N+](=O)[O-])c(=O)n3[N+](=O)[O-],1.8941694,7.9654336,29.661203,4.9885006,2.9327288,590.1275,45.90581,148.45132,4.496497686584345
O=[N+]([O-])N=CN1CN(N[N+](=O)[O-])n2c1nc([N+](=O)[O-])c2[N+](=O)[O-],1.8630415,8.690218,34.84566,6.122316,4.089881,668.6953,327.12122,154.76819,4.573959445104981
O=c1c2c([nH]c(=O)n2N[N+](=O)[O-])n([N+](=O)[O-])c(=O)n1C=N[N+](=O)[O-],1.9078143,8.107175,30.821846,4.7185,2.9515479,628.413,-221.16043,143.99638,4.484903133660348
Nn1c([N+](=O)[O-])nc2c(=O)n([N+](=O)[O-])c(=O)n(C=N[N+](=O)[O-])c21,1.9104937,8.223866,31.721842,5.0351305,3.150576,627.5731,-4.985563,154.22937,4.330448234512296
Nc1nn2c(=O)nc([N+](=O)[O-])nc2c(N)c1[N+](=O)[O-],1.8637136,7.439338,25.636604,4.081173,2.5288754,623.9898,13.912219,291.33908,3.5514821742937484
Nn1c([N+](=O)[O-])nc2c1c(=O)n(C=N[N+](=O)[O-])c(=O)n2[N+](=O)[O-],1.892842,8.163538,31.13202,5.0271826,3.1475713,628.0214,-14.288312,136.73428,4.330122849896911
NN=c1n(C=N[N+](=O)[O-])c(=N[N+](=O)[O-])c2c(nc([N+](=O)[O-])n2N)n1[N+](=O)[O-],1.8844875,8.605732,34.405293,5.8118615,3.903867,673.7469,468.73685,135.35269,4.8192139358358554
O=[N+]([O-])N=Cn1nnnc1N[N+](=O)[O-],1.8173394,8.918652,36.19519,6.487882,4.635354,716.3536,517.38684,127.62724,4.242126334679992
Nc1c([N+](=O)[O-])c2nnnn2c(=O)c1=C(C=N[N+](=O)[O-])[N+](=O)[O-],1.8561064,7.9755354,29.328114,5.308569,3.204493,604.8645,280.33066,187.11238,4.105657553553909
Nc1nc([N+](=O)[O-])c2nn([N+](=O)[O-])c(C=N[N+](=O)[O-])c2n1,1.8225235,7.9797854,29.133234,5.443816,3.377223,621.92395,353.64603,149.42787,4.196347191860741
Nc1nc2c(c([N+](=O)[O-])nn2N)c(=O)n1N[N+](=O)[O-],1.8355564,7.8527102,28.373678,4.701416,3.150672,673.7406,117.035065,162.17097,3.94444986660144
O=c1n(N[N+](=O)[O-])c(=NN[N+](=O)[O-])c2oc3c([nH]c(=O)n3[N+](=O)[O-])c2n1N[N+](=O)[O-],1.9343796,8.457048,33.687912,5.2169056,3.2992756,634.8696,-73.76859,153.13435,4.808075955815114
O=[N+]([O-])Nc1nc2cc(N[N+](=O)[O-])n([N+](=O)[O-])c2[nH]1,1.8142052,8.098207,29.787899,5.4902906,3.5578697,649.6228,204.42249,151.11345,4.059067948049405
Nc1nn2nn[nH]c2c1N[N+](=O)[O-],1.7789601,7.9220657,28.411398,5.050486,3.673802,728.8614,447.34842,176.61578,4.2077166730857485
O=c1n(C=N[N+](=O)[O-])c2c(C=N[N+](=O)[O-])nc([N+](=O)[O-])nc2n1[N+](=O)[O-],1.8901501,8.258619,31.842669,5.4438486,3.2960694,605.76544,198.45175,141.14798,4.628573302172692
O=c1c2nc([N+](=O)[O-])n(C=N[N+](=O)[O-])c2nc([N+](=O)[O-])n1C=N[N+](=O)[O-],1.8725773,8.171185,30.924776,5.363512,3.2367086,604.34344,175.91904,176.96288,4.523234171737909
O=c1n(C=N[N+](=O)[O-])c(=NC=N[N+](=O)[O-])c2nn([N+](=O)[O-])cc2n1[N+](=O)[O-],1.885975,8.341634,32.374508,5.59414,3.4758918,621.87317,264.1561,146.5917,4.999987500299561
Nc1nn2c([N+](=O)[O-])cn(O)c2c1[N+](=O)[O-],1.8146055,7.8607607,28.082542,5.3284235,3.3496814,629.3649,140.76154,309.61624,3.734121002820859
Nn1c(=O)c2c(c(=NO)n(C=N[N+](=O)[O-])c(=O)n2C=N[N+](=O)[O-])c(=O)n1[N+](=O)[O-],1.8605194,7.93863,29.10163,4.882109,3.0460286,626.49005,-117.88226,166.24892,4.88420014419329
Nc1no[n+]([O-])c1N[N+](=O)[O-],1.8263371,8.816751,35.41402,6.28271,4.4855556,716.63403,207.13834,146.35347,4.205556834970968
O=[N+]([O-])c1ncn([N+](=O)[O-])c2ncnc1-2,1.8079071,7.6863227,27.137102,5.3191147,3.1542988,594.05835,290.54053,124.631134,3.5876670775281188
Nc1nc(N[N+](=O)[O-])nc2c1nc([N+](=O)[O-])n2N[N+](=O)[O-],1.8454071,8.155536,30.645037,5.200516,3.4392214,664.25745,267.61636,142.8238,3.7547117523003006
Nc1nn([N+](=O)[O-])c2nc(=O)c(C=N[N+](=O)[O-])c([N+](=O)[O-])c(=O)n12,1.8615454,7.8679914,28.63489,4.833429,2.9289513,608.52057,-7.698545,151.57117,4.180399836957052
Nc1nn2c(N[N+](=O)[O-])nnc2nc1[N+](=O)[O-],1.8506958,8.2463875,31.483883,5.3919806,3.6097915,671.1461,461.15,145.10129,3.656815745720154
O=[N+]([O-])N=Cc1nc2c(nc([N+](=O)[O-])n2[N+](=O)[O-])c2nnc([N+](=O)[O-])n12,1.8744141,8.364063,32.49125,5.907286,3.5371373,597.9727,535.8469,141.19084,4.327925972980143
O=C1OC2(C(=O)O)OC(C(=O)O)(O1)C(O)(C(=O)O)C2(O)C(=O)O,1.7291061,5.642581,14.320469,1.7036873,0.8684681,549.78186,-2025.0989,278.4504,5.612323956600003
Nc1nc2cnn([N+](=O)[O-])c(=O)n2c1[N+](=O)[O-],1.833025,7.758532,27.665783,4.8102555,2.9933312,624.0209,91.237305,169.15279,3.873494274148249
O=c1[nH]c2nc(C=N[N+](=O)[O-])[nH]c(=N[N+](=O)[O-])c2n1N[N+](=O)[O-],1.8507649,8.002497,29.422716,4.989822,3.1820922,641.58,133.6914,153.10814,4.581194115405596
O=[N+]([O-])N=Cc1noc2c([N+](=O)[O-])n(N[N+](=O)[O-])nc12,1.8426498,8.547745,33.562813,6.529114,4.0206203,614.55554,432.13217,128.92488,4.409410667186309
NC(=O)C1([N+](=O)[O-])C2C(N[N+](=O)[O-])=C([N+](=O)[O-])C1N([N+](=O)[O-])N2[N+](=O)[O-],1.8869779,8.694187,35.013374,5.87514,3.8654978,660.3177,-62.644527,135.8279,6.016808417557575
O=c1c2[nH]c(=O)n(C=N[N+](=O)[O-])c2n(N[N+](=O)[O-])c(=O)n1N[N+](=O)[O-],1.894004,8.084881,30.396471,4.709072,3.0015702,641.6808,-189.39323,149.83823,4.516099487924894
Nc1nc2c(cnn2[N+](=O)[O-])c(=O)n1[N+](=O)[O-],1.8581566,7.789273,28.097689,4.7554846,2.9459858,622.2015,81.00375,143.45123,3.8116358126097865
O=[N+]([O-])N=Cc1nn(C=N[N+](=O)[O-])c2nc3nc([N+](=O)[O-])n([N+](=O)[O-])n3c12,1.8474435,8.29985,31.711031,5.855897,3.6049693,615.5591,535.58813,129.89627,4.867435550879117
O=c1c2c(nc([N+](=O)[O-])n2C=N[N+](=O)[O-])n(C=N[N+](=O)[O-])c(=O)n1C=N[N+](=O)[O-],1.8587588,7.961745,29.257235,4.9690104,3.0243924,610.4248,15.243396,176.1826,4.846613373069677
NN=c1c2nc([N+](=O)[O-])c(N[N+](=O)[O-])nc2n(N)c(=O)n1[N+](=O)[O-],1.8922836,8.24619,31.819172,5.165825,3.38504,657.92535,237.08902,134.25577,4.187549287506501
NN=c1c2nn(C=N[N+](=O)[O-])c(N)c2nc([N+](=O)[O-])n1[N+](=O)[O-],1.8423616,8.160952,30.665394,5.443985,3.589195,662.0772,435.4269,135.32568,4.59738441357913
Nc1c(C(=O)O)cnn2c([N+](=O)[O-])nc([N+](=O)[O-])c12,1.7962122,7.043948,22.427038,4.031812,2.3237407,580.05035,-200.49937,269.26328,3.2737283281399012
O=c1[nH]c(=NC=N[N+](=O)[O-])c2nc([N+](=O)[O-])nc(N[N+](=O)[O-])c2n1N[N+](=O)[O-],1.8766673,8.19176,31.128578,5.1769953,3.2876036,637.26245,166.60562,147.19511,4.641278313893433
Nn1c(C=N[N+](=O)[O-])nc2oc([N+](=O)[O-])nc2c1=NN[N+](=O)[O-],1.8421603,8.164329,30.634443,5.47778,3.4827094,637.45825,298.22482,158.12888,4.716814959078052
NN=c1c2nc([N+](=O)[O-])n(N)c2[nH]c(=O)n1[N+](=O)[O-],1.8926433,8.026761,30.200665,4.6916895,3.1419044,673.532,130.5362,152.88606,4.196242174293749
O=[N+]([O-])c1ncnc2c1cnn2[N+](=O)[O-],1.8058332,7.6863785,27.031652,5.4138117,3.1808906,588.5591,321.89313,125.88162,3.5232858392541972
Nc1c([N+](=O)[O-])c([N+](=O)[O-])nn2c([N+](=O)[O-])c(C=N[N+](=O)[O-])nc12,1.8716536,8.263085,31.655642,5.7789874,3.5020857,606.1572,308.59738,199.37091,4.036382254539468
O=c1c([N+](=O)[O-])c([N+](=O)[O-])c2c(nc(C=N[N+](=O)[O-])n2[N+](=O)[O-])n1C=N[N+](=O)[O-],1.884737,8.374771,32.603348,5.8227096,3.4570282,593.31335,182.50623,135.69492,4.494662289942278
Nn1c([N+](=O)[O-])nc2c1nc([N+](=O)[O-])n1nnnc21,1.8708129,8.131979,30.750587,5.4554105,3.4102423,626.475,581.666,248.01314,3.746541251216824
Nn1c(N[N+](=O)[O-])c([N+](=O)[O-])c2nonc21,1.8650033,8.645097,34.64959,6.390645,4.172389,653.91266,428.3508,150.71808,3.7689241461891188
Nc1nc2nc([N+](=O)[O-])n(C=N[N+](=O)[O-])c(=N[N+](=O)[O-])c2n1[N+](=O)[O-],1.8774922,8.433834,32.927258,5.6230807,3.6035237,642.46796,340.7515,146.49438,4.5617687186941245
Nn1c([N+](=O)[O-])nc2nc(C=N[N+](=O)[O-])c([N+](=O)[O-])c(=O)n2c1=O,1.883477,7.890567,28.942234,4.813042,2.8982844,603.4032,-2.563657,199.94138,4.051276760033975
O=[N+]([O-])N=Cc1nc2nc([N+](=O)[O-])n3nc([N+](=O)[O-])nc3c2n1[N+](=O)[O-],1.8843023,8.352693,32.534016,5.822849,3.475729,596.5296,496.93106,146.62993,4.323329049903221
N=c1c2c(nc([N+](=O)[O-])n1N[N+](=O)[O-])n([N+](=O)[O-])c(=O)n2C=N[N+](=O)[O-],1.912946,8.499255,33.905148,5.455928,3.473317,638.4781,150.48715,135.32527,4.638348946477235
Nc1nc2nc(C=N[N+](=O)[O-])c([N+](=O)[O-])c([N+](=O)[O-])n2c1[N+](=O)[O-],1.8475755,8.117391,30.302267,5.546844,3.3634305,607.39954,244.25708,199.67867,4.050322913880128
Nc1nc([N+](=O)[O-])c([N+](=O)[O-])n2cnnc12,1.7976571,7.641392,26.479889,5.0378323,3.1094446,619.3277,286.59076,238.67877,3.3908790656882246
Nc1nn2c([N+](=O)[O-])nnc2n(N)c1=O,1.8150581,7.622498,26.55753,4.4804673,3.0177832,676.35785,242.0072,279.1133,3.6028688880346866
O=[N+]([O-])N=Cc1nc([N+](=O)[O-])c2nc([N+](=O)[O-])nc([N+](=O)[O-])n12,1.8815417,8.423602,32.975506,5.885496,3.5409074,600.3164,340.30814,168.99863,4.090047717488336
Nn1c(=O)n(C=N[N+](=O)[O-])c2nc([N+](=O)[O-])n([N+](=O)[O-])c21,1.8805763,8.360972,32.46864,5.423416,3.492648,645.8349,165.2883,148.97269,4.437190473579022
Nc1nc2c(=NN[N+](=O)[O-])n(N[N+](=O)[O-])c(=O)n([N+](=O)[O-])c2n1C=N[N+](=O)[O-],1.8848007,8.438315,33.06746,5.358739,3.5661392,668.015,203.49164,145.97784,4.868148916804035
Nn1nc(C=N[N+](=O)[O-])c2c(=O)n([N+](=O)[O-])c(=O)n(C=N[N+](=O)[O-])c21,1.8630352,7.9984474,29.614182,5.020175,3.1397426,627.77057,84.258026,159.17722,4.7740155718409785
NN=c1c2nc(N)n([N+](=O)[O-])c2n(N)c(=O)n1[N+](=O)[O-],1.8711103,8.029365,30.045732,4.7356367,3.2639735,692.7582,176.48141,150.3515,4.349550114918065
Nn1c(=O)c2c(c([N+](=O)[O-])nn2[N+](=O)[O-])c(=NN[N+](=O)[O-])n1C=N[N+](=O)[O-],1.8939073,8.630749,34.597607,5.8841553,3.8226671,651.5297,333.64352,153.19649,4.827558681231304
O=[N+]([O-])N=Cc1nc([N+](=O)[O-])nc2nnc3c(c([N+](=O)[O-])nn3C=N[N+](=O)[O-])c12,1.833663,7.9451156,29.056055,5.6117263,3.278739,583.0718,574.15204,165.99081,4.575823051998343
Nc1c([N+](=O)[O-])n2nc([N+](=O)[O-])cc2n(N)c1=O,1.808544,7.4570518,25.208986,4.652533,2.891179,625.90656,59.31905,279.97952,3.699012807333977
Nc1c(N[N+](=O)[O-])c([N+](=O)[O-])n2ncnc2c1[N+](=O)[O-],1.8487705,8.006776,29.616127,5.354795,3.3393242,625.73706,252.38614,139.09796,3.5369750116468808
O=c1[nH]c(=NC=N[N+](=O)[O-])c2nc([N+](=O)[O-])n(N[N+](=O)[O-])c2n1[N+](=O)[O-],1.905983,8.485145,33.63046,5.4487433,3.4789515,640.95465,169.32516,139.242,4.785831496152624
O=[N+]([O-])N=Cc1nn([N+](=O)[O-])c2nc([N+](=O)[O-])n3cnnc3c12,1.8475153,7.9887285,29.481592,5.621597,3.334896,593.5767,553.4091,135.23984,4.280247465281526
O=[N+]([O-])c1oc2cn3cc(O)oc3c2c1[N+](=O)[O-],1.7718217,6.884718,21.21222,4.5087185,2.281328,507.10614,-302.88382,261.61832,3.9940747666512557
O=c1[nH]c(=NC=N[N+](=O)[O-])c2c(nc([N+](=O)[O-])n2[N+](=O)[O-])[nH]1,1.8583649,7.9312677,28.96167,4.8442187,3.0158424,625.82434,61.342808,145.18571,4.487419054709574
O=c1n(C=N[N+](=O)[O-])c2nc([N+](=O)[O-])n(C=N[N+](=O)[O-])c2n1N[N+](=O)[O-],1.8760543,8.421501,32.88019,5.5222487,3.5323596,641.4036,186.77539,144.21664,4.810832833945265
Nn1c(N[N+](=O)[O-])nc2c(=NN[N+](=O)[O-])n([N+](=O)[O-])c([N+](=O)[O-])nc21,1.9169575,8.798375,36.28092,5.890678,3.941987,671.2333,399.45413,133.25517,4.4240330543584605
O=[N+]([O-])N=CN=c1[nH]c([N+](=O)[O-])nc2c([N+](=O)[O-])nc(C=N[N+](=O)[O-])nc12,1.8259711,7.9199104,28.752958,5.33905,3.2227209,604.0869,367.62955,175.33313,4.710262737391236
O=c1cc([N+](=O)[O-])nc2n([N+](=O)[O-])ncn12,1.8217213,7.649374,26.729254,4.9443574,2.9106553,591.6054,86.54147,129.96097,3.7488762034341985
Nn1c(C=N[N+](=O)[O-])nc2c([N+](=O)[O-])n([N+](=O)[O-])nc2c1=NN[N+](=O)[O-],1.863651,8.563823,33.84004,6.079697,3.939344,649.2556,512.6406,155.05061,4.692839522908477
Nc1nn(C=N[N+](=O)[O-])c2[nH]nc([N+](=O)[O-])c12,1.7992734,7.76667,27.367134,5.0046496,3.2910502,659.5871,324.23578,202.03038,4.201424106924169
Nc1nn([N+](=O)[O-])c(=O)c2nnc(N[N+](=O)[O-])n12,1.8660928,8.258619,31.643425,5.1622815,3.4364254,668.1647,257.9191,141.68405,3.9131596567611453
Nc1nc(=N[N+](=O)[O-])c2c(nc([N+](=O)[O-])n2C=N[N+](=O)[O-])n1[N+](=O)[O-],1.9027784,8.494481,33.71107,5.5804186,3.5761766,641.7683,322.17007,148.68864,4.641996690722097
N=c1nc(C=N[N+](=O)[O-])[nH]c2oc([N+](=O)[O-])nc12,1.7839973,7.3834667,24.636887,4.654447,2.7789226,598.85767,100.28122,186.77742,4.692189366337284
NN=c1c2c(=O)n(N)c([N+](=O)[O-])nc2n(N)c(=O)n1[N+](=O)[O-],1.8721519,7.876043,28.948988,4.592531,3.0421765,666.17773,49.02405,145.45714,4.101009996862871
Nc1c([N+](=O)[O-])nn2ncc([N+](=O)[O-])nc12,1.8049263,7.6628203,26.679913,5.0557466,3.1033125,616.235,288.69675,286.70486,3.6392243250799954
Nn1nc([N+](=O)[O-])c2nc(N[N+](=O)[O-])n([N+](=O)[O-])c21,1.8922399,8.809592,36.17362,6.1603203,4.1305127,671.75183,420.9219,139.86925,4.1322674050629775
Nn1ncc2c([N+](=O)[O-])nc(N[N+](=O)[O-])n2c1=O,1.8246522,7.824054,28.01598,4.9057446,3.1606019,647.0928,154.35605,136.15569,3.9091702336842236
Nc1nc([N+](=O)[O-])c2c(N)nn([N+](=O)[O-])c2n1,1.8055191,7.5963097,26.383425,4.5998793,2.997374,655.5659,204.18619,150.0964,3.6591773510713246
N=c1c2c(nc([N+](=O)[O-])n2N[N+](=O)[O-])n(C=N[N+](=O)[O-])c(=O)n1[N+](=O)[O-],1.9058857,8.49234,33.746235,5.480137,3.4970117,640.137,164.82791,134.23721,4.6205627473822135
NN1Cc2c(c(O)n([N+](=O)[O-])c2O)O1,1.7566471,7.2268314,23.45123,4.2669415,2.8165581,662.33215,-293.97876,207.23125,4.41809430710586
N=c1c2c(C=N[N+](=O)[O-])n[nH]c2nc([N+](=O)[O-])n1[N+](=O)[O-],1.8407036,8.023472,29.62905,5.388744,3.3478508,623.17084,326.21368,133.17557,4.3597441698827195
Nc1c(N[N+](=O)[O-])c([N+](=O)[O-])c2nncn2c1[N+](=O)[O-],1.8561797,8.090531,30.293695,5.4980335,3.4475727,627.96564,289.97726,141.63199,3.614550047931351
Nc1nc([N+](=O)[O-])c2nc(N[N+](=O)[O-])n(N)c(=N[N+](=O)[O-])c2n1,1.8342509,8.0150175,29.541063,5.0909023,3.364083,663.33075,318.45175,136.79807,4.0168219923937585
O=c1c2c(nc(C=N[N+](=O)[O-])n2[N+](=O)[O-])n(N[N+](=O)[O-])c(=O)n1N[N+](=O)[O-],1.8997353,8.514046,33.758373,5.5607195,3.5274804,635.61066,66.17415,140.98096,4.619624553387316
O=c1n(C=N[N+](=O)[O-])c2c(c([N+](=O)[O-])nn2C=N[N+](=O)[O-])n1[N+](=O)[O-],1.9028405,8.571267,34.302925,5.7755895,3.6151662,626.1392,234.76147,136.83554,4.769049837575244
Nc1nc2c(nc(N[N+](=O)[O-])n2[N+](=O)[O-])c(=O)n1N[N+](=O)[O-],1.8880221,8.293972,32.035072,5.091525,3.3519492,661.5765,110.681305,146.1813,4.097454391669515
O=[N+]([O-])Nn1c([N+](=O)[O-])nc2ncnc([N+](=O)[O-])c21,1.8168339,8.121136,30.133099,5.7191067,3.5080125,614.60266,331.5977,120.58731,3.77879735981411
O=[N+]([O-])N=Cc1nc2c(nnn2C=N[N+](=O)[O-])c(=N[N+](=O)[O-])[nH]1,1.8295101,8.14068,30.301706,5.5698714,3.5482104,638.24347,544.20746,163.42975,4.8310144982485586
N=c1c2c(nc([N+](=O)[O-])n1C=N[N+]([O-])=N[N+](=O)[O-])nc([N+](=O)[O-])n2C=N[N+](=O)[O-],1.8760127,8.393611,32.613514,5.619619,3.5523105,633.1634,400.22476,172.6389,4.974181405037708
Nc1c(N[N+](=O)[O-])nn2nnc([N+](=O)[O-])c2c1[N+](=O)[O-],1.8788078,8.470191,33.411854,5.8259335,3.754135,645.06696,401.60898,144.72667,3.825962529789116
O=[N+]([O-])N=Cn1nc2c([N+](=O)[O-])nn(C=N[N+](=O)[O-])c(=N[N+](=O)[O-])c2n1,1.8732198,8.62906,34.488567,6.189275,3.930804,634.98566,631.8068,154.5966,4.892257621331792
Nn1nc2c([N+](=O)[O-])c([N+](=O)[O-])ncn2c1=O,1.8510135,7.8265834,28.262339,4.938804,3.0418086,618.789,129.2186,231.1842,3.5083711972251708
Nc1nc(C=N[N+](=O)[O-])c2c(n1)c([N+](=O)[O-])c([N+](=O)[O-])n2[N+](=O)[O-],1.8282104,8.083501,29.88752,5.638743,3.426708,608.41516,264.88345,138.30286,4.0905558809130955
O=[N+]([O-])N=Cc1nc([N+](=O)[O-])n2nc([N+](=O)[O-])c([N+](=O)[O-])c2n1,1.877617,8.506804,33.569374,6.118341,3.688548,601.05884,404.3464,170.17271,4.001720605256306
Nn1c(=O)n(C=N[N+](=O)[O-])c2c([N+](=O)[O-])c(=O)n3onc3n21,1.8757002,8.044125,29.98207,5.100202,3.1504233,620.09296,106.55698,195.56552,4.675205756143733
Nn1c([N+](=O)[O-])nc2[nH]c(=O)[nH]c2c1=NN[N+](=O)[O-],1.8510712,7.7179193,27.474524,4.3530536,2.8804467,666.8186,47.72437,165.37941,4.053499622257548
NC1=NC([N+](=O)[O-])=C([N+](=O)[O-])C1C1(N)C(N)=C([N+](=O)[O-])N([N+](=O)[O-])C12N([N+](=O)[O-])C(=N[N+](=O)[O-])N(N)N2[N+](=O)[O-],1.881901,8.672112,34.798927,5.854214,3.9657452,681.5902,256.62598,135.82549,6.443815911734992
O=[N+]([O-])N=Cc1nc2c([N+](=O)[O-])c(C=N[N+](=O)[O-])nn2c([N+](=O)[O-])c1[N+](=O)[O-],1.8689561,8.400136,32.701717,6.1794014,3.6511831,589.3337,409.05374,183.70787,4.373880517635636
O=[N+]([O-])c1ncn2c([N+](=O)[O-])c[nH]c12,1.8054472,7.4363155,25.157822,4.8462687,2.8710337,594.54736,108.94263,302.0368,3.6154858488500334
O=[N+]([O-])N=Cn1c([N+](=O)[O-])nc2c1nc([N+](=O)[O-])n1c(N[N+](=O)[O-])nnc21,1.8669975,8.275186,31.792456,5.627174,3.4654124,615.8925,497.0764,125.650696,4.348927437075114
O=[N+]([O-])N=Cc1nc2c([N+](=O)[O-])nc([N+](=O)[O-])nc2cc1N[N+](=O)[O-],1.8117362,7.825921,27.954187,5.5188594,3.223529,583.91376,294.11963,137.23813,4.077216333765621
Nc1nn(N)c2c([N+](=O)[O-])nc([N+](=O)[O-])nc12,1.7999376,7.7194853,27.144634,5.022654,3.2477891,649.7319,314.37714,254.00697,3.6874050433790178
Nn1c(=O)n(N[N+](=O)[O-])c2c(=O)n(C=N[N+](=O)[O-])c(=O)n([N+](=O)[O-])c21,1.8922944,8.182765,31.219023,4.9163136,3.15616,644.8445,-127.332794,145.74625,4.555153484697352
Nn1c([N+](=O)[O-])nc2[nH]nc(C=N[N+](=O)[O-])c2c1=O,1.8037626,7.5465946,25.911865,4.7408705,2.9509509,624.9869,169.27078,183.34143,4.033848943524518
NN=c1c2nc(N)n([N+](=O)[O-])c2[nH]c(=O)n1N[N+](=O)[O-],1.8588567,7.825034,28.365152,4.398943,3.011454,689.1666,82.20618,164.56335,4.325252224999565
Nn1c(C=N[N+](=O)[O-])nc2nnc([N+](=O)[O-])n2c1=O,1.8261759,7.9498863,28.919216,5.0897346,3.269491,643.485,292.76828,173.0346,4.13526251818515
O=c1nnc2c(nn3c([N+](=O)[O-])c([N+](=O)[O-])n(C=N[N+](=O)[O-])c23)n1N[N+](=O)[O-],1.9039083,8.499356,33.792225,5.807675,3.576758,615.45374,416.23624,151.13129,4.5083460062011245
O=c1c([N+](=O)[O-])c([N+](=O)[O-])oc2c(C=N[N+](=O)[O-])c([N+](=O)[O-])nn12,1.905701,8.318974,32.31959,5.695245,3.250527,568.8881,-3.2618077,197.75226,4.101125111682325
O=[N+]([O-])N=Cc1c([N+](=O)[O-])nn(C=N[N+](=O)[O-])c1[N+](=O)[O-],1.8415495,8.651851,34.27865,6.4697623,4.084419,630.71985,353.32504,177.17336,4.430841382669932
O=[N+]([O-])N=CN=c1[nH]c(C=N[N+](=O)[O-])nc2c([N+](=O)[O-])[nH]nc12,1.8194582,7.7971206,27.802622,5.148088,3.1973472,622.4152,378.68613,185.13158,4.833434278468339
N=c1nc([N+](=O)[O-])nnc2c1n([N+](=O)[O-])c(=O)n2C=N[N+](=O)[O-],1.8714429,8.151212,30.949266,5.249341,3.2562387,620.9239,255.84213,139.06952,4.479278991132723
O=[N+]([O-])N=CN=c1c2[nH]c([N+](=O)[O-])nc2nc([N+](=O)[O-])n1N[N+](=O)[O-],1.8632799,8.370014,32.391155,5.594197,3.5652614,639.31525,334.7908,136.3501,4.597054680493519
O=c1c2nn(C=N[N+](=O)[O-])c([N+](=O)[O-])c2nc2c([N+](=O)[O-])c[nH]n12,1.8522205,7.711515,27.460709,5.0235057,2.919415,582.0877,228.30194,191.76462,4.200774105765166
Nn1c(C=N[N+](=O)[O-])nc2c([N+](=O)[O-])nn(N)c2c1=N[N+](=O)[O-],1.8303486,8.236048,31.084034,5.7064323,3.7765174,663.8618,508.50668,164.75455,4.509479495546343
N=c1c2c(nc([N+](=O)[O-])n1N)c([N+](=O)[O-])nn2N[N+](=O)[O-],1.8722943,8.410616,32.900887,5.635661,3.7228382,663.2617,366.98953,139.46846,4.19643103301958
N=c1c2c(C=N[N+](=O)[O-])nn([N+](=O)[O-])c2nc([N+](=O)[O-])n1C=N[N+](=O)[O-],1.8602824,8.250621,31.485605,5.6819572,3.5270934,621.82214,394.15945,143.99927,4.801967282105801
O=c1c2[nH]c([N+](=O)[O-])nc2n(N[N+](=O)[O-])c(=O)n1C=N[N+](=O)[O-],1.8690119,7.9862237,29.575457,4.8227406,2.9967566,623.912,-76.64164,142.49243,4.3269213618767335
O=[N+]([O-])N=Cn1nc([N+](=O)[O-])c2c1N1NN=C(N[N+](=O)[O-])N=C1N2[N+](=O)[O-],1.8986653,8.689804,35.3127,5.98852,3.9152567,653.93866,553.6026,126.37732,4.8435310197937635
O=c1c2c(nnn2[N+](=O)[O-])nc(C=N[N+](=O)[O-])n1[N+](=O)[O-],1.8883206,8.5216875,33.78535,5.9173083,3.6360755,614.1763,353.30496,131.21683,4.4404128512014
Nn1nc(N[N+](=O)[O-])c2c(c([N+](=O)[O-])nn2N)c1=O,1.8314027,8.050383,29.776522,5.234614,3.4950962,671.0173,266.71356,145.70433,4.048700328139901
O=c1c2cnn([N+](=O)[O-])c2nc(C=N[N+](=O)[O-])n1[N+](=O)[O-],1.860328,8.138997,30.64165,5.602318,3.3405929,596.8825,238.40945,132.59688,4.230675763289312
Nc1nn([N+](=O)[O-])c2c1c(C=N[N+](=O)[O-])c([N+](=O)[O-])c1c2nnn1[N+](=O)[O-],1.8568413,8.168871,30.855999,5.813474,3.4938943,600.8753,486.20132,132.64786,4.455700961838021
O=[N+]([O-])N=Cn1c([N+](=O)[O-])nc([N+](=O)[O-])c2c1nc1ncc([N+](=O)[O-])n12,1.8413947,7.92031,28.831161,5.4061584,3.1544394,583.37604,337.5403,190.1646,4.193028830123002
Nc1nnc2c([N+](=O)[O-])cc([N+](=O)[O-])c(O)n12,1.8077688,7.3327765,24.39164,4.446742,2.6731865,603.9744,-10.109662,285.97522,3.2115465818405564
NC1=C([N+](=O)[O-])N(N)C=C([N+](=O)[O-])N1,1.7950594,7.785428,27.480827,4.8451962,3.4225261,709.1772,49.685368,303.6244,4.219769047230599
Nc1nc2c([N+](=O)[O-])nn(N[N+](=O)[O-])c2c(=NN[N+](=O)[O-])n1N,1.8520132,8.352925,32.156452,5.453263,3.7692733,695.2644,414.37247,152.82689,4.420936746492119
Nc1nc([N+](=O)[O-])nc2c1c(=NN[N+](=O)[O-])n(N)c(=O)n2N[N+](=O)[O-],1.8637697,8.038059,29.903433,4.821774,3.2259672,673.03186,138.5813,154.70157,4.254155431980839
Nn1nnc2c([N+](=O)[O-])nc([N+](=O)[O-])nc21,1.858828,8.248686,31.529587,5.5775323,3.5740368,642.42865,427.38327,243.99956,3.719786400214164
O=[N+]([O-])N=Cn1nnc2c(N[N+](=O)[O-])c3c(N[N+](=O)[O-])n[nH]c3nc21,1.8376603,7.9719176,29.269411,5.2679076,3.338408,635.34973,544.5122,148.4293,4.389170299721792
Nc1nc(N[N+](=O)[O-])c([N+](=O)[O-])c2nnn([N+](=O)[O-])c12,1.8878988,8.390384,32.82501,5.588901,3.5852013,643.13403,336.8022,135.54706,3.871626100180988
CC1=NN(c2n[nH]c3c2c([N+](=O)[O-])nn3[N+](=O)[O-])C(=O)C12C([N+](=O)[O-])=C([N+](=O)[O-])NC(=N[N+](=O)[O-])C2[N+](=O)[O-],1.8062046,7.939203,28.570791,5.4851017,3.3208437,607.05145,193.9704,144.7024,5.9736496820630745
Nc1nc2c(=O)n(N)c(=O)n(N[N+](=O)[O-])c2c(=N[N+](=O)[O-])n1[N+](=O)[O-],1.890311,8.162981,31.000156,4.886959,3.200769,658.9613,10.47652,140.57132,4.2690578633955765
NN=c1c2nc(C=N[N+](=O)[O-])n([N+](=O)[O-])c2n(N[N+](=O)[O-])c(=O)n1[N+](=O)[O-],1.8999339,8.603942,34.536804,5.759232,3.7476826,652.2622,298.78638,140.23322,4.781355430960448
Nc1ncnn2c([N+](=O)[O-])c([N+](=O)[O-])nc12,1.7831744,7.5607514,25.790083,4.938878,3.0456939,619.64984,266.33844,265.043,3.315952053165863
Nn1c([N+](=O)[O-])nc2c1nc([N+](=O)[O-])n1c2nc2c1nc(N[N+](=O)[O-])n2[N+](=O)[O-],1.9028682,8.220926,31.791578,5.3436713,3.2873712,615.07574,429.0975,151.10728,4.253721134538977
O=c1cc(O)[nH]n1[N+](=O)[O-],1.7669274,7.3400016,24.109737,4.2248673,2.6941657,642.0809,-259.7027,165.933,4.079700727622258
N=c1c2c(C=N[N+](=O)[O-])nn(N[N+](=O)[O-])c2nc([N+](=O)[O-])n1[N+](=O)[O-],1.8769289,8.486564,33.386024,5.862971,3.7219074,636.3006,398.36203,134.49248,4.639357529882937
Nc1nc2c(=NC=N[N+](=O)[O-])[nH]c([N+](=O)[O-])nc2n1[N+](=O)[O-],1.8547198,7.9459324,29.181131,4.898206,3.1514146,645.79553,249.28006,165.13972,4.60650067139797
O=[N+]([O-])N=Cc1c([N+](=O)[O-])n(C=N[N+](=O)[O-])c(=N[N+](=O)[O-])c2c1nnn2C=N[N+](=O)[O-],1.8473278,8.394182,32.326855,6.0388136,3.7496924,621.213,542.6692,157.40523,5.013039755502305
O=c1c2c(cnn2C=N[N+](=O)[O-])c([N+](=O)[O-])nn1[N+](=O)[O-],1.8486494,8.145426,30.543848,5.7084093,3.4147625,598.5823,260.22647,145.02417,4.240340873179422
Nn1nc(N[N+](=O)[O-])n2nnc([N+](=O)[O-])c12,1.8576024,8.755229,35.469643,6.1890635,4.3272376,700.6394,561.6086,147.3848,4.013753126511122
O=[N+]([O-])Nc1c([N+](=O)[O-])c([N+](=O)[O-])nc2nncn12,1.8624964,8.357865,32.34051,5.8553743,3.6482277,622.90137,385.69687,130.65715,3.6698552783661462
N=c1c2c(nc([N+](=O)[O-])n1C=N[N+](=O)[O-])[nH]c(=O)n2[N+](=O)[O-],1.8955268,8.052872,30.341661,4.8498497,3.0328615,628.3688,58.08051,161.6807,4.415627070714608
Nc1cc([N+](=O)[O-])c2nc([N+](=O)[O-])nn2c1N[N+](=O)[O-],1.8452059,7.962221,29.261374,5.264502,3.2918305,626.5984,221.54218,152.53203,3.5840127474959367
O=c1[nH]c(=NN[N+](=O)[O-])c2c(nc([N+](=O)[O-])n2C=N[N+](=O)[O-])c(=O)n1[N+](=O)[O-],1.9089758,8.32971,32.502083,5.20036,3.240354,625.1368,33.230213,151.58633,4.681164093519213
O=c1[nH]c2c(c(=NN[N+](=O)[O-])n1N[N+](=O)[O-])n(N[N+](=O)[O-])c(=O)n2N[N+](=O)[O-],1.9350547,8.707681,35.601498,5.3513346,3.6192732,679.95514,24.060305,150.66882,4.724306089361207
Nc1nc2n[nH]nc2c2nc(N[N+](=O)[O-])n([N+](=O)[O-])c12,1.8191893,7.596933,26.530437,4.742474,2.9997752,635.1848,421.54446,151.50998,3.945856494692137
N=c1c2c(n(N[N+](=O)[O-])c(=O)n2C=N[N+](=O)[O-])n([N+](=O)[O-])c(=O)n1N,1.8799657,8.178324,31.111654,4.9853168,3.2790356,661.01416,26.52736,150.46695,4.712511827892619
Nn1c(=O)c2nc([N+](=O)[O-])nc([N+](=O)[O-])c2c(=O)n1C=N[N+](=O)[O-],1.8685036,7.930918,29.14508,5.026672,3.0244672,603.6717,40.589115,185.81172,4.257188847946062
Nc1c([N+](=O)[O-])n(N)c2c(N[N+](=O)[O-])nc([N+](=O)[O-])n12,1.876501,8.36754,32.582386,5.4433374,3.6710603,676.8014,233.30356,162.19862,3.9712385764565266
N=c1c2c(ncn1[N+](=O)[O-])n([N+](=O)[O-])c(=O)n2C=N[N+](=O)[O-],1.8927402,8.123786,30.924204,5.109493,3.1776826,623.7544,128.28848,143.38484,4.586803728539542
Nn1c(=NN[N+](=O)[O-])c2c(nnn2N)n([N+](=O)[O-])c1=O,1.8886676,8.500046,33.73081,5.3977857,3.7763755,703.3581,377.4158,143.50327,4.499546564622207
O=c1n([N+](=O)[O-])c(=NN[N+](=O)[O-])c2nc(N[N+](=O)[O-])n(C=N[N+](=O)[O-])c2n1C=N[N+](=O)[O-],1.908542,8.587819,34.489445,5.576581,3.6135612,649.5534,250.47452,142.46722,5.0564059052918635
Nn1c(=NN[N+](=O)[O-])c2c(n(N[N+](=O)[O-])c1=O)n(N[N+](=O)[O-])c(=O)n2N[N+](=O)[O-],1.9254234,8.767232,35.991608,5.5143404,3.7970753,691.84814,109.36835,154.79118,4.78654103488155
Nc1nnc2c([N+](=O)[O-])nn([N+](=O)[O-])c2c1C=N[N+](=O)[O-],1.8158641,8.098861,29.942184,5.7932887,3.6087313,622.9092,463.90683,131.7738,4.216040873179422
NN=c1c2nc([N+](=O)[O-])n(N)c2n(N)c(=O)n1[N+](=O)[O-],1.8672825,8.105022,30.609423,4.979228,3.4127512,688.96515,233.65347,143.19632,4.253010469947649
O=[N+]([O-])c1ccc2c(n1)nc([N+](=O)[O-])n2[N+](=O)[O-],1.7875985,7.714039,26.95285,5.590716,3.1781054,567.9046,211.578,128.61769,3.5728327336842227
Nc1c(C=N[N+](=O)[O-])c2c(nc([N+](=O)[O-])n3c(N)c([N+](=O)[O-])nc23)n1[N+](=O)[O-],1.8486602,7.7819815,27.96905,4.99934,3.0451279,610.7281,233.14758,168.70375,4.357403594558713
Nc1nc2nc([N+](=O)[O-])c([N+](=O)[O-])c(N[N+](=O)[O-])n2n1,1.8521231,8.224885,31.198042,5.357159,3.4671736,649.2068,288.32733,131.40802,3.542168625580116
O=[N+]([O-])N=Cc1nnn2nc([N+](=O)[O-])nc([N+](=O)[O-])c12,1.8506559,8.422851,32.6559,6.137181,3.7652307,613.0663,535.6308,174.8673,4.185941436417078
O=c1cc2n(C=N[N+](=O)[O-])c([N+](=O)[O-])nn2c(=O)n1N[N+](=O)[O-],1.8496152,8.009338,29.414692,5.0854464,3.1413765,620.6345,2.5931575,144.75247,4.439719848635876
Nn1c([N+](=O)[O-])c([N+](=O)[O-])nc(C=N[N+](=O)[O-])c1=O,1.8349272,8.247726,31.09668,5.6727743,3.5680394,629.9768,107.36276,177.40067,3.949381753571613
Nc1c([N+](=O)[O-])c([N+](=O)[O-])nc2nnc(N[N+](=O)[O-])n12,1.878024,8.354812,32.488182,5.488652,3.551244,648.6751,326.48572,145.04556,3.6669877837804066
NN=c1c2nc([N+](=O)[O-])n(N[N+](=O)[O-])c2n([N+](=O)[O-])c(=O)n1C=N[N+](=O)[O-],1.9002746,8.559464,34.19618,5.6128917,3.661416,654.5837,247.87299,140.4934,4.733882624893276
O=[N+]([O-])N=Cc1nnc([N+](=O)[O-])c2nnn(N[N+](=O)[O-])c12,1.8365191,8.479359,32.992588,6.3053274,3.980415,631.0932,637.4715,130.69151,4.369117304642696
O=[N+]([O-])N=Cc1c2c([N+](=O)[O-])nn(O)c2nc2c1c(N[N+](=O)[O-])nn2C=N[N+](=O)[O-],1.8399237,8.04854,29.752491,5.586508,3.3840883,607.34686,406.4316,138.70795,4.74407232333648
N=c1c2c(nc([N+](=O)[O-])n1N[N+](=O)[O-])nc([N+](=O)[O-])n2N,1.8664099,8.309064,32.05422,5.453373,3.5926626,661.63,313.89984,134.3409,4.177907396655945
O=c1c2nc([N+](=O)[O-])c([N+](=O)[O-])nc2c(C=N[N+](=O)[O-])nn1C=N[N+](=O)[O-],1.8407667,8.020708,29.56487,5.550869,3.2475047,585.0436,282.71222,172.44989,4.520022115684175
O=[N+]([O-])NN=Cc1nc([N+](=O)[O-])n2nc([N+](=O)[O-])n([N+](=O)[O-])c12,1.8694627,8.720146,35.11628,6.3327084,4.0215693,635.4872,444.85397,135.00055,4.39160786881242
N=c1c2c(nc(C=N[N+](=O)[O-])n2N[N+](=O)[O-])n([N+](=O)[O-])c(=O)n1[N+](=O)[O-],1.9130167,8.576604,34.47826,5.678693,3.612482,637.4872,226.64139,136.98355,4.686735145572258
O=c1c2c(n(N[N+](=O)[O-])c(=O)n1C=N[N+](=O)[O-])n([N+](=O)[O-])c(=O)n2C=N[N+](=O)[O-],1.899105,8.278649,31.979826,5.132797,3.203174,625.75543,-101.324745,147.55846,4.866090832452399
Nc1nc(C=N[N+](=O)[O-])c2c([N+](=O)[O-])nc([N+](=O)[O-])nn12,1.8242171,7.9882755,29.195648,5.3732696,3.3529842,625.8234,349.3514,184.91582,4.089630433618982
Nc1n[nH]cc1N=c1nc([N+](=O)[O-])[nH]c2nc([N+](=O)[O-])nn12,1.7628591,7.2106357,23.278673,4.260995,2.7167056,639.99347,377.189,276.18893,4.323223483290161
Nc1nc([N+](=O)[O-])c([N+](=O)[O-])n2c(C=N[N+](=O)[O-])nnc12,1.8143989,7.9844003,29.020634,5.4718876,3.3975701,622.03125,384.19766,195.39885,3.9734884006519504
O=C(C=N[N+](=O)[O-])N=c1c2c([nH]c(=O)n1[N+](=O)[O-])n(C=N[N+](=O)[O-])c(=O)n2[N+](=O)[O-],1.8832417,8.070055,30.242973,4.9197073,3.020232,616.73035,-126.92551,138.16173,4.869803730888142
O=[N+]([O-])N=Cc1cc2c(nc([N+](=O)[O-])n2[N+](=O)[O-])n1[N+](=O)[O-],1.8371385,8.381505,32.114124,6.2562366,3.7704527,601.4532,322.3306,133.03775,4.419924152942725
O=c1ncn(N[N+](=O)[O-])c2nc([N+](=O)[O-])[nH]c12,1.8235184,7.6247993,26.629856,4.6811204,2.884078,619.56036,59.991123,142.51538,3.8188006955529312
NN=c1c2c(nc([N+](=O)[O-])n1[N+](=O)[O-])n(N[N+](=O)[O-])c(=O)n2C=N[N+](=O)[O-],1.8945615,8.50768,33.686565,5.541268,3.606243,652.9379,232.13882,132.86522,4.706344380039539
Nc1nn([N+](=O)[O-])c2c1c([N+](=O)[O-])nn2C=N[N+](=O)[O-],1.8521017,8.391079,32.442455,5.8040204,3.7684171,650.6993,396.32303,150.86487,4.423473705405952
Nc1c(N[N+](=O)[O-])c(=O)[nH]c2nonc12,1.8060445,7.412481,25.047228,4.5178432,2.8276618,628.3567,85.39618,163.93326,3.6467496291228656
Nc1nnc([N+](=O)[O-])c2nc([N+](=O)[O-])cn12,1.7872791,7.6060367,26.140549,4.99393,3.103312,622.76996,287.6335,263.53513,3.5162286184610334
NN1C(=O)NC([N+](=O)[O-])=C([N+](=O)[O-])C1=C1C(C=N[N+](=O)[O-])=C([N+](=O)[O-])N(C=N[N+](=O)[O-])C(N[N+](=O)[O-])=C1[N+](=O)[O-],1.8900793,8.41393,32.918194,5.691454,3.5419092,624.4163,114.69675,146.4304,5.09277371951294
Nn1c([N+](=O)[O-])nc2[nH]c(N[N+](=O)[O-])nc2c1=N[N+](=O)[O-],1.8894091,8.350618,32.533005,5.3002934,3.5184147,666.0318,299.14603,151.23962,4.039030158893707
O=C1N(N[N+](=O)[O-])C(=NC=N[N+](=O)[O-])c2nc(c([N+](=O)[O-])n2[N+](=O)[O-])N1C=N[N+](=O)[O-],1.8838936,8.576408,34.13959,5.776127,3.685718,638.9458,243.9797,141.40083,5.659441763608235
O=c1nc(O)c2ncc(C=N[N+](=O)[O-])nc2n1[N+](=O)[O-],1.8166466,7.2776337,24.266108,4.364783,2.521927,579.799,-44.45257,143.60529,4.065459385135027
Nc1nc2nnc([N+](=O)[O-])n2c(N)c1[N+](=O)[O-],1.8546666,7.6809525,27.191372,4.4820194,2.9040954,650.97107,204.87756,309.8219,3.444740427994402
O=c1c(C=N[N+](=O)[O-])c([N+](=O)[O-])nc2n(N[N+](=O)[O-])c([N+](=O)[O-])c(N[N+](=O)[O-])n12,1.8938003,8.510464,33.680824,5.732973,3.5654662,623.18384,127.4212,133.24426,4.441137796015153
Nc1cnc([N+](=O)[O-])c2nc([N+](=O)[O-])n(N[N+](=O)[O-])c12,1.8061274,7.8649335,28.218548,5.3697824,3.3406477,623.8656,250.79895,138.0374,3.8932966371911473
Nc1nc(N)c2nc([N+](=O)[O-])n([N+](=O)[O-])c2n1,1.7962877,7.4791417,25.477888,4.3992944,2.8678756,655.4169,164.43845,153.75499,3.392574274148248
O=c1[nH]cnc2c1nc(N[N+](=O)[O-])n2[N+](=O)[O-],1.8375808,7.6714454,27.098314,4.6459937,2.8695593,621.3558,75.56636,140.70323,3.7796973510713254
O=c1c2nc(C=N[N+](=O)[O-])[nH]c2nc([N+](=O)[O-])n1N[N+](=O)[O-],1.8389015,7.972446,29.17073,5.1484857,3.1788805,619.61694,143.8305,138.56358,4.284026095126784
Nc1c([N+](=O)[O-])nn2c([N+](=O)[O-])cnnc12,1.8151789,7.7934456,27.710445,5.312418,3.2702374,617.2097,349.5847,282.66678,3.5346568832195304
Nc1nnn2c(N)c([N+](=O)[O-])c([N+](=O)[O-])c(N[N+](=O)[O-])c12,1.8525692,8.087623,30.24403,5.2693357,3.4376087,655.2972,255.67465,143.98523,3.6588654386139883
Nc1nc2nnn([N+](=O)[O-])c2c(N)c1N[N+](=O)[O-],1.8123375,7.7490015,27.457388,4.8089066,3.2253137,673.22284,302.1652,163.34602,3.9699058106072993
O=[N+]([O-])N=Cn1nc2nc([N+](=O)[O-])nc([N+](=O)[O-])c2n1,1.8679736,8.377963,32.528606,5.8569994,3.602243,614.2858,471.37247,180.86778,4.250408103083744
Nn1c(=O)cc([N+](=O)[O-])n2c(N[N+](=O)[O-])c([N+](=O)[O-])nc12,1.838319,7.9667916,29.074621,5.1884794,3.2428818,627.6618,76.22974,131.80508,3.8465613826699316
Nn1nc([N+](=O)[O-])c2c(C=N[N+](=O)[O-])noc2c1=O,1.816968,7.880322,28.290115,5.5041823,3.2994227,600.3496,214.20581,182.20213,4.1764045996331145
Nc1nc2c(=O)n([N+](=O)[O-])c(=O)n(C=N[N+](=O)[O-])c2n1C=N[N+](=O)[O-],1.8634483,7.847618,28.516953,4.6482906,2.910795,629.1546,-21.242949,155.76314,4.66665333407874
Nc1nn([N+](=O)[O-])c2c(C=N[N+](=O)[O-])nn([N+](=O)[O-])c12,1.8497485,8.425465,32.670937,5.9767733,3.8545818,645.9038,437.49802,145.97485,4.560046419484326
Nn1c(=O)[nH]c2nc([N+](=O)[O-])c(N[N+](=O)[O-])nc21,1.8377607,7.714696,27.450146,4.5349493,2.9221,648.80566,66.88893,133.14062,3.6555577336842227
NC(=O)c1nn(C=N[N+](=O)[O-])c2c([N+](=O)[O-])[nH]c(=O)nc12,1.7910023,7.130077,22.9541,3.9904048,2.410453,608.631,-89.93652,182.06078,4.099851862190411
Nc1c(N[N+](=O)[O-])c([N+](=O)[O-])c(=O)n2cn[nH]c12,1.8274235,7.4662156,25.666317,4.477363,2.7986367,628.37286,29.71567,142.13972,3.58199427214576
Nn1nc([N+](=O)[O-])c2nc([N+](=O)[O-])c(C=N[N+](=O)[O-])n2c1=O,1.8587903,8.1527,30.689032,5.385384,3.3573809,624.38116,224.62726,170.14865,4.212236619786226
Nc1c([N+](=O)[O-])n(N[N+](=O)[O-])c2nc3c(=O)n([N+](=O)[O-])c(=O)n(N)c3c(=O)n12,1.9007376,7.8608994,29.007118,4.54396,2.8072934,620.98627,-135.574,151.8072,4.246307228540428
Nc1c([N+](=O)[O-])c(=O)n(N[N+](=O)[O-])c2nnc(N[N+](=O)[O-])n12,1.8981386,8.40346,32.993416,5.2785206,3.4876096,663.28735,177.49246,142.74075,3.9723424553299926
Nc1nc2c(N[N+](=O)[O-])cn([N+](=O)[O-])c(=O)n2c1[N+](=O)[O-],1.8798735,8.029339,30.056871,4.9904017,3.1318262,628.5625,3.886172,165.61617,3.9870117323202807
Nn1c(=N[N+](=O)[O-])c2[nH]c(=O)n(N[N+](=O)[O-])c2n(C=N[N+](=O)[O-])c1=O,1.8964765,8.174001,31.147015,4.844028,3.19144,662.3602,-5.739179,151.66545,4.620438648764056
Nn1c(=NN[N+](=O)[O-])c2nc3nc([N+](=O)[O-])n([N+](=O)[O-])c(=NC=N[N+](=O)[O-])c3nc2n(C=N[N+](=O)[O-])c1=O,1.8802862,8.170528,31.058838,5.2437205,3.2814193,627.6643,379.14133,138.70604,5.144376238380037
N=c1c2nnc(N)nc2n(N[N+](=O)[O-])c(=O)n1N[N+](=O)[O-],1.8111396,7.7990823,27.799116,4.6650376,3.1596339,679.9236,229.69604,148.99059,4.111979609443158
O=c1c2nc([N+](=O)[O-])c(C=N[N+](=O)[O-])n2nc(C=N[N+](=O)[O-])n1[N+](=O)[O-],1.8685677,8.334522,32.204624,5.8153305,3.5074587,602.80664,308.15964,142.5015,4.5452455429753655
O=c1c2nc(C=N[N+](=O)[O-])n(C=N[N+](=O)[O-])c(=NC=N[N+](=O)[O-])c2nc(C=N[N+](=O)[O-])n1[N+](=O)[O-],1.8341502,8.060043,29.811277,5.493916,3.3430498,609.37506,353.9689,147.79675,5.261829938403077
O=[N+]([O-])Nc1oc([N+](=O)[O-])c2ncn([N+](=O)[O-])c12,1.8850648,8.424529,33.05527,5.922478,3.584188,603.9326,118.940216,147.10152,4.111788502914992
Nc1c([N+](=O)[O-])nc2nc([N+](=O)[O-])ncn12,1.8308957,7.5147953,25.925518,4.497668,2.782815,621.3692,162.48825,280.79733,3.5387431086220342
NN=c1c2[nH]c(=O)n(N[N+](=O)[O-])c2nc([N+](=O)[O-])n1N,1.8493506,7.8803873,28.708754,4.6090045,3.1473432,687.0554,132.92117,157.09276,4.163602297568506
O=[N+]([O-])N=Cc1nc2nc(N[N+](=O)[O-])nn2c([N+](=O)[O-])c1[N+](=O)[O-],1.875943,8.493708,33.49467,5.9488688,3.698664,621.3315,417.4985,141.2653,4.044107803990018
Nc1nc([N+](=O)[O-])c2nc([N+](=O)[O-])n(C=N[N+](=O)[O-])c(n1)c2=O,1.802689,7.669535,26.757793,4.9307957,2.9833963,606.8457,154.83774,200.86064,4.697126579634855
O=c1n(N[N+](=O)[O-])c2nc([N+](=O)[O-])n(C=N[N+](=O)[O-])c(=NN[N+](=O)[O-])c2n1N[N+](=O)[O-],1.913601,8.774515,35.968334,5.7956676,3.8166342,660.6319,259.32312,147.14592,4.894893572270314
O=c1c([N+](=O)[O-])c(C=N[N+](=O)[O-])c2[nH]nnc2n1C=N[N+](=O)[O-],1.8399712,7.870142,28.414553,5.218587,3.1350346,601.5492,252.42007,187.14066,4.487288160070608
Nc1nc2nc(N[N+](=O)[O-])nn2c(=O)n1[N+](=O)[O-],1.8917552,8.119489,30.860765,4.6370554,3.099438,670.99304,128.58621,146.1084,3.8352779259919147
O=[N+]([O-])N=Cn1c([N+](=O)[O-])nc2c1c([N+](=O)[O-])nn2N[N+](=O)[O-],1.8845681,8.762097,35.659916,6.2425127,4.0047994,641.61597,424.0087,138.10365,4.457431576252523
O=c1c2nc([N+](=O)[O-])cnc2n([N+](=O)[O-])c(=O)n1C=N[N+](=O)[O-],1.8711407,7.819845,28.498287,4.8783617,2.8384566,582.95483,-24.586973,128.6213,4.099946582557692
Nc1cc2c(c(N)n1)c([N+](=O)[O-])nn2[N+](=O)[O-],1.7462522,7.157903,22.865805,4.470651,2.824082,634.93445,144.5903,157.39447,3.636060427994403
Nc1c([N+](=O)[O-])c(=O)n2c(N)nnc2n1N[N+](=O)[O-],1.8394041,7.786971,27.9243,4.512988,3.024896,673.6613,102.71777,157.86795,3.7912781742937485
Nn1nc2c3nc(C=N[N+](=O)[O-])n([N+](=O)[O-])c(=NN[N+](=O)[O-])c3nc([N+](=O)[O-])n2c1=O,1.8776866,8.218935,31.406239,5.3681617,3.3650005,628.384,388.3143,139.80385,4.770883870423528
Nc1nc2c(c3nc([N+](=O)[O-])c(N[N+](=O)[O-])n13)n([N+](=O)[O-])c(=O)n2C=N[N+](=O)[O-],1.8757913,8.013473,29.914152,4.9566464,3.0787058,623.08136,124.42151,148.32603,4.478703083359388
O=C(NN=c1c2nc([N+](=O)[O-])n(N[N+](=O)[O-])c2[nH]c(=O)n1N[N+](=O)[O-])N[N+](=O)[O-],1.8938472,8.415558,32.97561,5.1204185,3.4085624,669.63074,25.925127,144.99988,4.422672913529217
O=c1n(N[N+](=O)[O-])c(=NC=N[N+](=O)[O-])c2nc([N+](=O)[O-])n([N+](=O)[O-])c2n1C=N[N+](=O)[O-],1.8944148,8.569723,34.160774,5.7100945,3.629647,636.8858,241.96451,137.31956,5.015441227054556
Nc1c([N+](=O)[O-])ncn2nc([N+](=O)[O-])nc12,1.8113409,7.590265,26.247458,4.823689,2.9743536,619.0922,232.14706,282.75946,3.336183537960139
Nc1nc2c(c(=O)cc([N+](=O)[O-])n2[N+](=O)[O-])n1[N+](=O)[O-],1.8643591,7.9603834,29.31775,5.1384587,3.097474,604.0834,11.925967,126.475586,3.9970989314861125
Nc1c([N+](=O)[O-])nc2c3nc([N+](=O)[O-])n([N+](=O)[O-])c3nc(C=N[N+](=O)[O-])n12,1.8603486,8.039398,29.968494,5.387489,3.2474697,602.7311,364.03,152.18661,4.354397115684176
O=[N+]([O-])N=Cn1nnc2c([N+](=O)[O-])nc([N+](=O)[O-])nc21,1.8769164,8.403905,32.79334,5.845635,3.6041615,615.73065,478.7332,175.93205,4.127113231288874
Nc1nc2nc([N+](=O)[O-])n([N+](=O)[O-])c(=O)c2n1C=N[N+](=O)[O-],1.8561667,7.9810605,29.447113,5.0201855,3.122146,623.5005,114.45111,138.82722,4.31255200440161
Nc1c([N+](=O)[O-])nc2n([N+](=O)[O-])c(C=N[N+](=O)[O-])nn2c1=O,1.8713204,8.122817,30.602749,5.239434,3.2588673,624.2965,181.09857,143.35262,4.2040554526774745
O=[N+]([O-])N=Cc1nnc2c(c(N[N+](=O)[O-])c(C=N[N+](=O)[O-])n2[N+](=O)[O-])c1[N+](=O)[O-],1.8618335,8.434775,32.90013,6.234539,3.7823396,605.0575,475.03476,131.15323,4.582563622819927
Nn1nc(C=N[N+](=O)[O-])c2nn([N+](=O)[O-])c([N+](=O)[O-])c2c1=O,1.8454998,8.198039,30.868578,5.6924543,3.5228486,620.38605,296.49866,145.24495,4.4187997497597005
N=c1c2c(n(C=N[N+](=O)[O-])c(=O)n1C=N[N+](=O)[O-])n(C=N[N+](=O)[O-])c(=O)n2[N+](=O)[O-],1.8772535,8.073242,30.299532,4.9618154,3.1134894,629.6155,30.726442,151.86737,5.113432942183176
O=c1c2c(n(N[N+](=O)[O-])c(=O)n1N[N+](=O)[O-])n(N[N+](=O)[O-])c(=O)n2C=N[N+](=O)[O-],1.910231,8.485543,33.592426,5.259492,3.414757,651.7846,-91.10968,152.201,4.768143868889647
Nn1c(=O)n(C=N[N+](=O)[O-])c2c1c(=O)n([N+](=O)[O-])c(=O)n2C=N[N+](=O)[O-],1.8842919,7.986689,29.670513,4.7383738,2.9743717,630.00653,-108.8021,158.39066,4.747874059599407
O=c1c([N+](=O)[O-])c(C=N[N+](=O)[O-])nc2n([N+](=O)[O-])nc(C=N[N+](=O)[O-])n12,1.8735586,8.30368,31.984467,5.689727,3.431798,603.6632,268.6915,143.63959,4.590414104848275
N=c1c2c(nc([N+](=O)[O-])n1C=N[N+](=O)[O-])n(N[N+](=O)[O-])c(=O)n2[N+](=O)[O-],1.9110919,8.515988,33.99973,5.503566,3.5142744,640.16144,161.48239,145.56673,4.638348946477235
Nc1nc([N+](=O)[O-])n2nc3[nH]c([N+](=O)[O-])nc3c2n1,1.8071758,7.379684,24.880486,4.421508,2.7054722,615.02734,297.2905,250.49438,3.795229121039309
Nn1c(=NN[N+](=O)[O-])c2c(n(N)c(=O)n2[N+](=O)[O-])n(N[N+](=O)[O-])c1=O,1.9123656,8.526976,34.100117,5.2355304,3.5967329,690.3995,93.257935,151.92075,4.595271117833447
Nc1nc([N+](=O)[O-])c2c3c(ncn3[N+](=O)[O-])n(N[N+](=O)[O-])c(=O)n12,1.8548033,7.8191133,28.279114,4.787679,2.9777503,624.81195,97.58951,140.81055,4.201123188605402
N=C1N=C2N=C(N[N+](=O)[O-])C([N+](=O)[O-])=C([N+](=O)[O-])N2C1=N,1.8455673,8.02863,29.792841,5.2952,3.308503,627.2849,303.4441,135.9519,4.4088511728797215
Nn1nc([N+](=O)[O-])c2c(=NN[N+](=O)[O-])[nH]c(=O)n(C=N[N+](=O)[O-])c21,1.8685905,8.135985,30.579063,5.041216,3.3128264,660.9807,187.27222,158.76355,4.732419582836172
NN=c1c2nn(C=N[N+](=O)[O-])nc2nc([N+](=O)[O-])n1[N+](=O)[O-],1.8664405,8.512149,33.531902,5.9115458,3.8702157,655.85974,573.0157,127.79579,4.666970814813875
O=[N+]([O-])N=CN1CN(N[N+](=O)[O-])C([N+](=O)[O-])=C([N+](=O)[O-])C1[N+](=O)[O-],1.8625138,8.934769,36.778496,6.5029655,4.417023,681.0019,179.71121,132.95056,5.118005105678607
O=C(O)CNc1nnc([N+](=O)[O-])c2nnc([N+](=O)[O-])n12,1.779297,7.4880114,25.157084,4.5076303,2.8204079,628.8682,-22.297987,261.8098,3.4869901543657953
O=c1n(C=N[N+](=O)[O-])c2c(nc([N+](=O)[O-])c3nc([N+](=O)[O-])nn32)n1N[N+](=O)[O-],1.904561,8.361544,32.785015,5.4091697,3.3304098,616.71576,285.99115,144.79395,4.4703613908165085
N=c1c2nc(C=N[N+](=O)[O-])c(=O)n(N[N+](=O)[O-])c2nc([N+](=O)[O-])n1[N+](=O)[O-],1.88134,8.271796,31.77576,5.4677205,3.377639,619.24554,200.46048,135.04198,4.50404622185969
O=C1NN2C=NC(=C3C=NN=N3)C([N+](=O)[O-])=C2N1N[N+](=O)[O-],1.7858185,7.5688777,26.021694,5.0165997,3.1040885,621.21454,409.78226,149.6164,4.667379851512104
Nn1c([N+](=O)[O-])cc2nc([N+](=O)[O-])n(N[N+](=O)[O-])c(=O)c21,1.8350339,7.991862,29.281626,5.3472867,3.3135488,622.26013,99.2749,135.24467,3.9395068372153865
N=c1c2c(nc([N+](=O)[O-])n1[N+](=O)[O-])n(N)c(=N[N+](=O)[O-])n2C=N[N+](=O)[O-],1.8934057,8.529421,33.905853,5.67703,3.7249339,657.54956,368.04727,138.2473,4.728695100323389
Nc1nc2c(c([N+](=O)[O-])nn2C=N[N+](=O)[O-])c(=O)n1[N+](=O)[O-],1.8684443,8.050468,30.077063,5.03661,3.1528246,627.65784,127.50037,170.5706,4.311148290873758
O=c1c2nc(N[N+](=O)[O-])c([N+](=O)[O-])n2ncn1[N+](=O)[O-],1.9101832,8.473515,33.745735,5.6467237,3.4981658,619.4832,195.44574,128.89914,3.908381107437881
Nn1c([N+](=O)[O-])nc2nc([N+](=O)[O-])oc2c1=NC=N[N+](=O)[O-],1.8608768,8.143008,30.636171,5.3614564,3.335522,622.7036,212.76724,176.05072,4.603548389781281
Nc1nc2c(=N[N+](=O)[O-])n([N+](=O)[O-])c(C=N[N+](=O)[O-])nc2n1[N+](=O)[O-],1.8924774,8.539304,33.95979,5.7876463,3.7013056,640.6467,386.06564,130.61578,4.6062001872255935
Nc1c([N+](=O)[O-])c([N+](=O)[O-])nc2ncn([N+](=O)[O-])c12,1.844657,7.910294,28.86176,5.3175554,3.1924644,601.6009,182.98346,159.27066,3.757762174293748
O=c1nnn(C=N[N+](=O)[O-])c2c([N+](=O)[O-])nc([N+](=O)[O-])n12,1.8891268,8.4329405,33.029556,5.6397095,3.488398,618.78357,294.42062,186.01836,4.238110653399202
O=[N+]([O-])N=Cc1nnc([N+](=O)[O-])c2nnc([N+](=O)[O-])n12,1.8536171,8.489009,33.246944,6.2483144,3.8466027,613.7958,571.6091,169.34686,4.089461949237592
O=[N+]([O-])N=Cn1nc([N+](=O)[O-])c2nc3[nH]c([N+](=O)[O-])nc3nc21,1.8562232,7.8453755,28.49739,5.074014,3.0164123,595.1575,399.05893,185.9709,4.332282630116691
Nc1c(N[N+](=O)[O-])nnc2nc(N[N+](=O)[O-])c([N+](=O)[O-])n12,1.8799603,8.424123,33.087616,5.5608892,3.6822715,664.3581,385.546,138.73723,3.8206812577948064
N=c1c2c(n(N)c(=O)n1[N+](=O)[O-])n(N)c(=O)n2N[N+](=O)[O-],1.8734832,8.033892,30.06716,4.6999803,3.2081013,686.4085,16.770815,153.75407,4.360446184534734
Nn1nc([N+](=O)[O-])c2c(=NN[N+](=O)[O-])[nH]c(=O)n(N)c21,1.8471496,7.943873,29.08536,4.7672176,3.2623959,689.4543,176.46643,160.82935,4.41019707260479
O=[N+]([O-])N=Cc1nc2c(=NN[N+](=O)[O-])n(C=N[N+](=O)[O-])nc([N+](=O)[O-])c2n1[N+](=O)[O-],1.8599391,8.594449,34.083015,6.199733,3.9221368,633.11444,528.01086,133.1765,4.945007494276652
NC1=C([N+](=O)[O-])C(=C2N=NN=N2)C([N+](=O)[O-])=C(C=N[N+](=O)[O-])N1,1.8430351,8.011659,29.566114,5.479659,3.4294913,626.907,481.42325,198.8335,4.5531422543634115
Nn1c([N+](=O)[O-])c([N+](=O)[O-])n2ncnc12,1.8094263,8.078216,29.663914,5.6056085,3.6183934,648.0543,341.28976,261.4049,3.574498118803916
Nc1c([N+](=O)[O-])nc2c(N)nc([N+](=O)[O-])nc2c1N,1.7624011,6.850588,21.15585,3.773555,2.3841803,634.1186,73.138245,275.54327,3.4996560204475946
Nn1c([N+](=O)[O-])nc2c(=O)[nH]nnc21,1.8035675,7.555082,25.981049,4.5559072,2.9503486,649.8729,225.38065,283.05402,3.752897994599021
Nc1nc2c(c([N+](=O)[O-])nn2N)n1[N+](=O)[O-],1.8429978,8.213402,31.114128,5.339882,3.6557267,687.53033,314.3429,162.24118,4.000926497326354
NN=c1c(N[N+](=O)[O-])nc2nc3c([N+](=O)[O-])nn([N+](=O)[O-])c3nc2n1C=N[N+](=O)[O-],1.8794345,8.234275,31.602253,5.464488,3.4269967,628.0232,547.0896,145.4533,4.589202237866395
O=[N+]c1[nH]c2c(nc([N+](=O)[O-])n2[N+](=O)[O-])c1C=N[N+](=O)[O-],1.8549355,8.270717,31.541018,5.835867,3.5540557,608.926,320.80713,148.05989,4.740009005047553
Nc1nc2c(c(=N[N+](=O)[O-])n1[N+](=O)[O-])n(C=N[N+](=O)[O-])c(=O)n2C=N[N+](=O)[O-],1.8638142,8.155403,30.740385,5.1477423,3.2788649,639.7551,162.23972,139.3147,4.85489590225102
Nc1c([N+](=O)[O-])c([N+](=O)[O-])nn2nnc(C=N[N+](=O)[O-])c12,1.8394743,8.137978,30.406345,5.7328224,3.543048,619.15845,445.46506,210.41217,4.109099114937663
O=[N+]([O-])c1nc(O)c2cn[nH]c2n1,1.7344322,6.608976,19.421747,3.6867704,2.1523032,586.97314,-23.383589,264.3335,3.297705134624211
O=c1n(C=N[N+](=O)[O-])c2nc(C=NN[N+](=O)[O-])n([N+](=O)[O-])c(=N[N+](=O)[O-])c2n1[N+](=O)[O-],1.8980939,8.59575,34.393177,5.7902045,3.6615453,633.9027,279.81436,134.326,4.916697887467313
Nc1nc([N+](=O)[O-])nc2nnn(N[N+](=O)[O-])c12,1.8162566,8.0290785,29.486736,5.1833034,3.4416149,667.10156,382.52737,149.13455,3.905880963111459
Nc1nc(=O)c2c(nc(N[N+](=O)[O-])n2N[N+](=O)[O-])n1[N+](=O)[O-],1.879423,8.227152,31.370338,5.0156937,3.302164,662.2163,98.56494,145.79524,4.14612600970665
O=[N+]([O-])N=Cc1nnc2c(N[N+](=O)[O-])c([N+](=O)[O-])nc([N+](=O)[O-])n12,1.8688402,8.498338,33.443836,6.056708,3.7598217,619.7674,447.36765,129.64336,4.15774362129771
Nc1nc2[nH]c(=O)n([N+](=O)[O-])c2c(=O)n1N,1.8147776,7.0499063,22.850203,3.450029,2.268382,662.4613,-164.59062,177.4042,3.71139023359009
O=c1c2c(nc(C=N[N+](=O)[O-])n2C=N[N+](=O)[O-])n([N+](=O)[O-])c(=O)n1N[N+](=O)[O-],1.8822746,8.293737,31.983385,5.3890476,3.3456535,622.2428,85.69031,140.82118,4.766768875223994
Nc1nc(=O)n(N[N+](=O)[O-])c2cc([N+](=O)[O-])nn12,1.7904961,7.5905137,26.041622,4.6009755,2.9693537,650.07166,69.39513,146.21814,3.9428625413765293
O=c1[nH]c(=NC=N[N+](=O)[O-])c2nn(C=N[N+](=O)[O-])nc2n1[N+](=O)[O-],1.8842195,8.232756,31.550167,5.2132173,3.3329935,641.39374,311.2086,147.94711,5.049081088013686
Nc1nc2c3nnn([N+](=O)[O-])c3nc(N[N+](=O)[O-])n2c1[N+](=O)[O-],1.8727372,8.156076,30.938717,5.2768645,3.3414886,635.11096,436.83823,141.4725,4.0579814603187465
NN=c1[nH]c([N+](=O)[O-])nc2c1nc([N+](=O)[O-])n2C=N[N+](=O)[O-],1.8505751,8.01024,29.628656,5.115491,3.2835355,643.4982,324.63562,190.82204,4.534639132936431
Nc1nc2c([N+](=O)[O-])nn(C=N[N+](=O)[O-])c2c(=O)n1[N+](=O)[O-],1.881267,8.124378,30.762438,5.13232,3.209235,627.244,155.9089,162.53554,4.322874550820709
O=[N+]([O-])c1cnn2c([N+](=O)[O-])nnnc12,1.8280576,8.234741,31.031122,6.1316876,3.7046466,603.3606,499.2283,245.33046,3.2969383720872187
Nc1nnc2c([N+](=O)[O-])nn(C=N[N+](=O)[O-])c(=O)n12,1.82991,7.872605,28.357672,4.8142667,3.11142,648.2954,242.08716,192.4862,4.057593739904608
O=c1n([N+](=O)[O-])c2nc(N[N+](=O)[O-])nc(C=N[N+](=O)[O-])c2n1[N+](=O)[O-],1.9100883,8.50784,33.92766,5.6419497,3.4958594,619.87445,198.30908,130.39084,4.421559627785033
NN=c1c2nc(C=N[N+](=O)[O-])n([N+](=O)[O-])c2n([N+](=O)[O-])c(=O)n1C=N[N+](=O)[O-],1.8760722,8.352486,32.397053,5.546354,3.5329933,639.0534,293.69965,135.36018,4.938287170442289
Nc1oc(=O)c2c([N+](=O)[O-])n[nH]c2c1N,1.7742834,6.5867114,19.515472,3.3241577,2.0060189,608.04865,-230.42236,285.3221,3.5534485034193004
Nc1nn([N+](=O)[O-])c2c([N+](=O)[O-])n(C=N[N+](=O)[O-])nc12,1.8225842,8.336676,31.748568,5.9369383,3.8389027,647.56146,429.30106,144.28494,4.441868190166474
Nc1nc([N+](=O)[O-])c2nc([N+](=O)[O-])[nH]c2n1,1.8106941,7.3785424,24.867447,4.2807026,2.6500595,622.9795,98.88971,256.96085,3.4795073304467223
O=c1c2nnn(C=N[N+](=O)[O-])c2nc([N+](=O)[O-])n1N[N+](=O)[O-],1.8762188,8.424455,32.91037,5.6407013,3.5749643,635.0017,342.10654,131.14879,4.316477724852989
O=c1[nH]c(=O)n2n3c(nnc13)NN=C2C=N[N+](=O)[O-],1.8167852,7.3003426,24.38391,4.1273584,2.5491626,619.938,169.54877,186.27916,4.31645678097009
Nc1c([N+](=O)[O-])cc([N+](=O)[O-])c2nnn([N+](=O)[O-])c12,1.8607095,8.058604,30.118685,5.626472,3.378711,600.75867,265.17355,148.29625,3.4464452512168258
Nc1c([N+](=O)[O-])c(OCc2nc3c(nc2C=N[N+](=O)[O-])c(C=N[N+](=O)[O-])c([N+](=O)[O-])n2nnnc32)nn2nnnc12,1.8009852,7.530534,25.773178,5.0565853,2.9978757,592.9965,618.41846,197.73521,4.625213838947515
NN=c1c2nc([N+](=O)[O-])n(N[N+](=O)[O-])c2n(C=N[N+](=O)[O-])c(=O)n1[N+](=O)[O-],1.9073987,8.575086,34.377995,5.5631447,3.6358964,656.21027,248.26285,135.43547,4.733882624893276
Nn1c(=O)c2c(n(C=N[N+](=O)[O-])c1=O)n([N+](=O)[O-])c(=O)n2C=N[N+](=O)[O-],1.8750086,7.956696,29.372978,4.746025,2.9728246,629.96277,-116.257675,143.40953,4.69682654828719
O=[N+]([O-])N=Cc1nc2c(c([N+](=O)[O-])nn2[N+](=O)[O-])n1[N+](=O)[O-],1.8972676,8.86345,36.602604,6.5521736,4.0704904,619.3626,452.762,130.5419,4.4335697762849
O=c1c2cc(O)c(O)cc2oc2nnc([N+](=O)[O-])n12,1.7510666,6.191251,17.062078,3.3366172,1.677685,505.94583,-413.51007,259.24695,3.2463169908617946
O=[N+]([O-])c1nc([N+](=O)[O-])c2[nH]cnc2n1,1.7486068,7.2243056,23.28172,4.6542153,2.702069,582.4812,143.55081,255.41779,3.322671955576899
N=c1c2nc(N)n([N+](=O)[O-])c(=O)c2n(C=N[N+](=O)[O-])c(=O)n1N[N+](=O)[O-],1.8594583,7.8593583,28.603971,4.647681,2.9676309,641.5435,-22.37303,152.50862,4.581496231545108
N=c1n(C=N[N+](=O)[O-])c(=N[N+](=O)[O-])c2c(nc([N+](=O)[O-])n2N)n1[N+](=O)[O-],1.8989782,8.566415,34.25072,5.6829524,3.7413783,660.05945,371.65958,141.63156,4.721906412540584
O=c1c2nnn([N+](=O)[O-])c2nc(C=N[N+](=O)[O-])n1[N+](=O)[O-],1.9030539,8.555613,34.22215,5.897208,3.6179366,613.59564,359.87607,124.72905,4.325235103948653
Nc1ncnc2c1c([N+](=O)[O-])c([N+](=O)[O-])n2N[N+](=O)[O-],1.8071522,7.8240433,27.88738,5.2477174,3.265469,625.6573,213.53464,139.6524,3.5498728345786645
O=[N+]([O-])Nc1nc2nsnc2c([N+](=O)[O-])c1[N+](=O)[O-],1.8663028,8.40031,32.790142,6.1870756,3.6923852,594.6822,429.91916,115.681656,3.6071023371896755
O=c1c(C=N[N+](=O)[O-])c([N+](=O)[O-])n([N+](=O)[O-])c2nc(C=N[N+](=O)[O-])c([N+](=O)[O-])n12,1.8832837,8.350283,32.39342,5.792464,3.4389493,592.7968,165.728,122.21643,4.569854192776285
O=c1n(N[N+](=O)[O-])c(=NC=N[N+](=O)[O-])c2nc([N+](=O)[O-])n(N[N+](=O)[O-])c(=NN[N+](=O)[O-])c2n1C=N[N+](=O)[O-],1.8941159,8.618101,34.505596,5.7153206,3.719173,652.39386,313.47626,148.11122,5.281214260870068
O=c1c(C=N[N+](=O)[O-])c([N+](=O)[O-])c2nnc([N+](=O)[O-])nc2n1N[N+](=O)[O-],1.8836457,8.326061,32.224983,5.7310395,3.4411767,600.0667,284.13916,139.47849,4.189004071403461
NC1=C([N+](=O)[O-])C(=C2N=NN=N2)N(N)N1[N+](=O)[O-],1.8771855,8.5740185,34.217735,5.797934,4.0482364,701.9985,565.65106,192.2976,4.4774683106073
Nc1nn([N+](=O)[O-])c2c(C=N[N+](=O)[O-])c(=O)c([N+](=O)[O-])nn12,1.8488152,8.122142,30.401228,5.4517503,3.3835108,622.4638,235.75226,131.39417,4.338410890343255
O=[N+]([O-])N=Cc1nc([N+](=O)[O-])c([N+](=O)[O-])c2nc([N+](=O)[O-])n(C=N[N+](=O)[O-])c12,1.8659475,8.305407,31.941286,5.908871,3.5061705,592.31854,334.31488,174.37631,4.4796801018352195
O=[N+]([O-])N=Cc1c([N+](=O)[O-])nn2c(N[N+](=O)[O-])nnc2c1[N+](=O)[O-],1.8715577,8.591747,34.218155,6.268449,3.899909,620.90674,520.03357,137.52695,3.994333044374634
Nc1nc([N+](=O)[O-])nc2c(N)nc([N+](=O)[O-])nc12,1.7803698,7.0988407,22.90497,4.007239,2.494216,625.1039,122.17273,261.25858,3.3933808106073
Nc1nc2nn(C=N[N+](=O)[O-])c([N+](=O)[O-])c2c2nc([N+](=O)[O-])nn12,1.8412557,7.8512087,28.325287,5.038095,3.1133864,620.17096,412.0778,193.85979,4.121714697481142
O=[N+]([O-])NC1=CC(=C2N=NN=N2)C([N+](=O)[O-])=C([N+](=O)[O-])[N+]1=O,1.8642985,8.478554,33.3098,6.3102355,3.8690631,612.1051,534.4618,132.89146,4.624845651841254
O=[N+]([O-])N=Cn1cnc2c1nc(N[N+](=O)[O-])n1c([N+](=O)[O-])c([N+](=O)[O-])nc21,1.8491166,7.9767227,29.351088,5.3344493,3.2109172,603.1433,369.78452,143.77324,4.178255571953933
O=[N+]([O-])c1nccc2c1nc([N+](=O)[O-])n2[N+](=O)[O-],1.7989088,7.8030977,27.680876,5.7063446,3.2622862,570.64417,242.5286,127.5683,3.5611183106072994
Nc1nc2nc([N+](=O)[O-])c(C=N[N+](=O)[O-])c(N)c(=O)n2c1[N+](=O)[O-],1.8061299,7.450347,25.269825,4.5379643,2.7660537,611.8698,42.727238,202.42097,4.067775661132876
O=c1[nH]c2nc(C=N[N+](=O)[O-])n([N+](=O)[O-])c(=N[N+](=O)[O-])c2n1N[N+](=O)[O-],1.8937082,8.48993,33.46634,5.580642,3.5507376,639.2264,199.54709,131.33646,4.609742532941921
Nn1c([N+](=O)[O-])cc2nc([N+](=O)[O-])c(N[N+](=O)[O-])n21,1.8072035,8.224466,30.705774,5.8463516,3.7955227,651.097,295.6319,146.53416,3.989261558909133
O=c1c([N+](=O)[O-])c([N+](=O)[O-])nc2n(C=N[N+](=O)[O-])nc(C=N[N+](=O)[O-])n12,1.862259,8.216378,31.153326,5.5567904,3.3530414,603.50793,227.53421,175.17459,4.510086345650951
O=c1[nH]c2nc([N+](=O)[O-])n([N+](=O)[O-])c(=NC=N[N+](=O)[O-])c2n1N[N+](=O)[O-],1.8994638,8.4503565,33.229767,5.4158354,3.4554229,641.13,156.90195,134.03465,4.609096379095768
N=c1c2c(nc([N+](=O)[O-])n1[N+](=O)[O-])n(N)c(=O)n2N,1.8562471,7.9234295,29.154234,4.7845044,3.1885436,670.48773,140.8992,137.49165,4.117202789678363
Nn1c2c(n([N+](=O)[O-])c1=O)NC(=O)C2=C1N=NN=N1,1.8563468,7.5326266,26.420074,4.3662424,2.7166224,625.47614,229.85165,170.68787,4.303196576660612
O=C1N=c2[nH]nnc2=[N+]([O-])C1=Cc1ccc(O)c(O)c1[N+](=O)[O-],1.6905911,6.1988406,16.697416,3.6716652,1.9408659,530.9018,-201.39465,274.32312,4.046821091655152
NN=c1c2c(nc(C=N[N+](=O)[O-])n1C=N[N+](=O)[O-])n([N+](=O)[O-])c(=O)n2[N+](=O)[O-],1.8804483,8.388795,32.75107,5.562477,3.5512512,639.9859,306.2841,146.09975,4.91078010183522
Nn1c(N[N+](=O)[O-])c([N+](=O)[O-])c2nnn(N[N+](=O)[O-])c(=O)c21,1.8859233,8.532512,33.870426,5.768202,3.7825503,657.6819,309.41095,146.4124,4.071631314746439
Nc1nc2c(ncn2[N+](=O)[O-])n2c(=O)nc([N+](=O)[O-])n12,1.8572272,7.6114097,26.939184,4.46571,2.74404,617.25336,165.00836,147.94753,4.117795282570925
Nn1nc([N+](=O)[O-])n2c(C=N[N+](=O)[O-])nc([N+](=O)[O-])c12,1.8453665,8.42137,32.562946,5.9739847,3.8608172,646.81934,437.22354,181.99263,4.3053268258703925
N=c1c2c(nc(N)n2[N+](=O)[O-])n(C=N[N+](=O)[O-])c(=O)n1[N+](=O)[O-],1.8868722,8.078565,30.464523,4.852433,3.131511,648.13806,83.77231,149.44742,4.563435157589218
Nn1nnc2c(=O)n(N[N+](=O)[O-])c([N+](=O)[O-])nc21,1.8649144,8.322084,32.03348,5.3742228,3.561632,665.35974,291.09216,135.29817,3.967716387530376
Nc1nc(C=N[N+](=O)[O-])c(N[N+](=O)[O-])c2c1nnn2[N+](=O)[O-],1.796948,7.9871125,28.88461,5.5169344,3.5335333,642.4623,418.86917,139.84615,4.333848780915569
O=c1c2c([N+](=O)[O-])nc([N+](=O)[O-])nc2c(C=N[N+](=O)[O-])nn1C=N[N+](=O)[O-],1.8438122,7.9953184,29.411901,5.4765215,3.2086844,585.8048,248.591,173.9373,4.512702884914944
Nn1c(=O)n(C=N[N+](C=N[N+](=O)[O-])=[N+]([O-])[O-])c2c1nc([N+](=O)[O-])n2[N+](=O)[O-],1.880881,8.569233,33.98707,5.7325263,3.7415931,655.5572,288.0182,144.7293,4.989125745153297
Nn1c(=O)n([N+](=O)[O-])c2nnc(N[N+](=O)[O-])nc21,1.8872346,8.355566,32.703663,5.292649,3.5119963,665.9001,291.95514,132.69511,3.833051002914991
N=c1c2[nH]c(=O)n(N)c2nc([N+](=O)[O-])n1N[N+](=O)[O-],1.8476069,7.779577,27.97094,4.5076685,2.9956486,669.3461,64.40657,146.43213,4.079319712755287
O=c1n(C=N[N+](=O)[O-])c(=NC=N[N+](=O)[O-])c2nn(C=N[N+](=O)[O-])c(C=N[N+](=O)[O-])c2n1C=N[N+](=O)[O-],1.8363662,8.045162,29.669317,5.342502,3.330293,624.8497,346.18906,167.7391,5.52343704602159
O=c1n(N[N+](=O)[O-])c(=NN[N+](=O)[O-])c2c(nc([N+](=O)[O-])n2[N+](=O)[O-])n1C=N[N+](=O)[O-],1.9175208,8.783086,36.049316,5.86477,3.7894864,647.22986,235.12161,145.35822,4.82384151082972
NN=c1c2c(nc([N+](=O)[O-])n2N)c([N+](=O)[O-])c([N+](=O)[O-])n1N[N+](=O)[O-],1.889094,8.580962,34.322567,5.8973536,3.8747625,659.2648,356.0831,147.86172,4.198930289431081
O=[N+]([O-])N=CN=c1c2c(nc([N+](=O)[O-])n1N[N+](=O)[O-])c(C=N[N+](=O)[O-])nn2[N+](=O)[O-],1.8659664,8.57072,33.95549,6.1259775,3.8710568,632.5357,494.9493,132.76991,4.978229609661268
Nc1c(N[N+](=O)[O-])[nH]n2c(N[N+](=O)[O-])nnc12,1.8100351,8.136303,30.233063,5.3419394,3.7533953,704.099,388.56656,161.70761,4.00061273568671
Nc1nc(N[N+](=O)[O-])c([N+](=O)[O-])c([N+](=O)[O-])c1N,1.8342644,8.084789,30.05027,5.202878,3.456316,666.8863,52.83939,134.69751,3.3497298072628174
Nc1nc2nc3c(nc2[nH]1)c([N+](=O)[O-])nn3[N+](=O)[O-],1.8327572,7.531683,26.24314,4.571929,2.8066177,616.9485,328.96722,148.61955,3.8435308961872394
O=[N+]([O-])N=CN=c1c2c(nc(N[N+](=O)[O-])n1N[N+](=O)[O-])nc(N[N+](=O)[O-])n2[N+](=O)[O-],1.890861,8.75268,35.58391,5.9358315,3.931024,664.05396,430.39896,139.61694,4.799060378892037
O=c1c2c(nc(N[N+](=O)[O-])n2C=N[N+](=O)[O-])n(C=N[N+](=O)[O-])c(=O)n1[N+](=O)[O-],1.9016935,8.267989,31.965153,5.1586556,3.2160554,624.9525,23.370546,145.31018,4.694452659007778
O=[N+]([O-])N=Cc1nc2c(=N[N+](=O)[O-])[nH]c([N+](=O)[O-])nc2[nH]1,1.8387586,7.9158125,28.750984,5.111189,3.1758003,622.73834,269.55066,175.60304,4.454237142699376
N=c1c2nc([N+](=O)[O-])n([N+](=O)[O-])c2n(C=N[N+](=O)[O-])c(=O)n1N,1.8605165,8.084721,30.190062,5.100879,3.2721472,644.37555,158.60852,140.68889,4.5331813114353725
Nn1c(=O)n([N+](=O)[O-])c2[nH]c(=O)n(C=N[N+](=O)[O-])c(=NC=N[N+](=O)[O-])c21,1.8731198,7.9346266,29.21032,4.6881537,3.0151644,646.4319,19.224474,165.95122,4.889986680099112
NN=c1c2c(nc([N+](=O)[O-])n1N)c(N[N+](=O)[O-])nn2[N+](=O)[O-],1.8713406,8.496327,33.56804,5.7353377,3.890798,680.5106,461.01767,142.00723,4.289748821377738
O=[N+]([O-])N=CN=c1c2nc([N+](=O)[O-])n(N[N+](=O)[O-])c2nc([N+](=O)[O-])n1[N+](=O)[O-],1.912887,8.819842,36.377926,6.1444845,3.9029512,635.1655,402.7491,122.55615,4.650747461502579
Nc1nc(O)c2nc(C=N[N+](=O)[O-])oc2c1[N+](=O)[O-],1.807983,7.182261,23.463634,4.212184,2.4584436,586.22076,-152.60529,208.19101,3.954483332664789
O=[N+]([O-])N=Cc1nc2nnnn2c2nc([N+](=O)[O-])c([N+](=O)[O-])n12,1.8689597,8.278618,31.74153,5.721376,3.5011415,610.67554,639.8674,176.55038,4.111469443303505
O=c1n(C=N[N+](=O)[O-])c(=NC=N[N+](=O)[O-])c2c(n1C=N[N+](=O)[O-])n(C=N[N+](=O)[O-])c(=O)n2C=N[N+](=O)[O-],1.8470784,7.991977,29.36069,5.0247335,3.1464157,628.48566,126.16611,169.37074,5.459196771426713
N=c1c2nc(N[N+](=O)[O-])[nH]c(=N[N+](=O)[O-])c2nc(C=N[N+](=O)[O-])n1[N+](=O)[O-],1.884329,8.266484,31.829819,5.413859,3.4333482,636.0093,349.22128,144.83015,4.676127884914945
Nc1nn2c(=O)c(N[N+](=O)[O-])nnc2n1[N+](=O)[O-],1.8909602,8.346709,32.568172,5.204748,3.4603074,667.4164,279.50534,142.47945,3.8741308106072996
Nc1nc([N+](=O)[O-])cc2n[nH]c(=O)n12,1.7677598,6.6388736,19.761057,3.307399,2.049668,624.889,-55.82574,278.2312,3.271846172736671
N=c1n(C=N[N+](=O)[O-])c2nc([N+](=O)[O-])[nH]c(=O)c2n1[N+](=O)[O-],1.8869103,7.989824,29.810417,4.8157454,3.0026445,626.1638,47.436146,146.51646,4.400794975223891
NN=c1c2c(nc(C=N[N+](=O)[O-])n1[N+](=O)[O-])n(C=N[N+](=O)[O-])c(=O)n2[N+](=O)[O-],1.8789494,8.340063,32.340492,5.4932833,3.4982681,638.67267,280.902,135.85802,4.894436026991145
Nc1nc([N+](=O)[O-])n2nc([N+](=O)[O-])[nH]c(=NC=N[N+](=O)[O-])c12,1.8343738,7.948232,28.965746,5.045577,3.256769,647.6814,291.49817,186.59909,4.541552822636561
O=c1n([N+](=O)[O-])c2nc(C=N[N+](=O)[O-])c(C=N[N+](=O)[O-])n2n1[N+](=O)[O-],1.8910837,8.559744,34.138054,5.9050283,3.6693869,621.66003,265.92807,130.13165,4.824526760652167
NN=c1c2c(C=N[N+](=O)[O-])nn([N+](=O)[O-])c2nnn1[N+](=O)[O-],1.8614486,8.574418,33.95789,6.1840053,4.0261483,652.2751,642.3346,129.46283,4.713573683131997
O=c1c([N+](=O)[O-])cnc2n([N+](=O)[O-])c(C=N[N+](=O)[O-])c([N+](=O)[O-])n12,1.8817031,8.236344,31.551472,5.667699,3.3292997,586.7798,125.5889,129.41747,4.0998218149790295
O=c1nc(C=N[N+](=O)[O-])[nH]c2c([N+](=O)[O-])c(C=N[N+](=O)[O-])n3nnnc3c12,1.8231553,7.5840554,26.260147,5.0121746,2.8986838,579.5092,382.61093,186.65396,4.324093737305796
O=[N+]([O-])N=CN=c1c2c(nc([N+](=O)[O-])n1N[N+](=O)[O-])nc([N+](=O)[O-])n2N[N+](=O)[O-],1.8931304,8.75298,35.586697,6.0721087,3.9325988,648.56573,416.8779,131.61243,4.756667319123623
O=c1n([N+](=O)[O-])c(=NC=N[N+](=O)[O-])c2nc([N+](=O)[O-])n(N[N+](=O)[O-])c2n1C=N[N+](=O)[O-],1.9083859,8.61219,34.6692,5.701002,3.6261451,637.4396,246.55508,133.2557,5.015441227054556
O=[N+]([O-])N=Cc1nnn2c([N+](=O)[O-])c3nnn([N+](=O)[O-])c3nc12,1.8721713,8.382921,32.672066,6.0610404,3.6740568,605.2957,711.1164,130.5095,4.341280432314493
Nc1noc2c1nc(C=N[N+](=O)[O-])c(=O)n2[N+](=O)[O-],1.8005985,7.74556,27.267384,5.238997,3.149473,602.06354,140.76407,153.7644,4.324110481986056
Nc1c([N+](=O)[O-])ncn2c([N+](=O)[O-])nnc12,1.8246373,7.694529,27.111002,4.9924755,3.0844061,619.3263,270.7717,279.9094,3.4392246828617488
O=c1c(C=N[N+](=O)[O-])c(C=N[N+](=O)[O-])nc2c([N+](=O)[O-])nn(C=N[N+](=O)[O-])c(=O)n12,1.8420532,7.8688073,28.394592,5.125784,3.034259,593.0003,117.40402,163.17896,4.7419311481228075
N=c1c2nc([N+](=O)[O-])n(N)c2n(N)c(=O)n1[N+](=O)[O-],1.8699867,8.0113325,29.923395,4.8393927,3.2395039,672.75867,151.09201,151.14218,4.157105144466433
Nc1nn2nc(N[N+](=O)[O-])oc2c1[N+](=O)[O-],1.8558851,8.224743,31.244745,5.289281,3.464718,656.30316,161.83737,159.17279,4.036921283935094
NC(=O)n1nc(N)c([N+](=O)[O-])c1[N+](=O)[O-],1.815709,7.7516828,27.251648,4.4538784,2.970201,671.9909,-112.52836,265.2544,3.2707501228524993
Nc1c(C=N[N+](=O)[O-])c(C=N[N+](=O)[O-])nc2c([N+](=O)[O-])nc([N+](=O)[O-])nc12,1.8020071,7.6678867,26.756691,5.224685,3.088973,591.8021,304.11792,185.6615,4.408527884914944
Nc1nc(N)c2nc([N+](=O)[O-])nc(N)c2c1[N+](=O)[O-],1.779699,6.8330016,21.107632,3.645301,2.297605,633.37225,38.77022,278.3694,3.2848412512168252
Nn1c(=O)n(C=N[N+](=O)[O-])c(=O)c2nc([N+](=O)[O-])n([N+](=O)[O-])c21,1.8801014,8.127601,30.671936,5.0786524,3.1639144,624.88995,8.618487,147.96642,4.330448234512296
Nc1nc(N[N+](=O)[O-])nc2[nH]nc([N+](=O)[O-])c12,1.8171575,7.5853868,26.408867,4.5022125,2.9293165,654.52045,196.31812,150.5317,3.456579290870657
O=c1[nH]c(=O)n(C=N[N+](=O)[O-])c2[nH]c(N[N+](=O)[O-])nc12,1.8482609,7.3755627,25.053936,3.9000704,2.4324522,628.603,-167.42552,164.94427,3.9873106671863097
O=[N+]([O-])N=Cc1nn(C=N[N+](=O)[O-])c2c1nc([N+](=O)[O-])n1nnc([N+](=O)[O-])c21,1.837482,8.147611,30.47974,5.8522325,3.512018,599.09186,598.0133,174.28777,4.617709366525011
O=[N+]([O-])N=Cn1nc2nc(N[N+](=O)[O-])nc([N+](=O)[O-])c2n1,1.856839,8.368144,32.40284,5.7493916,3.6546552,636.46173,494.0286,128.79291,4.336238762132574
Nn1c(=NC=N[N+](=O)[O-])c2cnn([N+](=O)[O-])c2n(N[N+](=O)[O-])c1=O,1.8400139,8.147821,30.40572,5.3730946,3.5108802,656.1696,274.2427,149.38728,4.706419102066942
O=[N+]([O-])N=Cn1nc([N+](=O)[O-])c2c1nnn2N[N+](=O)[O-],1.8583052,8.765932,35.410763,6.3798895,4.2092075,660.37085,590.826,133.61385,4.481792718468361
NN=c1c2ncn([N+](=O)[O-])c2nc([N+](=O)[O-])n1N[N+](=O)[O-],1.8607078,8.367795,32.392757,5.6812043,3.7268648,657.65015,411.54434,139.6052,4.295332356695906
Nc1nc2n([N+](=O)[O-])cnn2c(=O)c1[N+](=O)[O-],1.8739386,7.8172994,28.517204,4.672724,2.9086316,625.61206,70.60503,153.16118,3.755789658763634
O=c1[nH]c([N+](=O)[O-])nc2c1n(N[N+](=O)[O-])c(=O)n2C=N[N+](=O)[O-],1.8743898,7.9650354,29.454447,4.760973,2.9533565,623.26215,-78.93394,142.0509,4.330830063011665
O=c1[nH]c(=N[N+](=O)[O-])c2nc([N+](=O)[O-])n(C=N[N+](=O)[O-])c2n1N[N+](=O)[O-],1.9107432,8.489846,33.667484,5.449239,3.4812865,641.1869,165.58813,144.36778,4.682244205182723
O=[N+]([O-])N=Cc1c([N+](=O)[O-])nc2c(N[N+](=O)[O-])nnc([N+](=O)[O-])n12,1.8637527,8.525095,33.640797,6.127604,3.808951,620.8179,471.55167,131.8138,4.184326073220786
Nc1nc([N+](=O)[O-])nc2cc([N+](=O)[O-])nn12,1.7770224,7.4344215,24.82851,4.6514044,2.8808115,623.4538,194.53888,269.30634,3.366760997709691
Nc1nc2c(o1)c([N+](=O)[O-])c(N)n2N[N+](=O)[O-],1.7926906,7.613063,26.269266,4.6007223,3.020788,660.83154,-9.967526,159.86641,3.909995812609786
Nn1c(N[N+](=O)[O-])nn2c(=O)c3c(nc12)n(N[N+](=O)[O-])c(=O)n3N[N+](=O)[O-],1.8908042,8.248525,31.710299,5.0101967,3.3020766,662.6265,136.35434,144.6174,4.357925961838021
Nn1nnc2c([N+](=O)[O-])oc(O)c2c1=O,1.8305147,7.3757067,24.846441,4.256337,2.5340436,598.7483,-172.9569,287.999,3.8879196572654555
Nc1c2c([N+](=O)[O-])n[nH]c2nc2nnc(N[N+](=O)[O-])n12,1.8430963,7.674656,27.275055,4.647983,2.9825866,644.7076,406.20322,155.42245,3.8086662849019275
Nn1c([N+](=O)[O-])c(C=N[N+](=O)[O-])n2c(=O)c3c([N+](=O)[O-])nn([N+](=O)[O-])c3nc12,1.893613,8.199253,31.388489,5.4275575,3.2728975,603.9508,229.57883,144.82394,4.370613573768692
Nc1nc2c(nc([N+](=O)[O-])n2N)c(=NO)n1[N+](=O)[O-],1.852017,8.028188,29.849424,4.998151,3.347529,673.4967,233.60617,146.29663,4.150059712755286
O=c1n(C=N[N+](=O)[O-])c(=NN[N+](=O)[O-])c2ncnnc2n1[N+](=O)[O-],1.876076,8.216065,31.436563,5.396856,3.3928683,629.4334,376.06772,134.87878,4.569441798072858
Nn1cnn2c([N+](=O)[O-])nc([N+](=O)[O-])c2c1=O,1.8324747,7.8113885,28.050999,5.045012,3.1084385,618.1333,151.6972,260.4003,3.678254274148249
Nn1c(=O)n(C=N[N+](=O)[O-])c(=O)c2c1[nH]c(=O)n2N[N+](=O)[O-],1.8469398,7.621309,26.785889,4.214682,2.7154906,649.09106,-207.05492,150.86763,4.40676553225307
N=c1c2nc(N[N+](=O)[O-])[nH]c2n(N[N+](=O)[O-])c(=O)n1N[N+](=O)[O-],1.8702495,8.239138,31.446241,5.039741,3.3920202,676.2438,100.081665,151.27061,4.353773820893127
Nc1nn([N+](=O)[O-])c(=O)c2nnc(C=N[N+](=O)[O-])n12,1.8348284,8.000471,29.436598,5.1611376,3.3056092,642.64667,315.8057,154.87758,4.23456659058334
NN=c1c(=O)n(N)[nH]c2c(N[N+](=O)[O-])nc([N+](=O)[O-])nc12,1.8302851,7.7130203,27.463728,4.690902,3.1018388,663.66425,224.22687,152.49586,4.206435103948653
N=c1c2nc([N+](=O)[O-])n(N)c2[nH]c(=O)n1N[N+](=O)[O-],1.8462027,7.797296,28.040972,4.5355625,3.0222867,670.10944,68.87877,153.55177,4.134643405062978
Nn1c(=O)c2cnc([N+](=O)[O-])nc2n(N[N+](=O)[O-])c1=O,1.8369173,7.556285,26.262594,4.446379,2.7490742,622.0853,-48.049236,142.56824,3.6439404688312056
N=c1[nH]c(=N)c2c(nc([N+](=O)[O-])n2N[N+](=O)[O-])[nH]1,1.7959282,7.4925227,25.550241,4.356169,2.90472,672.29694,160.6373,150.8674,4.44903177214576
NN=c1c2nc([N+](=O)[O-])n(C=N[N+](=O)[O-])c2n(C=N[N+](=O)[O-])c(=O)n1C=N[N+](=O)[O-],1.8554454,8.066,30.01241,5.1148944,3.2696545,641.2019,255.04248,172.44759,5.0740796096612675
Nc1nc2c(c(=NN[N+](=O)[O-])n(N[N+](=O)[O-])c(=O)n2[N+](=O)[O-])n1C=N[N+](=O)[O-],1.8885866,8.450597,33.18664,5.364384,3.566723,667.5989,205.12494,148.96875,4.841184467739586
Nn1c(=N[N+](=O)[O-])c2nc([N+](=O)[O-])n(N)c2n(N)c1=O,1.8594147,8.057502,30.063484,4.9234385,3.3835719,691.3253,213.45792,152.82872,4.187507511367768
NN=c1c2c(nc([N+](=O)[O-])n2N[N+](=O)[O-])n([N+](=O)[O-])c(=O)n1C=N[N+](=O)[O-],1.9050919,8.569949,34.380714,5.5665116,3.6370924,655.2539,245.42545,137.93567,4.706344380039539
Nn1c(=NN[N+](=O)[O-])c2c(nnn2N[N+](=O)[O-])n(N)c1=O,1.8594873,8.357446,32.280155,5.267669,3.746068,715.9328,384.76743,150.64986,4.499877136915686
O=[N+]([O-])CC1=C([N+](=O)[O-])C(=C2N=NN=N2)C([N+](=O)[O-])=C([N+](=O)[O-])N1,1.8575199,8.316418,31.99634,5.979573,3.668752,613.14844,411.0983,187.94748,4.388431361682326
NN(C=N[N+](=O)[O-])c1nc2n(C=N[N+](=O)[O-])c(=O)n([N+](=O)[O-])c(=O)n2n1,1.8836669,8.2156925,31.403463,4.9288077,3.2530458,662.94855,109.662445,152.83194,4.806965944313158
NC1=C([N+](=O)[O-])C(=C2N=NC(N[N+](=O)[O-])=N2)C=C([N+](=O)[O-])N1[N+](=O)[O-],1.8624592,8.300982,31.878624,5.7685356,3.6210787,628.9354,366.83157,133.77509,4.498141445966852
N=c1c2nc([N+](=O)[O-])nc(N)c2n(C=N[N+](=O)[O-])n1[N+](=O)[O-],1.830122,7.966635,29.172882,5.1971087,3.3293009,643.3317,309.26685,146.32056,4.486068184772964
O=[N+]([O-])c1ncn([N+](=O)[O-])n1,1.831619,8.779,35.27597,6.3691645,4.2448077,667.67474,223.25009,119.218185,3.6631265962441795
O=[N+]([O-])N=Cc1nc([N+](=O)[O-])c2c([N+](=O)[O-])nn(N[N+](=O)[O-])c2n1,1.8603225,8.472167,33.141983,6.076226,3.7613146,619.227,431.28488,136.05568,4.315289053990018
O=[N+]([O-])N=Cc1c([N+](=O)[O-])cc([N+](=O)[O-])c2nc([N+](=O)[O-])nn12,1.8576114,8.153408,30.683495,5.8557763,3.4119573,581.5515,300.76904,177.78325,3.7989493568325985
O=[N+]([O-])N=Cn1nc([N+](=O)[O-])c2[nH]c([N+](=O)[O-])nc21,1.8596506,8.278396,31.64643,5.5874844,3.500474,626.3776,296.44217,184.89474,4.257505052121802
O=c1c2cc([N+](=O)[O-])nn2cnn1[N+](=O)[O-],1.8124951,7.7973514,27.734955,5.391488,3.175322,590.2884,178.39227,148.93422,3.6003230728438584
O=c1[nH]c2c(=NN[N+](=O)[O-])[nH]c(N[N+](=O)[O-])nc2n1[N+](=O)[O-],1.9198251,8.299904,32.382122,4.9018245,3.2109773,658.9099,62.449512,156.58038,4.395748129025088
Nn1c(=O)n([N+](=O)[O-])c2nc3c(=O)n(N[N+](=O)[O-])c(=O)n(C=N[N+](=O)[O-])c3nc21,1.8848988,7.882943,29.063694,4.642451,2.8605423,618.5955,-20.025099,149.67946,4.513793193249496
Nc1c([N+](=O)[O-])n(N)c2nc3c(nc12)c(=O)n(N[N+](=O)[O-])c(=O)n3N[N+](=O)[O-],1.8612065,7.7797112,28.092724,4.657988,2.933156,633.4129,34.209858,162.12315,4.203926463581582
Nc1[nH]c(N[N+](=O)[O-])cc(=O)c1[N+](=O)[O-],1.8007836,7.4159255,25.029003,4.3771305,2.8017035,644.3008,-146.5665,174.26843,3.563966254898591
Nc1nc2c(=N[N+](=O)[O-])n(C=N[N+](=O)[O-])n([N+](=O)[O-])c(=O)c2n1C=N[N+](=O)[O-],1.8697999,8.294135,31.82623,5.442529,3.4741278,640.5607,238.9083,143.40562,4.939170330525449
NN=c1c2nc(N)n([N+](=O)[O-])c2nc(N)n1[N+](=O)[O-],1.8515782,7.8130803,28.320776,4.481072,3.1110923,698.1413,260.84122,161.47041,4.267716020447595
Nc1c(C=N[N+](=O)[O-])c2nn[nH]c2n1[N+](=O)[O-],1.7881633,7.803332,27.51401,5.2428565,3.4277208,655.6746,373.16122,169.68066,4.42058163200778
Nc1nc([N+](=O)[O-])nc2nn(N)c([N+](=O)[O-])c12,1.8198476,7.687143,27.052208,4.780714,3.087421,649.14905,254.46518,277.5286,3.6283065818405564
Nc1nc2c(c(=NN[N+](=O)[O-])n(C=N[N+](=O)[O-])c(=O)n2[N+](=O)[O-])n1[N+](=O)[O-],1.9093041,8.498648,33.800247,5.3505726,3.500156,656.49915,177.85028,144.64603,4.784994434210719
Nc1nnn2c([N+](=O)[O-])c(C=N[N+](=O)[O-])nc([N+](=O)[O-])c12,1.838333,8.0973015,30.103739,5.606093,3.4799135,621.00745,417.32492,196.40646,4.0927334555970045
Nc1nc(C=N[N+](=O)[O-])c([N+](=O)[O-])c2nc([N+](=O)[O-])c([N+](=O)[O-])n12,1.8589803,8.147067,30.650608,5.521262,3.3650267,609.53754,236.34766,179.38013,4.039083353440568
O=c1c([N+](=O)[O-])c(C=N[N+](=O)[O-])n(C=N[N+](=O)[O-])c2nc(N[N+](=O)[O-])nn12,1.8868835,8.309212,32.128456,5.4666924,3.3987417,622.78296,249.05331,147.14479,4.4894875002995605
Nc1nn(C=N[N+](=O)[O-])c(=NC=N[N+](=O)[O-])c2c1n(C=N[N+](=O)[O-])c(=O)n2[N+](=O)[O-],1.8524151,8.119379,30.434109,5.225205,3.3479834,643.09985,275.36,155.04248,5.1706790327381915
Nn1c(N[N+](=O)[O-])nc2c([N+](=O)[O-])c([N+](=O)[O-])nn2c1=NC=N[N+](=O)[O-],1.8859401,8.585287,34.311726,5.7784495,3.8093503,660.9621,438.559,142.90193,4.374361930935233
Nc1nc2nnnn2c([N+](=O)[O-])c1N,1.7904396,7.451472,25.152807,4.391423,3.0044396,687.5114,373.1666,292.84415,3.391010545206308
O=c1nc2n(c(=O)n1[N+](=O)[O-])CN(N[N+](=O)[O-])CN2C=N[N+](=O)[O-],1.8648399,8.0312805,29.860434,4.7320933,3.1733,673.37384,-94.93542,150.39735,4.701996986682326
O=[N+]([O-])N=Cn1nc([N+](=O)[O-])c2c1nc([N+](=O)[O-])n1c([N+](=O)[O-])cnc21,1.8571839,8.015203,29.687037,5.509622,3.2206721,584.9927,378.9797,188.87816,4.206542676276847
N=c1c2nc(N)nnc2n([N+](=O)[O-])c(=O)n1N[N+](=O)[O-],1.839865,7.8992667,28.823977,4.7744055,3.1559725,663.2805,230.25638,143.04701,4.082348886828303
NN=c1c2nc([N+](=O)[O-])n(N[N+](=O)[O-])c2n(C=N[N+](=O)[O-])n1[N+](=O)[O-],1.8694706,8.774136,35.524117,6.194793,4.1703377,675.14453,491.5034,135.80255,4.842142844568251
[N-]=[N+]=Nc1nc2c([N+](=O)[O-])nc(N[N+](=O)[O-])nc2o1,1.8252939,7.9618573,29.135786,5.3132668,3.2171578,606.0133,408.9943,131.92781,4.187530600329251
Nc1nc2c(o1)c(=N[N+](=O)[O-])n(C=N[N+](=O)[O-])c(=O)n2C=N[N+](=O)[O-],1.842056,7.8037615,27.976585,4.7249975,2.9523816,627.4734,-10.684857,162.12198,4.788978905522223
NN=c1[nH]nc(N[N+](=O)[O-])c2c(=NC=N[N+](=O)[O-])n(N[N+](=O)[O-])c([N+](=O)[O-])nc12,1.8497059,8.2980995,31.738863,5.537931,3.6824863,667.113,481.8428,139.97864,4.862461962941343
Nn1c(=O)[nH]c(=N[N+](=O)[O-])c2nc(N[N+](=O)[O-])[nH]c21,1.8643705,7.8068357,28.241934,4.409924,2.954219,674.25146,65.1543,164.66191,4.135498717280173
O=c1[nH]nc(C=N[N+](=O)[O-])c2c([N+](=O)[O-])[nH]nc12,1.8232217,7.576215,26.281555,4.870479,2.9068415,599.52106,187.13412,186.29997,4.048131281564912
Nn1c(O)c2cc3oc4c(O)n(N[N+](=O)[O-])c(=O)n4c3c(O)c2c1O,1.7656476,6.2756495,17.753624,3.071827,1.7200516,562.6087,-736.7423,182.81891,4.25146501344415
Nn1c(=O)n(N[N+](=O)[O-])c2c1c(=O)n(C=N[N+](=O)[O-])c(=O)n2[N+](=O)[O-],1.890546,8.182228,31.14976,4.9416823,3.1669033,643.75415,-120.34035,148.43732,4.555153484697352
Nc1nc2nc(=O)n(N[N+](=O)[O-])c([N+](=O)[O-])c2c2nnc(N[N+](=O)[O-])n12,1.8496735,7.869449,28.536654,4.814807,3.0383956,634.0403,239.79333,148.28206,4.0349017971559675
O=c1[nH]nc(C=N[N+](=O)[O-])c2c1nc([N+](=O)[O-])n2[N+](=O)[O-],1.8521994,8.090833,30.116646,5.4960384,3.2926073,600.4397,226.39459,135.47404,4.127455158893708
O=[N+]([O-])c1nc2[nH]c(O)cn2n1,1.7616072,7.0000997,21.854748,3.925077,2.4232802,622.18286,-18.463774,286.67764,3.91014855441483
O=C1c2c([N+](=O)[O-])nn(C=N[N+](=O)[O-])c2C(=O)n2nnnc21,1.8494897,7.720185,27.507908,5.047741,2.8786225,571.24384,291.79535,173.00421,4.083267972571372
Nc1nn([N+](=O)[O-])c(=O)n2c(N)nnc12,1.7963582,7.468572,25.455175,4.144786,2.8301117,684.5676,173.10446,162.32283,3.73137504188084
Nn1nc([N+](=O)[O-])c2cc3c(=O)n(C=N[N+](=O)[O-])c(=O)n([N+](=O)[O-])c3nc21,1.8440127,7.562692,26.366007,4.6732545,2.7453961,590.08826,45.586857,140.06252,4.294689423376483
O=[N+]([O-])N=Cn1nnc2c(=NN[N+](=O)[O-])n(N[N+](=O)[O-])c([N+](=O)[O-])nc21,1.8908448,8.793223,35.905834,6.121541,4.0500946,662.5843,583.1002,138.45659,4.738229049903221
Nc1c([N+](=O)[O-])c2c(O)c([N+](=O)[O-])c(C=N[N+](=O)[O-])nn2c1N,1.821655,7.577022,26.3142,4.820481,2.9664063,617.4055,21.80765,200.02838,4.035379772973834
NN1C([N+](=O)[O-])=C(N[N+](=O)[O-])N2C(=O)C(=NC(=O)C=O)N([N+](=O)[O-])C12,1.8347132,7.9636316,29.101505,4.98691,3.191076,643.78876,-125.07163,143.39085,5.020378922480617
N=c1c2c(nc([N+](=O)[O-])n2[N+](=O)[O-])n(C=N[N+](=O)[O-])c(=O)n1N[N+](=O)[O-],1.8967513,8.456867,33.36394,5.4878206,3.4983196,638.82544,149.577,142.2423,4.6205627473822135
O=[N+]([O-])Nc1cn2oc([N+](=O)[O-])nc2n1,1.8151299,8.118853,30.07248,5.6517797,3.5254517,624.496,185.40488,137.10687,4.269644188222303
Nc1nc2c(=O)n([N+](=O)[O-])c(=O)n(C=N[N+](=O)[O-])c2n1N,1.8461735,7.6443343,26.989092,4.3230658,2.8029602,652.0432,-44.34245,163.3974,4.292118026026575
NN=c1c2nc([N+](=O)[O-])n(C=N[N+](=O)[O-])c2n([N+](=O)[O-])c(=O)n1N,1.874513,8.24097,31.577837,5.2358246,3.4550066,662.9119,245.64252,145.90762,4.6059778589350735
Nn1c(=O)n(N[N+](=O)[O-])c(=NN[N+](=O)[O-])c2c1[nH]c(=O)n2N[N+](=O)[O-],1.904658,8.401503,32.907806,5.033289,3.4468107,689.61786,29.680147,156.94661,4.5742134739388804
Nn1c(=O)n(C=N[N+](=O)[O-])c2nc([N+](=O)[O-])n(C=N[N+](=O)[O-])c(=N[N+](=O)[O-])c21,1.8772097,8.279678,31.757776,5.3403215,3.4153943,641.58075,228.29837,161.96326,4.803943927199045
Nc1nc(N[N+](=O)[O-])n2nnnc2c1[N+](=O)[O-],1.8806208,8.287766,32.031914,5.2977715,3.5359142,670.167,418.38992,151.58345,3.4959595584291847
Nn1c(=NN[N+](=O)[O-])c2c(nc(C=N[N+](=O)[O-])n2[N+](=O)[O-])n([N+](=O)[O-])c1=O,1.9140443,8.644445,34.9828,5.7422266,3.7286654,651.3658,291.19424,136.29005,4.761196601057957
Nc1nc([N+](=O)[O-])c2nc([N+](=O)[O-])n(C=N[N+](=O)[O-])c(=NC=N[N+](=O)[O-])c2n1,1.8236454,7.901077,28.569424,5.152252,3.2118974,624.20685,332.48105,182.44763,4.627157083124201
NN=c1[nH]c(=O)n(N[N+](=O)[O-])c2nc([N+](=O)[O-])n(C=N[N+](=O)[O-])c12,1.8621129,8.096251,30.31757,4.9913673,3.2874308,662.0723,172.48846,153.69302,4.667533044374634
O=[N+]([O-])N=Cc1n[nH]c2c(N[N+](=O)[O-])c(O)n(C=N[N+](=O)[O-])c(=NN[N+](=O)[O-])c12,1.82987,8.013405,29.378975,5.2658687,3.3574693,639.586,196.40076,156.13266,4.90893356057448
O=[N+]([O-])c1nc(-n2nc([N+](=O)[O-])c3oc([N+](=O)[O-])cc32)c2ncn([N+](=O)[O-])c2n1,1.8577422,7.788012,28.169365,5.328257,2.95614,554.78937,290.354,143.25009,4.1075163334004845
O=c1n(C=N[N+](=O)[O-])nc([N+](=O)[O-])c2c(N[N+](=O)[O-])nc([N+](=O)[O-])n12,1.8905463,8.4950075,33.635925,5.6694374,3.5449967,625.4438,195.25723,126.188095,4.325347739673147
Nc1nnc([N+](=O)[O-])c2nnnn12,1.8200139,8.066282,29.783033,5.302651,3.5793023,676.8345,528.2459,267.69315,3.4123205192395947
O=c1[nH]c(C=N[N+](=O)[O-])nc2nc(N[N+](=O)[O-])nn12,1.8469046,7.815143,28.13854,4.6264277,2.964045,644.2964,181.51794,144.81499,4.133567878435759
Nc1c([N+](=O)O)nnc2c(C=N[N+](=O)[O-])nn([N+](=O)[O-])c12,1.8345609,8.072002,29.992624,5.591718,3.5213838,630.8197,371.04715,153.27065,4.577801312739862
O=[N+]([O-])N=Cc1cnc([N+](=O)[O-])n2nc([N+](=O)[O-])nc12,1.8147968,7.9324574,28.721695,5.611126,3.3415794,595.70886,365.9946,183.71861,3.923338872314514
Nn1nc([N+](=O)[O-])c2nc3c(nc([N+](=O)[O-])n4c([N+](=O)[O-])c(C=N[N+](=O)[O-])nc34)nc21,1.8619885,7.8488703,28.602835,5.2558327,3.0653117,582.9709,503.0189,198.62808,4.389116890415584
NN=c1c2c(nc([N+](=O)[O-])n2[N+](=O)[O-])n(N)c(=O)n1N,1.8482509,8.028438,29.816988,4.9586234,3.3925607,687.64716,228.11078,154.30669,4.215410174089663
NN=c1c2c(nc([N+](=O)[O-])n1N[N+](=O)[O-])n([N+](=O)[O-])c(=O)n2C=N[N+](=O)[O-],1.9052676,8.536949,34.10406,5.5328383,3.5961156,652.0226,235.59836,143.29738,4.706344380039539
Nn1c(=O)n(N[N+](=O)[O-])c2[nH]c(=O)n([N+](=O)[O-])c(=NC=N[N+](=O)[O-])c21,1.8958013,8.188516,31.301327,4.883589,3.2121758,661.2859,13.061221,150.24733,4.734533054358461
Nc1nc2c([N+](=O)[O-])c(C=N[N+](=O)[O-])nn2c(=O)n1[N+](=O)[O-],1.885236,8.130258,30.82424,5.108709,3.1947694,626.7254,153.28766,169.54733,4.133559431457313
O=c1n([N+](=O)[O-])c(=NC=N[N+](=O)[O-])c2c(nc([N+](=O)[O-])n2N[N+](=O)[O-])n1C=N[N+](=O)[O-],1.9018146,8.582741,34.36494,5.7093544,3.6269119,636.94824,238.0275,129.0355,4.976847606041423
Nc1nc2nc(C=N[N+](=O)[O-])c(C=N[N+](=O)[O-])c([N+](=O)[O-])c2c2nc([N+](=O)[O-])c([N+](=O)[O-])n12,1.8248504,7.7316747,27.309753,5.2260175,3.0316598,581.25775,305.57495,196.19312,4.43657653490861
Nc1nc([N+](=O)[O-])n2c(N[N+](=O)[O-])nnc2n1,1.7941546,7.887224,28.240633,4.939523,3.3105643,672.5298,339.6583,129.07526,3.5806016988974116
O=c1c2nn(C=N[N+](=O)[O-])nc2n(C=N[N+](=O)[O-])c(=O)n1N[N+](=O)[O-],1.8620551,8.164509,30.75429,5.158386,3.273717,636.7476,153.65689,146.10551,4.823013578312119
O=c1oc2c(nnn2C=N[N+](=O)[O-])c2oc([N+](=O)[O-])c([N+](=O)[O-])c12,1.8695214,7.8354278,28.362019,5.194709,2.8446405,546.89496,-20.117826,205.42316,4.215067596889425
Nc1c([N+](=O)[O-])c(=O)n([N+](=O)[O-])c2nc(C=N[N+](=O)[O-])nn12,1.8894444,8.201254,31.4521,5.271142,3.2926195,626.0326,191.16025,151.60944,4.221752269653601
Nc1nc2c([N+](=O)[O-])cn([N+](=O)[O-])c(=NN[N+](=O)[O-])n2n1,1.8407297,8.2459755,31.160257,5.4848027,3.6139398,661.18994,357.75748,150.04472,4.0688166973552455
Nn1c(C=N[N+](=O)[O-])nc(=N[N+](=O)[O-])c2c1nc([N+](=O)[O-])n2[N+](=O)[O-],1.8700938,8.544204,33.77803,6.0312147,3.8480814,638.4636,449.863,143.22852,4.604054033379439
N=c1n(C=N[N+](=O)[O-])c2c(=O)c([N+](=O)[O-])c([N+](=O)[O-])[nH]c2n1N[N+](=O)[O-],1.8885591,8.229237,31.55508,5.318752,3.3149114,625.0199,70.180664,158.29375,4.559715009825652
O=[N+]([O-])N=CN=NNc1nc([N+](=O)[O-])nc([N+](=O)[O-])c1[N+](=O)[O-],1.8594531,8.672286,34.654186,6.2108083,3.9803967,641.7874,450.50552,194.77525,4.281174577513555
Nc1c([N+](=O)[O-])nn2nnc(C=N[N+](=O)[O-])c2c1[N+](=O)[O-],1.8405125,8.136752,30.412727,5.7149954,3.5427136,620.3623,442.62485,190.44342,4.155421917135465
O=[N+]([O-])N=Cc1c(O)nn2c1nnc1[nH]c([N+](=O)[O-])nc12,1.8271816,7.5068345,25.886957,4.71074,2.8091745,597.63275,297.39804,189.2799,4.251833010352593
Nc1nc(O)c([N+](=O)[O-])c2c1nc([N+](=O)[O-])n2N,1.8193903,7.3661327,24.71276,4.2576914,2.674301,631.8599,-33.429546,288.036,3.468601023373256
O=c1c2c(n(C=N[N+](=O)[O-])c(=O)n2N[N+](=O)[O-])n([N+](=O)[O-])c(=O)n1C=N[N+](=O)[O-],1.893449,8.258836,31.76434,5.1060333,3.1888018,626.68823,-115.0564,136.8535,4.866090832452399
O=[N+]([O-])N=Cc1nnn2c([N+](=O)[O-])nnc([N+](=O)[O-])c12,1.8453349,8.480182,33.012157,6.356107,3.895644,611.16846,592.0248,178.24948,4.144238872314514
N=c1c2nc([N+](=O)[O-])[nH]c2n(N[N+](=O)[O-])c(=O)n1C=N[N+](=O)[O-],1.8517323,7.98264,29.419476,4.9178467,3.150953,643.843,93.55936,149.5142,4.591546330350884
O=[N+]([O-])N=Cn1nc(N[N+](=O)[O-])c2c([N+](=O)[O-])c3nonc3nc21,1.853966,8.210771,31.170477,5.9455175,3.5477526,596.27686,564.2166,129.10376,4.26410063615785
O=c1c2c(C=N[N+](=O)[O-])nc([N+](=O)[O-])n2nc([N+](=O)[O-])n1N[N+](=O)[O-],1.8818158,8.499875,33.571667,5.857564,3.622726,618.4707,247.12643,136.59238,4.386176411001817
Nn1nnc2c([N+](=O)[O-])nc([N+](=O)[O-])cc21,1.7874973,7.7468476,27.132536,5.4585133,3.3593407,617.41095,355.17783,250.25256,3.64207405674368
O=c1c2c(nc([N+](=O)[O-])n2C=N[N+](=O)[O-])n(N[N+](=O)[O-])c(=O)n1C=N[N+](=O)[O-],1.8748783,8.213208,31.294096,5.2125716,3.246615,624.96344,28.966356,141.99792,4.722305881
Nn1c([N+](=O)[O-])nc2nc([N+](=O)[O-])n(NN[N+](=O)[O-])c(=N[N+](=O)[O-])c21,1.9052849,8.746309,35.676643,5.923249,3.9411159,667.8726,410.81693,153.28328,4.473109278134684
O=[N+]([O-])N=Cc1nc2nc([N+](=O)[O-])c(N[N+](=O)[O-])n2c([N+](=O)[O-])c1[N+](=O)[O-],1.8773785,8.534991,33.827747,6.087951,3.7147343,608.72296,320.39014,130.61995,4.177029320451238
Nc1c([N+](=O)[O-])c(-n2c([N+](=O)[O-])nc3c2nc([N+](=O)[O-])c(=O)n3N)c2nnn(N[N+](=O)[O-])c2c1[N+](=O)[O-],1.8808653,8.0632925,30.328007,5.254779,3.179769,606.97894,324.77124,149.7162,4.338445767225663
N=c1[nH]c2c(=NN[N+](=O)[O-])n(N[N+](=O)[O-])c(=O)n(N[N+](=O)[O-])c2[nH]1,1.8764652,8.236976,31.48535,4.938559,3.3822412,689.7478,101.272064,157.10243,4.766920303990018
O=c1[nH]c(=N[N+](=O)[O-])c2c([N+](=O)[O-])nc(C=N[N+](=O)[O-])nc2n1N[N+](=O)[O-],1.8778327,8.204004,31.213665,5.2967224,3.2818818,621.5124,163.76328,145.71498,4.504531731068791
O=[N+]([O-])N=Cc1nc2c(ncn2[N+](=O)[O-])c2nc([N+](=O)[O-])c([N+](=O)[O-])n12,1.8561466,8.040383,29.93888,5.6040454,3.2711177,582.73694,411.29825,151.67761,4.24621981913399
Nc1nc2c([N+](=O)[O-])c([N+](=O)[O-])nc(C=N[N+](=O)[O-])n2c1[N+](=O)[O-],1.8582214,8.135615,30.564531,5.52661,3.3527534,607.06445,245.22876,187.38016,4.049278957836172
O=c1[nH]c2c(nc([N+](=O)[O-])n2[N+](=O)[O-])c(=NC=N[N+](=O)[O-])n1N[N+](=O)[O-],1.9095014,8.480524,33.58138,5.442956,3.467354,638.88074,152.74039,141.09541,4.668355910868343
NN=Cn1c(=N[N+](=O)[O-])c2nc([N+](=O)[O-])n([N+](=O)[O-])c2n(N)c1=O,1.8636742,8.206275,31.1647,5.25586,3.4615152,660.81683,258.90646,147.40024,4.521905331462547
Nc1nc2c([N+](=O)[O-])ncc([N+](=O)[O-])n2n1,1.7943467,7.5731025,26.002773,4.904575,3.0188692,618.40643,257.7329,259.18286,3.3216740567436807
Nc1nc2nc([N+](=O)[O-])n(N[N+](=O)[O-])c2c(=NN[N+](=O)[O-])n1N,1.8310609,8.236785,31.04051,5.330319,3.6837711,694.9553,374.60617,147.52997,4.3959410340078815
CN=c1c(=N)[nH]c2c([N+](=O)[O-])nc([N+](=O)[O-])n2n1[N+](=O)[O-],1.7530779,7.800713,27.261719,5.301171,3.4667423,656.18286,220.92004,121.85466,4.3929306134391615
O=c1c2c(C=N[N+](=O)[O-])nn(C=N[N+](=O)[O-])c2n(C=N[N+](=O)[O-])c(=O)n1[N+](=O)[O-],1.867477,8.112503,30.461716,5.2638297,3.2118273,611.6634,112.49643,154.06401,5.004777808634113
Nc1nnc2c(=O)n(C=N[N+](=O)[O-])c([N+](=O)[O-])nn12,1.8233621,7.8993187,28.542818,4.9408064,3.1835406,646.21716,272.03607,186.72205,4.040180165243974
Nc1nc2ncnn2c([N+](=O)[O-])c1[N+](=O)[O-],1.7908303,7.510399,25.487823,4.7845893,2.9391341,617.7595,237.18723,243.0788,3.1851123393912655
NN=C1C(=O)N=C2NN=C(N[N+](=O)[O-])NC21[N+](=O)[O-],1.821544,7.861838,28.3161,4.775685,3.2130368,676.7675,155.67526,147.57176,5.061636177339804
Nc1nc([N+](=O)[O-])n2nc(N[N+](=O)[O-])nc2n1,1.8167893,7.9013276,28.6063,4.8102407,3.2261105,673.233,300.73477,143.1798,3.520361899566309
Nc1nc2c(nc([N+](=O)[O-])n2[N+](=O)[O-])c2nnc(N[N+](=O)[O-])n12,1.8640724,8.114474,30.569609,5.2242675,3.314552,636.34937,418.03262,144.422,4.007000815157456
Nc1nc([N+](=O)[O-])nc2nc(C=N[N+](=O)[O-])c([N+](=O)[O-])nc12,1.8140846,7.632992,26.661896,4.947835,2.9699004,601.16327,285.79504,187.71858,3.9215689895205257
Nc1c([N+](=O)[O-])nnc2c1C(=C1N=NN=N1)N(N[N+](=O)[O-])C2=O,1.8261025,7.744804,27.605026,5.1055245,3.123091,612.5672,514.93274,146.85434,4.258137575171636
O=[N+]([O-])NN=C1N=C2N1CN([N+](=O)[O-])CN2[N+](=O)[O-],1.8496879,8.655327,34.558716,5.9067416,4.200423,713.58795,280.67313,131.19656,4.760630843977006
O=c1cc([N+](=O)[O-])n2nc([N+](=O)[O-])nc2n1C=N[N+](=O)[O-],1.8501344,7.9498243,29.020111,5.191856,3.1016455,599.4195,138.75534,179.1594,4.205510378673926
O=[N+]([O-])N=CN=c1c2nc([N+](=O)[O-])nc([N+](=O)[O-])c2ncn1C=N[N+](=O)[O-],1.8244373,7.938872,28.859793,5.410763,3.2722855,604.8134,397.25473,165.94666,4.625746193660993
Nn1nc(N[N+](=O)[O-])c(=O)c2c1n([N+](=O)[O-])c(=O)n2N,1.8755748,8.10791,30.605295,4.967827,3.2985935,667.68774,80.48486,154.51514,4.20067200840919
O=[N+]([O-])N=Cc1nc([N+](=O)[O-])c2cnn([N+](=O)[O-])c2c1[N+](=O)[O-],1.8397459,8.191111,30.829344,6.104887,3.5631151,581.92346,367.4017,123.2323,4.1471755863407935
NN=c1c2nc([N+](=O)c3c([N+](=O)[O-])ncn3[N+](=O)[O-])n(C=N[N+](=O)[O-])c2nc([N+](=O)[O-])n1N,1.8391705,8.121907,30.368965,5.4505944,3.4862034,640.8047,484.07455,148.18256,4.824976884558959
O=[N+]([O-])c1cc2[nH]c(O)c(O)n2n1,1.7752737,6.7473845,20.394478,3.5601254,2.121825,600.2674,-251.46164,297.22565,3.808748321437397
O=[N+]([O-])N=Cc1n[nH]nc1[N+](=O)[O-],1.7862427,8.347816,31.4318,6.130502,4.040397,659.7449,329.21292,187.81267,4.109775574184651
NC1=C(N)N(N)C([N+](=O)[O-])=C(N[N+](=O)[O-])C1=C1N=NN=N1,1.7963614,7.7910805,27.661129,5.0341177,3.4977546,698.4389,480.33755,146.61913,4.4887334555970035
Nc1nc2c(nc(C=N[N+](=O)[O-])n2[N+](=O)[O-])c(=N[N+](=O)[O-])n1[N+](=O)[O-],1.9045118,8.557598,34.203617,5.7534866,3.6750724,639.6989,378.92044,135.54344,4.606808578833984
Nc1nnc2nc([N+](=O)[O-])n(N)c(=N[N+](=O)[O-])c2n1,1.8135601,7.899669,28.55895,5.070557,3.374594,666.5285,454.1926,149.62111,3.957730391488319
Nc1nc2n([N+](=O)[O-])c(C=N[N+](=O)[O-])nn2c(=O)c1[N+](=O)[O-],1.8809237,8.128628,30.765862,5.168088,3.2167876,624.83563,165.72256,146.12321,4.145557839945377
O=c1[nH]c2nc([N+]([O-])[O-])n([N+](=O)[O-])c(=NN[N+](=O)[O-])c2n1N[N+](=O)[O-],1.9217288,8.727533,35.51944,5.5851846,3.677633,662.4031,150.67334,135.86629,4.622605781631188
O=[N+]([O-])c1nn([N+](=O)[O-])c2nccn12,1.7837582,7.9243436,28.365252,5.7325373,3.526968,616.9439,319.5767,124.26407,3.7506024480403166
Nc1nc(C=N[N+](=O)[O-])nc2nc([N+](=O)[O-])nc([N+](=O)[O-])c12,1.7998463,7.5827284,26.159191,4.9280562,2.9622376,602.4276,266.11932,172.99178,3.9473439569260007
O=[N+]([O-])N=Cc1nnnn2c([N+](=O)[O-])c([N+](=O)[O-])nc12,1.8566226,8.505356,33.403103,6.3196282,3.8756182,611.8059,590.81006,202.08142,4.0292491287247705
N=c1c2c(nc(N)n1N[N+](=O)[O-])N([N+](=O)[O-])CN2c1cc([N+](=O)[O-])c2c(n1)nc([N+](=O)[O-])n2[N+](=O)[O-],1.8431342,7.852,28.46397,5.0796676,3.1510248,622.62854,284.4175,140.80028,4.5830849940786855
O=c1[nH][nH]c(C=N[N+](=O)[O-])c1[N+](=O)[O-],1.8515247,8.076948,30.0689,5.24358,3.344454,640.3627,19.688799,187.08308,3.954079754091307
Nc1nn(C=N[N+](=O)[O-])c2c(O)n([N+](=O)[O-])c(N[N+](=O)[O-])c12,1.8400887,8.061424,29.874607,5.1639075,3.3751554,655.45306,93.81207,162.3937,4.518506381059435
Nc1c([N+](=O)[O-])n(N[N+](=O)[O-])c(=C[N+](=O)[O-])c1=C1N=NN=N1,1.8338311,8.225799,31.089771,5.8182793,3.7451322,645.5562,537.99457,140.07167,4.4938258343705915
N=c1c2c(nc([N+](=O)[O-])n1C=N[N+](=O)[O-])N([N+](=O)[O-])N=C(N[N+](=O)[O-])N2,1.898013,8.485191,33.652103,5.5474615,3.6255405,654.97516,322.48883,148.51852,4.7210555764201825
Nc1nc2c(=N[N+](=O)[O-])n(C=N[N+](=O)[O-])c(=O)n(C=N[N+](=O)[O-])c2o1,1.8468108,7.820297,28.123291,4.717228,2.9509954,628.4215,-0.36478934,159.8086,4.823164439391339
Nn1c(=O)n([N+](=O)[O-])c(=NN[N+](=O)[O-])c2nc(C=N[N+](=O)[O-])n([N+](=O)[O-])c21,1.9077202,8.625454,34.75173,5.7343893,3.7310328,652.4756,296.19846,140.40504,4.78986594016955
Nc1c(C=N[N+](=O)[O-])c([N+](=O)[O-])nn2nc3c([N+](=O)[O-])nn(N)c3c12,1.8291055,7.829332,28.189495,5.3419,3.3203452,622.0743,495.6439,192.85068,4.398752958335082
O=C1NOc2nonc2-c2c1c(C=N[N+](=O)[O-])nn2C=N[N+](=O)[O-],1.8143244,7.718189,27.183865,5.39612,3.130605,580.71124,331.22852,168.51907,4.80961902672251
Nc1nn2c(N[N+](=O)[O-])c([N+](=O)[O-])nc2c([N+](=O)[O-])c1[N+](=O)[O-],1.9044663,8.552113,34.269676,5.83759,3.6699789,628.53357,264.44257,146.70233,3.674805157589218
Nc1n[nH]c2nc(N[N+](=O)[O-])n([N+](=O)[O-])c12,1.8370382,8.094441,30.139595,5.127593,3.4936178,683.3673,282.7671,153.3758,4.020328439570157
O=c1oc(C=N[N+](=O)[O-])c(O)c2oc([N+](=O)[O-])cc12,1.780927,6.979696,21.941149,4.3751874,2.2717638,519.94165,-460.21533,183.73079,3.8143493960132053
NN=c1c2nc(N=c3[nH]c(=O)ncn3O)nn2c(N)nn1[N+](=O)[O-],1.7845533,7.2194214,23.6662,3.949917,2.653745,675.5416,256.35187,161.52725,4.52997196482918
Nc1nc2c(c(=O)n1N[N+](=O)[O-])n([N+](=O)[O-])c(=O)n2C=N[N+](=O)[O-],1.8751675,8.036982,30.048273,4.801202,3.0714025,642.0041,-45.178036,156.55292,4.465635001792216
Nn1c(C=N[N+](=O)[O-])c2nc3c(nc2c1N[N+](=O)[O-])n([N+](=O)[O-])c(=O)n3[N+](=O)[O-],1.8940417,8.23197,31.746761,5.4071383,3.3379107,618.2806,289.5723,150.0754,4.600648138304442
Nn1nc([N+](=O)[O-])c2c1c(=O)n([N+](=O)[O-])c1nc(C=NO)c([N+](=O)[O-])n21,1.850428,7.959877,29.259342,5.2832427,3.2085924,607.95044,204.98721,161.73926,4.318232833945267
NN=c1c2c(nc(N)n1[N+](=O)[O-])n([N+](=O)[O-])c(=O)n2N,1.8621795,7.969118,29.537756,4.656382,3.2046409,692.53125,159.66406,151.53801,4.311177629710965
O=[N+]([O-])c1nc2ncnc([N+](=O)[O-])c2[nH]1,1.7551062,7.2636466,23.611202,4.708103,2.728269,581.3043,162.98953,270.6365,3.416349629122866
O=c1c2nn([N+](=O)[O-])c(C=N[N+](=O)[O-])c2c(C=N[N+](=O)[O-])nn1[N+](=O)[O-],1.877746,8.390568,32.65884,5.9686804,3.5769176,599.35126,349.70895,143.60681,4.73610975702219
O=c1c2ccc(C=N[N+](=O)[O-])nc2n([N+](=O)[O-])c(=O)n1N[N+](=O)[O-],1.7899733,7.460463,25.140985,4.87473,2.827694,582.75885,-36.682827,137.09113,4.0316029962977105
O=c1c(C=N[N+](=O)[O-])c([N+](=O)[O-])c2c(ncn2[N+](=O)[O-])n1[N+](=O)[O-],1.8909321,8.298098,32.127808,5.760265,3.3865073,586.41766,153.31216,121.129944,4.283835001792215
O=c1n(C=N[N+](=O)[O-])c(=NN[N+](=O)[O-])n2c(C=N[N+](=O)[O-])nnc2n1N[N+](=O)[O-],1.8658539,8.481218,33.15861,5.5763083,3.6835308,662.8059,366.80814,141.41737,4.994763738089272
O=c1c2c(nc([N+](=O)[O-])n1[N+](=O)[O-])nc(C=N[N+](=O)[O-])n2N[N+](=O)[O-],1.8874102,8.479909,33.428658,5.7750897,3.5656416,618.37604,227.44086,133.5335,4.442301585826993
N=c1[nH]nc(-c2c(C=N[N+](=O)[O-])c([N+](=O)[O-])c([N+](=O)[O-])[nH]c2=O)o1,1.863574,7.6402564,26.989626,4.643377,2.719697,589.2462,-76.1418,209.77504,4.273198909759248
Nc1c([N+](=O)[O-])c(N)c2nnc(C=N[N+](=O)[O-])n2c1[N+](=O)[O-],1.8335074,7.814168,28.001066,5.1332455,3.2173598,628.4795,287.58322,197.72792,3.9678567789374197
O=[N+]([O-])N=Cc1c([N+](=O)[O-])nnn1[N+](=O)[O-],1.8585492,9.036536,37.54214,6.94517,4.517445,650.36816,419.3184,125.528015,4.258619903919762
O=[N+]([O-])N=Cn1nc(N[N+](=O)[O-])nc1[N+](=O)[O-],1.85871,8.908752,36.61908,6.30684,4.297917,682.6634,352.3981,133.06625,4.312165043379018
Nc1nc2c(c(=NN[N+](=O)[O-])[nH]c(=O)n2[N+](=O)[O-])n1N,1.8503686,7.829816,28.380943,4.4443946,3.0562134,691.608,84.86969,159.2321,4.410863255478519
Nn1c(=O)n(C=N[N+](=O)[O-])c(=N[N+](=O)[O-])c2c1nc([N+](=O)[O-])n2C=N[N+](=O)[O-],1.8746804,8.287408,31.790276,5.37375,3.4382312,641.73206,235.23492,155.10304,4.82028800204312
Nc1nc2nc3oc([N+](=O)[O-])nc3c(C=N[N+](=O)[O-])n2c1[N+](=O)[O-],1.8359176,7.6067476,26.5785,4.833044,2.8154292,583.84125,174.24585,187.31331,4.381883928250373
Nn1c(=NC=N[N+](=O)[O-])c2c(nc([N+](=O)[O-])n2N)n([N+](=O)[O-])c1=O,1.8812492,8.267875,31.877203,5.249178,3.4656053,662.82086,239.36575,147.81459,4.592243793001006
Nn1c(=O)n(C=N[N+](=O)[O-])c2c([N+](=O)[O-])nc([N+](=O)[O-])nc21,1.8664992,8.026821,29.863783,5.0564876,3.146839,624.6099,138.17108,181.10075,4.182670306788878
Nc1nc2n([N+](=O)[O-])c(=O)c(C=N[N+](=O)[O-])nn2c1[N+](=O)[O-],1.8603154,8.126895,30.626629,5.2794847,3.2971272,626.0097,191.27328,147.8258,4.309866328009038
O=C(O)c1oc(O)c(O)c1[N+](=O)[O-],1.822533,6.8285866,21.18524,3.2189457,1.7675554,556.2524,-872.0966,283.77573,3.1756579318270095
NN=c1c2c(nc(C=N[N+](=O)[O-])n1N[N+](=O)[O-])c([N+](=O)[O-])nn2[N+](=O)[O-],1.8687661,8.5859165,34.0952,6.0602145,3.9438057,652.35425,526.38226,148.5468,4.6674248071894135
N=c1c2c(ncn2[N+](=O)[O-])nc([N+](=O)[O-])n1N[N+](=O)[O-],1.8637317,8.268436,31.654547,5.5467443,3.5330398,638.6814,301.3708,131.93005,4.267309989876198
N=c1[nH]c(=O)n([N+](=O)[O-])c2c1nc(N)n2C=N[N+](=O)[O-],1.8227599,7.4104905,25.154907,4.096431,2.6568272,653.22406,24.873629,159.93849,4.638078640093905
N=c1c2c(n(N[N+](=O)[O-])c(=O)n1N[N+](=O)[O-])n(N[N+](=O)[O-])c(=O)n2N,1.8916308,8.391256,32.77039,5.118967,3.509856,689.82666,40.177647,153.07735,4.579382123750607
NN=c1c2nc(N)nc([N+](=O)[O-])c2nc([N+](=O)[O-])n1N,1.7779804,7.425521,24.9112,4.4943004,2.9778736,665.10767,298.75122,249.5638,3.8642876386425264
O=[N+]([O-])N=Cc1nc2c([N+](=O)[O-])c([N+](=O)[O-])nc([N+](=O)[O-])c2n1C=N[N+](=O)[O-],1.8566903,8.271473,31.573633,5.9332213,3.5032923,589.5144,334.83212,177.83882,4.424039145494264
O=c1c2oc(O)nc2c([N+](=O)[O-])cn1C=N[N+](=O)[O-],1.8346713,7.2459617,24.08949,4.2357965,2.3724947,562.2644,-293.27872,184.69522,4.080583785153477
Nc1nc2nc([N+](=O)[O-])nc(N[N+](=O)[O-])c2o1,1.8103725,7.575359,26.224478,4.536122,2.8269637,626.3611,31.242647,141.7831,3.7294418326766774
O=c1c2[nH]cnc2n([N+](=O)[O-])c(=O)n1C=N[N+](=O)[O-],1.8350408,7.4583178,25.648268,4.3181067,2.593554,603.1407,-95.850395,136.356,4.147770210492843
O=c1c(C=N[N+](=O)[O-])c([N+](=O)[O-])n2cnnc2n1N[N+](=O)[O-],1.8349733,8.091332,29.964739,5.513593,3.416304,620.4436,263.90253,140.97025,4.24569102341883
Nc1nc2cn([N+](=O)[O-])c([N+](=O)[O-])nc-2n1,1.7628585,7.4234605,24.75468,4.7315655,2.9443016,624.435,203.42834,146.92773,3.5353105504824995
NN=c1c2c(nc([N+](=O)[O-])n1C=N[N+](=O)[O-])nc([N+](=O)[O-])n2N[N+](=O)[O-],1.8712125,8.484963,33.35937,5.770603,3.7626414,653.82495,425.30795,137.5377,4.610368619898443
O=c1c(C=N[N+](=O)[O-])cnc([N+](=O)[O-])c2nnc([N+](=O)[O-])n12,1.7983781,7.7436914,27.181719,5.364485,3.1028123,578.2506,242.30316,182.94606,3.9561749869129628
Nc1nc2nc3c(c(N)nn3N)c([N+](=O)[O-])n2c1[N+](=O)[O-],1.786949,7.239307,23.772625,4.259036,2.7414908,646.5772,275.19467,264.13315,3.921360103948653
Nn1c(=NN[N+](=O)[O-])c2c(c([N+](=O)[O-])nn2N)n(N)c1=O,1.8420882,8.093159,30.203646,5.0941353,3.5659351,703.5802,304.03577,176.2028,4.36988306099161
O=c1[nH]c2nc(C=N[N+](=O)[O-])cnc2c(=[N+]([O-])[N+](=O)[O-])n1C=N[N+](=O)[O-],1.8164418,7.689768,26.916304,4.975328,2.984157,602.59106,148.51001,148.63869,4.618388610342781
O=c1c2c(nc3n([N+](=O)[O-])nc(C=N[N+](=O)[O-])n23)n(C=N[N+](=O)[O-])c(=O)n1N[N+](=O)[O-],1.8770926,8.147072,30.81568,5.1752114,3.1869106,617.6224,154.7034,147.84348,4.837330394983306
Nn1c(C=N[N+](=O)[O-])nn2c(=O)c([N+](=O)[O-])c([N+](=O)[O-])nc12,1.8673381,8.169819,30.88804,5.3997893,3.3499444,621.9938,230.09024,188.7193,4.05369577097986
Nn1c(C=N[N+](=O)[O-])c([N+](=O)[O-])c2c(=O)n3c(C=N[N+](=O)[O-])c([N+](=O)[O-])n([N+](=O)[O-])c3nc21,1.870835,8.105326,30.453934,5.478134,3.2662535,597.8021,210.47906,141.1874,4.621407623647457
O=c1oc([N+](=O)[O-])c(C=N[N+](=O)[O-])c2c1nnn2N[N+](=O)[O-],1.864419,8.199482,30.967245,5.57187,3.3273811,598.61,131.21371,131.64427,4.309216707903836
O=c1c2[nH]c([N+](=O)[O-])nc2n(C=N[N+](=O)[O-])c(=O)n1C=N[N+](=O)[O-],1.8575447,7.7039814,27.407747,4.521085,2.7373009,607.7063,-93.66678,174.16245,4.499421265528479
O=[N+]([O-])N=Cc1c(C=N[N+](=O)[O-])n([N+](=O)[O-])c2c([N+](=O)[O-])n3nnc(C=N[N+](=O)[O-])c3nc12,1.8334634,8.11109,30.174913,5.936992,3.5052807,590.09143,588.24243,132.97977,4.901510881180315
Nc1nc(C=N[N+](=O)[O-])c2c([N+](=O)[O-])c([N+](=O)[O-])n([N+](=O)[O-])c2n1,1.8338246,8.0761795,29.876049,5.572926,3.3853042,608.8034,253.69534,152.42828,4.058283353440567
NN=c1c2nc(N[N+](=O)[O-])n([N+](=O)[O-])c2n(N)c(=O)n1[N+](=O)[O-],1.9151146,8.556674,34.392525,5.421526,3.668998,679.89166,249.33185,140.73648,4.411605157589218
O=c1n(C=N[N+](=O)[O-])c2nnc([N+](=O)[O-])nc2n1N[N+](=O)[O-],1.8788431,8.376124,32.635082,5.4820275,3.4771235,634.947,287.49066,139.81712,4.373976812206314
O=c1n(C=N[N+](=O)[O-])c(=N[N+](=O)[O-])c2c(ncn2[N+](=O)[O-])n1C=N[N+](=O)[O-],1.8650355,8.228656,31.282345,5.4431224,3.386757,623.3157,217.6944,135.96777,4.870691346453405
O=c1[nH]c2c(N[N+](=O)[O-])nc(C=N[N+](=O)[O-])n2c(=O)n1N[N+](=O)[O-],1.8730206,8.00181,29.68442,4.7189646,3.016847,642.14545,-70.60071,150.89659,4.407740255913095
Nc1c([N+](=O)[O-])c(C=N[N+](=O)[O-])c([N+](=O)[O-])n2c1nn1nnc(N)c12,1.8146179,7.706067,27.11546,5.0779767,3.167867,624.8432,428.9667,195.87651,4.287927929632441
O=c1c2nc([N+](=O)[O-])n(N[N+](=O)[O-])c2nc(C=N[N+](=O)[O-])n1[N+](=O)[O-],1.8952502,8.535799,33.969402,5.821248,3.6012623,619.11096,238.64679,130.62889,4.352605781631189
Nn1c([N+](=O)[O-])nc2c1c(=NN[N+](=O)[O-])n([N+](=O)[O-])c(=O)n2C=N[N+](=O)[O-],1.9006011,8.542658,34.05926,5.5408807,3.6207886,655.91547,228.26144,141.49557,4.697820219692842
Nc1nnc2[nH]c([N+](=O)[O-])c(C=N[N+](=O)[O-])c(=O)n12,1.8081603,7.437248,25.150785,4.395307,2.7539358,629.3609,97.71585,187.12152,4.121994644881983
NN1NC([N+](=O)[O-])=C2C(N[N+](=O)[O-])=Nc3[nH]c(=O)[nH]c3N1C2=C1N=NN=N1,1.8260393,7.603976,26.57203,4.5536366,2.9702578,656.14294,431.0867,171.7521,5.457868622219092
O=c1c([N+](=O)[O-])c(C=N[N+](=O)[O-])n2c3c(nnn13)N=C([N+](=O)[O-])N2N[N+](=O)[O-],1.8864402,8.428169,32.963715,5.80876,3.555882,612.9747,424.65622,142.09319,4.697242621585739
Nc1nc2c(c(=O)n1[N+](=O)[O-])n(N[N+](=O)[O-])c(=O)n2N,1.8580022,7.8625693,28.612267,4.494455,2.9898105,669.8294,-59.163357,153.1536,4.082979700716881
Nc1c([N+](=O)[O-])c2nc3n([N+](=O)[O-])nc(N)n3c(=O)c2n1N,1.8411316,7.450629,25.696802,4.224108,2.7161076,647.0869,117.28247,161.95522,4.073803728539541
Nn1c(=O)n(N[N+](=O)[O-])c2c(=NN[N+](=O)[O-])n(N[N+](=O)[O-])c(=O)n(N[N+](=O)[O-])c21,1.9238647,8.771051,36.04337,5.5186276,3.805388,692.73016,118.232666,153.55737,4.78654103488155
O=[N+]([O-])N=Cc1nc2[nH]c([N+](=O)[O-])nc2c2nc([N+](=O)[O-])c(C=N[N+](=O)[O-])n12,1.8236021,7.757103,27.558828,5.216809,3.060047,586.8256,369.9103,172.16257,4.55255045964242
O=c1[nH]cnc([N+](=O)[O-])c1N[N+](=O)[O-],1.7980132,7.733375,27.099804,4.8417525,3.0572872,634.40137,-69.90704,132.0146,3.3702211262326784
O=[N+]([O-])N=Cc1nc([N+]([O-])[N+](=O)[O-])c2c(C=N[N+](=O)[O-])c([N+](=O)[O-])nn2n1,1.8630548,8.513891,33.509117,6.210305,3.816328,614.73224,538.50977,133.11337,4.821483654145714
O=c1c([N+](=O)[O-])c(C=N[N+](=O)[O-])n2ncnc2n1[N+](=O)[O-],1.8684684,8.16072,30.906338,5.571196,3.336479,599.34375,245.67178,142.55025,4.047426862190411
Nn1nc(C=N[N+](=O)[O-])c2nnn([N+](=O)[O-])c2c1=O,1.8293635,8.096471,30.049583,5.527217,3.521525,638.79974,387.54422,145.58392,4.43696478062859
O=[N+]([O-])N=Cc1nn(C=N[N+](=O)[O-])c2c1nc1n([N+](=O)[O-])c([N+](=O)[O-])nn21,1.8602003,8.371314,32.431786,5.934224,3.659491,617.1547,584.96716,130.57309,4.865349144135177
O=[N+]([O-])N=Cc1ncc2nc([N+](=O)[O-])c(O)c([N+](=O)[O-])c2n1,1.7882775,7.420021,24.964273,5.0281157,2.8238676,561.5085,95.69443,188.7237,3.8764985853484264
Nn1c(=NN[N+](=O)[O-])c2nc([N+](=O)[O-])[nH]c2n(N)c1=O,1.856102,7.919453,29.06595,4.686164,3.1959386,686.4083,158.44919,165.28421,4.3352632554785195
O=c1[nH]c2[nH]c(N[N+](=O)[O-])nc2c(=NN[N+](=O)[O-])n1N[N+](=O)[O-],1.8933531,8.24383,31.64327,4.8931537,3.28197,674.85114,89.49939,159.1962,4.391573271733138
Nc1c([N+](=O)[O-])nc([N+](=O)[O-])n2cnnc12,1.815268,7.67039,26.827555,5.003202,3.0928302,619.94415,267.84283,271.6322,3.4470558098742714
Nc1cnn2c(=O)c3c(nc([N+](=O)[O-])n3[N+](=O)[O-])[nH]c12,1.7974877,7.256508,23.944918,4.414445,2.6381152,600.0558,121.348114,163.40698,3.8841645133401546
O=[N+]([O-])N=Cc1nn([N+](=O)[O-])c2nc([N+](=O)[O-])[nH]c12,1.8638554,8.351593,32.29429,5.8257184,3.6231432,622.93256,349.7914,136.10384,4.389898717280174
O=[N+]([O-])N=CC1N=c2c([N+](=O)[O-])nn(C=N[N+](=O)[O-])c2=NN1C=N[N+](=O)[O-],1.8226116,8.31289,31.558805,5.9380116,3.8157141,642.9648,573.18756,174.45874,5.600037251935461
O=c1c2nc([N+](=O)[O-])c([N+](=O)[O-])n2c(C=N[N+](=O)[O-])nn1C=N[N+](=O)[O-],1.8557444,8.258049,31.409388,5.709576,3.446057,603.7852,280.29987,179.31805,4.510202733610819
Nn1c([N+](=O)[O-])nc2nc([N+](=O)[O-])cc(N[N+](=O)[O-])c21,1.8174312,7.9087653,28.629826,5.3650904,3.348628,625.7365,242.09836,140.86423,3.8067137634611035
Nc1c(N[N+](=O)[O-])n([N+](=O)[O-])c(=O)n2c(C=N[N+](=O)[O-])nnc12,1.85986,8.152946,30.75703,5.2578707,3.3723617,642.7865,228.14069,144.18176,4.334570794411413
N=c1nc([N+](=O)[O-])n(C=N[N+](=O)[O-])c2nc([N+](=O)[O-])n(N[N+](=O)[O-])c12,1.8665296,8.36867,32.45219,5.6344013,3.5885854,638.1507,323.0677,133.70558,4.570472914498321
O=[N+]([O-])N=Cn1nnnc1C([N+](=O)[O-])[N+](=O)[O-],1.8392009,8.951114,36.696373,6.6285925,4.4959764,679.68823,424.10843,131.08307,4.250291197225171
Nc1c(N[N+](=O)[O-])c([N+](=O)[O-])n2c(nc3c2c(=O)n([N+](=O)[O-])c(=O)n3N)c1N,1.8500022,7.568864,26.55163,4.410911,2.770977,631.09924,-68.2862,165.0349,4.0805611800683526
O=c1n(N[N+](=O)[O-])c2nc(C=N[N+](=O)[O-])n([N+](=O)[O-])c(=NN[N+](=O)[O-])c2n1N[N+](=O)[O-],1.9036999,8.786616,35.938442,5.9247375,3.8921208,658.9189,300.34308,135.78342,4.93501871298326
Nn1c([N+](=O)[O-])nc2c(=NN[N+](=O)[O-])n([N+](=O)[O-])c(=O)n(C=N[N+](=O)[O-])c21,1.9199075,8.590573,34.607483,5.546562,3.6102664,652.7202,227.95087,144.05193,4.742393134102376
O=c1c2nc([N+](=O)[O-])n([N+](=O)[O-])c2nnn1C=N[N+](=O)[O-],1.8772522,8.480427,33.414043,5.8855333,3.6278498,616.11316,355.60928,125.62184,4.273650763289313
O=[N+]([O-])N=CC1=C([N+](=O)[O-])N(C=N[N+](=O)[O-])C([N+](=O)[O-])=C(C=N[N+](=O)[O-])C(=C2N=NN=N2)N1,1.8421503,8.298811,31.587725,5.939407,3.7038891,623.68164,617.0447,182.51318,5.26218763139639
O=c1[nH]c(=N[N+](=O)[O-])c2nc(C=N[N+](=O)[O-])n(N[N+](=O)[O-])c2n1[N+](=O)[O-],1.9127984,8.534622,34.05102,5.5638165,3.5464482,639.018,209.04767,140.26688,4.769519121570684
Nc1nc2c(=NN=[N+]([O-])[O-])nc(N)c([N+](=O)[O-])c(N)n2n1,1.8046516,7.532774,25.780981,4.334105,2.9394686,682.1709,317.95416,206.37445,4.057967246805795
Nn1c(=O)nc(N[N+](=O)[O-])c2occ(O)c21,1.7818867,6.9518313,21.891134,3.9031515,2.3615668,608.246,-247.59596,152.82077,3.7447577776739145
Nc1nc2c(c(=N[N+](=O)[O-])n(C=N[N+](=O)[O-])c(=O)n2N[N+](=O)[O-])n1[N+](=O)[O-],1.8926008,8.462634,33.319214,5.3743243,3.5276096,658.5413,167.87164,143.12985,4.728509927168466
NCn1nc([N+](=O)[O-])n2nc([N+](=O)[O-])c(N)c2c1=O,1.7505416,7.3141093,23.845453,4.3939486,2.8807416,659.2924,42.14272,265.44733,3.7603015589091333
N=c1c2c(nc(N[N+](=O)[O-])n1[N+](=O)[O-])nc(N)n2[N+](=O)[O-],1.8812529,8.251574,31.688,5.165299,3.4168208,664.3738,247.34103,144.52896,4.248580683369233
Nn1c([N+](=O)[O-])nc2c1c(=NC=N[N+](=O)[O-])n([N+](=O)[O-])c(=O)n2C=N[N+](=O)[O-],1.8835845,8.328137,32.28746,5.3656745,3.439331,643.6622,234.00516,139.12721,4.864702347157466
O=c1[nH]c(=NN[N+](=O)[O-])n(C=N[N+](=O)[O-])c2nc([N+](=O)[O-])n(N[N+](=O)[O-])c12,1.8879515,8.394335,32.71564,5.326137,3.4623687,652.8763,150.02457,137.73796,4.7172798079918685
NN=c1c2c([N+](=O)[O-])nn(CO[N+](=O)[O-])c2nc([N+](=O)[O-])n1C=N[N+](=O)[O-],1.8450145,8.294032,31.679798,5.6051354,3.6292746,649.1096,241.95612,148.81512,4.386427884914944
Nn1c(=NC=N[N+](=O)[O-])c2c(nc(N[N+](=O)[O-])n2[N+](=O)[O-])n([N+](=O)[O-])c1=O,1.9131119,8.601419,34.67648,5.5893993,3.656026,655.878,248.01865,138.38708,4.7097006097253455
O=[N+]([O-])N=Cc1nc2c(N[N+](=O)[O-])noc2nc1[N+](=O)[O-],1.8365719,8.213637,31.020002,5.983639,3.5853364,598.2318,373.16263,136.3662,4.121159409905854
Nn1c(=O)c([N+](=O)[O-])c([N+](=O)[O-])n2c(C=N[N+](=O)[O-])nnc12,1.8686285,8.219037,31.225714,5.5171556,3.4301205,622.6031,273.00455,198.12961,4.0042626144811875
O=c1nc([N+](=O)[O-])nc2nc(C=N[N+](=O)[O-])nc([N+](=O)[O-])n12,1.8620918,7.9715667,29.400778,5.0568333,3.0183828,597.8153,160.73209,163.8062,4.083939784826913
O=[N+]([O-])N=CN=c1c2nc([N+](=O)[O-])[nH]c2nc([N+](=O)[O-])n1C=N[N+](=O)[O-],1.8515351,8.130336,30.459835,5.3451767,3.3336453,624.82355,324.56152,176.73505,4.75452003891421
Nn1nc(N[N+](=O)[O-])c2c(=O)n(C=N[N+](=O)[O-])c(=O)n([N+](=O)[O-])c21,1.8864267,8.187614,31.207747,5.040535,3.237556,645.20953,35.926197,144.67389,4.538151485308699
Nc1nc2c(=N[N+](=O)[O-])n(N)c(=O)n(N)c2n1[N+](=O)[O-],1.8571306,7.9673133,29.348164,4.696986,3.2410223,694.15607,156.6124,158.18414,4.2840471563381834
Nc1c([N+](=O)[O-])c([N+](=O)[O-])nn2nncc12,1.8063134,7.7747416,27.48975,5.371948,3.2991014,616.4851,361.3917,247.47145,3.5597667222177414
NC1=C([N+](=O)[O-])N(N[N+](=O)[O-])C(N[N+](=O)[O-])=C([N+](=O)[O-])C1=c1nnc(=C2N=NN=N2)n1N[N+](=O)[O-],1.8815972,8.598946,34.336575,5.9843655,3.906092,653.72156,695.3418,146.60248,5.0181832935585575
O=c1[nH]c(=O)n(C=N[N+](=O)[O-])c2c([N+](=O)[O-])nc(C=N[N+](=O)[O-])nc12,1.8365513,7.520559,25.920631,4.5185246,2.640994,587.80536,-33.40922,179.68222,4.29652081137756
Nc1nnc(C=N[N+](=O)[O-])n2c([N+](=O)[O-])c([N+](=O)[O-])nc12,1.8006761,7.994593,29.0083,5.5737076,3.4814017,624.7705,419.04575,187.01328,4.018085378673928
O=c1c([N+](=O)[O-])c([N+](=O)[O-])nc2n(N[N+](=O)[O-])c(C=N[N+](=O)[O-])nn12,1.9021004,8.54349,34.037487,5.804899,3.5868473,618.5109,240.49957,148.24881,4.267397390022795
Nc1c(O)nc2c(nnn2C=N[N+](=O)[O-])c1[N+](=O)[O-],1.834027,7.595972,26.479523,4.642962,2.8887482,624.8208,164.17374,199.41176,4.123246228592391
O=[N+]([O-])N=Cc1c([N+](=O)[O-])noc1[N+](=O)[O-],1.8461572,8.741327,35.05661,6.8300195,4.1651454,606.99207,222.0401,173.97754,4.057399024798881
O=c1c2[nH]c([N+](=O)[O-])nc2c(C=N[N+](=O)[O-])nn1[N+](=O)[O-],1.8726927,8.104826,30.550304,5.364513,3.2158701,600.3028,166.58578,148.82222,4.251551312739862
O=c1[nH]c(=N[N+](=O)[O-])c2c(nc([N+](=O)[O-])n2C=N[N+](=O)[O-])n1N[N+](=O)[O-],1.9077919,8.482654,33.603012,5.408348,3.4604235,641.9856,148.78314,145.11957,4.653907750333225
N=c1c2nc([N+](=O)[O-])n(N[N+](=O)[O-])c2nc(N[N+](=O)[O-])n1N,1.8650751,8.327205,32.147236,5.386804,3.6419582,679.7591,338.85666,141.12466,4.188664736497103
Nc1nc2c(=NN[N+](=O)[O-])n(N)c(=O)n([N+](=O)[O-])c2n1N[N+](=O)[O-],1.8865509,8.384939,32.746788,5.1572404,3.5578976,693.05133,192.18204,152.4737,4.557896540253754
Nn1c([N+](=O)[O-])nc2c(nc(C=N[N+](=O)[O-])n2[N+](=O)[O-])c1=O,1.8654797,8.160548,30.797031,5.395189,3.3467314,622.04504,217.79288,145.17484,4.2237169911390104
Nc1nc2c(=O)n(N[N+](=O)[O-])c(=O)n(C=N[N+](=O)[O-])c2[nH]1,1.8188182,7.4223127,25.198658,4.0647035,2.6104503,646.7263,-116.96448,160.69878,4.24712796109151
Nc1nc([N+](=O)[O-])nc2c(=NC=N[N+](=O)[O-])n(N[N+](=O)[O-])c([N+](=O)[O-])nc12,1.8461435,8.137508,30.528366,5.31399,3.386747,639.2011,338.45523,139.09016,4.4670701926072525
O=[N+]([O-])N=Cc1noc(-c2nc3nnnn3c([N+](=O)[O-])c2[N+](=O)[O-])n1,1.8536885,8.193975,30.932037,5.8987193,3.4544005,584.831,620.56537,204.02644,3.953680667614771
O=c1c2c(nc(C=N[N+](=O)[O-])n2[N+](=O)[O-])n(N[N+](=O)[O-])c(=O)n1O,1.8977045,8.311233,32.21664,5.313592,3.3084316,624.0366,-49.81422,141.09088,4.457037199594414
O=c1oc2cc(O)c(O)c([N+](=O)[O-])c2o1,1.7800422,6.2507186,17.479918,3.0488532,1.4790666,491.62396,-810.2263,305.40167,3.182101580342378
O=c1n(C=N[N+](=O)[O-])c2[nH]c([N+](=O)[O-])nc(=NO)c2n1C=N[N+](=O)[O-],1.8510569,7.8877563,28.656776,4.868301,3.032314,625.57367,58.571583,179.28534,4.854913463501557
Nc1nc([N+](=O)[O-])c(N[N+](=O)[O-])c2[nH]nnc12,1.7906865,7.6758027,26.760098,4.877904,3.1872892,655.9025,284.95593,143.94026,3.7643853109375467
N=[N+]([O-])N=Cn1c([N+](=O)[O-])nc2nc([N+](=O)[O-])n(N[N+](=O)[O-])c2c1=NN,1.8494811,8.362665,32.22638,5.62539,3.7418435,667.44507,485.475,141.34114,4.789941195149279
O=[N+]([O-])N=Cc1nc([N+](=O)[O-])n2nc(N[N+](=O)[O-])nc2n1,1.8416305,8.301037,31.727081,5.653475,3.6072023,638.7044,465.27213,133.98856,4.109484915978729
NN=c1c2c(nc([N+](=O)[O-])n2N[N+](=O)[O-])[nH]c(=O)n1C=N[N+](=O)[O-],1.8480611,8.030784,29.687817,4.9550476,3.2495391,659.5418,169.20758,145.04869,4.531953236682326
O=c1n(C=N[N+](=O)[O-])c(=NN[N+](=O)[O-])n2c([N+](=O)[O-])c(C=N[N+](=O)[O-])nc2n1C=N[N+](=O)[O-],1.8600764,8.297405,31.730125,5.452445,3.4547887,635.40393,246.6611,149.35077,5.153812024419099
O=c1n([N+](=O)[O-])nc([N+](=O)[O-])c2c(C=N[N+](=O)[O-])nc(C=N[N+](=O)[O-])n12,1.8735714,8.308466,32.011578,5.716535,3.4486136,603.1769,275.9939,147.59062,4.635715108192757
O=c1[nH]c2c(=NC=N[N+](=O)[O-])n(C=N[N+](=O)[O-])c([N+](=O)[O-])nc2n1N[N+](=O)[O-],1.8707993,8.203401,31.146135,5.204969,3.315293,639.42224,171.00641,151.21834,4.838672775431894
O=c1c2c(C=N[N+](=O)[O-])nn([N+](=O)[O-])c2n2ncnc2n1[N+](=O)[O-],1.8654802,8.043559,30.047783,5.4248524,3.229516,595.85443,368.94394,135.71158,4.473562508132031
Nn1nnc2c1c(=NC=N[N+](=O)[O-])n(N[N+](=O)[O-])c(=O)n2[N+](=O)[O-],1.8820212,8.5608225,34.052654,5.6364875,3.790622,674.4109,391.64023,137.99791,4.814001553990018
O=[N+]([O-])N=Cc1nc(N[N+](=O)[O-])c2c([N+](=O)[O-])nc([N+](=O)[O-])nc2n1,1.8357478,8.096929,30.127888,5.5857267,3.3671207,603.08673,343.96335,129.06259,4.089648939965391
Nn1c([N+](=O)[O-])nc2c(=NC=N[N+](=O)[O-])n([N+](=O)[O-])c(=O)n(N[N+](=O)[O-])c21,1.9054087,8.591561,34.562027,5.6069283,3.6715834,656.7048,248.10684,144.96701,4.749234304199884
N=c1[nH]c(C=N[N+](=O)[O-])nc2c1n([N+](=O)[O-])c(=O)n2N[N+](=O)[O-],1.8548526,8.03954,29.86031,5.078437,3.2333968,639.9208,133.58682,150.61919,4.693224766668663
O=[N+]([O-])N=Cc1nc(C=N[N+](=O)[O-])n([N+](=O)[O-])c2nnnc1-2,1.8235036,8.236728,31.070665,6.092128,3.7512376,615.44257,640.25476,123.91426,4.608039511032911
N=c1c2c(C=N[N+](=O)[O-])c(N)n(N[N+](=O)[O-])c2nc([N+](=O)[O-])n1[N+](=O)[O-],1.860658,8.180587,30.930437,5.428328,3.4721215,641.9293,256.11874,141.89223,4.551995779056421
Nc1c(C=N[N+](=O)[O-])c2c(nc([N+](=O)[O-])n3nnnc23)n1N[N+](=O)[O-],1.8344066,7.9901905,29.316002,5.4026356,3.404752,632.1026,549.44037,148.503,4.304973408122343
O=[N+]([O-])N=Cc1nc(C=N[N+](=O)[O-])c2nc([N+](=O)[O-])n3nc([N+](=O)[O-])cc3c2n1,1.7892886,7.59593,26.131077,5.385386,3.0666475,569.7642,470.53873,167.45232,4.461359176633202
Nc1c(O)n2n(c1=O)C(=O)N([N+](=O)[O-])C2=CC=N[N+](=O)[O-],1.8029201,7.331011,24.436926,4.252772,2.6143782,618.21497,-257.85275,154.95671,4.388477186865736
O=c1[nH]n(C=N[N+](=O)[O-])c2c(O)c3cc(O)oc3c(N[N+](=O)[O-])c12,1.766492,6.778518,20.659042,3.921825,2.1984909,563.8524,-429.13943,151.48193,4.4161329223332135
Nc1c(O)oc2nc([N+](=O)[O-])oc12,1.8002772,6.946951,21.865961,3.780929,2.1512241,572.33435,-370.7816,287.1906,4.1206428269319035
Nc1[nH]nc2nnn(N[N+](=O)[O-])c12,1.7786108,7.900478,28.26771,5.0364275,3.6402454,726.8733,443.5502,164.12881,4.076993596162671
O=c1c([N+](=O)[O-])c(C=N[N+](=O)[O-])n2cc([N+](=O)[O-])nc2n1[N+](=O)[O-],1.8844653,8.241435,31.638008,5.6541295,3.330171,588.10547,121.57086,142.06615,4.139208628165841
O=[N+]([O-])N=Cc1c([N+](=O)[O-])nnc2c([N+](=O)[O-])c(N[N+](=O)[O-])nn12,1.8932761,8.664706,35.04231,6.2962785,3.9096334,619.4832,529.4499,131.70796,4.048889053990019
O=[N+]([O-])c1coc2c([N+](=O)[O-])onc12,1.8269957,7.9534144,28.87609,6.0426927,3.2585447,534.5679,39.81699,280.91608,3.511810950064607
Nn1c([N+](=O)[O-])nc2c(nc([N+](=O)[O-])n2Cn2nnc([N+](=O)[O-])n2)c1=N[N+](=O)[O-],1.8784688,8.409069,32.87372,5.5463142,3.6152704,652.9697,494.2004,149.86494,4.129425276550812
Nn1c([N+](=O)[O-])nc2nc([N+](=O)[O-])n(C=N[N+](=O)[O-])c(=O)c21,1.8617762,8.043443,29.899189,5.1297708,3.1896074,623.48615,153.11969,180.38637,4.2347222961788
Nc1c([N+](=O)[O-])c(=O)n2c(C=N[N+](=O)[O-])nnc2n1N[N+](=O)[O-],1.8581305,8.142457,30.620619,5.264861,3.3689466,641.4793,233.58432,150.57379,4.249510012570303
Nc1nn(C=N[N+](=O)[O-])c(=O)c2nnc([N+](=O)[O-])n12,1.8304644,7.9265456,28.784006,4.972267,3.1994953,645.3145,267.59418,189.6446,4.1621566358322095
O=c1c2c(n(C=N[N+](=O)[O-])c(=O)n1C=N[N+](=O)[O-])n(C=N[N+](=O)[O-])c(=O)n2C=N[N+](=O)[O-],1.8502494,7.8258753,28.187365,4.736337,2.9000573,614.72394,-88.09338,168.62224,5.078830416280317
Nc1c([N+](=O)[O-])c2c([N+](=O)[O-])nn(N)c2n1C=N[N+](=O)[O-],1.8478323,8.119698,30.360096,5.4003897,3.5364091,656.96136,294.95746,198.06662,4.28956278127133
Nc1nc([N+](=O)[O-])c2nc(N)n([N+](=O)[O-])c2n1,1.8140012,7.5165076,25.925179,4.3468423,2.8303142,654.82697,158.16757,172.60378,3.650383504917479
Nc1nnc2n([N+](=O)[O-])c(=O)c(C=N[N+](=O)[O-])c(N[N+](=O)[O-])n12,1.8542125,8.108222,30.312204,5.188447,3.3367026,645.078,212.15475,132.87799,4.304309003743065
O=c1c2cnc([N+](=O)[O-])n2nc([N+](=O)[O-])n1C=N[N+](=O)[O-],1.8366054,7.9914722,29.26686,5.368832,3.212016,599.2926,187.23969,178.9549,4.118015049003597
O=c1n(C=N[N+](=O)[O-])c(=NC=N[N+](=O)[O-])c2[nH]nnc2n1C=N[N+](=O)[O-],1.8252707,7.8783617,28.343803,4.9615474,3.1666794,640.0729,318.90036,173.77658,5.114160150352068
O=[N+]([O-])N=CN1C(N[N+](=O)[O-])=C(N[N+](=O)[O-])C(=C2N=NN=N2)C(N[N+](=O)[O-])=C1[N+](=O)[O-],1.8918054,8.708095,35.297478,6.1116834,3.983054,652.3427,581.2326,138.54697,4.945592304158468
Nn1c(=O)n(N[N+](=O)[O-])c2nc(N[N+](=O)[O-])n(N[N+](=O)[O-])c(=O)c21,1.888335,8.362755,32.54196,5.1446877,3.449792,674.0948,34.270054,145.39888,4.2549119248691385
Nc1nc([N+](=O)[O-])nc2c1nc([N+](=O)[O-])n2N,1.8086754,7.5899205,26.303844,4.598059,2.9811285,651.13293,210.11847,270.95053,3.475989658763633
Nn1c(=O)cnc2c(nc([N+](=O)[O-])n2[N+](=O)[O-])c1=NN[N+](=O)[O-],1.8604767,8.164495,30.82331,5.377166,3.4122593,637.34186,269.67712,141.21713,4.1833503656598365
Nc1nc(-n2c(C=C[N+](=O)[O-])nn([N+](=O)[O-])c2=O)n([N+](=O)[O-])c(=O)c1[N+](=O)[O-],1.8327502,7.914813,28.698088,5.065455,3.0943117,612.5948,-43.791775,145.41829,4.181038735389745
O=CC1=c2c(=O)[nH]c(=O)n([N+](=O)[O-])c2=CN(N[N+](=O)[O-])C1=C1N=NN=N1,1.8350946,7.3880806,25.128592,4.494598,2.6309733,588.18414,111.32764,149.27313,4.643375318282729
Nc1nc2[nH]c(=O)n(N)c(=NN[N+](=O)[O-])c2n1[N+](=O)[O-],1.8463037,7.7786694,27.875929,4.4144382,3.0156784,688.3114,92.03824,168.28442,4.289628422387084
O=[N+]([O-])N=CN=c1c2ncn(N[N+](=O)[O-])c2nc([N+](=O)[O-])n1[N+](=O)[O-],1.8672223,8.445407,32.975586,5.857457,3.7188473,635.5284,408.74783,126.61812,4.56415869886321
O=c1c(C=N[N+](=O)[O-])cnc2n([N+](=O)[O-])c([N+](=O)[O-])nn12,1.8333154,7.9967694,29.315527,5.4739146,3.2600021,596.9799,208.64444,119.456406,4.169379334717884
Nn1c(=O)cc([N+](=O)[O-])n2nnnc12,1.7921227,7.5920863,25.970177,4.8813868,3.110636,640.89056,279.19473,277.99277,3.4886077111982114
Nc1nc([N+](=O)[O-])c2nc(C=N[N+](=O)[O-])n(N)c(=N[N+](=O)[O-])c2n1,1.7954638,7.774862,27.452738,5.083013,3.2671764,644.736,376.21524,153.98114,4.279782323220788
Nc1nc2c(=NC=N[N+](=O)[O-])n(N[N+](=O)[O-])c([N+](=O)[O-])nc2n1[N+](=O)[O-],1.8746947,8.421827,32.888874,5.538659,3.622199,655.71515,348.09372,139.59232,4.686402064714498
Nc1nc(N[N+](=O)[O-])c2nc([N+](=O)[O-])nc-2n1N,1.8195999,7.725296,27.46186,4.67023,3.148907,677.7939,262.40543,155.95567,3.782267349068838
O=[N+]([O-])N=Cc1c([N+](=O)[O-])c([N+](=O)[O-])c(C=N[N+](=O)[O-])c2c1nnn2[N+](=O)[O-],1.8647659,8.39907,32.619926,6.2902017,3.7012215,586.3534,439.09238,133.35681,4.464585923041041
N=c1c2nc([N+](=O)[O-])n(CO[N+](=O)[O-])c2nc([N+](=O)[O-])n1C=N[N+](=O)[O-],1.8478065,8.160496,30.701836,5.372713,3.3867385,631.72473,106.357666,144.18889,4.345670292139247
O=[N+]([O-])N=Cc1nc2c3c([N+](=O)[O-])nn(C=N[N+](=O)[O-])c3nc(C=N[N+](=O)[O-])n2c1[N+](=O)[O-],1.829628,8.006306,29.351437,5.61509,3.3318684,593.6252,475.12766,171.48973,4.852062998725691
O=[N+]([O-])c1[nH]nnc1O,1.8099228,8.021384,29.112219,4.8806286,3.3047864,678.6328,-6.5792823,316.6332,3.835156853379403
Nn1c(=O)n(N[N+](=O)[O-])c(=NN[N+](=O)[O-])c2nc(N[N+](=O)[O-])n([N+](=O)[O-])c21,1.9261355,8.79705,36.29319,5.682529,3.8565273,681.6063,253.09009,147.25186,4.616582299866191
O=c1c2c(nnn2C=N[N+](=O)[O-])c([N+](=O)[O-])nn1C=N[N+](=O)[O-],1.8524219,8.223403,31.194506,5.626937,3.4745662,618.47736,393.03183,170.45476,4.588333817638846
Nc1nc2c(c(=N[N+](=O)[O-])n(N[N+](=O)[O-])c(=O)n2N)n1[N+](=O)[O-],1.8940452,8.417212,32.983734,5.2383766,3.550022,681.46466,173.05933,149.06065,4.389742080666141
[N-]=[N+]=Nc1c(N)[nH]c2c([N+](=O)[O-])n3c(=O)c(C=N[N+](=O)[O-])c(N)nc3nc12,1.7477694,6.8385386,20.908186,3.9921885,2.382019,598.5706,277.141,221.1526,4.360214897559834
Nn1c(=NN[N+](=O)[O-])c2nc3c(nc2n(N[N+](=O)[O-])c1=O)n([N+](=O)[O-])c(=O)n3[N+](=O)[O-],1.9383011,8.5056,34.227127,5.282629,3.386723,643.2208,187.50952,146.56563,4.621641414671815
O=c1[nH]c2nc([N+](=O)[O-])n(N[N+](=O)[O-])c2c(=NNC=N[N+](=O)[O-])n1[N+](=O)[O-],1.89098,8.484398,33.443913,5.469374,3.5718277,656.0863,229.9194,141.10898,4.645841346453406
O=[N+]([O-])N=CN=c1c2c(nc([N+](=O)[O-])n1C=N[N+](=O)[O-])nc([N+](=O)[O-])n2N[N+](=O)[O-],1.8735919,8.533,33.719948,5.903109,3.7523305,636.3678,418.3455,134.0693,4.90778730196896
Nc1nnc2n(N[N+](=O)[O-])c(=O)n(N)n12,1.7922312,7.9047527,28.388868,4.6862707,3.4429502,737.4537,249.8735,164.02464,4.1692111957269935
Nc1nc2c(c([N+](=O)[O-])c([N+](=O)[O-])n2N[N+](=O)[O-])c(=N[N+](=O)[O-])n1N,1.8752768,8.47823,33.274685,5.684828,3.7555947,663.4949,288.85278,142.5765,4.154778100081967
O=[N+]([O-])N=Cc1nc2c(=[N+]([O-])[O-])n(C=N[N+](=O)[O-])nc(C=N[N+](=O)[O-])c2c2nn[nH]c12,1.8078884,7.779453,27.564104,5.449025,3.2432718,595.39606,593.76843,174.72307,5.130014653828641
Nc1nc2c([N+](=O)[O-])nn(C=N[N+](=O)[O-])c2c(=NN[N+](=O)[O-])n1N[N+](=O)[O-],1.8589941,8.434219,32.81471,5.6236663,3.7487216,669.0147,418.43698,158.67747,4.735654807991867
O=c1c2c([N+](=O)[O-])nnn2ncn1[N+](=O)[O-],1.8821275,8.3762245,32.748894,5.707995,3.512235,614.8242,282.712,141.32515,4.0119080460102285
O=c1n(C=N[N+](=O)[O-])c2c(=N[N+](=O)[O-])n([N+](=O)[O-])c(C=N[N+](=O)[O-])nc2n1N[N+](=O)[O-],1.8908662,8.591763,34.30766,5.8088684,3.6873035,636.01215,282.0026,130.26256,4.9768915084804455
Nn1c2nc(=O)n([N+](=O)[O-])c-2nc2c1c(=O)n(C=N[N+](=O)[O-])c(=O)n2N[N+](=O)[O-],1.8894908,7.896664,29.14713,4.6484413,2.8678002,619.5518,-18.12689,152.2168,4.56630068575699
Nc1nc(N[N+](=O)[O-])nc([N+](=O)[O-])c1N,1.803769,7.7273483,27.296316,4.5547996,3.1631174,697.9727,73.39908,144.9069,3.421489331821668
N=c1c2nc(C=NO[N+](=O)[O-])n([N+](=O)[O-])c2n(N)c(=O)n1[N+](=O)[O-],1.8805734,8.3215885,32.17755,5.4733944,3.4947603,640.57214,177.9321,143.81262,4.633962474319689
NN=c1c2c(n(N[N+](=O)[O-])c(=O)n2N[N+](=O)[O-])n([N+](=O)[O-])c(=O)n1C=N[N+](=O)[O-],1.9117979,8.56664,34.3431,5.400252,3.5896053,666.89294,105.085205,149.49815,4.892451358768188
Nc1c(N[N+](=O)[O-])nc(N)c2c1nc([N+](=O)[O-])n2[N+](=O)[O-],1.8454282,7.9023614,28.872658,4.940805,3.1995256,649.9205,162.9505,158.73091,3.916111872180421
NN=c1c2c([N+](=O)[O-])nc(N)nc2n(N[N+](=O)[O-])c(=O)n1N,1.7919219,7.5241957,25.71931,4.3710394,2.9733484,684.0868,148.13849,159.39284,4.022685160900284
Nn1nc(C=N[N+](=O)[O-])c2nc3c(=O)n4c([nH]c3nc21)c(C=N[N+](=O)[O-])c1nnc(C=N[N+](=O)[O-])n14,1.7836243,7.2293963,23.690353,4.5924335,2.7154546,593.54443,509.1736,184.47769,4.998898032540226
O=[N+]([O-])N=Cc1nc2c(nc([N+](=O)[O-])n3nc([N+](=O)[O-])nc23)n1C=N[N+](=O)[O-],1.8526224,8.06121,30.003588,5.506579,3.2935755,597.52277,493.566,177.86989,4.56944094547238
Nc1nc(N[N+](=O)[O-])n(N)c2nc([N+](=O)[O-])nc1-2,1.8059096,7.686989,27.073486,4.667339,3.1455784,677.7323,263.88962,144.45468,3.765046195222684
Nn1c(=O)n([N+](=O)[O-])c2c1c(=O)n(N)c1nnc(N[N+](=O)[O-])n12,1.8598266,7.9009795,28.934425,4.7108927,3.0911884,659.75116,167.34161,147.47623,4.153236115975095
O=C1N=C([N+](=O)[O-])NC1=C1N=NN=N1,1.8271515,7.718428,27.30064,4.8193426,2.969422,618.9991,302.70493,273.75894,4.32474330758563
Nn1nnc2c(c([N+](=O)[O-])nn2C=N[N+](=O)[O-])c1=O,1.8425547,8.057434,29.845966,5.276472,3.3830101,642.68146,341.4534,192.81546,4.320423604158002
Nc1c(C=N[N+](=O)[O-])n2c(=O)n(N)nc2n1[N+](=O)[O-],1.8357803,7.913404,28.755983,4.8541737,3.2516258,673.8803,180.47122,161.32964,4.500314789678363
O=c1[nH]c2c(c(=N[N+](=O)[O-])n1C=N[N+](=O)[O-])n(N[N+](=O)[O-])c(=O)n2C=N[N+](=O)[O-],1.8891206,8.225267,31.441093,5.0425944,3.2186997,641.6899,11.134906,148.65532,4.934687498943802
O=c1[nH]c2nc([N+](=O)[O-])n([N+](=O)[O-])c2c(=NC=N[N+](=O)[O-])n1N[N+](=O)[O-],1.8955129,8.4522705,33.185722,5.4761987,3.4872942,639.1599,159.29266,140.02078,4.609096379095768
NN=c1c2nc([N+](=O)[O-])cn2cnn1[N+](=O)[O-],1.7820057,7.753176,27.190794,5.298567,3.3942928,643.47797,372.34048,147.42769,4.085372267459286
Nn1c([N+](=O)[O-])c([N+](=O)[O-])n2nc(C=N[N+](=O)[O-])c([N+](=O)[O-])c12,1.8816217,8.611842,34.43768,6.295329,3.9445367,626.1205,393.42545,196.82559,4.164894388358449
O=[N+]([O-])NN=c1c2ncn(N[N+](=O)[O-])c2nc([N+](=O)[O-])n1N[N+](=O)[O-],1.8851261,8.675693,34.915665,5.928025,3.9329681,665.6473,426.64114,138.88103,4.445805082330487
O=[N+]([O-])N=Cc1cc2n([N+](=O)[O-])c([N+](=O)[O-])nn2n1,1.7905211,8.241475,30.626257,6.2411737,3.8512194,617.3478,434.8605,132.21046,4.468438988773386
Nn1c(=O)n(N[N+](=O)[O-])c(=O)c2[nH]c(C=N[N+](=O)[O-])nc21,1.8087963,7.5813136,26.15804,4.5186524,2.8917382,643.91864,-13.764249,158.65445,4.230361752300302
Nn1c(=O)c(C=N[N+](=O)[O-])nc2nnc(=O)n([N+](=O)[O-])c21,1.8427851,7.8913145,28.69874,5.084456,3.1410165,619.39954,235.10156,141.49095,4.364943895157444
NN=c1n([N+](=O)[O-])c(N)c(N)c(=O)n1N[N+](=O)[O-],1.8323696,8.0362,29.574589,4.7469497,3.4332292,727.7791,49.879,154.34679,4.263560910941748
Nc1nc([N+](=O)[O-])n2nc([N+](=O)[O-])cc2n1,1.7476008,7.3799415,24.227983,4.7684674,2.939843,620.49316,210.93854,251.09773,3.3531144860817843
Nc1c(N[N+](=O)[O-])nn2c(N)c([N+](=O)[O-])nc2c1[N+](=O)[O-],1.8714161,8.087847,30.54556,5.1281624,3.336846,653.2616,221.63623,150.84492,3.6815127113412593
O=[N+]([O-])N=Cn1nc(N[N+](=O)[O-])c([N+](=O)[O-])c1[N+](=O)[O-],1.8749669,9.020942,37.68701,6.668891,4.3768525,655.7587,334.17676,125.10034,4.145037097166586
Nn1cnc2c(N[N+](=O)[O-])c([N+](=O)[O-])[nH]c(=NN[N+](=O)[O-])c21,1.8144242,7.9572444,28.900217,5.2845764,3.4876902,662.69604,297.6041,142.04007,4.36558698169784
O=[N+]([O-])N=CN=c1c2nc([N+](=O)[O-])n(N[N+](=O)[O-])c2nc(C=N[N+](=O)[O-])n1[N+](=O)[O-],1.8764621,8.594926,34.243336,6.033971,3.824601,634.48047,475.1511,131.49081,4.906484032738192
O=c1n(C=N[N+](=O)[O-])c2c(C=N[N+](=O)[O-])c3c([N+](=O)[O-])n[nH]c3nc2n1N[N+](=O)[O-],1.8433106,7.884526,28.61426,5.121442,3.096568,606.9982,240.59775,154.26088,4.6859133489775076
Nc1nc2c([N+](=O)[O-])nc([N+](=O)[O-])c(C=N[N+](=O)[O-])n2n1,1.822196,7.9553657,28.930939,5.326836,3.3139358,623.86646,343.55032,189.00835,3.900716972080521
NN=c1c2cc(C=N[N+](=O)[O-])n([N+](=O)[O-])c2n(N[N+](=O)[O-])c(=O)n1N,1.7975255,7.849623,27.867458,5.2023487,3.4048893,657.7652,223.67856,150.89473,4.700471515896924
Nn1nc([N+](=O)[O-])n2ncc([N+](=O)[O-])c2c1=O,1.8238215,7.8745294,28.306879,5.26741,3.2339652,615.68695,192.01205,249.29472,3.5218911972251723
Nc1nc2[nH]c(N[N+](=O)[O-])nc2c([N+](=O)[O-])c1[N+](=O)[O-],1.8581581,7.8456464,28.553574,4.8130426,3.0146275,628.99896,99.453094,179.13623,3.453127406421916
O=c1[nH]c(=NC=N[N+](=O)[O-])c2nc([N+](=O)[O-])n(C=N[N+](=O)[O-])c2n1C=N[N+](=O)[O-],1.8556358,7.9688015,29.238094,4.984201,3.108077,626.07227,170.11526,171.55463,5.113735927438385
Nn1c([N+](=O)[O-])nc2c(c1=NC=N[N+](=O)[O-])c(=O)n(N[N+](=O)[O-])c(=O)n2C=N[N+](=O)[O-],1.863392,8.075295,30.118393,5.0197997,3.1985917,639.3689,67.341644,155.27391,4.851533159512341
N=c1c2nc([N+](=O)[O-])n(C=N[N+](=O)[O-])c2nc([N+](=O)[O-])n1C=N[N+](=O)[O-],1.8565631,8.145556,30.606285,5.4080844,3.362268,622.6563,322.77783,179.18814,4.699523803844932
Nn1nc([N+](=O)[O-])c2c1nc(N[N+](=O)[O-])n1c(N[N+](=O)[O-])c([N+](=O)[O-])nc21,1.8766452,8.304998,32.04949,5.4888277,3.5093951,641.0142,376.7988,150.36108,4.157866346453407
Nn1nc(N[N+](=O)[O-])[nH]c1=O,1.8276607,8.079827,29.955019,4.518895,3.3852,754.2713,24.998781,162.0314,3.9462661187905983
Nc1nc(N[N+](=O)[O-])[nH]c2nnnc1-2,1.7491193,7.2897744,23.878717,4.2252502,2.9355657,696.96814,339.11258,167.8249,3.7224285146862215
Nc1nc([N+](=O)[O-])c([N+](=O)[O-])c2c1nnn2C=N[N+](=O)[O-],1.8177367,7.98012,29.00545,5.436164,3.3852484,624.31,373.17374,197.2121,4.022879609443158
O=[N+]([O-])N=CN=C1C(=N[N+](=O)[O-])N=C2N(N[N+](=O)[O-])C([N+](=O)[O-])=C([N+](=O)[O-])N12,1.9017401,8.879103,36.746994,6.3044806,4.044877,642.0861,444.49814,136.52779,5.033327918883037
Nc1nc(OC=N[N+](=O)[O-])c2c(n1)c([N+](=O)[O-])nn2[N+](=O)[O-],1.8246697,7.9854307,29.144974,5.265562,3.2798362,624.6977,179.05603,147.52953,4.260762209859508
Nc1cc([N+](=O)[O-])c(Nc2c([N+](=O)[O-])c(=O)n([N+](=O)[O-])c3nc(C=N[N+](=O)[O-])nn23)o1,1.8355873,7.751061,27.603817,4.998692,2.980711,598.23016,73.62541,174.6782,4.436207318060228
Nn1c([N+](=O)[O-])cc2nc([N+](=O)[O-])n([N+](=O)[O-])c(=NC=N[N+](=O)[O-])c21,1.829396,8.166845,30.510437,5.7789364,3.6003008,624.53284,343.25595,124.69934,4.499477809603215
Nc1c(=O)nc(N[N+](=O)[O-])n2c(N[N+](=O)[O-])nn(N)c12,1.8166066,7.7395086,27.341318,4.545915,3.1101816,688.5377,139.85254,156.06612,4.134653386102613
Nc1nc(C=N[N+](=O)[O-])nc2c(=NN[N+](=O)[O-])oc(O)nc12,1.7945244,7.306276,24.199928,4.286336,2.644595,620.4144,8.03873,163.50694,4.458685664879065
O=c1c(C=N[N+](=O)[O-])c([N+](=O)[O-])nc2nc([N+](=O)[O-])nc(C=N[N+](=O)[O-])n12,1.8362163,7.9242883,28.784983,5.288088,3.1119895,589.0324,190.16904,163.83563,4.384050961838021
O=[N+]([O-])N=Cc1c([N+](=O)[O-])nn2c([N+](=O)[O-])ncc([N+](=O)[O-])c12,1.8460572,8.174765,30.76536,5.9855137,3.498581,583.0613,340.0768,180.22345,3.9124810087872
Nn1c([N+](=O)[O-])nc2[nH]c(=O)n(C=N[N+](=O)[O-])c(=NN[N+](=O)[O-])c21,1.8457344,8.020756,29.562822,4.942968,3.243759,659.8585,160.44113,155.22266,4.541394582836171
Nn1c([N+](=O)[O-])nc2c([nH]c(=O)n2C=N[N+](=O)[O-])c1=NN[N+](=O)[O-],1.8701307,8.040576,29.929068,4.8577375,3.1725347,656.8163,132.89838,163.29138,4.549855880913095
O=[N+]([O-])N=C=NN[N+](=O)[O-],1.833976,9.390229,40.045383,7.2360845,5.1349187,712.60254,342.28586,139.91571,4.976074100403324
N=c1c2nc([N+](=O)[O-])n([N+](=O)[O-])c2ncn1N[N+](=O)[O-],1.8667289,8.299246,31.953625,5.615429,3.5768063,638.5855,321.27393,137.31091,4.141741049382729
O=c1c2nc(C=N[N+](=O)[O-])n(N[N+](=O)[O-])c2n(N[N+](=O)[O-])c(=O)n1N[N+](=O)[O-],1.8853266,8.47255,33.24755,5.494252,3.551958,649.4218,96.245026,145.39624,4.66752376087888
NN=c1c2nnn([N+](=O)[O-])c2nc(N)n1N[N+](=O)[O-],1.8484886,8.271785,31.583157,5.270677,3.7121055,707.8045,488.10916,154.18875,4.3619267715788155
Nc1nc2c(n1N[N+](=O)[O-])n(C=N[N+](=O)[O-])c(=O)n2[N+](=O)[O-],1.8842338,8.308123,32.132843,5.129758,3.3977778,665.2226,119.730865,146.4436,4.572754656921505
O=[N+]([O-])N=Cc1c([N+](=O)[O-])nc2ncnn2c1[N+](=O)[O-],1.8123584,7.937354,28.67979,5.6243987,3.3473432,595.6752,389.97397,183.05045,3.854672205647848
Nc1nc([N+](=O)[O-])c2c(n1)nc(N)n2[N+](=O)[O-],1.7620329,7.3631873,24.34943,4.3845487,2.844532,652.1925,161.26624,144.88864,3.638315812609786
O=c1[nH]c2[nH]c([N+](=O)[O-])nc2c(=NN[N+](=O)[O-])n1C=N[N+](=O)[O-],1.8805153,7.9832997,29.622776,4.753682,3.0265155,640.2058,76.74248,157.65605,4.6130849342641564
O=[N+]([O-])N=Cc1c([N+](=O)[O-])n2c([N+](=O)[O-])nnc2n1C=N[N+](=O)[O-],1.8639013,8.517701,33.471077,6.1178207,3.8157954,622.6889,453.55984,177.18935,4.546848669374635
NN=c1c2c(nc([N+](=O)[O-])n1[N+](=O)[O-])n(C=N[N+](=O)[O-])c(=O)n2N[N+](=O)[O-],1.894494,8.4948,33.601055,5.517948,3.58917,653.00916,225.4696,131.82896,4.689309710483743
Nc1[nH]nc2c1c([N+](=O)[O-])nn2N,1.7662519,7.4478197,25.062826,4.3986278,3.1749902,725.3545,298.72318,307.56024,3.7403404093494856
Nn1c(=O)n([N+](=O)[O-])c2nc3c(c(C=N[N+](=O)[O-])nn3[N+](=O)[O-])c(C=N[N+](=O)[O-])c21,1.869191,8.061381,30.206785,5.4075737,3.26488,605.58026,333.92136,148.79298,4.805547301968961
Nc1nc2c([N+](=O)[O-])nnn2c(N)c1N=N[N+](=O)[O-],1.8339902,7.9129353,28.747725,4.919327,3.2791557,669.84485,423.05515,187.13293,4.047795549859359
Nc1c(N[N+](=O)[O-])c([N+](=O)[O-])nc2c1nc([N+](=O)[O-])n2N,1.8509158,8.018433,29.77503,5.158677,3.347957,651.0516,226.56378,143.72215,3.8896531309216797
Nc1nc2c(=O)n([N+](=O)[O-])nc(C=N[N+](=O)[O-])c2n1[N+](=O)[O-],1.8705298,8.152602,30.835806,5.328205,3.3096046,623.2579,207.42755,147.3218,4.404063144985164
NC(=NN=c1[nH][nH]c2nc3c([N+](=O)[O-])nn(C=N[N+](=O)[O-])c3c(=O)n2c1=N[N+](=O)[O-])N[N+](=O)[O-],1.8559874,8.055175,29.987122,5.0352483,3.2528827,648.4265,362.84842,162.10583,4.917414202790909
O=[N+]([O-])N=Cc1nnn2nc(C=N[N+](=O)[O-])n3c([N+](=O)[O-])c([N+](=O)[O-])nc3c12,1.8273935,8.11816,30.187187,5.841379,3.5003421,598.6281,610.20795,173.89767,4.633934872597885
Nn1nc([N+](=O)[O-])c2nonc21,1.8149809,8.410622,32.36253,6.3565555,4.1528935,654.10376,481.41495,284.77338,3.739295407561684
Nc1c(C=N[N+](=O)[O-])c(=O)n(N)c2nc([N+](=O)[O-])nn12,1.8086133,7.548331,25.91954,4.539281,2.9341846,650.073,149.50037,188.20161,4.025655418032947
N=c1c2c(nc(C=N[N+](=O)[O-])n2[N+](=O)[O-])n(N[N+](=O)[O-])c(=O)n1N[N+](=O)[O-],1.8876475,8.496393,33.55879,5.604769,3.64032,651.5164,216.3562,141.65843,4.74665033886944
N=c1[nH]c(=O)[nH]c2c1[nH]c(=O)n2N[N+](=O)[O-],1.8099391,6.828528,21.385174,3.1176777,2.0275285,653.9088,-252.28198,170.26102,4.068645076421677
Nc1cnc2c([N+](=O)[O-])n[nH]n2c1=O,1.7571453,6.885197,21.220875,3.9731803,2.4462316,618.8643,82.569244,295.0703,3.5038275492548907
Nn1c(=N[N+](=O)[O-])c2nc([N+](=O)[O-])n(N[N+](=O)[O-])c2n(C=N[N+](=O)[O-])c1=O,1.8999841,8.5595045,34.13141,5.5731955,3.646128,657.5115,240.52557,135.23706,4.685908627060123
Nn1c(N[N+](=O)[O-])nc2cnn([N+](=O)[O-])c2c1=O,1.8317629,7.888584,28.626743,5.071038,3.2513032,644.0834,192.81494,135.21092,3.8372856182996067
O=[N+]([O-])N=Cc1nc([N+](=O)[O-])c(C=N[N+](=O)[O-])n2nc([N+](=O)[O-])nc12,1.8353181,8.199899,30.85623,5.8567142,3.5289998,602.20734,437.1716,169.55428,4.4251970455911085
O=c1[nH]n2cnc([N+](=O)[O-])c2c(C=N[N+](=O)[O-])c1[N+](=O)[O-],1.8491399,7.8303986,28.281038,5.2730227,3.0837922,586.0474,128.69946,187.06706,4.03186230175085
Nc1nn(N)c2c1nc([N+](=O)[O-])n2[N+](=O)[O-],1.8063943,8.139146,30.189657,5.485088,3.7479818,685.2869,353.90445,160.78859,4.0662078160076724
O=c1[nH]c2nc([N+](=O)[O-])n(C=N[N+](=O)[O-])c2c(=O)n1N[N+](=O)[O-],1.8736427,8.009923,29.727175,4.845584,3.0127091,624.53125,-61.6216,151.4319,4.295576847374843
Nn1c(=O)[nH]c(=NN[N+](=O)[O-])c2c([N+](=O)[O-])nn(C=N[N+](=O)[O-])c21,1.8624628,8.13292,30.51633,5.093913,3.346817,661.07416,207.20877,155.68019,4.695454678990018
O=c1nc(C=N[N+](=O)[O-])nc2n([N+](=O)[O-])c([N+](=O)[O-])c(C=N[N+](=O)[O-])n12,1.8636982,8.227246,31.271559,5.5574727,3.35984,605.7616,219.24615,133.2626,4.602249556353292
O=c1nc(O)[nH]c2c(C=N[N+](=O)[O-])nn(C=N[N+](=O)[O-])c12,1.800461,7.2739716,23.991518,4.277735,2.5778267,606.19226,-15.905408,182.30582,4.527378843104234
Nn1nc([N+](=O)[O-])c2nc(C=N[N+](=O)[O-])c([N+](=O)[O-])n2c1=O,1.8647755,8.164641,30.786661,5.3866854,3.3530173,623.2594,225.28177,190.70302,4.211553861165537
O=[N+]([O-])N=Cc1c([N+](=O)[O-])nnc2nnn(N[N+](=O)[O-])c12,1.8406289,8.49641,33.145008,6.3141603,3.9890032,631.491,646.00916,130.34477,4.367698681160915
O=[N+]([O-])N=Cc1nnc2c([N+](=O)[O-])c([N+](=O)[O-])nc(N[N+](=O)[O-])n12,1.8664039,8.492249,33.37286,6.026563,3.748002,621.4805,438.34818,134.7747,4.135879678990018
Nn1nc([N+](=O)[O-])c2c(=O)n3c(N[N+](=O)[O-])c([N+](=O)[O-])n(N)c3nc21,1.8746248,8.017405,29.943916,5.008229,3.1906548,640.1471,193.4747,140.6153,4.100467320092727
O=c1c2cnn(C=N[N+](=O)[O-])c2nc2n(N[N+](=O)[O-])c([N+](=O)[O-])c([N+](=O)[O-])n12,1.850206,8.0306,29.673185,5.386136,3.221878,600.0231,231.69147,139.31227,4.283643236970354
Nc1nc2c(nc([N+](=O)[O-])n3c([N+](=O)[O-])cnc23)n1N[N+](=O)[O-],1.8284307,7.741485,27.562883,4.982251,3.071589,618.4461,304.50284,158.78545,3.9208040409639073
Nc1nc2c(nc([N+](=O)[O-])n2[N+](=O)[O-])c(=NN[N+](=O)[O-])n1C=N[N+](=O)[O-],1.886442,8.424615,33.02494,5.512322,3.5875487,653.03876,342.56107,146.19868,4.678780660032223
O=C1NN=C2Nc3nonc3OC2N1,1.7692872,6.8105817,20.880264,3.649909,2.2632222,623.40686,-17.433012,289.9952,4.802208797324442
N=c1c2c(nc([N+](=O)[O-])n1N)n(C=N[N+](=O)[O-])c(=O)n2[N+](=O)[O-],1.8869001,8.134912,30.933426,5.0260086,3.227074,644.33075,130.52429,152.02817,4.480436696050756
N=c1c2c(nc([N+](=O)[O-])n1C=N[N+](=O)[O-])n(N[N+](=O)[O-])c(=O)n2C=N[N+](=O)[O-],1.869869,8.209564,31.245014,5.2389097,3.33793,639.50116,168.1618,148.75749,4.860526047781166
Nc1nn([N+](=O)[O-])c2c(=N[N+](=O)[O-])n(N)c(N)nc12,1.8094623,7.828986,27.92527,4.840865,3.363377,698.5743,334.3231,163.28772,4.117194481986056
N=c1c2c(nc(N)n2[N+](=O)[O-])n(N[N+](=O)[O-])c(=O)n1N(C[N+](=O)[O-])[N+](=O)[O-],1.8658822,8.353216,32.33688,5.242819,3.5452,679.0848,61.294987,148.1565,4.660419807991867
O=[N+]([O-])N=Cn1nnc2nc3c(N[N+](=O)[O-])nnc([N+](=O)[O-])c3nc21,1.8352337,8.057194,29.97847,5.611115,3.421263,608.6069,696.2453,128.68303,4.298823142531157
O=[N+]([O-])N=Cc1nc(O)c([N+](=O)[O-])[nH]1,1.8090227,7.859286,28.02254,4.99342,3.1778536,637.8218,-49.872906,187.77122,4.185490149101701
Nn1c([N+](=O)[O-])nc2c(=N[N+](=O)[O-])n(C=N[N+](=O)[O-])c(=O)n(C=N[N+](=O)[O-])c21,1.8848838,8.304254,32.037712,5.3334446,3.409801,641.389,223.53918,156.64441,4.830365756720875
Nc1nc2c(ncn2[N+](=O)[O-])c(=O)n1N[N+](=O)[O-],1.8311625,7.7172017,27.371288,4.6281834,2.9727895,645.4274,85.42084,150.5975,3.957251002914992
NN=c1c2nc(C=N[N+](=O)[O-])n([N+](=O)[O-])c2n(N[N+](=O)[O-])c(=O)n1N[N+](=O)[O-],1.8800555,8.543077,33.82332,5.6782575,3.7648282,665.50055,305.83414,146.73676,4.83769299164811
Nc1c(N[N+](=O)[O-])c2ncnc([N+](=O)[O-])c2n1N[N+](=O)[O-],1.8134899,7.898357,28.502592,5.2643995,3.3738945,643.04755,269.67703,150.57245,3.931927686366236
Nc1nc2c(C=N[N+](=O)[O-])c([N+](=O)[O-])nc([N+](=O)[O-])n2n1,1.8227603,7.9330072,28.745117,5.274886,3.2833643,624.3705,320.41608,192.84935,3.902788950102499
Nc1nc2n([N+](=O)[O-])c([N+](=O)[O-])nn2c1C=N[N+](=O)[O-],1.8384428,8.273034,31.423738,5.6303053,3.6351392,647.6881,347.0632,132.08961,4.394942791037302
O=[N+]([O-])c1nc2[nH]ccn2c1[N+](=O)[O-],1.7491417,7.320826,23.857698,4.991181,2.9384694,591.39294,137.37015,267.225,3.711140909578777
O=[N+]([O-])N=Cc1nc2c(ncn3c(N[N+](=O)[O-])c([N+](=O)[O-])nc23)n1[N+](=O)[O-],1.8569945,8.072386,30.180965,5.53896,3.329377,601.31714,423.20895,137.69202,4.34660773212253
Nc1oc(O)nc1[N+](=O)[O-],1.8231549,7.3214145,24.307207,3.6557362,2.3686903,653.44434,-349.26157,316.74234,3.5821711418234425
N=c1c2c(ncn1C=N[N+](=O)[O-])c([N+](=O)[O-])nn2[N+](=O)[O-],1.8475573,8.077781,30.140848,5.508427,3.4229655,622.1611,353.80392,146.44601,4.400760928124477
Nn1cnc2c(nc([N+](=O)[O-])n2[N+](=O)[O-])c1=O,1.8331578,7.814816,28.118496,5.026169,3.1116788,621.7298,150.75964,132.54482,3.706260427994402
Nn1c(=NC=N[N+](=O)[O-])c2c(nc([N+](=O)[O-])n2[N+](=O)[O-])n(N)c1=O,1.866086,8.211918,31.228142,5.246925,3.451396,660.9315,237.80865,149.33342,4.592243793001006
Nn1c([N+](=O)[O-])nc2c(c1=NN[N+](=O)[O-])c(=O)n(C=N[N+](=O)[O-])c(=O)n2[N+](=O)[O-],1.8966298,8.306115,32.18374,5.1831694,3.3000395,638.89966,41.503803,140.71857,4.6722556097803345
N=c1c2nc([N+](=O)[O-])n(C=N[N+](=O)[O-])c2nc(N[N+](=O)[O-])n1[N+](=O)[O-],1.9020412,8.472431,33.574966,5.5971947,3.5696144,638.9153,324.8977,142.05093,4.512497390022796
Nc1[nH]c2nonc2c1[N+](=O)[O-],1.8267426,7.7039733,27.125393,5.0305815,3.1587608,630.955,212.7604,326.08633,3.619496806163083
Nc1nc([N+](=O)[O-])n(C=N[N+](=O)[O-])c(=O)c1[N+](=O)[O-],1.8678787,8.14247,30.65209,5.0937405,3.2253225,635.46893,-25.526472,189.73836,3.9009936844978297
Nc1c([N+](=O)[O-])c(=C2N=NN=N2)c([N+](=O)[O-])cc1=C1N=[N+]([O-])N1C=N[N+](=O)[O-],1.8163115,7.8398213,28.063751,5.519302,3.334968,603.55835,604.4153,189.2026,4.793287706605982
NN=c1c2c([nH]c(=O)n2N[N+](=O)[O-])c(N)nn1[N+](=O)[O-],1.8446922,7.880878,28.61599,4.6368637,3.1754959,689.3361,148.95593,158.06796,4.311852805551089
Nc1nc2c(=NN[N+](=O)[O-])n(N[N+](=O)[O-])c(=O)n(C=N[N+](=O)[O-])c2[nH]1,1.8481872,7.964249,29.203438,4.744768,3.1750846,673.20056,123.04791,161.48659,4.655882235028536
N=c1c2c(cc([N+](=O)[O-])n2N[N+](=O)[O-])n(C=N[N+](=O)[O-])c(=O)n1N[N+](=O)[O-],1.8511838,8.148934,30.541637,5.3608375,3.4079337,638.8078,114.9487,139.91237,4.6863064602128865
Nn1c(=O)n([N+](=O)[O-])c(=NC=N[N+](=O)[O-])c2c1nc([N+](=O)[O-])n2N[N+](=O)[O-],1.9024906,8.576752,34.330685,5.6280303,3.679694,656.469,249.79276,130.07153,4.721696059346146
Nc1nc([N+](=O)[O-])n2c(C=N[N+](=O)[O-])nn([N+](=O)[O-])c12,1.8439517,8.300087,31.695848,5.6616893,3.653287,646.68756,351.22067,156.67346,4.436533502212917
N=c1c2c(nc([N+](=O)[O-])n1[N+](=O)[O-])nc(C=N[N+](=O)[O-])n2[N+](=O)[O-],1.8948016,8.507968,33.77046,5.8938026,3.6486118,619.13824,355.67764,127.42383,4.512059177616392
Nn1nc(N[N+](=O)[O-])n2c(=O)c(C=N[N+](=O)[O-])c([N+](=O)[O-])nc12,1.8618335,8.113739,30.436272,5.1937947,3.319944,641.9447,206.11313,147.16893,4.322674451410152
O=[N+]([O-])N=Cc1cc2nc([N+](=O)[O-])nn2nc1[N+](=O)[O-],1.802001,7.954072,28.692053,5.7659597,3.4244978,593.99585,396.96634,182.40552,4.123126051801694
O=[N+]([O-])N=Cc1nc([N+](=O)[O-])c([N+](=O)[O-])c2c1nnn2N[N+](=O)[O-],1.8574687,8.492652,33.262897,6.2396016,3.8328433,613.9735,494.3489,131.63908,4.269060207836171
O=[N+]([O-])N=CN=c1c2nc([N+](=O)[O-])n(N[N+](=O)[O-])c2nc([N+](=O)[O-])n1N[N+](=O)[O-],1.9001625,8.783983,35.952892,6.0508866,3.9240842,649.84424,421.2924,133.51724,4.712582603838907
O=c1[nH]c2c(c(=N[N+](=O)[O-])n(C=N[N+](=O)[O-])c(=O)n2N[N+](=O)[O-])n1C=N[N+](=O)[O-],1.8944486,8.256606,31.743807,5.0490575,3.2330856,643.2349,13.941455,146.5031,4.934687498943802
N=c1c2ncnc([N+](=O)[O-])c2nc(C=N[N+](=O)[O-])n1[N+](=O)[O-],1.8221337,7.780849,27.84422,5.3065653,3.1712368,598.7181,370.86295,138.63982,4.21168580829497
O=c1c2c(ncn2[N+](=O)[O-])c([N+](=O)[O-])nn1C=N[N+](=O)[O-],1.8616295,8.141623,30.751358,5.5425296,3.3333542,601.15485,224.48691,147.72289,4.305679884168432
O=c1c2c([N+](=O)[O-])nn(C=N[N+](=O)[O-])c2n(C=N[N+](=O)[O-])n1C=N[N+](=O)[O-],1.8572398,8.296938,31.695621,5.6260104,3.5179167,626.1589,286.60968,170.21284,5.066225961838022
Nn1c([N+](=O)[O-])nc2cnc([N+](=O)[O-])nc2c1=O,1.8206195,7.4400983,25.390123,4.626863,2.7258787,591.27356,110.69476,244.70996,3.6332769644534535
Nc1nc([N+](=O)[O-])nc2nc([N+](=O)[O-])cn12,1.787323,7.3453565,24.357323,4.3801727,2.7118783,622.6385,129.68521,272.24142,3.559795702539745
O=c1nc(N[N+](=O)[O-])c(-c2cnc3c(n2)n(C=N[N+](=O)[O-])c(=O)n3[N+](=O)[O-])n[nH]1,1.8398046,7.584299,26.537436,4.575265,2.7446494,602.47327,174.08124,143.31468,4.231954697567963
O=c1c2c(ncn2N[N+](=O)[O-])c(N[N+](=O)[O-])nn1N[N+](=O)[O-],1.8559045,8.33505,32.024857,5.55776,3.6292622,655.23285,242.38776,138.94559,4.129012535804749
Nc1nc2c(=O)n(N)c(=O)n(N[N+](=O)[O-])c2n1[N+](=O)[O-],1.8559211,7.8605947,28.49722,4.5083456,2.9956882,669.3083,-53.851803,153.79428,4.017372895983154
NN=c1c2nc([N+](=O)[O-])n(N[N+](=O)[O-])c2nc([N+](=O)[O-])n1C=N[N+](=O)[O-],1.877295,8.495698,33.52225,5.7473364,3.7519252,654.6819,418.60342,138.33296,4.56117263327637
Nn1c(C=N[N+](=O)[O-])nc2c(=N[N+](=O)[O-])[nH]c(=O)n(N)c21,1.824915,7.6707115,26.911037,4.587727,3.0531425,669.5069,197.5763,173.19043,4.555466972080522
O=c1c([N+](=O)[O-])c([N+](=O)[O-])nc2n(N[N+](=O)[O-])c(C=N[N+](=O)[O-])c([N+](=O)[O-])n12,1.9134573,8.592891,34.532104,5.880436,3.5751178,607.2925,124.55774,143.05177,4.3074256690040755
O=c1nn[nH]c2occ([N+](=O)[O-])c12,1.764341,7.009712,21.973001,4.3590474,2.425763,558.79565,-38.902157,291.21005,3.6817205192395956
NN=c1c2c(n(C=N[N+](=O)[O-])c(=O)n2C=N[N+](=O)[O-])n([N+](=O)[O-])c(=O)n1N,1.8542967,7.9930067,29.497822,4.8714194,3.198304,659.8791,100.58511,143.95557,4.921232787406819
O=c1c2c(nc([N+](=O)[O-])n2N[N+](=O)[O-])n2c(C=N[N+](=O)[O-])nnc2n1[N+](=O)[O-],1.8984574,8.425205,33.17818,5.653015,3.4772775,615.69446,368.84055,130.88893,4.527051236970355
Nc1nc2c(c(=NN[N+](=O)[O-])n(C=N[N+](=O)[O-])c(=O)n2N[N+](=O)[O-])n1[N+](=O)[O-],1.8841289,8.429071,32.993797,5.294932,3.5345428,670.21155,190.20111,149.84373,4.841184467739586
Nc1c([N+](=O)[O-])nn2c(C=N[N+](=O)[O-])nn(N)c(=O)c12,1.8095683,7.674924,26.813654,4.834842,3.1191108,647.76697,239.1911,189.14052,4.264650483344993
Nn1c(C=N[N+](=O)[O-])nc2c(=N[N+](=O)[O-])[nH]c(=O)n(C=N[N+](=O)[O-])c21,1.8454651,7.8780932,28.50558,4.8821163,3.1281376,643.8944,198.70981,168.18045,4.8504041638459885
Nn1c([N+](=O)[O-])nc2c(=NC=N[N+](=O)[O-])n(C=N[N+](=O)[O-])c(=O)n([N+](=O)[O-])c21,1.8895342,8.346314,32.472923,5.376872,3.4463692,642.4723,237.77518,151.4902,4.907468251523369
N=c1c2nc(N)nc([N+](=O)[O-])c2nc(C=N[N+](=O)[O-])n1[N+](=O)[O-],1.8246448,7.732389,27.482475,4.953193,3.0783973,624.11426,294.36847,144.63446,4.247498915470681
COc1nc(=N[N+](=O)[O-])nc(Oc2nc3nc([N+](=O)[O-])n(N)c3n2[N+](=O)[O-])[nH]1,1.7765838,7.6273184,26.138285,4.7505093,3.0496542,644.66187,76.73122,156.34758,4.556505722800314
O=c1c(C=N[N+](=O)[O-])c(O)n2c(C=N[N+](=O)[O-])nn(C=N[N+](=O)[O-])c(=O)n12,1.8197173,7.7363896,27.293541,4.881862,2.9682071,610.0969,-40.83604,167.90845,4.908631731068791
O=[N+]([O-])Nc1cnc2c3c(cnn12)nc([N+](=O)[O-])n3[N+](=O)[O-],1.8128954,7.8086157,27.871405,5.516079,3.270571,593.2795,418.81863,147.30101,3.8726310494944496
O=[N+]([O-])N=Cc1n[nH]c2nc([N+](=O)[O-])n([N+](=O)[O-])c12,1.8309727,8.300879,31.519884,5.9724874,3.7147934,621.9775,388.5563,140.65155,4.317168400538092
Nn1c([N+](=O)[O-])nc(=O)c2c1ncn2[N+](=O)[O-],1.8507644,7.8326693,28.395334,4.910479,3.052064,623.2162,103.44519,156.31186,3.8311219664559406
Nc1ncnc2c(=N[N+](=O)[O-])n(N)c([N+](=O)[O-])nc12,1.7639413,7.379517,24.489292,4.635993,2.9884243,647.44354,310.50607,150.97002,3.6845512059679564
Nn1c(C=N[N+](=O)[O-])nc2c(c1=N[N+](=O)[O-])n([N+](=O)[O-])c(=O)n2N,1.8645798,8.264401,31.61055,5.3767877,3.5404747,661.14624,283.1912,149.44867,4.573103133660348
O=c1n(C=N[N+](=O)[O-])c(=NC=N[N+](=O)[O-])c2c(n1N[N+](=O)[O-])n([N+](=O)[O-])c(=O)n2C=N[N+](=O)[O-],1.8928838,8.408278,32.929283,5.385083,3.4342937,639.32794,118.39426,151.10118,5.283870323192247
Nn1c(=O)c([N+](=O)[O-])c([N+](=O)[O-])n2c(C=N[N+](=O)[O-])c([N+](=O)[O-])nc12,1.8923681,8.302598,32.104702,5.565724,3.3850281,608.85535,137.59,189.94783,4.098682005407412
O=c1[nH]c(=O)n(C=N[N+](=O)[O-])c2c(C=N[N+](=O)[O-])n([N+](=O)[O-])nc12,1.8690509,7.8598347,28.542286,4.817345,2.913762,607.866,8.265475,158.51106,4.541989534759249
N=c1c2nc(N)n([N+](=O)[O-])c2ncn1[N+](=O)[O-],1.8538347,7.7430997,27.865498,4.658046,3.0198746,651.6855,220.40225,153.7353,4.174158889532864
NN=c1c2c(nc([N+](=O)[O-])n2C=N[N+](=O)[O-])n(C=N[N+](=O)[O-])c(=O)n1C=N[N+](=O)[O-],1.8463116,8.039109,29.717476,5.114999,3.2682242,640.72986,244.3587,182.47687,5.034521148122805
O=[N+]([O-])N=Cc1cc2nc([N+](=O)[O-])n(N[N+](=O)[O-])c2nc1[N+](=O)[O-],1.8132873,8.058953,29.586092,5.801738,3.4860082,601.51355,319.7929,132.14278,4.227435207836172
NN=c1c2c(nc(N[N+](=O)[O-])n2N)n([N+](=O)[O-])c(=O)n1N[N+](=O)[O-],1.8885661,8.471579,33.49018,5.3285503,3.684935,693.9719,246.27496,151.70743,4.443265771022984
N=c1nc(N)[nH]c2nc([N+](=O)[O-])n(N[N+](=O)[O-])c12,1.7804196,7.4602966,25.190832,4.384155,2.9304678,672.3032,176.82764,148.94598,4.076777925991914
Nc1nc2c(nnn2[N+](=O)[O-])c(=NC=N[N+](=O)[O-])[nH]1,1.8192314,7.8110523,27.927069,4.8399744,3.2128093,667.30145,394.80167,147.82245,4.569514032281914
Nn1nc([N+](=O)[O-])c2c1ncn2[N+](=O)[O-],1.824468,8.227977,31.073702,5.8049145,3.803475,656.7533,375.26486,137.5377,4.0017177341885315
O=c1[nH]c2nc([N+](=O)[O-])n(C=N[N+](=O)[O-])c2c(=NN[N+](=O)[O-])n1C=N[N+](=O)[O-],1.8635958,8.170182,30.786362,5.15703,3.2847004,639.8378,177.37402,150.61229,4.835392160047278
Nn1c(=O)c2c(c3n[nH]nc31)N=NC2=O,1.7634287,6.626619,19.83576,3.7299519,2.1918633,590.37787,222.83661,285.42163,3.960199052869852
Nc1c([N+](=O)[O-])nc(C=N[N+](=O)[O-])c2nn[nH]c12,1.7843821,7.464235,25.240135,4.8638043,3.0416734,626.85406,346.43613,190.03752,4.16892343227135
Nc1nc2c3nc(N[N+](=O)[O-])n(N[N+](=O)[O-])c3nn2c([N+](=O)[O-])c1N[N+](=O)[O-],1.8743024,8.293364,31.943901,5.4371295,3.5252316,650.34344,401.37955,154.90411,4.237956467739587
Nc1nc2c(=NN[N+](=O)[O-])n(C=N[N+](=O)[O-])c(=O)[nH]c2n1[N+](=O)[O-],1.8844987,8.025296,29.964329,4.718222,3.0873435,658.32666,96.2749,161.4723,4.683722227066942
Nn1c(=O)n([N+](=O)[O-])c(=O)c2c(C=N[N+](=O)[O-])nc(N[N+](=O)[O-])nc21,1.8735985,7.9418397,29.331583,4.856555,3.0227659,625.0463,32.349384,142.5762,4.2955512361766415
Nn1nc(N[N+](=O)[O-])c2cnc3c(nc([N+](=O)[O-])n3[N+](=O)[O-])c21,1.8396977,7.916798,28.896627,5.400916,3.3223417,616.3804,426.47354,145.69145,4.0534412618075795
O=[N+]([O-])N=Cc1nc([N+](=O)[O-])c2ncnn2c1[N+](=O)[O-],1.8251334,8.012547,29.406883,5.7362943,3.405782,593.6635,415.7014,188.67601,3.9214055389811815
O=c1cc[nH]c(=O)n1[N+](=O)[O-],1.7318444,6.8071117,20.567308,3.80772,2.2674,599.246,-263.8348,164.62047,3.372725004732243
C=C[N+](=O)Nn1c(=O)n2nnc3c([N+](=O)[O-])c([N+](=O)[O-])n(C=N[N+](=O)[O-])c3n2c1=O,1.7797987,7.693725,26.623327,5.1636033,3.1502337,611.16693,186.41748,194.73253,4.787616532738191
NC1=C(N)N(N[N+](=O)[O-])C(N)=C([N+](=O)[O-])C1=C1N=NN=N1,1.808994,7.742838,27.46561,4.8265214,3.3381436,695.3478,428.29086,171.569,4.384345818234367
Nn1c(=O)[nH]c2nc(C=N[N+](=O)[O-])[nH]c(=O)c2c1=NN[N+](=O)[O-],1.8163422,7.3213353,24.47394,4.0689898,2.5888314,640.33044,-51.58607,172.94685,4.327441013668623
Nn1ncc2c([N+](=O)[O-])nc([N+](=O)[O-])nc21,1.788327,7.6612325,26.574741,5.1826406,3.2079458,621.04706,299.35947,253.60403,3.6046443608581704
O=c1n(C=N[N+](=O)[O-])c(=N[N+](=O)[O-])c2oc(C=N[N+](=O)[O-])nc2n1C=N[N+](=O)[O-],1.8574799,8.0771885,30.056005,5.279587,3.2059467,608.1513,105.87915,155.16518,5.044996874183948
Nc1c([N+](=O)[O-])nc2[nH]nc(N)n2c1=O,1.7958285,6.8094807,21.038412,3.255826,2.1314478,658.7035,-43.340008,297.186,3.5443481188039163
O=c1c2c(nc([N+](=O)[O-])n2[N+](=O)[O-])c(C=N[N+](=O)[O-])nn1C=N[N+](=O)[O-],1.8581926,8.27469,31.617258,5.7774515,3.482702,602.37634,285.75662,145.01591,4.656143201838243
Nc1nc2c(nc([N+](=O)[O-])n2C=N[N+](=O)[O-])c(O)c1N,1.784645,7.0708156,22.667559,3.9695117,2.5047476,634.2061,-20.403028,198.8331,4.09567776926662
Nc1c(C=N[N+](=O)[O-])n(N[N+](=O)[O-])c(=O)[nH]c1=O,1.8252463,7.6117992,26.400864,4.338759,2.8288739,657.02997,-182.0112,149.31064,4.039875655124484
O=[N+]([O-])N=Cc1nn([N+](=O)[O-])c2noc([N+](=O)[O-])c12,1.8644882,8.6248255,34.38421,6.6878214,4.001991,596.58246,421.20352,122.01004,4.4250978123027975
Nc1nnc2c(N)cc([N+](=O)[O-])n2c1[N+](=O)[O-],1.745785,7.239414,23.34167,4.748457,2.9601405,625.08575,234.37665,258.33005,3.5078604279944017
Nn1c(=N[N+](=O)[O-])c2nc(C=N[N+](=O)[O-])n(N[N+](=O)[O-])c2n([N+](=O)[O-])c1=O,1.9027504,8.617957,34.64538,5.731131,3.7397418,654.8583,295.08502,137.6931,4.733381433127296
Nn1c(=O)[nH]c2n[nH]cc2c1=NN[N+](=O)[O-],1.7652192,7.095989,22.696383,3.935518,2.671952,683.4656,119.289825,176.6234,4.328651622201479
O=[N+]([O-])N=Cc1nc(N[N+](=O)[O-])nc2c1c([N+](=O)[O-])nn2[N+](=O)[O-],1.8752011,8.470073,33.26946,5.9468074,3.6797395,619.06714,404.7388,137.3367,4.312788092451557
Nc1c(=O)n(N[N+](=O)[O-])c(=O)n2c(N[N+](=O)[O-])nn(N)c12,1.8534459,7.885988,28.737743,4.5148573,3.0717056,684.1981,-26.565474,151.69885,4.237818445606994
Nc1nnc2c([N+](=O)[O-])nn(N)c(=O)n12,1.8122402,7.5724,26.118793,4.3110347,2.9193242,679.9403,203.85931,265.58014,3.5877627341885328
Nc1nn(N)c2c1c(=O)c([N+](=O)[O-])c(N)n2[N+](=O)[O-],1.8214171,7.5523663,26.177616,4.4877143,2.9384875,658.9124,54.845295,180.05449,3.920347216679933
N=c1c2nc(N)nc(N[N+](=O)[O-])c2nc([N+](=O)[O-])n1N[N+](=O)[O-],1.8269355,7.8691087,28.408766,4.8603044,3.1947622,660.4102,247.00146,142.14503,3.995952887727932
O=[N+]([O-])N=Cn1ncn2nc([N+](=O)[O-])nc12,1.8073677,8.102242,29.869177,5.600254,3.608523,645.3658,449.5742,172.81992,4.320853720103576
N=c1c2c(nc([N+](=O)[O-])n1C=N[N+](=O)[O-])nc(N[N+](=O)[O-])n2[N+](=O)[O-],1.895873,8.458061,33.415154,5.609521,3.577922,638.82574,318.23453,147.07767,4.528986900512306
Nc1[nH]c2nc([N+](=O)[O-])ncc2c1N[N+](=O)[O-],1.771633,7.1707616,23.297003,4.3231277,2.7231455,632.77484,123.16388,151.4032,3.6640729363556073
O=c1c(C=N[N+](=O)[O-])c2nnc([N+](=O)[O-])cn2n2c([N+](=O)[O-])nnc12,1.8277117,7.8126745,27.97556,5.4501314,3.1486115,576.8312,435.10318,180.71165,4.254764810837276
Nc1nc2c(c(=O)n1[N+](=O)[O-])n(C=N[N+](=O)[O-])c(=O)n2C=N[N+](=O)[O-],1.8546681,7.7809215,27.968239,4.5879116,2.863626,627.0541,-37.603146,164.92688,4.629098788624196
Nn1c([N+](=O)[O-])nc2c1c(=O)n(N[N+](=O)[O-])c(=O)n2C=N[N+](=O)[O-],1.8694788,8.0947,30.359901,4.963427,3.1783454,642.8811,-4.587522,148.40193,4.386588847946062
N=c1c2nnc(N[N+](=O)[O-])n2c(N)c(N)n1[N+](=O)[O-],1.8304924,7.842483,28.373829,4.721487,3.277962,697.27295,315.22534,152.75754,4.089571405062979
Nc1nc2c([N+](=O)[O-])ncnn2c1[N+](=O)[O-],1.8148398,7.6498394,26.772299,4.9521604,3.0456793,617.38586,270.51053,267.1385,3.4499087615737336
Nc1nc2c(=NN[N+](=O)[O-])n(N[N+](=O)[O-])c(=O)n(N)c2[nH]1,1.8294073,7.793318,27.884518,4.492982,3.137039,702.9865,131.70697,165.35637,4.3011378512014
N=c1c2c(nc([N+](=O)[O-])n2C=N[N+](=O)[O-])n(N)c(=O)n1[N+](=O)[O-],1.8831757,8.18553,31.286728,5.143937,3.3141222,646.6672,175.11566,156.95021,4.500594388358449
O=[N+]([O-])C1=NOc2cccn3nc([N+](=O)[O-])c1c23,1.7168508,6.8516946,20.69012,5.220717,2.67529,511.23688,241.96338,247.31433,3.7523391182996066
O=[N+]([O-])N=Cc1nc(N[N+](=O)[O-])c([N+](=O)[O-])c2nnc([N+](=O)[O-])n12,1.8822516,8.5325165,33.84392,6.0335383,3.7420251,619.75415,440.8618,139.77582,4.157756602066941
O=[N+]([O-])N=Cc1nc2[nH]c([N+](=O)[O-])nc2c(=N[N+](=O)[O-])n1N[N+](=O)[O-],1.8707995,8.440328,32.949867,5.758935,3.6627283,637.50433,375.14896,142.94115,4.585682235028537
O=c1c2c(ncn1[N+](=O)[O-])c([N+](=O)[O-])nn2C=N[N+](=O)[O-],1.8736749,8.167267,31.075695,5.5178466,3.3208714,601.87256,226.38602,146.60179,4.305679884168432
Nc1c([N+](=O)[O-])nc2c(nc([N+](=O)[O-])n2N)c1N,1.8005933,7.340747,24.56585,4.339192,2.83876,656.9594,162.25827,287.03558,3.71011329833234
NN=Cc1c([N+](=O)[O-])nc2nc([N+](=O)[O-])nn2c1C=N[N+](=O)[O-],1.8037336,7.813515,27.752268,5.351901,3.3152587,620.6372,454.13907,192.24547,4.204694859822468
Nc1nn(-c2cc([N+](=O)[O-])c([N+](=O)[O-])cc2O[N+](=O)[O-])c2c([N+](=O)[O-])nn(C=N[N+](=O)[O-])c12,1.8062794,7.8373766,27.97236,5.5246325,3.2469344,588.1292,215.81326,138.99979,4.095943842600916
O=c1c2c(nc([N+](=O)[O-])n2N[N+](=O)[O-])c([N+](=O)[O-])nn1C=N[N+](=O)[O-],1.8795353,8.498169,33.56921,5.8421226,3.624371,620.92316,244.25674,125.89575,4.403244942470349
N=c1c2c(n(C=N[N+](=O)[O-])c(=O)n2C=N[N+](=O)[O-])n([N+](=O)[O-])c(=O)n1N,1.8567978,7.919393,29.003418,4.780647,3.0704782,645.67487,25.548449,140.34563,4.862717724757777
N=c1[nH]c2c(nc([N+](=O)[O-])n2C=N[N+](=O)[O-])c(=NC=N[N+](=O)[O-])n1[N+](=O)[O-],1.879381,8.244749,31.611012,5.320538,3.4061172,642.7576,316.79395,148.44891,5.0685567310687905
NC(=O)c1c(NC(=O)C[N+](=O)[O-])c2nnc([N+](=O)[O-])n2c2nnc([N+](=O)[O-])n12,1.7906128,7.401751,24.834784,4.389303,2.6983643,617.8183,0.63376105,190.78963,3.857192775431894
Nc1c(C=N[N+](=O)[O-])nc(N[N+](=O)[O-])n2nc([N+](=O)[O-])nc12,1.8403579,8.034855,29.759834,5.259738,3.374998,643.6766,356.61472,147.97733,4.2053376987773685
O=[N+]([O-])N=Cc1nc2c([N+](=O)[O-])nc([N+](=O)[O-])cc2n1[N+](=O)[O-],1.8396031,8.125187,30.358364,5.9071674,3.4462652,582.1276,304.05142,143.09947,4.15000837322604
Nc1nc2nnn([N+](=O)[O-])c2c(=O)n1N,1.7996168,7.560269,26.065804,4.4384885,2.9915242,677.74176,199.95798,153.96434,3.8584965803423783
Nn1c(N[N+](=O)[O-])nc2nc([N+](=O)[O-])nnc21,1.8418628,8.221848,31.27811,5.4567313,3.6340182,667.2048,467.12778,146.80698,3.7847180868572785
Nc1nn2c(N)c(N=N[N+](=O)[O-])nc2nc1[N+](=O)[O-],1.8415223,7.910584,28.840406,4.879819,3.2453065,668.6986,410.4476,191.52632,4.10068514261954
Nn1c(=N[N+](=O)[O-])c2c(nc([N+](=O)[O-])n2C=N[N+](=O)[O-])n(C=N[N+](=O)[O-])c1=O,1.8811967,8.304112,31.998003,5.3644004,3.4360325,642.188,230.0888,158.56909,4.803943927199045
O=[N+]([O-])N=Cc1nc2c3nnn(N[N+](=O)[O-])c3nc([N+](=O)[O-])n2c1[N+](=O)[O-],1.8647003,8.345055,32.214,5.892743,3.6016479,611.14685,556.12213,145.38268,4.411424802723164
Nc1nc2c(=NN[N+](=O)[O-])n([N+](=O)[O-])cnc2n1[N+](=O)[O-],1.8871357,8.334931,32.399723,5.380602,3.5367115,659.58295,329.76794,143.08752,4.437675763289313
NC1=C([N+](=O)[O-])C(=O)C(=C2N=C([N+](=O)[O-])NC(=O)N2C=N[N+](=O)[O-])N1N[N+](=O)[O-],1.8673795,7.9995923,29.652998,4.907401,3.0800233,631.3415,-62.331608,152.0704,4.7011558122094845
Nn1cnc([N+](=O)[O-])c1[N+](=O)[O-],1.7822009,8.232618,30.553171,5.8608007,3.9355817,672.7464,169.82352,259.64163,3.357635854211807
Nc1nc2nc([N+](=O)[O-])n(N)c(=N[N+](=O)[O-])c2nc1C=N[N+](=O)[O-],1.8069301,7.7779775,27.548876,5.0634828,3.2340317,640.48285,372.20584,151.23338,4.335677515528479
Nc1nc2c([N+](=O)[O-])c([N+](=O)[O-])nn2nc1C=N[N+](=O)[O-],1.8319345,8.0609665,29.813936,5.5039153,3.425592,623.49805,384.1683,193.66014,4.036715873179422
Nc1nc2cc([N+](=O)[O-])c([N+](=O)[O-])c([N+](=O)[O-])c2o1,1.7907087,7.452576,25.035856,5.0111713,2.7997742,560.4042,-91.45396,221.51295,3.138933251216824
Nc1nc(=O)c2c(nc([N+](=O)[O-])n2C=N[N+](=O)[O-])n1[N+](=O)[O-],1.870915,7.9988904,29.680912,4.91517,3.0682392,626.7559,101.0556,156.8286,4.2891543916695145
Nc1nc2nnc([N+](=O)[O-])n2c(N)c1N[N+](=O)[O-],1.8245611,7.726184,27.436598,4.6062174,3.1131299,678.6034,262.43518,171.07057,3.7131173490688383
N=c1c2c([nH]c(=O)n1N[N+](=O)[O-])n([N+](=O)[O-])c(=O)n2C=N[N+](=O)[O-],1.8968043,8.086455,30.573154,4.751944,3.0430503,643.4882,-73.06467,149.53093,4.628059177616391
Nc1nc2nc(N[N+](=O)[O-])n(N)c(=O)n2c1[N+](=O)[O-],1.844195,7.751335,27.798729,4.416369,2.9560528,672.2782,57.692112,148.68893,3.889572020447595
O=[N+]([O-])c1c(O)oc(O)c1O,1.8629137,7.1333475,23.361917,3.4423401,1.9964497,584.61,-720.64996,338.6672,3.465397039593933
Nn1cnc2c([N+](=O)[O-])nc([N+](=O)[O-])nc21,1.7975739,7.620729,26.42761,5.026756,3.1026452,619.3769,268.17334,243.83519,3.570112697173018
O=c1n(C=N[N+](=O)[O-])c(=NC=N[N+](=O)[O-])c2[nH]c([N+](=O)[O-])nc2n1C=N[N+](=O)[O-],1.8511851,7.948465,29.095795,4.971663,3.0979245,625.3423,159.52084,171.62175,5.045568471817083
Nc1nc(=O)c2[nH]c([N+](=O)[O-])nc2n1C=N[N+](=O)[O-],1.8149382,7.2531238,24.009024,3.9800794,2.4812496,627.4043,-16.341185,191.55261,4.175905052121802
Nc1nc2c(C=N[N+](=O)[O-])nc([N+](=O)[O-])nc2c(=O)n1C=N[N+](=O)[O-],1.8145319,7.4892526,25.651857,4.5841603,2.762919,605.34906,133.90924,177.19939,4.501202097255861
O=[N+]([O-])N=Cc1nc2c(nc([N+](=O)[O-])n2[N+](=O)[O-])c2nnc(N[N+](=O)[O-])n12,1.862063,8.327981,32.091312,5.8209157,3.572236,613.53644,553.252,131.42719,4.393999512944449
O=[N+]([O-])N=Cc1c([N+](=O)[O-])c([N+](=O)[O-])cn2nnnc12,1.8306187,8.098292,29.977282,6.0074544,3.5547898,591.6039,482.17947,200.21944,3.8316722056478474
O=[N+]([O-])N=Cc1nn[nH]c1[N+](=O)[O-],1.7834017,8.355801,31.425392,6.1322546,4.0589433,662.58264,334.93268,185.77647,4.321594035723111
O=c1c([N+](=O)[O-])c(C=N[N+](=O)[O-])n2ncnc2n1N[N+](=O)[O-],1.83504,8.065178,29.821299,5.4627314,3.3708403,619.0071,251.41989,141.9221,4.137087894344514
O=c1c2nnc(C=N[N+](=O)[O-])n2nc([N+](=O)[O-])n1C=N[N+](=O)[O-],1.8425958,8.173322,30.666187,5.558449,3.4229853,616.4963,381.39017,179.00061,4.496853172477556
Nc1ncc2c([N+](=O)[O-])n[nH]c2c1O,1.7254515,6.322537,17.685274,3.353791,2.0115693,602.4575,-72.47335,303.3476,3.2856048771901136
Nn1nc(C=N[N+](=O)[O-])c2c(nc([N+](=O)[O-])n2[N+](=O)[O-])c1=O,1.8443491,8.164788,30.612951,5.5803213,3.4645343,622.6355,279.55414,138.09627,4.3501347630223
O=[N+]([O-])N=Cc1nnc(C=N[N+](=O)[O-])n2c([N+](=O)[O-])nc([N+](=O)[O-])c12,1.8214773,8.213266,30.827127,6.0298915,3.6369152,601.68506,497.03085,167.25668,4.472309100700178
N=c1c2c([N+](=O)[O-])cn(C=N[N+](=O)[O-])c2nc([N+](=O)[O-])n1[N+](=O)[O-],1.8576373,8.127168,30.503992,5.5683856,3.378046,607.2179,233.51736,131.92049,4.349922913880128
Nc1c([N+](=O)[O-])nc2cnc(C=N[N+](=O)[O-])c([N+](=O)[O-])n12,1.7845669,7.6194215,26.222208,5.1933208,3.135021,604.6031,261.21603,193.42299,4.061391697355247
Nn1nc(C=N[N+](=O)[O-])c2[nH]nc([N+](=O)[O-])c21,1.7914598,7.9209576,28.413254,5.5552163,3.6292598,654.02716,446.7003,199.50806,4.281090662108115
Nn1c([N+](=O)[O-])nc2nn([N+](=O)[O-])cc21,1.8141464,8.146813,30.32344,5.7452693,3.7406526,652.48065,356.05307,149.03781,4.0819735034193005
O=c1c2ncn([N+](=O)[O-])c2nc(C=N[N+](=O)[O-])n1[N+](=O)[O-],1.8682485,8.140229,30.768297,5.509767,3.296566,598.87085,218.0274,130.8754,4.282724939113487
O=[N+]([O-])N=Cc1nn([N+](=O)[O-])c2ncnc([N+](=O)[O-])c12,1.8370291,8.062908,29.95373,5.7770734,3.4410422,596.00476,415.6685,132.89076,4.1388260518016935
O=[N+]([O-])c1nc([N+](=O)[O-])n(CO)n1,1.7798069,8.144672,29.808365,5.304918,3.5944366,680.05023,-62.893284,265.90927,3.359588166298419
O=[N+]([O-])N=Cc1nc([N+](=O)[O-])c(C=N[N+](=O)[O-])n2nnnc12,1.8178705,8.173311,30.452623,5.957687,3.6591654,614.4595,609.9497,168.67545,4.380323357186757
Nn1nc([N+](=O)[O-])c2c(=N[N+](=O)[O-])n(C=N[N+](=O)[O-])c(C=N[N+](=O)[O-])nc21,1.8426716,8.326802,31.761324,5.779739,3.719907,644.8853,488.405,158.73302,4.800085577222637
Nc1nnn2cnc3nc([N+](=O)[O-])n([N+](=O)[O-])c(=O)c3c12,1.8171272,7.4058447,25.211094,4.6171575,2.7264783,591.93835,264.88095,145.51372,3.8979351184078777
O=c1c2c(ncn1[N+](=O)[O-])c(C=N[N+](=O)[O-])c(O[N+](=O)[O-])n2C=N[N+](=O)[O-],1.8440713,8.062805,29.92395,5.543655,3.2816687,592.3174,90.431,126.935715,4.743802884914945
Nc1c([N+](=O)[O-])nc2nc(C=N[N+](=O)[O-])c([N+](=O)[O-])nn12,1.8488683,8.0828705,30.165705,5.3941636,3.371886,626.25446,350.66037,182.5472,4.020953510542059
Nn1c(=NN[N+](=O)[O-])c2nc(C=N[N+](=O)[O-])n([N+](=O)[O-])c2n([N+](=O)[O-])c1=O,1.8975872,8.59861,34.468624,5.7315345,3.730779,652.9913,293.76987,134.93237,4.78986594016955
NN=c1c2nc([N+](=O)[O-])nc(C=N[N+](=O)[O-])c2nc([N+](=O)[O-])n1N[N+](=O)[O-],1.8486267,8.2416315,31.358067,5.620766,3.558212,634.18585,449.88376,144.1195,4.5361317310687905
O=[N+]([O-])N=Cn1c([N+](=O)[O-])nc2nc(N[N+](=O)[O-])c([N+](=O)[O-])nc21,1.8732938,8.392824,32.70872,5.7423015,3.5529416,618.52637,352.3074,124.88904,4.229416938605402
O=[N+]([O-])N=Cc1nc([N+](=O)[O-])n2cc(O)oc12,1.7918373,7.420511,24.877232,4.800088,2.7752123,579.8931,-87.18505,184.45827,4.359146849399084
Nc1nc2n[nH]nc2c(=NN[N+](=O)[O-])n1N,1.7650226,7.5512476,25.785883,4.347022,3.2596617,754.4747,438.8116,168.71776,4.1445198040196605
NN=c1[nH]c(C=N[N+](=O)[O-])nc2c1nc([N+](=O)[O-])n2[N+](=O)[O-],1.8336426,8.076424,29.952917,5.4325185,3.4696083,640.88916,398.07968,148.10791,4.5903640351528585
Nc1nn(C=N[N+](=O)[O-])c(=O)n2nc([N+](=O)[O-])nc12,1.8270496,7.8668523,28.351606,4.835548,3.1183105,646.92017,231.057,183.64644,4.141791929949856
Nc1nnn2c(N)nn([N+](=O)[O-])c(=O)c12,1.7819463,7.4883933,25.436323,4.326409,2.9385908,682.2034,204.05179,165.47296,3.8692827341885323
Nc1nc2n(N)nnn2c1[N+](=O)[O-],1.817604,7.9323683,28.696278,4.812302,3.4791687,727.2551,388.4235,328.01575,4.022730739019815
Nn1c([N+](=O)[O-])nc2c(=NN[N+](=O)[O-])[nH]cnc21,1.8061967,7.711751,27.132263,4.8641973,3.2152665,664.95233,316.81653,163.6607,4.258443055505259
O=[N+]([O-])Nn1c([N+](=O)[O-])nc2[nH]cnc21,1.7763077,7.8223295,27.54995,5.1977725,3.3591416,649.49445,250.27548,134.68454,3.9306599480722095
Nn1nnc([N+](=O)[O-])c1O,1.8142877,8.25827,30.999496,5.146541,3.6998596,720.78375,76.15982,310.18094,3.699277650699182
O=[N+]([O-])N=Cc1nn([N+](=O)[O-])c2c([N+](=O)[O-])nn(C=N[N+](=O)[O-])c12,1.8454916,8.52599,33.403107,6.356324,3.9513042,620.56934,521.99146,133.2063,4.748688813605403
NN=c1c2c([N+](=O)[O-])ncc(N)c2nc(N[N+](=O)[O-])n1[N+](=O)[O-],1.7983179,7.7047067,27.004332,5.038729,3.2320423,643.497,304.74716,146.51515,4.076748600212168
Nc1nc([N+](=O)[O-])c([N+](=O)[O-])c2nncn12,1.8077272,7.625035,26.476046,4.9076705,3.0427737,622.78375,262.9789,241.24387,3.417776024543323
O=[N+]([O-])c1oc2[nH]ncc2c1O,1.7408507,6.7901707,20.386862,4.1471796,2.3165016,559.8357,-182.91328,320.57895,3.7553779250442005
O=c1n(N[N+](=O)[O-])c(=NC=N[N+](=O)[O-])c2ncc([N+](=O)[O-])nc2n1N[N+](=O)[O-],1.8602521,8.212003,31.181358,5.3938527,3.4029632,632.7415,240.1081,143.91905,4.56566539081651
O=[N+]([O-])N=Cc1nnnc2c1c([N+](=O)[O-])nn2[N+](=O)[O-],1.8658243,8.562856,33.987003,6.4289117,3.9442537,612.25287,611.9668,127.65213,4.304195282570925
Nc1nc2c([N+](=O)[O-])c([N+](=O)[O-])c(N)nn2n1,1.800124,7.610415,26.27765,4.6889367,3.0272892,649.1391,243.71426,251.36371,3.4713281203020943
Nc1nc2c(=NN[N+](=O)[O-])n(C=N[N+](=O)[O-])c([N+](=O)[O-])nc2n1[N+](=O)[O-],1.8927261,8.45106,33.31094,5.507949,3.5933168,654.15656,351.60355,155.90633,4.6793625998315544
Nn1c([N+](=O)[O-])nc2c(c1=N[N+](=O)[O-])n(C=N[N+](=O)[O-])c(=O)n2C=N[N+](=O)[O-],1.8720398,8.2428055,31.441862,5.2933426,3.377389,639.8655,218.35641,159.60901,4.787599852354971
Nc1c(N[N+](=O)[O-])n(N)c(=N[N+](=O)[O-])c2c1n(N[N+](=O)[O-])c(=O)n2N[N+](=O)[O-],1.8975829,8.531193,33.933933,5.445625,3.718521,686.05774,167.11627,155.0088,4.6179076500367415
NN=c1nc([N+](=O)[O-])[nH]c2c1n(N[N+](=O)[O-])c(=O)n2C=N[N+](=O)[O-],1.8567436,8.034232,29.833601,4.9148126,3.2233486,659.2487,152.11871,155.03835,4.746832563605404
Nc1nn2nnc([N+](=O)[O-])c2nc1N[N+](=O)[O-],1.8455096,8.250616,31.457132,5.444197,3.6395292,669.7802,461.027,150.53696,3.805288655419152
O=c1[nH][nH]c2c([N+](=O)[O-])[nH]nc12,1.8186033,7.3336825,24.553282,4.2314806,2.6480117,629.03827,45.28629,315.62524,3.6959527502190257
O=[N+]([O-])N=Cc1nc2c(nc([N+](=O)[O-])n2[N+](=O)[O-])c(=NN[N+](=O)[O-])[nH]1,1.8701512,8.439665,32.97,5.815861,3.6731062,632.62036,396.50003,142.1755,4.69492838887469
Nc1cnc2c([N+](=O)[O-])c(N)nn2c1[N+](=O)[O-],1.8026772,7.305761,24.273912,4.4761105,2.7971604,627.3712,182.42651,299.2343,3.376611197225171
NC1NC([N+](=O)[O-])=C(N[N+](=O)[O-])C1=C1N=NN=N1,1.7862331,7.9359307,28.583326,5.3328333,3.6569421,689.74194,437.6879,138.58713,4.9419816052315255
Nn1nc2c3ncn([N+](=O)[O-])c3nc([N+](=O)[O-])n2c1=O,1.8553628,7.749157,27.893675,4.8075786,2.9498148,615.37946,249.8013,148.54588,4.076961949237591
NC1=C(N)N([N+](=O)[O-])C(N)=C([N+](=O)[O-])C1=C1N=NN=N1,1.8352228,7.7923346,28.039785,4.843638,3.272309,678.792,404.0021,189.80464,4.314658611066328
Nn1c(O)cc2c(c(C=N[N+](=O)[O-])nn2[N+](=O)[O-])c1=O,1.7900928,7.3556995,24.484497,4.6558776,2.809929,607.0712,-21.727919,149.56418,4.332209264186792
Nc1nc([N+](=O)[O-])c2c(n1)n(N[N+](=O)[O-])c(=O)n2C=N[N+](=O)[O-],1.8282477,7.8786783,28.45334,4.8369775,3.1005156,643.7907,93.79343,150.25092,4.263258562381148
Nc1oc([N+](=O)[O-])c2onnc12,1.7834768,7.5917535,25.91693,5.1054187,3.0185454,593.34955,38.14919,292.71802,4.038817085883362
Cn1c([N+](=O)[O-])nc2c1c(=NC=N[N+](=O)[O-])n([N+](=O)[O-])c(=O)n2[N+](=O)[O-],1.8400539,8.178443,30.752798,5.458463,3.44654,633.1831,130.90335,123.127365,4.575153471364112
O=[N+]([O-])N=Cn1nc2nnc(N[N+](=O)[O-])nc2c1[N+](=O)[O-],1.8535799,8.465889,33.182137,6.047595,3.8411427,635.20404,597.6085,128.55548,4.243037142699376
O=[N+]([O-])N=COc1c([N+](=O)[O-])c([N+](=O)[O-])c2nonc2c1[N+](=O)[O-],1.8935822,8.541948,33.941505,6.484113,3.6905086,566.1018,258.3092,199.72061,3.8332330443746327
NC1=C([N+](=O)[O-])C(=C2N=NN=N2)C([N+](=O)[O-])=C(N[N+](=O)[O-])C1N([N+](=O)[O-])[n+]1cn2c(=N[N+](=O)[O-])c([N+](=O)[O-])cn21,1.8573695,8.349325,32.158016,5.9134097,3.7183805,628.54895,564.202,153.35605,5.573344801824215
O=[N+]([O-])N=Cc1nc2c(nc(N[N+](=O)[O-])n3nnc([N+](=O)[O-])c23)n1[N+](=O)[O-],1.8854115,8.40184,32.91629,5.8277116,3.574701,612.9958,541.28754,141.67635,4.373213211574587
O=[N+]([O-])N=Cc1nc2c(nc(N[N+](=O)[O-])n3nnnc23)n1[N+](=O)[O-],1.8712533,8.329404,32.195503,5.7356305,3.5894258,626.62244,657.5084,138.88702,4.300230706087921
O=c1c(C=N[N+](=O)[O-])nnc2nc([N+](=O)[O-])c([N+](=O)[O-])c(C=N[N+](=O)[O-])n12,1.8458056,8.065096,29.910912,5.6229625,3.2882724,584.5311,311.68338,179.48854,4.3374125002995605
Nc1c([N+](=O)[O-])nc2nnn(N[N+](=O)[O-])c2c1C=N[N+](=O)[O-],1.8238188,8.070241,29.789188,5.5665894,3.5385208,637.71747,443.46463,140.01965,4.317177072962507
Nc1nc2c(c(N[N+](=O)[O-])nn2N)c(=O)n1[N+](=O)[O-],1.8405341,7.867529,28.518452,4.667533,3.1384473,676.5792,119.48575,143.83195,4.057664328139902
Nn1c(=O)n(N[N+](=O)[O-])c(=NC=N[N+](=O)[O-])c2c1[nH]c(=O)n2[N+](=O)[O-],1.8975712,8.219902,31.504583,4.9322433,3.248247,662.36163,24.96898,150.33684,4.734533054358461
Nc1nc([N+](=O)[O-])n(C=N[N+](=O)[O-])c(=O)c1N[N+](=O)[O-],1.839448,8.11247,30.208328,5.0984464,3.336653,656.3854,9.633746,146.74858,4.128379109000906
O=c1c2c([N+](=O)[O-])nn(C=N[N+](=O)[O-])c2nc2n(N[N+](=O)[O-])c([N+](=O)[O-])cn12,1.864383,8.046795,29.961487,5.300056,3.1797347,602.2366,205.17175,137.89786,4.463541698508816
O=c1n(C=N[N+](=O)[O-])nc(C=N[N+](=O)[O-])c2nc([N+](=O)[O-])nn12,1.8493189,8.144933,30.526014,5.4069853,3.3461254,619.7723,326.12717,171.32579,4.49019361912768
Nn1c(=O)c([N+](=O)[O-])c(O)n2c(C=N[N+](=O)[O-])nnc12,1.836775,7.733076,27.41088,4.7231264,2.9629908,629.2279,31.4415,198.9341,4.0195631103406395
Nn1c(=O)n(N[N+](=O)[O-])c2c(=N[N+](=O)[O-])c([N+](=O)[O-])cn(N[N+](=O)[O-])c21,1.8987674,8.541466,33.970394,5.6762595,3.7068472,655.5222,174.78342,145.63159,4.421467272269089
Nc1nc2n(C=N[N+](=O)[O-])c(=O)c(N)c([N+](=O)[O-])n2n1,1.8091575,7.3985147,24.924587,4.1882925,2.7062411,649.7888,76.1286,206.68718,4.105153240964733
Nc1nc2c(nc(C=N[N+](=O)[O-])n2[N+](=O)[O-])c(=O)n1[N+](=O)[O-],1.8805493,8.119538,30.703674,5.1464524,3.2003725,623.76953,153.33118,145.98906,4.309577468592593
Nc1nc2nc(N[N+](=O)[O-])c([N+](=O)[O-])n2c(N[N+](=O)[O-])c1N,1.8296447,7.8737826,28.464462,4.8494835,3.2335947,669.8642,184.68024,144.45273,3.931307707319383
Nn1c(C=N[N+](=O)[O-])nc([N+](=O)[O-])c1[N+](=O)[O-],1.8257737,8.571139,33.525284,6.2417355,4.119243,660.78485,282.6118,189.17117,4.003293854567828
Nn1c(=O)n(N[N+](=O)[O-])c2c(=O)n(N[N+](=O)[O-])c(=O)n(C=N[N+](=O)[O-])c21,1.8824387,8.163944,30.959837,4.89246,3.1981435,656.95953,-110.967,150.65108,4.620617724757778
Nn1c(=O)n(C=N[N+](=O)[O-])c2nc([N+](=O)[O-])n(N[N+](=O)[O-])c(=O)c21,1.8730397,8.104594,30.462402,5.0045385,3.189018,640.1838,21.104692,139.9789,4.386588847946062
O=c1n(N[N+](=O)[O-])c(=NC=N[N+](=O)[O-])c2nc(C=N[N+](=O)[O-])n([N+](=O)[O-])c2n1N[N+](=O)[O-],1.8841065,8.591507,34.241344,5.816941,3.7556794,647.0853,310.98074,142.40797,5.105058031988698
O=c1[nH]c([N+](=O)[O-])nc2nc(C=N[N+](=O)[O-])n([N+](=O)[O-])c12,1.868604,7.997835,29.672474,5.14022,3.0812716,600.5332,111.566284,149.55815,4.199939774278324
N=c1c2c(ncn2[N+](=O)[O-])c(=O)n(C=N[N+](=O)[O-])n1[N+](=O)[O-],1.8502496,8.108195,30.34258,5.413527,3.3583007,622.2693,203.1607,134.23773,4.639505054799489
Nc1nc(N)n(N[N+](=O)[O-])c(=O)c1N[N+](=O)[O-],1.8202342,7.800744,27.811632,4.3851333,3.100791,710.71985,-72.00609,167.97963,3.8382508475748214
O=c1c2c(ncn2N[N+](=O)[O-])n(C=N[N+](=O)[O-])c(=O)n1[N+](=O)[O-],1.8772243,8.081951,30.35052,5.050078,3.136923,622.8627,-4.256986,138.49028,4.408343556075978
Nc1nn2c(=O)[nH]ncc2c1[N+](=O)[O-],1.7822973,6.955097,21.71742,3.863514,2.403812,624.6946,72.36662,331.5897,3.305936860995782
O=c1[nH]nc(C=N[N+](=O)[O-])c2nc(N[N+](=O)[O-])[nH]c(=NN[N+](=O)[O-])c12,1.8453903,7.825946,28.169863,4.865598,3.0696807,634.0115,203.74088,160.991,4.476124086855376
O=[N+]([O-])N=Cn1c([N+](=O)[O-])nc2c([N+](=O)[O-])ncc([N+](=O)[O-])c21,1.8536221,8.114927,30.437138,5.737503,3.3610504,584.6098,279.48322,175.06416,4.006160453932219
Nc1c([N+](=O)[O-])n(C=N[N+](=O)[O-])c(=O)n2c(N)nnc12,1.8128716,7.4654794,25.387398,4.266736,2.7659085,650.9826,97.49716,202.96426,4.027243807002468
Nc1nc2[nH]nc(C=N[N+](=O)[O-])c2c(N[N+](=O)[O-])c1[N+](=O)[O-],1.8052974,7.679851,26.846848,5.0019956,3.1393814,630.2009,258.9344,146.80438,3.9970516492336934
Nc1nnc2c([N+](=O)[O-])cc([N+](=O)[O-])c(N)n12,1.7894652,7.273274,23.876587,4.4422593,2.7928305,632.36725,164.19101,295.99155,3.1991742741482483
O=[N+]([O-])N=Cc1nc2c(O)nc(N[N+](=O)[O-])nc2n1[N+](=O)[O-],1.8538527,8.027074,29.757511,5.1536164,3.195155,622.1037,139.7934,139.35446,4.246373943888191
O=c1[nH]nc(C=N[N+](=O)[O-])n2nc([N+](=O)[O-])c(C=N[N+](=O)[O-])c12,1.8394651,7.9407773,28.929577,5.3422337,3.2237,605.0256,287.38443,178.24019,4.395854413172346
O=[N+]([O-])N=Cc1nc([N+](=O)[O-])nc2c([N+](=O)[O-])c[nH]c12,1.8092798,7.580219,26.263756,5.1459866,2.9844568,579.8621,210.6629,186.6359,3.9783722056478474
NN=c1c2c(nc([N+](=O)[O-])n2N)n(N)c(=O)n1N[N+](=O)[O-],1.8295974,7.9888887,29.364866,4.905005,3.4406135,704.95593,239.78586,163.05443,4.276502081970632
Nc1nc2c(nc(=O)c1N)c(N[N+](=O)[O-])nn2N[N+](=O)[O-],1.8104135,7.528949,25.911005,4.3880734,2.9034736,665.36835,146.09174,160.38365,3.9197480160365643
Nc1nc2nc([N+](=O)[O-])n([N+](=O)[O-])c2nc1C=N[N+](=O)[O-],1.8094639,7.9048715,28.518942,5.337009,3.3003516,619.74115,331.46844,140.11867,4.199420543509092
Nc1c([N+](=O)[O-])nn2c(=O)c(C=N[N+](=O)[O-])nnc2c1N,1.7920437,7.4022775,24.892447,4.58473,2.8720548,628.57056,231.09601,189.48212,3.970044169882719
Nc1c([N+](=O)[O-])n(C=N[N+](=O)[O-])c(=O)n(C=N[N+](=O)[O-])c1=O,1.8497247,7.8903656,28.613256,4.7466526,2.9885356,632.03235,-146.01352,188.22604,4.4587095920045705
Nn1c(=NC=N[N+](=O)[O-])c2c(n(N[N+](=O)[O-])c(=O)n2C=N[N+](=O)[O-])n([N+](=O)[O-])c1=O,1.8859675,8.351197,32.42103,5.2754126,3.440205,654.6396,114.16031,148.4664,5.05373673965153
Nc1ncc2c([N+](=O)[O-])nn(S(N)(=O)=O)c2n1,1.7015675,6.8482594,20.679174,3.9428556,2.5513718,648.96313,80.54465,238.41368,3.3856511972251706
O=[N+]([O-])c1ccn2nc([N+](=O)[O-])nc2n1,1.7437912,7.3489122,23.984833,5.04473,2.9263146,581.7995,241.00989,265.83746,3.3159278655206155
N=c1c2nc(C=N[N+](=O)[O-])n([N+](=O)[O-])c2nc([N+](=O)[O-])n1N,1.8482648,8.120774,30.415571,5.4298677,3.4788823,642.1084,370.21292,151.50542,4.433440863818058
O=c1c([N+](=O)[O-])cn(C=N[N+](=O)[O-])c2nc([N+](=O)[O-])c([N+](=O)[O-])n12,1.8690276,8.108255,30.446106,5.445562,3.1965787,586.0894,58.650944,193.89322,4.050120716077929
Nc1nn2c(=O)n(C=N[N+](=O)[O-])c([N+](=O)[O-])cc2c1[N+](=O)[O-],1.8326195,7.7127547,27.211838,4.8957386,2.9680555,608.17487,61.444294,194.54927,4.023217521642991
Nn1c([N+](=O)[O-])nc2c1n(C=N[N+](=O)[O-])c(=O)n2N[N+](=O)[O-],1.8698997,8.341884,32.23066,5.3323665,3.5266936,663.98413,173.20813,148.90921,4.507746964613814
NN=c1c2nc([N+](=O)[O-])n([N+](=O)[O-])c2n2c(C=N[N+](=O)[O-])nnc2n1N[N+](=O)[O-],1.8538018,8.403046,32.557716,5.8347454,3.771178,646.8528,601.0567,144.9791,4.754934152290457
O=c1[nH]c2c(=NN[N+](=O)[O-])n(C=N[N+](=O)[O-])c(=O)n(C=N[N+](=O)[O-])c2n1C=N[N+](=O)[O-],1.8655128,8.016854,29.721937,4.858471,3.0915165,639.4111,38.233875,155.45036,5.140464407958283
O=c1c(C=N[N+](=O)[O-])cnc2n(N[N+](=O)[O-])c([N+](=O)[O-])nn12,1.8163071,7.9714603,28.92719,5.4111624,3.3192537,615.79333,222.78711,133.37218,4.252839393692624
O=c1n(C=N[N+](=O)[O-])c(=NN[N+](=O)[O-])c2c([nH]c(=O)n2N[N+](=O)[O-])n1C=N[N+](=O)[O-],1.8787943,8.201895,31.193066,5.004697,3.2503319,652.8313,33.990665,154.60284,5.011328840430498
O=c1c2ncnn2c([N+](=O)[O-])c(C=N[N+](=O)[O-])n1N[N+](=O)[O-],1.8269175,8.055191,29.659908,5.517738,3.3893425,616.07153,269.3257,143.29135,4.146327268529651
Nn1c(=O)c2nn([N+](=O)[O-])cc2n(C=N[N+](=O)[O-])c1=O,1.8432418,7.673448,27.089336,4.639734,2.8860471,625.5289,6.4433923,159.85793,4.316887058091002
Nc1c([N+](=O)[O-])c([N+](=O)[O-])nc2nc(C=N[N+](=O)[O-])nn12,1.8558921,8.045274,29.894636,5.313123,3.294988,622.00195,334.5922,206.85622,3.9566677962563457
Nc1nc2nc3c(N[N+](=O)[O-])nn([N+](=O)[O-])c3c(C=N[N+](=O)[O-])c2n1[N+](=O)[O-],1.848019,8.071485,30.040518,5.424063,3.3568497,621.21924,406.1249,139.86516,4.5479976985088175
N=c1[nH]c(=NC=N[N+](=O)[O-])[nH]c(N)c1[N+](=O)[O-],1.7982697,7.3987045,24.77248,4.070144,2.8020594,692.92255,53.626118,217.23117,4.648149658763633
O=c1c(C=N[N+](=O)[O-])c([N+](=O)[O-])nc2nc([N+](=O)[O-])ncn12,1.8444846,7.6949563,27.262764,4.9461603,2.8571808,578.4466,118.385284,178.95813,3.88563470008115
Nn1nc(N[N+](=O)[O-])c2c([N+](=O)[O-])nn(C=N[N+](=O)[O-])c21,1.8391862,8.45466,32.840702,5.929482,3.9731011,671.523,481.68204,137.41702,4.490115598454148
Nn1c([N+](=O)[O-])c(C=N[N+](=O)[O-])n2cc([N+](=O)[O-])nc12,1.8048233,7.9641685,28.77336,5.581689,3.5053642,629.1583,294.5144,183.76906,4.157199104535124
Nc1c(N[N+](=O)[O-])oc2c(C=N[N+](=O)[O-])nn([N+](=O)[O-])c(=O)c2c1=O,1.8558043,7.7586846,27.826296,4.898109,2.8949978,592.4239,-117.42569,158.55516,4.387619767645174
Nn1c(=O)n([N+](=O)[O-])c2c1nc(C=N[N+](=O)[O-])n1c(N[N+](=O)[O-])c([N+](=O)[O-])nc21,1.8726368,8.14635,30.855078,5.3117323,3.2950525,621.8568,253.67444,142.24619,4.50690068575699
NN=c1c2nc([N+](=O)[O-])n([N+](=O)[O-])c2nc(N)n1N,1.8190521,7.8385067,28.195642,4.806836,3.3231728,694.8454,331.70547,157.81668,4.123768635832208
O=[N+]([O-])N=CN=c1c2nc(C=N[N+](=O)[O-])n(C=N[N+](=O)[O-])c2nc([N+](=O)[O-])n1C=N[N+](=O)[O-],1.8290439,8.119153,30.156467,5.5613837,3.4615479,623.15875,450.61472,164.32384,5.258338711776685
C[N+]([O-])=C1C=CC(=C2C(=O)N3C(=N[N+](=O)[O-])N=NC3N2[N+](=O)[O-])N([N+](=O)[O-])N1[N+](=O)[O-],1.7955241,8.02727,29.191483,5.682224,3.5677648,630.0092,277.05527,120.811844,5.511659682589299
O=[N+]([O-])N=Cc1nc([N+](=O)[O-])nc2nnn(N[N+](=O)[O-])c12,1.8412309,8.361689,32.130997,5.9357038,3.7476482,632.23846,539.4267,132.85303,4.364193418003019
Nc1nc2c(C=N[N+](=O)[O-])nc3c(c([N+](=O)[O-])nn3C=N[N+](=O)[O-])c(=O)n2n1,1.7868469,7.49443,25.380268,4.754331,2.8774812,607.4859,317.77628,179.34619,4.431595196484526
Nc1nc2c(nc([N+](=O)[O-])n2C=N[N+](=O)[O-])c(N)c1[N+](=O)[O-],1.8316897,7.609094,26.618776,4.6474075,2.9173489,629.85626,160.30014,207.42409,4.020837415542195
O=[N+]([O-])N=Cc1nc([N+](=O)[O-])c2c(nc([N+](=O)[O-])n2N[N+](=O)[O-])c1[N+](=O)[O-],1.8787416,8.539933,33.88713,6.177084,3.7436552,604.78326,345.67294,128.46996,4.303370598891108
Nc1nc([N+](=O)[O-])[nH]c(=O)c1N,1.7555015,6.6472783,19.795116,3.0476785,2.0667906,681.62714,-211.26555,288.79883,3.325552975799898
Nn1c(=NN[N+](=O)[O-])c2c(n(C=N[N+](=O)[O-])c(=O)n2C=N[N+](=O)[O-])n([N+](=O)[O-])c1=O,1.8864596,8.311942,32.084217,5.222268,3.387545,651.29517,103.63068,140.23076,5.032278706545396
O=[N+]([O-])Nc1nc([N+](=O)[O-])nc2[nH]ncc12,1.7732435,7.531505,25.59648,4.943451,3.067963,622.86346,263.12595,131.32133,3.444046027795884
O=c1n(N[N+](=O)[O-])c(=NC=N[N+](=O)[O-])c2c(nc(C=N[N+](=O)[O-])n2[N+](=O)[O-])n1C=N[N+](=O)[O-],1.8648926,8.378309,32.419586,5.630929,3.5709472,635.87683,294.54156,141.06137,5.2003225139295886
Nn1nc(C=N[N+](=O)[O-])c2nnc([N+](=O)[O-])n2c1=O,1.8242307,8.001249,29.23754,5.258393,3.3686378,641.71387,332.43637,184.2484,4.225153920900082
NN=c1c2c(nc([N+](=O)[O-])n1N)n(N)c(=O)n2N[N+](=O)[O-],1.8290737,7.9559655,29.106007,4.86349,3.3966026,702.4426,239.34341,155.77884,4.276502081970632
O=c1c(C=N[N+](=O)[O-])c([N+](=O)[O-])nc2n(C=N[N+](=O)[O-])nnn12,1.8526698,8.136755,30.402494,5.4528766,3.342591,614.45416,353.9326,179.82248,4.59382984741552
N=c1[nH]c(=O)n(C=N[N+](=O)[O-])c2c1nc([N+](=O)[O-])n2C=N[N+](=O)[O-],1.8403202,7.70949,27.273504,4.623391,2.8842106,627.52,87.58328,175.32968,4.813473669374632
O=[N+]([O-])N=Cn1c([N+](=O)[O-])nc2c1nc([N+](=O)[O-])n1cnnc21,1.8480967,7.88232,28.70233,5.29425,3.1537273,595.746,479.1674,175.38956,4.216750761984822
O=c1n(C=N[N+](=O)[O-])nc(-c2nnnn2C=N[N+](=O)[O-])c2c([N+](=O)[O-])ncn12,1.8282876,7.855718,28.244753,5.136692,3.1435013,613.2897,515.9925,187.92839,4.548497454752573
Nc1nc2c(N[N+](=O)[O-])n[nH]c3nnoc1c32,1.7735672,7.172496,23.394838,4.524432,2.7885315,617.85016,354.05173,161.25569,4.002620427994403
Nc1cc(C=N[N+](=O)[O-])c([N+](=O)[O-])c(O)c1[N+](=O)[O-],1.7919126,7.5039434,25.475933,4.985345,2.9697075,596.74786,-127.60534,194.74866,3.674368880730168
Nc1c([N+](=O)[O-])nc2c(C=N[N+](=O)[O-])nn(N)n2c1=O,1.8237747,7.6299577,26.634012,4.664847,3.0033994,646.8483,190.24683,196.07187,4.305039452866039
NN=c1[nH]c([N+](=O)[O-])nc2c1cnn2C=N[N+](=O)[O-],1.769802,7.4523587,24.942177,4.7558613,3.0809205,650.40497,360.1506,191.07307,4.475357523406173
O=c1[nH]c(=NC=N[N+](=O)[O-])c2c(n1N[N+](=O)[O-])n(N[N+](=O)[O-])c(=O)n2C=N[N+](=O)[O-],1.8758447,8.216889,31.242567,5.0787277,3.2969248,652.3738,45.128056,158.82057,5.100698840430499
Nc1c([N+](=O)[O-])c([N+](=O)[O-])nc2nc(C=N[N+](=O)[O-])c([N+](=O)[O-])n12,1.8713238,8.165385,30.892622,5.5229173,3.3462992,606.4448,239.82504,198.24805,4.0521602765174904
Nc1nn([N+](=O)[O-])c2c(C=N[N+](=O)[O-])c3n(N[N+](=O)[O-])ncn3c(=O)c12,1.8131678,7.644179,26.613985,4.9032745,3.0137055,618.31946,233.8092,141.66354,4.562434324628496
Nc1c([N+](=O)[O-])nc2n3c(nnc13)N=NN2,1.8129958,7.4185367,25.233482,4.455509,2.872954,646.1823,498.50967,294.55545,4.144370013809871
O=[N+]([O-])N=Cc1c2c([N+](=O)[O-])ncnc2nn1[N+](=O)[O-],1.8212724,8.004786,29.345284,5.7949147,3.434625,592.9387,418.40274,146.78517,4.15890553898118
O=[N+]([O-])N=Cc1nc([N+](=O)[O-])c2c([N+](=O)[O-])nn(C=N[N+](=O)[O-])c2n1,1.8344063,8.176978,30.61505,5.8155675,3.509943,603.1262,426.254,168.23155,4.4877134635015565
NN=c1c2c(N)nc(C=N[N+](=O)[O-])nc2n(N[N+](=O)[O-])c(=O)n1N[N+](=O)[O-],1.8131535,7.8250217,27.908648,4.8459363,3.2276013,669.42737,221.63583,157.65154,4.590997115684176
Nn1c(=O)n(N[N+](=O)[O-])c(=O)c2cnn(C=N[N+](=O)[O-])c21,1.8053226,7.641157,26.4856,4.703525,3.0084836,643.45197,56.013493,154.87975,4.258696917135467
O=c1c2c(nc([N+](=O)[O-])n1[N+](=O)[O-])nc(C=N[N+](=O)[O-])n2C=N[N+](=O)[O-],1.8658361,8.236279,31.414545,5.617013,3.3844306,602.4275,239.51443,134.90521,4.620036847323193
NC1=C([N+](=O)[O-])C([N+](=O)[O-])=CN2C(=NN[N+](=O)[O-])C(=NN[N+](=O)[O-])N=C12,1.8496982,8.232901,31.22967,5.6296625,3.5969346,641.1729,333.04565,153.56677,4.652133837289748
Nc1nc2c(cnn2[N+](=O)[O-])c(N)c1[N+](=O)[O-],1.8119913,7.3302693,24.661922,4.450589,2.7898564,630.26886,154.4487,167.80606,3.497971197225171
O=[N+]([O-])N=Cc1nn(C=N[N+](=O)[O-])c2nc([N+](=O)[O-])nc([N+](=O)[O-])c12,1.8415619,8.165324,30.637138,5.754444,3.468456,602.34845,411.53622,173.6895,4.521301752824174
Nc1nnc2nc([N+](=O)[O-])nn2c1C=N[N+](=O)[O-],1.7976894,7.872586,28.165207,5.3007765,3.4109087,644.34015,490.6569,182.20782,4.007700512334145
Nn1c(=O)c([N+](=O)[O-])c(C=N[N+](=O)[O-])n2nnnc12,1.8601708,8.150048,30.640028,5.4140825,3.4581394,640.5938,391.1378,191.97165,3.9345991697688625
Nn1c([N+](=O)[O-])nc2c(c1=NC=N[N+](=O)[O-])n(N[N+](=O)[O-])c(=O)n2[N+](=O)[O-],1.9002161,8.551374,34.12775,5.5933094,3.6449192,653.86365,238.8865,139.44653,4.721696059346146
O=[N+]([O-])N=Cc1c2c(N[N+](=O)[O-])nn([N+](=O)[O-])c2nc2c([N+](=O)[O-])[n+](C=N[N+](=O)[O-])cn12,1.8593296,8.252499,31.447588,5.778783,3.5395873,613.1393,441.61038,138.7322,4.999015946331535
Nc1nnc2n([N+](=O)[O-])nc(N)n12,1.7939057,7.769599,27.53273,4.5313454,3.314229,735.1139,353.69894,147.92587,3.9205184313275065
NN=C1C(=NN[N+](=O)[O-])N=C2NC(N)=C([N+](=O)[O-])N21,1.8280333,7.874625,28.50608,4.800397,3.3366992,699.04193,323.21725,182.81602,4.7394652331172775
N=c1c2nc(C=N[N+](=O)[O-])n([N+](=O)[O-])c2nc([N+](=O)[O-])n1C=N[N+](=O)[O-],1.8555268,8.226672,31.239313,5.6178064,3.4915748,622.31604,378.24405,149.69229,4.74837263327637
Nc1c([N+](=O)[O-])c(=O)n2nc(C=N[N+](=O)[O-])nc2n1[N+](=O)[O-],1.8822576,8.154311,30.99095,5.209705,3.2508528,626.05444,182.97601,152.1915,4.168389670184104
Nn1c(C=N[N+](=O)[O-])nc2c1c(=N[N+](=O)[O-])n(N[N+](=O)[O-])c(=O)n2N,1.843137,8.196471,30.865805,5.3440547,3.5842643,674.1456,292.8636,152.312,4.6188945928199985
Nc1nc2c(c(C=N[N+](=O)[O-])nn2[N+](=O)[O-])c(=NN[N+](=O)[O-])n1N[N+](=O)[O-],1.8618004,8.445229,32.847557,5.6799607,3.7649984,665.5427,435.4421,149.6156,4.81998750029956
Nc1nc2c(nnn2N)c(N[N+](=O)[O-])c1[N+](=O)[O-],1.8364468,7.900739,28.794807,4.983935,3.3509703,675.5571,347.73007,149.7854,3.684940425991914
Nn1c([N+](=O)[O-])nc2c([N+](=O)[O-])nc(C=N[N+](=O)[O-])c([N+](=O)[O-])c21,1.8585503,8.235387,31.369835,5.835456,3.5353622,605.508,333.95407,190.18193,4.120797639154853
Nc1c([N+](=O)[O-])cc([N+](=O)[O-])c2nnnn12,1.8455988,7.8370185,28.193874,5.2308273,3.215876,617.5293,317.95334,294.42386,3.1551917669404608
Nn1c(=O)n(N[N+](=O)[O-])c2c1ncc1c(=O)n(C=N[N+](=O)[O-])c(=O)n([N+](=O)[O-])c12,1.8355858,7.570167,26.3166,4.544783,2.7433848,606.78925,-75.4934,146.03009,4.459935251191554
Nn1c(=O)n(N[N+](=O)[O-])c2c(=NN[N+](=O)[O-])[nH]cnc21,1.8163553,7.7715197,27.602682,4.71622,3.182398,679.25116,168.7894,159.96088,4.449141436417078
O=[N+]([O-])N=Cc1c([N+](=O)[O-])cc2n([N+](=O)[O-])nc([N+](=O)[O-])n12,1.844363,8.414031,32.468704,6.274449,3.7881317,603.37427,330.63977,140.77237,4.290729988486492
Nn1c(=O)n(N[N+](=O)[O-])c(=O)c2c1nc([N+](=O)[O-])n2C=N[N+](=O)[O-],1.8752186,8.144061,30.79615,5.0511374,3.2327762,642.6428,27.48314,152.94139,4.386588847946062
NN=c1c2nn([N+](=O)[O-])c(C=N[N+](=O)[O-])c2nc([N+](=O)[O-])n1N,1.8435044,8.230621,31.1923,5.650438,3.7093678,658.3535,492.93307,160.09862,4.574799293780895
Nn1c2nc([N+](=O)[O-])n3c([N+](=O)[O-])c([N+](=O)[O-])nc3c2c(=NN[N+](=O)[O-])n1C=N[N+](=O)[O-],1.8831542,8.450026,33.16226,5.78524,3.65239,632.84106,441.35623,160.7778,4.729452602124445
NN=c1c2nc(N)n([N+](=O)[O-])c2n([N+](=O)[O-])c(=NN[N+](=O)[O-])n1N,1.8430278,8.357791,32.093388,5.369974,3.8180902,715.02826,417.03763,141.90689,4.728676760033974
Nc1noc([N+](=O)[O-])c1N[N+](=O)[O-],1.825608,8.580729,33.648434,6.092241,4.114363,676.85803,130.8205,150.2161,3.6445135056649347
Nc1nc2c([N+](=O)[O-])nc(C=N[N+](=O)[O-])nc2c(=NC=N[N+](=O)[O-])[nH]1,1.7819047,7.450002,25.129318,4.6883526,2.9182024,624.06433,323.53885,185.66345,4.640052367398361
Nn1c(C=N[N+](=O)[O-])nc2nnn([N+](=O)[O-])c2c1=O,1.8270984,8.032453,29.58255,5.3651943,3.4164097,638.4799,352.58194,145.31401,4.36555663583221
O=[N+]([O-])N=Cc1onc2c1c([N+](=O)[O-])nn2C=N[N+](=O)[O-],1.8226649,8.246341,31.050856,6.182543,3.7205768,600.4487,408.81644,176.85846,4.583912446343101
Nc1nnc(N[N+](=O)[O-])c2nn([N+](=O)[O-])c(N)c12,1.804964,7.827139,28.00471,5.030021,3.3946195,677.2519,372.97086,148.41792,3.9807375413765307
Nc1c([N+](=O)[O-])c2nc(C=N[N+](=O)[O-])nn2c(=O)n1N[N+](=O)[O-],1.8548493,8.094506,30.240025,5.1614842,3.3010893,642.3381,190.9401,156.05339,4.194922118497162
Nn1c(C=N[N+](=O)[O-])nc2c(c1=N[N+](=O)[O-])n(C=N[N+](=O)[O-])c(=O)n2[N+](=O)[O-],1.88301,8.361027,32.484314,5.4918623,3.5026338,639.3492,270.48447,148.73906,4.864750995806114
Nn1c(=N[N+](=O)[O-])c2c(=NN[N+](=O)[O-])n(N[N+](=O)[O-])c([N+](=O)[O-])nc2n(N)c1=O,1.90444,8.5654545,34.2158,5.448698,3.687361,680.3751,274.37317,151.65155,4.653798322330942
O=c1c(C=N[N+](=O)[O-])noc2c([N+](=O)[O-])nc(N[N+](=O)[O-])n12,1.8323119,8.14662,30.46549,5.6442566,3.399455,602.1111,155.22083,130.9897,4.316219576221958
Nc1nc(=O)c([N+](=O)[O-])c(C=N[N+](=O)[O-])n1[N+](=O)[O-],1.8670778,8.21642,31.16759,5.324542,3.3579261,633.19165,33.25629,142.78336,4.030802789678363
Nc1nc2nc([N+](=O)[O-])c(C=N[N+](=O)[O-])nc2n1[N+](=O)[O-],1.8412628,7.9865766,29.39133,5.2778826,3.2702627,621.3942,333.39746,163.00249,4.22749362043217
Nc1cn([N+](=O)[O-])c2c1c([N+](=O)[O-])nn2N,1.7856561,7.778268,27.400345,5.316735,3.5103126,661.9118,291.0299,175.22629,4.077841881941739
Nc1nc(N)c2nc(C=N[N+](=O)[O-])n([N+](=O)[O-])c(=N[N+](=O)[O-])c2n1,1.795963,7.6893635,26.838528,4.885959,3.1418576,645.53046,322.31265,139.7189,4.226541698220788
O=c1n(C=N[N+](=O)[O-])c(=NC=N[N+](=O)[O-])c2c(nc(C=N[N+](=O)[O-])n2C=N[N+](=O)[O-])n1C=N[N+](=O)[O-],1.8274124,7.9756403,29.052397,5.220657,3.256172,625.542,291.6316,162.86899,5.474809924689314
O=c1c2nncn2nc(C=N[N+](=O)[O-])n1[N+](=O)[O-],1.8161647,8.009921,29.341602,5.5742044,3.4238954,614.62177,390.9601,140.66287,4.1062766504817105
Nc1nc2nc([N+](=O)[O-])n([N+](=O)[O-])c2cc1[N+](=O)[O-],1.8212556,7.800361,27.812323,5.2436104,3.1430745,600.74994,158.75272,138.98952,3.5324575589091323
O=[N+]([O-])N=Cc1nc2c(=NN[N+](=O)[O-])n([N+](=O)[O-])c([N+](=O)[O-])nc2n1C=N[N+](=O)[O-],1.8801738,8.548295,33.883575,5.9684668,3.760358,630.2329,450.05045,132.95738,4.933051340430498
Nc1c([N+](=O)[O-])nc2c(C=N[N+](=O)[O-])nc(N[N+](=O)[O-])n2c1[N+](=O)[O-],1.8438804,8.114431,30.330431,5.451977,3.4113133,626.614,269.9706,137.45143,4.256276411001816
O=[N+]([O-])N=Cc1c([N+](=O)[O-])oc2c(=NN[N+](=O)[O-])nc[nH]c12,1.8102902,7.7656164,27.50059,5.332532,3.1870854,598.3023,166.11118,158.99615,4.5216072033406025
NN=c1c2c(nc([N+](=O)[O-])n1N[N+](=O)[O-])n(N)c(=O)n2N,1.8248705,7.9414654,28.98537,4.858322,3.3920245,702.52405,244.3664,153.85843,4.29849229176084
Nn1c(=O)n(N[N+](=O)[O-])c(=O)c2c1n(C=N[N+](=O)[O-])c(=O)n2N[N+](=O)[O-],1.8808212,8.159498,30.900843,4.896902,3.200864,656.8034,-107.2124,149.62769,4.620617724757778
Nc1c(O)n(N[N+](=O)[O-])c2cc([N+](=O)[O-])nc(C=N[N+](=O)[O-])c12,1.7754679,7.4102917,24.792294,4.8348627,2.945729,611.8466,31.221865,154.7225,4.295050239556432
O=[N+]([O-])c1nnoc1O,1.8397115,8.347562,31.729116,5.439863,3.4680285,638.4024,-98.136894,298.87088,3.755206853379403
O=[N+]([O-])N=Cc1c([N+](=O)[O-])nc2oc([N+](=O)[O-])cn12,1.8256605,7.9758797,29.058928,5.652654,3.2793183,579.4586,120.779175,175.02696,4.185673377913658
Nc1nc2nc(N[N+](=O)[O-])n(N)n2c(=O)c1[N+](=O)[O-],1.8472962,7.7991924,28.155249,4.514359,3.0176694,671.4309,87.251465,148.18466,3.9069572512168254
NN=c1c2nc([N+](=O)[O-])n(C=N[N+](=O)[O-])c2nc(N[N+](=O)[O-])n1[N+](=O)[O-],1.8936081,8.526718,33.90618,5.6841526,3.7195778,655.7635,410.30844,142.50247,4.585507750333226
Nn1c(N[N+](=O)[O-])nc2c([N+](=O)[O-])nc3nncn3c2c1=O,1.8354974,7.577775,26.565435,4.7210565,2.8942754,614.9877,334.58783,144.15428,3.848806434109834
N=c1c2nc(N)n([N+](=O)[O-])c2nc([N+](=O)[O-])n1N,1.8391373,7.7612476,27.797163,4.60963,3.098404,675.6398,231.81091,176.41264,4.066036047923174
Nc1oc([N+](=O)[O-])cc1[N+](=O)[O-],1.7841386,7.711503,26.660313,5.118951,3.1282601,614.0812,-161.79826,302.55682,3.200303348008334
NN=c1c2ncn(N[N+](=O)[O-])c2c([N+](=O)[O-])nn1N[N+](=O)[O-],1.8353202,8.3616705,32.024708,5.8032236,3.8999884,674.6855,479.85013,144.47493,4.3352357431059225
O=c1[nH]nc(N[N+](=O)[O-])c2[nH]cc(N[N+](=O)[O-])c12,1.8116896,7.4312015,25.289595,4.5158286,2.8288708,629.0214,47.442722,157.24329,3.655361108880455
Nc1c([N+](=O)[O-])c(C=N[N+](=O)[O-])nc2c1nc([N+](=O)[O-])n2N[N+](=O)[O-],1.8515269,8.179945,30.905884,5.5920143,3.484103,624.5474,294.28568,141.23743,4.254327459952866
Nc1nc(C=N[N+](=O)[O-])nc2c1c([N+](=O)[O-])c([N+](=O)[O-])n2N[N+](=O)[O-],1.8313541,8.129893,30.296764,5.608346,3.4977624,625.7259,292.81732,141.53555,4.165840047365454
Nc1c(C=N[N+](=O)[O-])c([N+](=O)[O-])n2c(C=N[N+](=O)[O-])nnc2c1[N+](=O)[O-],1.833615,8.021063,29.479443,5.627118,3.4171886,607.5873,384.59866,185.98149,4.3549512285940954
Nc1c(N[N+](=O)[O-])nc(N)n2nc([N+](=O)[O-])nc12,1.8163104,7.6478505,26.851128,4.4768715,3.0223455,678.9372,221.45334,154.39938,3.6640875413765306
O=c1nc(C=N[N+](=O)[O-])[nH]o1,1.7787012,7.713016,26.681557,4.8713098,3.0744457,634.8254,-61.07179,171.59822,4.176381874758769
Nn1nc2c(C=N[N+](=O)[O-])nc3c(c([N+](=O)[O-])nn3N)n2c1=O,1.803027,7.5927367,26.2312,4.775331,3.036819,638.4755,346.98746,184.6533,4.459714214661178
O=c1ooc2c(C=N[N+](=O)[O-])c([N+](=O)[O-])c(C=N[N+](=O)[O-])nc12,1.82731,7.7941113,27.771925,5.604977,3.07233,547.09863,94.45584,186.78174,4.571370045926687
O=[N+]([O-])N=CN=c1c2c(nc([N+](=O)[O-])n1[N+](=O)[O-])nc(C=N[N+](=O)[O-])n2C=N[N+](=O)[O-],1.8443385,8.32028,31.817177,5.842665,3.623171,621.05383,465.37308,126.000275,5.082610839839654
Nc1nc2c(=N[N+](=O)[O-])n(N[N+](=O)[O-])c([N+](=O)[O-])nc2n1N,1.8563529,8.327914,31.982609,5.3991594,3.6688914,683.1676,350.07864,140.31525,4.244658105197368
N=c1[nH]c(N)c([N+](=O)[O-])c2nc(C=N[N+](=O)[O-])nc(C=N[N+](=O)[O-])c12,1.7926116,7.2673683,24.009943,4.537962,2.756192,609.65424,235.29974,199.39427,4.608753647198457
O=[N+]([O-])Nc1ncnc2c1cnn2[N+](=O)[O-],1.7842077,7.657101,26.594982,5.247614,3.242369,619.8226,327.98035,130.18118,3.4891561676560245
Nn1c(C=N[N+](=O)[O-])nc2c(nc([N+](=O)[O-])n2N[N+](=O)[O-])c1=O,1.8354975,8.101404,30.108107,5.3605866,3.4175413,640.4302,252.63525,136.88974,4.2616151828099
N=c1c2c(nc([N+](=O)[O-])n1C=N[N+](=O)[O-])[nH]c(=O)n2C=N[N+](=O)[O-],1.8471628,7.7077565,27.349318,4.5757275,2.8534944,627.11835,69.62627,183.6987,4.6415693424515565
NN=c1c2nc(N)nc([N+](=O)[O-])c2nc(N[N+](=O)[O-])n1C=N[N+](=O)[O-],1.7956862,7.7241845,27.143011,4.8293815,3.1824563,661.9131,359.69693,150.1397,4.352878790711659
O=c1[nH]c(=NN[N+](=O)[O-])c2nc(C=N[N+](=O)[O-])[nH]c2n1N[N+](=O)[O-],1.8511435,7.998397,29.439844,4.9232855,3.205768,654.7306,145.5263,155.8298,4.7832967093154615
O=[N+]([O-])N=Cc1nc([N+](=O)[O-])c2c(n1)nc(N[N+](=O)[O-])n2[N+](=O)[O-],1.84226,8.350033,32.056114,5.9116282,3.645391,616.9852,390.5253,131.47615,4.29579626552848
O=[N+]([O-])N=Cc1noc2c([N+](=O)[O-])c3n[nH]nc3c([N+](=O)[O-])c12,1.8390528,7.8858075,28.600801,5.839808,3.2520478,555.23627,421.61508,192.32635,4.0478584542925145
Nc1nc2c(c(=O)n(C=N[N+](=O)[O-])c(=O)n2[N+](=O)[O-])n1C=N[N+](=O)[O-],1.8576204,7.8189383,28.334793,4.61635,2.8963025,630.44073,-37.73367,145.643,4.665749138274545
Nn1c(=O)n(C=N[N+](=O)[O-])c(=NN[N+](=O)[O-])c2[nH]c([N+](=O)[O-])nc21,1.8604914,8.076103,30.160923,4.9836297,3.2692456,659.1638,167.27438,155.26367,4.6263277559130955
Nc1nc2c(nc(N)n3nc([N+](=O)[O-])nc23)n1N[N+](=O)[O-],1.80539,7.4787564,25.59668,4.3384614,2.859723,662.37396,326.89276,163.1534,3.8480136609180002
N=c1n(N[N+](=O)[O-])c2c(=NN[N+](=O)[O-])n(N[N+](=O)[O-])c(=O)n(N[N+](=O)[O-])c2n1N[N+](=O)[O-],1.9284136,8.979056,37.695576,5.8482814,4.0572,696.97375,255.09927,149.06068,5.026744709428904
Nc1nc2[nH]c(=O)n(N[N+](=O)[O-])c(=NC=N[N+](=O)[O-])c2n1[N+](=O)[O-],1.8563688,7.9944305,29.45532,4.798008,3.1584697,662.1556,109.91092,152.35054,4.627956842451558
O=[N+]([O-])N=CN1N=C([N+](=O)[O-])c2nn(C=N[N+](=O)[O-])c3nnc1n23,1.8603461,8.344281,32.20068,5.766997,3.6650856,634.75946,682.3169,171.21729,4.854032803990019
Cc1c(C2NC(=O)N=C(n3nnc([N+](=O)[O-])n3)c3nc(C=N[N+](=O)[O-])n([N+](=O)[O-])c32)oc([N+](=O)[O-])c1[N+](=O)[O-],1.7726954,7.578192,25.75757,5.126678,3.022417,591.1101,191.28693,164.83061,5.117882341430217
O=c1c2c(c(C=N[N+](=O)[O-])nn1C=N[N+](=O)[O-])n([N+](=O)[O-])c(=O)n2C=N[N+](=O)[O-],1.8561487,8.111572,30.373468,5.387151,3.2761736,609.3568,147.65686,145.1399,4.987696689752993
Nn1c([N+](=O)[O-])nc2nnc(C=N[N+](=O)[O-])n2c1=O,1.833542,7.938782,28.90475,5.0445914,3.231537,641.56305,286.74808,175.40025,4.109353920900082
Nc1nc2c(N[N+](=O)[O-])nc(=O)n(N)c2n1[N+](=O)[O-],1.856644,7.8253245,28.386976,4.5071216,3.0211823,673.84656,92.75421,153.2211,4.025100943524517
CN1C(=O)NC2([N+](=O)[O-])CN([N+](=O)[O-])C([N+](=O)[O-])=CC2=C1[N+](=O)[O-],1.7919363,7.7144737,26.95219,5.0717964,3.196934,632.5093,-191.6352,129.41354,4.827544063494985
O=[N+]([O-])N=Cc1c2nc(C=N[N+](=O)[O-])n(N[N+](=O)[O-])c2nc2[nH]nc([N+](=O)[O-])c12,1.8233948,7.8733697,28.38936,5.406647,3.2537186,603.6333,456.48874,153.60521,4.594410199028529
O=[N+]([O-])N=Cc1noc2c([N+](=O)[O-])c(O)c([N+](=O)[O-])cc12,1.8035135,7.604712,26.284517,5.50362,3.001775,544.4021,-23.93962,201.65967,3.679809005047554
O=c1c(C=N[N+](=O)[O-])nc2c(cnn2[N+](=O)[O-])n1N[N+](=O)[O-],1.8316064,8.105358,30.101158,5.6113853,3.457471,617.18634,281.5497,136.87067,4.4629958474084
Nc1nnc2n(N)c(=O)c([N+](=O)[O-])c(N[N+](=O)[O-])n12,1.8459617,7.92132,28.971237,4.779284,3.2136784,675.90063,167.87573,140.09114,3.682502789678363
O=[N+]([O-])N=Cc1nc2c(c([N+](=O)[O-])c([N+](=O)[O-])n2C=N[N+](=O)[O-])c2nncn12,1.8240858,7.844488,28.14484,5.506441,3.2277722,586.20374,472.832,183.09991,4.427692767334728
Nc1nn(C=N[N+](=O)[O-])c2c1c(N)c([N+](=O)[O-])n2[N+](=O)[O-],1.812679,7.9864306,29.068354,5.3375974,3.4940174,657.22455,281.44305,156.93385,4.3966741099426585
Nc1c(N)n(C=N[N+](=O)[O-])c(=O)n2c1nc1nc([N+](=O)[O-])n(N[N+](=O)[O-])c(=O)c12,1.833385,7.468473,25.667511,4.3165236,2.6688993,621.6537,-21.55232,154.02934,4.4783524340087375
Nc1nc2c(nnc(=O)n2[N+](=O)[O-])[nH]1,1.8241754,7.4754996,25.813421,4.193159,2.7288744,653.59595,146.48483,149.0205,3.6666510310362668
Nc1nnc2c(=O)[nH]c(=O)n(C=N[N+](=O)[O-])c2n1,1.7778294,6.7544427,20.595724,3.3125904,2.0649452,626.2499,-65.78899,188.62549,3.782341642632418
O=c1[nH]c(=O)n(C=N[N+](=O)[O-])c2nc([N+](=O)[O-])n(C=N[N+](=O)[O-])c12,1.8673943,7.7352304,27.66267,4.5182796,2.7414017,610.18414,-88.00707,175.75545,4.395326313605402
O=[N+]([O-])N=CC1=C([N+](=O)[O-])N(C=N[N+](=O)[O-])C(N[N+](=O)[O-])=C(c2nonc2[N+](=O)[O-])C1=C1N=NN=N1,1.8524781,8.360672,32.20443,6.1713824,3.7403972,605.4437,724.6267,139.42671,5.040603891252942
O=c1cc([N+](=O)[O-])nc2n(C=N[N+](=O)[O-])c([N+](=O)[O-])nn12,1.8488498,7.9325233,28.908361,5.154352,3.0810125,599.3495,136.0133,181.90302,4.072525488564038
N=c1c2nc([N+](=O)[O-])n([N+](=O)[O-])c2nc(C=N[N+](=O)[O-])n1N[N+](=O)[O-],1.8705863,8.467612,33.220226,5.8544617,3.7209644,636.71564,392.2747,140.35251,4.57525403337944
NN=c1c2nc(N[N+](=O)[O-])n(N)c2nc([N+](=O)[O-])n1N[N+](=O)[O-],1.8545208,8.363967,32.331554,5.4542413,3.7751608,694.7524,427.2402,150.35811,4.328991475369798
O=[N+]([O-])N=CN=c1c2cnn(C=N[N+](=O)[O-])c2nc([N+](=O)[O-])n1[N+](=O)[O-],1.8162153,8.151471,30.245876,5.780318,3.5820012,621.0346,456.5029,118.07254,4.780194764188936
O=[N+]([O-])N=Cc1c([N+](=O)[O-])nc2nnnn2c1C=N[N+](=O)[O-],1.8390704,8.208583,30.872463,5.8957486,3.6251326,614.7628,608.82404,164.90242,4.335057972571372
O=[N+]([O-])N=Cc1nnn2c(C=N[N+](=O)[O-])nc3c(c([N+](=O)[O-])nn3N[N+](=O)[O-])c12,1.8206477,8.1364355,30.223639,5.8600736,3.5901027,613.3266,629.84186,143.61696,4.743669984812365
O=[N+]([O-])Nc1n[nH]c2c(O)n[nH]c12,1.8045084,7.4400506,25.350576,4.346065,2.8716996,662.9217,98.97089,167.84262,3.801970519239596
O=c1c2c(C=N[N+](=O)[O-])nn(C=N[N+](=O)[O-])c2nc(C=N[N+](=O)[O-])n1[N+](=O)[O-],1.8329549,8.066665,29.867573,5.5755873,3.3721273,605.50684,319.08307,145.4309,4.926198929278048
Nc1c(C=N[N+](=O)[O-])c2nc([N+](=O)[O-])n(N)c(=NN[N+](=O)[O-])c2n1[N+](=O)[O-],1.8527023,8.227361,31.150194,5.5429673,3.6107042,653.41754,346.47372,158.55438,4.664070707233471
N=c1c2nc([N+](=O)[O-])n(N)c(=NN[N+](=O)[O-])c2nc([N+](=O)[O-])n1C=N[N+](=O)[O-],1.8693789,8.257211,31.621983,5.416765,3.506297,649.40594,377.639,158.18149,4.6965220976772155
Nc1nnc2n([N+]=O)c(C=N[N+](=O)[O-])c([N+](=O)[O-])n12,1.8309771,8.246842,31.122755,5.7068577,3.7152295,651.9461,485.1545,189.53844,4.553929486510944
O=c1[nH]c(=NC=N[N+](=O)[O-])c2c(nc([N+](=O)[O-])n2C=N[N+](=O)[O-])n1C=N[N+](=O)[O-],1.8527682,7.9557366,29.142385,4.9613523,3.0987344,626.9247,158.58218,180.49767,5.073163146373296
NN=c1c2nc([N+](=O)[O-])n(N[N+](=O)[O-])c2n(C=N[N+](=O)[O-])c(=O)n1C=N[N+](=O)[O-],1.8587962,8.254417,31.448606,5.3317704,3.4681437,653.4598,258.3947,142.02017,4.9294385478948515
Nc1nc2nc([N+](=O)[O-])nc(N)n2c(=O)c1C=N[N+](=O)[O-],1.7644761,6.9523644,21.702038,3.7785494,2.357067,627.23047,-5.3463264,188.0807,3.9713719171354667
O=[N+]([O-])N=Cc1c([N+](=O)[O-])ncc2nnc([N+](=O)[O-])n12,1.8134111,8.032231,29.411467,5.8444796,3.4898882,596.8563,441.37924,165.56628,3.97777989795554
Nc1c(N[N+](=O)[O-])nn2c(N)nnc2c1N[N+](=O)[O-],1.8065416,7.849984,28.209236,4.877183,3.4063265,700.70123,386.48026,159.21733,3.737337631307323
N=c1[nH]c([N+](=O)[O-])nc2c1nc(Oc1c([N+](=O)[O-])cc([N+](=O)[O-])cc1[N+](=O)[O-])n2[N+](=O)[O-],1.8340524,7.7153563,27.386044,5.156799,2.9338298,570.5523,47.04758,159.04173,3.8347011089117737
NN=c1c2nc([N+](=O)[O-])n([N+](=O)[O-])c2nc(C=N[N+](=O)[O-])n1N[N+](=O)[O-],1.8652594,8.520994,33.56203,5.941872,3.858934,650.625,479.09067,144.54092,4.6455358439787116
O=c1[nH]c2c(=O)nc(C=N[N+](=O)[O-])n([N+](=O)[O-])c2nc1C=N[N+](=O)[O-],1.8431345,7.673858,27.0872,4.8405604,2.8314054,587.4865,49.548862,131.52872,4.4308925679791695
Nc1n[nH]c2nc(O)c(O)c(=O)n12,1.7547967,5.8960433,15.670354,2.128426,1.340112,628.07227,-412.5364,302.36108,3.620875793964869
NNc1c([N+](=O)[O-])c([N+](=O)[O-])c([N+](=O)[O-])c2c1nnc1nc(C=N[N+](=O)[O-])c([N+](=O)[O-])n12,1.8613534,8.130276,30.571966,5.750662,3.4209247,595.1861,444.56577,198.70035,4.10344681026924
Nn1c([N+](=O)[O-])nc2cnc(O[N+](=O)[O-])nc21,1.799228,7.793501,27.644503,5.2057137,3.223578,621.7723,201.08179,122.0443,3.6984354781616258
Nc1nc(N[N+](=O)[O-])n(N[N+](=O)[O-])c2ncnc1-2,1.7602571,7.51832,25.391815,4.689184,3.138318,672.3034,273.0276,151.25323,3.7944358341551805
Nc1nn(N)c2nc([N+](=O)[O-])n([N+](=O)[O-])c(=NC=N[N+](=O)[O-])c12,1.8241547,8.0725155,29.823534,5.297933,3.5243602,668.0512,393.01993,135.54247,4.593271424928436
O=[N+]([O-])NC1=NN=C2c3cnn([N+](=O)[O-])c3C=NC2N1[N+](=O)[O-],1.8188541,7.9747252,29.126968,5.7243648,3.5297797,617.85297,530.5946,137.76582,5.021983503233852
Nn1c(=NC=N[N+](=O)[O-])nc(C=N[N+](=O)[O-])c2c1n([N+](=O)[O-])c(=O)n2[N+](=O)[O-],1.8776045,8.357043,32.44094,5.5260773,3.5328653,640.63965,281.55215,144.62378,5.005601931357051
Nc1nc2c(=O)n(C=N[N+](=O)[O-])nnc2n1[N+](=O)[O-],1.8407295,7.967046,29.226847,5.02898,3.2292888,644.6693,288.02377,149.83537,4.280877902800535
O=c1[nH]c2c(nc([N+](=O)[O-])n2N[N+](=O)[O-])c(=NC=N[N+](=O)[O-])n1C=N[N+](=O)[O-],1.8724821,8.208262,31.209759,5.187957,3.3057072,640.18823,171.36209,138.56506,4.896387236970356
O=C(O)c1nc2cnc3c([N+](=O)[O-])nn(C=N[N+](=O)[O-])c3c2o1,1.8146697,7.039866,22.675627,4.128971,2.2515347,547.8691,-147.88503,186.94412,4.017645267479328
Nc1oc([N+](=O)[O-])c2c(=O)n(N)nnc12,1.775652,7.2393894,23.583546,4.3432918,2.6934135,623.50385,6.598788,280.1919,3.886268503419302
Nn1c(N[N+](=O)[O-])nc2c1c(=O)n(C=N[N+](=O)[O-])c(=O)n2[N+](=O)[O-],1.883936,8.129952,30.79879,4.926072,3.1634846,644.49457,0.2479426,146.64166,4.392267968825182
Nn1nc(C=N[N+](=O)[O-])c2c([N+](=O)[O-])nn(N)c2c1=O,1.800854,7.745555,27.255838,5.1028795,3.2887695,646.8797,305.6767,181.27673,4.353265867960378
Nn1cnc([N+](=O)[O-])c1[N+](=O)NN=c1c2nc(C=N[N+](=O)[O-])n([N+](=O)[O-])c2nc(C=N[N+](=O)[O-])n1[N+](=O)[O-],1.8362204,8.286668,31.544672,5.826292,3.7040434,636.2837,586.04395,140.98204,5.097410627520308
O=[N+]([O-])N[N+]([O-])=Nn1cnnc1,1.7485586,8.478634,32.024746,6.314534,4.5465684,722.26086,481.2994,148.6577,4.323733169799446
NN=c1c2nc([N+](=O)[O-])nc(C=N[N+](=O)[O-])c2nc([N+](=O)[O-])n1N,1.828706,7.878354,28.536892,5.1800556,3.303952,638.88727,422.9393,177.36447,4.384117419374634
Nn1c([N+](=O)[O-])nc2nc([N+](=O)[O-])n(N[N+](=O)[O-])c(=NC=N[N+](=O)[O-])c21,1.8652152,8.462755,33.135147,5.7517166,3.7551858,654.488,413.47134,137.23842,4.626165275416838
Nc1nc2c(=N[N+](=O)[O-])n(N)c(C=N[N+](=O)[O-])nc2n1[N+](=O)[O-],1.8396791,8.123947,30.337975,5.298155,3.5130193,665.21686,394.92276,151.99214,4.535996015092371
O=c1c(C=N[N+](=O)[O-])c([N+](=O)[O-])nc2n(N[N+](=O)[O-])c(C=N[N+](=O)[O-])c([N+](=O)[O-])n12,1.870787,8.32964,32.065063,5.701701,3.4708362,609.4418,168.04492,142.49081,4.6152798749971975
C=[N+]([O-])N=Cc1nc2c([N+](=O)[O-])nn([N+](=O)[O-])c2c(=O)n1N,1.7690583,7.6889596,26.624779,5.2908816,3.3064065,627.18933,277.61575,155.9079,4.481940598566068
Nc1c2n(n1[N+](=O)[O-])C(C=N[N+](=O)[O-])=NC2=O,1.8033359,7.7492547,27.244928,4.9859657,3.1342669,632.3004,125.51291,154.81183,4.504598889532864
O=[N+]([O-])N=Cc1nc2c([N+](=O)[O-])cnc([N+](=O)[O-])n2c1[N+](=O)[O-],1.8487577,8.125379,30.418718,5.8265295,3.4027143,582.3791,294.32263,186.78429,3.9275347288376423
Nc1nn2c(nnn2N)c1[N+](=O)[O-],1.8159182,8.015635,29.289396,5.0048485,3.6263766,727.7438,424.90445,334.56573,3.969490299459376
Nc1nc2c(cc1[N+](=O)[O-])nc(N[N+](=O)[O-])n2[N+](=O)[O-],1.8392222,7.8777146,28.553804,5.1232505,3.186709,624.3535,183.29794,148.46243,3.5428478708631346
Nc1c(C=N[N+](=O)[O-])n([N+](=O)[O-])c2nnc(N)n2c1=O,1.8157595,7.587378,26.291859,4.566616,2.9521258,650.32996,171.9715,136.22414,4.196007522532221
N=c1nc([N+](=O)[O-])n(C=N[N+](=O)[O-])c2nc([N+](=O)[O-])cnc12,1.8114469,7.6262765,26.56223,4.992346,2.9884439,599.844,285.6089,183.15475,4.247540306339299
O=c1c2ncc(C=N[N+](=O)[O-])nc2n(N[N+](=O)[O-])c(=O)n1N[N+](=O)[O-],1.8203455,7.779873,27.601435,4.980584,3.043325,613.83575,62.622364,145.2989,4.255932981297194
Nc1ccc(-n2nnc3c([N+](=O)[O-])nc([N+](=O)[O-])n32)c([N+](=O)[O-])c1C(=O)O,1.7422236,7.020768,21.83935,4.384163,2.4904175,571.20245,-47.657917,245.22073,3.6233778849149445
O=[N+]([O-])N=Cc1nc([N+](=O)[O-])c(C=N[N+](=O)[O-])n2c([N+](=O)[O-])nnc12,1.8333459,8.246362,31.173628,5.9974594,3.6171017,602.01984,488.19638,165.1859,4.439249858449891
Nn1nc(C=N[N+](=O)[O-])c(=NC=N[N+](=O)[O-])c2nc(C=N[N+](=O)[O-])n([N+](=O)[O-])c(=O)c21,1.8216754,7.968145,29.036016,5.421136,3.365591,621.83813,388.04636,152.44232,5.103910561804437
O=c1cc(O)n2nnnc2o1,1.7389112,6.526109,18.806192,3.3989239,1.933918,572.6126,-181.04404,288.42508,3.562744753170678
Nc1c(N)n([N+](=O)[O-])c2nnc(C=N[N+](=O)[O-])n2c1=O,1.8150657,7.6303153,26.623297,4.6591234,3.018498,650.7955,192.58322,152.21205,4.213448451414658
N=c1c2nc(N)nc(N[N+](=O)[O-])c2nc([N+](=O)[O-])n1C=N[N+](=O)[O-],1.8174471,7.6531043,26.826208,4.663066,2.9930568,644.4022,248.98141,154.9725,4.202864775143864
Nc1c(C=N[N+](=O)[O-])nc2n(C=N[N+](=O)[O-])c([N+](=O)[O-])nn2c1=O,1.8299042,7.7964773,27.819666,4.9392986,3.069447,624.0841,200.54245,167.6849,4.535429919374634
Nc1c([N+](=O)[O-])n(N)c(=O)n(N)c1=O,1.8200388,7.3291125,24.543941,3.7819266,2.622802,697.12067,-200.78087,307.0329,3.411854212065764
C[N+](C)([O-])c1nc2c(=O)n(C=N[N+](=O)[O-])c([N+](=O)[O-])nc2n1C=N[N+](=O)[O-],1.6929739,7.275807,23.107857,4.798669,3.0818608,643.9004,66.48367,181.53186,4.833358464546581
O=[N+]([O-])N=Cn1cnc2c(=NN[N+](=O)[O-])n([N+](=O)[O-])c([N+](=O)[O-])nc21,1.8693392,8.403033,32.64133,5.786413,3.6552365,632.57385,398.84628,132.4012,4.545656517462521
NN=c1c2[nH]c(=O)n([N+](=O)[O-])c2nc(C=N[N+](=O)[O-])n1N[N+](=O)[O-],1.8729584,8.162941,30.924408,5.0835257,3.3307803,658.7283,215.38284,155.32777,4.621046746297711
Nn1nc([N+](=O)[O-])c2c1nc(C=N[N+](=O)[O-])n1c2nc2c1c(=O)n([N+](=O)[O-])c(=O)n2N[N+](=O)[O-],1.8686886,7.9292417,29.210894,5.020734,3.0323906,606.0888,211.08066,155.6276,4.620388700199856
Nc1c2c([N+](=O)[O-])nn(C=N[N+](=O)[O-])c(=O)c2nn1C=N[N+](=O)[O-],1.8257748,7.886815,28.467207,5.1818566,3.221395,623.95074,254.99695,172.22647,4.589739294374633
NN=c1[nH]c([N+](=O)[O-])nc2c([N+][O-])nc(N)nc12,1.7491941,7.1231165,22.71161,4.1295266,2.7142973,660.0144,290.4861,273.38162,4.4489661324283345
Nn1c([N+](=O)[O-])nc2c1N=NC2=C1N=NN=N1,1.8171958,7.860033,28.47103,5.45313,3.4793823,637.7813,800.0267,278.71722,4.443063697225172
O=C(O)C1=C(C=N[N+](=O)[O-])N(O)C2(C=N[N+](=O)[O-])C(=O)N12,1.8014233,7.495144,25.44558,4.554859,2.7497616,606.0465,-371.53864,174.23518,5.039446551491388
Nc1nc(N[N+](=O)[O-])n2c([N+](=O)[O-])c(N)nc2n1,1.7967523,7.433495,25.124714,4.160835,2.8057017,678.44745,151.55588,158.70541,3.6439413875303757
NN=c1c2nc(N[N+](=O)[O-])c([N+](=O)[O-])c(=O)n2c(C=N[N+](=O)[O-])c(C=N[N+](=O)[O-])n1C=N[N+](=O)[O-],1.8521215,8.063895,29.990967,5.333939,3.3214335,624.3382,266.88663,149.39569,4.906576593806697
O=[N+]([O-])c1cc([N+](=O)[O-])c(O)c([N+](=O)[O-])c1,1.8138337,7.6114655,26.215828,5.3399715,2.9816608,558.21326,-220.56395,252.89359,2.3040655485190644
N=c1c2c(nc([N+](=O)[O-])n1[N+](=O)[O-])nc(C=N[N+](=O)[O-])n2N[N+](=O)[O-],1.877294,8.447474,33.116337,5.795207,3.672968,635.06665,376.4716,133.72699,4.578950536875943
O=c1nc([N+](=O)[O-])c(C=N[N+](=O)[O-])c[nH]1,1.7576215,7.3577366,24.174652,4.6905804,2.8302374,606.41943,-32.648663,189.35883,3.906885426496225
NC(=O)ON=C1N=NN=NC1=c1c([N+](=O)[O-])c(N)[n+](=c2[nH]c3c(n2[N+](=O)[O-])n([N+](=O)[O-])c(=O)n3N[N+](=O)[O-])n1N[N+](=O)[O-],1.8684609,8.302622,31.868704,5.247281,3.427988,656.6539,276.38858,159.42987,5.327663234350359
Nc1nc2c(c(=NC=N[N+](=O)[O-])[nH]c(=O)n2[N+](=O)[O-])n1N,1.8232687,7.55282,26.180628,4.258989,2.8561997,674.12714,100.35669,166.20526,4.624094444607994
Nn1c(=O)n(N[N+](=O)[O-])c2c1c(=O)n(N[N+](=O)[O-])c(=O)n2C=N[N+](=O)[O-],1.8842797,8.163764,30.959732,4.8811255,3.192478,657.1046,-110.55371,152.11415,4.620617724757778
Nn1c(=O)n(N[N+](=O)[O-])c(=NC=N[N+](=O)[O-])c2nc([N+](=O)[O-])n([N+](=O)[O-])c21,1.8973608,8.546266,34.059166,5.626696,3.6682007,653.9302,251.40302,142.73207,4.732199634644089
O=[N+]([O-])Nc1nnnc2c([N+](=O)[O-])cnn12,1.8296082,8.292806,31.590353,5.97695,3.8227448,639.4452,541.49365,131.7176,3.350855118704975
O=c1c2c(cnn1C=N[N+](=O)[O-])n(N[N+](=O)[O-])c(=O)n2N[N+](=O)[O-],1.8336551,8.091015,29.962875,5.3170447,3.3728876,636.83936,101.60806,143.70569,4.548791457836172
NN=c1c2c(n(C=N[N+](=O)[O-])c(=O)n1N[N+](=O)[O-])n(N[N+](=O)[O-])c(=O)n2N[N+](=O)[O-],1.8966626,8.516003,33.739086,5.3447857,3.6079867,678.03186,112.29138,151.75433,4.945712202163703
O=c1c2cc([N+](=O)[O-])c(C=N[N+](=O)[O-])nc2c([N+](=O)[O-])nn1C=N[N+](=O)[O-],1.8146673,7.738344,27.273579,5.4107265,3.0791152,569.0717,202.86948,181.40031,4.268247115684176
Nc1c([N+](=O)[O-])c(-n2c(C=N[N+](=O)[O-])c3ncncn3c2=O)n2nnnc2c1[N+](=O)[O-],1.8012468,7.2551246,23.9431,4.525511,2.6377704,584.3199,378.33102,211.81775,4.010815377810543
O=C1OCC2([N+](=O)[O-])CCN([N+](=O)[O-])C(=O)N12,1.7803179,7.240576,23.661255,4.0600486,2.5879529,639.2724,-524.6606,152.37004,4.569009652759915
Nc1oc2nc(C=N[N+](=O)[O-])nc([N+](=O)[O-])c2c1[N+](=O)[O-],1.8206837,7.6894097,26.985043,5.097926,2.9778159,585.3513,74.42799,200.80057,4.053855433618983
Nc1oc(O)cc(=O)c1[N+](=O)[O-],1.7855122,6.5635595,19.31313,3.2011771,1.8447659,582.7652,-522.3323,304.93195,3.3447857301423287
Nc1nc(N[N+](=O)[O-])c(N)c2c1cnn2[N+](=O)[O-],1.7502879,7.240958,23.479994,4.487178,2.9348152,656.1529,197.49521,160.55826,3.8073577336842224
Nc1c(N[N+](=O)[O-])nc2c(N)nnn2c1[N+](=O)[O-],1.7965128,7.749307,27.340864,4.8762894,3.28943,677.0458,340.8514,153.60394,3.715736579838069
Nn1nc([N+](=O)[O-])n2c(C=N[N+](=O)[O-])nnc12,1.8105184,8.306017,31.372887,5.8732586,3.9439828,672.25073,552.6115,181.05649,4.301110394549586
O=[N+]([O-])N=Cc1nn2c([N+](=O)[O-])c(C=N[N+](=O)[O-])nc2nc1[N+](=O)[O-],1.8425659,8.256077,31.343178,5.959494,3.5942025,602.1118,473.51505,171.38634,4.417164209770213
Cc1c([N+](=O)[O-])c2c(c([N+](=O)[O-])nn2[N+](=O)[O-])c(=O)n1N,1.7719012,7.6745253,26.454329,5.3411083,3.2725139,614.6213,56.546528,123.68579,3.744428235816785
O=[N+]([O-])N=CN=c1c2c(nc([N+](=O)[O-])n1C=N[N+](=O)[O-])nc(C=N[N+](=O)[O-])n2C=N[N+](=O)[O-],1.8227819,8.1143875,30.066174,5.580467,3.4754882,623.8341,462.46695,172.73712,5.260177605467264
Nc1nn([N+](=O)[O-])c2nc(C=N[N+](=O)[O-])nc([N+](=O)[O-])c12,1.8396664,8.057907,29.921415,5.474595,3.4057927,623.7091,372.41837,138.8206,4.212591697355247
O=c1c2c(n(C=N[N+](=O)[O-])c(=O)n1C=N[N+](=O)[O-])n(C=N[N+](=O)[O-])c(=O)n2N[N+](=O)[O-],1.8584677,8.01304,29.615564,4.9157276,3.0678968,626.7583,-88.35613,145.72498,5.0491549231145925
O=[N+]([O-])N=Cc1n[nH]c2nnc3n(C=N[N+](=O)[O-])nc(C=N[N+](=O)[O-])n1-n23,1.8048718,8.088351,29.76892,5.660812,3.6643848,646.8524,753.2151,170.1626,5.08048350029956
Nc1nnc2nnc(C=NO[N+](=O)[O-])c([N+](=O)[O-])n12,1.7986561,8.066173,29.535498,5.678258,3.6279678,639.9078,498.4987,151.6926,4.066965215713866
Nn1nc([N+](=O)[O-])c2nc([N+](=O)[O-])n(N)c(=O)c2c1=NC=N[N+](=O)[O-],1.8462763,7.9792423,29.3172,5.1123652,3.2687097,641.2274,252.39853,183.38885,4.42151347393888
Nc1nc2n(N)c(=O)c3c([N+](=O)[O-])nn(N)c3n2c1O,1.7825853,6.8284907,21.113224,3.5363026,2.2797487,648.70544,-47.98132,274.18222,4.023037711211466
NN=c1c2c(N[N+](=O)[O-])nc3nc([N+](=O)[O-])n([N+](=O)[O-])c3c2n(N)c(=O)n1N[N+](=O)[O-],1.8712113,8.163952,30.944696,5.205317,3.3541317,647.1326,271.97427,146.24615,4.519661114484199
Nn1c([N+](=O)[O-])nc2n[nH]cc2c1=O,1.7523812,6.9206467,21.453396,4.0547705,2.4940305,617.5895,81.33101,254.6352,3.69596843994315
Nn1c(C=N[N+](=O)[O-])nc2c(nc([N+](=O)[O-])n2N)c1=N[N+](=O)[O-],1.8309411,8.17399,30.619356,5.535362,3.6589222,663.1628,451.66953,153.36037,4.45369992429792
NN1C(=O)N(C=N[N+](=O)[O-])C2=C3C1=NN1C(O)=CNC1=C3N([N+](=O)[O-])C(=O)N2C=N[N+](=O)[O-],1.8384784,7.4822826,25.88971,4.3728776,2.709345,622.79596,-31.390059,160.73444,5.20228045767124
Nc1nc2[nH]c([N+](=O)[O-])nc2c(=NC=N[N+](=O)[O-])n1C=N[N+](=O)[O-],1.8142114,7.643105,26.648151,4.6294336,2.9819078,646.426,257.98035,181.99823,4.783369135350965
Nc1nc(=Nc2nc([N+](=O)[O-])nc([N+](=O)[O-])n2)n(N)c(N)c1[N+](=O)[O-],1.8238665,7.663562,26.884895,4.515645,2.9589963,659.18207,217.85172,271.4523,3.9544806068060128
NN=c1c2nc(C=N[N+](=O)[O-])nc(N)c2[nH]c(=O)n1[N+](=O)[O-],1.8107318,7.361217,24.79977,4.2604485,2.7374852,645.7097,157.42606,156.99852,4.361050606208921
O=[N+]([O-])N=Cc1nn(C=N[N+](=O)[O-])c2c1nc([N+](=O)[O-])n2[N+](=O)[O-],1.8379155,8.449357,32.729855,6.195847,3.8514671,621.34064,477.55228,141.31639,4.756894823220788
Nc1c(C=N[N+](=O)[O-])c(C=N[N+](=O)[O-])nn2c([N+](=O)[O-])c([N+](=O)[O-])nc12,1.8181775,7.9885163,29.097473,5.6378784,3.4301507,609.16974,369.0859,186.32973,4.432804740299781
Nc1c([N+](=O)[O-])c(C=N[N+](=O)[O-])nc2c(=O)n([N+](=O)[O-])cnc12,1.8393945,7.597057,26.684233,4.900188,2.8692331,586.3962,110.073364,170.01526,4.135297402229824
N=c1c2nc([N+](=O)[O-])n(C=N[N+](=O)[O-])c2nc([N+](=O)[O-])n1N,1.8496532,8.030615,29.745657,5.189811,3.331047,643.3985,314.19885,189.38025,4.375327601218587
O=c1n(C=N[N+](=O)[O-])c2nc(C=N[N+](=O)[O-])n([N+](=O)[O-])c2n1N[N+](=O)[O-],1.8665032,8.442081,32.919563,5.7002544,3.6297197,638.1017,232.42178,141.49916,4.8585177837780416
NN=c1nc(N[N+](=O)[O-])n([N+](=O)[O-])c2nc(N)c(N)c(=O)n12,1.8241932,7.5276337,26.023096,4.1509743,2.8359525,687.0398,97.09372,155.14246,4.264625213950682
Nc1c(C=N[N+](=O)[O-])c2c([N+](=O)[O-])c3nnn(C=N[N+](=O)[O-])c3nc2n1N[N+](=O)[O-],1.8241732,7.9209433,28.72152,5.391322,3.33697,621.2201,495.4952,155.2501,4.669732152396311
Nc1nn2c(N)c([N+](=O)[O-])c([N+](=O)[O-])nc2c1N,1.8073856,7.3442397,24.632559,4.287742,2.8040993,658.2094,154.28796,254.62682,3.515439321245597
O=[N+]([O-])N=Cc1nc2c(C=N[N+](=O)[O-])nc([N+](=O)[O-])c([N+](=O)[O-])n2n1,1.8377401,8.20669,30.926075,5.924273,3.5377507,596.95087,466.36172,191.9979,4.40500026028686
Nn1cnc2c(nnn2N[N+](=O)[O-])c1=NN[N+](=O)[O-],1.8159673,8.229564,30.908134,5.572274,3.8818998,700.1296,576.45624,144.01527,4.4026226121635705
O=C(O)[N-]N1C=C([N+](=O)[O-])C(=C2N=NN=N2)C(c2nonc2[N+](=O)[O-])=N1,1.8198768,7.8156695,27.830208,5.289338,3.1119323,590.57434,437.7733,247.46341,4.65802948946366
O=c1n(N[N+](=O)[O-])c(=NC=N[N+](=O)[O-])c2c(n1C=N[N+](=O)[O-])n(C=N[N+](=O)[O-])c(=O)n2C=N[N+](=O)[O-],1.856759,8.172179,30.773502,5.2156205,3.3111992,637.5691,135.12659,148.18839,5.435017205617148
O=[N+]([O-])N=Cc1nc2c([N+](=O)[O-])nc(C=N[N+](=O)[O-])c([N+](=O)[O-])c2o1,1.8384609,7.9892488,29.32939,5.704927,3.240812,566.7572,202.46622,188.33205,4.3867109376691795
O=C1NC(=O)N(N[N+](=O)[O-])C(=O)C1=CO[N+](=O)[O-],1.8382636,7.655779,26.794687,4.3252506,2.6467483,615.40375,-514.09937,141.99176,3.934574182129394
O=c1[nH]c2c(nc(C=N[N+](=O)[O-])n2[N+](=O)[O-])c(=NC=N[N+](=O)[O-])n1C=N[N+](=O)[O-],1.865773,8.046395,29.932537,5.124773,3.189371,624.3737,207.67279,158.8935,5.087019951107024
NC1=C([N+](=O)[O-])N(C=N[N+](=O)[O-])C([N+](=O)[O-])=CC1=C1N=NN=N1,1.8168012,7.933658,28.751106,5.513837,3.4488332,626.34106,498.3428,186.00626,4.756957638978795
NN=c1c2nc(C=N[N+](=O)[O-])n([N+](=O)[O-])c2nc([N+](=O)[O-])n1N,1.8451704,8.190093,30.91258,5.49813,3.6178582,659.8033,448.53647,155.97879,4.510855031485814
O=c1c2nc([N+](=O)[O-])nnc2c(C=N[N+](=O)[O-])nn1C=N[N+](=O)[O-],1.8367442,7.9577193,29.102942,5.438628,3.2399387,595.8765,401.7172,169.52213,4.548472330617237
Nc1c[nH]c(=O)c([N+](=O)[O-])c1C=N[N+](=O)[O-],1.7750847,7.187129,23.282515,4.445776,2.7061863,612.4053,-76.87991,205.62767,3.7317210028208594
O=c1c2cn[nH]c2c2nc([N+](=O)[O-])n3c([N+](=O)[O-])cnc3c2n1C=N[N+](=O)[O-],1.7900358,7.0575204,22.636925,4.4928865,2.4639986,550.9388,229.16238,189.93542,4.157356196011315
NN=c1c2c(nc(C=N[N+](=O)[O-])n1[N+](=O)[O-])c([N+](=O)[O-])nn2C=N[N+](=O)[O-],1.8529551,8.358588,32.24189,5.885851,3.7457454,637.4737,521.5643,137.94711,4.824539423376483
O=c1ccnc2c(nnn2[N+](=O)[O-])c1[N+](=O)[O-],1.7771555,7.5014234,25.42303,5.366394,3.0229526,564.3935,267.18423,124.1272,3.5015010300010907
NC(=NN=C(N)N[N+](=O)[O-])N[N+](=O)[O-],1.7545749,8.357166,31.178772,5.121115,4.1255083,811.9699,143.97324,157.86595,3.587665201076754
Nn1nc(N[N+](=O)[O-])n2nnc(N[N+](=O)[O-])c12,1.8572954,8.740097,35.38401,6.023946,4.3365035,721.4509,578.6022,147.24838,4.180663906255273
Nc1nc2c3c(C=N[N+](=O)[O-])nn([N+](=O)[O-])c3nc(N[N+](=O)[O-])n2c1[N+](=O)[O-],1.8519543,8.0350065,29.826488,5.292637,3.2822375,622.33636,372.3353,146.45578,4.432524467739585
O=[N+]([O-])N=Cn1ncc2nc([N+](=O)[O-])n([N+](=O)[O-])c21,1.7977573,8.227404,30.608755,6.1052647,3.7883706,620.66327,428.34616,139.93108,4.374350300990581
N=c1c2c(nc([N+](=O)[O-])n1N[N+](=O)[O-])n(C=N[N+](=O)[O-])c(=O)n2C=N[N+](=O)[O-],1.8585607,8.157148,30.755087,5.209848,3.308462,638.0433,167.56296,136.84682,4.827837898093016
Nc1nn2c([N+](=O)[O-])nn(C=N[N+](=O)[O-])c2c1C=N[N+](=O)[O-],1.8190763,8.065671,29.630007,5.4894476,3.549078,648.43945,438.0756,179.31947,4.635380462793014
O=[N+]([O-])N=Cc1c([N+](=O)[O-])nnn2cnc([N+](=O)[O-])c12,1.8240256,8.0774975,29.857283,5.9254093,3.5390284,596.8308,452.80368,175.53256,3.9857414364170785
Nc1nc([N+](=O)[O-])nc2nc([N+](=O)[O-])n(C=N[N+](=O)[O-])c12,1.8345519,7.854671,28.384514,4.9771066,3.1034725,625.38873,236.95966,182.66794,4.123509005047554
Nn1nc([N+](=O)[O-])n2c([N+](=O)[O-])ncc12,1.7918469,8.033826,29.19509,5.659737,3.6652696,649.4244,334.94455,257.35516,3.904465811111608
Nc1nnc2c([N+](=O)[O-])nn(C=N[N+](=O)[O-])c2n1,1.7920885,7.7986264,27.591652,5.111052,3.3080556,648.2625,450.27316,185.28406,4.0433896803090255
O=c1n(C=N[N+](=O)[O-])c(=NN[N+](=O)[O-])c2nc(C=N[N+](=O)[O-])n(C=N[N+](=O)[O-])c2n1[N+](=O)[O-],1.8806504,8.403057,32.774883,5.5902524,3.5374055,633.9951,294.22977,143.38126,5.231677758684833
C[N+](=O)Nc1nc2nc(N)c([N+](=O)[O-])n2c(=O)n1[N+](=O)[O-],1.7786633,7.57945,25.970919,4.555673,3.02952,665.8957,-1.990827,178.23796,4.1718050190335685
N=c1c2c(nc(N)n1[N+](=O)[O-])nc([N+](=O)[O-])n2N,1.8335177,7.7231565,27.562744,4.569232,3.0765212,676.8865,224.9748,178.55779,4.073648486548379
N=c1c2c(nc(C=N[N+](=O)[O-])n1[N+](=O)[O-])n(C=N[N+](=O)[O-])c(=O)n2C=N[N+](=O)[O-],1.8512406,8.014917,29.641588,5.173424,3.2163224,623.4618,205.36209,147.61801,5.022179007435311
Nc1nc2c(=O)[nH]oc2c(N)c1N[N+](=O)[O-],1.7683471,6.842598,21.17759,3.7520182,2.3756711,635.9676,-88.41849,172.9404,3.822949906475344
O=[N+]([O-])N=Cc1c(O)ccc2c1C([N+](=O)[O-])=C([N+](=O)[O-])C([N+](=O)[O-])=CO2,1.7658845,7.208471,23.276459,5.15924,2.731146,528.81964,-179.62616,188.2988,3.979628151671019
O=c1n(N[N+](=O)[O-])c(C=N[N+](=O)[O-])c([N+](=O)[O-])c2nnc(C=N[N+](=O)[O-])n12,1.8607513,8.322628,31.960764,5.739111,3.550499,619.2084,320.52167,143.71605,4.531035577222637
O=[N+]([O-])N=Cc1nc2cnc([N+](=O)[O-])n2n1[N+](=O)[O-],1.7914113,8.195427,30.384398,6.078994,3.76484,619.7009,411.62466,126.61769,4.3496389887733855
Nn1c(=NN[N+](=O)[O-])c2nn([N+](=O)[O-])c(C=NN[N+](=O)[O-])c2n(N)c1=O,1.8552592,8.248683,31.380127,5.3717723,3.6390967,681.26154,356.9567,161.09814,4.749805409196102
Nc1c([N+](=O)[O-])c(=O)n2nc(C=N[N+](=O)[O-])nc2n1N[N+](=O)[O-],1.8611794,8.10973,30.404276,5.167977,3.303225,641.6869,198.79636,152.22249,4.251813921775851
O=[N+]([O-])N=Cc1nc([N+](=O)[O-])c2nc([N+](=O)[O-])ncc2n1,1.7863398,7.620231,26.341208,5.37184,3.0843334,573.4577,359.45505,163.89189,3.97563390383298
O=c1nc(C=N[N+](=O)[O-])nc2nc([N+](=O)[O-])n(C=N[N+](=O)[O-])n12,1.8355223,8.0347,29.61498,5.2192955,3.2420518,622.2118,266.6308,161.3448,4.708853420616514
NN=c1c2c(nc(C=N[N+](=O)[O-])n1C=N[N+](=O)[O-])n([N+](=O)[O-])c(=O)n2C=N[N+](=O)[O-],1.8516356,8.123309,30.460924,5.2708707,3.362238,640.12177,297.22556,155.3984,5.105885955815115
N=c1c2nc(N)n([N+](=O)[O-])c2c(=O)n(C=N[N+](=O)[O-])c2c1nc([N+](=O)[O-])n2N,1.8195318,7.5165167,25.898077,4.533213,2.832045,628.00793,173.17126,170.21327,4.629081972937092
Nc1cc([N+](=O)[O-])c(N=Nn2nc([N+](=O)[O-])cc2O)c2[nH]nc([N+](=O)[O-])c12,1.7808592,7.271707,23.804367,4.7572575,2.7860417,588.54535,250.0206,259.9971,3.98035989229113
Nn1c([N+](=O)[O-])nc2c(C=N[N+](=O)[O-])nn([N+](=O)[O-])c2c1=NN[N+](=O)[O-],1.8790828,8.565116,33.99825,6.008776,3.8853717,648.2385,492.51163,146.89673,4.700798051336571
Nc1nn2nc([N+](=O)[O-])n(N)c2c1N[N+](=O)[O-],1.822189,8.193541,30.760582,5.3734365,3.7766488,704.9467,371.62857,171.66078,4.036817351071326
Nc1nonc1C1=C([N+](=O)[O-])N(N)C([N+](=O)[O-])=C(N[N+](=O)[O-])C1=C1N=NN=N1,1.8347911,8.148602,30.61731,5.7860794,3.6801505,636.73413,681.6031,144.71634,4.500421512273999
Nc1nn2c(=O)c3c(C=N[N+](=O)[O-])nn(C=N[N+](=O)[O-])c3nc2n1[N+](=O)[O-],1.8387449,7.774072,27.77793,4.899313,3.0237281,619.88306,321.33682,161.41139,4.705560735283754
Nc1c(C=N[N+](=O)[O-])nc([N+](=O)[O-])c2nnnn12,1.8262197,7.9660163,29.066021,5.3592496,3.4303932,641.8478,488.6179,190.7901,4.015550433841208
Nc1nc2c(c(=NN[N+](=O)[O-])n(N[N+](=O)[O-])c(=O)n2C=N[N+](=O)[O-])n1N[N+](=O)[O-],1.8661368,8.387208,32.463127,5.2916536,3.5857925,680.7832,210.29074,154.75282,4.864185401041706
Nc1c(N[N+](=O)[O-])nn2c(N[N+](=O)[O-])nn(N)c12,1.834246,8.275668,31.582401,5.358472,3.8772588,726.20996,425.514,163.33751,4.158121195222685
Nc1nc2onc([N+](=O)[O-])c2[nH]1,1.7735305,7.3370686,24.18591,4.4870987,2.819563,631.1758,92.49304,298.20135,3.5069989040651794
Nn1c([N+](=O)[O-])nc2c1c(C=N[N+](=O)[O-])nn2[N+](=O)[O-],1.8572596,8.470466,33.14191,6.039055,3.893201,645.61066,455.05655,138.59715,4.411795911501743
N=c1c2nc(N[N+](=O)[O-])n(N)c2n(N[N+](=O)[O-])c(=O)n1N[N+](=O)[O-],1.8691117,8.342626,32.271324,5.2055902,3.5857604,692.0662,186.53629,144.894,4.476586650143865
CN(C1=C([N+](=O)[O-])C(=C2N=NN=N2)C(N)=C([N+](=O)[O-])N1[N+](=O)[O-])[N+](=O)[O-],1.8274312,8.312716,31.673176,5.932175,3.8545809,650.277,467.80942,123.7547,4.613774059599407
Nc1nc(C=N[N+](=O)[O-])n2c([N+](=O)[O-])c([N+](=O)[O-])nc2n1,1.7951986,7.794326,27.477518,5.110071,3.1835697,625.3145,274.3503,190.51128,3.955367246805796
O=[N+]([O-])N=Cc1nn(C=N[N+](=O)[O-])c2c([N+](=O)[O-])nc(N[N+](=O)[O-])nc12,1.8260546,8.163569,30.543661,5.732087,3.552991,620.4597,447.84012,136.04234,4.592585313639485
NC1=NN(N)c2nnc3nc([N+](=O)[O-])n1n23,1.796815,7.7791996,27.5965,4.7220035,3.3599837,712.84314,512.00385,288.1508,4.16786001380987
O=c1c2c(C=N[N+](=O)[O-])n(C=N[N+](=O)[O-])nc2n(N[N+](=O)[O-])c(=O)n1N[N+](=O)[O-],1.865402,8.284776,31.67925,5.4056687,3.4279947,636.5038,125.69333,147.72977,4.835878108334411
O=c1c2nc[nH]c2nc([N+](=O)[O-])n1C=N[N+](=O)[O-],1.7720301,7.231734,23.531595,4.3908978,2.6110237,597.6096,70.55969,182.5087,4.054178377326295
Nc1nc(N)c2c(n1)nc([N+](=O)[O-])n2N[N+](=O)[O-],1.7632397,7.410622,24.67682,4.347386,2.9201505,675.88,181.04779,154.08084,3.681037541376531
O=c1n(N[N+](=O)[O-])c(=NC=N[N+](=O)[O-])c2nc([N+](=O)[O-])[nH]c2n1C=N[N+](=O)[O-],1.8662224,8.188134,31.025259,5.2095265,3.3171484,639.0887,168.31409,146.69513,4.951923236970355
O=c1c([N+](=O)[O-])c([N+](=O)[O-])ncn1C=N[N+](=O)[O-],1.841022,8.134205,30.376438,5.530208,3.3422642,604.9435,31.063814,193.93654,3.8358275372848762
O=[N+]([O-])N=Cc1nc2ncc3c([N+](=O)[O-])nn(C=N[N+](=O)[O-])c3n2c1[N+](=O)[O-],1.8163288,7.8153033,27.842459,5.447644,3.2025447,588.38385,458.56876,175.92485,4.552798232921773
O=[N+]([O-])N=Cn1cnc2c([N+](=O)[O-])nn(N[N+](=O)[O-])c21,1.8286252,8.305978,31.557629,5.8844523,3.776255,643.0733,423.9664,136.24098,4.418031180006821
Nc1nc([N+](=O)[O-])c2nnn(C=N[N+](=O)[O-])c2n1,1.7920471,7.7213893,27.014027,4.9568224,3.1967604,646.8055,400.387,185.98523,4.020447451109654
O=c1c2c([N+](=O)[O-])nn([N+](=O)[O-])c2nc(C=N[N+](=O)[O-])n1N=CC=N[N+](=O)[O-],1.8081558,8.046131,29.405151,5.714987,3.44925,604.7567,370.52884,141.06383,4.627594621585739
Nc1c([N+](=O)[O-])c2nnc(C=N[N+](=O)[O-])n2c(=O)n1N,1.8208764,7.676661,26.936075,4.7226586,3.053929,649.30347,206.79214,189.08788,4.040431615420466
Nc1nc2c(=NN[N+](=O)[O-])n(N)c(=O)n([N+](=O)[O-])c2n1N,1.8425126,7.9447103,29.14556,4.703256,3.302628,705.7911,188.56738,162.53046,4.396714389662938
Nc1nc2c(nc([N+](=O)[O-])n3nnnc23)c(=NN[N+](=O)[O-])n1N,1.8369062,7.866357,28.55351,4.953638,3.2877614,666.05817,609.5935,162.39206,4.127243069677131
NN=c1c2c(nc([N+](=O)[O-])n2N[N+](=O)[O-])n(C=N[N+](=O)[O-])c(=O)n1N,1.8506294,8.144261,30.596085,5.1215677,3.4399512,675.3621,244.9566,141.7429,4.620650536875944
N=C1C(=NN[N+](N)=O)N=C2C([N+](=O)[O-])=CN=C2N1[N+](=O)[O-],1.8072332,7.9053183,28.607428,5.311406,3.4542475,653.67505,429.63474,131.25458,4.77731697208052
O=c1nnc2c(n1C=N[N+](=O)[O-])n(C=N[N+](=O)[O-])c(=O)n2C=N[N+](=O)[O-],1.8545854,7.951263,29.145123,4.949522,3.0699232,622.1525,173.05585,167.00833,4.909207291661462
O=c1n([N+](=O)[O-])c(C=N[N+](=O)[O-])nc2ncnn12,1.8191352,7.849298,28.185446,5.10333,3.142111,617.6681,265.4618,139.35811,4.062861893809811
Nn1c([N+](=O)[O-])nc2c([N+](=O)[O-])nc(C=N[N+](=O)[O-])nc2c1=NC=N[N+](=O)[O-],1.829305,8.041824,29.66898,5.4906926,3.4126437,621.9695,447.68887,169.75642,4.676929390816508
N=c1c2c(ncn2[N+](=O)[O-])n(N)c(=O)n1N[N+](=O)[O-],1.8394063,7.8797755,28.626999,4.8329625,3.212297,667.99536,138.26834,149.72926,4.280268943524518
Nc1nc2c(nc(C=N[N+](=O)[O-])n2[N+](=O)[O-])c(=NN[N+](=O)[O-])n1[N+](=O)[O-],1.8862329,8.484125,33.478424,5.642423,3.6714377,652.23096,387.67532,142.58723,4.727629489463661
O=c1c2c(C=N[N+](=O)[O-])n(C=N[N+](=O)[O-])nc2c(C=N[N+](=O)[O-])nn1Cc1ncnc([N+](=O)[O-])c1[N+](=O)[O-],1.7704382,7.5578985,25.697874,5.253509,3.0830767,588.07184,344.23856,183.39392,4.710067109530588
NC1=Nn2cc(N)nc2OC12C([N+](=O)[O-])=C([N+](=O)[O-])CN2[N+](=O)[O-],1.7364324,7.441201,24.618338,4.917401,3.124285,638.1042,103.0488,157.17734,5.42987933044412
O=[N+]([O-])N=CN=c1nc[nH]c2c1c([N+](=O)[O-])nn2C=N[N+](=O)[O-],1.7867615,7.6799073,26.621305,5.121209,3.1838176,623.01697,371.55502,185.29002,4.80418372901779
Nn1c([N+](=O)[O-])c([N+](=O)[O-])c2nnn(C=N[N+](=O)[O-])c21,1.8643261,8.532579,33.649708,6.1199827,3.9600813,647.31036,495.1082,197.43216,4.210031325144703
O=[N+]([O-])N=Cc1noc2c1COc1c([N+](=O)[O-])ncn1-2,1.7558233,7.202507,23.233677,5.0444217,2.8350174,562.2135,118.103,188.08607,4.180110850336493
Nc1nnc2c([N+](=O)[O-])nnc(C=N[N+](=O)[O-])n12,1.7801847,7.895397,28.16308,5.4216657,3.5062556,647.3798,523.11346,170.56973,4.02179250605471
NC(=O)OC1=NC2(N)N=C(N)N([N+](=O)[O-])C2=N1,1.7268633,6.841175,20.792902,3.2610343,2.280058,702.9453,-180.21179,160.78723,4.863560421990684
Nc1nc(=O)c([N+](=O)[O-])c(N)[nH]1,1.7852415,6.694397,20.191021,2.9627254,2.0174751,685.32275,-212.82178,319.75906,2.917082504335877
Nc1c(C=N[N+](=O)[O-])c2nnc(C=N[N+](=O)[O-])c-2nn1[N+](=O)[O-],1.7874889,7.8531337,27.94184,5.578273,3.4711103,623.2318,499.7388,159.16196,4.621383693569366
O=c1n(C=N[N+](=O)[O-])c2c(=NN[N+](=O)[O-])[nH]cnc2n1[N+](=O)[O-],1.8708805,8.050336,30.101748,5.032624,3.1873698,635.5957,164.61575,152.21948,4.724137787862171
O=[N+]([O-])N=Cc1cnc2nc([N+](=O)[O-])c([N+](=O)[O-])c([N+](=O)[O-])n12,1.8162133,8.028134,29.292475,5.836752,3.390592,580.7988,294.0791,195.03984,3.9625541487619804
O=[N+]([O-])N=Cc1nc2ncnn2c([N+](=O)[O-])c1[N+](=O)[O-],1.8115252,7.9649506,28.874807,5.7033567,3.3822658,594.0403,406.99277,197.49725,3.8075619492375914
Nc1c(N)n(N)c(=O)n2c([N+](=O)[O-])nnc12,1.7678484,7.1077986,22.771595,3.853493,2.6459396,689.55774,96.10736,265.01077,3.6549605632604187
O=c1[nH]nc(C=N[N+](=O)[O-])c2c(C=N[N+](=O)[O-])n([N+](=O)[O-])nc12,1.8304194,7.9349437,28.794844,5.467985,3.279911,601.46466,317.51233,154.38719,4.516514710939095
O=[N+]([O-])N=Cc1c([N+](=O)[O-])c([N+](=O)[O-])c2ocnn12,1.8293098,8.061778,29.685621,5.85999,3.396548,578.80023,182.04135,202.44675,4.133508672031304
Nc1nc([N+](=O)[O-])nc2c(=NC=N[N+](=O)[O-])n(N)c([N+](=O)[O-])nc12,1.8208499,7.7525635,27.539589,4.858074,3.1216195,644.1835,314.7318,173.55789,4.306423188605402
Nn1c(=O)c2c(nc(C=N[N+](=O)[O-])n2[N+](=O)[O-])n(N)c1=O,1.8387932,7.753389,27.674984,4.7017403,3.0247958,646.5203,47.772465,160.96704,4.258776487565036
Nc1nc2[nH]nnc2c(N[N+](=O)[O-])c1N,1.7280308,6.973442,21.776728,3.720739,2.7149398,732.02,279.0967,174.61266,3.8912558204924714
O=c1n(C=N[N+](=O)[O-])c(=NC=N[N+](=O)[O-])c2c(n1N[N+](=O)[O-])n(N[N+](=O)[O-])c(=O)n2C=N[N+](=O)[O-],1.8809236,8.37991,32.558308,5.355694,3.464857,649.0517,135.34106,155.17845,5.32723316948908
O=[N+]([O-])N=CN=c1[nH]c(C=N[N+](=O)[O-])nc2c1nc([N+](=O)[O-])n2N[N+](=O)[O-],1.825718,8.140944,30.314547,5.5451655,3.510482,635.0143,404.05124,138.47624,4.883690556147822
Nc1n[nH]c2c(O)n(C=N[N+](=O)[O-])c(C=N[N+](=O)[O-])c12,1.7616978,7.2140927,23.360939,4.4185624,2.8029177,637.17114,97.03003,188.07675,4.537320923596566
O=[N+]([O-])N=Cc1nc([N+](=O)[O-])nc2c(C=N[N+](=O)[O-])n([N+](=O)[O-])nc12,1.8507886,8.248454,31.41944,5.9661484,3.5762575,598.4204,469.07034,143.22104,4.649376609310971
O=c1[nH]cnc2[nH]nc([N+](=O)[O-])c12,1.7513692,6.6113114,19.509178,3.5688767,2.082477,587.6344,-28.021528,275.7942,3.1805012884703645
Nn1c([N+](=O)[O-])nc2c1c(=NC=N[N+](=O)[O-])n(N[N+](=O)[O-])c(=O)n2N[N+](=O)[O-],1.8819699,8.516773,33.69444,5.5498114,3.7009814,669.6114,254.00494,146.45018,4.780452243207362
N=c1c2nc(N[N+](=O)[O-])n([N+](=O)[O-])c2nc(N)n1N[N+](=O)[O-],1.8733335,8.256681,31.683496,5.124116,3.4727488,680.74347,268.72034,150.23117,4.307178264348561
O=c1c2c(ncn1[N+](=O)[O-])nc(C=N[N+](=O)[O-])n2[N+](=O)[O-],1.8517306,8.082662,30.173532,5.5251155,3.2993941,597.25226,217.8623,138.37631,4.366194994058542
Nn1c(N[N+](=O)[O-])cc2c([N+](=O)[O-])ncn2c1=O,1.7922587,7.3968034,24.854496,4.5756044,2.86048,628.85406,46.343494,138.98276,3.710379849068838
O=[N+]([O-])N=Cc1nc([N+](=O)[O-])nc2c(C=N[N+](=O)[O-])nnnc12,1.8133464,7.90917,28.66096,5.672625,3.37945,594.14386,581.84766,166.3063,4.5003837290177895
Nc1nc(N)n2nnc(N[N+](=O)[O-])c2c1[N+](=O)[O-],1.8289081,7.7445045,27.567244,4.648171,3.1372032,678.9331,273.61426,155.19504,3.5901721567611453
O=c1cc2nc([N+](=O)[O-])nc3n(C=N[N+](=O)[O-])nc1N23,1.7836212,7.27283,23.83587,4.643929,2.6691628,577.582,243.38126,181.12407,4.322267963223604
O=[N+]([O-])N=Cc1nc2c(=NN[N+](=O)[O-])n([N+](=O)[O-])cnc2n1[N+](=O)[O-],1.8809323,8.519847,33.721104,5.9748487,3.773757,632.02545,452.81528,133.41275,4.727332522054944
NN=c1c2nc([N+](=O)[O-])n(N[N+](=O)[O-])c2n(N)c(=O)n1C=N[N+](=O)[O-],1.8531998,8.174288,30.858946,5.1898155,3.483445,674.7271,261.7044,145.15617,4.668600187225594
Nn1nc([N+](=O)[O-])c2nc([N+](=O)[O-])n(C=N[N+](=O)[O-])c2c1=O,1.8684425,8.175386,30.936651,5.3935738,3.3642545,624.8095,230.65607,179.2377,4.277110625091265
O=[N+]([O-])N=Cc1nc2c([N+](=O)[O-])ncnc2n1[N+](=O)[O-],1.8290766,8.00466,29.48974,5.6602006,3.3764107,596.02435,385.59134,140.9798,4.0703440005196425
C=C([O-])N=c1[nH]c(=NN[N+](=O)[O-])c2ncn([N+](=O)[O-])c2[nH]1,1.7436063,7.2163434,23.179523,4.425926,2.8276713,643.00696,138.56339,166.97038,4.912037142699376
N=c1c2nn(C=N[N+](=O)[O-])c(C=N[N+](=O)[O-])c2nc([N+](=O)[O-])n1C=N[N+](=O)[O-],1.822946,8.00093,29.248903,5.4737577,3.4012153,622.90015,445.77463,170.02773,5.005280775431894
Nc1c([N+](=O)[O-])nn2cc(N[N+](=O)[O-])nnc12,1.8032751,7.8544593,28.200134,5.3144855,3.4455793,649.8753,393.3243,147.381,3.601885645385707
Nc1cc2c([N+](=O)[O-])[nH]c(=O)n2o1,1.7525406,6.816049,20.654436,3.860692,2.3050034,602.4236,-179.7624,303.2218,4.063944804953881
Nc1nc2n([N+](=O)[O-])nc(C=N[N+](=O)[O-])c(=O)n2n1,1.8138628,7.861097,28.228731,4.9681635,3.1888008,644.85815,257.62402,132.12334,4.1865503009905805
O=c1c(C=N[N+](=O)[O-])c(C=N[N+](=O)[O-])n2nc([N+](=O)[O-])nc2n1C=N[N+](=O)[O-],1.8464016,8.019297,29.534338,5.339914,3.2329705,606.57904,260.98688,165.20045,4.802381083124201
Nn1c(=O)n([N+](=O)[O-])c(=O)c2c1nc(C=N[N+](=O)[O-])n2C=N[N+](=O)[O-],1.861314,7.9901743,29.549559,5.0312614,3.1461256,627.318,87.37027,153.03488,4.640148438973846
Nc1cc([N+](=O)[O-])nc([N+](=O)[O-])n1,1.7131666,7.376868,23.9629,4.794626,3.0229647,633.6552,25.079973,252.06049,3.19769812104955
Nc1c([N+](=O)[O-])nc2c(=NN[N+](=O)[O-])[nH]ccn12,1.7654612,7.2463083,23.647612,4.495815,2.8865373,645.3907,201.43362,174.23251,4.217837090042151
O=c1[nH]c2ncc(C=N[N+](=O)[O-])n2c([N+](=O)[O-])c1[N+](=O)[O-],1.8225781,7.604324,26.323986,4.912275,2.8553627,583.586,33.27506,205.92174,4.00089884021239
O=[N+]([O-])Nc1nc([N+](=O)[O-])nc2nc[nH]c12,1.7628131,7.374343,24.481504,4.641454,2.8696125,619.9311,191.46045,140.74266,3.3906502236000797
Nc1c([N+](=O)[O-])nnn2c([N+](=O)[O-])c(C=N[N+](=O)[O-])nc12,1.8531963,8.1643715,30.772484,5.668029,3.5250769,621.95856,421.24533,186.81992,4.076377686366235
Nc1[nH]c(=Nc2c(N)n(C=N[N+](=O)[O-])c(=O)n3nc(C=N[N+](=O)[O-])nc23)nc2nc([N+](=O)[O-])[nH]c12,1.776291,7.032343,22.303595,3.9307785,2.4325798,622.9719,235.48505,202.50128,4.871099639712405
N=c1c2ncc(C=N[N+](=O)[O-])nc2nc([N+](=O)[O-])n1N[N+](=O)[O-],1.7923229,7.6923275,26.873014,5.207818,3.1922348,614.70026,370.99673,135.71254,4.289486919375818
O=c1[nH]c2c(=NC=N[N+](=O)[O-])n(C=N[N+](=O)[O-])c(C=N[N+](=O)[O-])nc2n1[N+](=O)[O-],1.8586477,8.059866,30.016682,5.135764,3.2109864,627.6893,211.86926,156.34619,5.064487998444303
Nc1nc2c(=NC=N[N+](=O)[O-])n(N)c(=O)n(N[N+](=O)[O-])c2n1[N+](=O)[O-],1.8485491,8.100088,30.188723,5.006616,3.3750997,677.44763,192.1857,156.94124,4.742851236176643
Nc1nnn2c(C=N[N+](=O)[O-])c([N+](=O)[O-])nc2c1[N+](=O)[O-],1.8438965,8.102615,30.218546,5.5697947,3.4648323,622.81226,406.55685,191.60233,4.036127411640961
O=[N+]([O-])N=CN=c1[nH]c(C=N[N+](=O)[O-])nc2c1nc(C=N[N+](=O)[O-])n2[N+](=O)[O-],1.8201796,8.00124,29.236708,5.491373,3.4005716,620.4506,439.77914,151.12627,5.110896613488574
O=[N+]([O-])N=Cc1cnc([N+](=O)[O-])n2c([N+](=O)[O-])nnc12,1.8096865,7.951901,28.792635,5.736204,3.4106095,594.45154,399.35654,189.62294,3.9897106671863094
Nc1nc(N)c2nc([N+](=O)[O-])nc(N[N+](=O)[O-])c2n1,1.7704284,7.1818457,23.366531,4.066104,2.6424413,653.148,163.85236,144.34482,3.4088607082303994
N=c1c2nc3[nH]c(=O)n(N[N+](=O)[O-])c3nc2n(N)c(=O)n1N[N+](=O)[O-],1.8366727,7.5045156,25.983437,4.1987247,2.7083166,648.8706,49.79352,160.68306,4.314539410688697
Nc1cc2nc(N[N+](=O)[O-])c(N[N+](=O)[O-])nc2nc1[N+](=O)[O-],1.7955668,7.565868,25.990343,4.885402,3.0201,620.1876,223.55945,150.2701,3.664990371528347
O=[N+]([O-])N=Cc1nc2c(nc([N+](=O)[O-])n2N[N+](=O)[O-])c(=N[N+](=O)[O-])n1C=N[N+](=O)[O-],1.86813,8.57137,33.980038,6.0217204,3.828515,636.35284,464.40323,134.58586,4.850282494276652
NN=c1c2c(ncn2C=N[N+](=O)[O-])n(N[N+](=O)[O-])c(=O)n1N[N+](=O)[O-],1.8314966,8.077316,29.84961,5.182706,3.459327,670.0343,253.41571,155.86276,4.711283383134163
Nn1nc([N+](=O)[O-])c2c(c1=O)n(N[N+](=O)[O-])c(=O)n2C=N[N+](=O)[O-],1.86783,8.177887,30.949146,5.1914854,3.3214586,642.46484,78.95114,145.42836,4.477718518275733
Nc1nn(N)c2nnc([N+](=O)[O-])n12,1.7948663,7.902875,28.437176,4.8391685,3.5295246,731.5612,396.03848,297.39816,3.918326782975859
Nc1nc2ncnc(=O)n2c([N+](=O)[O-])c1N,1.7172713,6.351993,17.800884,3.1591446,1.9627298,623.48254,-33.74737,261.88605,3.356096239212375
Nc1nn([N+](=O)[O-])c2c(=O)n(C=N[N+](=O)[O-])n(N)c(=O)c12,1.8405547,7.7553606,27.693338,4.696742,3.016823,646.25116,47.910587,161.4075,4.491661242809791
Cn1c(=O)[nH]c(=N[N+](=O)[O-])c2c1n([N+](=O)[O-])c(=O)n2N,1.7999977,7.4636846,25.29568,4.2662606,2.8102121,662.60016,-140.92305,158.7808,4.14810721550978
Nn1c(=O)n(C=N[N+](=O)[O-])c(=NC=N[N+](=O)[O-])c2c1nc([N+](=O)[O-])n2C=N[N+](=O)[O-],1.8532687,8.084306,30.111607,5.142477,3.3000567,643.7317,253.4638,172.18149,5.0783823019689605
O=[N+]([O-])NN=c1[nH]cnc2[nH]c([N+](=O)[O-])nc12,1.7933606,7.51817,25.680975,4.634294,2.9559948,641.2548,224.41428,164.34248,4.209207989369197
Nn1c(=O)n(N[N+](=O)[O-])c2nc(C=N[N+](=O)[O-])n([N+](=O)[O-])c(=NN[N+](=O)[O-])c21,1.8794699,8.51823,33.61358,5.6527414,3.7369564,663.78156,298.3367,139.83568,4.802007336762455
O=[N+]([O-])N=Cn1cnc2c([N+](=O)[O-])nc([N+](=O)[O-])nc21,1.8353537,7.8852105,28.581366,5.297618,3.168665,598.3062,290.82578,180.29776,3.9916619492375913
O=[N+]([O-])Nc1c([N+](=O)[O-])c2nnnn2c2ncccc12,1.7297989,6.987353,21.723415,4.9385095,2.7964408,567.28674,480.0092,132.40979,3.160791619567262
O=[N+]([O-])NN1C(=C2N=NN=N2)C=CN([N+](=O)[O-])C([N+](=O)[O-])=C1[N+](=O)[O-],1.8495773,8.575194,33.77994,6.405533,4.064047,634.42084,597.3612,131.92343,4.784763061664588
O=C1c2nonc2N(N[N+](=O)[O-])c2nonc2N1CC=[N+]([O-])[O-],1.7827744,7.923644,28.373295,5.7317305,3.519895,614.5298,365.7357,139.59035,4.236053955666142
Nc1onc2c([N+](=O)[O-])nn(N)c12,1.76296,7.6632724,26.353819,5.1509895,3.419299,665.98267,258.29803,298.09506,3.792888541217617
Nn1c([N+](=O)[O-])nc2[nH]c(=O)n(C=N[N+](=O)[O-])c(=NC=N[N+](=O)[O-])c21,1.8325896,7.7955084,27.793295,4.727911,3.041711,646.4755,155.12363,181.48312,4.724765817118088
Nc1cn(O)c2[nH]nc([N+](=O)[O-])c12,1.7266462,6.9645433,21.490393,4.3976355,2.8007696,638.3317,96.28595,314.84314,3.7020379917670674
Nn1c(C=N[N+](=O)[O-])nc2c1c([N+](=O)[O-])nc(=O)n2N[N+](=O)[O-],1.8461024,8.100273,30.223782,5.297513,3.3783357,640.3506,225.76285,146.25534,4.38152968470145
O=c1n(N[N+](=O)[O-])c2c(nc(C=N[N+](=O)[O-])n2[N+](=O)[O-])c2nc([N+](=O)[O-])cn12,1.8526777,8.044045,29.834244,5.368227,3.2236454,601.8195,224.93124,146.54126,4.470843236970355
Nc1nc([N+](=O)[O-])n2c([N+](=O)[O-])cnc2c1N,1.7633833,7.127958,22.80466,4.3276796,2.7085803,629.4416,119.583984,255.09206,3.5031958126097873
O=c1n(C=N[N+](=O)[O-])nc(C=N[N+](=O)[O-])c2nc(C=N[N+](=O)[O-])c([N+](=O)[O-])n12,1.8279498,8.025027,29.432867,5.4670086,3.3169324,607.1918,296.74133,168.96086,4.840164467739585
O=c1n(C=N[N+](=O)[O-])c(=N[N+](=O)[O-])c2ncn(N[N+](=O)[O-])c2n1C=N[N+](=O)[O-],1.8650689,8.248585,31.424671,5.403925,3.4387462,638.53015,243.71805,139.47475,4.863557083124201
Nc1nc2c(ncn2N[N+](=O)[O-])c(=N[N+](=O)[O-])n1N[N+](=O)[O-],1.8499838,8.260117,31.40534,5.3703127,3.6278799,678.4064,346.56503,147.0115,4.281937438021176
Nc1nc2c(N)c(OC(=O)C=N[N+](=O)[O-])n([N+](=O)[O-])c(=O)n2n1,1.7943937,7.35139,24.482458,4.115939,2.5927165,633.81696,-188.60068,166.87634,4.140692862507253
[N-]=[N+]=Nc1c([N+](=O)[O-])nc([N+](=O)[O-])c2c1ncn2C=N[N+](=O)[O-],1.7942911,7.8090496,27.67118,5.583401,3.2953432,589.46796,570.86816,189.1317,4.2733717828993925
O=c1n(C=N[N+](=O)[O-])c(=N[N+](=O)[O-])c2c(nc(C=N[N+](=O)[O-])n2C=N[N+](=O)[O-])n1N[N+](=O)[O-],1.8650802,8.368194,32.32513,5.580573,3.5483994,637.12134,285.2827,144.63084,5.1629740873561625
C[N+](=Nn1cnc2c(=N[N+](=O)[O-])n([N+](=O)[O-])c([N+](=O)[O-])nc21)N[N+](=O)[O-],1.8032818,8.369046,31.69733,6.011966,3.981547,663.5311,472.09525,126.25481,4.623187348995434
O=[N+]([O-])N=Cc1ncc([N+](=O)[O-])c2c1nnn2[N+](=O)[O-],1.8041048,8.020363,29.275179,5.997029,3.552049,591.7404,470.2084,118.284805,4.086405538981181
Nc1c([N+](=O)[O-])cc([N+](=O)[O-])cc1[N+](=O)[O-],1.7725649,7.5026207,25.245773,5.229525,3.0572066,585.7733,-75.07446,284.25217,2.4413923777873556
Nc1nnc2c([N+](=O)[O-])c(N[N+](=O)[O-])nnn12,1.8406241,8.3038025,31.798851,5.624683,3.7698221,672.2173,507.15054,132.98439,3.5359207624425633
N=c1nn[nH]c2c1n(N)c(=O)n2N[N+](=O)[O-],1.7860981,7.6044497,26.300123,4.5321116,3.158343,699.87006,261.43588,165.87335,4.3548611766005685
NC1=CN(N[N+](=O)[O-])C([N+](=O)[O-])=C([N+](=O)[O-])C1,1.7341697,7.8866024,27.619713,5.6692,3.787815,670.67206,65.10672,129.62994,4.369395602819577
Nc1nc2c(C=N[N+](=O)[O-])n([N+](=O)[O-])nc2o1,1.807369,7.82654,27.825674,5.169176,3.2290514,627.28424,180.45932,153.63853,4.426860561773666
Nc1ncn2c([N+](=O)[O-])nc(N[N+](=O)[O-])nc12,1.7849909,7.503338,25.546516,4.596524,2.9802494,651.5635,224.556,139.33006,3.5741843075930646
Nn1c([N+](=O)[O-])nc2c(=N[N+](=O)[O-])n(N[N+](=O)[O-])c(C=N[N+](=O)[O-])nc21,1.8670942,8.535349,33.64784,5.9236646,3.8679323,654.606,458.1705,143.84111,4.596171295483728
O=c1c2nc[nH]c2nc(C=N[N+](=O)[O-])n1[N+](=O)[O-],1.7776693,7.378203,24.60396,4.7116213,2.800329,596.4831,138.00113,151.1712,4.1468458812509414
N=c1c2nc(C=N[N+](=O)[O-])n([N+](=O)[O-])c2n(N[N+](=O)[O-])c(=O)n1N,1.8492951,8.141241,30.524559,5.2678742,3.452355,658.4123,227.90686,145.53185,4.633478957836173
O=[N+]([O-])N=Cn1nnc2cc([N+](=O)[O-])c([N+](=O)[O-])c([N+](=O)[O-])c21,1.8182243,8.105701,29.883081,6.0654416,3.5233252,580.4079,367.9119,191.191,3.7723465825576934
Nn1c([N+](=O)[O-])nc2c1c(=NN[N+](=O)[O-])n(N[N+](=O)[O-])c(=O)n2C=N[N+](=O)[O-],1.8815928,8.487579,33.423317,5.488312,3.653506,668.3774,240.56534,155.01846,4.757544342999461
Nc1c(N)n([N+](=O)[O-])c2nnc(N)n2c1=O,1.7862271,7.0484276,22.627455,3.5672534,2.4771018,698.53906,54.955204,167.58998,3.706725398425255
N=c1nc([N+](=O)[O-])[nH]c(=Nc2nc(N)nc3c2nc([N+](=O)[O-])n3N[N+](=O)[O-])[nH]1,1.8045924,7.4698367,25.509502,4.3092346,2.7902746,651.0559,270.91058,154.08241,4.433378799723391
O=c1cc(N[N+](=O)[O-])nc2n(C=N[N+](=O)[O-])c([N+](=O)[O-])nn12,1.8352311,7.9399495,28.885324,5.1239796,3.170177,621.1298,161.93326,143.43962,4.218395325896013
O=[N+]([O-])N=Cc1nc2nncn2c([N+](=O)[O-])c1[N+](=O)[O-],1.8210498,8.050515,29.60211,5.8287435,3.4822757,597.3657,441.76425,189.31516,3.933408103083745
O=c1c2cn([N+](=O)[O-])nc2c([N+](=O)[O-])nc2c(C=N[N+](=O)[O-])nc(N[N+](=O)[O-])n12,1.8467363,7.8683577,28.542992,5.223896,3.0608644,587.2679,252.02985,148.77444,4.457465513237202
Nc1nc(=O)n2cc([N+](=O)[O-])nc2[nH]1,1.7357677,6.4095426,18.19198,3.0088766,1.8740093,626.9373,-118.65323,295.20703,3.4952903022913286
Nc1nc2cnc(N[N+](=O)[O-])c([N+](=O)[O-])n2n1,1.783263,7.6184053,26.315462,4.893698,3.160008,648.647,297.64255,142.35971,3.508369926322162
O=[N+]([O-])N=Cc1nn(C=N[N+](=O)[O-])c2c([N+](=O)[O-])noc12,1.8190492,8.227258,30.843102,6.1702614,3.7121058,600.0501,417.37796,174.1019,4.620048478731765
O=[N+]([O-])N=CC1=C(N[N+](=O)[O-])N(C=N[N+](=O)[O-])C([N+](=O)[O-])=C([N+](=O)[O-])C1=C1N=NN=N1,1.867034,8.509098,33.48691,6.1567388,3.8434227,624.0918,608.0211,133.3967,5.011960422786827
Nc1nc([N+](=O)[O-])c2nn(C=N[N+](=O)[O-])nc2n1,1.7826211,7.6895165,26.707514,4.951683,3.1830382,644.76434,396.67673,193.36803,4.154113699147331
N=c1c2[nH]c(=O)n([N+](=O)[O-])c2nc(C=N[N+](=O)[O-])n1N[N+](=O)[O-],1.882395,8.112708,30.651537,5.0002756,3.1986525,643.3189,134.5708,149.95796,4.549708247122636
Nc1cnc([N+](=O)[O-])n1[N+](=O)[O-],1.7629328,8.078675,29.218582,5.619873,3.7699585,672.05206,139.40106,156.11136,3.6664408169909635
Nc1nc2nc([N+](=O)[O-])n(N)c(=NC=N[N+](=O)[O-])c2n1[N+](=O)[O-],1.8422185,8.049238,29.794565,5.126489,3.39066,663.69293,344.7263,160.25587,4.561629558598045
O=[N+]([O-])N=Cc1c(C2=NOC(c3cnc([N+](=O)[O-])nc3N[N+](=O)[O-])=NC2)c([N+](=O)[O-])nn1C=N[N+](=O)[O-],1.7816532,7.7675695,27.256834,5.5317397,3.3103948,599.1413,418.7947,139.10866,4.890374400826857
Nc1nc(N[N+](=O)[O-])n2cc([N+](=O)[O-])cc2[n+]1[O-],1.7439353,7.3771234,24.235434,4.8196654,3.0484614,635.49927,126.09537,136.99956,3.965740425991915
O=[N+]([O-])N=Cc1nc2c([N+](=O)[O-])c(O)[nH]n2c1C=N[N+](=O)[O-],1.8334525,7.8339844,28.178986,5.1808925,3.1583478,610.8437,143.12927,186.19183,4.5598367861306945
O=[N+]([O-])N=Cc1ncc([N+](=O)[O-])c2c([N+](=O)[O-])nn(C=N[N+](=O)[O-])c12,1.8016249,7.9096656,28.410236,5.7886147,3.4024851,586.8096,392.14908,177.34087,4.387715300470557
O=[N+]([O-])N=Cc1nn([N+](=O)[O-])c2cc([N+](=O)[O-])oc12,1.810584,8.022505,29.286552,5.9720407,3.4633305,578.8951,193.74051,134.28511,4.287439893750762
Nc1c([N+](=O)[O-])c(=O)n2ncc([N+](=O)[O-])c2n1C=N[N+](=O)[O-],1.8449703,7.751686,27.630285,4.913546,2.9770732,607.7589,70.72905,197.10521,3.9235037285395418
Nn1c(=N[N+](=O)[O-])c2nc(C=N[N+](=O)[O-])n([N+](=O)[O-])c2n(C=N[N+](=O)[O-])c1=O,1.8751118,8.337744,32.178314,5.505101,3.5146563,640.3687,275.75122,138.80772,4.892258064413183
O=[N+]([O-])N=CN=C1C(N[N+](=O)[O-])=C(N[N+](=O)[O-])N(C=N[N+](=O)[O-])C(=C2N=NN=N2)N1[N+](=O)[O-],1.8808469,8.730619,35.403076,6.131535,4.0587554,661.9716,673.6885,125.361725,5.288232402355769
Nc1nn(C=N[N+](=O)[O-])c(=O)c([N+](=O)[O-])c1N,1.8112643,7.6822677,26.923424,4.636871,3.0714817,664.8854,33.925617,207.70717,3.9746606377846128
Nn1c(=N[N+](=O)[O-])c2c(n(C=N[N+](=O)[O-])c(=O)n2C=N[N+](=O)[O-])n(N[N+](=O)[O-])c1=O,1.8807226,8.309989,32.02008,5.2168903,3.405578,654.763,99.623505,148.4434,4.966204509856009
Nc1nc2[nH]c(=O)n(C=N[N+](=O)[O-])c(=NN[N+](=O)[O-])c2[nH]1,1.8022819,7.3410845,24.522995,4.0043077,2.6533475,667.4291,35.885838,167.09758,4.4361569807560555
Nc1nc2c(=NN[N+](=O)[O-])[nH]cnc2n1[N+](=O)[O-],1.81274,7.624403,26.585423,4.583465,3.0385597,666.48834,257.96567,161.14272,4.360893290984065
NC1=C(N[N+](=O)[O-])N(N[N+](=O)[O-])C(N[N+](=O)[O-])=C([N+](=O)[O-])C1=C1N=NN=N1,1.8766332,8.605145,34.33358,5.952017,3.977879,670.37634,541.7964,144.265,4.654525961838021
O=c1nc(N=CN[N+](=O)[O-])c2c(nc([N+](=O)[O-])n2[N+](=O)[O-])n1C=N[N+](=O)[O-],1.8557378,8.137504,30.533894,5.3123546,3.2872822,620.99396,185.18652,138.78862,4.741929807991868
Nn1nc([N+](=O)[O-])c2c(C=N[N+](=O)[O-])nn(C=N[N+](=O)[O-])c(=O)c21,1.8149294,7.938776,28.68886,5.3975024,3.3663898,625.00995,321.96274,171.44577,4.648308525143865
Nc1c(C=N[N+](=O)[O-])nn2c([N+](=O)[O-])nnc2c1N,1.77579,7.5649886,25.818512,4.9579406,3.230614,653.383,414.715,194.81526,4.059361160719087
Nc1nc2c(=N[N+](=O)[O-])n(C=N[N+](=O)[O-])c(=O)n(N)c2n1C=N[N+](=O)[O-],1.8404002,7.8675933,28.399126,4.784981,3.152022,662.3695,189.73523,165.47806,4.859886345650951
Nc1nc(N)n2c([N+](=O)[O-])nnc2c1N[N+](=O)[O-],1.8264146,7.6902256,27.187675,4.523811,3.0536194,677.822,232.1755,173.27046,3.6869683106073
N=c1c2nc(N)n(N)c(=NN[N+](=O)[O-])c2nc([N+](=O)[O-])n1N[N+](=O)[O-],1.8352226,8.014633,29.542196,4.9754667,3.407992,688.5299,339.35043,146.74976,4.491671515896923
Nn1c(=NC=N[N+](=O)[O-])c2nc([N+](=O)[O-])n(N[N+](=O)[O-])c2n(N)c1=O,1.8527043,8.1714,30.83159,5.185361,3.4786477,674.9504,261.27463,144.48138,4.685114872540278
Nn1c([N+](=O)[O-])nc2c(c1=NC=N[N+](=O)[O-])n(C=N[N+](=O)[O-])c(=O)c(=O)n2N,1.8506796,7.815858,28.13862,4.7417164,3.0247965,641.25055,122.68881,178.44208,4.765412326367445
N=c1c2c(nc([N+](=O)[O-])n1N[N+](=O)[O-])n(N)c(=O)n2C=N[N+](=O)[O-],1.857788,8.075239,30.173363,5.0175767,3.2908173,659.2522,161.85986,141.22017,4.56814049629771
Nc1c(C=N[N+](=O)[O-])c2nc3c(nc2n1C=N[N+](=O)[O-])n(N[N+](=O)[O-])c(=O)n3[N+](=O)[O-],1.8434119,7.879714,28.633934,5.0474834,3.1131845,618.98706,232.05441,151.446,4.822373212406847
NC(=NN[N+](=O)[O-])Nn1nnnc1N[N+](=O)[O-],1.8030409,8.761591,34.826225,5.823086,4.5132236,778.8128,505.4954,151.26877,4.209924441372329
O=[N+]([O-])N=Cc1nc([N+](=O)[O-])c([N+](=O)[O-])c2cnn(C=N[N+](=O)[O-])c12,1.8021451,7.91509,28.431313,5.804918,3.4056377,586.211,389.81064,176.64969,4.385127929632441
Nc1nc2c([N+](=O)[O-])cnn2c(N[N+](=O)[O-])c1[N+](=O)[O-],1.8402826,7.9478216,29.078812,5.2346373,3.2757437,627.9286,222.18991,135.22061,3.3552063614291736
Nc1onc2c([N+](=O)[O-])nn(C=N[N+](=O)[O-])c12,1.8040369,8.003338,29.068249,5.585517,3.5188425,631.3009,295.2961,188.79071,4.237403036690055
Nn1c([N+](=O)[O-])nc2c(N[N+](=O)[O-])nn(C=N[N+](=O)[O-])c2c1=O,1.8580251,8.158643,30.794817,5.3167276,3.4060886,642.3753,242.18329,140.41507,4.326599041574086
O=c1c(C=N[N+](=O)[O-])c([N+](=O)[O-])nc2n(C=N[N+](=O)[O-])c([N+](=O)[O-])cn12,1.8377751,7.876398,28.38932,5.2438297,3.0826755,589.38544,105.41501,180.03069,4.451888352339914
O=[N+]([O-])N=Cc1cc2nc([N+](=O)[O-])c([N+](=O)[O-])n2c(N[N+](=O)[O-])n1,1.7945901,8.009385,29.046307,5.74142,3.4802055,606.8191,303.8493,131.95575,4.1561210251438645
O=[N+]([O-])N=Cn1ncc2c([N+](=O)[O-])noc21,1.7765125,7.9151826,28.132898,5.951079,3.5474834,595.39886,324.1639,180.9315,4.270094978844835
Nc1nc2c(nc([N+](=O)[O-])n2N)c(=N[N+](=O)[O-])n1C=N[N+](=O)[O-],1.851812,8.062714,29.942936,5.0737433,3.3658144,666.3577,315.5046,163.19925,4.481399041574086
Nn1c(=O)n(N[N+](=O)[O-])c(=O)c2c1nc1n(N)c(=O)c(=C3N=NN3N[N+](=O)[O-])n21,1.8513331,7.6948214,27.367455,4.521178,2.8880584,642.4239,169.65112,160.34962,4.658861371225367
O=[N+]([O-])N=Cc1nc([N+](=O)[O-])c2nc(N[N+](=O)[O-])nc-2n1C=N[N+](=O)[O-],1.8352559,8.156614,30.578455,5.570149,3.4688215,623.5213,395.51022,139.18468,4.542954764188935
Nn1c([N+](=O)[O-])nn2c(C=N[N+](=O)[O-])nnc12,1.8169012,8.32637,31.595985,5.882937,3.9457824,671.49,558.0392,185.58412,4.178355210603098
O=[N+]([O-])N=Cc1cnc2nc([N+](=O)[O-])nc([N+](=O)[O-])n12,1.7940769,7.8138547,27.635363,5.4415374,3.245557,596.9124,315.16135,172.41647,4.001751692827336
Nn1c(C=N[N+](=O)[O-])nc2c1c(=NC=N[N+](=O)[O-])[nH]c(=O)n2[N+](=O)[O-],1.847814,7.9116983,28.86948,4.930024,3.1670175,645.1412,207.97037,156.83382,4.915042969816138
NN=c1n(N[N+](=O)[O-])c(=O)c2nc(N)[nH]c2n1N,1.7498349,7.1743937,23.153013,3.7229335,2.7780545,750.42737,134.70691,173.7884,4.14363177214576
Nc1nc(N[N+](=O)[O-])nc2c1c([N+](=O)[O-])nn2N,1.8073473,7.7275257,27.323994,4.752534,3.2063684,678.106,278.47162,149.17717,3.69438754137653
Nc1nc(N[N+](=O)[O-])c2c(N)nn([N+](=O)[O-])c2n1,1.7901207,7.5662794,26.007715,4.465823,3.0252676,680.78064,215.65234,155.50914,3.7384673490688387
N=c1c2nc([N+](=O)[O-])n(N)c2nc([N+](=O)[O-])n1C=N[N+](=O)[O-],1.8462217,8.0403385,29.781992,5.1998487,3.345706,645.69934,314.53973,183.57661,4.375327601218587
Nc1nc2c(c(=NN[N+](=O)[O-])n1N)n(N)c(=O)n2[N+](=O)[O-],1.84437,7.9299545,29.084696,4.6617002,3.2670283,705.5293,184.37292,162.59703,4.360434949103498
Nn1nc([N+](=O)[O-])c2nnnc(C=N[N+](=O)[O-])c21,1.8093828,8.108109,30.020622,5.892088,3.7823462,642.2298,621.8327,182.41685,4.291439287844348
O=[N+]([O-])c1cc2oc([N+](=O)[O-])nn2c1,1.7560836,7.4617376,24.788656,5.3275766,2.9845715,560.9659,36.92174,279.41278,3.7848133792144054
O=c1c2c(nc(C=N[N+](=O)[O-])n2[N+](=O)[O-])c(C=N[N+](=O)[O-])nn1[N+](=O)[O-],1.8621842,8.3257885,32.05934,5.88331,3.5416346,601.38434,309.8192,140.89876,4.71185490752386
Nc1nc2c(=NN[N+](=O)[O-])[nH]c(C=N[N+](=O)[O-])nc2n1[N+](=O)[O-],1.8354731,7.9795766,29.262693,5.0776114,3.321764,657.02856,342.2742,159.5977,4.713038532279044
O=c1n([N+](=O)[O-])c(=O)n2n1C=Nc1ccccc1C2=C1N([N+](=O)[O-])C(=CC=N[N+](=O)[O-])C([N+](=O)[O-])=C([N+](=O)[O-])N1[N+](=O)[O-],1.7620684,7.364876,24.352526,5.143252,2.8788087,561.8693,94.77734,131.5615,4.876578418296848
O=[N+]([O-])N=Cc1nnc2nc([N+](=O)[O-])nn2c1C=N[N+](=O)[O-],1.8315315,8.185736,30.730444,5.883024,3.6169877,614.07306,607.4414,168.71144,4.4139833571867575
O=[N+]([O-])N=Cc1nc2n([N+](=O)[O-])nc(C=N[N+](=O)[O-])n2c1[N+](=O)[O-],1.863236,8.515802,33.531986,6.165088,3.8216956,619.8409,475.3823,144.34511,4.717074150143865
Nn1c(=NN[N+](=O)[O-])c2c(ncn2C=N[N+](=O)[O-])n([N+](=O)[O-])c1=O,1.8675555,8.162471,30.89324,5.2211165,3.4062617,654.8115,247.51093,144.5082,4.660622948220787
O=[N+]([O-])N=Cc1nc([N+](=O)[O-])c2nc(N[N+](=O)[O-])n([N+](=O)[O-])c2n1,1.8735706,8.440581,33.116116,5.886724,3.6361413,617.5713,401.47952,137.31049,4.291512611682327
Nn1c(C=N[N+](=O)[O-])c(C=N[N+](=O)[O-])c2nnc([N+](=O)[O-])n2c1=O,1.8278065,7.938192,28.809542,5.288781,3.2934384,623.9212,287.77023,174.35858,4.459418861682326
Nc1nnc([N+](=O)[O-])n2c(C=N[N+](=O)[O-])nnc12,1.7758416,7.8538504,27.797913,5.4101124,3.4883568,644.63336,522.3434,181.43846,4.049092035097096
Nc1nc(C=N[N+](=O)[O-])nn2c([N+](=O)[O-])nnc12,1.7813346,7.836076,27.72619,5.3051357,3.4181018,645.8926,479.45486,175.42572,4.045528769790973
Nc1nnn2c([N+](=O)[O-])c([N+](=O)[O-])c(C=N[N+](=O)[O-])nc12,1.8064148,8.034836,29.315025,5.6632156,3.5232642,623.2073,429.4371,192.29565,4.013822741311291
N=c1nc(N)n([N+](=O)[O-])c2nc([N+](=O)[O-])n(C=C3C(=O)N(N)C(=O)N3N)c12,1.7798984,7.095068,22.826859,3.914798,2.5264077,648.8442,12.09035,180.92899,4.5590856584794075
Nc1nc2c(nc([N+](=O)[O-])n2[N+](=O)[O-])c(=NC=N[N+](=O)[O-])n1N,1.8364298,8.049394,29.789133,5.169478,3.4190893,664.3548,351.18777,146.19206,4.519412408534993
Nc1noc2c([N+](=O)[O-])c3c(C=N[N+](=O)[O-])nn(N)c3c(=O)n12,1.8042022,7.413205,24.994728,4.704237,2.8308277,604.35077,175.40775,203.75316,4.414877241956464
NN=c1c2c(=O)[nH]c(=O)n(C=N[N+](=O)[O-])c2nc(C=N[N+](=O)[O-])n1[N+](=O)[O-],1.8562714,7.695065,27.306234,4.5314045,2.8259249,627.55145,26.873598,146.45757,4.614947115684176
Nc1c(N[N+](=O)[O-])nnoc1=O,1.8026577,7.9026194,28.348022,4.948041,3.2861993,667.4223,-3.0376103,132.66129,3.846959349869376
O=c1c2c(nnn2[N+]=N[N+](=O)[O-])c(N[N+](=O)[O-])nn1C=N[N+](=O)[O-],1.8737046,8.616426,34.272545,5.949304,3.8533585,649.8464,567.0608,143.13634,4.8358204962977105
NN=c1c2nc([N+](=O)[O-])n(N)c2nc(C=N[N+](=O)[O-])n1[N+](=O)[O-],1.8395689,8.192026,30.8766,5.5514503,3.6529737,660.22424,468.6329,144.75772,4.509538511939786
O=c1c(O)coc(O)c1[N+](=O)[O-],1.8009578,6.76213,20.638165,3.547643,1.9019402,540.41766,-657.7825,268.67786,3.275697888951261
O=[N+]([O-])N=CN=c1[nH]c(C=N[N+](=O)[O-])nn2cc([N+](=O)[O-])nc12,1.7775444,7.720865,26.850859,5.262418,3.26864,622.55676,406.12717,178.5011,4.721137575171637
O=[N+]([O-])Oc1cc([N+](=O)[O-])c(Nc2ncoc2O)o1,1.7800331,7.2952843,23.999271,4.541186,2.59317,573.08,-389.3936,152.12604,4.016104564826293
Nn1c([N+](=O)[O-])nc2c(=NN[N+](=O)[O-])n(N[N+](=O)[O-])cnc21,1.8596256,8.347168,32.180244,5.5705576,3.7387598,673.9937,411.72733,153.71854,4.325782809598751
O=c1c(C=N[N+](=O)[O-])cn2ncnc2n1[N+](=O)[O-],1.7772845,7.469405,25.21836,5.0293946,2.9840782,595.1747,207.15607,131.34477,4.116779947185008
Nc1nc2nc3c(C=N[N+](=O)[O-])c(O)n4c(N[N+](=O)[O-])nnc4n3c(=O)c2n1N[N+](=O)[O-],1.8244574,7.437511,25.391443,4.3410635,2.6714556,617.99554,106.53342,158.10559,4.540972352475512
O=[N+]([O-])N=CN=c1nc(C=N[N+](=O)[O-])[nH]c2nc(C=N[N+](=O)[O-])nc([N+](=O)[O-])c12,1.7837503,7.689781,26.696716,5.233421,3.1618047,604.8434,396.81082,173.1775,4.942761903020738
NN=Cc1c([N+](=O)[O-])nc2c([N+](=O)[O-])c(N[N+](=O)[O-])c([N+](=O)[O-])nn12,1.8374227,8.244205,31.279755,5.8717093,3.670275,625.1668,400.35446,133.19945,3.9737372501626558
O=c1[nH]c(=NN[N+](=O)[O-])c2c(nc(C=N[N+](=O)[O-])n2[N+](=O)[O-])n1C=N[N+](=O)[O-],1.8703574,8.215902,31.2106,5.2779536,3.3486598,636.7067,198.02905,148.18529,4.964310929278048
O=[N+]([O-])N=Cn1nc2cnn([N+](=O)[O-])c2n1,1.7885289,8.200153,30.416878,6.1360283,3.916937,639.48035,569.97766,136.18141,4.5518799438798
O=c1c2ncc([N+](=O)[O-])n2nc(C=N[N+](=O)[O-])n1[N+](=O)[O-],1.85071,8.146295,30.6231,5.6665425,3.38474,597.19543,259.88608,141.60619,4.127472466586015
O=[N+]([O-])c1ccc([N+](=O)n2nnc3nc([N+](=O)[O-])nc([N+](=O)[O-])c32)cc1,1.734625,7.2033796,23.146267,5.259382,2.8958447,550.9894,381.79715,205.79181,3.5550754266250912
Nc1nnn2c(N)c([N+](=O)[O-])nc2n1,1.7672638,7.221609,23.415546,3.949792,2.7381496,695.5012,287.43918,315.3066,3.405446982453271
O=[N+]([O-])N=Cn1ccc2c([N+](=O)[O-])nn([N+](=O)[O-])c21,1.7720882,7.8543196,27.672638,5.8665175,3.5214992,600.6028,321.4828,139.61938,4.314168400538092
Nn1c([N+](=O)[O-])nc2c(c1=NC=N[N+](=O)[O-])n(N[N+](=O)[O-])c(=O)n2N,1.8515248,8.154778,30.66241,5.1484632,3.4574704,675.43005,246.51819,152.44164,4.637165222190627
Nn1c([N+](=O)[O-])nc2c1c(=NN[N+](=O)[O-])n(C=N[N+](=O)[O-])c(=O)n2N[N+](=O)[O-],1.88153,8.490646,33.48551,5.4855356,3.6560779,669.0784,243.57434,148.4474,4.773888417843536
O=c1c2c(C=N[N+](=O)[O-])c(N[N+](=O)[O-])nn2cnn1[N+](=O)[O-],1.8443867,8.15049,30.585756,5.615722,3.4672372,618.61255,291.93497,135.83366,4.306984895648295
Nc1nc(N[N+](=O)[O-])nc2c1n([N+](=O)[O-])c(=O)n2C=N[N+](=O)[O-],1.8680177,7.959501,29.454988,4.7772,3.0585973,642.7286,86.26462,147.08276,4.263914552292876
Nc1nc2c(nc(N)n2[N+](=O)[O-])c(=NN[N+](=O)[O-])[nH]1,1.8228457,7.5893507,26.46215,4.2480087,2.9256215,693.30396,198.93863,169.5967,4.302021794203251
NN=c1nc(N)[nH]c2[nH]c([N+](=O)[O-])nc12,1.7355874,6.756695,20.381077,3.247402,2.3417742,724.3711,146.85089,299.3131,4.086010417115361
Nc1nc([N+](=O)[O-])n2c(N[N+](=O)[O-])nnc2c1N,1.7904634,7.65134,26.585127,4.6943502,3.1711287,678.43176,285.30075,139.06396,3.696853887530377
Nc1nc2c(c(=NC=N[N+](=O)[O-])n(N)c(=O)n2N[N+](=O)[O-])n1[N+](=O)[O-],1.8550826,8.123999,30.47148,5.0070095,3.3753364,677.5708,192.53586,151.09355,4.712618369043776
Nc1c(C=N[N+](=O)[O-])c2nnnn2c2c1nnn2[N+](=O)[O-],1.8250629,7.9037437,28.63787,5.4496603,3.42429,630.01337,674.27924,147.68625,4.308294283562143
Nc1nc([N+](=O)[O-])nc2c(=NC=N[N+](=O)[O-])n(N)c(C=N[N+](=O)[O-])nc12,1.7728884,7.5570984,25.766144,4.836355,3.1148868,645.6419,393.7463,172.94942,4.608318500452672
O=[N+]([O-])N=Cc1nc2nonc2n1[N+](=O)[O-],1.8313377,8.540756,33.44032,6.656382,4.099466,614.38257,540.04004,122.97984,4.280114559264415
O=c1n(C=N[N+](=O)[O-])c(=NC=N[N+](=O)[O-])c2[nH]cnc2n1[N+](=O)[O-],1.8407643,7.8087263,28.110779,4.8789306,3.0411334,625.0946,167.53021,142.88821,4.784642981504811
O=c1[nH]c2c(=NC=N[N+](=O)[O-])n([N+](=O)[O-])c(C=N[N+](=O)[O-])nc2n1N[N+](=O)[O-],1.8709615,8.254563,31.501379,5.3483315,3.4000235,638.1885,214.27417,137.86656,4.882542929278047
Nn1c(C=N[N+](=O)[O-])nc2c(c1=NC=N[N+](=O)[O-])n(C=N[N+](=O)[O-])c(=O)n2[N+](=O)[O-],1.8532318,8.137282,30.560894,5.2887936,3.3760097,640.4842,297.51108,154.70149,5.119510571199729
O=[N+]([O-])c1nc2ncnc(O)c2[nH]1,1.7271554,6.4440765,18.408619,3.4344242,1.9824549,579.83167,-63.79582,288.26315,3.4116705192395944
Nc1c(C=N[N+](=O)[O-])c([N+](=O)[O-])nc2ncc([N+](=O)[O-])n12,1.8070502,7.614184,26.403482,5.03016,3.0380948,605.77496,223.02762,196.9422,3.9624955435090916
Nc1n[nH]c2[nH]c(=O)n(C=N[N+](=O)[O-])c(=NN[N+](=O)[O-])c12,1.8016399,7.447983,25.22548,4.219984,2.8045535,669.18243,98.77011,161.79993,4.582486535411927
Nc1nc2c(nc([N+](=O)[O-])n2N)c(=N[N+](=O)[O-])n1N,1.8271782,7.8732567,28.431343,4.7996087,3.3370981,699.392,312.36115,158.66469,4.055645558909132
Nn1ncnc2c([N+](=O)[O-])nnc1-2,1.7614598,7.5295296,25.553785,5.10387,3.3111198,649.97656,467.39352,283.85965,3.5753935961626713
NN=c1c2nc(N)n(C=N[N+](=O)[O-])c2n(N[N+](=O)[O-])c(=O)n1N[N+](=O)[O-],1.8372072,8.059446,29.778652,4.944965,3.3930352,689.58154,211.16653,155.85161,4.801367282105801
O=[N+]([O-])N=CN=c1c2nc([N+](=O)[O-])nc(C=N[N+](=O)[O-])c2ncn1C=N[N+](=O)[O-],1.8041915,7.773005,27.530153,5.2960362,3.2074716,606.2462,444.61655,164.4439,4.920883227266113
Nc1nc(C=N[N+](=O)[O-])nc2c(C=N[N+](=O)[O-])nc([N+](=O)[O-])nc12,1.7697352,7.433885,24.929033,4.912203,2.9679906,605.3774,358.78976,166.13141,4.372351383871676
Nn1c(=O)n(N[N+](=O)[O-])c(=NN[N+](=O)[O-])c2nc([N+](=O)[O-])n(C=N[N+](=O)[O-])c21,1.8932737,8.5296755,33.848248,5.5580688,3.684064,665.306,265.34918,155.45474,4.78396617252129
Nc1[nH]c(=O)c2cnn(N)c2c1[N+](=O)[O-],1.7431026,6.5397534,18.965336,3.4362137,2.1900706,640.4813,-22.934752,326.62814,3.3305600418808394
Nn1c(=NC=N[N+](=O)[O-])c2c([nH]c(=O)n2C=N[N+](=O)[O-])n(N[N+](=O)[O-])c1=O,1.8553869,7.9174147,28.911833,4.692156,3.0761278,659.7727,36.084476,155.64214,4.92421826953033
N=c1c2nc3c([N+](=O)[O-])nn(N)c3nc2n(C=N[N+](=O)[O-])c(=O)n1N[N+](=O)[O-],1.8486862,7.815607,28.278254,4.841798,3.0502183,632.42645,293.99133,152.46259,4.602636467739587
O=c1c2c(nnn2N[N+](=O)[O-])c(C=N[N+](=O)[O-])cn1[N+](=O)[O-],1.8327918,8.109543,30.126265,5.6548805,3.466708,614.3134,291.16733,131.49092,4.467727007773458
O=[N+]([O-])NC1=CN(N[N+](=O)[O-])C(N[N+](=O)[O-])=C([N+](=O)[O-])C1=C1N=NN=N1,1.8679587,8.59865,34.207237,6.1713653,4.020824,652.4025,575.08765,138.20244,4.692782016936187
Nc1nc(N[N+](=O)[O-])c(=O)n2c(N)c([N+](=O)[O-])nc2n1,1.7803015,7.251992,23.7803,3.9807382,2.5790002,651.0456,7.438845,158.10869,3.573763981167925
O=[N+]([O-])N=Cc1c([N+](=O)[O-])nc2nnn(N[N+](=O)[O-])c2c1C=N[N+](=O)[O-],1.8305938,8.261226,31.220211,6.0213637,3.70396,615.50104,537.27655,134.26698,4.631722456496628
NC1=CC(=C2N=NN=N2)C([N+](=O)[O-])=C(N[N+](=O)[O-])N1N[N+](=O)[O-],1.814755,8.154879,30.304743,5.6911764,3.7479908,660.7492,520.2254,144.68803,4.566769549648772
O=c1[nH]c2nc(C=N[N+](=O)[O-])nc([N+](=O)[O-])c2[nH]1,1.8205836,7.2981806,24.379276,4.195872,2.5028226,600.3051,10.437991,177.42607,3.878326571988774
Nn1c([N+](=O)[O-])nc2c(=NN[N+](=O)[O-])n(C=N[N+](=O)[O-])c(=O)n(N[N+](=O)[O-])c21,1.8935149,8.518787,33.819893,5.487082,3.6484423,667.4047,246.53558,154.22864,4.800310247365366
N=c1c2c([N+](=O)[O-])nn(C=N[N+](=O)[O-])c2nc(N)n1N[N+](=O)[O-],1.832859,7.9865427,29.307987,5.058614,3.345423,663.97253,305.17084,158.50598,4.515574073099938
NN=c1c2c(nc(N)n1C=N[N+](=O)[O-])nc([N+](=O)[O-])n2N[N+](=O)[O-],1.8159218,7.9911723,29.139881,5.105679,3.4441323,678.0462,365.65378,146.04404,4.608682563605402
O=[N+]([O-])N=Cc1nonc1[N+](=O)[O-],1.8019173,8.689127,34.150692,7.001443,4.405586,627.89435,354.93423,180.71867,4.068743486272563
O=[N+]([O-])N=Cc1nc([N+](=O)[O-])c2nn([N+](=O)[O-])c(C=N[N+](=O)[O-])c2n1,1.8404098,8.255307,31.334728,6.05507,3.6281335,598.33466,493.65915,143.62856,4.60595961734771
O=c1[nH]nc(O)c2c(C=N[N+](=O)[O-])n[nH]c12,1.7837929,6.923527,21.738192,3.930413,2.3480346,599.85034,-30.114332,192.41525,4.064152321502178
O=[N+]([O-])N=Cn1c([N+](=O)[O-])nc2c1cc([N+](=O)[O-])n2C=N[N+](=O)[O-],1.8191539,8.05524,29.558546,5.681625,3.4506893,607.916,285.12296,179.82848,4.597763573220787
O=c1cc(C=N[N+](=O)[O-])n([N+](=O)[O-])c2c([N+](=O)[O-])nnn12,1.8156303,8.055105,29.43434,5.751762,3.4295402,597.02966,284.26495,114.5025,4.1755878512014
Nc1c(C=N[N+](=O)[O-])n([N+](=O)[O-])c2nc([N+](=O)[O-])cn2c1=O,1.8194891,7.711038,27.142252,5.0122666,3.0345423,607.9687,80.65022,129.08835,4.227539007054132
Nc1nc2c(=NC=N[N+](=O)[O-])n([N+](=O)[O-])c(C=N[N+](=O)[O-])nc2n1[N+](=O)[O-],1.8574618,8.261905,31.522415,5.5149035,3.5256221,641.24286,406.76657,137.115,4.895000961838022
Nc1nc2nnc(N)n2c(=O)n1N[N+](=O)[O-],1.7791712,7.2923393,24.108553,3.7663271,2.656774,707.3706,115.848816,163.61392,3.765652589838493
O=[N+]([O-])N=Cc1nc([N+](=O)[O-])c(N[N+](=O)[O-])c2c([N+](=O)[O-])ncn12,1.8278108,8.109705,30.141266,5.7623544,3.4926963,606.2449,324.7812,129.31404,4.132859486682325
Nn1cnc2c(=NN[N+](=O)[O-])n([N+](=O)[O-])c(C=N[N+](=O)[O-])nc21,1.812938,8.072585,29.680922,5.5503564,3.6275556,655.82367,475.45486,140.33618,4.595661112924207
O=[N+]([O-])N=Cn1nnc2c3cc([N+](=O)[O-])c([N+](=O)[O-])nc3c([N+](=O)[O-])cc21,1.7978438,7.5155945,25.614721,5.4172792,2.970933,548.60126,378.77335,198.53798,3.8677906615218998
O=c1c([N+](=O)[O-])c(C=N[N+](=O)[O-])n2nnnc2n1C=N[N+](=O)[O-],1.8691792,8.244862,31.382046,5.574041,3.430237,616.0723,390.4415,184.49635,4.3874060260755705
NN1N=C([N+](=O)[O-])n2cnnc3n(C=N[N+](=O)[O-])c(=O)c1c2-3,1.817266,7.5555797,26.1044,4.7842464,2.9604747,620.4217,344.5228,192.51385,4.487755664879064
O=[N+]([O-])N=Cc1nc([N+](=O)[O-])nc2c1[nH]c(=NN[N+](=O)[O-])n2C=N[N+](=O)[O-],1.8503189,8.153505,30.641527,5.397071,3.4194896,635.0014,364.52707,157.65181,4.89233017680114
O=[N+]([O-])N=Cc1nc([N+](=O)[O-])n2c(C=N[N+](=O)[O-])nc([N+](=O)[O-])c2n1,1.8378351,8.187028,30.787586,5.7891955,3.4928048,602.6109,415.00076,164.48709,4.453104278656551
Nn1nc(C=N[N+](=O)[O-])n2c(=O)c3c([N+](=O)[O-])nn(C=N[N+](=O)[O-])c3nc12,1.8261911,7.7849107,27.718077,4.9962926,3.0846968,619.5545,333.00616,174.81004,4.662814054567209
O=C(O)c1nc2ccc([N+](=O)[O-])c([N+](=O)[O-])c2o1,1.7706182,6.677389,19.966673,3.9745078,1.9974627,506.30173,-433.04706,235.8154,2.843740425991916
Nc1nn(C=N[N+](=O)[O-])c(=NC=N[N+](=O)[O-])c2nc([N+](=O)[O-])nn12,1.8237653,8.104086,30.046679,5.29467,3.4999845,662.3545,486.8359,173.88454,4.735122744818421
O=c1c2c([N+](=O)[O-])nc(C=N[N+](=O)[O-])n2c(C=N[N+](=O)[O-])nn1C=N[N+](=O)[O-],1.8238385,8.042459,29.540407,5.53347,3.3563564,606.81635,316.39407,167.17726,4.840993390816509
Nc1nn2nnnc2c([N+](=O)[O-])c1N,1.7924384,7.56161,25.928139,4.6318536,3.166937,686.95135,420.80325,306.93335,3.4267445533034744
Nc1nc(N[N+](=O)[O-])n2c(N)c([N+](=O)[O-])nc2n1,1.7958537,7.449231,25.267591,4.1689005,2.8189175,679.8281,151.4682,159.64388,3.6463529259919145
O=[N+]([O-])N=CN=c1[nH]cc([N+](=O)[O-])o1,1.784067,7.8310757,27.592337,5.148276,3.2686436,637.6755,7.110247,190.3706,4.598482609983636
Nn1ncc2c([N+](=O)[O-])nn(C=N[N+](=O)[O-])c(=O)c21,1.7859788,7.6053195,26.124413,5.0287995,3.1351383,625.3896,249.57806,184.59358,4.175600979723613
Nc1nnn2c1c([N+](=O)[O-])nn1nnc(C=N[N+](=O)[O-])c12,1.8095498,7.88315,28.315722,5.413236,3.4293888,633.85236,678.5326,189.0243,4.353088978522355
Nc1nc2n([N+](=O)[O-])c(N[N+](=O)[O-])nc(=O)n2c1C=N[N+](=O)[O-],1.8613311,7.9728928,29.398478,4.840454,3.097083,642.78894,101.680664,144.70255,4.379650239556431
Nn1c(=O)n(N)c2c1nc([N+](=O)[O-])n2C=N[N+](=O)[O-],1.8217126,7.872849,28.385199,4.8685246,3.271835,674.7007,184.1178,190.18758,4.361631712755287
O=[N+]([O-])NN=Cc1cc2nnnn2c([N+](=O)[O-])n1,1.7670553,7.827085,27.523174,5.6772947,3.5629587,630.2993,562.61224,151.84384,3.8991637336842224
Nn1c([N+](=O)[O-])c([N+](=O)[O-])c2nc(C=N[N+](=O)[O-])n(C=N[N+](=O)[O-])c2c1=O,1.8546438,8.0593195,29.930496,5.4459662,3.2994206,606.9013,189.32422,188.3471,4.4813073269517805
Nn1c(=N[N+](=O)[O-])c2c(nc(C=N[N+](=O)[O-])n2C=N[N+](=O)[O-])n([N+](=O)[O-])c1=O,1.887146,8.395084,32.814163,5.5386176,3.5409272,640.5488,294.91925,139.6855,4.864750995806114
Nc1nc(N[N+](=O)[O-])nc2c1c(N)nn2[N+](=O)[O-],1.80914,7.6206603,26.555262,4.499583,3.0384126,678.6919,226.26773,154.08318,3.726138502914991
Nc1c(N)n([N+](=O)[O-])c2ncnn2c1=O,1.7620403,6.9812446,21.96572,3.8147418,2.5116594,661.5411,77.75975,158.42403,3.587056580342378
O=c1cc([N+](=O)[O-])nc2n(N[N+](=O)[O-])c([N+](=O)[O-])c(C=N[N+](=O)[O-])n12,1.8365726,8.084576,29.913197,5.5126476,3.322917,604.7234,112.93234,134.16968,4.255368019393425
O=[N+]([O-])N=Cn1nnc2c1cnc1c([N+](=O)[O-])c(N[N+](=O)[O-])nn12,1.8419615,8.025291,29.698637,5.57415,3.4142396,612.7112,598.47144,134.27203,4.165073363430578
Nn1c(=O)n([N+](=O)[O-])c(=NN[N+](=O)[O-])c2c(C=N[N+](=O)[O-])nc(C=N[N+](=O)[O-])nc21,1.845794,8.107353,30.23332,5.3660088,3.3908045,634.4851,320.22043,140.67612,4.888854417353576
O=c1nc(C=N[N+](=O)[O-])c2nn(C=N[N+](=O)[O-])nc2c(=O)[nH]1,1.791929,7.3740177,24.582678,4.4456277,2.6720092,604.0766,117.21686,173.84776,4.49270104949445
Nc1c(C=N[N+](=O)[O-])n2c(=O)n(N[N+](=O)[O-])c(O)c2n1C=N[N+](=O)[O-],1.8338922,7.7705007,27.724838,4.665069,2.998426,645.5745,-100.81838,162.74022,4.788132355057762
Nn1c(=O)n(C=N[N+](=O)[O-])c(=N[N+](=O)[O-])c2c1nc(C=N[N+](=O)[O-])n2C=N[N+](=O)[O-],1.8432606,8.091796,30.031115,5.2733107,3.3689964,640.9876,287.45944,156.07379,5.063309032738191
O=[N+]([O-])N=Cc1nn(C=N[N+](=O)[O-])c2c1c(N[N+](=O)[O-])nn2[N+](=O)[O-],1.8348833,8.489689,33.01564,6.1753798,3.956472,641.15375,520.8404,132.88531,4.861249628828766
Nc1nc([N+](=O)[O-])nc2c(N)nc(C=N[N+](=O)[O-])nc12,1.7325933,6.9504848,21.551773,4.1105366,2.5765505,628.8538,228.73083,190.14322,3.868364513340156
Nc1cn2c([N+](=O)[O-])cnc([N+](=O)[O-])c2n1,1.7342837,7.0616927,22.13316,4.640665,2.7453895,594.34973,168.85065,260.97025,3.4906711944896553
Nc1nc([N+](=O)[O-])nc2c(N[N+](=O)[O-])n(N)nc12,1.8107412,7.769671,27.64486,4.8582344,3.2712047,676.4877,320.81927,167.8055,3.873620233684222
O=[N+]([O-])N=Cc1ncc2c(c(C=N[N+](=O)[O-])nn2[N+](=O)[O-])c1[N+](=O)[O-],1.7987869,7.9465146,28.69684,5.9834747,3.4943066,583.05194,435.43887,146.911,4.5035373440985715
Nc1onc(C=N[N+](=O)[O-])c1[N+](=O)[O-],1.7929579,8.131863,29.818058,5.827033,3.73191,641.8239,145.58588,198.08157,3.9323113549229074
Nc1nc2n(N[N+](=O)[O-])c(N)c(N[N+](=O)[O-])c(=O)n2n1,1.8127295,7.691142,26.9825,4.403753,3.0235345,690.2819,94.30347,161.66092,3.932546564622206
Nn1c(C=N[N+](=O)[O-])nc2c(c1=NN[N+](=O)[O-])n([N+](=O)[O-])c(=O)n2C=N[N+](=O)[O-],1.8654028,8.299105,31.84647,5.4205484,3.513776,650.17017,287.3453,153.87308,4.954624162280466
Nc1nc2nc(C=N[N+](=O)[O-])nc([N+](=O)[O-])n2n1,1.774979,7.6507053,26.379658,4.8759108,3.142275,646.5898,378.361,171.04085,3.9382719409055724
Nc1nc([N+](=O)[O-])c(=O)n2c(C=N[N+](=O)[O-])c(N)nc2n1,1.751264,7.009073,21.98648,3.9497113,2.463565,626.7567,56.320423,201.39415,3.939446642410192
NN=c1c2c(nc([N+](=O)[O-])n1N[N+](=O)[O-])n(C=N[N+](=O)[O-])c(=O)n2C=N[N+](=O)[O-],1.8547837,8.202011,31.011473,5.273104,3.4138765,650.207,241.99377,147.4929,4.8883388475951515
Nn1c(=NC=N[N+]([O-])O)c2c(nc([N+](=O)[O-])n2[N+](=O)[O-])n(N[N+](=O)[O-])c1=O,1.8757437,8.496968,33.32969,5.549752,3.694568,669.78455,184.67111,140.59692,4.819174932585584
Nn1nc(N[N+](=O)[O-])c2c1nc([N+](=O)[O-])n1nc(C=N[N+](=O)[O-])nc21,1.8308368,7.9858003,29.313189,5.346701,3.398695,637.02875,536.26196,143.56792,4.369264358348589
Nn1cnc2c(N[N+](=O)[O-])nc([N+](=O)[O-])nc21,1.7976094,7.679316,26.890362,4.9346666,3.1962833,650.6673,292.75116,136.64664,3.6031618995663095
NN=c1c2nc(C=N[N+](=O)[O-])n(C=N[N+](=O)[O-])c2n(C=N[N+](=O)[O-])c(=O)n1[N+](=O)[O-],1.854839,8.132837,30.52316,5.292905,3.3763986,639.89667,309.50327,143.63649,5.131329994276653
Nc1nc(N)n2cc([N+](=O)[O-])nc2c1[N+](=O)[O-],1.7855612,7.043433,22.337038,3.9334705,2.4800196,634.0029,36.75194,312.2925,3.394555812609787
Nc1c([N+](=O)[O-])c(C=N[N+](=O)[O-])nn2c(N[N+](=O)[O-])nnc12,1.8359,8.174614,30.71313,5.6457524,3.6315258,644.4296,479.0759,149.53247,4.031857125113746
O=[N+]([O-])c1nc2ccc(O)c([N+](=O)[O-])c2o1,1.7341453,6.7885556,20.338964,4.4761243,2.3028967,515.6868,-242.2848,283.12524,3.273759924364432
O=[N+]([O-])N=Cc1nc(C=N[N+](=O)[O-])n2c([N+](=O)[O-])c([N+](=O)[O-])nc2n1,1.8263241,8.148059,30.34861,5.7865863,3.490462,602.7426,415.12692,169.49419,4.425095782674921
O=[N+]([O-])N=Cc1cn([N+](=O)[O-])nc1N[N+](=O)[O-],1.7947881,8.465184,32.392597,6.3294735,4.1572337,658.11926,315.85422,125.59033,4.343488120302094
NC1=C([N+](=O)[O-])N(N[N+](=O)[O-])C(C=N[N+](=O)[O-])=C([N+](=O)[O-])C1=C1N=NN=N1,1.8563453,8.393917,32.488308,5.9628644,3.8042405,638.77277,560.5447,139.85909,4.773593269530329
Nc1nc2c(nc([N+](=O)[O-])n2C=N[N+](=O)[O-])c(=NN[N+](=O)[O-])n1C=N[N+](=O)[O-],1.8474215,8.138415,30.505735,5.24317,3.414422,653.3425,352.8071,166.28252,4.895562006201124
Nn1c(N[N+](=O)[O-])nc2c(=NN[N+](=O)[O-])n(N[N+](=O)[O-])c(=O)n(N)c21,1.876007,8.413714,32.857903,5.25794,3.68339,704.1274,253.06348,151.39536,4.54241347393888
O=c1[nH]c(=N[N+](=O)[O-])c2c(nc(C=N[N+](=O)[O-])n2C=N[N+](=O)[O-])n1N[N+](=O)[O-],1.8694673,8.239615,31.383474,5.30013,3.3769362,639.5524,210.77545,146.90636,4.916549083124201
Nc1c(C=N[N+](=O)[O-])c([N+](=O)[O-])nc2c1nnn2C=N[N+](=O)[O-],1.8011507,7.793527,27.55893,5.2855144,3.294493,624.57715,437.41617,181.56831,4.511659624090459
Nn1c(=O)[nH]c2[nH]c(=O)[nH]c(=O)c21,1.7496259,5.722449,14.7791195,1.8636374,1.1989565,636.29626,-435.5031,308.68063,3.2896085412176177
O=[N+]([O-])N=Cc1c(O)cc(C=N[N+](=O)[O-])n2nnnc12,1.7498107,7.3156652,23.808176,4.992536,2.9728615,597.982,291.78024,171.6854,4.322660690496333
[N-]=[N+]N1C(N)=NC2C1N([N+](=O)[O-])CN2[N+](=O)[O-],1.8041203,8.3453245,31.68911,5.536641,4.1144733,746.2956,353.24008,153.13774,5.735191396067781
Nc1oc2c(nnn2N)c1[N+](=O)[O-],1.8068695,7.5888653,26.131605,4.624616,3.0687683,666.8413,151.07047,330.42294,3.9054102994593762
Nn1nc([N+](=O)[O-])c2cn[nH]c21,1.7083364,7.2724876,23.2655,4.882748,3.2695694,671.075,334.38083,298.60107,3.6774198830861593
Nc1cc([N+](=O)[O-])c(N[N+](=O)[O-])o1,1.7515438,7.717632,26.516449,5.153894,3.3310559,648.62354,-95.06192,151.45677,3.6236221029500024
O=[N+]([O-])Nn1nnc2cc(O)c(O)cc21,1.7091433,6.682871,19.647041,4.1166587,2.4336848,595.08887,-80.367645,151.66275,3.396070079404293
Nc1nc(=O)nc(N[N+](=O)[O-])o1,1.777051,7.282646,23.888983,3.696135,2.4707615,674.3084,-223.79643,148.90547,3.7730165614078377
Nc1noc2nc(N)n(N[N+](=O)[O-])c(=O)c12,1.7574406,7.1611094,23.020643,4.068953,2.653411,655.71906,-15.691724,164.40619,3.6652937347401036
O=c1n(N[N+](=O)[O-])c(=NN[N+](=O)[O-])c2nc(C=N[N+](=O)[O-])n(C=N[N+](=O)[O-])c2n1C=N[N+](=O)[O-],1.8627937,8.3519335,32.16509,5.560611,3.571966,643.75934,304.05734,151.26634,5.275766722177877
Nc1nc2c(=NC=N[N+](=O)[O-])n(N[N+](=O)[O-])c([N+](=O)[O-])nc2[nH]1,1.8193358,7.889255,28.436256,4.921043,3.24031,662.0601,282.42944,144.25797,4.447480467762915
O=[N+]([O-])N=Cc1nc2c([N+](=O)[O-])nc(C=N[N+](=O)[O-])n2nc1[N+](=O)[O-],1.8418084,8.254304,31.374178,5.949108,3.586287,601.93536,476.80374,166.1319,4.468363980149088
O=c1c([N+](=O)[O-])c[nH]c2nc(C=N[N+](=O)[O-])nn12,1.8049115,7.4414005,25.206274,4.6598945,2.7764947,598.3859,133.04636,198.5517,4.068617937765856
O=C(NC(=NC=N[N+](=O)[O-])N[N+](=O)[O-])Nc1c([N+](=O)[O-])nc([N+](=O)[O-])c2nc(C=N[N+](=O)[O-])cnc12,1.78875,7.656473,26.526138,4.943925,3.025817,614.30493,161.81985,163.43474,4.4679889889240485
O=C1N=C2N=C([N+](=O)[O-])N=C2C(=O)N1,1.8292029,6.902419,21.873331,3.4967964,1.9774437,568.7407,-157.48436,264.78778,3.853020261805499
Nc1nc2c(=NN[N+](=O)[O-])n(N)c(=O)n(N)c2n1[N+](=O)[O-],1.8498586,7.928766,29.057634,4.6445227,3.25207,704.45526,179.00754,169.21507,4.436301802250352
NC1N=C(N[N+](=O)[O-])C([N+](=O)[O-])=C(N[N+](=O)[O-])C1=C1N=NN=N1,1.8207858,8.174338,30.566156,5.589836,3.7323115,670.30676,513.4129,129.50294,4.900682049848527
NN=c1c2c(nc([N+](=O)[O-])n1C=N[N+](=O)[O-])n(N[N+](=O)[O-])c(=O)n2N,1.8526995,8.162076,30.766916,5.168613,3.4679954,674.3301,260.1076,156.58075,4.620650536875944
O=c1c2c(nc(C=N[N+](=O)[O-])n2C=N[N+](=O)[O-])n(C=N[N+](=O)[O-])c(=O)n1N[N+](=O)[O-],1.8453274,8.020902,29.586222,5.1263146,3.1863382,623.671,85.1579,149.42162,4.95755730196896
O=C1C(=C2N=NN=N2)N=C(C=N[N+](=O)[O-])N1N[N+](=O)[O-],1.8224483,8.15549,30.44008,5.5987077,3.5690773,639.0549,519.74896,140.48866,4.701063487699129
O=[N+]([O-])N=CC1=C([N+](=O)[O-])N(N[N+](=O)[O-])C([N+](=O)[O-])=C([N+](=O)[O-])C1=Cn1cncn1,1.7840812,8.014208,29.038626,5.9385424,3.6150067,609.5558,394.88742,134.0176,4.687837686584345
O=[N+]([O-])Nc1ncc2nc([N+](=O)[O-])ncn12,1.7705816,7.5199566,25.554356,4.9891815,3.0880606,621.677,276.86572,134.63,3.5944246991245556
Nc1[nH]nc2c1c(C=N[N+](=O)[O-])nc(=O)n2N[N+](=O)[O-],1.8123778,7.572881,26.16965,4.6037197,2.9581535,646.2675,168.86139,160.64722,4.348959385135028
Nc1nc2nnc([N+](=O)[O-])n2c(C=N[N+](=O)[O-])c1C=N[N+](=O)[O-],1.7867622,7.7426887,27.074059,5.237687,3.2672772,625.28265,417.0319,175.1768,4.39112662160907
Nn1c(=NN[N+](=O)[O-])c2c(nc([N+](=O)[O-])n2C=N[N+](=O)[O-])n(N)c1=O,1.8645105,8.180313,30.989746,5.1519814,3.448581,672.75494,258.27997,171.06749,4.648130956456362
Nc1c([N+](=O)[O-])cnc2nnc([N+](N)=O)n12,1.7821429,7.372934,24.503061,4.471707,2.9530904,663.20557,291.04376,308.69067,3.7172973125576334
Nc1c([N+](=O)[O-])c2[nH]ncc2n1C=N[N+](=O)[O-],1.7614605,7.3043303,23.903378,4.709081,2.9736164,633.7238,223.13046,212.23877,4.067495678830523
O=[N+]([O-])N=Cc1nnnc2nn([N+](=O)[O-])cc12,1.7877357,7.9687223,28.779758,6.03,3.6809514,610.54834,593.3051,141.78436,4.456818464000949
O=c1n(N[N+](=O)[O-])c(C=N[N+](=O)[O-])c2n([N+](=O)[O-])nc(C=N[N+](=O)[O-])n12,1.8660525,8.48294,33.19097,5.8204126,3.6977146,636.8457,272.3833,141.07669,4.852136512875031
O=[N+]([O-])N=CN=c1c2ncn(N[N+](=O)[O-])c2nc([N+](=O)[O-])n1N[N+](=O)[O-],1.8517551,8.401975,32.49098,5.7750134,3.7492294,650.5994,422.31467,135.95052,4.628213445507617
Nc1c([N+](=O)[O-])nnc2nnn(N)c12,1.7718316,7.646706,26.48092,4.9845743,3.4134471,686.29517,486.8018,289.07336,3.8801988043156204
Nn1c([N+](=O)[O-])nc2nc(C=N[N+](=O)[O-])n([N+](=O)[O-])c(=NN[N+](=O)[O-])c21,1.86055,8.493117,33.295807,5.908452,3.8393188,651.3337,463.6865,133.68224,4.657828820567341
N=c1c2c(=N[N+]([O-])=NNN[N+](=O)[O-])n(N)c(=O)n(N[N+](=O)[O-])c2n(N)c(=O)n1N[N+](=O)[O-],1.8819672,8.391872,32.62854,5.079528,3.5763988,708.2862,184.41833,156.60718,5.092062291846487
COc1nn2c([N+](=O)[O-])nc([N+](=O)[O-])c2o1,1.750944,7.612074,25.735767,5.0902476,3.0847647,607.5696,-75.073586,277.582,3.76745902991005
O=[N+]([O-])N=Cc1nc2c([N+](=O)[O-])nn(C=N[N+](=O)[O-])c2n1[N+](=O)[O-],1.8601738,8.542435,33.698273,6.2105427,3.8712192,622.572,479.54434,141.46086,4.711457803990018
O=c1c2nc(C=N[N+](=O)[O-])n(C=N[N+](=O)[O-])c2nc([N+](=O)[O-])n1N[N+](=O)[O-],1.8563783,8.211523,31.111633,5.492726,3.3931668,619.36816,244.41156,136.60324,4.636358654145713
O=[N+]([O-])N=Cc1nc2c([N+](=O)[O-])cc(O)c(O)c2o1,1.7866112,6.9486976,21.823204,4.244845,2.297466,542.8313,-340.4208,195.7135,3.728207314565241
O=[N+]([O-])N=Cc1nc([N+](=O)[O-])c2[nH]nc(C=N[N+](=O)[O-])c2n1,1.792968,7.7466974,27.247862,5.453048,3.2655137,598.9153,425.13364,167.04651,4.424344895648296
Nc1nc2c(C=N[N+](=O)[O-])noc2n1[N+](=O)[O-],1.8092625,7.989379,29.085821,5.5774016,3.49056,627.2737,287.8032,161.81938,4.4480241069241675
O=[N+]([O-])N=Cc1nnc2nncn2c1[N+](=O)[O-],1.7939657,7.9547486,28.697065,5.8511434,3.5882745,612.9637,578.3814,189.6246,4.040664945179344
O=[N+]([O-])N=Cc1n[nH]c(N[N+](=O)[O-])n1,1.7878054,8.303336,31.142082,5.6851573,3.9384377,694.97375,312.2926,163.73058,4.300312974356105
Nc1nc2c(=O)n(C[N+](=O)[O-])c(=O)n([N+](=O)[O-])c2n1N,1.791617,7.383273,24.76807,4.1151123,2.7072616,661.24457,-179.68837,166.12216,3.9763696415452827
O=[N+]([O-])N=Cc1c([N+](=O)[O-])c(N[N+](=O)[O-])nn2c(C=N[N+](=O)[O-])nnc12,1.8295853,8.30173,31.589308,6.098388,3.7714548,617.9982,567.93536,127.93295,4.405029269683441
Nc1c(N[N+](=O)[O-])cnc2c1cnn2[N+](=O)[O-],1.7679213,7.3487473,24.412518,4.879849,3.0524993,627.93506,260.08795,149.9864,3.674301030001091
N=c1c2nc([N+](=O)[O-])[nH]c2nc(CN)n1[N+](=O)[O-],1.7491791,7.178813,23.160286,4.252601,2.8119566,664.4919,134.08133,157.14075,3.9848711952226834
O=[N+]([O-])N=Cc1nn2c(C=N[N+](=O)[O-])c([N+](=O)[O-])nc2n1[N+](=O)[O-],1.8594198,8.536405,33.64634,6.2094193,3.8618677,621.00116,481.4783,141.90918,4.671412130913095
Nc1nc2c(=NN[N+](=O)[O-])n(N[N+](=O)[O-])c(=O)n(C=N[N+](=O)[O-])c2n1N,1.8441548,8.06914,29.951105,4.928105,3.3716059,687.9538,206.14105,161.6616,4.778569288794765
Nn1c(C=N[N+](=O)[O-])nc2c(=NN[N+](=O)[O-])n(C=N[N+](=O)[O-])c(=O)n([N+](=O)[O-])c21,1.8727134,8.328621,32.14316,5.449665,3.5334973,650.1536,288.60165,144.96188,4.996766819623123
O=[N+]([O-])c1nc(CN2CCc3c(O)nc([N+](=O)[O-])n32)n([N+](=O)[O-])n1,1.7341262,7.4552617,24.70857,4.9867606,3.18481,640.494,95.46582,155.28687,4.191147833575816
Nn1c([N+](=O)[O-])nc2c(=NC=N[N+](=O)[O-])n(C=N[N+](=O)[O-])c([N+](=O)[O-])nc21,1.853059,8.237921,31.264877,5.5185194,3.5313435,640.4883,402.10092,176.70773,4.779579807991867
Nn1c(=O)n(N[N+](=O)[O-])c2c(=NC=N[N+](=O)[O-])n(C=N[N+](=O)[O-])c([N+](=O)[O-])nc21,1.8598671,8.272993,31.602089,5.349712,3.4972687,655.9368,264.66653,154.25381,4.918201584857889
Nn1c(=O)n(C=N[N+](=O)[O-])c2nc([N+](=O)[O-])n(C=N[N+](=O)[O-])c(=NN[N+](=O)[O-])c21,1.8638777,8.251128,31.47471,5.3086715,3.4464855,652.06946,253.24054,153.29713,4.911893492949796
O=[N+]([O-])N=CN=c1c2ncn(N[N+](=O)[O-])c2nc([N+](=O)[O-])n1C=N[N+](=O)[O-],1.8324775,8.174508,30.648474,5.598122,3.559979,637.0632,425.52798,146.1849,4.791683812206831
O=c1[nH]c(C=N[N+](=O)[O-])nc2c(C=N[N+](=O)[O-])c([N+](=O)[O-])c(C=N[N+](=O)[O-])nc12,1.8093432,7.5661387,26.057325,5.046264,2.8995416,576.36066,180.97263,184.44038,4.583882673000516
N[N+]([O-])=C1C=NN=C1N[N+](=O)[O-],1.7412837,8.12661,29.435865,5.946187,4.1914754,708.5281,372.68777,137.89073,4.60178675371553
Nc1nc2c(N[N+](=O)[O-])ncnc2n1[N+](=O)[O-],1.811232,7.6081686,26.504381,4.656623,3.012224,649.54767,236.7136,141.86656,3.579641498228516
O=[N+]([O-])N=Cc1nn(C=N[N+](=O)[O-])c2nc(N[N+](=O)[O-])n([N+](=O)[O-])c12,1.847019,8.478109,33.03669,6.040466,3.8651628,640.07245,479.92477,139.175,4.770369261434966
O=c1c2cn[nH]c2c(=O)n(C=N[N+](=O)[O-])n1C=N[N+](=O)[O-],1.7709222,7.3350635,24.171078,4.6661267,2.789152,600.65625,92.487,175.72151,4.5215804625374325
O=[N+]([O-])N=Cc1coc(O)c1[N+](=O)[O-],1.7904288,7.603166,26.031404,5.0680976,2.9795759,588.2082,-221.50336,177.33185,3.937075180286733
O=[N+]([O-])N=Cc1nc2nnn(C=N[N+](=O)[O-])c2c(C=N[N+](=O)[O-])c1[N+](=O)[O-],1.8091204,8.027993,29.304058,5.854524,3.5192497,600.7566,547.9999,179.31664,4.784553991342763
O=[N+]([O-])N=CN=c1c2nc([N+](=O)[O-])n(C=N[N+](=O)[O-])c2ncn1C=N[N+](=O)[O-],1.8209423,7.9455266,28.836384,5.3651147,3.3318243,621.8946,410.60544,169.23825,4.995924346282096
Nc1nc(N[N+](=O)[O-])n2nc(N)c(N[N+](=O)[O-])c2n1,1.8026477,7.6103745,26.430874,4.381764,3.055654,699.2472,250.62521,165.32442,3.719087857551666
Nn1c([N+](=O)[O-])nc2c1nc(C=N[N+](=O)[O-])n1c([N+](=O)[O-])c(C=N[N+](=O)[O-])nc21,1.8224788,7.877149,28.383022,5.3843327,3.2565057,605.5562,451.27042,174.16731,4.568678530988681
O=[N+]([O-])N=Cc1nn(C=N[N+](=O)[O-])c2onc([N+](=O)[O-])c12,1.8196492,8.22864,30.864313,6.1502624,3.7025812,600.7532,403.9993,172.33702,4.731468721646745
O=c1ncc([N+](=O)[O-])cn1[N+](=O)[O-],1.8026472,7.8544025,28.053452,5.3632708,3.223595,601.22076,-17.356947,146.3499,3.267230247746382
O=[N+]([O-])Nc1nc([N+](=O)[O-])cn2cnnc12,1.7780635,7.6837974,26.723927,5.3204117,3.294466,620.614,361.11722,135.68982,3.4839638599637164
O=[N+]([O-])c1nc2nc[nH]c2n1O,1.7272685,7.15812,22.69274,4.5509324,2.8242931,621.4295,107.19043,288.96124,3.6778688341351105
Nc1nc2c(=NC=N[N+](=O)[O-])n(C=N[N+](=O)[O-])c(C=N[N+](=O)[O-])nc2n1[N+](=O)[O-],1.8232605,7.997766,29.247831,5.2706323,3.373139,641.4328,404.29562,161.4717,5.0919388860182675
Nc1nc(N[N+](=O)[O-])nc2[nH]nc(N[N+](=O)[O-])c12,1.8004813,7.5784845,26.195704,4.45329,3.0076206,678.4486,221.27509,155.70381,3.627663149696782
O=[N+]([O-])N=CN=c1c2c(nc(C=N[N+](=O)[O-])n2[N+](=O)[O-])n(N[N+](=O)[O-])n1C=N[N+](=O)[O-],1.8546529,8.591337,33.99874,6.087493,3.9607623,651.71326,522.46466,145.36253,5.352859403324363
Nc1cc(O)c2nnc([N+](=O)[O-])n2n1,1.7386049,6.9214873,21.238632,4.1175723,2.5534377,622.21234,108.252716,291.26617,3.5407239055301947
Nn1c(=N[N+](=O)[O-])c2nc(C=N[N+](=O)[O-])c(N[N+](=O)[O-])nc2n(C=N[N+](=O)[O-])c1=O,1.8547546,8.080447,30.084988,5.2310863,3.315149,635.96686,275.64087,139.80177,4.768373840430498
Nc1oc2nc(N)n(N)c(=O)c2c1[N+](=O)[O-],1.7549447,6.609829,19.4752,3.2893865,2.0824661,637.0509,-218.9955,311.94296,3.4982946291944854
Nn1c(C=N[N+](=O)[O-])cc(=O)n(N[N+](=O)[O-])c1=O,1.781199,7.6819167,26.511072,4.847948,3.1467524,652.79865,-67.71984,149.08835,4.214796768054108
O=[N+]([O-])N=Cn1nc([N+](=O)[O-])c2[nH]cnc21,1.7768677,7.617481,26.12118,5.066454,3.1632714,625.8761,292.91306,188.69878,4.134947076746933
O=[N+]([O-])N=Cc1nc2nnc([N+](=O)[O-])nc2n2ncnc12,1.7866249,7.4609327,25.295906,5.0821085,2.9721003,585.05646,628.5721,173.37392,4.086204767759418
O=[N+]([O-])N=Cc1nc2c(=NN[N+](=O)[O-])[nH]c([N+](=O)[O-])nc2n1C=N[N+](=O)[O-],1.8490686,8.153505,30.617018,5.4407988,3.4399657,633.3514,377.24435,154.74088,4.912839555094081
Nc1noc([N+](=O)[O-])c1C=N[N+](=O)[O-],1.7774395,8.103719,29.521297,5.87556,3.7671335,642.28015,160.2608,179.47908,4.042586614798167
Nc1nc2c([nH]1)c(=NC1C([N+](=O)[O-])=CN=NC1N)n(C=N[N+](=O)[O-])c(=O)n2C=N[N+](=O)[O-],1.7397734,7.0595403,22.21676,4.133211,2.6822066,651.426,183.42328,199.2151,5.6983508537053895
Nc1c(C=N[N+](=O)[O-])c([N+](=O)[O-])c(C=N[N+](=O)[O-])n2nnnc12,1.8062603,7.8951106,28.292519,5.5399466,3.4404533,621.72,506.7023,189.96527,4.2749484578373576
Nn1cnc2c1nc([N+](=O)[O-])n1c(C=N[N+](=O)[O-])c([N+](=O)[O-])nc21,1.798139,7.577248,26.115002,5.073173,3.0516682,602.56036,398.19516,175.30064,4.170463809907178
O=c1n(C=N[N+](=O)[O-])c2nc([N+](=O)[O-])nc(C=N[N+](=O)[O-])c2n1C=N[N+](=O)[O-],1.8342526,7.918388,28.7674,5.1637707,3.1293602,607.28625,199.18301,164.36006,4.817118929278047
Nc1nn(N)nc1[N+](=O)[O-],1.7790611,8.097007,29.572927,4.956637,3.8454337,777.94727,231.34543,322.67972,3.6548155205216677
Nn1cc([N+](=O)[O-])c2c(c1=O)n(C=N[N+](=O)[O-])c(=O)n2N[N+](=O)[O-],1.8386072,7.849356,28.29782,4.9885826,3.1074731,625.9264,-12.639417,146.82321,4.380564672121887
CC12OOc3c(O)oc(=O)c4nc(c1n34)C(=O)O2,1.6735206,5.723857,14.191419,2.8466752,1.3965833,497.0146,-722.56854,284.3983,4.724638189218965
Nn1c(=O)c2c(nc(C=N[N+](=O)[O-])n2[N+](=O)[O-])n(C=N[N+](=O)[O-])c1=O,1.8577467,7.9286747,29.024084,4.9409437,3.078744,625.5538,55.06902,154.34149,4.5875540333794405
Nc1nc2c(c(C=N[N+](=O)[O-])nn2C=N[N+](=O)[O-])c(=O)n1[N+](=O)[O-],1.8296806,7.8142815,27.995178,4.960842,3.0945828,625.7561,195.79733,163.76988,4.674209486682326
NN=c1c2nc(C=N[N+](=O)[O-])n([N+](=O)[O-])c2n(C=N[N+](=O)[O-])c(=O)n1N[N+](=O)[O-],1.8625519,8.307354,31.848269,5.450276,3.540024,651.9119,293.64368,145.22232,4.98891946697577
Nn1nc([N+](=O)[O-])c2c(=O)n(C=N[N+](=O)[O-])nc(C=N[N+](=O)[O-])c21,1.8154055,7.9611945,28.864374,5.4270797,3.3818588,624.74384,325.86896,170.79274,4.648308525143865
O=[N+]([O-])N=Cc1nn2cnnc2nc1[N+](=O)[O-],1.7901267,7.8928976,28.241152,5.687933,3.5001614,615.4993,555.0259,174.43651,4.065225665310278
O=[N+]([O-])N=Cc1nc([N+](=O)[O-])nc2nc(C=N[N+](=O)[O-])n([N+](=O)[O-])c12,1.834406,8.171524,30.678791,5.842644,3.5070388,600.0118,426.73196,130.46246,4.557498078886171
Nn1c(=O)n(N)c2c(=NN[N+](=O)[O-])n(C=N[N+](=O)[O-])c([N+](=O)[O-])nc21,1.8635805,8.164948,30.884357,5.121654,3.429671,673.36206,256.43863,174.12918,4.648130956456362
N=c1c2c(n(C=N[N+](=O)[O-])c(=O)n2C=N[N+](=O)[O-])n(N[N+](=O)[O-])c(=O)n1N,1.838546,7.887297,28.587273,4.7441225,3.1105838,659.2465,38.36971,153.13347,4.898162364871608
Nc1c([N+](=O)[O-])c(N[N+](=O)[O-])nn2nc(C=N[N+](=O)[O-])nc12,1.838076,8.10681,30.23657,5.478268,3.4990957,640.8205,422.24692,136.76256,4.269044087304097
Nc1nc(=O)n(N)c2c1c(N)nn2[N+](=O)[O-],1.7622555,7.0110617,22.129007,3.6605053,2.5416048,698.1431,58.565205,184.00641,3.8099484753483317
Nc1c([N+](=O)[O-])cc(N[N+](=O)[O-])n2nnnc12,1.824586,7.874632,28.404394,5.2528963,3.3880048,647.532,368.07913,149.00381,3.4896986888639674
O=[N+]([O-])N=Cc1nc([N+](=O)[O-])nc2c1nc(N[N+](=O)[O-])n2C=N[N+](=O)[O-],1.840178,8.122726,30.371723,5.505981,3.4106374,620.2503,374.23758,138.4131,4.578683775177947
Nc1noc2c(N)nc([N+](=O)[O-])nc12,1.7186497,6.893242,21.06048,4.129519,2.5833108,627.7225,118.264435,268.81094,3.5143287638297895
O=c1[nH]c2c([nH]c(=O)n2[N+](=O)[O-])c(=NN=CC=N[N+](=O)[O-])n1N[N+](=O)[O-],1.8281162,7.8377876,27.99688,4.8279243,3.072359,640.1058,52.905735,156.25243,4.683827511441683
Nn1c(C=N[N+](=O)[O-])nc2nc([N+](=O)[O-])n(N[N+](=O)[O-])c(=NN[N+](=O)[O-])c21,1.8462019,8.449967,32.780483,5.831244,3.8619728,664.72125,482.40714,150.28737,4.71853173106879
O=[N+]([O-])N=Cc1nc2c(ncn2[N+](=O)[O-])c(=NN[N+](=O)[O-])n1N[N+](=O)[O-],1.8624613,8.462226,33.04682,5.89317,3.802654,646.931,471.70926,138.83261,4.74971937957355
O=[N+]([O-])N=Cc1nc(C=N[N+](=O)[O-])n2c([N+](=O)[O-])nn(C=N[N+](=O)[O-])c12,1.8147513,8.190184,30.54299,5.8651056,3.6490533,622.5486,479.68723,165.54892,4.943423115837287
Nc1nc2nc([N+](=O)[O-])nc(C=N[N+](=O)[O-])n2n1,1.7813511,7.6353393,26.32741,4.8041253,3.0969522,647.0756,357.82803,178.03838,3.937489209351412
Nc1nc(=O)n2nc(C=N[N+](=O)[O-])n(N[N+](=O)[O-])c2n1,1.7928228,7.691261,26.77047,4.605036,3.0447724,665.4632,198.54117,147.56616,4.316085026160668
Nc1nc2c(=N[N+](=O)[O-])n(N)c(C=N[N+](=O)[O-])c(C=N[N+](=O)[O-])c2n1[N+](=O)[O-],1.8289897,8.055017,29.688808,5.460621,3.5104122,644.7121,376.751,147.15898,4.814384675639793
O=c1c2c(C=N[N+](=O)[O-])nn([N+](=O)[O-])c2nc(C=N[N+](=O)[O-])n1C=N[N+](=O)[O-],1.8342971,8.049709,29.733147,5.5292635,3.3361108,604.66113,301.13818,141.25853,4.932512775431894
O=[N+]([O-])N=Cc1nc2nc([N+](=O)[O-])nc(C=N[N+](=O)[O-])n2n1,1.8140075,8.021658,29.36872,5.549373,3.4187999,616.23956,496.05258,165.38916,4.446547203340603
O=[N+]([O-])N=Cc1c([N+](=O)[O-])cnc2c1nnn2[N+](=O)[O-],1.8450733,8.118361,30.424608,5.9346657,3.5119078,591.4132,463.764,128.46028,4.027969641545284
O=[N+]([O-])N=CN=c1c2nn([N+](=O)[O-])c(C=N[N+](=O)[O-])c2nc(C=N[N+](=O)[O-])n1C=N[N+](=O)[O-],1.8245813,8.196947,30.700882,5.8444953,3.6255965,621.0175,544.55304,151.05869,5.340037242459485
O=[N+]([O-])N=Cc1nc([N+](=O)[O-])ncc1[N+](=O)[O-],1.8094513,8.089155,29.856277,5.9052014,3.5546057,601.2842,240.84485,186.32417,3.847746581840556
Nc1nc(N[N+](=O)[O-])c2c(=O)[nH]nnc2n1,1.7663893,7.005531,22.207119,3.7889988,2.4510303,649.0374,135.15738,146.95053,3.5935781956280515
Nc1nc2c(nc(C=N[N+](=O)[O-])n2[N+](=O)[O-])c(=NC=N[N+](=O)[O-])n1C=N[N+](=O)[O-],1.8272226,7.9992843,29.28499,5.2536387,3.3577774,641.1284,405.25882,155.18996,5.092453678917675
Nc1nn(C=N[N+](=O)[O-])c2c(=O)n([N+](=O)[O-])cnc12,1.7990949,7.554945,26.013662,4.784762,2.9882846,627.05457,190.67377,157.60483,4.266863423162527
O=[N+]([O-])N=Cc1nc2c(nnn2[N+](=O)[O-])c(C=N[N+](=O)[O-])c1[N+](=O)[O-],1.8529086,8.310208,31.859173,6.113365,3.6556275,597.29865,525.498,137.30951,4.5262057711938635
O=[N+]([O-])N=Cc1nc2c(=NN[N+](=O)[O-])n(N[N+](=O)[O-])cnc2n1[N+](=O)[O-],1.8691168,8.480223,33.275867,5.900195,3.8055704,646.173,469.63058,141.59541,4.702953005947176
Nc1nc2nnnn2c(C=N[N+](=O)[O-])c1[N+](=O)[O-],1.8341517,7.9444137,28.929472,5.229468,3.3530045,643.3636,481.28915,197.22313,3.8263441544063586
O=C(C=N[N+](=O)[O-])Nc1c([N+](=O)[O-])c2nonc2n(C=N[N+](=O)[O-])c1=O,1.8296047,7.8684525,28.203928,5.3094587,3.1189847,588.95184,99.85446,197.68326,4.27976113781531
Nc1c([N+](=O)[O-])c(N[N+](=O)[O-])nc2c1nc(C=N[N+](=O)[O-])n2[N+](=O)[O-],1.8671845,8.213525,31.304995,5.5445733,3.4550169,624.33356,283.38773,137.73059,4.249376411001817
NN1C([N+](=O)[O-])=NC(=C2N=NN=N2)C([N+](=O)[O-])=C1C=N[N+](=O)[O-],1.8518695,8.374166,32.314816,5.934577,3.8265495,644.9241,653.00934,177.69301,4.719128606720732
O=[N+]([O-])N=Cc1nn(C=N[N+](=O)[O-])c2c1N=C([N+](=O)[O-])N1N(C=N[N+](=O)[O-])CN21,1.8031236,8.114494,29.924047,5.7886233,3.7170036,642.4388,575.99,176.41748,5.379308348979842
Nc1nc(N[N+](=O)[O-])c2c(n1)n(N)c(=O)n2N[N+](=O)[O-],1.8026129,7.6683784,26.779232,4.462148,3.061926,690.335,100.91086,157.28502,3.8785935892956465
O=C(NN[N+](=O)[O-])c1nc([N+](=O)[O-])nn1C=N[N+](=O)[O-],1.8466575,8.47323,32.982254,5.559509,3.7166765,670.70166,166.46558,159.64214,4.327616521080842
N=c1c2c(nc(C=N[N+](=O)[O-])n2C=N[N+](=O)[O-])n(N)c(=O)n1[N+](=O)[O-],1.8494779,7.9639034,29.31107,5.054991,3.2429643,644.22845,238.25616,152.82156,4.795122564847971
Nc1nc(C=N[N+](=O)[O-])c2c(nnn2[N+](=O)[O-])n1,1.7641724,7.69789,26.62029,5.175565,3.3035226,641.0134,436.47043,132.79189,4.1899582831347715
O=c1c2c(C=N[N+](=O)[O-])nn([N+](=O)[O-])c2c(C=N[N+](=O)[O-])nn1C=N[N+](=O)[O-],1.8168068,8.07384,29.72505,5.751071,3.466867,603.92377,364.20193,139.4755,4.9851096985088175
Nc1c([N+](=O)[O-])[nH]c2ocnc12,1.7422919,6.5589676,19.077919,3.608351,2.1489482,598.433,-93.92346,326.14645,3.941923379589655
NC1=C(N)N(N)C(N)=C([N+](=O)[O-])C(=C2N=NN=N2)C1[N+](=O)[O-],1.7476686,7.453707,24.947191,4.614966,3.2980225,718.2597,379.24435,178.71306,4.793518205294444
CNc1nc2c3nnn([N+](=O)[O-])c3nnn2c(=O)c1[N+](=O)[O-],1.7836956,7.5069704,25.574192,4.904979,3.0221677,617.7621,361.77524,141.73024,3.7343472033406027
Nc1nnc2nc([N+](=O)[O-])c(C=N[N+](=O)[O-])n2n1,1.7919157,7.8933907,28.270922,5.370527,3.4655116,646.3702,515.30194,184.97682,3.931840543731319
Nn1c(=O)n(N[N+](=O)[O-])c2[nH]c(=O)n(N[N+](=O)[O-])c(=NC(=O)C=N[N+](=O)[O-])c21,1.8549833,7.9350753,28.988607,4.699907,3.0665314,656.4424,-89.812065,155.72476,4.653844135099253
N=c1c2c(nc(C=N[N+](=O)[O-])n2[N+](=O)[O-])n(N[N+](=O)[O-])c(=O)n1C=N[N+](=O)[O-],1.8645322,8.2423935,31.421309,5.38255,3.423617,638.16705,203.7044,143.27393,4.904989041544159
Nn1c(=O)n(C=N[N+](=O)[O-])c2nc(C=N[N+](=O)[O-])n([N+](=O)[O-])c(=NC=N[N+](=O)[O-])c21,1.8403959,8.090905,30.068033,5.3008986,3.3768554,639.84534,300.21298,140.03311,5.104392301968959
NC1=C(C=N[N+](=O)[O-])C(=C2N=NN=N2)C([N+](=O)[O-])=C(N)N1[N+](=O)[O-],1.856575,8.066722,30.123001,5.3552966,3.4567423,647.29834,487.90115,177.45479,4.603490255913094
Nc1c([N+](=O)[O-])c([N+](=O)[O-])n2ncnc2c1C=N[N+](=O)[O-],1.7976508,7.6316233,26.418266,5.207032,3.1180413,600.9186,276.41943,213.52617,3.8487691698827193
O=[N+]([O-])C1=CN([N+](=O)[O-])C=NC1=C1N=NN=N1,1.8089342,8.063201,29.81867,5.9327893,3.690077,621.8862,585.1587,142.55579,4.44077754747067
Nc1c2nc([N+](=O)[O-])n(C=N[N+](=O)[O-])c2nc(=O)n1N,1.8190761,7.5047717,25.750671,4.3554606,2.819899,650.8421,106.70236,192.24431,4.2622835747818595
Nn1c(C=N[N+](=O)[O-])nc2c(nc([N+](=O)[O-])n2[N+](=O)[O-])c1=NC=N[N+](=O)[O-],1.840386,8.281232,31.51836,5.744027,3.6665277,639.1339,464.9315,145.8366,4.825277884914945
O=[N+]([O-])N=Cc1c(N[N+](=O)[O-])c(C=N[N+](=O)[O-])c2nnnn2c1C=N[N+](=O)[O-],1.8059971,8.062399,29.491598,5.8656573,3.6199763,617.91437,582.7906,134.02287,4.722375358427845
Nc1cnc2nc([N+](=O)[O-])nn2c1C=N[N+](=O)[O-],1.7634732,7.356273,24.314266,4.8107038,2.982404,621.81824,337.79776,189.02898,3.929808832585321
NN=c1c2nc(C=N[N+](=O)[O-])n(C=N[N+](N)=O)c2n(C=N[N+](=O)[O-])c(=O)n1[N+](=O)[O-],1.824351,7.956696,28.981812,5.0696945,3.3362648,660.8936,323.6735,148.74443,5.2380890327381895
Nc1nc2cnc([N+](=O)[O-])n2c(=NC=N[N+](=O)[O-])n1[N+](=O)[O-],1.8089914,7.8953757,28.350712,5.132429,3.305373,646.8401,315.85336,143.74696,4.529504321984671
O=c1c([N+](=O)[O-])c(C=N[N+](=O)[O-])nc2nc(C=N[N+](=O)[O-])on12,1.8523104,7.9918118,29.420383,5.4373555,3.1657965,582.22784,150.50119,175.08183,4.512104040963908
O=[N+]([O-])N=Cc1nc2nc([N+](=O)[O-])ccn2c1[N+](=O)[O-],1.7708944,7.519766,25.419273,5.34884,3.0842721,576.6071,265.33868,185.86682,3.8925183594940016
Nc1nc(N[N+](=O)[O-])oc2nnnc1-2,1.7832216,7.5109735,25.56651,4.561469,2.977456,655.4788,230.4614,153.71762,3.7161231892424347
N=c1c2nc(N)n(N[N+](=O)[O-])c2nc(N)n1N[N+](=O)[O-],1.8010834,7.601132,26.330767,4.3219824,3.0641444,712.33966,221.72058,167.43896,4.246512021806533
NN=c1c2c(nc(C=N[N+](=O)[O-])n1[N+](=O)[O-])n(C=N[N+](=O)[O-])c(=O)n2C=N[N+](=O)[O-],1.8420796,8.067807,29.912987,5.2476296,3.334961,638.31824,289.51535,140.86719,5.075649417353575
Nc1nc2c(=NC=N[N+](=O)[O-])[nH]c([N+](=O)[O-])nc2n1C=N[N+](=O)[O-],1.8151412,7.6269646,26.552538,4.617488,2.9639263,644.34937,255.65073,184.74399,4.841009608723746
Cc1nc2nnc([N+](=O)[O-])n2c([N+](=O)[O-])c1[N+](=O)[O-],1.7567221,7.740761,26.720982,5.5909605,3.3618658,602.3282,270.42624,220.01591,3.361349558909133
Nc1c([N+](=O)[O-])oc2c1nnn2N,1.7775916,7.572388,25.815647,4.8229966,3.193637,664.0438,185.35403,317.52588,4.023074914843991
O=[N+]([O-])Nc1c([N+](=O)[O-])cc2[nH]cnc2c1O,1.7318555,6.800492,20.61795,4.1896257,2.4265776,582.0036,-114.29691,140.25893,3.2167097256532653
O=[N+]([O-])N=Cc1nc2c3cn(C=N[N+](=O)[O-])nc3nc([N+](=O)[O-])n2n1,1.7909324,7.6471825,26.479471,5.305473,3.157743,595.88086,551.1393,170.99437,4.548445216109753
O=[N+]([O-])c1c[nH]c2onnc12,1.7777728,7.406516,24.616669,5.064229,2.9501626,583.4766,155.04675,306.40997,3.872911998828247
Nc1ncc2nc(C=N[N+](=O)[O-])n([N+](=O)[O-])c(=O)n12,1.7759342,7.371679,24.4989,4.4908886,2.8049023,627.40625,117.21228,156.5506,4.220473377913658
N=c1c2c(nc(N[N+](=O)[O-])n1N[N+](=O)[O-])N1C(N)=[SH]N([N+](=O)[O-])C1C(=N[N+](=O)[O-])N2,1.8539996,8.1120205,30.49301,5.101818,3.449645,678.7762,279.1589,157.10266,5.559863257503704
Nc1nc2c(ncn2N[N+](=O)[O-])c(=NN[N+](=O)[O-])n1[N+](=O)[O-],1.8577955,8.255429,31.470163,5.315392,3.5816414,676.83545,342.83542,145.59482,4.3704096674866255
O=[N+]([O-])N=Cc1nc([N+](=O)[O-])c2nc(C=N[N+](=O)[O-])n([N+](=O)[O-])c2n1,1.8469869,8.233817,31.302025,5.8764305,3.5347672,600.7146,442.80515,142.41876,4.533296241917171
Nc1cc2nc([N+](=O)[O-])oc2[nH]1,1.7030727,6.4852,18.392302,3.7113273,2.2048955,597.9062,-77.10297,292.55298,4.036480022946299
Nn1c([N+](=O)[O-])nc2c(c1=NC=N[N+](=O)[O-])n(N)c(=O)n2N[N+](=O)[O-],1.8494774,8.158553,30.701832,5.1519327,3.460683,675.3668,248.20285,152.87071,4.637165222190627
O=[N+]([O-])Nc1ccnc2[nH]c([N+](=O)[O-])nc12,1.7329925,7.0232043,21.959414,4.532048,2.6972933,597.8777,144.31833,145.0806,3.456712111711969
Nc1nn(N)c2c([N+](=O)[O-])onc12,1.7517142,7.6614223,26.242268,5.2552423,3.4977877,667.12305,293.5201,305.74478,3.871926343415419
Nc1nc(C=N[N+](=O)[O-])c(C=N[N+](=O)[O-])c2nnn([N+](=O)[O-])c12,1.7874118,7.779744,27.384506,5.3947244,3.3455517,621.2708,435.74368,151.09518,4.611233569499889
O=Cc1c(C=N[N+](=O)[O-])n(C=N[N+](=O)[O-])c(=O)n2nc([N+](=O)[O-])nc12,1.8229789,7.657834,26.760633,4.91245,2.8892584,589.9235,80.61395,166.04396,4.413206689678363
Nc1c2c(nn1N)n(N[N+](=O)[O-])c(=O)n1cnnc21,1.7612145,7.153861,23.065538,4.122834,2.7643478,673.9341,290.51016,162.22461,4.000956339974222
O=[N+]([O-])c1cc(O)c2ncnn2n1,1.7070127,6.725179,19.855888,4.200572,2.425132,580.0267,86.03967,276.50964,3.3893628269319027
O=[N+]([O-])c1cnoc1[N+](=O)[O-],1.7853566,8.406239,31.783663,6.65665,3.9846525,595.6174,98.44672,254.40944,3.3725101506208377
NC1=C(N[N+](=O)[O-])Nc2c(c(=N[N+](=O)[O-])n(N)c(=O)n2N[N+](=O)[O-])C1,1.8059084,7.725186,27.079235,4.7571187,3.2298,682.7274,35.31258,160.66505,4.592278508903915
Nn1c(=O)n(N[N+](=O)[O-])c(=N[N+](=O)[O-])c2c1nc(C=N[N+](=O)[O-])n2C=N[N+](=O)[O-],1.8588285,8.3109665,31.822191,5.4967113,3.5764868,652.96375,303.60666,149.59764,4.90254104539735
O=[N+]([O-])N=CN=c1[nH]cnc2c1nc([N+](=O)[O-])n2C=N[N+](=O)[O-],1.7930733,7.633774,26.385983,4.9717703,3.0808601,621.036,338.99533,182.87941,4.796089223523285
NC1=C(C=N[N+](=O)[O-])C(=C2N=NN=N2)C(N)=C(N[N+](=O)[O-])C1=O,1.791194,7.3600698,24.613766,4.645501,2.9126115,629.2382,331.01736,162.1102,4.589881460318747
O=c1cc(C=N[N+](=O)[O-])oc(O)c1O,1.7660077,6.626169,19.663696,3.591535,1.9847043,556.4211,-573.45544,186.30338,3.8712909807025344
O=c1[nH]nc2n([N+](=O)[O-])c3cccc([N+](=O)[O-])c3n2c1=O,1.7605608,6.7463207,20.481808,4.2052903,2.254752,538.5283,-65.94317,128.15009,3.2998857256953267
Nc1nn(C=N[N+](=O)[O-])c2nnc([N+](=O)[O-])c(N)c12,1.7858361,7.5316086,25.724127,4.7994847,3.133059,654.62103,380.3358,199.93465,4.146396454836735
Nc1nc(N)c2nc([N+](=O)[O-])nc(C=N[N+](=O)[O-])c2n1,1.7512318,6.972778,21.85464,4.0312285,2.534199,630.9314,210.52878,191.38184,3.8220029748786164
O=[N+]([O-])N=Cc1nc([N+](=O)[O-])n(C=N[N+](=O)[O-])n1,1.805584,8.499595,32.780125,6.2381296,4.063303,651.7957,402.53287,173.82053,4.624099079838068
Nn1nc([N+](=O)[O-])n2cnnc12,1.767999,7.8849015,28.019938,5.367638,3.6965227,689.3204,455.31174,282.11682,3.798930372596649
O=[N+]([O-])N=Cc1nc(C=N[N+](=O)[O-])c2nc([N+](=O)[O-])n(C=N[N+](=O)[O-])c2n1,1.805475,7.919682,28.531721,5.5321836,3.342421,604.4138,446.77066,165.7344,4.803193190499771
Nc1nc2nc(C=N[N+](=O)[O-])nc(C=N[N+](=O)[O-])c2nc1[N+](=O)[O-],1.7830545,7.457856,25.195742,4.9016924,2.9444084,601.5308,360.27072,169.55937,4.395037774404219
Nn1c([N+](=O)[O-])nc2c(c1=NN[N+](=O)[O-])n(N)c(=O)n2C=N[N+](=O)[O-],1.863354,8.135196,30.611706,5.0651383,3.3831677,671.6465,231.05331,167.8185,4.6298057816311875
Nn1c2nc(-c3ccc([N+](=O)[O-])c([N+](=O)[O-])c3)nn([N+](=O)[O-])c-2nc1=O,1.7742116,7.1622577,23.2029,4.7002273,2.664631,569.58746,159.17487,157.54266,3.4005224564966277
N=c1c2nc([N+](=O)[O-])n(N)c2nc(C=N[N+](=O)[O-])n1[N+](=O)[O-],1.8578024,8.152784,30.779036,5.4348693,3.48398,643.14496,375.71536,146.3919,4.432056248433441
Nn1c([N+](=O)[O-])nc2c1nc([N+](=O)[O-])n1c(C=N[N+](=O)[O-])c(C=N[N+](=O)[O-])nc21,1.8266823,7.873812,28.406708,5.3617134,3.2353168,604.43695,442.04184,176.49081,4.58664657832596
O=[N+]([O-])Nn1ccnc1[N+](=O)[O-],1.6993567,7.9746504,27.896463,5.9918714,3.9918127,668.08295,203.3648,117.5101,3.611734830638606
Nc1nc2oc([N+](=O)[O-])c(N)n2n1,1.7873352,7.216357,23.456385,3.9250214,2.5989456,666.7349,24.4283,320.6996,3.7550845851736616
Nc1nc2cnc([N+](=O)[O-])c([N+](=O)[O-])c2n1C=N[N+](=O)[O-],1.7669638,7.484461,25.12899,5.012564,3.0225873,604.95654,223.18903,202.74817,3.9243840050475534
Nn1c([N+](=O)[O-])nc2c(nc(C=N[N+](=O)[O-])n2[N+](=O)[O-])c1=NC=N[N+](=O)[O-],1.8546486,8.303313,31.807663,5.69545,3.6307664,638.2735,449.39426,150.7927,4.82639326953033
Nc1nc(N)c2nc(N)n([N+](=O)[O-])c(=NN[N+](=O)[O-])c2n1,1.773983,7.2651796,23.867203,4.004121,2.7552505,691.8703,210.54239,165.85698,4.004785653399203
Nn1c(C=N[N+](=O)[O-])nc2c(c1=O)n(N[N+](=O)[O-])c(=O)n2N,1.8055267,7.702516,27.022236,4.725489,3.110067,662.3857,90.75168,152.53265,4.356704524295509
Nc1nc2nnc(C=N[N+](=O)[O-])n2c([N+](=O)[O-])c1N,1.7695199,7.4366894,24.858067,4.67853,3.0386195,651.6233,343.0045,198.27528,4.000493287415921
Nc1n[nH]c(=N[N+](=O)[O-])s1,1.7535496,7.7468777,26.773722,4.7011743,3.3848963,722.936,152.8616,200.45406,4.316669366675513
O=[N+]([O-])N=Cc1nc(C=N[N+](=O)[O-])c2nnc(C=N[N+](=O)[O-])n2c1[N+](=O)[O-],1.7890652,7.9940057,28.888899,5.896228,3.5475886,601.0583,543.7033,171.1781,4.71028170472527
N=c1c2c(ncn1N)nc(C=N[N+](=O)[O-])n2[N+](=O)[O-],1.7649038,7.4935975,25.297308,4.958905,3.1880076,645.3185,373.19443,153.71404,4.397948491035829
Nn1c([N+](=O)[O-])nc2c(c1=NN[N+](=O)[O-])n(C=N[N+](=O)[O-])c(=O)n2C=N[N+](=O)[O-],1.8686773,8.228177,31.321688,5.242754,3.3940492,649.75244,237.30359,161.31635,4.896186200242504
O=c1nc(C=N[N+](=O)[O-])n([N+](=O)[O-])c2c(C=N[N+](=O)[O-])noc12,1.8284911,8.043193,29.569605,5.7778573,3.368216,582.92755,254.55478,118.37865,4.535622403246787
N=[N+]([O-])Nc1nc2c(=NN[N+](=O)[O-])n(N)c([N+](=O)[O-])nc2n1C=N[N+](=O)[O-],1.8660438,8.355564,32.326122,5.4267225,3.67629,679.45325,459.7117,165.81436,4.914900961838022
O=c1n(C=N[N+](=O)[O-])c(C=N[N+](=O)[O-])nc2ncc([N+](=O)[O-])n12,1.8072196,7.700225,26.960503,5.00677,3.0125935,603.17303,175.11105,170.97589,4.457838284140086
O=[N+]c1c(C=N[N+](=O)[O-])c2nnn(C=N[N+](=O)[O-])c(=O)n2c1C=N[N+](=O)[O-],1.8243331,7.9556093,28.94214,5.453473,3.308082,606.55927,383.3475,166.27174,5.098241451827484
Nn1c(=O)n(N[N+](=O)[O-])c2nc(C=N[N+](=O)[O-])[nH]c(=NC=N[N+](=O)[O-])c21,1.8097527,7.822277,27.878572,4.9565268,3.2253273,654.0464,238.49475,158.22687,4.950344214738385
O=c1n(C=N[N+](=O)[O-])c(=NN[N+](=O)[O-])c2c(C=N[N+](=O)[O-])ncnc2n1C=N[N+](=O)[O-],1.8047297,7.7581916,27.363197,5.080526,3.1287138,618.1662,271.69965,149.37646,4.991777329976023
O=[N+]([O-])CC1=NN2C(N=c3oc4c(nc3C=N[N+](=O)[O-])nc([N+](=O)[O-])n3c([N+](=O)[O-])c(C=NN[N+](=O)[O-])nc43)=NCC([N+](=O)[O-])=C2O1,1.8145225,7.6855903,27.000452,5.191208,3.035898,586.10223,280.6735,170.59329,5.3432001587190605
Nn1c([N+](=O)[O-])nc2c(c(C=N[N+](=O)[O-])nn2C=N[N+](=O)[O-])c1=NN[N+](=O)[O-],1.8409374,8.262334,31.348251,5.6978865,3.6860359,648.44543,507.6378,160.96346,4.91709739081651
O=[N+]([O-])N=Cn1ncc([N+](=O)[O-])c1O,1.7865663,7.899685,28.161556,5.2901325,3.3791237,639.60736,25.258226,186.94843,3.935323828935381
Nc1c([N+](=O)[O-])nc2c3[nH]c(=O)n(N)c3nc(C=N[N+](=O)[O-])n12,1.7946485,7.096662,22.868673,3.9850984,2.4831634,626.8951,116.9787,197.35529,4.198160368507332
Nc1nc2nc(N[N+](=O)[O-])ncn2c1[N+](=O)[O-],1.8056425,7.5312276,25.95222,4.5299335,2.9263625,649.15643,211.79944,147.04881,3.607005712275339
O=[N+]([O-])N1C=NN([N+](=O)[O-])C1,1.7974813,8.777568,34.97007,6.4789057,4.6661444,722.3095,220.96906,135.98647,4.729223147968317
Nn1cnc2c(=NC=N[N+](=O)[O-])n([N+](=O)O)c(N[N+](=O)[O-])nc21,1.8087337,7.9371634,28.704243,5.1731944,3.4430318,667.5591,324.0061,143.6396,4.664161609202121
O=[N+]([O-])N=Cc1nnc([N+](=O)[O-])c2nncn12,1.7859579,7.9108515,28.3519,5.8093615,3.561905,612.7797,575.66364,176.93217,4.010954634213715
O=c1oc(C=N[N+](=O)[O-])c2nc(C=N[N+](=O)[O-])n(N[N+](=O)[O-])c2c1O,1.8280351,7.7005744,27.095284,4.963253,2.9149618,589.4158,-129.05328,154.39072,4.615641592089386
NN1C(=O)n2nc([N+](=O)[O-])nc2C([n+]2cn(C=N[N+](=O)[O-])c(C=N[N+](=O)[O-])c2[N+](=O)[O-])C1=C1N=NN=N1,1.8266937,7.8694897,28.351141,5.1292996,3.2237468,630.1261,528.43604,189.0598,5.602083564663198
Nc1nn(C=N[N+](N)=O)c2c1c(=O)c([N+](=O)[O-])nn2N,1.7489977,7.343662,24.125217,4.475097,3.0244107,678.43726,255.07419,219.45898,4.492678349818143
Nc1nnc2nc(C=N[N+](=O)[O-])nc([N+](=O)[O-])n12,1.7879401,7.749325,27.192656,5.02739,3.248655,647.2875,420.7745,169.60349,4.011091407153609
NN=c1c2nc([N+](=O)[O-])n(C=N[N+](=O)[O-])c2nc(C=N[N+](=O)[O-])n1N[N+](=O)[O-],1.8351573,8.247495,31.181267,5.61633,3.656125,652.6467,482.1702,155.89183,4.864976775431893
Nn1c(=O)n([N+](=O)[O-])c2nc(C=N[N+](=O)[O-])n(C=N[N+](=O)[O-])c(=O)c21,1.8541759,7.9549613,29.22244,5.014792,3.124351,625.6348,83.70453,147.0635,4.640148438973846
O=[N+]([O-])N=Cc1nnc2nnn([N+](=O)[O-])c2c1C=N[N+](=O)[O-],1.807349,8.209462,30.669323,6.2207007,3.8041396,610.88794,678.6227,119.4561,4.679451049494449
Nc1nc(C(=O)O)c([N+](=O)[O-])n1C=N[N+](=O)[O-],1.8062626,7.470952,25.293442,4.124833,2.638009,644.1746,-262.83057,193.17929,3.956418330092304
Nn1ncn2c([N+](=O)[O-])ncc2c1=O,1.7380912,6.972254,21.63556,4.3059897,2.6502066,617.8421,137.14368,283.4171,3.6655178326557003
Nn1c(=O)[nH]c2c(nc(C=N[N+](=O)[O-])n2N[N+](=O)[O-])c1=NN[N+](=O)[O-],1.8622882,8.120706,30.46163,5.0416317,3.360135,670.74835,223.12512,152.56885,4.717747677049202
Nc1nc(N)n2c([N+](=O)[O-])nnc2n1,1.7596039,7.0507,22.262672,3.6399205,2.5224085,695.8324,210.2916,295.799,3.328127144396592
O=[N+]([O-])C1=CNC(=C2N=NN=N2)C([N+](=O)[O-])=C1c1cncnc1[N+](=O)[O-],1.7401606,7.1770997,22.99143,5.1122036,2.8805752,563.3754,517.4085,243.65115,4.127212181771353
Nc1[nH]nc([N+](=O)[O-])c1N,1.769647,7.350045,24.403114,3.8589625,2.951494,769.14014,60.187595,321.3048,3.369062857799774
Nc1nc2c(C=N[N+](=O)[O-])c([N+](=O)[O-])nc(C=N[N+](=O)[O-])c2o1,1.7704711,7.411143,24.66014,4.912997,2.8867807,589.2631,115.746216,190.62819,4.4560226513857435
Nc1nc2nn[nH]c2cc1[N+](=O)[O-],1.6901629,6.594346,18.911617,3.849304,2.418451,629.7058,220.49152,304.3342,3.2622205192395963
O=[N+]([O-])N=Cc1nc([N+](=O)[O-])nc2nnn(C=N[N+](=O)[O-])c12,1.8211482,8.0914,29.961548,5.689259,3.5066583,616.6668,542.29193,163.88248,4.563586434109835
NC1=NC(=C2N=Nc3c([N+](=O)[O-])noc3N2)C(N)=N1,1.75029,6.9515786,21.671112,4.11478,2.5905619,632.4541,332.47726,289.718,4.405955184453399
Nc1nc2c(c(O)c(C=N[N+](=O)[O-])c(=O)n2C2OC([N+](=O)[O-])C(O)C(O)C2O)n1[N+](=O)[O-],1.7570527,6.904367,21.377382,3.7112467,2.3223352,630.4487,-818.4463,182.46114,5.42441951765241
COC(=O)c1[nH]n2c(=O)c([N+](=O)[O-])nnc2c1N,1.7162422,6.5240045,18.771957,3.4606237,2.0980206,609.71875,-267.73804,259.59354,3.3229183106072995
Nn1c(=O)n(N[N+](=O)[O-])c2c(=NN[N+](=O)[O-])n(C=N[N+](=O)[O-])cnc21,1.8307393,8.06419,29.756443,5.166761,3.4430592,670.1774,257.4487,152.0281,4.702250317692142
O=c1c(C=N[N+](=O)[O-])c(C=N[N+](=O)[O-])n2ncnc2n1[N+](=O)[O-],1.832342,7.8917217,28.612633,5.3593473,3.214609,600.9261,287.31155,135.73532,4.4767829491524935
O=CN1C(N[N+](=O)[O-])=C(N[N+](=O)[O-])C(=C2N=NN=N2)C(C=N[N+](=O)[O-])=C1[N+](=O)[O-],1.8590653,8.215503,31.15684,5.580098,3.488497,626.5762,397.43948,141.22662,4.900806933355545
O=[N+]([O-])N=Cc1nc([N+](=O)[O-])c2nccnc2c1[N+](=O)[O-],1.7539153,7.310905,23.968117,5.3166857,2.9392812,552.1647,328.34354,193.14067,3.7190913937115226
O=[N+]([O-])N=Cc1nn[nH]n1,1.7147148,8.061246,28.624495,5.7558966,4.0604444,706.5491,408.86197,179.955,4.090771564477711
O=[N+]([O-])N=Cc1nnnn1C=N[N+](=O)[O-],1.7862796,8.527961,32.737453,6.378059,4.3223534,679.186,551.1077,168.64447,4.597534619742003
O=[N+]([O-])N=Cc1nc2c(C=N[N+](=O)[O-])c([N+](=O)[O-])ncn2n1,1.7880738,7.72867,27.031464,5.476543,3.2741468,598.49286,443.87515,182.37296,4.27551951103291
Nc1nc2onc(C=N[N+](=O)[O-])c2c(=N[N+](=O)[O-])n1C=N[N+](=O)[O-],1.8105452,7.925072,28.494013,5.390915,3.3595872,625.2795,330.57654,156.4875,4.7116865318006695
N#CN=[N+]([O-])c1nc2nc(N)nn2c(C=N[N+](=O)[O-])c1[N+](=O)[O-],1.7750757,7.6571836,26.392378,5.1717105,3.173421,614.11566,586.00934,198.84358,4.292821162551998
Nc1nc(N)n(N)c2nc([N+](=O)[O-])nc1-2,1.7151442,6.769752,20.325706,3.4027073,2.47044,729.4846,179.32678,287.36642,3.526708118803917
Nc1cc(=O)n2nc([N+](=O)[O-])n(C=N[N+](=O)[O-])c2n1,1.7586647,7.2439055,23.429943,4.3486524,2.7030482,625.04315,94.783325,193.25876,4.045102337189675
O=[N+]([O-])N=CC1=C([N+](=O)[O-])N(N[N+](=O)[O-])C(=C2N=NN=N2)C=C(N[N+](=O)[O-])C1=C1N=NN=N1,1.8239971,8.167494,30.507095,5.8911953,3.6965625,627.1791,866.5254,137.47444,5.083898526378677
Nc1nc2c(C=N[N+](=O)[O-])nc(C=N[N+](=O)[O-])c(N[N+](=O)[O-])c2o1,1.7664119,7.4655313,25.042206,4.9388924,2.9996443,609.2147,157.90598,148.4154,4.532370318782918
Nn1nc(C=C(C(=O)O)[N+](=O)[O-])c2nnn(N)c2c1=O,1.7378117,6.9003277,21.114725,3.898059,2.42955,626.2623,-92.79296,272.4019,4.1386060711534105
O=[N+]([O-])N=CN=c1c2nc(C=N[N+](=O)[O-])n([N+](=O)[O-])c2nc(C=N[N+](=O)[O-])n1C=N[N+](=O)[O-],1.8277562,8.1848545,30.66509,5.7291703,3.567796,623.14276,506.40927,148.6552,5.295307942545915
Nc1nc2c3nc(C=N[N+](=O)[O-])n([N+](=O)[O-])c3nnc2n1C=N[N+](=O)[O-],1.8102703,7.739185,27.41595,5.1615844,3.1864133,618.1483,539.87067,147.37227,4.597878026841775
O=C1C(=O)c2c(nn(C=N[N+](=O)[O-])c2[N+](=O)[O-])C(C=N[N+](=O)[O-])=C1O,1.8361421,7.527032,25.953203,4.86672,2.7108529,558.53876,-139.87187,182.07874,4.407549837575244
Nc1c(C=N[N+](=O)[O-])c([N+](=O)[O-])nn2c(N)nnc12,1.7676356,7.5181227,25.418901,4.8330135,3.1622958,656.787,386.97012,195.57213,3.8816226991806255
N=c1c2c(nc([N+](=O)[O-])n1N)n(C=N[N+](=O)[O-])c(=O)n2C=N[N+](=O)[O-],1.839349,7.7977567,27.941954,4.7379856,3.0358431,643.8216,139.0564,175.34499,4.708619767645174
O=[N+]([O-])N=Cc1nc(C=NN[N+](=O)[O-])c2nnc([N+](=O)[O-])c([N+](=O)[O-])n12,1.8293011,8.25042,31.15615,5.984557,3.676018,614.8814,533.62537,173.80568,4.467807731221901
Nc1nc([N+](=O)[O-])nc2c1nnn2C=N[N+](=O)[O-],1.8007903,7.7345934,27.187916,4.9138436,3.182919,649.1664,392.439,185.56367,4.005524688158321
O=[N+]([O-])c1cc(O)c2[nH]ncc2c1O,1.7046913,5.973372,15.605761,3.2479646,1.7421687,538.67896,-298.30838,320.96957,2.9373012334654174
O=[N+]([O-])N=Cc1c([N+](=O)[O-])nc2nncn2c1C=N[N+](=O)[O-],1.7982535,7.8080564,27.641962,5.573401,3.3433256,600.2597,486.8019,170.44234,4.363606434109833
O=[N+]([O-])NN=CC=NN[N+](=O)[O-],1.6821973,8.374016,30.445576,6.436712,4.7251163,738.88763,274.16452,152.65407,4.584202138330914
Nc1nc2nnc(N)n2c([N+](=O)[O-])c1N,1.7218465,6.8121905,20.55816,3.4303846,2.4906297,729.00604,212.23737,297.60342,3.424554657265455
O=c1c(C=N[N+](=O)[O-])c([N+](=O)[O-])n(C=N[N+](=O)[O-])c2ncnn12,1.8024011,7.71844,26.99166,5.138474,3.0762026,600.34125,234.28183,186.35278,4.381601807713289
Nc1c(CC=N[N+](=O)[O-])c([N+](=O)[O-])nc2c(=O)n(N[N+](=O)[O-])nnc12,1.7675551,7.542893,25.585281,5.041995,3.1399481,624.4225,213.06647,150.73117,4.33735249909283
Nc1c(C(=O)O)c2c(c(=O)n(N)c(=O)n2N[N+](=O)[O-])n1Cc1c([N+](=O)[O-])noc1C(=O)[O-],1.7728466,6.9277396,21.69794,3.826697,2.2563593,595.04663,-576.77795,163.11037,4.14053811602231
Nc1c(C=N[N+](=O)[O-])nc2c([N+](=O)[O-])c[nH]n2c1=O,1.7922741,7.1531982,23.250586,4.3385115,2.6147633,605.57495,59.492695,199.49332,3.9840435136602643
Nc1nn2c(C=N[N+](=O)[O-])nn(C=N[N+](=O)[O-])c2c1[N+](=O)[O-],1.8121675,8.085674,29.720917,5.558185,3.5964854,648.29626,455.99844,184.70331,4.569874074266289
O=[N+]([O-])N=Cc1nnc(C=N[N+](=O)[O-])c(N[N+](=O)[O-])n1,1.7780774,8.218865,30.508186,6.052755,3.9035616,645.5652,495.0602,127.75993,4.4942619492375915
O=[N+]([O-])N=Cc1nnc2nc3oc4c(cc3n12)nc([N+](=O)[O-])n4N[N+](=O)[O-],1.8038737,7.5800037,26.148335,5.190097,2.9812686,575.4836,413.4498,142.78343,4.545285346453406
O=[N+]([O-])N=Cc1cc2nnn(N[N+](=O)[O-])c2c([N+](=O)[O-])c1[N+](=O)[O-],1.8019404,8.125398,29.837013,6.1186595,3.6635923,599.7874,418.12534,133.65344,4.089549150143864
O=[N+]([O-])N1CCC([N+](=O)[O-])([N+](=O)[O-])C1,1.7355324,8.147769,29.517809,5.9179893,4.1631308,704.6603,-105.89801,150.78386,3.957719047230599
Nc1nn([N+](=O)[O-])c2ocnc12,1.7546822,7.2959642,23.83417,4.606459,2.8806994,628.4555,109.74774,153.87914,4.012274428540705
O=[N+]([O-])N=Cc1nc([N+](=O)[O-])n2cnnc2c1C=N[N+](=O)[O-],1.7972864,7.7923045,27.551857,5.544497,3.3261783,600.5204,465.66153,170.02934,4.387811818725218
O=[N+]([O-])N=Cc1nn([N+](=O)[O-])c2cnnnc12,1.7872387,7.97018,28.81299,6.033857,3.68248,609.7304,595.1688,133.31747,4.3570289386327
O=[N+]([O-])N=Cc1c([N+](=O)[O-])cnn1[N+](=O)[O-],1.8106834,8.528864,33.006943,6.5919676,4.140106,627.81396,308.4991,140.50641,4.047321002820859
O=c1[nH]c2[nH]cnc2n1C=N[N+](=O)[O-],1.7549205,6.6640124,19.892988,3.3995545,2.1243587,628.7698,-40.5444,196.20804,4.245220230662553
NC1CN2C(=N[N+](=O)[O-])C(=NC=N[N+](=O)[O-])N([N+](=O)[O-])C2=C1[N+](=O)[O-],1.7966521,8.154767,30.171757,5.7078576,3.781348,665.50854,299.1849,114.82173,5.277301859543554
Nc1c(C=N[N+](=O)[O-])c(=O)n2nc(C=N[N+](=O)[O-])nc2n1[N+](=O)[O-],1.8257177,7.836604,28.109373,5.0518823,3.1437125,625.1547,224.2923,143.60378,4.540273909759249
O=c1n(C=N[N+](=O)[O-])c2c(=NC=N[N+](=O)[O-])[nH]cnc2n1N[N+](=O)[O-],1.8061277,7.7322416,27.21864,4.844383,3.080235,638.982,181.0593,149.03058,4.950753951108768
O=C1NNc2c3c1cc([N+](=O)[O-])cc(=O)n3c(=O)n2C=N[N+](=O)[O-],1.7857141,6.645172,19.975481,3.7201133,2.0339446,550.80365,-258.20505,202.33195,4.017361561386467
O=[N+]([O-])c1c(O)coc1O,1.7887523,6.959298,21.710375,3.7962842,2.17328,574.60583,-533.55927,337.57056,3.3195575323559865
Nc1nn(N)c2nc([N+](=O)[O-])nnc12,1.7513875,7.472999,25.138834,4.687001,3.2280743,691.1109,426.48386,263.0535,3.7124963751658218
O=[N+]([O-])c1ccc(-n2cnc3c([N+](=O)[O-])nnn32)c([N+](=O)[O-])c1,1.7271111,7.1383195,22.513058,5.1860857,2.8753242,554.85626,370.43192,249.69061,3.303937575171636
Nc1nc2c(=NC=N[N+](=O)[O-])n([N+](=O)[O-])c(C=N[N+](=O)[O-])nc2n1N,1.7936478,7.847867,27.956972,5.117216,3.3880703,665.32764,426.44833,145.32979,4.809330685085941
NC12C(=NC(C=N[N+](=O)[O-])=C([N+](=O)[O-])C1=C1N=NN=N1)N(N[N+](=O)[O-])C(=N[N+](=O)[O-])N2[N+](=O)[O-],1.8701679,8.567504,33.973778,6.014828,3.901428,649.99493,664.3662,133.82115,5.571175625726145
Nc1nnnc2c1c(C=N[N+](=O)[O-])nn2[N+](=O)[O-],1.7977201,7.976681,28.957472,5.613326,3.6085958,644.443,550.66406,135.13754,4.332409774500548
O=[N+]([O-])c1n[nH]c2[nH]ncc12,1.727502,7.080733,22.217722,4.621312,2.8844445,625.1623,247.21063,299.88647,3.6107641080093886
O=[N+]([O-])N=CC1=NC([N+](=O)[O-])=Nc2nc1nnc2C=N[N+](=O)[O-],1.8033167,7.886861,28.407547,5.599714,3.3642695,600.0096,558.8181,171.03308,5.368035136651607
Nn1c(=O)n(C=N[N+](=O)[O-])c2c(=NC=N[N+](=O)[O-])n(N[N+](=O)[O-])c([N+](=O)[O-])nc21,1.860151,8.254727,31.44787,5.327341,3.4684,654.1926,248.52048,141.09315,4.933908877565181
Nn1c(C=N[N+](=O)[O-])c([N+](=O)[O-])c2c([N+](=O)[O-])nc(C=N[N+](=O)[O-])nc21,1.8201722,8.000525,29.239334,5.6751485,3.4556882,609.1432,386.02548,175.74048,4.403306412540584
O=[N+]([O-])N=Cc1c(N[N+](=O)[O-])nc2nnn(C=N[N+](=O)[O-])c2c1C=N[N+](=O)[O-],1.7998797,8.017873,29.157055,5.729198,3.5466487,619.9016,546.78766,134.45605,4.834554710654566
O=c1c2c(cnc3c2nc(N[N+](=O)[O-])n3[N+](=O)[O-])ncn1C=N[N+](=O)[O-],1.8216709,7.418164,25.281076,4.739324,2.7366235,579.2802,215.79132,148.13295,4.191464159019457
O=[N+]([O-])c1c[nH]cc1[N+](=O)[O-],1.7467259,7.5397367,25.337671,5.3442855,3.2300754,605.35376,-12.362683,274.77414,3.0731849516818457
N[n+]1cc([N+](=O)[O-])c2n[nH]c(C=N[N+](=O)[O-])c2n1,1.758247,7.544131,25.518156,5.2973495,3.3455155,632.5235,417.16995,199.26418,4.447618251737598
Nn1c(=NN[N+](=O)[O-])c2c(ncn2C=N[N+](=O)[O-])n(N)c1=O,1.8028954,7.6499953,26.63251,4.6784472,3.1621618,679.618,245.35745,171.17558,4.597721271137213
Nc1nc(N[N+](=O)[O-])nc(C=N[N+](=O)[O-])c1[N+](=O)[O-],1.8210715,8.096629,29.981075,5.353534,3.5053234,656.85535,204.82767,141.6738,3.8826157127552863
Nn1nc(N[N+](=O)[O-])nc2n(C=N[N+](=O)[O-])c(=O)cc1-2,1.7768699,7.5065475,25.364542,4.753373,3.0433955,644.0647,215.29266,146.50424,4.393285026160668
Nc1nn(C=N[N+](=O)[O-])c2nc([N+](=O)[O-])ncc12,1.7476304,7.2783375,23.664696,4.673938,2.9280326,628.4439,309.1813,186.9121,4.064712757232103
O=[N+]([O-])N=Cc1ncc([N+](=O)[O-])c2nc(N[N+](=O)[O-])n([N+](=O)[O-])c12,1.8267947,8.114809,30.164246,5.7949796,3.4951565,603.375,340.41135,136.38539,4.186827034759249
NN=c1c2c(nc([N+](=O)[O-])n1N=C(N)N)n([N+](=O)[O-])c(=O)n2N,1.7988921,7.6706996,26.817442,4.443729,3.125137,707.6991,212.68457,171.31232,4.299149003743064
Nc1nc2nc(C=N[N+](=O)[O-])n(N)c(=NN[N+](=O)[O-])c2n1[N+](=O)[O-],1.811411,8.047352,29.496307,5.26503,3.545494,676.37555,428.9573,160.93015,4.659850592451557
O=[N+]([O-])N=Cc1nc([N+](=O)[O-])c2nc(C=N[N+](=O)[O-])[nH]c2n1,1.78713,7.662866,26.601345,5.198,3.1204407,601.5962,347.676,166.50972,4.423638741802142
NC(=O)c1nn(C=N[N+](=O)[O-])c2c1c([N+](=O)[O-])nn2N,1.7564485,7.5183425,25.174284,4.7420344,3.0996032,656.3005,206.98111,198.43155,4.216719278700582
Nc1nc([N+](=O)[O-])nc2c1cnn2O,1.7262028,6.93289,21.343546,4.22605,2.633413,625.7286,134.08777,265.4355,3.448308116056511
O=[N+]([O-])N=Cc1cn2nc([N+](=O)[O-])nc2n1C=N[N+](=O)[O-],1.7871093,7.924228,28.30025,5.5750732,3.4665387,622.8119,393.73813,170.70047,4.656186940270226
Nc1nc2ncn([N+](=O)[O-])c2c(=O)n1N,1.7486075,6.9532604,21.716888,3.8769286,2.5376635,657.8822,60.443928,163.25299,3.754591580342378
O=c1nc2nc([N+](=O)[O-])[nH]c2c[nH]1,1.7380805,6.4104686,18.245445,3.2562087,1.8835804,582.37726,-90.9987,285.9491,3.6777243653934413
Nc1ncnc2c1c([N+](=O)[O-])nn2C=N[N+](=O)[O-],1.7614034,7.298846,23.89515,4.6058354,2.881779,628.64325,286.6512,193.98296,3.8652772784251948
Nc1nc([N+](=O)[O-])c(C=N[N+](=O)[O-])c2nncn12,1.7692767,7.3737736,24.474043,4.747908,2.9733405,628.6535,321.31833,191.57431,3.9778973726167184
O=[N+]([O-])N=Cc1c([N+](=O)[O-])c([N+](=O)[O-])c2onnc2c1C=N[N+](=O)[O-],1.8395898,8.131977,30.307156,6.1392303,3.482902,565.5216,342.079,187.18439,4.413202556498112
Cn1c(-c2n[nH]c(=N[N+](=O)[O-])c(=N[N+](=O)[O-])o2)cnc1[N+](=O)[O-],1.7734038,7.753399,27.01444,5.3082685,3.3217,626.91833,217.27582,159.15314,4.169250939226936
O=[N+]([O-])N=Cc1noc2c(O)occ12,1.7389344,6.9575477,21.513144,4.68965,2.556743,546.04517,-123.58013,186.96265,4.257901887467286
Nn1nc(C=N[N+](=O)[O-])n2c(C=N[N+](=O)[O-])nn(N)c3nnc1n3-2,1.7653253,7.9118557,28.1602,5.416507,3.7406018,690.3634,765.0559,177.86966,4.877336300493515
O=[N+]([O-])c1c[nH]c(-c2noc(-c3nnc4ccc([N+](=O)[O-])nn34)n2)c1,1.7137595,6.634211,19.37787,4.5374036,2.406004,532.4005,413.69455,284.5316,3.2929392101744757
Nc1c([N+](=O)[O-])n(C=N[N+](=O)[O-])c2c1nc(N)n2C=N[N+](=O)[O-],1.8114902,7.674356,26.818172,4.7731667,3.113428,655.6932,220.44644,192.54495,4.661258310174339
N=c1c2c(nc(C=N[N+](=O)[O-])n1C=N[N+](=O)[O-])n(C=N[N+](=O)[O-])c(=O)n2C=N[N+](=O)[O-],1.8141979,7.7779393,27.58941,4.951071,3.089896,626.22534,216.27628,168.49258,5.207067744380897
Nc1c(C=N[N+](=O)[O-])n([N+](=O)[O-])c2nc(C=N[N+](=O)[O-])nn2c1=O,1.826382,7.886612,28.486357,5.178086,3.2204285,624.35895,254.0964,134.18152,4.557880159759249
O=[N+]([O-])c1[nH]cc2[nH]c(O)cc12,1.6727234,5.8707495,14.908589,3.1942353,1.7992061,566.0231,-185.08234,315.62195,3.787815687281963
O=[N+]([O-])Nc1nnnn2cc([N+](=O)[O-])cc12,1.7348194,7.696648,26.342358,5.7805595,3.5648935,617.49994,442.4169,126.53818,3.3455023215021784
Nc1c([N+](=O)[O-])c(C=N[N+](=O)[O-])nn2c(N)nnc12,1.782791,7.570716,25.902842,4.882278,3.1847935,654.79663,399.80954,203.25996,3.863630843977006
Nn1c(C=N[N+](=O)[O-])nc2c(C=N[N+](=O)[O-])nn([N+](=O)[O-])c2c1=O,1.8232722,7.9417477,28.87583,5.3930287,3.3388238,620.7186,312.80396,154.4198,4.647564294374634
Nn1nc([N+](=O)[O-])n2nc(C=N[N+](=O)[O-])c(C=N[N+](=O)[O-])c12,1.8149004,8.184223,30.503609,5.878367,3.7857516,645.14435,531.8953,180.06581,4.666588285478803
NC(=O)c1cn2c(-c3nc([N+](=O)[O-])c([N+](=O)[O-])n3N)cn([N+](=O)[O-])c2n1,1.7745839,7.3229976,24.20803,4.6299205,2.8069148,610.18854,122.72034,167.40054,4.008062934279714
Nc1nc(N)c(C(=O)O)c(N[N+](=O)[O-])n1,1.6985892,6.365371,17.844786,2.776675,1.8733314,676.13904,-377.88855,155.70882,2.9952869649577636
O=[N+]([O-])N=Cn1ncc2c([N+](=O)[O-])ncnc21,1.7482884,7.3117476,23.902952,5.042409,2.9968867,595.63654,351.7733,180.41353,3.848851524557414
Nc1c(C=N[N+](=O)[O-])n2c(C=N[N+](=O)[O-])c(C=N[N+](=O)[O-])nc2n([N+](=O)[O-])c1=O,1.8260081,7.852384,28.259193,5.2229586,3.187615,611.752,224.2789,150.02745,4.905596190252495
O=[N+]([O-])N=Cc1nnc2c(C=N[N+](=O)[O-])nc(C=N[N+](=O)[O-])n2c1[N+](=O)[O-],1.8054025,8.033388,29.336838,5.884651,3.5361438,600.0742,555.95233,180.07576,4.760979491869634
Nn1c(=O)n(N[N+](=O)[O-])c2nc(C=N[N+](=O)[O-])n(C=N[N+](=O)[O-])c(=O)c21,1.8308606,7.89603,28.548635,4.968681,3.1628218,639.75226,96.43997,152.44006,4.683869623242925
O=c1c(C=N[N+](=O)[O-])nn(C=N[N+](=O)[O-])c2c1nnn2[N+](=O)[O-],1.8226681,8.181334,30.539478,5.8329725,3.5709941,613.31177,447.86288,130.24263,4.762982949152494
Nn1c(C=N[N+](=O)[O-])nc2c(C=N[N+](=O)[O-])c([N+](=O)[O-])n(N[N+](=O)[O-])c(=NN[N+](=O)[O-])c21,1.8301984,8.32909,31.698994,5.908372,3.8131359,647.3138,456.7294,150.70552,4.95694490981675
O=c1c(C=N[N+](=O)[O-])c([N+](=O)[O-])n2ncnc2n1C=N[N+](=O)[O-],1.818994,7.759832,27.453325,5.1359406,3.0757868,600.35754,230.3082,180.9911,4.401109251882021
Nc1nc(N[N+](=O)[O-])c2nc(C=N[N+](=O)[O-])n(C=N[N+](=O)[O-])c(=NC=N[N+](=O)[O-])c2n1,1.7885224,7.7430234,27.190529,5.034131,3.219712,640.99365,394.00455,148.44994,4.882880626679321
Nc1cn(N[N+](=O)[O-])c(=O)o1,1.7139629,7.2538805,23.092047,4.1568785,2.7964008,677.15753,-241.2941,153.38904,4.091154182451076
Nc1nnc2c(N)nn(N)c2c1[N+](=O)[O-],1.7148951,7.100514,22.314196,4.135036,3.0003428,727.713,361.9393,306.65158,3.61871581111161
Nc1nc2c(nc([N+](=O)[O-])n2N)c(=NN[N+](=O)[O-])n1C=N[N+](=O)[O-],1.8443737,8.030586,29.708157,5.0166388,3.379909,676.8995,340.58743,164.42543,4.611906121297711
Nc1nc2nncn2c([N+](=O)[O-])c1C=N[N+](=O)[O-],1.757671,7.365032,24.28895,4.8182173,3.0038595,625.27124,340.94907,200.20976,3.9595271999322597
Nn1c([N+](=O)[O-])c(C=N[N+](=O)[O-])c(=O)n2nc(C=N[N+](=O)[O-])nc12,1.824232,7.9151945,28.575005,5.272026,3.273041,623.19104,284.27438,174.56316,4.431525352066941
N=c1c2nc(C=NN)n(N)c2n(C=N[N+](=O)[O-])c(=O)n1[N+](=O)[O-],1.7786762,7.460559,25.21272,4.534498,3.0195334,668.65063,250.09537,163.67686,4.717827793150379
Nc1nn2c(N)nnc2c(N)c1[N+](=O)[O-],1.7514046,7.006416,21.932678,3.6194372,2.6458127,734.6017,259.83307,340.94104,3.233955426496225
Nc1nc2c(ncn2N[N+](=O)[O-])c(=NN[N+](=O)[O-])[nH]1,1.7903527,7.5984635,26.208612,4.562027,3.1251514,689.3446,273.1814,158.82167,4.258492138790789
Cn1nc2nc([N+](=O)[O-])c([N+](=O)[O-])c([N+](=O)[O-])c2n1,1.7575736,7.7846513,27.12672,5.6953387,3.426201,602.30524,288.46558,215.12947,3.5180437127552873
O=c1[nH]nc(C=N[N+](=O)[O-])c2c(C=N[N+](=O)[O-])n[nH]c12,1.7891424,7.3692756,24.591248,4.7929287,2.8654456,600.534,256.82297,179.04227,4.3822822289578705
Nc1cc(=O)n2nc(N)n([N+](=O)[O-])c2n1,1.7205517,6.7189,19.999296,3.4972742,2.3019402,662.40594,19.867617,178.46458,3.688815426496224
Nc1c([N+](=O)[O-])c(C=N[N+](=O)[O-])nn2c([N+](=O)[O-])cnc12,1.809647,7.748929,27.37229,5.3485103,3.2320714,605.6677,305.03897,191.68152,3.9189988402123888
O=c1cnc2nc([N+](=O)[O-])cn2[nH]1,1.7189041,6.7163157,19.846945,4.040411,2.3510952,585.92,63.54868,288.29633,3.5275359038549805
Nc1oc2n[nH]cc2c1[N+](=O)[O-],1.7347208,6.68073,19.723272,3.9311821,2.3455493,599.16003,-34.301357,331.79907,3.890063239729516
Nc1nc2nc(C=N[N+](=O)[O-])n(N)c2c(=O)n1[N+](=O)[O-],1.8037684,7.5485735,25.935246,4.5620203,2.944673,648.0566,153.33365,169.37074,4.273365722822497
Nc1oc(=O)c2c(c1O)OCO2,1.7128555,5.635287,14.0432625,2.3211355,1.2512299,546.5071,-765.8486,309.54388,3.3944968061630822
O=[N+]([O-])N=Cc1nc2c([N+](=O)[O-])ncnc2[nH]1,1.7493361,7.210258,23.289196,4.717378,2.7965481,594.99585,263.81088,185.53899,3.9238004607276267
O=[N+]([O-])N=CC1=NN=c2nnc3n2N1C(C=N[N+](=O)[O-])=NN=3,1.7953178,8.090378,29.766008,5.902315,3.7655876,636.067,885.8186,167.07364,5.359113927906359
Nc1nc(C=N[N+](=O)[O-])n2nc(C=N[N+](=O)[O-])c([N+](=O)[O-])c2n1,1.7875184,7.7177563,26.9277,5.144292,3.2147603,626.49744,394.52536,186.19452,4.322407266770361
Nc1c2c([N+](=O)[O-])nn(-c3ccc([N+](=O)[O-])cc3)c2c(=O)n2c1c(N[N+](=O)[O-])nn2N[N+](=O)[O-],1.7644334,7.1204243,22.831003,4.6951056,2.700263,578.02216,159.27081,163.14502,3.9346999887440868
O=[N+]([O-])N=Cn1ncc2c([N+](=O)[O-])c3nnnn3cc21,1.7619016,7.4226565,24.678902,5.340422,3.1392355,588.14813,593.4354,185.75648,4.046678432754074
Cc1c([N+](=O)[O-])c2nc(N[N+](=O)[O-])n([N+](=O)[O-])c2c(=O)n1N,1.7770889,7.6601276,26.452639,5.108275,3.2297082,634.4908,45.473576,147.04175,3.8927395515187406
NN=c1c2nc(C=N[N+](=O)[O-])n([N+](=O)[O-])c2nc(C=N[N+](=O)[O-])n1N[N+](=O)[O-],1.8377222,8.304866,31.670341,5.7966437,3.7527275,648.71436,521.5097,146.86931,4.909917698508817
Nc1c([N+](=O)[O-])c(C=N[N+](=O)[O-])nc2nnc(C=N[N+](=O)[O-])n12,1.8157539,7.8579803,28.169651,5.3238306,3.313141,623.4837,448.07846,189.98193,4.354445480169863
O=c1[nH]nc(N[N+](=O)[O-])c2cn[nH]c12,1.7506937,6.98557,21.928759,4.199355,2.6017282,622.97296,129.43549,142.98405,3.4211042543311905
O=c1cc(N[N+](=O)[O-])nc2nc[nH]n12,1.705442,6.668193,19.606998,3.7918286,2.3446996,621.0123,36.312824,144.9132,3.4767799939761623
Nc1c([N+](=O)[O-])cnc2coc(O)c12,1.7108158,6.003555,15.813097,3.2728817,1.7644457,541.83527,-253.25307,315.60065,3.4093093306314097
Nc1c([N+](=O)[O-])c([N+](=O)[O-])nn2c(C=N[N+](=O)[O-])ccc12,1.732148,7.248793,23.271564,5.1944585,3.0250206,584.03986,228.07736,206.16571,3.785111477575027
Nc1oc([N+](=O)[O-])c(O)c1-c1ccc(=O)[nH]n1,1.6790259,6.004746,15.577427,3.2270777,1.7759695,553.70386,-351.55203,320.4482,3.28895654839574
Nc1c([N+](=O)[O-])c([N+](=O)[O-])c(C(=NNc2ccc([N+](=O)[O-])cc2[N+](=O)[O-])[N+](=O)[O-])c2nc3c(nc12)[nH]c(=O)n3[N+](=O)[O-],1.8182478,7.425895,25.241276,4.857809,2.728438,564.52045,87.520905,172.22043,4.00454078484719
C=c1c(=O)oc(=C)c2c1nc([N+](=O)[O-])n2[N+](=O)[O-],1.6822276,6.6727114,19.315739,4.504988,2.4247522,540.238,-162.10695,141.52654,4.173826882620392
N=c1c2nc(C=N[N+](=O)[O-])n(N[N+](=O)[O-])c2nc([N+](=O)[O-])n1N,1.8333093,8.068539,29.899172,5.338222,3.4989512,658.04614,387.21243,147.79091,4.462341286214691
O=[N+]([O-])N=Cc1[nH]cnc1[N+](=O)[O-],1.7358238,7.682966,26.217627,5.3714833,3.4178061,637.9505,153.55649,183.192,3.953674035723112
Nn1c(=O)c([N+](=O)[O-])c(C=N[N+](=O)[O-])n2nc(C=N[N+](=O)[O-])nc12,1.8383802,7.945685,28.986683,5.2786193,3.2722557,621.74744,300.388,188.2786,4.396444823220788
NC(=O)NN=CN=c1c2nc(C=N[N+](=O)[O-])[nH]c2[nH]c(=O)n1[N+](=O)[O-],1.7659347,7.098765,22.660622,3.856693,2.498364,652.07184,-28.619017,169.91988,4.588699426221891
O=[N+]([O-])N=C1N([N+](=O)[O-])C2=NC(=Cc3c([N+](=O)[O-])c([N+](=O)[O-])nn4cccc34)CN([N+](=O)[O-])C21[N+](=O)[O-],1.7634803,7.6969156,26.578724,5.858473,3.3653772,573.4536,371.09,129.3248,5.073845470084509
O=C([O-])C[N+]1(C=N[N+](=O)[O-])CC[N+]2([O-])CC1C([N+](=O)[O-])C2=N[N+](=O)[O-],1.712802,7.5015287,24.823523,5.0634785,3.423939,679.93536,-153.34166,147.11371,7.0054894829810115
O=[N+]([O-])N=CN=c1c2nc(C=N[N+](=O)[O-])n([N+](=O)[O-])c2nnn1C=N[N+](=O)[O-],1.8390888,8.3617325,32.13283,5.960471,3.779862,633.94226,637.07166,141.08595,5.116001471788168
O=[N+]([O-])C1=CN=NNC1=C1N=NN=N1,1.7740848,7.8536463,27.924816,5.7000155,3.67159,645.38556,658.32764,267.0818,4.5160825087690615
Nn1cnn2c(=O)c([N+](=O)[O-])c(C=N[N+](=O)[O-])nc12,1.801732,7.592779,26.234499,4.907256,3.0420465,622.1767,227.77051,175.40334,4.10409509737067
O=[N+]([O-])c1ccc([N+](=O)[O-])c2[nH]nnc12,1.7366558,7.106968,22.375366,5.0551248,2.8289475,560.7074,213.952,276.80307,2.960375520304856
Nc1c(N[N+](=O)[O-])oc2nnc(-c3c(O)[nH]c(C=NNS(=O)(=O)c4ccc([N+](=O)[O-])cc4[N+](=O)[O-])c(O)c3=O)n12,1.741655,6.6964674,20.022324,3.9797895,2.2512274,569.19794,-300.13266,199.07536,4.056719971978424
Nc1nn(N)c2c1c(N)nn2[N+](=O)[O-],1.7320584,7.4260354,24.672628,4.2966733,3.2984023,772.74713,335.71683,188.11937,4.071674764486318
Nc1c(N[N+](=O)[O-])oc2nnn(N)c12,1.774636,7.637035,26.3614,4.7867017,3.3189735,695.30084,216.83817,174.64787,4.289410950064608
Nc1c([N+](=O)[O-])cnn2cc([N+](=O)[O-])nc12,1.7422969,7.117743,22.481407,4.6881423,2.7862697,596.9715,178.10773,302.59427,3.1892468653304435
Nc1nnc2noc([N+](=O)[O-])c2c1N,1.7488118,7.2714505,23.655937,4.8114734,3.01803,629.2358,275.62152,293.48212,3.7826052820484133
O=c1c2nc3c(C=N[N+](=O)[O-])nccn3c2c([N+](=O)[O-])nn1C=N[N+](=O)[O-],1.7531015,7.2097983,23.246532,4.8902154,2.7668424,567.79974,309.94907,172.4281,4.367482718594777
Nc1c(N[N+](=O)[O-])c(=C2N=NN=N2)cc([N+](=O)[O-])c1=C1N=NN=N1,1.7800202,7.4948316,25.514954,5.1099677,3.1583443,618.1733,751.5268,143.5855,4.395714089868319
Cn1nc([N+](=O)[O-])c2c(=O)n3c(N)c([N+](=O)[O-])n(N[N+](=O)[O-])c3nc21,1.7690781,7.405957,24.6617,4.607068,2.876195,628.02234,45.571827,148.49568,3.854085501910908
Nc1nn(C=N[N+](=O)[O-])c2cn3c(=O)ncn3c(N[N+](=O)[O-])c12,1.7397387,7.080919,22.348734,4.3725076,2.7236755,625.69446,226.85144,156.47513,4.613289223523285
O=[N+]([O-])c1ccc2[nH]nnc2n1,1.6164048,6.3574915,17.091864,4.2718945,2.4516766,574.7674,262.50037,277.4302,3.341628439235892
NC(=O)C1NC(N)=C([N+](=O)[O-])C(C=N[N+](=O)[O-])=C1N[N+](=O)[O-],1.7856867,7.5390716,25.736729,4.5722933,3.0508733,671.40906,-122.3248,165.7478,4.758670962519071
O=[N+]([O-])N=Cn1nnc(C=NN[N+](=O)[O-])c1[N+](=O)[O-],1.7902987,8.534075,32.838562,6.3994107,4.2605596,667.35803,497.5175,156.67871,4.562660708230398
N=c1nc[nH]n2c([N+](=O)[O-])cc(C=N[N+](=O)[O-])c12,1.7230253,7.000346,21.742403,4.677084,2.818735,604.5218,241.14056,186.4433,4.364405692867896
O=c1[nH]cnc2c1ncn2[N+](=O)[O-],1.7538583,6.750766,20.549757,3.8528018,2.26322,591.37506,27.992266,138.6218,3.501947442316519
O=[N+]([O-])N=Cc1nc2nc(C=N[N+](=O)[O-])c([N+](=O)[O-])c(C=N[N+](=O)[O-])n2n1,1.8152025,8.031123,29.41113,5.7532997,3.4655776,602.67615,521.5446,182.49477,4.649447774272163
Nc1c([N+](=O)[O-])c(C=N[N+](=O)[O-])c(N[N+](=O)[O-])c2nc[nH]c12,1.7740554,7.3449836,24.367607,4.8055997,2.9377916,613.92114,158.77798,151.13884,4.026511101645688
O=[N+]([O-])N=Cc1cc([N+](=O)[O-])n2nnnc2c1C=N[N+](=O)[O-],1.7897404,7.8164325,27.566933,5.780607,3.4294744,593.6306,524.821,174.00629,4.323051049494449
O=[N+]([O-])N=Cc1nnc2c([N+](=O)[O-])c[nH]n12,1.7770452,7.802453,27.448248,5.6202793,3.4935844,621.8634,429.80777,188.2204,4.049072601222458
O=C1NCOc2ncc([N+](=O)[O-])nc21,1.7118372,6.304669,17.513733,3.41169,1.9165227,565.76483,-230.70593,274.1808,3.6321906448637353
Cc1c2c(=NN)c([N+](=O)[O-])n[nH]c2nn1[N+](=O)[O-],1.7077042,7.3678436,23.8705,5.157541,3.3580875,652.70264,356.60025,165.5534,4.089343310607299
Nc1nnc2nc(C=N[N+](=O)[O-])c([N+](=O)[O-])c(C=N[N+](=O)[O-])n12,1.7931558,7.8177304,27.701931,5.335842,3.3426075,627.2147,460.9153,178.84096,4.3044184330234625
Nc1nnc2cc(N[N+](=O)[O-])nc([N+](=O)[O-])n12,1.7624809,7.562448,25.65774,4.881755,3.1743672,652.0723,289.38596,144.49718,3.5852371504024285
O=[N+]([O-])N=c1c2oc(O)nc2nc2c(N3C=CN([N+](=O)[O-])CC3)nncn12,1.7318746,6.7556424,20.363325,4.1745114,2.465317,592.1732,123.94098,166.91934,4.4496004557651485
N=C1N=C(c2c([N+](=O)[O-])nn(C=N[N+](=O)[O-])c2[N+](=O)[O-])NC(=O)C1=Cc1cc([N+](=O)[O-])c(N)c([N+](=O)[O-])c1,1.7627119,7.094679,22.541582,4.610842,2.6176312,570.7102,43.700672,205.60208,4.227324542667478
Nc1cc([N+](=O)[O-])c2nnc(N[N+](=O)[O-])n2c1N,1.7781146,7.381287,24.713295,4.6445923,3.029589,655.4838,253.23169,147.29892,3.564879849068838
O=c1[nH]c2c(ncn2N[N+](=O)[O-])c(=NC=N[N+](=O)[O-])n1C=N[N+](=O)[O-],1.8292025,7.790914,27.800034,4.8180623,3.0744894,641.29443,168.10812,149.85225,4.821738340249041
O=[N+]([O-])N=Cc1nc2c(ncn2C=N[N+](=O)[O-])c(=NN[N+](=O)[O-])n1[N+](=O)[O-],1.8290713,8.181242,30.610147,5.69957,3.6013863,633.0323,463.57742,137.4083,4.81977443391389
NC(=O)c1nc(C=N[N+](=O)[O-])c2c(=O)n([N+](=O)[O-])nc(N)n12,1.7982386,7.2993484,24.18844,4.152242,2.5995932,629.7186,-34.532864,167.62828,4.310279325356518
Cn1nc([N+](=O)[O-])c(C=N[N+](=O)[O-])c2c([N+](=O)[O-])nnc1-2,1.7269686,7.6231146,25.772034,5.645368,3.456005,611.66675,387.94138,171.01724,3.8825043347178845
NN=c1c2nn(C=N[N+](=O)[O-])c(C=N[N+](=O)[O-])c2nc(C=N[N+](=O)[O-])n1N[N+](=O)[O-],1.8023924,8.101308,29.827187,5.6809044,3.6872241,650.7115,589.0117,156.68024,5.14673386179802
O=c1c(C=N[N+](=O)[O-])c(C=N[N+](=O)[O-])nc2oc(N[N+](=O)[O-])cn12,1.8024426,7.563562,25.929745,4.948921,2.8989725,587.89014,10.968524,151.0112,4.601098366120196
O=c1cnc2c([N+](=O)[O-])cnn2[nH]1,1.7473747,6.8611264,20.933218,4.196557,2.4430811,585.9639,105.197235,308.4725,3.2973974423165195
O=c1nc2n([N+](=O)[O-])c(O)cn2c(C=N[N+](=O)[O-])c1C=N[N+](=O)[O-],1.83292,7.589333,26.410444,4.810043,2.82217,589.1101,-41.89221,156.23047,4.603600592451557
NC1=NC(=O)C(=Cc2c([N+](=O)[O-])nc([N+](=O)[O-])n2C=N[N+](=O)[O-])C(=O)N1,1.7610791,7.1504245,22.883984,4.2223425,2.5274231,602.5205,-150.35008,185.92235,4.0678281516710175
O=[N+]([O-])N=Cc1noc([N+](=O)[O-])c1C=N[N+](=O)[O-],1.8033364,8.383276,31.865105,6.5696344,3.9873414,605.6563,306.4611,166.34254,4.4749615798380695
Nn1c([N+](=O)[O-])nc2c(c1=N[N+](=O)[O-])C(=O)CC(=O)C2[N+](=O)[O-],1.797721,7.489155,25.414349,4.768929,2.8533921,600.52264,-147.43571,127.383255,4.553216690047039
Nn1c(C=N[N+](=O)[O-])nc2c(c1=NC=N[N+](=O)[O-])n(N[N+](=O)[O-])c(=O)n2N[N+](=O)[O-],1.842703,8.266118,31.363674,5.4530425,3.6048725,663.73627,309.96933,151.58826,5.026460955815114
Nc1nc([N+](=O)[O-])nc2c1nc(C=N[N+](=O)[O-])n2N,1.7632105,7.367637,24.414589,4.574302,2.9761226,652.7674,297.9135,185.83249,3.9383186267824346
Nc1nonc1[N+](=O)[O-],1.7752396,8.333733,31.17005,5.914721,4.04216,685.36176,181.75116,298.37247,3.2006510841486335
CC(=O)OC(=O)N1C([N+](=O)[O-])=C([N+](=O)[O-])C(C=N[N+](=O)[O-])=C([N+](=O)[O-])C1c1cnc(N(N)[N+](=O)[O-])nn1,1.7583351,7.53127,25.341726,4.873451,2.9846647,615.1984,-178.1743,147.73936,4.991713021090206
O=[N+]([O-])N=Cc1c([N+](=O)[O-])c2n3c1N(N[N+](=O)[O-])C(=NN=C3)NN=C2,1.7707404,7.722249,26.864185,5.4770894,3.416736,624.8697,527.54865,173.18893,5.818938800708789
O=[N+]([O-])N=Cc1nc(Br)nc2nc([N+](=O)[O-])c(C=N[N+](=O)[O-])n12,1.7578899,7.599242,25.867311,5.2928734,3.133237,592.56,404.66196,166.2571,4.528232576944056
O=c1cc2c(nnn2C=N[N+](=O)[O-])c(C=N[N+](=O)[O-])o1,1.7653624,7.3237123,23.950676,4.9039454,2.8068342,574.5127,119.21036,175.59367,4.475922508678151
CN=c1[nH]c([N+](=O)[O-])nc2c1n(N[N+](=O)[O-])c(=O)n2N,1.7382865,7.3158016,23.83746,4.422331,2.9741273,676.73706,53.883015,153.97484,4.326493153882003
Nc1c(C=N[N+](=O)[O-])nc2cc(O)[nH]n2c1=O,1.7115935,6.3827357,17.94311,3.453817,2.0787604,605.5416,-126.5049,200.9111,4.113091665452596
Nc1c([N+](=O)[O-])cc([N+](=O)[O-])c2c1nnn2C=N[N+](=O)[O-],1.7921212,7.6650434,26.589434,5.3004565,3.2040236,605.50336,304.2964,189.3862,3.8074705435090923
Nc1nnc2c[nH]c([N+](=O)[O-])c2c1N,1.6597375,6.361257,17.509222,3.4884481,2.3832598,685.2545,187.67535,315.73712,3.765756699052462
Nc1nonc1N[N+](=O)[O-],1.7618465,8.379274,31.490448,5.9380884,4.2770066,722.60645,266.00916,143.87794,3.3177309051370525
Nn1c([N+](=O)[O-])nc2c(nc(C=N[N+](=O)[O-])n2C=N[N+](=O)[O-])c1=NN[N+](=O)[O-],1.8531191,8.25686,31.434147,5.5463915,3.594726,649.785,455.18784,161.01883,4.874104160047278
O=[N+]([O-])N=Cn1nnc2cc(N[N+](=O)[O-])c([N+](=O)[O-])cc21,1.7566415,7.6232677,25.984737,5.543357,3.3262675,601.1921,374.5861,128.31166,3.8411974665860162
O=[N+]([O-])c1cc2c(ncc3nnnn32)o1,1.7364552,6.8924727,21.058836,4.760115,2.5664637,540.9945,335.1636,284.0015,3.437123100914829
CC(=O)n1[nH]c(=N)c2nc(N[N+](=O)[O-])n([N+](=O)[O-])c2c1=O,1.7590611,7.195831,23.24271,4.2731714,2.704325,635.5851,-105.91118,147.44681,4.203620963089513
O=C(O)c1cc(=O)c(O)c(O)o1,1.715761,5.3590517,12.748831,1.8469527,0.90097827,510.11926,-1033.8735,300.0936,2.8745167475120574
O=c1c(C=N[N+](=O)[O-])nn(C=N[N+](=O)[O-])c2nc([N+](=O)[O-])cnc12,1.7881683,7.5509853,25.807634,5.165236,2.9894004,579.3912,286.56827,169.21053,4.412371028842089
O=[N+]([O-])c1nc(O)co1,1.7555083,7.317665,23.824144,4.468717,2.6596718,598.8083,-278.98618,281.00085,3.837770314917865
[N-]=[N+]=NC1C([N+](=O)[O-])=NNC1=C1N=NN=N1,1.7770499,8.037753,29.231934,5.8050613,3.8346996,661.1438,790.2671,271.3056,5.096085392421536
O=[N+]([O-])N=Cc1nc(N[N+](=O)[O-])nc(C=N[N+](=O)[O-])c1[N+](=O)[O-],1.822623,8.312713,31.601845,5.989919,3.7529495,626.65607,346.84714,136.12445,4.387372307652271
Nc1c(N[N+](=O)[O-])c2cn[nH]c2c(=NC=N[N+](=O)[O-])n1N[N+](=O)[O-],1.7701871,7.690914,26.579409,5.1006722,3.3591726,661.34845,343.74185,156.17552,4.554291975587652
O=[N+]([O-])N=Cc1nc([N+](=O)[O-])n2c(C=N[N+](=O)[O-])cnc2c1[N+](=O)[O-],1.8002357,7.873073,28.101784,5.695448,3.3389876,585.94434,355.02853,183.67673,4.342221385430373
Nn1c(N[N+](=O)[O-])nc2c1cc([N+](=O)[O-])n2C=N[N+](=O)[O-],1.7905197,7.9188867,28.367987,5.4248915,3.521995,650.9196,305.78162,159.70605,4.312761202849752
Nn1nc(C=N[N+](=O)[O-])c2c(C=N[N+](=O)[O-])nc([N+](=O)[O-])nc21,1.7979589,7.8362927,27.875004,5.429582,3.387864,625.0514,463.2377,172.13394,4.583865083147531
Nc1o[nH]c(=O)c1C=N[N+](=O)[O-],1.7483249,7.28087,23.590902,4.3848195,2.8360763,650.73236,-112.704346,189.8753,4.299577138330914
NN=c1c2nc(C=N[N+](=O)[O-])n(C=N[N+](=O)[O-])c2n(N[N+](=O)[O-])c(=O)n1N,1.8169713,7.9517326,28.872015,5.070657,3.3927724,672.5809,313.70776,153.38539,4.919770192607253
Nc1n[nH]c(=O)c2nnn(N)c12,1.6929071,6.6842084,19.757072,3.2020473,2.471384,771.41364,219.25742,297.5721,3.5514660369323128
O=[N+]([O-])N=Cc1ncc2nc([N+](=O)[O-])[nH]c2n1,1.7366582,7.179229,22.958014,4.7339497,2.809331,595.4512,271.00665,175.54439,4.0529968600729624
Nc1nc([N+](=O)[O-])nc2c1c(N)nn2N,1.7118347,6.8352666,20.748108,3.5433586,2.584117,732.68243,213.37283,281.42194,3.5641031188039163
O=[N+]([O-])c1cc2occ(O)c2o1,1.7054533,6.3994308,17.896946,4.1027975,2.038069,497.69965,-385.05637,298.5806,3.4232674355337114
Nc1noc2c(N[N+](=O)[O-])nnnc12,1.7515635,7.7267118,26.811977,5.414898,3.5148973,650.0636,400.54056,138.2471,3.6336924200116654
NN1C(=O)OC(=O)C1=O,1.789618,6.526607,19.30784,2.6445289,1.5742447,600.2564,-618.2057,281.08118,3.451893559065022
O=[N+]([O-])N=Cc1c2ncn([N+](=O)[O-])c2nn1C=N[N+](=O)[O-],1.8173589,8.107277,30.040306,5.812003,3.6155531,623.4094,488.0787,136.66425,4.744163458488849
O=c1c2c([N+](=O)[O-])c([N+](=O)[O-])[nH]c2nc2n1CCN2Cl,1.7364647,6.741017,20.264795,4.0194063,2.3385155,584.6761,-86.453156,258.51968,3.7691645133401552
O=[N+]([O-])N=Cn1nnc2cc([N+](=O)[O-])c([N+](=O)[O-])cc21,1.7587347,7.5593305,25.548813,5.5973697,3.2164128,574.946,348.5211,199.34619,3.598008103083746
Nn1c(C=N[N+](=O)[O-])nc2c([N+](=O)[O-])ncnc21,1.7691345,7.441644,24.999691,4.9672995,3.0832927,623.0044,370.2654,181.92004,3.9605416426324176
Cc1nn2nc([N+](=O)[O-])c([N+](=O)[O-])c2c(N)c1[N+](=O)[O-],1.7564956,7.49505,25.05635,5.2209888,3.164746,607.97485,176.43643,260.2146,3.442443310184337
N#CC1c2nc3c(c(=N)n2C(=N[N+](=O)[O-])N1[N+](=O)[O-])N=C1N(CC(=O)N1[N+](=O)[O-])C1C3NN1[N+](=O)[O-],1.7944568,7.5620313,26.052458,4.9330754,3.0136712,613.65326,327.61356,138.38287,5.888824472554993
NC(=O)c1c(N)nn2c(N)nnc2c1[N+](=O)[O-],1.7078866,6.632524,19.320389,3.428019,2.2758136,666.87354,85.938934,262.90628,3.120534274148249
Nc1cc(C(=O)O)c(O)oc1=O,1.680482,5.08031,11.277939,1.5607572,0.82381207,544.432,-907.3649,308.01727,2.9271812636410885
NN=C1NC(c2nnn(C=N[N+](=O)[O-])c2[N+](=O)[O-])C([N+](=O)[O-])c2onc(C=N[N+](=O)[O-])c21,1.7810556,7.842833,27.764088,5.569601,3.4813275,626.05676,438.59744,168.45396,5.678375787392392
Nc1c([N+](=O)[O-])cc([N+](=O)[O-])c2oncc12,1.7508545,7.016784,21.907612,4.9355464,2.696376,547.7371,29.9097,295.07373,3.1169280817884033
Nc1nc2nc(C=N[N+](=O)[O-])c(C=N[N+](=O)[O-])c(C=N[N+](=O)[O-])c(=O)n2n1,1.7656245,7.390542,24.542593,4.741787,2.8832743,610.8874,279.49677,170.4791,4.5582717995619415
Nc1nc2c(C=N[N+](=O)[O-])nn(C=N[N+](=O)[O-])c2c(=NN[N+](=O)[O-])n1N,1.7843877,7.8401575,27.756886,5.1847563,3.4815953,674.08,481.55258,167.49843,4.895014983969157
Nc1nnc2c(C=N[N+](=O)[O-])cn(N)c(=O)n12,1.7215992,6.8149686,20.553148,3.85226,2.549243,664.18036,159.11359,192.17152,4.0298913310044355
Nc1nc2nc(C=N[N+](=O)[O-])nn2c(N)c1[N+](=O)[O-],1.8023735,7.3987813,24.87509,4.3580503,2.8279903,651.82367,261.4535,222.35994,3.8832516584566434
O=[N+]([O-])c1nc2occn2n1,1.6983471,7.0086584,21.406584,4.7646174,2.730382,575.37476,102.20499,279.6557,3.8322132395230364
Nc1ncc([N+](=O)[O-])c2nnnn12,1.7582738,7.311087,23.856707,4.5526795,2.9556222,651.3274,363.03952,304.40186,3.119005134624212
O=[N+]([O-])N=Cc1nc([N+](=O)[O-])c2c[nH]nc2n1,1.7518842,7.314369,24.008785,5.009988,2.968422,593.73,332.2438,183.41992,4.156710444361013
Nc1c(N[N+](=O)[O-])on2c(N)nnc12,1.7546271,7.561702,25.708881,4.7391844,3.301665,698.38446,239.31033,169.16107,4.03067734682574
O=c1n(C=N[N+](=O)[O-])c([N+](=O)[O-])cc2nc(C=NN[N+](=O)[O-])c(C=N[N+](=O)[O-])n12,1.7969539,7.688367,26.759127,5.1333466,3.0934188,604.9828,184.78726,168.59663,4.771865513237201
Nn1nc(OCC=N[N+](=O)[O-])c2c([N+](=O)[O-])nn(N)c2c1=O,1.7576933,7.4951315,25.103283,4.8286624,3.151648,654.46185,92.51257,185.52803,4.296738741802143
Cc1nc(=O)n([N+](=O)[O-])c2c([N+](=O)[O-])nn(C=N[N+](=O)[O-])c12,1.7607826,7.6355114,26.0941,5.238022,3.1905336,611.1842,147.43045,125.59364,4.231549617133706
Nc1cncc2oc([N+](=O)[O-])nc12,1.6477666,6.1521153,16.249249,3.7985215,2.111432,556.872,-0.078870155,287.80383,3.641670519239595
N=c1nc[nH]c2oc(C=N[N+](=O)[O-])nc12,1.6899309,6.5016074,18.533632,3.8327572,2.2683527,593.7523,77.55838,198.9157,4.557156195726995
Nc1nn([N+](=O)[O-])c2c1c(C=N[N+](=O)[O-])nn2C=N[N+](=O)[O-],1.7972991,8.0611925,29.444376,5.653399,3.651855,647.4781,462.45602,155.11691,4.793944739194579
O=[N+]([O-])N=CN1N=CNC(=N[N+](=O)[O-])c2nc[nH]c21,1.7475004,7.4110928,24.538744,4.791498,3.1200905,653.1079,371.26834,189.8169,4.829595242508552
Nc1c(-c2c([N+](=O)[O-])c(O)c(O)c(=O)n2N)nc(C=N[N+](=O)[O-])n1N[N+](=O)[O-],1.8239495,7.530682,25.988827,4.480752,2.8176236,632.4083,-215.28845,168.45586,4.338774878698489
O=[N+]([O-])N=Cc1c(C=N[N+](=O)[O-])n2ncnc2n1[N+](=O)[O-],1.7978761,8.042165,29.310743,5.8453894,3.6179814,620.1862,487.18643,132.64479,4.5606533370313596
Nc1nn([N+](=O)[O-])c2c(C=N[N+](=O)[O-])ncnc12,1.738953,7.372426,24.247526,5.0245137,3.115562,622.1748,378.46115,142.8893,4.1068870115492135
CN=C1N2N=C(N)N([N+](=O)[O-])C1(N)c1nc3n(C=N[N+](=O)[O-])nc([N+](=O)[O-])n3c(=O)c12,1.7449976,7.314027,23.923536,4.5100245,2.912178,648.7376,237.7602,167.2619,6.079781709230908
NN=c1cc(N)n(O)cc1[N+](=O)[O-],1.6699872,6.8390956,20.329723,4.2129107,2.939291,700.83014,56.60509,282.10477,3.8537003834929893
C[N+]1=NN2C(=CN([N+](=O)[O-])C(N[N+](=O)[O-])=C2[N+](=O)[O-])C1,1.7064452,7.804455,26.836376,5.800159,3.920834,677.3006,287.2517,132.42012,4.945384881022787
Nc1c(N)n([N+](=O)c2cn(N)nn2)c(N)c(N[N+](=O)[O-])c1=O,1.7118465,7.053909,22.02193,3.9630926,2.8583546,723.7646,151.22986,185.0495,4.337981182120443
Nc1nnc(N[N+](=O)[O-])c2[nH]ncc12,1.6849543,6.9020047,20.945635,4.2203355,2.8837378,684.8851,341.62784,157.60172,3.3749007040353334
Nc1c(F)c([N+](=O)[O-])c2nonc2c1F,1.7962828,7.2446885,23.833841,4.923292,2.7018073,551.7865,63.339252,262.0487,3.254378503419302
Nc1nnn2cnnc2c1N[N+](=O)[O-],1.7446853,7.52059,25.363632,4.88568,3.3716943,690.484,493.652,167.6716,3.6133634259288234
Nn1c(C=N[N+](=O)[O-])nc2[nH]c(=O)n([N+](=O)[O-])c2c1=NC=NN[N+](=O)[O-],1.8363652,7.920246,28.79093,4.941197,3.2271695,656.3965,238.75208,160.63057,4.855428830123001
O=[N+]([O-])N=Cc1nc2nc(C=N[N+](=O)[O-])n(C=N[N+](=O)[O-])c2c(=NN[N+](=O)[O-])n1C=N[N+](=O)[O-],1.8106738,8.131272,30.077404,5.661732,3.5809517,633.6374,513.17145,153.54417,5.3269488181755245
O=[N+]([O-])N=Cc1cnn2c([N+](=O)[O-])c([N+](=O)[O-])cnc12,1.772926,7.5965004,25.973358,5.567908,3.200506,575.04126,332.28488,198.15149,3.7069004107760533
O=[N+]([O-])c1cc(O)[nH]n1,1.7314615,7.1596518,22.590948,4.2307024,2.7084136,645.05725,-125.709015,295.3154,3.4311895456870953
O=C1NC2(CCN([N+](=O)[O-])CC2)C(=O)n2c([N+](=O)[O-])nc([N+](=O)[O-])c21,1.7274578,6.8856297,21.05743,4.1627436,2.5480773,614.33765,-326.82208,169.15681,4.246916649231478
CN1C(=O)NC(=NN2C(N)=C([N+](=O)[O-])C(=C3N=NN=N3)C([N+](=O)[O-])=C2[N+](=O)[O-])C1=C1C(=O)NC(=O)NC1=O,1.7908398,6.9415803,21.788801,3.8260658,2.2552886,595.00885,-116.846344,240.07594,4.533998410325738
O=[N+]([O-])N=Cc1ccc(-c2on3c([N+](=O)[O-])nnc3c2[N+](=O)[O-])cn1,1.7118363,7.1523185,22.516926,5.4390416,2.9620912,543.2897,368.69302,194.21613,3.9008886943706216
O=[N+]([O-])N=Cc1nc(C=N[N+](=O)[O-])n2nnnc2c1C=N[N+](=O)[O-],1.7812072,7.9043007,28.17111,5.746364,3.538153,615.92896,650.00183,158.29997,4.70959014664736
Nc1c(N)n2ncc([N+](=O)[O-])c2c2ncnn2c1=O,1.7005274,6.312325,17.456234,3.4536028,2.097816,610.2042,145.77658,285.96182,3.3246276417493696
Nc1n[nH]c(N[N+](=O)[O-])c1N,1.7209035,7.3944,24.406101,3.9646575,3.2354162,821.6348,136.37735,195.80669,3.6430019278091654
O=[N+]([O-])c1nnco1,1.7345076,7.8637104,27.41428,5.4870076,3.4566112,630.8754,51.12453,268.42825,3.8187712673778567
O=[N+]([O-])N=Cc1nn([N+](=O)[O-])c2nccc(N[N+](=O)[O-])c12,1.7845491,7.6794314,26.664042,5.516411,3.2965314,598.95685,374.1132,136.6438,4.17016264877225
Nc1nn(N)c(N)c1[N+](=O)[O-],1.7412109,7.4918556,25.032291,3.9802377,3.2684538,826.24445,123.232574,355.95166,3.5099569297038222
Nc1noc2c1c(C=N[N+](=O)[O-])nn2N,1.7081468,7.3473763,23.779123,5.0159965,3.3325832,666.43695,335.87582,195.59724,4.421303475276711
Nc1nc2nnn(N[N+](=O)[O-])c2c(N)c1N,1.7059789,7.0029626,21.786484,3.7280915,2.8406317,767.33575,309.2012,175.53743,3.9171391730227505
N=c1nc(N)c(C=Nn2nc(N[N+](=O)[O-])n(N[N+](=O)[O-])c2=O)c[nH]1,1.7461023,7.2623377,23.622864,4.241662,2.8720217,680.5418,207.6669,163.44781,4.388685585055105
NNc1ncnc(C=N[N+](=O)[O-])c1[N+](=O)[O-],1.7317696,7.5585623,25.358202,5.140999,3.4162116,667.1827,266.5684,193.09828,3.67219749144851
Nc1nc(N[N+](=O)[O-])n2c(N)nnc2n1,1.7387697,7.1495633,22.94664,3.7284126,2.7305744,735.21655,283.33698,159.688,3.467607415239188
Nc1cc(=O)n2cc(C=N[N+](=O)[O-])c(=O)n([N+](=O)[O-])c2n1,1.7397096,6.8298426,20.802917,4.035275,2.3624268,588.8635,-123.070595,143.17365,4.001746917135467
NC1(N)N=NC(N[N+](=O)[O-])=N1,1.7199464,7.8798823,27.596409,4.5524797,3.790678,838.916,248.15173,142.25247,4.562930840276009
NC(=O)c1ncnc2c1nc([N+](=O)[O-])n2C=N[N+](=O)[O-],1.759431,7.0281386,22.14315,4.13019,2.4831884,604.2633,95.853424,189.68083,3.8466337441093863
CC(=O)n1c([N+](=O)[O-])nc2[nH]c(=O)n(C=N[N+](=O)[O-])c(=O)c21,1.7422719,6.7438807,20.18731,3.6044543,2.131619,595.96375,-369.791,192.94794,3.995806911563415
COc1c(O)n2nnoc2nc1=O,1.7130103,6.5049877,18.577679,3.4828627,2.066536,595.9646,-279.88104,287.20093,3.8641935961626723
[N-]=[N+]=NN=c1c2nc(C=N[N+](=O)[O-])n(N)c2n(C=N[N+](=O)[O-])c(=O)n1C=N[N+](=O)[O-],1.7995942,7.84295,27.856401,5.0995445,3.2736099,643.217,527.207,180.42493,5.273916767780926
Nc1nc2c3c(nnn3N[N+](=O)[O-])c(N)nn2c1N,1.7295706,7.0488667,22.262947,3.8254702,2.803576,738.0892,443.78378,171.47984,3.96262113287363
O=c1nc2oc(C=N[N+](=O)[O-])cc2n[nH]1,1.7474618,6.7703905,20.44567,4.0912237,2.303568,566.8088,-21.016325,183.95494,3.977641910012708
Cc1nc2n(C3OC(n4c(=N[N+](=O)[O-])[nH]c(=O)c5c4nc([N+](=O)[O-])n5N[N+](=O)[O-])C(O)C3O)nc(C=N[N+](=O)[O-])n2n1,1.7460839,7.2262597,23.28022,4.3164225,2.7390826,639.51117,-148.5375,158.23828,5.724510190793071
Nc1nn(C=N[N+](=O)[O-])c(=O)c2[nH]nc(C=N[N+](=O)[O-])c12,1.7725968,7.325294,24.164455,4.582125,2.8581698,626.3059,228.0882,190.07391,4.511735118407879
CN=C1N(N[N+](=O)[O-])C(=C2N=NN=N2)C([N+](=O)[O-])=C(C=N[N+](=O)[O-])N1[N+](=O)[O-],1.7872707,8.279398,30.966625,6.060202,3.9988825,660.64307,620.25745,116.74011,4.9040395446626635
Nc1nc(C=N[N+](=O)[O-])nc2c1nc([N+](=O)[O-])n2N,1.7536445,7.3609033,24.29034,4.632048,3.0056534,650.9372,316.68246,185.91011,3.974926771578816
O=[N+]([O-])c1nc2nccc(O)c2[nH]1,1.636707,5.881929,14.731005,3.3080218,1.8104792,548.60516,-102.29886,291.6638,3.212705134624211
NC1=C(N[N+](=O)[O-])N=C2N(N)C(=O)CCN2C1=C1N=NN=N1,1.7007661,6.8293905,20.573652,3.7818623,2.7075067,718.1327,307.9858,162.82878,4.433127896909329
Nc1nc2nc(C=N[N+](=O)[O-])nc(N[N+](=O)[O-])n2n1,1.781549,7.686427,26.74961,4.7665515,3.1839533,670.2189,400.09073,146.76161,4.0517424346487765
CC1(O)OC(=O)c2c1c([N+](=O)[O-])nn2C=N[N+](=O)[O-],1.7039716,6.967621,21.208708,4.275998,2.549982,599.5958,-372.68317,180.47194,4.723116014443876
Cn1c(=O)n(C=N[N+](=O)[O-])c(=O)c2c1n(C=N[N+](=O)[O-])c(=O)n2C=N[N+](=O)[O-],1.7794151,7.2897043,23.9169,4.26133,2.6261134,619.9368,-210.24037,173.02652,4.831827087282206
Cn1nc(C=N[N+](=O)[O-])c2nc([N+](=O)[O-])n([N+](=O)[O-])c21,1.7219441,7.7626834,26.61601,5.7156873,3.6064022,631.4787,343.36368,145.85005,4.2605880740561695
O=[N+]([O-])N=Cc1nc2nc([N+](=O)[O-])n(C=N[N+](=O)[O-])c2c(=Nc2cccnc2)n1[N+](=O)[O-],1.7046636,7.145309,22.495605,5.0822163,2.9433222,579.8211,461.14713,133.61752,4.495198280857476
CC(=O)Nn1c(=O)c2c(nc([N+](=O)[O-])n2C=N[N+](=O)[O-])n(C=N[N+](=O)[O-])c1=O,1.7368543,7.2075725,23.005358,4.304917,2.6605272,621.3979,-225.20996,184.57086,4.453542679797799
Nc1nc2cnc(C=N[N+](=O)[O-])nc2c(=NN[N+](=O)[O-])n1C=N[N+](=O)[O-],1.7605233,7.4780307,25.09079,4.879161,3.090569,635.65704,414.25784,159.48967,4.723177918499413
O=[N+]([O-])N=CN=c1c2nc([N+](=O)[O-])n([N+](=O)[O-])c2nnn1-c1ccc([N+](=O)[O-])cc1,1.7564332,7.384006,24.491076,5.3363137,3.0465946,570.909,466.86948,141.54048,3.9390267531884726
Nn1c(=O)n(N)c2c(=NC=N[N+](=O)[O-])n(N[N+](=O)[O-])cnc21,1.7933139,7.644075,26.570782,4.701025,3.1829727,681.20734,253.4071,154.52882,4.579970032545296
Nc1nc(C=N[N+](=O)[O-])n(N)c(=NC=N[N+](=O)[O-])c1N,1.7182713,7.352604,23.869024,4.5170283,3.2113402,713.6521,292.00726,184.56886,4.722289380297098
COC1=C(C=N[N+](=O)[O-])C(=O)C(N=c2[nH]c(N)nc3c2c(N)nn3[N+](=O)[O-])=CC1=O,1.6944673,6.370131,17.851576,3.6653805,2.1515071,590.8017,-149.82593,172.54507,4.478178306242465
CSc1nn([N+](=O)[O-])c(=O)n2c(C=N[N+](=O)[O-])nc([N+](=O)[O-])c12,1.7438848,7.5861697,25.684053,5.2331295,3.1982176,612.21295,118.2702,150.78966,4.318890592645964
COc1nn2c(c(C=N[N+](=O)[O-])cn2[N+](=O)[O-])c1[N+](=O)[O-],1.7424921,7.6584826,26.112251,5.5461173,3.4073236,615.2466,132.73474,149.00932,4.290350213838762
O=[N+]([O-])NC1=NCN([N+](=O)[O-])CN1,1.7472031,8.051116,29.017765,5.262568,3.9756873,758.2294,87.2724,143.97237,4.119622167591244
Nc1cc(=O)n2[nH]cc([N+](=O)[O-])c2n1,1.6845814,6.1534843,16.429802,3.2472851,1.9428881,600.65845,-81.76773,320.16486,3.1999664156516525
O=[N+]([O-])N=Cc1cc(O)oc1O,1.726408,6.712066,19.874283,3.819518,2.224388,586.17706,-432.6919,184.40729,4.197262715253991
Cn1c(=N)c2nc([N+](=O)[O-])n([N+](=O)[O-])c2n2cnnc12,1.7186092,7.138274,22.605833,4.6537848,2.934145,631.6692,345.0568,156.34595,4.103156821032462
CN(N[N+](=O)[O-])c1ncnc(N[N+](=O)[O-])c1[N+](=O)[O-],1.7133092,7.849821,27.181515,5.5405035,3.7804427,683.9702,193.09344,124.63989,3.5762944819860563
NC(=O)CC(=O)NN1C([N+](=O)[O-])=C(C=N[N+](=O)[O-])C(=C2N=NN=N2)C(N[N+](=O)[O-])=C1[N+](=O)[O-],1.7669785,7.6599727,26.32446,4.9523067,3.160512,640.90735,130.12717,141.57198,4.6632774090344835
O=[N+]([O-])c1nc2c(ncc3c[nH]nc32)[nH]1,1.6787322,6.0561147,15.994506,3.5124998,1.9763415,564.2154,224.41107,291.638,3.6576214908969398
O=[N+]([O-])n1ncc2[nH]cnc21,1.710121,6.9953413,21.647781,4.5827303,2.8452613,623.36633,253.58633,143.15837,3.7632236613592642
Cc1nnn2c(C=N[N+](=O)[O-])c3nc([N+](=O)[O-])n([N+](=O)[O-])c3nc12,1.7302475,7.468752,24.781626,5.3208833,3.2050943,603.46814,474.50833,120.72829,4.215010082096527
O=[N+]([O-])N=Cc1cnc2cc([N+](=O)[O-])nn2c1C=N[N+](=O)[O-],1.7419232,7.3992343,24.38909,5.3967605,3.1342883,581.6873,387.7344,170.31201,4.238478741802142
Cc1nc2c(cc(O)n2[N+](=O)[O-])nc1[N+](=O)[O-],1.6921312,6.7895904,20.243103,4.446221,2.5923123,584.752,-43.94018,163.28572,3.6166542741482486
Cc1c(N)c2nnc([N+](=O)[O-])n2c(=O)n1N,1.6399065,6.5193515,18.195807,3.6876261,2.523992,685.6905,55.9782,266.88977,3.582568255568111
COc1ccc(C(=O)O)c(NC(=O)N=c2[nH]c3c(nc(C=N[N+](=O)[O-])n3[N+](=O)[O-])c(=O)n2O)c1,1.668345,6.175528,16.576868,3.365143,1.9214242,575.5454,-603.74567,176.22243,3.945159854964823
Nc1cnn2c([N+](=O)[O-])nnc2c1,1.6617497,6.7034845,19.403698,4.420964,2.76391,626.67725,337.63925,287.91754,3.1876359038549804
N=c1nc(N)nc(N)n1C=N[N+](=O)[O-],1.6951869,6.7505546,20.006044,3.1020393,2.3898225,775.5556,73.49188,203.34555,4.25898328839484
O=c1c(=C2N=NN=N2)c(=CC=N[N+](=O)[O-])ccn1[N+](=O)[O-],1.7447997,7.2061057,23.237297,5.089515,2.941184,578.54987,404.61258,157.72748,4.716340437408297
Nc1nnc(CC=N[N+](=O)[O-])n2nc([N+](=O)[O-])nc12,1.7041616,7.3597775,23.788334,4.9123077,3.2210429,655.99567,403.45187,183.16344,3.9677308961872386
Nc1c([N+](=O)[O-])cc(N)n2nnnc12,1.7122763,6.8891935,20.80328,4.0376487,2.731462,679.8438,291.57016,316.22464,3.1635218812386974
NC(=O)c1oc(O)nc(=O)c1O,1.7356582,5.6218743,14.103987,1.8227646,1.0253205,572.86487,-821.62866,296.21118,3.258207070092702
Nc1nonc1C=N[N+](=O)[O-],1.706326,7.8387384,26.945227,5.7393575,3.8792467,677.3114,293.23114,182.26212,4.106841874758769
Nc1nc(N)c([N+](=O)[O-])c(N)n1,1.7095367,6.5121484,18.656898,2.7305353,2.11027,775.70776,-50.90949,331.2153,2.601747516742824
O=[N+]([O-])N=Cn1c(O)c(N=c2oc(O)c(O)o2)c2ccc([N+](=O)[O-])cc21,1.7159866,6.309476,17.541836,3.5891619,1.9011897,533.34015,-574.296,200.16522,4.1612736931473
Cc1nc2nc3c([N+](=O)[O-])nn(N)c3nc2c(C=N[N+](=O)[O-])c1[N+](=O)[O-],1.740968,7.145831,22.78002,4.8682065,2.8719704,590.5771,378.19998,196.67902,4.070832566386738
C[N+]1=C(N)C2(N[N+](=O)[O-])CNC2([N+](=O)[O-])C1=O,1.6765436,7.0841503,21.827147,4.4395914,3.0957341,699.68884,-137.45789,155.5279,5.549966990473376
C=C[N+](=O)N=Cc1nc([N+](=O)[O-])c(N)c2c1c(C=N[N+](=O)[O-])nc1nn(N)n12,1.6704539,6.8353553,20.312477,4.6309247,2.8821166,622.4026,464.121,188.41917,4.93769033818493
O=c1n(C=N[N+](=O)[O-])c2c(n1[N+](=O)[O-])=NC1=NN(c3ccc([N+](=O)[O-])cc3[N+](=O)[O-])N=C(c3ccccc3[N+](=O)[O-])C1N=2,1.7150946,6.763226,20.281797,4.6643867,2.5086105,539.94806,267.57324,172.03185,4.776655913568568
Nc1nc(C=N[N+](=O)[O-])c(C=N[N+](=O)[O-])nc1C=N[N+](=O)[O-],1.7356691,7.534097,25.229565,5.222939,3.277833,628.3299,334.15326,167.10704,4.723571075570068
Nn1nc(Oc2c([N+](=O)[O-])c(C=N[N+](=O)[O-])nn3cccc23)c2nc(=O)n(N[N+](=O)[O-])c(=O)nc21,1.7411096,7.025034,21.980118,4.508364,2.5812135,575.564,138.6979,170.40096,4.427490505097021
Cn1nc([N+](=O)[O-])nc1N[N+](=O)[O-],1.6796277,7.8809047,27.067705,5.5026307,3.9118073,711.998,158.18408,129.85071,3.4627053608685543
O=[N+]([O-])N1CNC=Nc2nonc21,1.7320393,7.6637063,26.270021,5.5070596,3.6463351,664.1989,361.72275,114.08351,4.49224141321049
Nc1n[nH]c(-c2oncc2C(O)=NO)c1C=Nn1c(=O)n(C=N[N+](=O)[O-])c2c(=O)n(N)c([N+](=O)[O-])nc21,1.7606639,6.9042315,21.401203,4.044235,2.4128644,599.5551,10.640887,198.83133,4.6168374625176405
Nc1cc([N+](=O)[O-])c2ncnnc2c1[N+](=O)[O-],1.7542672,6.9932647,21.912209,4.741702,2.6856737,567.6935,259.65414,261.94238,3.181829458094737
[N-]=[N+]=Nc1nn[nH]n1,1.7146828,8.100565,29.25061,5.48062,4.1475534,752.2346,638.75024,251.42966,3.9030133470373274
Nn1nnc2c([N+](=O)[O-])nn(C3OC(CO)C(O)C3O)c21,1.679786,6.6635146,19.254984,3.6170852,2.4944122,691.2428,-397.40067,307.60992,4.5678409543711105
Nc1nncn1N[N+](=O)[O-],1.6898912,7.833253,26.866314,5.1161504,3.9406874,771.5675,289.27634,155.76929,3.82922321282936
O=[N+]([O-])c1cnnnc1OC1COc2c([N+](=O)[O-])ncn2C1,1.6825999,6.7772865,19.944305,4.4635677,2.6446667,593.29126,3.7403896,276.4078,4.169246031083784
O=c1c([N+](=O)[O-])c(C=N[N+](=O)[O-])nc2ccon12,1.7530086,7.223998,23.269451,5.099631,2.790192,548.912,62.493732,191.57318,4.196310559429905
Nc1nc2cc3c(=O)n([N+](=O)[O-])c(N)nc3cc2[nH]1,1.6638497,5.700059,14.1791115,2.657461,1.6049081,603.6807,-59.56325,200.58635,3.2097445056546947
CCOC(=O)N=C[N+](=O)N=CN=c1[nH]c(=O)n([N+](=O)[O-])c2c([N+](=O)[O-])n[nH]c12,1.6548735,6.7929444,19.906681,4.0703273,2.5741942,635.7683,-232.43083,148.95876,4.664711593245659
N=c1nc2nc(C=N[N+](=O)[O-])n(C=N[N+](=O)[O-])c2c(C=N[N+](=O)[O-])[nH]1,1.7702671,7.4714007,25.131863,4.843048,3.0113401,624.5892,343.31302,171.21248,5.003640150203792
CC(Nc1nc2nnc([N+](=O)[O-])n2nc1[N+](=O)[O-])C(N)=O,1.6531024,6.896749,20.337944,4.1965885,2.764857,660.3022,86.97943,274.9433,3.9185532847581213
CC(=O)N=Cc1c([N+](=O)[O-])nn(N)c1-c1n[nH]c2c(O)n([N+](=O)[O-])c(N)c12,1.6795152,6.5231633,18.524136,3.8099816,2.3590724,621.27844,-53.329357,219.00848,4.277647115684175
O=[N+]([O-])N1CCN=C1C1([N+](=O)[O-])CC([N+](=O)[O-])([N+](=O)[O-])CC1=C1N=NN=N1,1.7485266,7.745012,26.867062,5.5493984,3.6040592,650.06946,328.31433,117.29619,5.082229032757381
Nc1ccn2nnnc2c1[N+](=O)[O-],1.6927576,6.798575,20.099276,4.4643016,2.772311,623.20886,333.518,313.04404,3.178347442316519
O=[N+]([O-])OCn1ccnc1[N+](=O)[O-],1.672706,7.5990276,25.086704,5.4828835,3.5647824,651.4719,-29.373411,134.5638,3.2591232664923417
CN(C(=O)ON=C(N)N[N+](=O)[O-])[N+](=O)[O-],1.697235,7.947586,27.660414,5.035166,3.735338,744.1664,-198.24992,148.0914,3.7767395965367108
Nn1c(C=N[N+](=O)[O-])nc2ncc([N+](=O)[O-])cc2c1=O,1.724981,6.856498,20.842567,4.437652,2.5591228,578.50336,124.43863,175.47263,3.5244747697504115
Nc1nc(N[N+](=O)[O-])oc1N,1.7479666,7.3003826,23.852533,3.9161959,2.843723,729.95593,-83.51875,171.61224,3.866674606854259
CC(=O)n1nc2n(c1=O)C(N[N+](=O)[O-])=C([N+](=O)[O-])C1=NC(=NN)C(N)([N+](=O)[O-])C1=N2,1.7446207,7.238657,23.375027,4.405285,2.7910466,637.9574,36.747852,135.479,5.034717902099613
COc1cc2nn[nH]c2c([N+](=O)[O-])c1O,1.6232847,6.109092,15.736804,3.6973329,2.1434817,580.9233,-169.13176,314.6894,3.0894250512617027
Cc1c([N+](=O)[O-])c([N+](=O)[O-])nn1C=N[N+](=O)[O-],1.7006524,7.8553863,26.981962,5.9385095,3.8080564,641.94434,181.87476,187.44919,3.8420522461762205
