smiles,predict_density,predict_DetoD,predict_DetoP,predict_DetoQ,predict_DetoT,predict_DetoV,predict_HOF_S,predict_BDE,SA_calculated
O=c1nc2n3c(=O)n([N+](=O)[O-])c(=O)n3n-2c([N+](=O)[O-])c(N[N+](=O)[O-])n1[N+](=O)[O-],1.9624584,8.667907,35.6701,5.356295,3.3343556,622.13,-75.46459,137.4167,4.428442950352862
O=c1c2[nH]c3c([N+](=O)[O-])c([N+](=O)[O-])oc3c2n([N+](=O)[O-])c(=O)n1[N+](=O)[O-],1.9627502,8.322408,33.03607,5.331562,3.0119503,561.6227,-218.90054,147.1772,4.09828989670348
Nc1c([N+](=O)[O-])nc2n([N+](=O)[O-])c(=O)[nH]c([N+](=O)[O-])c1-2,1.931203,8.089403,31.00055,4.8611403,2.9707844,613.0622,-59.379436,149.39809,3.916098931486111
O=[N+]([O-])c1nc2c3c(c1[N+](=O)[O-])C=N[N+]([O-])([O-])C=3N([N+](=O)[O-])N([N+](=O)[O-])C=2,1.8869251,8.4123335,32.938404,6.2392793,3.6312318,578.87164,336.94968,124.36456,4.882194434210719
O=[N+]([O-])N=c1[nH]c([N+](=O)[O-])nc2oc([N+](=O)[O-])nc12,1.9159871,8.370497,32.848698,5.4218893,3.2599692,600.58954,95.28833,181.58804,4.283972925424969
O=[N+]([O-])c1nnc2c([N+](=O)[O-])c([N+](=O)[O-])c3[nH]nnn3c1-2,1.9045833,8.387106,32.963146,6.0130715,3.5431333,587.931,557.3873,234.98413,3.8517496933066635
O=[N+]([O-])c1nc2c([N+](=O)[O-])n3nc([N+](=O)[O-])n([N+](=O)[O-])c3c([N+](=O)[O-])c-2c1[N+](=O)[O-],1.9442925,8.807743,36.691383,6.4141865,3.7243109,576.6441,334.25122,119.08383,4.081288233921622
O=c1c2nnn([N+](=O)[O-])c2n([N+](=O)[O-])c(=O)n1[N+](=O)[O-],1.9744451,8.94716,37.96481,5.8857517,3.647124,618.6446,118.07483,117.58211,4.183076742137
O=c1[nH]c2nc3c([N+](=O)[O-])nc4n[nH]c([N+](=O)[O-])c4c3nc2c(=O)n1[N+](=O)[O-],1.8878797,7.4560556,26.192663,4.385612,2.4200003,552.8694,58.963764,174.01613,3.9928852774561854
O=c1c2nc([N+](=O)[O-])nc([N+](=O)[O-])c2c([N+](=O)[O-])c2nc3nc4[nH]nnc4cc3c-2n1[N+](=O)[O-],1.8218098,7.3675127,24.986128,4.903486,2.6326237,537.3591,367.5242,142.37161,4.198112109792744
O=c1nc([N+](=O)[O-])[nH]c2nc([N+](=O)[O-])c([N+](=O)[O-])nc12,1.887145,7.886867,29.027525,4.928319,2.813735,571.7664,20.401278,214.56119,3.5101918476410745
O=c1[nH]c2c([nH]1)n([N+](=O)[O-])c(=O)n2[N+](=O)[O-],1.9587928,8.1714735,31.762152,4.4258003,2.7966597,635.42334,-220.71518,163.98526,3.9632649588648157
O=c1[nH]c(=O)n([N+](=O)[O-])c2nc([N+](=O)[O-])c([N+](=O)[O-])nc12,1.9398088,8.087561,30.960543,4.8090816,2.8051124,584.1805,-127.045456,142.2982,3.6768805435090925
O=c1[nH]c([N+](=O)[O-])nc2c([N+](=O)[O-])n([N+](=O)[O-])nc12,1.9217863,8.356121,32.804943,5.4064927,3.2293406,598.13745,76.421616,140.03952,3.843854789678364
O=[N+]([O-])c1nc2c([N+](=O)[O-])c([N+](=O)[O-])c3c4n[nH]nc4c([N+](=O)[O-])nc3c2o1,1.8925171,7.8117037,28.564093,5.3401604,2.8392456,529.352,264.00555,224.0178,4.029482848306387
O=c1[nH][nH]c([N+](=O)[O-])c2c([N+](=O)[O-])c([N+](=O)[O-])nc1-2,1.8867396,8.064966,30.31251,5.4256425,3.1337464,578.40796,53.71607,235.08777,3.6456609435245184
O=c1[nH]c2c([N+](=O)[O-])c([N+](=O)[O-])c([N+](=O)[O-])c-2nn1[N+](=O)[O-],1.9824362,8.691088,36.04295,5.7653856,3.3998137,587.93396,38.828938,171.39618,3.689001899696878
O=[N+]([O-])c1nc2[nH]c([N+](=O)[O-])c([N+](=O)[O-])c2o1,1.9085722,8.323106,32.400925,5.604075,3.2357004,576.6042,-25.793547,260.39236,3.9203927356867103
O=c1[nH]c([N+](=O)[O-])nc2nc([N+](=O)[O-])c([N+](=O)[O-])nc12,1.9018438,7.9151287,29.341877,4.899753,2.7928221,570.7182,19.03647,216.50261,3.5947631103406392
O=c1nc([N+](=O)[O-])nc2nc([N+](=O)[O-])[nH]n12,1.8925216,7.971821,29.665756,4.649367,2.8479328,615.08716,48.25942,255.64027,3.7578085826828573
O=[N+]([O-])c1nn([N+](=O)[O-])c2c3c([N+](=O)[O-])n([N+](=O)[O-])nnc-3c([N+](=O)[O-])c12,1.9364471,8.817739,36.66702,6.5417953,3.8342235,582.61536,480.93143,119.04433,4.183369298782766
O=c1nc([N+](=O)[O-])[nH]c2c([N+](=O)[O-])c([N+](=O)[O-])nn12,1.9268018,8.311156,32.385582,5.2299356,3.1218069,598.4036,38.245,243.84966,3.6837295589091337
O=c1[nH]nc([N+](=O)[O-])c2c([N+](=O)[O-])c3c([N+](=O)[O-])nn([N+](=O)[O-])c3nc12,1.9234364,8.242855,32.013397,5.5463634,3.156596,568.31824,216.20166,142.14342,3.8529197904670056
O=c1nc([N+](=O)[O-])[nH]c2nc3c([N+](=O)[O-])nc([N+](=O)[O-])c([N+](=O)[O-])c3nc12,1.8929467,7.784647,28.351984,4.973874,2.7192729,546.9935,96.97815,218.82724,3.7052336541457134
O=c1c([N+](=O)[O-])c([N+](=O)[O-])nc2nc([N+](=O)[O-])[nH]n12,1.9258924,8.320606,32.55643,5.2964587,3.1542332,595.70624,53.55138,222.71187,3.6059612512168258
O=[N+]([O-])c1nc2c(nc([N+](=O)[O-])c3[nH]nc([N+](=O)[O-])c32)o1,1.8922491,7.882311,29.003712,5.192923,2.8630574,550.7444,136.4972,261.85532,3.938586940270227
O=[N+]([O-])c1nc2c(o1)c([N+](=O)[O-])nc1c([N+](=O)[O-])n[nH]c12,1.8861458,7.8756537,28.934006,5.213714,2.875991,550.113,144.30756,266.99847,3.9988444301487682
O=[N+]([O-])c1c([N+](=O)[O-])c2[nH]nnn2c1[N+](=O)[O-],1.9311072,8.894708,37.08122,6.4465785,3.9946434,619.06836,377.30783,253.22096,3.693211197225171
O=[N+]([O-])c1nc2c(nnc3c([N+](=O)[O-])[nH]c([N+](=O)[O-])c32)c2n[nH]nc12,1.8685747,7.645303,27.26706,5.180102,2.8584824,551.8619,517.4055,251.02043,3.975172306410755
O=c1nc2[nH]nc([N+](=O)[O-])n2c2nc3c(cc12)c(=O)n([N+](=O)[O-])n3[N+](=O)[O-],1.8635193,7.5568967,26.460897,4.674327,2.6121309,561.76465,82.458374,138.11421,3.951317110415471
O=c1[nH]c2c(nc1[N+](=O)[O-])nc([N+](=O)[O-])c1nnn([N+](=O)[O-])c12,1.9192107,8.06556,30.768818,5.1844125,2.9826393,574.9017,245.50531,143.02652,3.9385985819068363
O=c1[nH]c(=O)n([N+](=O)[O-])c2nc([N+](=O)[O-])c3oc([N+](=O)[O-])nc3c12,1.9271771,7.751544,28.43419,4.5279527,2.4987798,553.0095,-237.97942,139.72672,3.9782477078361715
O=[N+]([O-])c1nc2c(o1)c([N+](=O)[O-])nc1n[nH]c([N+](=O)[O-])c12,1.8844769,7.8624544,28.82732,5.221731,2.872802,549.68604,147.5622,261.68814,4.006297061727716
O=c1[nH]c([N+](=O)[O-])nc2c1c(=N[N+](=O)[O-])[nH]n2[N+](=O)[O-],1.9275905,8.360317,32.876736,5.18513,3.2309766,625.82074,56.854343,136.96158,4.260015940529319
O=c1[nH]c2nc([N+](=O)[O-])c3c([N+](=O)[O-])[nH]nc3c2c(=O)n1[N+](=O)[O-],1.9140463,7.710947,28.05736,4.529057,2.5723407,569.3505,-94.254196,172.94856,3.9395801597592497
O=[N+]([O-])c1nc2n[nH]c([N+](=O)[O-])c2c2c1nnn2[N+](=O)[O-],1.898108,8.298066,32.31682,5.808889,3.4305637,589.74164,494.67093,120.86868,4.030918924075895
O=c1c2c([N+](=O)[O-])c([N+](=O)[O-])[nH]c2nc([N+](=O)[O-])n1[N+](=O)[O-],1.9349853,8.49383,34.059532,5.632873,3.3221178,588.1768,-11.546124,142.4972,3.8501371223689427
O=c1c2c(c([N+](=O)[O-])cc3nc4c([N+](=O)[O-])oc([N+](=O)[O-])c4c(=O)n32)n([N+](=O)[O-])c(=O)n1[N+](=O)[O-],1.9065869,7.902513,29.320286,5.1543374,2.764391,534.5765,-229.82146,129.15933,4.268885133023442
O=c1[nH]c2[nH]c(=O)n([N+](=O)[O-])c(=O)c2nc1[N+](=O)[O-],1.9257451,7.569166,27.136736,3.941317,2.2933497,583.72473,-333.55408,178.64676,3.8071846358322095
C[N+]1=C=[N+]2NC(C=N[N+](=O)[O-])n3c(c([N+](=O)[O-])c4c([N+](=O)[O-])c([N+](=O)[O-])c([N+](=O)[O-])c([N+](=O)[O-])c43)N2C[N+]1([O-])[N+](=O)[O-],1.8161849,8.203636,30.662306,6.088453,3.7319305,612.4815,291.32803,185.08244,5.818676500672816
O=c1nc([N+](=O)[O-])[nH]c2nc([N+](=O)[O-])c3oc([N+](=O)[O-])nc3c12,1.8816305,7.5252523,26.39675,4.5552254,2.4482248,538.647,-107.1259,255.32655,3.9339936191276808
O=c1[nH]c2c(nc([N+](=O)[O-])n2[N+](=O)[O-])n1[N+](=O)[O-],1.977451,8.7639,36.545692,5.461097,3.4335477,629.2714,21.280046,142.416,4.06739709538635
O=[N+]([O-])c1cn([N+](=O)[O-])c2c(c([N+](=O)[O-])nc3nn[nH]c32)c2oc1=2,1.8071221,7.5089803,25.74932,5.22186,2.8820972,550.1409,272.16934,153.40604,4.325317419374635
O=[N+]([O-])c1cc2c([N+](=O)[O-])[nH]c3nn([N+](=O)[O-])nc3c-2n1,1.8554971,7.8148484,28.276896,5.3821845,3.0778306,571.7324,334.80667,153.72061,4.0402784382459345
O=[N+]([O-])Nc1c([N+](=O)[O-])c([N+](=O)[O-])c2nc3c4nn[nH]c4nc-3n([N+](=O)[O-])c2c1[N+](=O)[O-],1.8803442,8.142325,30.952127,5.6908994,3.287547,575.8663,460.801,126.37732,4.172764425759086
O=[N+]([O-])c1cc2nc3nc([N+](=O)[O-])c4[nH]nc([N+](=O)[O-])c4c3nc([N+](=O)[O-])c-2n1,1.8316144,7.457937,25.576809,5.0834756,2.7148485,534.23047,377.25064,239.85133,3.8941856615407
O=c1[nH]c(=O)n2c([N+](=O)[O-])c([N+](=O)[O-])nc2n1[N+](=O)[O-],1.9582995,8.324068,32.87682,4.8495383,2.9436162,608.7379,-181.61946,153.28111,3.763189464030491
O=c1c2c([N+](=O)[O-])[nH]cc2nc([N+](=O)[O-])n1[N+](=O)[O-],1.8745162,7.963571,29.525951,5.2694435,3.0492978,578.58466,-0.89715326,139.251,3.997272943524517
O=[N+]([O-])c1[nH]c2nc3n[nH]c([N+](=O)[O-])c3c(O)c2c1[N+](=O)[O-],1.8641835,7.5096216,26.129374,4.6654787,2.612501,561.4209,-26.878614,262.7458,3.7610685983862355
O=[N+]([O-])c1c([N+](=O)[O-])c2c(c([N+](=O)[O-])nn2[N+](=O)[O-])c2[nH]nnc12,1.9104064,8.453831,33.557785,6.0699143,3.5480497,581.8267,429.4611,126.987045,3.993104198220788
O=c1nc([N+](=O)[O-])[nH]c2c1nc([N+](=O)[O-])n2[N+](=O)[O-],1.9004135,8.263571,31.925714,5.300311,3.1805708,600.65454,51.7067,140.05527,3.795227097370671
O=c1[nH]c2nc([N+](=O)[O-])c([N+](=O)[O-])n2c(=O)n1[N+](=O)[O-],1.949659,8.326086,32.803913,4.8878255,2.9719195,609.04535,-174.70576,172.59021,3.836121416693212
O=c1[nH]c2[nH]c([N+](=O)[O-])c([N+](=O)[O-])c2c(=O)n1[N+](=O)[O-],1.9433477,8.059798,30.734417,4.693625,2.7675214,591.3437,-257.23886,183.89485,3.844556919651792
O=c1c2c([N+](=O)[O-])c([N+](=O)[O-])c3nnnn3c2n([N+](=O)[O-])c(=O)n1[N+](=O)[O-],1.9693403,8.642963,35.516758,5.744028,3.380948,586.4821,216.3971,136.46835,3.9294990929322795
O=[N+]([O-])c1nnc2c([N+](=O)[O-])c([N+](=O)[O-])c([N+](=O)[O-])n([N+](=O)[O-])c1-2,1.9493533,9.034972,38.557377,6.7863607,4.0236263,586.7843,361.00333,111.904495,3.756484665032202
O=c1nc([N+](=O)[O-])n([N+](=O)[O-])c2[nH]c([N+](=O)[O-])nc12,1.9061866,8.281127,32.10567,5.288728,3.174973,601.369,44.39098,126.30118,3.795227097370671
O=c1[nH]c2c([N+](=O)[O-])c([N+](=O)[O-])[nH]c2nc1[N+](=O)[O-],1.932879,7.9904037,30.095366,4.8528404,2.7973745,578.57434,-97.806984,253.74179,3.560939097370671
O=c1[nH]c2c(=O)[nH]c([N+](=O)[O-])nc2nc1[N+](=O)[O-],1.8967291,7.3615513,25.382347,3.9507794,2.2319722,568.06696,-209.1105,242.50171,3.5188586952226846
O=c1nc([N+](=O)[O-])nc2[nH]c([N+](=O)[O-])c([N+](=O)[O-])n12,1.9231049,8.19057,31.471247,4.981086,2.965001,597.11926,-36.760082,242.89183,3.7710018666014395
O=[N+]([O-])c1nnc2nc([N+](=O)[O-])c3[nH]nc([N+](=O)[O-])c3c2n1,1.8836669,7.961999,29.629753,5.4214153,3.0758562,565.9113,460.2767,246.09998,3.8496741264175256
O=[N+]([O-])c1nc2[nH]c([N+](=O)[O-])c([N+](=O)[O-])n2n1,1.9325475,8.700881,35.56915,5.847976,3.6314616,621.7732,227.48538,252.55588,3.82519273568671
O=[N+]([O-])c1nnc2nc3c([N+](=O)[O-])c([N+](=O)[O-])c4c([N+](=O)[O-])coc4n3nc1-2,1.887592,7.8872695,29.04935,5.5849056,2.9786577,530.10175,353.60428,223.0297,3.8558283948650915
O=c1nc([N+](=O)[O-])[nH]c2c([N+](=O)[O-])nc3c([nH]c(=O)n3[N+](=O)[O-])c12,1.9104364,7.6346226,27.540451,4.3853846,2.4845953,568.6703,-140.81631,151.97679,3.9547633328361727
O=c1[nH]c(=O)n2c([N+](=O)[O-])c([N+](=O)[O-])nc2[nH]1,1.8792396,7.443765,25.620478,3.8266778,2.275515,600.69006,-286.82263,251.77069,3.4616173510713253
O=c1c2nc3[nH]c(=O)n4nc([N+](=O)[O-])nc4c3nc2n([N+](=O)[O-])c(=O)n1[N+](=O)[O-],1.9262031,7.7963476,28.859644,4.5039377,2.562285,571.0731,2.7629879,141.09412,4.06940930021945
N=c1c2c([N+](=O)[O-])nc([N+](=O)[O-])nc2n([N+](=O)[O-])c2c1c(=O)[nH]c(=O)n2[N+](=O)[O-],1.9069963,7.8897467,29.208181,4.7810917,2.7716582,581.57007,-77.22143,130.4563,4.186605407351185
O=c1[nH]c2nc([N+](=O)[O-])c([N+](=O)[O-])nc2n1[N+](=O)[O-],1.9360363,8.34127,32.893528,5.1983805,3.1198962,601.22455,29.155321,147.69014,3.7506452512168256
O=c1[nH][nH]c2c(=O)n([N+](=O)[O-])c3nc([N+](=O)[O-])c([N+](=O)[O-])n3c12,1.9214991,8.065096,30.715427,5.0333524,2.9465563,585.63525,-5.5838294,157.70483,4.001291601473204
O=[N+]([O-])c1[nH]nc2nc([N+](=O)[O-])c3c(nc([N+](=O)[O-])n3[N+](=O)[O-])c12,1.904498,8.312042,32.456573,5.755339,3.3462918,579.7121,341.3419,123.339935,4.019137130913095
O=[N+]([O-])c1[nH]c(O)c2nc([N+](=O)[O-])c3c(nnn3[N+](=O)[O-])c12,1.8974683,7.970194,29.793999,5.1898518,2.9974585,578.9301,163.34387,128.81566,4.139415925635257
O=c1[nH]c2c(=O)[nH]nc([N+](=O)[O-])c2c([N+](=O)[O-])c1[N+](=O)[O-],1.9228902,7.8575683,29.005505,4.8153105,2.70373,563.5147,-157.56746,213.94786,3.223703480572029
O=[N+]([O-])c1c2c3c([N+](=O)[O-])n[nH]c3[nH]nc-2c2c1nnn2[N+](=O)[O-],1.8811436,7.956178,29.6955,5.5477557,3.1950903,575.0613,540.17004,151.59067,4.153516020773235
O=[N+]([O-])c1cc([N+](=O)[O-])c2c(n1)c1c([N+](=O)[O-])c([N+](=O)[O-])[nH]c1c1nnnn12,1.8552806,7.7087536,27.421148,5.3197865,2.9159205,548.2,421.44064,238.05766,3.793675560856995
O=c1c2c([N+](=O)[O-])c([N+](=O)[O-])[nH]c2n([N+](=O)[O-])c(=O)n1[N+](=O)[O-],1.9839048,8.654068,35.73495,5.50056,3.2738292,593.3668,-156.58249,154.7297,4.044726474407993
O=[N+]([O-])c1nc2[nH]nc([N+](=O)[O-])c2c([N+](=O)[O-])c1[N+](=O)[O-],1.9014674,8.447548,33.304962,5.970877,3.4771123,581.3064,204.1907,212.66135,3.417456487565037
O=[N+]([O-])c1nc([N+](=O)[O-])c2n[nH]c([N+](=O)[O-])c2c1[N+](=O)[O-],1.9296368,8.544242,34.415424,6.056846,3.5175447,578.6278,231.2742,217.32602,3.646889774278323
O=c1[nH]c2c(c(=O)n([N+](=O)[O-])c(=O)n2[N+](=O)[O-])c2c1cnn2[N+](=O)[O-],1.9072634,7.8043904,28.556858,4.714384,2.6800067,569.94226,-166.81516,135.51466,4.102712075337481
O=[N+]([O-])c1noc2c([N+](=O)[O-])n[nH]c12,1.8736404,8.407557,32.762478,6.112208,3.624313,591.0582,221.42807,284.19452,3.5744538650443642
O=[N+]([O-])c1nc([N+](=O)[O-])c2c([N+](=O)[O-])c3c([N+](=O)[O-])nn([N+](=O)[O-])c3nc2n1,1.932028,8.488513,34.037918,5.9078026,3.386521,571.009,340.65213,138.1878,3.962904218259336
O=c1c2c(cnn2[N+](=O)[O-])n([N+](=O)[O-])c(=O)n1[N+](=O)[O-],1.9405675,8.560436,34.54208,5.646522,3.403812,601.32733,10.751666,130.00783,4.155067570539367
O=c1c2cc([N+](=O)[O-])[nH]c2nc([N+](=O)[O-])n1[N+](=O)[O-],1.8624637,7.8795476,28.733406,5.137746,2.9644256,577.821,-32.769283,138.03667,3.788910481986056
O=[N+]([O-])Nc1c([N+](=O)[O-])c([N+](=O)[O-])c([N+](=O)[O-])c2c([N+](=O)[O-])n3nnnc3c([N+](=O)[O-])c12,1.9395081,8.690244,35.634483,6.2926917,3.6780055,581.2288,417.44333,128.24666,3.796197456681651
O=c1[nH]c(=O)n2nc([N+](=O)[O-])nc2[nH]1,1.8576546,7.082713,23.125593,3.197635,1.979016,623.8562,-220.23099,273.61243,3.542134026987684
O=[N+]([O-])c1noc2c1[nH]c1c([N+](=O)[O-])nn([N+](=O)[O-])c12,1.9095486,8.444641,33.520657,6.077743,3.5351512,578.0076,282.3778,142.65884,4.026464513340155
N=c1[nH]c(=N[N+](=O)[O-])n([N+](=O)[O-])c2nc([N+](=O)[O-])c([N+](=O)[O-])nc12,1.9097365,8.489504,33.7899,5.6678514,3.5185754,621.2091,296.89825,129.82504,4.39968994684716
O=c1c([N+](=O)[O-])c([N+](=O)[O-])n2c([n+]1[O-])N=N2,1.9469801,8.752145,36.09826,6.1724734,3.6645515,592.4958,264.91064,227.16476,4.18871990391976
O=[N+]([O-])c1nc([N+](=O)[O-])c2[nH]c([N+](=O)[O-])c([N+](=O)[O-])c2n1,1.9248492,8.412341,33.29116,5.743251,3.3255634,577.43207,140.21509,248.27484,3.731177606446156
O=[N+]([O-])c1[nH]c2nc([N+](=O)[O-])c3nnn([N+](=O)[O-])c3c2c1[N+](=O)[O-],1.9127471,8.376335,33.003162,5.838184,3.3984978,581.27527,357.17575,119.92021,4.004587852066941
O=[N+]([O-])c1[nH]c2c([N+](=O)[O-])noc2c1[N+](=O)[O-],1.9214889,8.597564,34.651005,6.24421,3.6110528,575.7535,124.512634,261.75433,3.6922450433790175
O=C1c2c(nc(O)c3n[nH]c([N+](=O)[O-])c23)-c2nc([N+](=O)[O-])nn21,1.8445214,7.054277,22.93307,4.0982995,2.188917,535.9294,9.772372,271.64697,3.9409419707760307
O=c1c([N+](=O)[O-])nn([N+](=O)[O-])c2nc3c([N+](=O)[O-])n[nH]c3c([N+](=O)[O-])c12,1.9201772,8.253668,32.211052,5.61203,3.1932778,567.58466,225.64236,124.62915,3.9287565797646637
Nc1c([N+](=O)[O-])nc2[nH]c([N+](=O)[O-])c([N+](=O)[O-])c2c1[N+](=O)[O-],1.8975623,8.100531,30.645773,5.3430166,3.139388,588.47577,39.385334,242.76567,3.5608035191300758
O=[N+]([O-])c1nn2c([N+](=O)[O-])c([N+](=O)[O-])n3nnnc3c2c1[N+](=O)[O-],1.9445258,8.794731,36.46673,6.3907247,3.774081,587.9452,565.35583,223.51706,3.7178275155284792
Nc1c([N+](=O)[O-])c([N+](=O)[O-])c2[nH]c(=O)n([N+](=O)[O-])c(=O)n12,1.9545047,8.067618,30.966625,4.4968143,2.7607875,616.0969,-275.70563,181.89902,3.7522461845347337
O=c1c2nc([N+](=O)[O-])c([N+](=O)[O-])nc2n([N+](=O)[O-])c(=O)n1[N+](=O)[O-],1.9776059,8.668376,35.88142,5.606143,3.3011975,585.9889,-17.117552,129.95119,3.941536277935427
O=c1c2c([N+](=O)[O-])c3cc([N+](=O)[O-])c([N+](=O)[O-])nc3nc2n([N+](=O)[O-])c(=O)n1[N+](=O)[O-],1.9235289,8.112597,31.050617,5.351151,2.9588819,551.2159,-46.23009,138.3587,3.9367703702690644
O=c1[nH]c(=O)c2c(=O)c3c([N+](=O)[O-])[nH]n([N+](=O)[O-])c-3nc2[nH]1,1.8669136,7.07553,23.333464,3.6767352,2.0691445,568.00684,-318.5146,160.80151,3.783658950407096
O=c1nc2nc([N+](=O)[O-])[nH]c(=N[N+](=O)[O-])c2nn1[N+](=O)[O-],1.9462504,8.484251,34.09501,5.348335,3.2930186,616.3165,206.68924,146.87914,4.257507631421181
O=c1[nH]c2n[nH]nc2c(=O)n1[N+](=O)[O-],1.8822055,7.5914097,26.975712,4.074022,2.5317576,624.1609,-52.1152,164.73233,3.8043911120079272
Nn1c(=O)[nH]c2c([N+](=O)[O-])n([N+](=O)[O-])nc2c1=O,1.896992,7.9398584,29.453207,4.649487,2.8980565,627.1331,-86.47855,147.44043,3.803887111752962
O=c1c2c([N+](=O)[O-])c3c([N+](=O)[O-])cc([N+](=O)[O-])nc3nc2n([N+](=O)[O-])c(=O)n1[N+](=O)[O-],1.9206591,8.09403,30.909449,5.3272634,2.947741,552.1741,-48.150967,140.94635,3.9488541309528244
O=[N+]([O-])c1cn2c([N+](=O)[O-])nc-2c2nc([N+](=O)[O-])oc2n1,1.849056,7.7382584,27.6109,5.154368,2.849481,551.4903,126.07385,259.79666,3.924405563752007
O=C1N2C3C(N2[N+](=O)[O-])C2([N+](=O)[O-])C1([N+](=O)[O-])[N+]([O-])(CCO[N+](=O)[O-])C32[N+](=O)[O-],1.8456877,8.624261,34.128815,6.3353853,4.088312,645.3816,-52.25652,144.12924,7.291537647714552
O=[N+]([O-])NN=c1c([N+](=O)[O-])nnc2[nH]c([N+](=O)[O-])c([N+](=O)[O-])n12,1.9276195,8.854774,36.80565,6.1164436,3.8977108,637.44385,393.0787,143.15117,4.288006859985183
O=[N+]([O-])c1nc2c3c(nnc4c([N+](=O)[O-])c[nH]c43)[nH]c([N+](=O)[O-])c-2c1[N+](=O)[O-],1.8447536,7.436801,25.570747,5.060343,2.7051451,534.1318,280.95328,238.11069,3.898053698508818
O=c1[nH]nc([N+](=O)[O-])c2c([N+](=O)[O-])c([N+](=O)[O-])[nH]c12,1.9104353,8.055502,30.364897,5.196806,3.0028958,579.3144,7.8401513,244.02917,3.505346789678363
O=c1[nH]c([N+](=O)[O-])nc2nc([N+](=O)[O-])c([N+](=O)[O-])n12,1.9164538,8.164755,31.21802,4.975511,2.9613836,596.9323,-30.861189,242.1144,3.6279295589091323
O=[N+]([O-])c1[nH]c2nc3nonc3c([N+](=O)[O-])c2c1[N+](=O)[O-],1.8884926,8.103014,30.583336,5.827746,3.2157447,550.62213,331.28604,240.94545,3.6294897742783228
O=[N+]([O-])Nc1nnnc2c([N+](=O)[O-])nc3n[nH]c([N+](=O)[O-])c3c12,1.8575984,8.022324,29.928507,5.551457,3.3028393,594.1585,535.4829,128.84477,3.9605529597870195
O=[N+]([O-])c1nnc2c3c([N+](=O)[O-])c([N+](=O)[O-])c([N+](=O)[O-])c([N+](=O)[O-])c3nn2c1[N+](=O)[O-],1.9543358,8.697775,35.825253,6.3850284,3.585098,557.70374,411.54752,207.40488,3.720312250610945
O=c1c2[nH]c3[nH]ncc3c2n([N+](=O)[O-])c(=O)n1[N+](=O)[O-],1.8566495,7.456859,25.84159,4.490542,2.596317,580.46533,-34.764294,143.3587,4.121851692827336
Nc1nc2c(=O)[nH][nH]c([N+](=O)[O-])c-2c1[N+](=O)[O-],1.833998,7.39749,25.14139,4.449758,2.670128,603.5508,-11.212689,269.38693,3.4855219664559396
O=c1[nH]c2nc3nc([N+](=O)[O-])c([N+](=O)[O-])nc3n2c(=O)n1[N+](=O)[O-],1.9243289,7.8602514,29.209764,4.5093536,2.6146863,580.8091,-49.377583,172.0122,4.005790736682325
O=c1[nH]c2oc3c([N+](=O)[O-])c4c([N+](=O)[O-])c([N+](=O)[O-])n([N+](=O)[O-])c4nc3c2[nH]1,1.9121183,7.784543,28.528477,4.904571,2.672205,545.5212,-97.716156,162.23854,4.055977390816508
O=c1nc2[nH]c(=O)c([N+](=O)[O-])nc2c([N+](=O)[O-])[nH]1,1.883644,7.3287997,25.00682,3.914264,2.2213538,572.18646,-216.07465,247.73358,3.604895233684222
Nc1c(O)nc2c(=O)nc([N+](=O)[O-])[nH]c2c1[N+](=O)[O-],1.8389106,7.019423,22.621403,3.721305,2.1409137,579.6747,-275.70358,281.59756,3.598116020447595
O=c1[nH]c(O)c2c(=O)n([N+](=O)[O-])ncc2c1[N+](=O)[O-],1.885195,7.320848,25.038036,4.1237774,2.2962615,558.7084,-327.19855,185.41887,3.5955987896783634
O=[N+]c1nn([N+](=O)[O-])c(=O)c2c([N+](=O)[O-])n[nH]c12,1.9067355,8.369836,32.9298,5.633493,3.3897026,600.8894,234.15057,153.82266,4.2750231182996075
O=[N+]([O-])c1nc2c([N+](=O)[O-])n[nH]c2c2n[nH]nc12,1.8530878,7.6775417,27.353306,5.0835657,2.956188,582.98395,427.3975,257.36472,3.730775118299607
O=c1[nH]c2c(nnc3[nH]c([N+](=O)[O-])c([N+](=O)[O-])c32)c(=O)n1[N+](=O)[O-],1.9151076,7.7906647,28.680792,4.688567,2.6684127,569.39935,-39.1851,170.21643,3.8698647751438653
O=c1nc(O)[nH]c2c([N+](=O)[O-])nn([N+](=O)[O-])c12,1.8834771,7.793729,28.273876,4.5567474,2.7302446,601.5912,-136.72687,151.78693,3.764226581840557
O=[N+]([O-])c1nc2c([N+](=O)[O-])[nH]nc2o1,1.8858447,8.193307,31.243448,5.455426,3.2242851,590.59235,98.50592,275.28604,4.073655079619263
O=c1c2c([N+](=O)[O-])c3nc([N+](=O)[O-])cnc3nc2nc2c([N+](=O)[O-])c([N+](=O)[O-])[nH]n12,1.8662612,7.523081,26.278599,4.8691974,2.6068451,535.52576,175.64383,241.26729,3.8537748874390454
O=c1[nH]c([N+](=O)[O-])nc2nn([N+](=O)[O-])c([N+](=O)[O-])c12,1.9122778,8.310719,32.333447,5.364353,3.2064855,598.4907,55.343616,137.70721,3.8044790973706704
O=c1nc([N+](=O)[O-])[nH]c2nc3c(nc12)c([N+](=O)[O-])c([N+](=O)[O-])c1c3oc2c([N+](=O)[O-])nn([N+](=O)[O-])c21,1.8967322,7.7670827,28.34315,5.1096125,2.7151535,530.4603,92.56979,143.62396,4.183406276790819
O=[N+]([O-])c1c([N+](=O)[O-])n2nnnc2c2c(O)oc(O)c12,1.8941429,7.629626,27.065773,4.6818485,2.587081,553.77625,-114.88139,234.77174,3.7448440005196426
O=c1c([N+](=O)[O-])n[nH]c2c([N+](=O)[O-])c([N+](=O)[O-])nn12,1.9445888,8.533184,34.410564,5.666045,3.3867302,596.9378,155.56125,243.58061,3.53015909737067
O=c1[nH]c(=O)n2c([N+](=O)[O-])nc([N+](=O)[O-])c2[nH]1,1.8918942,7.49174,26.078112,3.858399,2.2949834,599.88434,-291.70325,254.42029,3.460688120302094
O=c1[nH]c2nc([N+](=O)[O-])c([N+](=O)[O-])c(=O)n2nc1[N+](=O)[O-],1.9411852,8.118526,31.134714,4.9000807,2.8400776,580.4339,-97.441895,223.4485,3.619789074977623
O=c1[nH]cc([N+](=O)[O-])n2nnc([N+](=O)[O-])c12,1.8665503,7.7921224,28.046515,4.9420295,2.899896,589.18604,84.722595,269.00388,3.5275534842928753
O=c1[nH]c([N+](=O)[O-])c([N+](=O)[O-])c2c([N+](=O)[O-])c([N+](=O)[O-])nnc12,1.9258931,8.2884865,32.23974,5.615242,3.166849,563.1761,78.36331,206.28244,3.5798713114353715
O=c1nc([N+](=O)[O-])[nH]c2c1c([N+](=O)[O-])nn2[N+](=O)[O-],1.9124254,8.340407,32.612827,5.3873725,3.243309,602.79254,63.449177,149.05096,3.8982950973706707
O=c1[nH]c(=O)n([N+](=O)[O-])c2nc3c([N+](=O)[O-])nn([N+](=O)[O-])c3nc12,1.945655,8.078942,31.00387,4.837028,2.8118107,582.4717,29.935152,140.32094,3.9714955443746334
O=c1[nH]c([N+](=O)[O-])c(O)c2oc([N+](=O)[O-])nc12,1.8804264,7.4308095,25.642696,4.2155814,2.3088527,549.68427,-398.5129,276.4289,3.886897351071325
O=c1nc2[nH]cc([N+](=O)[O-])n2c(=O)n1[N+](=O)[O-],1.8881539,7.69489,27.667896,4.3080544,2.5772805,600.6,-191.66705,161.74237,4.042466581840557
O=[N+]([O-])c1[nH]c2c(O)[nH]c(O)c2c1[N+](=O)[O-],1.8756461,7.300861,24.748543,3.9964073,2.3253832,585.165,-373.68723,279.6627,3.8092990247988805
O=[N+]([O-])c1cc([N+](=O)[O-])c2c(n1)c1c([N+](=O)[O-])nn([N+](=O)[O-])c1c1nnnn12,1.8743978,8.056523,30.236074,5.7554455,3.243478,562.1021,576.1652,149.1866,3.9057984353509223
O=c1[nH]n([N+](=O)[O-])c(=O)c2c([N+](=O)[O-])c([N+](=O)[O-])[nH]c12,1.9320879,8.161337,31.428366,5.090384,2.9797578,585.69415,-157.24725,185.65585,3.8710510024920293
O=[N+]([O-])c1nc2c3c([N+](=O)[O-])c([N+](=O)[O-])[nH]c3c3cnc4c(c([N+](=O)[O-])nn4[N+](=O)[O-])c3n2n1,1.884693,7.843155,28.758005,5.3517056,2.941937,549.4113,385.14078,153.30347,4.18639597536616
O=[N+]([O-])c1nc2c3c([N+](=O)[O-])[nH]nc3nc([N+](=O)[O-])n2n1,1.8962665,8.136415,30.973215,5.413883,3.1796734,587.71173,390.44785,241.02667,3.7987480738734654
Nc1c([N+](=O)[O-])c([N+](=O)[O-])nc2c1nnc1nc3[nH]c([N+](=O)[O-])nc(=O)c3c([N+](=O)[O-])c12,1.8515294,7.370347,25.163124,4.6355753,2.52018,544.75085,182.1146,226.91246,3.9361111162778695
Nc1c([N+](=O)[O-])c2nnn([N+](=O)[O-])c2c2c1c([N+](=O)[O-])c([N+](=O)[O-])c1c2nnn1[N+](=O)[O-],1.90574,8.262875,32.060085,5.868564,3.3752348,573.1068,473.51932,129.64049,4.223652602124444
O=c1c2cc([N+](=O)[O-])[nH]c2c([N+](=O)[O-])nn1[N+](=O)[O-],1.8741993,8.024473,29.899435,5.4256816,3.1335442,577.40076,34.057407,147.784,3.8598221742937477
O=c1nc2oc([N+](=O)[O-])c([N+](=O)[O-])c2c([N+](=O)[O-])c2c([N+](=O)[O-])[nH]nc12,1.8908494,7.9135404,29.146357,5.3139052,2.8570216,537.24536,-17.864424,235.80762,3.820610091470349
O=c1[nH]c2c([N+](=O)[O-])c3cn([N+](=O)[O-])nc3nc2c(=O)n1[N+](=O)[O-],1.9131722,7.777362,28.513088,4.772333,2.6856296,563.3373,-32.541042,155.78311,3.9864493905284792
O=[N+]([O-])c1cc2c([N+](=O)[O-])c3nnnn3c([N+](=O)[O-])c2[nH]1,1.8712826,7.9097495,28.932037,5.539843,3.140857,567.67694,389.5416,258.24484,3.698859005047554
O=c1c2cnn([N+](=O)[O-])c2n([N+](=O)[O-])c(=O)n1N[N+](=O)[O-],1.8982694,8.393453,32.7779,5.457847,3.3774045,619.83405,3.4686458,128.49341,4.114539844208393
O=c1c2nc3c(nc2n([N+](=O)[O-])c(=O)n1[N+](=O)[O-])c([N+](=O)[O-])c([N+](=O)[O-])c1cnn([N+](=O)[O-])c13,1.9317532,8.126359,31.248653,5.376678,2.9751482,551.6534,113.64627,145.24835,4.2165934001153245
O=c1[nH]c([N+](=O)[O-])c([N+](=O)[O-])n1[N+](=O)[O-],1.9664338,9.020029,38.418766,5.8313193,3.7331376,641.19794,-90.652435,153.43642,3.7793229973464273
O=c1[nH]c(=O)n([N+](=O)[O-])c2c([N+](=O)[O-])onc12,1.9145349,8.087589,30.660727,5.0042124,2.9055927,581.81836,-159.01643,120.23784,3.6739527356867097
O=c1[nH]c(=O)c2nc([N+](=O)[O-])c([N+](=O)[O-])c([N+](=O)[O-])c2[nH]1,1.903423,7.62999,27.21312,4.4020996,2.464881,562.9066,-275.8536,208.49051,3.288090613439163
O=c1c2n[nH]nc2n(C=N[N+](=O)[O-])c(=O)n1[N+](=O)[O-],1.8895266,8.033608,30.141064,4.8641553,3.0188925,622.03107,71.37169,149.45027,4.284670662981531
O=c1c2c(c([N+](=O)[O-])c([N+](=O)[O-])n3ncnc23)n([N+](=O)[O-])c(=O)n1[N+](=O)[O-],1.9146651,8.1894655,31.501656,5.3798347,3.077136,571.1933,58.873432,115.92299,3.918835604308227
Nc1[nH]c(=O)nc2c1c([N+](=O)[O-])c([N+](=O)[O-])n2[N+](=O)[O-],1.8931712,7.9478207,29.461674,4.820002,2.9222875,610.11725,-67.18465,142.67075,3.681704848645875
O=c1c2c([N+](=O)[O-])c[nH]c2nc([N+](=O)[O-])n1[N+](=O)[O-],1.8663888,7.9287076,29.168362,5.1842394,3.0088816,580.4946,-24.910887,138.3214,3.63416586660144
O=c1nc([N+](=O)[O-])[nH]c2nc3c([N+](=O)[O-])c4nnnn4c([N+](=O)[O-])c3cc12,1.8426269,7.326709,24.623829,4.68844,2.5177517,539.03906,279.84106,240.49167,3.7010093298213897
O=[N+]([O-])c1nc2c3[nH]nc([N+](=O)[O-])c3nc([N+](=O)[O-])n2n1,1.8991408,8.16794,31.252638,5.460634,3.206207,587.11566,397.8184,244.55046,3.7825310698248815
Nc1nn([N+](=O)[O-])c2c(=O)n([N+](=O)[O-])c(=O)n([N+](=O)[O-])c12,1.9551424,8.589763,34.98732,5.380489,3.376727,628.0014,-23.163969,141.6351,4.194248748637298
O=[N+]([O-])Nc1c([N+](=O)[O-])c([N+](=O)[O-])n2c([N+](=O)[O-])c3nc([N+](=O)[O-])nnc3c([N+](=O)[O-])c12,1.9358387,8.650096,35.376698,6.172991,3.6103997,581.5374,370.1017,129.8819,4.060281522615718
Nc1c([N+](=O)[O-])c([N+](=O)[O-])nc2c(=O)[nH]c([N+](=O)[O-])nc12,1.8926148,7.6526003,27.384062,4.54441,2.6261058,580.3607,-81.22172,228.23204,3.5801311728797227
O=[N+]([O-])c1nn([N+](=O)[O-])c2c([N+](=O)[O-])n3nnc([N+](=O)[O-])c3c([N+](=O)[O-])c12,1.9442407,8.856781,37.06568,6.5387816,3.8527322,584.50885,464.97806,121.69792,4.013326828576917
O=c1[nH]c2nc([N+](=O)[O-])n([N+](=O)[O-])c(=O)c2[nH]1,1.902295,7.690071,27.748444,4.2008643,2.510224,600.6488,-206.9398,145.89507,3.5658358126097873
N=c1c2nc3c(nc2[nH]c(=O)n1[N+](=O)[O-])[nH]c1[nH]c([N+](=O)[O-])c([N+](=O)[O-])c13,1.8668056,7.273499,24.727116,4.160435,2.3767552,573.64404,42.094425,181.85434,4.1028300714270625
O=c1[nH]c2c([N+](=O)[O-])ncnc2c(=O)n1[N+](=O)[O-],1.8798647,7.4989605,26.328308,4.3042803,2.466583,574.4926,-129.62997,158.02617,3.541093310607298
O=c1[nH]nc([N+](=O)[O-])c2c([N+](=O)[O-])c([N+](=O)[O-])nnc12,1.9001926,8.191959,31.328367,5.581832,3.1990902,572.76526,205.43964,206.8531,3.404574431095357
O=c1[nH]c([N+](=O)[O-])c([N+](=O)[O-])c2c([N+](=O)[O-])nnn12,1.9355149,8.429511,33.330425,5.455729,3.2553687,598.23816,100.34311,230.33138,3.6288849435245183
NN=c1[nH]c([N+](=O)[O-])nc2c1c([N+](=O)[O-])c([N+](=O)[O-])n2[N+](=O)[O-],1.9149802,8.551493,34.337524,5.8112106,3.6350846,626.44696,258.87387,153.39265,4.1669274652815265
O=c1[nH]c2[nH]c([N+](=O)[O-])c([N+](=O)[O-])c2c(=O)n1N[N+](=O)[O-],1.9005105,7.975043,29.68739,4.7035656,2.8590887,610.7738,-237.38945,155.44452,3.8420475365160858
O=[N+]([O-])c1nc2c(nc([N+](=O)[O-])c3nnn([N+](=O)[O-])c32)o1,1.9205948,8.357125,32.948742,5.7675242,3.294383,569.2586,319.28165,130.75217,4.132066292496946
N=c1c2c([N+](=O)[O-])nc3c(c([N+](=O)[O-])nn3[N+](=O)[O-])c2nc([N+](=O)[O-])n1[N+](=O)[O-],1.9364662,8.522896,34.32603,5.8414984,3.4466136,588.8056,340.71542,131.61896,4.295341439739849
O=[N+]([O-])c1cnc2c3[nH]cc([N+](=O)[O-])n3c([N+](=O)[O-])c([N+](=O)[O-])c1-2,1.8438039,7.639433,26.918066,5.342071,2.9123435,545.0028,142.88483,224.90671,3.712260928990018
O=[N+]([O-])c1nn([N+](=O)[O-])c2c([N+](=O)[O-])n3nnnc3c([N+](=O)[O-])c12,1.9461414,8.851145,37.024036,6.4939737,3.8746457,592.9537,585.60394,116.542694,3.873971025143865
O=c1[nH]c([N+](=O)[O-])nc2c([N+](=O)[O-])c([N+](=O)[O-])[nH]c12,1.910426,7.8884273,29.10239,4.78938,2.7559316,577.4093,-105.14108,259.4086,3.644154481986056
O=[N+]([O-])N=Cc1c([N+](=O)[O-])nc2c3c([N+](=O)[O-])ncnc3[nH]c([N+](=O)[O-])c1-2,1.8181171,7.4990416,25.760399,5.0864153,2.8310304,556.97174,265.1701,180.0619,4.12557759513623
O=[N+]([O-])c1[nH]nc2nc([N+](=O)[O-])c3c(cnn3[N+](=O)[O-])c12,1.8520936,7.876147,28.692856,5.5526557,3.1757526,571.1396,384.04373,129.13908,3.955649288448363
O=[N+]([O-])c1cc2c([N+](=O)[O-])[nH]c3nnn([N+](=O)[O-])c3c-2n1,1.8417957,7.812532,28.116022,5.419042,3.113993,574.75165,338.09775,135.23416,4.050267102213546
O=[N+]([O-])c1nc2c([N+](=O)[O-])c([N+](=O)[O-])[nH]n2c1[N+](=O)[O-],1.9418236,8.869448,37.050377,6.3191104,3.8318021,604.0862,218.99808,247.40036,3.7404178663973555
O=c1[nH]nc([N+](=O)[O-])c(=N[N+](=O)[O-])[nH]1,1.9190735,8.486354,33.6077,5.077677,3.3654425,666.6481,12.885028,183.5491,3.79237538818694
N=c1c2[nH]nc([N+](=O)[O-])c2[nH]c(=O)n1[N+](=O)[O-],1.9116207,7.9019604,29.520224,4.5336223,2.8465238,630.31366,19.374483,165.1848,3.908426581840555
O=C1c2c([N+](=O)[O-])c([N+](=O)[O-])c3nnn([N+](=O)[O-])c3c2OCC1([N+](=O)[O-])[N+](=O)[O-],1.8966562,8.310087,32.29911,5.8170276,3.3218403,568.28143,-43.02563,117.567764,4.210781520711509
O=c1c2nc([N+](=O)[O-])nc([N+](=O)[O-])c2c([N+](=O)[O-])nn1[N+](=O)[O-],1.9459177,8.615878,35.16426,5.8857718,3.4354699,581.23444,158.64764,145.66579,3.8358751575892187
O=[N+]([O-])c1[nH]c2nnnn2c1[N+](=O)[O-],1.9015659,8.7072315,35.27282,6.036268,3.87828,644.45776,409.63815,258.1123,3.8020627719269573
O=[N+]([O-])c1cc2n3nc([N+](=O)[O-])[nH]c3nc([N+](=O)[O-])c-2n1,1.836599,7.666911,26.949974,5.1044908,2.9106014,572.0669,271.815,243.97353,3.928197466586015
O=c1nc([N+](=O)[O-])n([N+](=O)[O-])c2c([N+](=O)[O-])c3[nH]c(=O)n([N+](=O)[O-])c3nc12,1.9325281,8.148251,31.394981,5.0896745,2.9208856,573.98517,-43.495525,121.32338,4.025616752737263
O=c1[nH]c2cnnc([N+](=O)[O-])c2c(=O)n1[N+](=O)[O-],1.8418795,7.528516,26.109238,4.5854774,2.6339383,575.6946,-59.3167,167.05815,3.573605810607299
O=c1[nH][nH]c2c([N+](=O)[O-])nc([N+](=O)[O-])nc12,1.865638,7.740444,27.836481,4.8012075,2.8342884,593.3152,58.39295,254.82039,3.621990693595202
O=[N+]([O-])C1=C([N+](=O)[O-])C2=C([N+](=O)[O-])Nc3nc([N+](=O)[O-])c([N+](=O)[O-])c(c3[N+](=O)[O-])C2=N1,1.8946238,8.256649,31.867859,5.9143834,3.304869,556.13416,194.42322,226.13046,4.894314329795433
O=c1c2c([N+](=O)[O-])nnn1-n1c([N+](=O)[O-])cc([N+](=O)[O-])c1O2,1.8589765,8.001673,29.471508,5.5725555,3.1135867,557.424,93.53653,248.0354,4.563107154464829
O=c1[nH]c2nc3c([N+](=O)[O-])nn([N+](=O)[O-])c3c([N+](=O)[O-])c2[nH]1,1.9000189,7.8598614,28.96074,4.8346996,2.800796,581.50385,60.684223,134.00156,3.8107715970824536
O=c1c([N+](=O)[O-])nn([N+](=O)[O-])c2c(=O)[nH]c([N+](=O)[O-])nc12,1.9119805,8.12546,31.024107,5.152063,2.98478,579.3439,-57.343807,127.057846,3.8061155085440577
Nc1nc2c(=O)[nH]c([N+](=O)[O-])nc2nc1[N+](=O)[O-],1.8554065,7.256906,24.394457,3.9219122,2.3209782,595.1186,-52.580616,260.00516,3.5255711952226836
O=c1[nH]c2c([N+](=O)[O-])c3nnnn3c([N+](=O)[O-])c2[nH]1,1.9100716,7.750156,28.095207,4.569078,2.6868572,590.90625,175.7615,293.0291,3.4492004228144584
O=[N+]([O-])C1=CN([N+](=O)[O-])c2nc([N+](=O)[O-])nc3c2c1nc1nnn([N+](=O)[O-])c13,1.9002019,8.05061,30.512192,5.546311,3.1387231,563.0057,491.19168,130.39404,4.379211188387359
O=c1c2c(ncn1[N+](=O)[O-])c([N+](=O)[O-])nc1n[nH]c([N+](=O)[O-])c12,1.8683143,7.7198772,27.836958,5.0667243,2.839958,560.3016,188.5203,155.23795,3.9616256290532377
O=c1[nH]c2c(ncn2[N+](=O)[O-])c(=O)n1[N+](=O)[O-],1.9132334,7.870811,29.151663,4.5179114,2.7135265,602.61554,-136.91545,149.61697,3.988977351071325
O=[N+]([O-])c1ncc2[nH]c([N+](=O)[O-])c([N+](=O)[O-])c2c1[N+](=O)[O-],1.8440998,7.9995823,29.406261,5.762577,3.23279,559.7005,107.82745,222.89293,3.500606417634966
O=[N+]([O-])c1c2nn[nH]c2c([N+](=O)[O-])n2nnnc12,1.887849,8.230818,31.5485,5.762572,3.4577298,601.1785,603.8882,255.61858,3.66675327214576
O=c1nc(N[N+](=O)[O-])c2c([N+](=O)[O-])nn([N+](=O)[O-])c(=O)c2[nH]1,1.8987857,8.0813675,30.448069,4.9458156,2.9841554,605.7502,-61.979496,129.49648,3.881509298831319
O=[N+]([O-])c1n[nH]c2nc3c(cc12)c([N+](=O)[O-])nn3[N+](=O)[O-],1.846732,7.842693,28.397156,5.431472,3.115519,574.0051,345.00168,135.5932,3.792485725695327
O=[N+]([O-])c1nn2c([N+](=O)[O-])noc2c1[N+](=O)[O-],1.940652,9.023197,38.28706,6.7574053,4.0268407,592.21484,298.5277,246.3236,3.7153004279944017
O=c1c2nc3cc([N+](=O)[O-])n4nnc([N+](=O)[O-])c4c3nc2nc([N+](=O)[O-])n1[N+](=O)[O-],1.8908285,7.876787,29.086096,5.273845,2.903582,549.242,330.60672,139.45201,3.9863800156441744
O=[N+]([O-])c1c([N+](=O)[O-])c([N+](=O)[O-])c2[nH]nnc2c1[N+](=O)[O-],1.9120955,8.557113,34.25353,6.196876,3.6087854,580.01245,269.81955,210.98601,3.400599424627975
O=c1[nH]c([N+](=O)[O-])nc2c([N+](=O)[O-])c([N+](=O)[O-])c([N+](=O)[O-])nc12,1.922802,8.158439,31.298874,5.2995167,2.984282,563.0629,-28.209578,205.7286,3.5757613114353717
O=c1nc([N+](=O)[O-])c2[nH]c(=O)n([N+](=O)[O-])c2[nH]1,1.931274,7.760947,28.554619,4.114448,2.482823,607.0378,-229.65138,164.8057,3.7545311972251714
Nc1c([N+](=O)[O-])nnc2[nH]c(=O)c3c([N+](=O)[O-])nn([N+](=O)[O-])c3c12,1.8570478,7.6954565,27.42562,4.894303,2.8585389,585.4915,164.69812,145.47252,3.919196025143865
O=c1c2c([N+](=O)[O-])nc3c([N+](=O)[O-])[nH]c([N+](=O)[O-])c3c2ncn1[N+](=O)[O-],1.8991433,7.873226,29.174473,5.1693177,2.8672142,553.202,57.90183,157.45966,4.100300392473694
O=c1[nH]c2nc([N+](=O)[O-])c3c(c([N+](=O)[O-])nn3[N+](=O)[O-])c2[nH]1,1.8891207,7.815445,28.533382,4.8240013,2.794536,581.5443,56.67275,132.3481,3.8472573858699377
O=[N+]([O-])NN=c1[nH]c([N+](=O)[O-])nc2onc([N+](=O)[O-])c12,1.8915894,8.502476,33.639385,5.8615828,3.6286106,620.0169,251.60886,146.41487,4.1844055389811805
O=c1c2[nH]c(O)cc2n(C=N[N+](=O)[O-])c(=O)n1[N+](=O)[O-],1.8310317,7.217355,23.864458,4.028821,2.354972,587.9941,-333.56708,163.50648,4.24947196375138
O=c1[nH]c2nc([N+](=O)[O-])oc2c(=O)n1N[N+](=O)[O-],1.8796644,7.826764,28.444227,4.507368,2.7025127,601.9863,-270.20212,148.09009,3.997390425991915
O=[N+]([O-])c1cn2c3nc([N+](=O)[O-])c([N+](=O)[O-])c-3c([N+](=O)[O-])[nH]c2n1,1.8714546,7.866229,28.67934,5.290206,2.9769313,562.97974,166.77298,231.5524,3.879065977066942
Nc1nc2nc3nc([N+](=O)[O-])c([N+](=O)[O-])n3c([N+](=O)[O-])c2[nH]1,1.8319935,7.6066446,26.503094,4.7576556,2.8258448,596.562,201.41748,244.91829,3.6743564732232628
O=[N+]([O-])c1nc2c([N+](=O)[O-])[nH]c([N+](=O)[O-])c2c([N+](=O)[O-])c1[N+](=O)[O-],1.9428728,8.589305,34.844685,6.0847564,3.4723437,567.6717,108.925415,209.0303,3.751328089349819
Nc1nc2nc([N+](=O)[O-])oc2c2nc([N+](=O)[O-])c([N+](=O)[O-])c-2c1[N+](=O)[O-],1.8688715,7.7982883,28.223316,5.1890173,2.8711915,553.3595,85.87363,232.06339,3.8678736366208515
O=c1nc([N+](=O)[O-])[nH]c2nc([N+](=O)[O-])nnc12,1.8682935,7.741909,27.847382,4.707343,2.7560632,587.72473,128.92096,238.803,3.540321431338884
O=c1[nH]c([N+](=O)[O-])nc2nc([N+](=O)[O-])nnc12,1.8808929,7.75738,28.066046,4.6736507,2.7300098,585.7816,126.924866,240.97661,3.57769400658972
O=[N+]([O-])c1nc2c([N+](=O)[O-])n[nH]c2c2[nH]nnc12,1.8471761,7.6637125,27.194147,5.041227,2.9542193,587.52875,417.05655,256.09482,3.854994502914991
O=c1[nH]c2c([N+](=O)[O-])cc([N+](=O)[O-])nc2c2nc([N+](=O)[O-])c([N+](=O)[O-])nc12,1.8836774,7.5455155,26.587156,4.8465343,2.5694687,530.10724,25.990786,218.39876,3.581731731068791
O=c1c2c([N+](=O)[O-])c[nH]c2n2c([N+](=O)[O-])nnc2n1[N+](=O)[O-],1.901245,7.994047,30.041706,5.17745,3.0116365,581.8387,155.57257,142.76125,3.910114230720003
O=[N+]([O-])c1nn([N+](=O)[O-])c2nc3c(nnn3[N+](=O)[O-])c([N+](=O)[O-])c12,1.9536602,8.812008,36.78825,6.300343,3.7476666,592.35474,529.57935,132.1728,4.099790977066942
Nc1c([N+](=O)[O-])[nH]c(=O)c2nnn([N+](=O)[O-])c12,1.8797444,7.8864164,28.947227,4.806951,2.979173,623.7045,89.47513,150.39845,3.8555373510713267
O=c1[nH]nc([N+](=O)[O-])c2c([N+](=O)[O-])c([N+](=O)[O-])c([N+](=O)[O-])nc12,1.9163809,8.264208,32.002056,5.6256332,3.176392,563.75854,75.45079,203.83952,3.4383774652815253
O=c1c2c([N+](=O)[O-])nn([N+](=O)[O-])c2c([N+](=O)[O-])cn1[N+](=O)[O-],1.9253241,8.593856,34.72542,6.071627,3.557376,582.5736,108.658875,118.39238,3.968934693219145
O=[N+]([O-])c1c(O)nc([N+](=O)[O-])c2[nH]nnc12,1.8574693,7.779481,27.88167,4.91358,2.904644,593.1085,76.795975,258.33084,3.599927008443144
Nc1nc2c(=O)[nH]nc([N+](=O)[O-])c2c([N+](=O)[O-])c1[N+](=O)[O-],1.8777307,7.7556868,27.939806,4.856078,2.8221834,583.66284,12.006717,217.72055,3.2753873966559457
O=c1c2nc3c(nc2nc([N+](=O)[O-])n1[N+](=O)[O-])c([N+](=O)[O-])nn3[N+](=O)[O-],1.9541785,8.504232,34.434116,5.6686635,3.2848046,577.2474,283.42496,130.34961,4.08810975702219
O=c1cc([N+](=O)[O-])[nH]c2c([N+](=O)[O-])c([N+](=O)[O-])nn12,1.8639611,7.897908,28.71314,5.194556,2.9735365,574.33624,-8.248258,247.02953,3.5560680204475945
O=c1[nH]c2nc(=O)n([N+](=O)[O-])c([N+](=O)[O-])c2[nH]1,1.906055,7.6931324,27.751858,4.170482,2.4905205,600.61316,-217.05783,147.41599,3.5974111972251714
O=c1[nH]c2c([N+](=O)[O-])cc([N+](=O)[O-])nc2nc1[N+](=O)[O-],1.8716995,7.5893483,26.740572,4.7759566,2.625669,551.0863,-56.472225,238.34209,3.33256920613164
O=[N+]([O-])c1cnc2c(n1)nc([N+](=O)[O-])c1c([N+](=O)[O-])[nH]nc12,1.8425559,7.519114,26.167786,5.0679293,2.7775185,547.82184,327.61337,238.21977,3.778788741802142
O=c1c2c3cnn([N+](=O)[O-])c3c([N+](=O)[O-])c([N+](=O)[O-])c2n([N+](=O)[O-])c(=O)n1N[N+](=O)[O-],1.9147737,8.292755,32.20097,5.5976114,3.23442,576.6535,9.876773,122.40892,4.216361823260517
O=[N+]([O-])N=c1ncn2nnnc2n1[N+](=O)[O-],1.8834357,8.771294,35.69455,6.2641764,4.132472,660.4896,608.8981,110.56279,4.126277496327353
O=[N+]([O-])c1nc([N+](=O)[O-])c2nonc2c1[N+](=O)[O-],1.9217427,8.730335,35.77514,6.699214,3.8181076,565.9226,369.25583,221.18324,3.3476135029149914
O=[N+]([O-])C1=Cc2nc3c4cn[nH]c4c([N+](=O)[O-])c([N+](=O)[O-])c3c3nc([N+](=O)[O-])nc(c23)N1[N+](=O)[O-],1.8262293,7.3886814,25.135122,5.123905,2.7092564,528.0999,326.15256,128.92041,4.273638435258963
O=c1[nH]c2nc3[nH]c4c([N+](=O)[O-])c[nH]c4nc-3c2c(=O)n1[N+](=O)[O-],1.8340188,6.697563,20.843708,3.5319538,1.9152718,545.25824,-126.693504,198.57239,3.7645922445494584
O=[N+]([O-])c1nn([N+](=O)[O-])c2nc3nn([N+](=O)[O-])cc3c([N+](=O)[O-])c12,1.9091207,8.400476,33.134296,6.033191,3.4910946,576.40155,417.63638,136.0697,4.1082804001438635
O=[N+]([O-])c1nnc2c([N+](=O)[O-])c([N+](=O)[O-])[nH]c2n1,1.9056293,8.367176,32.794064,5.722475,3.3923934,592.7575,283.62277,249.85187,3.649967349068838
O=c1[nH]n2c(nc([N+](=O)[O-])c3nnnnc32)c1[N+](=O)[O-],1.9029778,7.976723,29.834425,5.12676,2.9971228,585.1308,405.181,257.09982,3.81068278839843
NN=c1c2nc([N+](=O)[O-])c([N+](=O)[O-])nc2nc([N+](=O)[O-])n1[N+](=O)[O-],1.9072366,8.552593,34.311993,5.872961,3.6385682,618.6183,386.64944,122.28693,4.094896540253755
O=[N+]([O-])c1c2n[nH]c([N+](=O)[O-])c2c([N+](=O)[O-])c2c1nc([N+](=O)[O-])n1nnnc21,1.9020278,8.09109,30.630589,5.6289544,3.1594262,560.64844,545.5682,229.96698,3.901766653974404
Nc1nc2c([N+](=O)[O-])c3[nH]c([N+](=O)[O-])cn3c([N+](=O)[O-])c-2n1,1.8306328,7.3602805,24.822533,4.591565,2.65798,581.96814,126.59601,269.11307,3.74856951103291
O=c1c([N+](=O)[O-])n[nH]c2nc([N+](=O)[O-])oc12,1.8698317,7.853586,28.640862,5.060527,2.8530262,563.4484,-41.089596,247.54349,3.8350025003930543
O=[N+]([O-])c1[nH]nc2nc([N+](=O)[O-])c3c(nnn3[N+](=O)[O-])c12,1.8967532,8.274133,32.083668,5.772538,3.400463,588.2969,479.1022,121.59157,4.009700300594112
O=[N+]([O-])c1cc2c([N+](=O)[O-])nc3c([N+](=O)[O-])n[nH]c3c2[nH]1,1.8266847,7.3794036,24.917147,4.867675,2.6943758,554.43005,174.20514,269.81586,3.785317304642696
N=c1c2c(=O)[nH]c([N+](=O)[O-])nc2[nH]c(=O)n1[N+](=O)[O-],1.8931807,7.398245,25.744621,3.7715223,2.2814474,609.2124,-244.06093,169.81732,3.803390789678364
O=[N+]([O-])c1nc2nonc2c2n[nH]c([N+](=O)[O-])c12,1.8665129,7.9688883,29.494072,5.778752,3.2246156,557.3905,449.15567,241.84285,3.7887738875303754
O=[N+]([O-])N=c1[nH]c([N+](=O)[O-])nc2[nH]nc([N+](=O)[O-])c12,1.9031203,8.329008,32.43342,5.3826637,3.367641,627.0522,243.36343,181.79799,3.9806987172801733
Nc1nc(=O)c2nc3c([N+](=O)[O-])c4c([N+](=O)[O-])[nH]nc4nc3c([N+](=O)[O-])c2n1[N+](=O)[O-],1.8599201,7.613608,26.944925,4.8535857,2.7298474,564.644,193.9701,136.30722,4.048181368106569
O=c1[nH]c([N+](=O)[O-])nc2c1c([N+](=O)[O-])c([N+](=O)[O-])c1c2c([N+](=O)[O-])cn1[N+](=O)[O-],1.903855,7.9832916,29.89503,5.3589716,2.9548655,549.6316,-29.326384,139.75346,3.835621804112318
O=[N+]([O-])N=c1[nH]c([N+](=O)[O-])nc2nc([N+](=O)[O-])[nH]c12,1.8856534,8.170265,31.062893,5.152767,3.2033842,622.65936,174.63339,177.23799,4.131879712755286
O=[N+]([O-])c1nc2c(nc([N+](=O)[O-])c3nonc32)o1,1.8841609,8.0141535,29.917336,5.7435274,3.0840378,534.6097,283.69897,243.54582,3.852743118299607
N=c1c([N+](=O)[O-])c(N)[nH]c2nc([N+](=O)[O-])c([N+](=O)[O-])nc12,1.8666922,7.635519,27.130268,4.67259,2.7940977,600.74835,109.87433,237.42004,3.7858699141384626
O=[N+]([O-])N=c1[nH]c([N+](=O)[O-])nc2nc([N+](=O)[O-])n(N[N+](=O)[O-])c12,1.9100575,8.699216,35.368137,5.8730927,3.7477257,639.317,309.39618,130.08983,4.342871677135245
O=[N+]([O-])c1[nH]c2nc([N+](=O)[O-])c3cn([N+](=O)[O-])nc3c2c1[N+](=O)[O-],1.8869914,8.019918,30.064611,5.5407314,3.1324034,564.7267,233.54712,165.926,3.9798054001438636
O=[N+]([O-])N=c1nc([N+](=O)[O-])[nH]c2nc([N+](=O)[O-])[nH]c12,1.8970773,8.222357,31.621431,5.1933174,3.2314148,623.0033,171.48364,150.96574,4.090781070221349
O=c1[nH]c([N+](=O)[O-])c2cc([N+](=O)[O-])c([N+](=O)[O-])c([N+](=O)[O-])c2c2nc([N+](=O)[O-])cc1-2,1.850812,7.483381,25.844343,5.072583,2.6428573,521.47845,-85.79762,211.8672,3.5845826987557183
O=[N+]([O-])c1nc2n[nH]c([N+](=O)[O-])c2c2n[nH]nc12,1.8537258,7.6650004,27.257511,5.086682,2.942962,580.81946,424.49808,252.00856,3.7766751182996066
O=c1nc2n([N+](=O)[O-])cc([N+](=O)[O-])nc-2c(=O)[nH]1,1.8666645,7.4301524,25.681973,4.2020187,2.415999,578.30115,-167.61047,136.55426,3.4910250413765302
O=[N+]([O-])c1[nH]c2nnc3c([N+](=O)[O-])c4nnn([N+](=O)[O-])c4nc3c2c1[N+](=O)[O-],1.8956937,8.11575,30.96442,5.6921773,3.2164035,562.621,544.46246,139.9808,4.043868273407602
O=[N+]([O-])N=c1[nH]c([N+](=O)[O-])nc2c1c([N+](=O)[O-])nn2[N+](=O)[O-],1.9516853,8.871333,37.20657,6.071341,3.779795,622.3882,321.48013,135.40901,4.2628872829162
O=c1oc([N+](=O)[O-])nc2c([N+](=O)[O-])c([N+](=O)[O-])nn12,1.9459765,8.418809,33.375168,5.376187,3.0938485,575.1913,-68.04205,238.63205,3.760661558909133
Nc1c([N+](=O)[O-])[nH]c2c([N+](=O)[O-])nc([N+](=O)[O-])nc12,1.8740922,7.8568273,28.721897,4.9756484,2.9761999,600.1452,92.695404,269.9365,3.788500635832209
O=[N+]([O-])c1c2c(c([N+](=O)[O-])c3c1nc([N+](=O)[O-])c1c3nnn1[N+](=O)[O-])OCO2,1.8767552,7.8843985,28.995255,5.473844,2.992902,543.74384,90.39621,124.15192,3.929998232921771
O=[N+]([O-])N=Cc1c([N+](=O)[O-])nc2cc([N+](=O)[O-])c3c([N+](=O)[O-])c([N+](=O)[O-])[nH]n3c1-2,1.8471721,7.9181075,28.868849,5.698327,3.2117126,562.61865,257.38504,198.8727,4.1921542322105365
O=[N+]([O-])c1cc2nc3nnc4c([N+](=O)[O-])c5c([N+](=O)[O-])cn([N+](=O)[O-])c5nc4c3nc2[nH]1,1.8305176,7.316822,24.771137,4.9799976,2.6281624,528.12885,453.38962,166.3455,4.085492161976357
N=c1[nH]cc([N+](=O)[O-])c2c(=O)n([N+](=O)[O-])c([N+](=O)[O-])nc12,1.864514,7.736882,27.853853,4.950568,2.8736067,581.6524,5.942309,138.2837,3.985314949103498
Nn1c(=O)c([N+](=O)[O-])c([N+](=O)[O-])c2c([N+](=O)[O-])n[nH]c(=O)c21,1.914607,7.9886775,29.911123,5.042566,2.9480827,586.48706,-55.5323,217.04143,3.423648863259631
O=c1[nH]c([N+](=O)[O-])nc2c1cnn2[N+](=O)[O-],1.8541709,7.698483,27.403915,4.768967,2.825607,595.4207,45.13027,132.83514,3.697178529015594
O=c1c2c([N+](=O)[O-])c([N+](=O)[O-])nnc2nc2oc([N+](=O)[O-])c([N+](=O)[O-])n12,1.9197434,8.176231,31.371187,5.4943247,3.00887,545.355,69.24321,215.90227,3.926920459363326
O=[N+]([O-])c1nnnc2c1c([N+](=O)[O-])nc1[nH]nc([N+](=O)[O-])c12,1.8670226,7.960695,29.466599,5.5166078,3.145538,569.7235,469.11612,218.88882,3.7384479725713717
O=[N+]([O-])c1nc2c3[nH]ncc3nc([N+](=O)[O-])c2n2c1c([N+](=O)[O-])c1nonc12,1.817445,7.3882346,25.000177,5.2621636,2.7695072,525.697,543.1797,238.91394,3.9364785505798228
Nn1c(=O)[nH]c(=O)c2c3nc([N+](=O)[O-])oc3c([N+](=O)[O-])nc21,1.8621165,7.166109,23.767374,3.9062603,2.1815302,562.7947,-244.0582,265.52444,3.8258193154657665
O=[N+]([O-])c1cnc([N+](=O)[O-])c2c1[nH]c1nnn([N+](=O)[O-])c12,1.8438966,7.8427873,28.42265,5.460408,3.1475074,575.29553,354.2161,126.96222,3.8416322843997808
O=[N+]([O-])c1nnc2c([N+](=O)[O-])c([N+](=O)[O-])n3nnnc3c2n1,1.914066,8.420638,33.297745,6.021571,3.4958718,578.94946,658.19495,222.17735,3.654782587955988
O=[N+]([O-])c1nn([N+](=O)[O-])c2cc3c(c([N+](=O)[O-])nn3[N+](=O)[O-])c([N+](=O)[O-])c12,1.8954656,8.447132,33.209003,6.2537074,3.5714939,567.8643,329.77692,144.01747,4.124944380039539
O=c1nc2[nH][nH]c([N+](=O)[O-])c-2c(=O)c2c1cnn2[N+](=O)[O-],1.8121282,7.2115393,23.823915,4.5263033,2.512894,557.51276,37.14443,148.96747,3.900689774278322
O=c1[nH]c2c([N+](=O)[O-])cnc([N+](=O)[O-])c2[nH]c1=O,1.860173,7.049553,22.96166,3.8504312,2.1116421,552.34784,-273.49136,278.32358,3.135845233684222
O=[N+]([O-])N=c1c2c([N+](=O)[O-])n[nH]c2cc([N+](=O)[O-])n1[N+](=O)[O-],1.8753484,8.450014,33.02493,6.089756,3.6750414,602.9775,278.79324,126.70503,3.986004789547499
O=[N+]([O-])c1nc2onc([N+](=O)[O-])n2n1,1.9054334,8.831088,36.407337,6.359984,3.912328,613.6737,318.71533,257.67227,3.882887873141531
O=[N+]([O-])N=CN=c1[nH]c([N+](=O)[O-])nc2c([N+](=O)[O-])c([N+](=O)[O-])nc([N+](=O)[O-])c12,1.8843163,8.270685,31.822828,5.664185,3.347492,590.8593,239.69229,197.59258,4.349934155889274
O=[N+]([O-])c1cc2c([N+](=O)[O-])c([N+](=O)[O-])[nH]c2nc1[N+](=O)[O-],1.8622296,8.006038,29.593628,5.6189213,3.151808,560.3846,58.667713,228.21481,3.411600823229371
O=c1[nH]c2nc([N+](=O)[O-])nc([N+](=O)[O-])c2n1[N+](=O)[O-],1.926382,8.298937,32.48105,5.166501,3.112389,603.56274,11.934329,125.14946,3.74940186660144
NN=c1[nH]c([N+](=O)[O-])nc2c1nnn2[N+](=O)[O-],1.8723437,8.325582,32.27033,5.4722834,3.6358583,667.5415,450.81808,136.42943,4.310330126991058
O=[N+]([O-])c1c([N+](=O)[O-])n([N+](=O)[O-])c2c([N+](=O)[O-])c3[nH]nnc3c([N+](=O)[O-])c12,1.91036,8.514752,33.99328,6.1777,3.5700018,574.9405,351.19376,126.22186,3.962766915250807
O=[N+]([O-])c1cc2nc([N+](=O)[O-])c([N+](=O)[O-])c-2n[nH]1,1.8213364,7.858418,28.232765,5.693374,3.2353728,568.3575,232.5727,243.4235,3.58623754137653
O=c1oc([N+](=O)[O-])nc2c[nH]c([N+](=O)[O-])c12,1.8276068,7.2337413,23.927004,4.3707905,2.358222,542.19275,-234.30273,267.64432,3.9387681533447534
O=c1[nH]cnc2nc3c([N+](=O)[O-])nc4c([N+](=O)[O-])oc([N+](=O)[O-])c4c3nc12,1.8258294,7.078957,23.05432,4.478085,2.2830036,511.0533,61.43929,236.18677,3.844859641671702
O=c1c2nc([N+](=O)[O-])oc2c([N+](=O)[O-])nn1[N+](=O)[O-],1.9356581,8.565618,34.653378,5.7919116,3.360956,577.0708,12.694125,139.8998,4.032921251216825
O=[N+]([O-])c1nc2c([N+](=O)[O-])c3c(nnc4oc([N+](=O)[O-])nc43)c([N+](=O)[O-])n2n1,1.9048012,8.086567,30.692005,5.617099,3.0583925,542.0763,384.8965,230.63626,4.146045601342825
O=[N+]([O-])c1c([N+](=O)[O-])c2c(c([N+](=O)[O-])cn2[N+](=O)[O-])c2c1nnn2[N+](=O)[O-],1.90972,8.509915,33.922977,6.3048873,3.6137052,568.8505,370.81412,119.8557,4.034852722401402
O=c1nc([N+](=O)[O-])n([N+](=O)[O-])c2nnn([N+](=O)[O-])c12,1.9516438,8.846121,36.9537,5.9845204,3.6857116,615.0544,253.30383,108.25098,4.020188328139902
O=[N+]([O-])c1oc([N+](=O)[O-])c2nc3c(nc12)c([N+](=O)[O-])c([N+](=O)[O-])c1c([N+](=O)[O-])cn([N+](=O)[O-])c13,1.9161946,8.147871,31.305866,5.855579,3.1158032,527.2658,164.47665,157.07587,4.126541092423016
O=[N+]([O-])c1c([N+](=O)[O-])c([N+](=O)[O-])c2n[nH]nc2c1[N+](=O)[O-],1.933534,8.616389,34.955788,6.2548103,3.620671,576.748,288.73035,212.91333,3.240374372899713
O=[N+]([O-])c1[nH]c2c([N+](=O)[O-])c3[nH]nnc3c([N+](=O)[O-])c2c1[N+](=O)[O-],1.9068245,8.094219,30.68398,5.5466757,3.1366165,564.7433,250.61133,239.41704,3.8599582847592497
O=c1c2onc([N+](=O)[O-])c2c([N+](=O)[O-])nn1[N+](=O)[O-],1.9372039,8.733912,35.9941,6.2552395,3.6363616,577.2956,133.59384,146.87454,3.8338855589091327
O=[N+]([O-])c1n[nH]c2nc3oc4nc5ocnc5c([N+](=O)[O-])c4c3c([N+](=O)[O-])c12,1.820475,7.0127926,22.519077,4.5267463,2.2648025,500.83157,91.867645,232.7979,3.957782100875681
O=c1[nH]c2[nH]c(=O)c([N+](=O)[O-])c([N+](=O)[O-])c2[nH]1,1.8986546,7.2784643,24.749125,3.7465422,2.1465905,578.35986,-342.97375,241.15388,3.234620427994402
O=[N+]([O-])c1ncnc2c([N+](=O)[O-])c3c([N+](=O)[O-])[nH]nc3nc12,1.8327814,7.5374284,26.182241,5.152009,2.8292882,548.93225,339.8013,235.19127,3.628172587955987
O=c1[nH]c2c(nc([N+](=O)[O-])c3cc([N+](=O)[O-])nn32)c(=O)n1[N+](=O)[O-],1.9005512,7.731214,28.046211,4.6616063,2.6438253,568.82465,-53.589497,160.51324,3.9271467462977103
O=[N+]([O-])c1c([N+](=O)[O-])c2c([N+](=O)[O-])[nH]nc2c2c([N+](=O)[O-])noc12,1.9125553,8.274978,32.155693,6.0323358,3.3015783,544.7323,235.59827,223.6542,3.7983385732207875
O=c1cc([N+](=O)[O-])[nH]c2nc([N+](=O)[O-])c([N+](=O)[O-])n12,1.8465629,7.7635794,27.608965,4.981032,2.8481271,574.25684,-64.808525,245.86859,3.606570481986056
Nn1c(=O)[nH]c(=O)c2nc([N+](=O)[O-])oc21,1.8339854,7.0887904,23.01682,3.596948,2.1472654,601.93805,-300.19012,274.41507,3.747692734188532
O=c1nc([N+](=O)[O-])cc2[nH]nc([N+](=O)[O-])n12,1.8213341,7.5506773,25.952772,4.6564016,2.7338574,590.6009,11.185153,248.60599,3.6592336274055777
O=[N+]([O-])c1c([N+](=O)[O-])c2c([N+](=O)[O-])nnn2c2n[nH]nc12,1.9091803,8.362713,32.74933,5.9367023,3.4758165,584.87646,533.7332,229.35417,3.6412784382459336
Nn1nc([N+](=O)[O-])c2c(=N[N+](=O)[O-])[nH]c([N+](=O)[O-])nc21,1.9025202,8.451893,33.373367,5.5417247,3.5932999,650.496,319.6063,189.08948,4.204330889731059
O=c1c2c([N+](=O)[O-])ncc([N+](=O)[O-])c2nc2n([N+](=O)[O-])c([N+](=O)[O-])c([N+](=O)[O-])n12,1.91406,8.214503,31.76155,5.601234,3.141512,557.81775,87.33023,137.46574,3.9023274721285137
Nc1n[nH]c2c([N+](=O)[O-])c3nnnn3c([N+](=O)[O-])c12,1.8605583,7.794096,28.093056,5.1035185,3.1115606,612.1521,461.4708,285.25183,3.5124746831694864
O=c1[nH]nc([N+](=O)[O-])c2c([N+](=O)[O-])c(O)[nH]c12,1.8886685,7.4861727,26.139189,4.284314,2.4632697,578.45776,-205.74321,251.53496,3.4458388895328644
Nn1c(=O)nc([N+](=O)[O-])c2nc3nc4c(c([N+](=O)[O-])nn4[N+](=O)[O-])c([N+](=O)[O-])c3nc21,1.9019765,7.953693,29.767023,5.150291,2.947233,572.82263,319.40454,149.66002,4.147528356058375
O=c1[nH]c(=O)c2nnc([N+](=O)[O-])c([N+](=O)[O-])c2[nH]1,1.8792226,7.428711,25.615906,4.154931,2.3630717,572.4613,-161.15778,221.99747,3.2229490798380693
Nc1nc2c([N+](=O)[O-])n3c([N+](=O)[O-])cc([N+](=O)[O-])c3c([N+](=O)[O-])c2c(=O)n1[N+](=O)[O-],1.8886764,7.992575,29.824203,5.319694,3.0283976,568.81683,-3.55676,175.98996,3.9413142694245806
O=c1nc2c(nc([N+](=O)[O-])c3[nH]cc([N+](=O)[O-])c32)c2nc([N+](=O)[O-])[nH]n12,1.8598849,7.1957273,24.028915,4.282379,2.3194246,544.3158,75.72246,268.5977,3.9116314396261735
O=c1c2cn[nH]c2nc([N+](=O)[O-])n1[N+](=O)[O-],1.8232535,7.686809,27.067144,4.9677944,2.9348426,592.1592,92.82391,133.11697,3.5150533054019997
O=c1[nH]nc([N+](=O)[O-])c2nc([N+](=O)[O-])cn12,1.8603501,7.7064514,27.38333,4.735559,2.795697,592.98016,58.791798,258.46924,3.295530586260676
O=c1[nH]c2c([N+](=O)[O-])nc([N+](=O)[O-])nc2n1N[N+](=O)[O-],1.911596,8.27185,32.095375,5.110851,3.1714983,622.56085,27.461382,140.19408,3.811337856349347
O=c1[nH]nc([N+](=O)[O-])c2nc([N+](=O)[O-])c3nnn([N+](=O)[O-])c3c12,1.8987268,8.093051,30.749603,5.4299,3.1255825,575.1634,319.2282,120.64906,3.8936410136686224
O=c1c2nc3c(cc([N+](=O)[O-])n3[N+](=O)[O-])c(=O)n2c([N+](=O)[O-])nn1[N+](=O)[O-],1.9139106,8.170052,31.30787,5.3857236,3.0600224,567.6463,25.698092,136.7009,4.026613285781683
O=[N+]([O-])c1[nH]c2nnnc([N+](=O)[O-])c2c1[N+](=O)[O-],1.8857358,8.396236,32.777145,5.960365,3.5450172,594.31604,330.42715,241.93597,3.7195413875303753
O=c1c([N+](=O)[O-])c([N+](=O)[O-])[nH]n2nc([N+](=O)[O-])c([N+](=O)[O-])c12,1.9289708,8.592441,34.702168,6.025815,3.5201542,582.151,102.117096,230.75046,3.7302051385632744
Nc1c([N+](=O)[O-])[nH]n2c(=O)c([N+](=O)[O-])nnc12,1.8795899,7.9312,29.333406,4.9445524,3.0551336,620.3133,136.20337,253.58112,3.663205043379018
O=c1[nH]c2onnc2c([N+](=O)[O-])c1[N+](=O)[O-],1.9111745,8.074235,30.415388,5.2498055,2.971581,566.94293,5.9973626,227.89517,3.607378171233841
O=[N+]([O-])c1nc2c([N+](=O)[O-])c([N+](=O)[O-])nn2c([N+](=O)[O-])c1O,1.9360275,8.5706625,34.602913,5.8561153,3.4235575,582.91797,50.723103,239.65175,3.6173954219640843
O=c1nc([N+](=O)[O-])[nH]c2c([N+](=O)[O-])onc12,1.8708099,7.9339595,29.099403,5.206667,2.945151,566.8803,-3.40817,265.77875,3.628147402003073
O=c1c2c(nnn2[N+](=O)[O-])c([N+](=O)[O-])nn1[N+](=O)[O-],1.9596423,8.996701,38.322495,6.299106,3.8732069,613.34796,315.02505,133.79018,4.047775405062978
O=c1oc2c([N+](=O)[O-])noc2c2c([N+](=O)[O-])nn([N+](=O)[O-])c12,1.9213307,8.240044,31.901342,5.680575,3.0989568,540.7308,-18.13165,144.79784,3.931822183783888
O=[N+]([O-])c1cc2nc3c([N+](=O)[O-])n([N+](=O)[O-])c([N+](=O)[O-])c3nc2[nH]1,1.854055,7.922028,28.977566,5.5515275,3.114985,561.08167,240.05573,142.08629,3.965643380913095
O=[N+]([O-])c1cc2[nH]nc([N+](=O)[O-])c2nc1[N+](=O)[O-],1.8289579,7.844378,28.182964,5.520979,3.14827,570.3797,188.20383,227.9968,3.293616387530376
NN=c1c2c(nc([N+](=O)[O-])n2[N+](=O)[O-])n([N+](=O)[O-])c(=O)n1[N+](=O)[O-],1.9718708,8.998629,38.464684,5.9829273,3.8387232,641.9614,226.02893,128.1364,4.392800297786545
N=c1c2c([N+](=O)[O-])n[nH]c(=O)c2nc([N+](=O)[O-])n1[N+](=O)[O-],1.9074758,8.1504135,31.154903,5.2116055,3.127516,601.476,117.1355,131.52493,3.838097606446155
O=c1[nH]c2nc3c(c([N+](=O)[O-])c([N+](=O)[O-])n3[N+](=O)[O-])c([N+](=O)[O-])c2[nH]1,1.9205887,8.02547,30.310902,5.0420785,2.8824782,572.9836,-29.741255,156.82614,3.7448393480647546
O=[N+]([O-])c1nn([N+](=O)[O-])c2nc3cnn([N+](=O)[O-])c3c([N+](=O)[O-])c12,1.8847829,8.363374,32.531967,6.1226916,3.5404751,576.0955,438.26053,125.8996,4.00549001552848
O=c1[nH]c([N+](=O)[O-])nc2cc([N+](=O)[O-])n3nnc([N+](=O)[O-])c3c12,1.8533596,7.546355,26.2268,4.847544,2.6805623,554.5972,117.68057,246.2066,3.726042254363411
O=c1c2c(cnn2[N+](=O)[O-])n2nc([N+](=O)[O-])c([N+](=O)[O-])c2n1[N+](=O)[O-],1.902447,8.425653,33.13564,5.9185214,3.4566865,582.0555,262.50415,131.27757,4.0715477396731465
O=c1c2cc([N+](=O)[O-])c3nnn([N+](=O)[O-])c3c2[nH]c2oc([N+](=O)[O-])c([N+](=O)[O-])c12,1.8734046,7.6496983,27.249681,5.173566,2.7348273,527.6416,29.048021,150.08737,3.946815809095191
O=c1[nH]c2c(cc([N+](=O)[O-])n2[N+](=O)[O-])c(=O)n1N[N+](=O)[O-],1.8834059,7.9701595,29.450829,4.9023557,2.956747,605.56573,-185.34355,146.07869,3.932639144907693
O=[N+]([O-])Nc1c([N+](=O)[O-])c([N+](=O)[O-])nc2[nH]nc([N+](=O)[O-])c12,1.8969334,8.479987,33.622807,5.869995,3.5778024,608.99243,235.25089,126.51628,3.6481968319878177
O=c1[nH]nc([N+](=O)[O-])c2c([N+](=O)[O-])ncnc12,1.8162032,7.3798523,24.882685,4.741155,2.6606345,563.4812,109.27591,222.89049,3.2272297925428965
O=c1[nH]c([N+](=O)[O-])nc2c([N+](=O)[O-])c([N+](=O)[O-])nnc12,1.9038001,8.060812,30.404581,5.2237773,2.9847348,571.87775,98.33353,215.72366,3.5372832845060964
O=[N+]([O-])c1cc([N+](=O)[O-])c2[nH]nc([N+](=O)[O-])c2n1,1.8386443,7.83286,28.165995,5.4356894,3.0980914,569.8664,171.18954,265.24536,3.327741387530377
O=c1[nH]c2nc3c(=O)n([N+](=O)[O-])c([N+](=O)[O-])nc3c([N+](=O)[O-])c2[nH]1,1.9052618,7.6634994,27.656008,4.4799776,2.5309732,566.8402,-109.404396,146.22835,3.792862852066941
O=c1c2c([N+](=O)[O-])c([N+](=O)[O-])[nH]c2c([N+](=O)[O-])c2n([N+](=O)[O-])ncn12,1.9016094,8.069105,30.469622,5.3699474,3.0583868,568.98096,57.02164,131.13512,4.025920466945873
O=[N+]([O-])c1ccnc2c1oc1c([N+](=O)[O-])c3c(nc([N+](=O)[O-])c4c3nnn4[N+](=O)[O-])c(O)c12,1.8208475,7.1788144,23.71263,4.8871965,2.4807096,507.01547,76.9724,135.78659,4.016221045398121
O=C([N+](=O)[O-])[N+](=O)c1nc2nnc3c4nc5[nH]c([N+](=O)[O-])c([N+](=O)[O-])c5cc4nnc3c2[nH]1,1.8014015,7.134276,23.177969,4.613977,2.4596786,535.1569,374.58932,241.898,4.334795736860505
O=C1c2cc3c([N+](=O)[O-])nc4n[nH]c([N+](=O)[O-])c4c3nc2C(=O)N1[N+](=O)[O-],1.844077,7.1658053,23.866812,4.505433,2.322808,515.88586,25.265688,159.42322,3.8767508301204243
O=[N+]([O-])N=c1[nH]cnc2c1c([N+](=O)[O-])nn2[N+](=O)[O-],1.890747,8.387991,32.78503,5.7383027,3.5461285,619.1033,327.67398,139.36343,4.19784441863764
O=c1c2nc3c(nc2n([N+](=O)[O-])c(=O)n1[N+](=O)[O-])c([N+](=O)[O-])nn1c([N+](=O)[O-])cnc31,1.9068797,7.954029,29.857086,5.1734962,2.8816292,555.39264,188.16959,140.02278,4.073851803695075
O=[N+]([O-])c1nc2c3c([N+](=O)[O-])c[nH]c3nc([N+](=O)[O-])n2n1,1.8466783,7.679119,27.176449,5.0539594,2.8794396,571.0658,258.2574,247.16357,3.603728640675084
O=[N+]([O-])c1[nH]nc2nnc3c(nc([N+](=O)[O-])n3[N+](=O)[O-])c12,1.9072019,8.338814,32.787144,5.848295,3.4551468,588.7531,520.2562,132.83351,3.94925333703136
O=[N+]([O-])Nc1ncnc2c([N+](=O)[O-])nc3n[nH]c([N+](=O)[O-])c3c12,1.817419,7.5485406,26.209927,5.0435286,2.9166212,578.7497,355.22263,133.0183,3.7720694433035034
O=c1c2[nH]c([N+](=O)[O-])nc2c([N+](=O)[O-])c([N+](=O)[O-])n1[N+](=O)[O-],1.9457331,8.541321,34.549404,5.6889067,3.3447847,585.85516,-2.603864,140.86385,3.7431087822879716
O=c1[nH]c(=O)c2nc([N+](=O)[O-])oc2[nH]1,1.8344389,6.741415,20.816927,3.0953383,1.7332597,566.30865,-423.19534,277.93716,3.663346172736672
O=c1[nH]c(=O)c2c(nc([N+](=O)[O-])c3cnn([N+](=O)[O-])c32)[nH]1,1.8216034,6.9718843,22.29111,3.895256,2.167815,560.98016,-133.55692,140.95618,3.587807992901805
O=[N+]([O-])c1c(O)c([N+](=O)[O-])c2nonc2c1[N+](=O)[O-],1.9266685,8.465235,33.6639,6.1711793,3.4395018,554.2252,86.2081,224.31221,3.1516163281399017
O=c1c2c([N+](=O)[O-])c3nnnn3c([N+](=O)[O-])c2c(C=N[N+](=O)[O-])nn1[N+](=O)[O-],1.8931916,8.332038,32.374645,5.906345,3.4410627,581.06903,464.7946,154.68059,4.23868385235497
O=[N+]([O-])c1n[nH]c2c1nc([N+](=O)[O-])n1nnnc21,1.8784752,8.118997,30.704342,5.5342417,3.323341,601.063,564.3272,249.14664,3.6762905029149913
O=c1n([N+](=O)[O-])c2nc3n([N+](=O)[O-])c([N+](=O)[O-])cn3c(=O)c2n1[N+](=O)[O-],1.949181,8.406575,33.49484,5.4213424,3.1732016,584.72516,-6.0760474,129.48112,4.28061727226909
NN=c1[nH]c([N+](=O)[O-])nc2c(=O)[nH]c([N+](=O)[O-])nc12,1.8421693,7.407269,25.296698,4.174227,2.566188,618.12854,36.803043,266.7914,4.036381975198725
O=c1[nH]c2c([N+](=O)[O-])[nH]c(=O)c([N+](=O)[O-])c2[nH]1,1.9222494,7.298424,25.072767,3.6573777,2.1036024,580.82043,-363.45248,279.027,3.3928881203020946
O=[N+]([O-])c1ncc2c([N+](=O)[O-])[nH]c([N+](=O)[O-])c2n1,1.8565091,7.819038,28.276024,5.2993,3.014516,569.53235,134.61816,261.34415,3.8036740798380677
Nn1c(=O)c2nc([N+](=O)[O-])n([N+](=O)[O-])c(=O)c2n([N+](=O)[O-])c1=O,1.9377451,8.30337,32.557972,5.0789995,3.0855045,608.3972,-150.59676,129.95837,3.931985926819988
O=c1nc([N+](=O)[O-])c([N+](=O)[O-])c2[nH]cnn12,1.8434347,7.6356096,26.770067,4.7018657,2.7631075,590.9061,41.801334,244.22798,3.695735952986972
Nc1nc2c(=O)[nH]c(=O)nc-2n([N+](=O)[O-])n1,1.8173544,6.9943457,22.495209,3.4384217,2.1289392,623.4914,-120.040115,144.33063,3.4485692266900134
O=[N+]([O-])N=Cc1nc([N+](=O)[O-])c([N+](=O)[O-])c2nc3c(c([N+](=O)[O-])nn3[N+](=O)[O-])c([N+](=O)[O-])c12,1.8992033,8.382002,32.84839,6.0608406,3.4475963,565.97815,369.0317,145.46376,4.336339188634193
O=[N+]([O-])c1cc2c3c([N+](=O)[O-])c4c5cnn([N+](=O)[O-])c5n([N+](=O)[O-])c4c([N+](=O)[O-])c3nc([N+](=O)[O-])n2n1,1.8596766,7.921592,29.061354,5.7592373,3.142409,543.716,386.7288,138.41325,4.378657084479836
O=c1[nH]cc2nc3c(c(O)c2c1C=N[N+](=O)[O-])c(=O)n([N+](=O)[O-])c(=O)n3[N+](=O)[O-],1.847589,7.212409,24.111584,4.2207084,2.3154316,550.435,-350.1701,147.92328,4.314967818624124
O=c1[nH]nc([N+](=O)[O-])c2c([N+](=O)[O-])onc12,1.8739357,8.069271,30.138462,5.556614,3.150061,567.07263,79.615616,238.27034,3.4399588510191723
O=[N+]([O-])N=c1[nH]c([N+](=O)[O-])nc2[nH]c([N+](=O)[O-])c([N+](=O)[O-])c12,1.9189322,8.405092,33.118313,5.5157776,3.3522828,607.9448,138.47601,202.68378,4.064923091934768
O=c1[nH]c2nnc3cc([N+](=O)[O-])nn3c2c(=O)n1[N+](=O)[O-],1.8558446,7.527125,26.249134,4.57524,2.6299021,576.8162,105.96039,163.39305,3.6941391669908743
Nn1c(=O)n([N+](=O)[O-])c(=O)c2c([N+](=O)[O-])c[nH]c21,1.865395,7.5980554,26.871054,4.453492,2.711704,611.00793,-166.44843,161.16234,3.786293658397806
Nc1nc2nc([N+](=O)[O-])c([N+](=O)[O-])n2c(=O)[nH]1,1.8264496,7.3973727,24.971651,4.038181,2.5051284,624.96564,-82.0366,256.27783,3.444401966455941
O=[N+]([O-])c1c([N+](=O)[O-])n2nnnc2c2nn[nH]c12,1.8614285,8.144594,30.684958,5.759132,3.4499967,599.4893,628.6028,236.78207,3.658417887530377
Nc1c([N+](=O)[O-])c([N+](=O)[O-])nc2nc(=O)[nH]c([N+](=O)[O-])c12,1.8798785,7.5981193,26.828175,4.507932,2.6049676,580.9996,-92.95889,231.23116,3.618809774278322
O=c1[nH]c2nc([N+](=O)[O-])c([N+](=O)[O-])nc2[nH]1,1.8625724,7.470777,25.809717,4.167786,2.446751,591.10583,-78.83554,228.2196,3.43315169538411
Nn1nnc2c([N+](=O)[O-])c3c(c([N+](=O)[O-])c([N+](=O)[O-])c4nnn([N+](=O)[O-])c43)c([N+](=O)[O-])c21,1.8922485,8.289356,32.152824,5.9965215,3.473313,576.9479,528.36597,126.04013,4.1404469912647155
O=c1c2c(O)[nH][nH]c-2nc2[nH]nc([N+](=O)[O-])c12,1.7948228,6.5779696,19.691006,3.4312193,1.9439131,570.1805,-106.683044,280.0228,3.740141540924025
O=c1[nH]c(=O)n([N+](=O)[O-])c2c1cnn2[N+](=O)[O-],1.8777335,7.7713056,27.989128,4.589308,2.7422442,600.6942,-122.20835,137.24341,3.7800111972251704
Nc1c([N+](=O)[O-])c2c(c([N+](=O)[O-])nn2[N+](=O)[O-])c2nnn([N+](=O)[O-])c12,1.9173359,8.470095,33.708115,5.934299,3.5630229,599.9882,421.95383,132.52727,4.151796690722097
O=c1n2nnnc2nc2c3c([N+](=O)[O-])c([N+](=O)[O-])oc3nc([N+](=O)[O-])n12,1.8972402,7.918267,29.247868,5.07682,2.8286252,556.80756,247.60559,231.52406,3.870094928250226
Nn1c([N+](=O)[O-])nc2[nH]c([N+](=O)[O-])c([N+](=O)[O-])c2c1=O,1.8950735,8.0363455,30.100733,5.0403934,3.0418897,606.0662,-15.544736,249.39857,3.650449819060076
O=[N+]([O-])c1nn2c([N+](=O)[O-])c([N+](=O)[O-])oc2c1[N+](=O)[O-],1.9534086,8.972494,38.046024,6.5219493,3.8182814,581.3818,129.81604,239.33354,3.7230409433204317
O=c1[nH]nnc2c([N+](=O)[O-])c([N+](=O)[O-])n3nnnc3c12,1.8873664,7.959201,29.504145,5.2590594,3.0508244,582.2504,441.116,227.2429,3.6367851660208084
O=c1[nH]c([N+](=O)[O-])nc2nc([N+](=O)[O-])ncc12,1.8314068,7.180966,23.69837,4.151429,2.3294291,564.1042,-35.572887,249.1779,3.4807016988974118
Nc1c([N+](=O)[O-])[nH]c(=O)c2nn([N+](=O)[O-])c(N)c12,1.852537,7.4453373,25.68688,4.228651,2.6522863,632.12994,-37.074505,183.01808,3.8974959497235027
O=c1[nH]c([N+](=O)[O-])nc2c([N+](=O)[O-])n[nH]c12,1.8797194,7.6534147,27.220861,4.452996,2.630468,593.6851,-15.643735,275.36896,3.5495205683715882
O=[N+]([O-])c1nc2[nH]cc([N+](=O)[O-])c2nc1[N+](=O)[O-],1.8309947,7.7699265,27.687101,5.305953,3.019835,569.29987,137.21326,224.70178,3.432726964453453
O=[N+]([O-])c1nc2n[nH]c([N+](=O)[O-])c2c2ncnc(O)c12,1.7916944,6.9160876,21.72935,4.225052,2.3004255,547.11273,80.887985,249.79161,3.6919935576292
Nc1nc2n[nH]c([N+](=O)[O-])c2c2nc([N+](=O)[O-])oc12,1.8156654,7.20069,23.672998,4.3633637,2.4840171,571.5592,86.48276,282.4477,3.9233832630511447
O=c1[nH]c2cc([N+](=O)[O-])c3nnnn3c2c(=O)n1[N+](=O)[O-],1.8862997,7.6165905,27.08837,4.6050415,2.6363256,574.88245,101.461426,166.66672,3.5426500981649625
NN=c1c2[nH]c(=O)n([N+](=O)[O-])c2[nH]c(=O)n1[N+](=O)[O-],1.9450167,8.027633,30.632324,4.331859,2.8136938,653.5593,-116.94651,153.47044,4.253820020447595
O=[N+]([O-])c1nn([N+](=O)[O-])c2nc3nonc3c([N+](=O)[O-])c12,1.924989,8.613165,34.996716,6.406252,3.6731443,571.02386,531.8049,126.627655,3.8423075880435054
O=c1nc([N+](=O)[O-])nc2c([N+](=O)[O-])c[nH]n12,1.8497645,7.611852,26.646666,4.6153517,2.7181902,591.164,17.254656,276.34238,3.466929870697168
O=[N+]([O-])C1=CNc2nc([N+](=O)[O-])n([N+](=O)[O-])c2N1[N+](=O)[O-],1.8909355,8.704686,35.297928,6.2038474,3.8763504,624.4368,239.94775,127.12579,4.347457326725876
Nc1nc([N+](=O)[O-])nc2c(=O)n([N+](=O)[O-])nc([N+](=O)[O-])c12,1.8994303,8.116114,30.94561,5.163564,3.104621,601.7966,99.16016,154.239,3.733926697355246
O=[N+]([O-])c1nc([N+](=O)[O-])c2ncc3c([N+](=O)[O-])c4nonc4nc3c2n1,1.8388752,7.499074,25.961555,5.3880334,2.791679,515.46545,490.78885,233.1724,3.676071797155968
Nc1oc2nc3c(=O)n([N+](=O)[O-])c(=O)n([N+](=O)[O-])c3nc2c1[N+](=O)[O-],1.9180274,7.8849716,29.390932,4.7512383,2.7171133,572.61896,-150.96454,138.81203,4.025458928484333
O=[N+]([O-])c1oc2c(nc([N+](=O)[O-])n3nnnc23)c1[N+](=O)[O-],1.9144063,8.3868685,32.981613,5.962725,3.380991,564.6203,386.9744,240.81303,3.7322889645617243
O=[N+]([O-])c1nc2c(c([N+](=O)[O-])cn2[N+](=O)[O-])c2c1nnn2[N+](=O)[O-],1.9015236,8.392938,32.994534,6.0586367,3.5117066,577.02155,430.01913,116.16319,4.100431361682325
O=C1N([N+](=O)[O-])c2nc(=O)c(N[N+](=O)[O-])c([N+](=O)[O-])n21,1.9433361,8.422906,33.545986,5.238313,3.1758366,606.2168,-100.92372,127.23837,3.9043829551547518
O=[N+]([O-])c1cnc2c3nc([N+](=O)[O-])c([N+](=O)[O-])c([N+](=O)[O-])c3c3nc([N+](=O)[O-])nn3c2n1,1.8804793,7.8622684,28.874067,5.4209857,2.9297664,539.428,383.73337,211.26976,3.8153726547394076
O=c1[nH]c2nc([N+](=O)[O-])nc([N+](=O)[O-])c2[nH]1,1.8686059,7.4562206,25.753658,4.0795655,2.4040017,594.018,-109.768326,259.93036,3.393300532593413
O=[N+]([O-])c1cc2c(nc1[N+](=O)[O-])[nH]c1c([N+](=O)[O-])nnc([N+](=O)[O-])c12,1.8511652,7.719944,27.51181,5.384637,2.9295,542.9983,245.6307,223.9141,3.5961844164292254
O=[N+]([O-])c1[nH]nc2nc3c(nnc4c3cc([N+](=O)[O-])n4[N+](=O)[O-])c([N+](=O)[O-])c12,1.8601778,7.8256903,28.464302,5.576201,3.0726128,549.7137,478.05423,137.82095,3.95591058109991
O=c1nc([N+](=O)[O-])[nH]c2cn([N+](=O)[O-])nc12,1.8455896,7.717589,27.488567,4.8689184,2.8908954,596.1253,65.46579,147.62387,3.863712339391266
O=[N+]([O-])N=c1[nH]c([N+](=O)[O-])nc2c([N+](=O)[O-])c([N+](=O)[O-])oc12,1.9340122,8.584155,34.70257,5.884442,3.462987,585.9997,77.72398,195.53499,4.069227335966598
O=c1[nH]c([N+](=O)[O-])nc2c1nc([N+](=O)[O-])c1c2nnn1[N+](=O)[O-],1.8975986,7.9588566,29.69818,5.111191,2.9282708,573.61554,236.07889,123.49602,3.955794611683511
O=[N+]([O-])N=c1[nH]cnc2nc([N+](=O)[O-])c([N+](=O)[O-])nc12,1.8509955,7.9233813,28.966171,5.292632,3.1332357,591.9298,289.75394,194.07948,3.903013231288874
O=c1c2cc([N+](=O)[O-])n([N+](=O)[O-])c2nc2n([N+](=O)[O-])c([N+](=O)[O-])c([N+](=O)[O-])n12,1.9185673,8.405065,33.083035,5.7767386,3.3135161,572.59607,75.741776,131.55432,4.04243114845613
O=[N+]([O-])c1nc2n[nH]c([N+](=O)[O-])c2c2nn[nH]c12,1.8276601,7.558524,26.213013,4.961503,2.8878837,583.6843,395.86722,278.0047,3.9008945029149924
O=[N+]([O-])c1cc2nc([N+](=O)[O-])c([N+](=O)[O-])n2[nH]1,1.8265214,8.125901,30.097427,5.8490357,3.4912112,597.4677,192.83405,253.18684,3.707488120302095
N=c1[nH]c([N+](=O)[O-])nc2c1c(=N)[nH]n2[N+](=O)[O-],1.8453306,7.649279,27.166645,4.496997,2.911438,652.0229,149.19055,156.33002,4.580066581840556
O=[N+]([O-])c1cn2c([N+](=O)[O-])c([N+](=O)[O-])c3c([N+](=O)[O-])n[nH]c3c2n1,1.8674742,7.9484835,29.263344,5.539445,3.112859,560.866,233.92877,224.98216,3.7200450636054034
O=c1c2c(nc([N+](=O)[O-])n1C=N[N+](=O)[O-])c1cc([N+](=O)[O-])c([N+](=O)[O-])nc1n2[N+](=O)[O-],1.8772058,7.995097,29.73833,5.4464417,3.0648892,562.3404,138.32333,147.62709,4.226144604165251
O=c1[nH]oc2oc([N+](=O)[O-])c([N+](=O)[O-])c12,1.8945329,8.037587,30.058504,5.356239,2.948956,550.07306,-207.05498,251.76643,3.8249750418808404
O=[N+]([O-])c1nc2c3c([N+](=O)[O-])c([N+](=O)[O-])n([N+](=O)[O-])c3cc([N+](=O)[O-])n2c1[N+](=O)[O-],1.9112086,8.477927,33.643005,6.1797924,3.5018213,562.55054,195.08063,142.98059,3.999634979483753
O=[N+]([O-])c1ncc2c([N+](=O)[O-])c([N+](=O)[O-])[nH]c2n1,1.8468342,7.7821755,27.893303,5.2161937,2.9797108,572.2985,114.78952,256.6432,3.5916577336842215
O=c1c2[nH]cc([N+](=O)[O-])c2nc([N+](=O)[O-])n1[N+](=O)[O-],1.8851283,7.9872622,29.81607,5.227387,3.0247524,577.98035,-4.3726172,133.3709,3.610846174293748
O=c1[nH]c2nc([N+](=O)[O-])ncc2c(=N[N+](=O)[O-])n1[N+](=O)[O-],1.9028664,8.062748,30.423588,5.008558,3.0182602,603.8506,68.248535,133.38321,3.999291697355247
O=[N+]([O-])c1nn([N+](=O)[O-])c2c([N+](=O)[O-])nc3cnoc3c12,1.8398931,8.01061,29.544933,6.0227695,3.331218,549.8013,351.77365,120.05362,3.988797466586015
O=[N+]([O-])c1oc2c([N+](=O)[O-])c3c([N+](=O)[O-])nn([N+](=O)[O-])c3cc2c1[N+](=O)[O-],1.8899522,8.258772,31.77072,6.102991,3.33351,541.89594,102.418396,141.43991,3.9284538058250202
O=c1c2nc([N+](=O)[O-])nn2c([N+](=O)[O-])cn1[N+](=O)[O-],1.9118176,8.435299,33.430107,5.682277,3.3999784,596.9778,136.1774,150.57472,3.7921006358322096
O=c1[nH]cnn2c([N+](=O)[O-])c([N+](=O)[O-])nc12,1.8357317,7.6616898,26.881823,4.8191924,2.8272972,589.59796,75.53366,257.8385,3.599247580893949
O=[N+]([O-])c1[nH]c2ncn3nnc([N+](=O)[O-])c3c2c1[N+](=O)[O-],1.8441068,7.753351,27.61494,5.2886,3.0128114,570.58124,335.42242,252.38503,3.762417709500995
O=c1[nH]c([N+](=O)[O-])nc2[nH]nc([N+](=O)[O-])c12,1.8715031,7.6105905,26.865204,4.3802586,2.598721,597.2095,-38.96246,262.29883,3.423501248156918
O=[N+]([O-])c1c([N+](=O)[O-])n([N+](=O)[O-])c2nc3nn[nH]c3nc12,1.876994,8.229081,31.617878,5.7270627,3.3966508,591.9237,492.51816,138.55733,4.058676818812737
O=c1[nH]c([N+](=O)[O-])nc2nn([N+](=O)[O-])cc12,1.8534348,7.6766934,27.237225,4.7387915,2.8086393,595.0087,32.83124,147.31076,3.816960639927938
N=c1[nH]c(=O)[nH]c2nc([N+](=O)[O-])c([N+](=O)[O-])nc12,1.8376539,7.2046165,23.861675,3.9310858,2.321046,595.0272,-60.249607,228.84598,3.7089317721457604
O=[N+]([O-])Nc1nc([N+](=O)[O-])nc2c([N+](=O)[O-])n3c([N+](=O)[O-])cc([N+](=O)[O-])c3c([N+](=O)[O-])c12,1.8910987,8.271715,31.94905,5.8317294,3.3466802,571.5966,200.10587,129.57976,3.976087017121211
O=[N+]([O-])c1nc2n[nH]c([N+](=O)[O-])c2c2c1ncn2[N+](=O)[O-],1.8622762,7.870445,28.859123,5.3844514,3.1043882,575.9745,348.22873,127.26332,3.9863124463431
O=c1[nH]c2c3c([N+](=O)[O-])nn([N+](=O)[O-])c3nnc2n1[N+](=O)[O-],1.9548334,8.431337,33.819424,5.463498,3.2601933,597.31256,279.14642,135.40689,4.027201062532259
O=c1[nH]c(=O)n([N+](=O)[O-])c2nc([N+](=O)[O-])c([N+](=O)[O-])cc12,1.9058081,7.7325544,28.031284,4.606787,2.6053267,567.17804,-226.8661,143.67412,3.3652816623902106
O=[N+]([O-])c1c2nn[nH]c2nc2c(O)c3n[nH]nc3c([N+](=O)[O-])c12,1.828751,7.15799,23.594685,4.4829493,2.4699607,553.2398,301.52487,235.4054,3.900382080666141
O=c1c([N+](=O)[O-])nn([N+](=O)[O-])c2nc3c(=O)n([N+](=O)[O-])c(=O)n(C=N[N+](=O)[O-])c3nc12,1.9258957,8.116182,31.155014,5.095808,2.926442,574.66345,23.441988,133.97287,4.433784566641798
O=[N+]([O-])c1nnc2n1c([N+](=O)[O-])nc1nnc([N+](=O)[O-])n12,1.9191992,8.559603,34.45566,5.8490906,3.5579152,607.2012,538.9963,224.13081,3.8426476690151663
O=c1[nH]c([N+](=O)[O-])nc2c([N+](=O)[O-])c([N+](=O)[O-])c3nnnn3c12,1.9226608,8.042095,30.397135,5.1757,2.9470751,570.4051,265.56873,226.35959,3.549506026075571
O=[N+]([O-])c1nc2c([N+](=O)[O-])c3cn[nH]c3c([N+](=O)[O-])c2c([N+](=O)[O-])c1[N+](=O)[O-],1.8677404,7.915239,29.032003,5.716077,3.0890706,537.7691,217.62225,208.05504,3.6146135737686933
O=c1[nH]ncn2c([N+](=O)[O-])c([N+](=O)[O-])nc12,1.84536,7.761376,27.695757,5.0094867,2.9507308,590.93097,110.17813,259.0391,3.472706614883216
O=[N+]([O-])c1nc2c(nc([N+](=O)[O-])c3c2nnn3[N+](=O)[O-])o1,1.9031671,8.286245,32.185493,5.7384224,3.273438,567.9334,324.22488,117.080536,4.17522256780059
O=[N+]([O-])c1cc([N+](=O)[O-])c2c([N+](=O)[O-])c3c([N+](=O)[O-])nnn3c([N+](=O)[O-])c2n1,1.8847961,8.187016,31.172997,5.9725795,3.2993195,549.3127,333.0391,217.53758,3.695950372105491
O=[N+]([O-])c1cn2c(n1)c([N+](=O)[O-])nc1c3c(nnn3[N+](=O)[O-])c([N+](=O)[O-])c([N+](=O)[O-])c12,1.8938159,8.151708,31.116383,5.785629,3.2295432,556.1176,432.855,143.0646,4.0847001818229725
Nc1nc([N+](=O)[O-])nc2c([N+](=O)[O-])[nH]c([N+](=O)[O-])c12,1.8775165,7.840935,28.60569,4.896529,2.9387827,603.0044,74.103714,270.2133,3.7455858666014406
O=[N+]([O-])c1nc2noc([N+](=O)[O-])c2c2c1nnn2[N+](=O)[O-],1.9033753,8.4839525,33.734043,6.288787,3.5960603,568.23334,476.94608,112.03923,4.141442810715571
O=c1oc2c([N+](=O)[O-])c3nonc3c([N+](=O)[O-])c2n1[N+](=O)[O-],1.9437168,8.377013,33.214165,5.803565,3.184837,544.04596,52.47295,124.7171,3.689176551450121
O=[N+]([O-])N=c1[nH]c([N+](=O)[O-])nc2c1cc([N+](=O)[O-])n2[N+](=O)[O-],1.8923109,8.409361,32.872116,5.8328757,3.5175297,603.0613,210.92413,133.02107,4.221506381059436
O=c1[nH]c([N+](=O)[O-])c([N+](=O)[O-])c2c1cnn2[N+](=O)[O-],1.8767263,8.006322,29.717531,5.335377,3.0866878,579.40015,25.446337,127.63179,3.658512943524517
O=[N+]([O-])c1nc2nc3c(nnn3[N+](=O)[O-])c([N+](=O)[O-])c2o1,1.9174917,8.3647785,32.988438,5.801887,3.3122997,568.6085,330.69278,127.90553,4.089937547557676
O=c1[nH]c2cc([N+](=O)[O-])c([N+](=O)[O-])c([N+](=O)[O-])c2c([N+](=O)[O-])c1[N+](=O)[O-],1.9012684,8.049492,30.154882,5.5417337,3.008682,542.2663,-135.10403,205.03526,3.1438168603017775
O=c1[nH]c([N+](=O)[O-])c([N+](=O)[O-])[nH]1,1.9054992,8.201554,31.29241,4.715458,3.008921,643.5591,-203.50137,258.28278,3.5639614125244625
O=[N+]([O-])c1[nH]c2cc([N+](=O)[O-])n([N+](=O)[O-])c2c1[N+](=O)[O-],1.8629345,8.3689165,32.323227,6.1366673,3.6180751,587.60236,122.44141,132.08977,3.8259471563381835
O=c1c2n[nH]c([N+](=O)[O-])c2cnn1[N+](=O)[O-],1.8595726,7.91116,29.061703,5.2816668,3.1200895,591.7688,155.65167,156.06291,3.783311266046006
Nn1c(=O)[nH]c(=O)c2oc([N+](=O)[O-])nc21,1.8424273,7.116709,23.277533,3.609258,2.151583,601.31415,-306.69635,274.99957,3.73911504188084
O=c1[nH]c(=O)c2oc([N+](=O)[O-])nc2[nH]1,1.8382007,6.772179,21.031017,3.1500692,1.758145,564.1627,-418.12787,278.5533,3.583610545206308
O=c1[nH]c2nc([N+](=O)[O-])c3c([N+](=O)[O-])c([N+](=O)[O-])c([N+](=O)[O-])nc3c2[nH]1,1.9002508,7.7219734,27.899475,4.777207,2.6300874,552.6,-38.380978,211.4408,3.594426144982055
O=[N+]([O-])c1c([N+](=O)[O-])c2c([N+](=O)[O-])cn([N+](=O)[O-])c2c2nn[nH]c12,1.8763065,8.1043625,30.558947,5.8286214,3.3148515,565.8478,328.24612,155.85039,3.8528491501438635
O=c1nc[nH]c2nc3c(=O)n([N+](=O)[O-])c(=O)[nH]c3nc12,1.7955577,6.4409356,19.083683,3.116284,1.7080929,551.6261,-199.68011,174.68304,3.547444746440388
O=[N+]([O-])c1n[nH]c2nc([N+](=O)[O-])n3nnnc3c12,1.8735001,8.064985,30.225662,5.4228883,3.2631853,603.2392,533.47064,245.9996,3.5932080413765295
O=c1[nH]ncc2c([N+](=O)[O-])c([N+](=O)[O-])nn12,1.8538337,7.8191824,28.181988,5.0884185,2.9975088,591.00793,136.30344,253.33566,3.32797566676157
O=c1c2[nH]nc([N+](=O)[O-])c2cnn1[N+](=O)[O-],1.8505718,7.875266,28.717798,5.2489533,3.1037705,591.93835,145.00623,152.88098,3.6268239672982423
O=[N+]([O-])Nn1nnc2c1c([N+](=O)[O-])c([N+](=O)[O-])n2[N+](=O)[O-],1.9369435,9.256528,40.217865,6.8806,4.4134517,640.2536,476.00943,127.89014,4.071558865187415
O=[N+]([O-])N=c1[nH]c([N+](=O)[O-])nc2c1cnn2[N+](=O)[O-],1.878745,8.327911,32.163006,5.696599,3.522625,619.5406,315.64322,134.42764,4.1980643281399015
N=c1c2c([N+](=O)[O-])c3[nH]nc([N+](=O)[O-])c3c([N+](=O)[O-])c2nc([N+](=O)[O-])n1[N+](=O)[O-],1.9247689,8.302759,32.549026,5.682435,3.2934318,577.721,247.12665,137.1201,4.038154597634585
O=[N+]([O-])N=Cc1c2c([N+](=O)[O-])c([N+](=O)[O-])c3nn[nH]c3c2nc2c1c([N+](=O)[O-])nn2[N+](=O)[O-],1.869263,7.999855,29.736845,5.6424484,3.1845615,563.25616,483.61465,153.56393,4.41173197020365
O=c1[nH]c([N+](=O)[O-])nc2n[nH]c([N+](=O)[O-])c12,1.8685254,7.6093187,26.853167,4.4343877,2.6207268,594.2972,-31.290968,270.08118,3.591912339391266
O=c1c([N+](=O)[O-])c([N+](=O)[O-])[nH]c2ncnn12,1.8389543,7.6249557,26.626413,4.7026677,2.766019,591.25073,48.55579,241.34373,3.6112744145254343
O=[N+]([O-])c1[nH]c2ncnc([N+](=O)[O-])c2c1[N+](=O)[O-],1.8279182,7.7458024,27.423409,5.263969,3.0028813,572.2621,132.57465,247.1401,3.448494272145761
O=c1nc([N+](=O)[O-])c2ncc([N+](=O)[O-])n([N+](=O)[O-])c-2n1,1.8985116,8.078175,30.53567,5.286525,3.0474138,576.1256,103.53226,119.167175,3.747128277249203
O=c1c2[nH]ncc2c([N+](=O)[O-])nn1[N+](=O)[O-],1.832148,7.8257313,28.112736,5.2803097,3.1158638,591.03705,150.25537,146.56276,3.6590887257955593
O=[N+]([O-])c1nc(O)c2c([N+](=O)[O-])n[nH]c2n1,1.8525885,7.6227717,26.810274,4.534506,2.6937103,596.86743,-26.631468,267.56683,3.512622178389476
O=[N+]([O-])c1nc2c(nc([N+](=O)[O-])n2[N+](=O)[O-])c2cnn([N+](=O)[O-])c12,1.8824887,8.295692,31.989504,5.957084,3.4360883,576.1708,402.9117,125.188736,4.070941217451557
O=[N+]([O-])N=c1c2cnc([N+](=O)[O-])nc2nc([N+](=O)[O-])n1[N+](=O)[O-],1.8845494,8.405834,32.85268,5.88537,3.517076,596.51624,327.4803,113.54535,4.0694850440961545
O=c1[nH]c2cc([N+](=O)[O-])oc2c(O)c1[N+](=O)[O-],1.8292918,7.037671,22.571037,4.1128097,2.1605303,528.34564,-455.0283,267.37915,3.2244296587636327
O=c1[nH]c([N+](=O)[O-])nc2[nH]c3ncn([N+](=O)[O-])c(=O)c3c12,1.8377085,6.970624,22.557007,3.808831,2.1161854,558.86835,-149.05708,165.17148,3.789373984804639
O=c1c2cc([N+](=O)[O-])c(=O)n([N+](=O)[O-])c2[nH]n1[N+](=O)[O-],1.9188215,8.177062,31.443924,5.302664,3.090345,582.4083,-98.43223,163.46263,3.838738872314515
O=c1[nH]c2nc([N+](=O)[O-])[nH]c2c(=O)n1[N+](=O)[O-],1.9097952,7.732473,28.178663,4.1836386,2.5217004,605.34796,-214.051,163.6619,3.677078889532863
O=[N+]([O-])c1c([N+](=O)[O-])c2n(nnc3nnc([N+](=O)[O-])n32)c1[N+](=O)[O-],1.9280511,8.75658,35.996346,6.3742337,3.788971,592.2012,568.92535,235.47223,3.8196681405284796
O=c1c2c(nnn2[N+](=O)[O-])c([N+](=O)[O-])c2[nH]cnn12,1.8717917,7.798725,28.334923,5.0272427,2.941891,587.288,264.41675,152.33072,4.006710481986056
O=c1c2c([N+](=O)[O-])ncc([N+](=O)[O-])c2nc2oc([N+](=O)[O-])c([N+](=O)[O-])n12,1.8921424,7.828215,28.57151,5.1816664,2.7608106,531.1906,-73.76541,231.85025,3.7850595897981094
O=c1[nH]c(=O)n2c([N+](=O)[O-])cc([N+](=O)[O-])c2[nH]1,1.8526038,7.100717,23.127281,3.6939478,2.1106362,577.85724,-355.65512,265.61267,3.343438889532864
O=[N+]([O-])c1oc2c(nc([N+](=O)[O-])n3c([N+](=O)[O-])nnc23)c1[N+](=O)[O-],1.9210862,8.424493,33.344284,5.963604,3.3437653,557.5157,245.30972,230.22852,3.856736890528479
O=[N+]([O-])c1nc2nonc2n1[N+](=O)[O-],1.8817855,8.9490385,37.215992,6.9374533,4.2844763,614.32196,458.46854,110.60887,3.8303745128176434
O=c1c2[nH]ncc2c(O)c([N+](=O)[O-])n1[N+](=O)[O-],1.8387532,7.509778,25.963133,4.6856546,2.6906245,575.3454,-147.49739,137.6446,3.632546581840556
O=c1[nH]c([N+](=O)[O-])nc2c1nc([N+](=O)[O-])c1nncn12,1.850597,7.3242335,24.81136,4.384754,2.4652555,564.99066,190.85052,249.96556,3.619756914272556
N=c1[nH]cnc2c1n([N+](=O)[O-])c(=O)n2[N+](=O)[O-],1.869327,7.788877,28.325983,4.6859107,2.9034517,622.5674,47.469242,150.0705,4.248518889532864
Nc1nn([N+](=O)[O-])c2nc([N+](=O)[O-])n3nc([N+](=O)[O-])c([N+](=O)[O-])c3c12,1.908778,8.401657,33.176083,5.7431555,3.4701533,604.8083,373.90176,146.28088,3.9676281592535645
O=[N+]([O-])c1c([N+](=O)[O-])c([N+](=O)[O-])c2[nH]ncc2c1[N+](=O)[O-],1.8697349,8.135803,30.577114,5.953271,3.3410344,559.0144,154.55771,213.01189,3.1712920120405608
O=[N+]([O-])c1c([N+](=O)[O-])c([N+](=O)[O-])c2nonc2c1[N+](=O)[O-],1.9493897,8.880651,37.19724,6.906629,3.869655,554.56946,317.1494,211.10205,3.0769998274451673
O=c1[nH]c2nc([N+](=O)[O-])c([N+](=O)[O-])c([N+](=O)[O-])c2[nH]1,1.9000098,7.8434067,28.683872,4.7176228,2.7177112,578.9186,-126.83362,217.16667,3.2719837127552864
O=[N+]([O-])c1cc2c([N+](=O)[O-])c3n[nH]nc3nc2c([N+](=O)[O-])c1[N+](=O)[O-],1.8621154,7.813581,28.271076,5.5549493,3.0211828,542.9916,322.58887,210.23216,3.43855112136608
O=c1[nH]c2nnc([N+](=O)[O-])n2cc1[N+](=O)[O-],1.8716967,7.739852,27.695566,4.759881,2.8110268,593.53156,63.917027,263.84244,3.4750443608581714
O=[N+]([O-])c1c2c(cnn2[N+](=O)[O-])c([N+](=O)[O-])n2nnnc12,1.8860565,8.358712,32.486603,6.16548,3.6239104,585.5719,577.9315,119.071915,3.7502622439139515
O=[N+]([O-])c1[nH]c2nc([N+](=O)[O-])n3ncnc3c2c1[N+](=O)[O-],1.8447636,7.6939793,27.237799,5.112492,2.9074633,570.65247,281.0442,249.48042,3.6257415961406707
O=[N+]([O-])c1c([N+](=O)[O-])n([N+](=O)[O-])c2nc([N+](=O)[O-])n([N+](=O)[O-])c12,1.9661102,9.248916,40.471268,6.806509,4.1552043,606.0448,275.89825,123.91188,3.991693358371487
O=[N+]([O-])c1nc2c([N+](=O)[O-])n3nnnc3c([N+](=O)[O-])c2[nH]1,1.9093194,8.260103,31.959734,5.6362643,3.3011045,585.9954,442.81888,249.72696,3.681939976707474
O=[N+]([O-])N=c1[nH]c([N+](=O)[O-])nc2c([N+](=O)[O-])c3[nH]c([N+](=O)[O-])nc3nc12,1.8902745,7.9818363,29.767433,5.1426134,2.9970708,582.57416,247.07913,193.70546,4.163637401551572
O=[N+]([O-])Nc1c([N+](=O)[O-])c([N+](=O)[O-])nc2nc([N+](=O)[O-])[nH]c12,1.8930938,8.380747,32.819077,5.662031,3.4300532,605.4102,164.07236,145.89381,3.743592057452009
O=c1[nH]c([N+](=O)[O-])nc2c([N+](=O)[O-])c([N+](=O)[O-])ncc12,1.8620409,7.570636,26.50449,4.786845,2.638538,552.7917,-52.41734,220.48628,3.4406763178878084
NN=c1c2c(nc([N+](=O)[O-])n2[N+](=O)[O-])c(=N[N+](=O)[O-])[nH]n1[N+](=O)[O-],1.9226117,8.912761,37.25535,6.1880736,4.066964,658.82697,438.02963,138.6406,4.663960276517491
O=c1[nH]c(=O)c2c(nnn2[N+](=O)[O-])[nH]1,1.8501899,7.3494506,24.894392,3.8058136,2.3527935,622.74634,-106.92365,148.94241,3.5613364561374823
O=[N+]([O-])N=c1[nH]c([N+](=O)[O-])cc2c([N+](=O)[O-])ncnc12,1.8204484,7.61682,26.555027,5.177839,2.9874012,578.0252,211.45819,169.24895,3.903308103083746
O=c1[nH]c2c([nH]c3nc([N+](=O)[O-])c4c(ncn4[N+](=O)[O-])c32)c(=O)n1[N+](=O)[O-],1.872833,7.332946,25.125511,4.3002844,2.377003,555.10315,-61.282543,143.8808,4.050030703671531
O=c1[nH]c([N+](=O)[O-])nn2c([N+](=O)[O-])cnc12,1.8379154,7.6310725,26.661152,4.7344007,2.779141,590.073,46.275105,272.24768,3.503158493237419
O=c1[nH]c(=O)c2[nH]c([N+](=O)[O-])nc(=O)c2[nH]1,1.830332,6.419649,18.960209,2.694446,1.5139515,567.4686,-446.8555,272.81516,3.2417302284789233
NN=c1[nH]c(=O)n([N+](=O)[O-])o1,1.8672292,8.322574,32.028656,4.823062,3.4083138,712.28845,-73.825325,172.39275,4.595684155925877
O=[N+]([O-])c1onc2c1c([N+](=O)[O-])c([N+](=O)[O-])c1c2nc([N+](=O)[O-])n1[N+](=O)[O-],1.9223355,8.610551,34.878002,6.45478,3.6084871,553.35425,279.1689,123.82506,3.95439096725514
O=c1c2c(=O)n([N+](=O)[O-])c(C=N[N+](=O)[O-])nc2c([N+](=O)[O-])nn1[N+](=O)[O-],1.9153634,8.4029,33.12276,5.6652317,3.3239224,585.0261,99.325195,140.32162,4.350082204395787
O=c1c2cc3c([N+](=O)[O-])c([N+](=O)[O-])n(N[N+](=O)[O-])c3nc2n([N+](=O)[O-])n1[N+](=O)[O-],1.9009173,8.402857,32.86239,5.8659463,3.4250085,584.46936,145.19269,132.014,4.168807634071833
O=[N+]([O-])c1ncc2c([N+](=O)[O-])n3nnnc3c([N+](=O)[O-])c2n1,1.8617206,7.938755,29.149426,5.6310525,3.173438,562.6299,506.64536,238.25417,3.6385987418021415
O=c1c2c([N+](=O)[O-])c([N+](=O)[O-])[nH]c2n(C=N[N+](=O)[O-])c(=O)n1[N+](=O)[O-],1.9297277,8.267312,32.164272,5.1696897,3.0748217,595.0448,-143.41158,167.9264,4.334347804223979
O=[N+]([O-])c1nc([N+](=O)[O-])c2c([N+](=O)[O-])c3nc([N+](=O)[O-])oc3c([N+](=O)[O-])c2n1,1.9192607,8.215172,31.77665,5.7214417,3.0912082,536.7042,101.791534,214.49937,3.974316068571187
O=c1c2c([N+](=O)[O-])nc3[nH]nc([N+](=O)[O-])c3c2nc([N+](=O)[O-])n1C=N[N+](=O)[O-],1.8666466,7.8251815,28.416695,5.059474,2.8952081,572.6461,157.66644,186.03444,4.1722463138934325
Nc1c([N+](=O)[O-])c([N+](=O)[O-])c2[nH]c([N+](=O)[O-])nc2c1O,1.8704665,7.621647,26.94119,4.619456,2.7034924,587.7432,-163.8634,241.27376,3.501931180006822
Nc1c([N+](=O)[O-])c2nnc([N+](=O)[O-])n2c2c([N+](=O)[O-])cc([N+](=O)[O-])c([N+](=O)[O-])c12,1.8659812,7.943536,29.194996,5.558885,3.1289454,562.1226,211.91391,224.73117,3.5904610753673794
NN=c1[nH]c([N+](=O)[O-])nc2c([N+](=O)[O-])cc([N+](=O)[O-])nc12,1.8144248,7.6137176,26.452454,5.0136275,2.9965887,599.4422,217.74213,246.46913,3.8164606533992025
NN=c1nc2cc([N+](=O)[O-])[nH]c2c([N+](=O)[O-])n1[N+](=O)[O-],1.8298014,7.9395046,28.879425,5.3709,3.330659,622.87415,226.8504,132.71313,4.139549177104065
O=c1c2c(nc([N+](=O)[O-])n2[N+](=O)[O-])c([N+](=O)[O-])nn1[N+](=O)[O-],1.9628712,8.947782,37.974895,6.2308717,3.7526748,599.4,192.89636,135.60077,4.041583276215096
O=[N+]([O-])c1nc2c([N+](=O)[O-])[nH]n(-c3ccc([N+](=O)[O-])c([N+](=O)[O-])n3)c-2n1,1.8171228,7.633383,26.63743,5.281359,2.9710326,563.16205,261.7763,229.50607,3.7080237751779466
Nc1c([N+](=O)[O-])c([N+](=O)[O-])c2nn[nH]c2c1[N+](=O)[O-],1.8873739,8.088288,30.465708,5.4262085,3.2562702,601.5371,212.9921,234.93541,3.460848020447595
N=c1nc2n([nH]1)C([N+](=O)[O-])=C(N[N+](=O)[O-])C2=O,1.8209109,7.7689233,27.598433,4.912375,3.0687525,627.7901,94.70065,150.18663,4.3601096587636325
O=c1[nH]c([N+](=O)[O-])c([N+](=O)[O-])c2nc(O)[nH]c12,1.8766845,7.265131,24.464539,3.8782787,2.2147734,575.7151,-307.49164,249.83492,3.588217351071325
O=c1nnc([N+](=O)[O-])c2ncn([N+](=O)[O-])c(=O)n12,1.9060565,8.037635,30.393894,4.929149,2.9370918,595.40436,69.50691,149.55907,3.8320731182996077
O=c1nc([N+](=O)[O-])[nH]c2nc3c([N+](=O)[O-])c4oc([N+](=O)[O-])nc4c([N+](=O)[O-])c3nc12,1.8810722,7.5394135,26.500393,4.7807746,2.4984586,522.9727,10.771762,235.47209,3.983860357524515
O=c1nc2n([N+](=O)[O-])c3nc([N+](=O)[O-])ccc3nc-2c(=O)[nH]1,1.7854997,6.7347436,20.619108,3.8772762,2.070873,538.41394,-89.22789,129.53836,3.3659633571867573
O=c1[nH]c(=O)c2nc([N+](=O)[O-])c([N+](=O)[O-])cc2[nH]1,1.8341602,6.8885794,21.733843,3.6814046,2.00901,550.8757,-303.28442,232.35916,2.9619865798380687
O=[N+]([O-])c1c2nnn([N+](=O)[O-])c2c([N+](=O)[O-])n2nnnc12,1.9337132,8.801702,36.52906,6.4522667,3.9060242,602.988,682.72675,111.90727,3.825531879541481
O=c1c2c(cc([N+](=O)[O-])n2[N+](=O)[O-])nc([N+](=O)[O-])n1[N+](=O)[O-],1.8971827,8.454719,33.248043,5.957653,3.4751952,581.1564,74.52623,130.31133,3.9598375272272417
O=c1c2[nH]ncc2nc([N+](=O)[O-])n1[N+](=O)[O-],1.8208811,7.704454,27.178894,5.0692716,2.9852328,589.836,117.61932,134.17714,3.642441140822392
O=[N+]([O-])Nn1nc([N+](=O)[O-])c2nc([N+](=O)[O-])c([N+](=O)[O-])c([N+](=O)[O-])c21,1.9420934,8.94215,37.72632,6.4682426,3.9313276,606.2234,334.05652,133.51276,3.915007449194394
O=c1[nH]c([N+](=O)[O-])nc2nc([N+](=O)[O-])cnc12,1.8215624,7.185121,23.658127,4.233934,2.3667579,561.6875,-6.509153,255.9029,3.453503036690054
O=[N+]([O-])c1cc2c3[nH]nc([N+](=O)[O-])c3nnn2c1[N+](=O)[O-],1.8438706,7.8900247,28.583574,5.6994553,3.23389,567.1971,428.16562,250.93135,3.589059005047554
O=[N+]([O-])N=c1[nH]c([N+](=O)[O-])nc2c([N+](=O)[O-])cc([N+](=O)[O-])nc12,1.8711078,8.088179,30.329103,5.511005,3.2129006,582.2715,194.94525,193.95174,3.854193240817465
O=c1c2nnc3c(cc([N+](=O)[O-])n3[N+](=O)[O-])c2nc2c([N+](=O)[O-])c([N+](=O)[O-])[nH]n12,1.8856422,7.866905,28.931004,5.3412356,2.9614146,552.8409,272.74103,137.29726,4.016701607911758
Nc1c2nc3c([N+](=O)[O-])c([N+](=O)[O-])c([N+](=O)[O-])c([N+](=O)[O-])c3c([N+](=O)[O-])c2nc2nc[nH]c(=O)c12,1.8393412,7.283899,24.472986,4.6736536,2.4743435,531.79315,30.066378,213.08705,3.742174608695035
O=[N+]([O-])c1cc([N+](=O)[O-])c2[nH]c([N+](=O)[O-])c([N+](=O)[O-])c2n1,1.871248,8.0118,29.737284,5.5977683,3.1328063,558.3132,68.05998,251.52194,3.488036627425176
O=[N+]([O-])c1cnc2nn([N+](=O)[O-])c([N+](=O)[O-])c2c1[N+](=O)[O-],1.8834475,8.461783,33.304375,6.302708,3.6432943,575.06903,301.65955,138.12683,3.606438865187415
O=c1c2ncc([N+](=O)[O-])nc2nc([N+](=O)[O-])n1[N+](=O)[O-],1.8865012,8.031284,30.225006,5.3217072,3.0457947,570.9413,123.76294,131.10869,3.6473131829095795
O=[N+]([O-])NN=c1[nH]c([N+](=O)[O-])nc2c1cnn2[N+](=O)[O-],1.8613228,8.278295,31.631779,5.6112995,3.5598748,636.58984,340.55618,141.52934,4.355500410776052
O=c1ncc([N+](=O)[O-])c2nc([N+](=O)[O-])n([N+](=O)[O-])n12,1.8793393,8.260592,31.697798,5.5504665,3.3075767,595.116,117.45395,121.839294,3.6818880204475946
O=c1[nH]c2[nH]c([N+](=O)[O-])nc2c(=O)n1[N+](=O)[O-],1.9208069,7.7655835,28.526114,4.1813736,2.5246189,606.2946,-214.1437,166.27626,3.904241966455941
O=[N+]([O-])c1nc2c(cnn2[N+](=O)[O-])c2c1cnn2[N+](=O)[O-],1.8468751,7.883674,28.741745,5.6512494,3.2312887,571.2696,418.30673,132.67125,4.001149693306663
O=c1[nH]c2nc3c([N+](=O)[O-])nc4nc5c([N+](=O)[O-])c([N+](=O)[O-])ccc5c([N+](=O)[O-])c4c3nc2c(=O)n1[N+](=O)[O-],1.8515513,7.219381,24.191788,4.5628834,2.3429434,514.08374,14.515887,184.4019,3.9756359738075613
O=c1[nH]c2cnc([N+](=O)[O-])c([N+](=O)[O-])c2n1[N+](=O)[O-],1.869035,7.937688,29.231329,5.1814523,3.0160534,582.48914,-4.0900245,134.25887,3.540756943524517
O=[N+]([O-])c1c2c(nnn2[N+](=O)[O-])c([N+](=O)[O-])n2nnnc12,1.937302,8.800095,36.584393,6.440534,3.8966599,602.18713,696.7495,113.00957,3.825531879541481
O=c1c2c([N+](=O)[O-])cc([N+](=O)[O-])c([N+](=O)[O-])c2nc2c3cc([N+](=O)[O-])oc3c([N+](=O)[O-])c([N+](=O)[O-])n12,1.8697672,7.633047,26.983255,5.3036356,2.6885786,504.7196,-130.40875,222.34088,3.731784315941036
O=[N+]([O-])NN=c1[nH]c([N+](=O)[O-])nc2c(O)cc([N+](=O)[O-])nc12,1.8331704,7.631382,26.74042,4.8015757,2.8645253,598.4445,8.631457,155.40181,4.123328572310616
O=c1c2[nH]nnc2c2c([N+](=O)[O-])cn([N+](=O)[O-])c2n1N[N+](=O)[O-],1.8530642,7.9234033,28.98326,5.3032136,3.1663854,598.2681,239.90271,150.32097,4.17288220473562
O=[N+]([O-])N=c1nc([N+](=O)[O-])[nH]c2[nH]cc([N+](=O)[O-])c12,1.8689693,7.9224014,29.134071,5.132821,3.0987525,605.72516,126.608215,153.27928,3.973248943524517
NN=c1[nH]c(=O)n([N+](=O)[O-])c2c([N+](=O)[O-])ncnc12,1.8250284,7.567687,26.340883,4.622906,2.8726368,624.30133,139.19284,131.82613,4.0479828801761
O=c1nc([N+](=O)[O-])[nH]c2cc([N+](=O)[O-])n([N+](=O)[O-])c12,1.8585081,7.8942814,28.78168,5.1866937,3.002932,579.6168,-19.031233,138.8065,3.7494101742937476
O=c1c2ncn([N+](=O)[O-])c2n([N+](=O)[O-])c(=O)n1[N+](=O)[O-],1.9345827,8.494544,34.001434,5.4875264,3.306295,602.27606,-21.483656,120.44762,4.103661061663628
O=[N+]([O-])c1nc([N+](=O)[O-])c2[nH]cc([N+](=O)[O-])c2n1,1.8543808,7.801367,28.118515,5.2197356,2.9748287,569.99646,111.12601,266.5665,3.481733695222685
O=c1[nH]c(=O)c2cc([N+](=O)[O-])c([N+](=O)[O-])nc2[nH]1,1.8355057,6.8539844,21.531193,3.607572,1.9670837,551.1761,-326.45648,230.42845,2.9160115798380684
O=c1[nH]c2nc([N+](=O)[O-])cnc2nc1[N+](=O)[O-],1.840391,7.2929792,24.522608,4.3609014,2.433189,560.46234,20.553408,245.17464,3.4149896587636333
N=c1[nH]c([N+](=O)[O-])nc2nc([N+](=O)[O-])nnc12,1.8499167,7.705396,27.497913,4.7515926,2.8982124,612.93866,292.5951,248.27724,3.940803371138215
Nc1n[nH]c2nc([N+](=O)[O-])c([N+](=O)[O-])c([N+](=O)[O-])c12,1.855003,7.929042,29.031843,5.2312346,3.1536508,604.8008,171.82089,223.98163,3.323067712755287
N=c1c2c(nc([N+](=O)[O-])c3ncnc(N[N+](=O)[O-])c32)[nH]n1[N+](=O)[O-],1.8272446,7.584793,26.578903,4.9168544,2.941652,599.9256,326.61725,140.20882,4.094497419374634
Nc1c([N+](=O)[O-])nc2c3c([N+](=O)[O-])n[nH]c3[nH]c(=O)n2c1=O,1.8658093,7.04569,23.008013,3.6108077,2.093058,584.55237,-167.83665,269.11136,3.7571822880863657
O=c1c([N+](=O)[O-])nc2c3c([N+](=O)[O-])c4[nH]nnc4nc3c1=2,1.7787386,6.9439783,21.814388,4.6445417,2.3815045,512.70386,292.39926,263.39984,4.0044141774613475
Nn1nc([N+](=O)[O-])c2c([N+](=O)[O-])c3c([N+](=O)[O-])c([N+](=O)[O-])n([N+](=O)[O-])c3nc21,1.9225402,8.568158,34.505524,6.066015,3.6157222,594.8951,337.4016,147.4757,4.024884467739586
O=[N+]([O-])c1nc2c(o1)c([N+](=O)[O-])c([N+](=O)[O-])c1[nH]nnc12,1.8699317,7.9021,28.92654,5.4181767,2.989052,550.48267,205.77127,231.11273,3.896514065776299
O=c1nc2nc3[nH]c(=O)[nH]c3c([N+](=O)[O-])n2c(=O)[nH]1,1.8167293,6.3290844,18.353298,2.5937884,1.4588923,569.99945,-389.5202,255.24802,3.561993322222742
O=c1c2[nH]c([N+](=O)[O-])nc2nnn1[N+](=O)[O-],1.8909582,8.254192,31.880579,5.3346705,3.271358,613.77936,200.36673,136.28032,3.9145985647937707
O=c1[nH]c(=O)c2nc([N+](=O)[O-])n([N+](=O)[O-])c2[nH]1,1.8851976,7.6265864,27.049835,4.1629314,2.4917793,602.63074,-218.42868,150.56085,3.545331197225172
O=[N+]([O-])c1nn([N+](=O)[O-])c2cc3c(nnn3[N+](=O)[O-])c([N+](=O)[O-])c12,1.8958912,8.415207,32.98213,6.1803603,3.5695512,576.04987,451.53598,136.88649,4.0620255924515565
O=[N+]([O-])c1cc2c([N+](=O)[O-])[nH]c3nnnn3c-2n1,1.8107822,7.530314,25.700678,5.01367,2.9322379,586.6396,411.35434,275.1707,3.8510289644534526
O=c1nc[nH]c2c1c(=O)nc([N+](=O)[O-])n2[N+](=O)[O-],1.8355533,7.3709884,24.987555,4.3182287,2.4739466,575.88995,-119.51965,129.81105,3.594219272145761
O=c1c([N+](=O)[O-])c([N+](=O)[O-])[nH]c2cnc([N+](=O)[O-])n12,1.8576782,7.86028,28.44122,5.13387,2.9488113,575.6576,-22.2041,237.09116,3.694344020447594
O=[N+]([O-])c1cc2c([N+](=O)[O-])n[nH]c2c([N+](=O)[O-])c1[N+](=O)[O-],1.8736656,8.121781,30.558483,5.8656635,3.2937562,559.72076,123.55032,212.42273,3.1955832008517495
O=[N+]([O-])c1n[nH]c2c1c([N+](=O)[O-])nn1nnnc21,1.8737571,8.171978,31.02009,5.7022834,3.429486,601.7006,601.7919,240.76282,3.673175118299607
O=[N+]([O-])c1[nH]c2nonc2c1[N+](=O)[O-],1.8815979,8.489042,33.430077,6.2962704,3.727688,591.40247,283.2569,265.22006,3.680322286096997
O=[N+]([O-])c1onc2nc3c(cc12)c([N+](=O)[O-])nn3[N+](=O)[O-],1.8640354,8.074824,30.216234,5.9916058,3.3118937,549.8995,358.7518,125.894135,4.00613187954148
Nc1nc([N+](=O)[O-])c2c(n1)c([N+](=O)[O-])c([N+](=O)[O-])c1[nH]nnc12,1.8102167,7.4715548,25.457489,4.8889747,2.8225088,578.9099,293.79132,231.80797,3.6756690533708554
O=[N+]([O-])c1[nH]nc2nc([N+](=O)[O-])n3nnnc3c12,1.8808609,8.091175,30.492529,5.4887114,3.283941,599.38434,548.1696,245.03561,3.713852349068838
O=c1oc2c([N+](=O)[O-])[nH]cc2nc1[N+](=O)[O-],1.8512139,7.359692,24.994406,4.538975,2.4396064,538.6836,-195.8716,250.15047,3.697532732951194
O=[N+]([O-])c1cc2c([N+](=O)[O-])c3nc4[nH]nc([N+](=O)[O-])c4nc3c([N+](=O)[O-])c2nn1,1.8446069,7.543512,26.282383,5.225861,2.784608,532.32715,418.70718,233.87701,3.8833506079866593
O=c1[nH]nc([N+](=O)[O-])c2ncnc([N+](=O)[O-])c12,1.8279635,7.414049,25.240728,4.718967,2.6543562,564.12024,97.15881,237.7972,3.2628294580947372
O=[N+]c1nc2[nH]c(=O)[nH]c2c(=O)n1[N+](=O)[O-],1.8845133,7.5043902,26.382095,4.0360312,2.418879,603.20496,-116.497574,133.89647,4.104938099677492
Nc1nc([N+](=O)[O-])nc2nc([N+](=O)[O-])nc([N+](=O)[O-])c12,1.8461218,7.7755356,27.936798,4.902697,2.9228258,598.0504,158.04193,234.0127,3.4902768984393324
O=[N+]([O-])N=Cc1c([N+](=O)[O-])nc2c3c([N+](=O)[O-])cn([N+](=O)[O-])c3[nH]c([N+](=O)[O-])c1-2,1.8720324,7.9553447,29.441612,5.5715494,3.1479492,563.566,206.3576,169.02089,4.3788273590836635
Nc1c([N+](=O)[O-])c([N+](=O)[O-])c2cc([N+](=O)[O-])[nH]c2c1[N+](=O)[O-],1.8695387,7.793205,28.128824,5.256269,2.9876065,569.2024,-29.931242,233.4359,3.5014448146766357
O=[N+]([O-])c1cn2c([N+](=O)[O-])nc3[nH]c([N+](=O)[O-])nc3c2n1,1.8398507,7.57889,26.389402,4.832324,2.7598445,572.4861,203.75711,268.7229,3.7788946325779174
O=[N+]([O-])c1c([N+](=O)[O-])c2c(cnn2[N+](=O)[O-])c2c1nnn2[N+](=O)[O-],1.898229,8.436007,33.19206,6.2553334,3.6095183,574.01996,474.0215,126.5717,4.022914534759249
O=[N+]([O-])c1cn2c(n1)c([N+](=O)[O-])nc1c3nc4ncn([N+](=O)[O-])c4c-3nn([N+](=O)[O-])c12,1.8397181,7.653659,27.152193,5.283995,2.921749,552.6627,525.77234,138.8816,4.366842346136334
O=c1[nH]c(=O)c2cc3c([N+](=O)[O-])nn([N+](=O)[O-])c3nc2[nH]1,1.8383559,6.9888268,22.520288,3.8562522,2.1361947,558.81555,-140.98175,147.95027,3.5311164949260956
O=c1c([N+](=O)[O-])c([N+](=O)[O-])[nH]c2cc([N+](=O)[O-])nn12,1.8671402,7.91429,28.90638,5.1878386,2.986632,577.5443,-5.0305457,234.68619,3.673126174293748
O=[N+]([O-])c1ncc2c(n1)c([N+](=O)[O-])c([N+](=O)[O-])c1nc([N+](=O)[O-])oc12,1.8735793,7.7606125,28.006481,5.349953,2.8180997,524.254,88.56726,221.49855,3.8706647838230257
O=[N+]([O-])c1c([N+](=O)[O-])c([N+](=O)[O-])c2c(nnn2[N+](=O)[O-])c1[N+](=O)[O-],1.9630876,9.049959,38.79852,6.747036,3.9847863,585.0699,346.63913,114.34718,3.6152739950570147
O=[N+]([O-])c1nnc2c3nc([N+](=O)[O-])c4c[nH]nc4c3[nH]nc1-2,1.7894354,7.004623,22.345776,4.654639,2.5478055,546.8638,513.674,274.00797,3.9600427120254658
Nc1nc2c([N+](=O)[O-])[nH]c([N+](=O)[O-])c2c2nnnn12,1.8516326,7.618397,26.789366,4.680662,2.8670757,615.6562,364.6025,289.57645,3.7694832630511446
O=c1c2nc3nnc4c(cc([N+](=O)[O-])n4[N+](=O)[O-])c3c([N+](=O)[O-])c2c(C=N[N+](=O)[O-])nn1[N+](=O)[O-],1.8682144,7.9042096,29.027618,5.590681,3.0702448,548.2293,397.0438,142.03632,4.503178547241047
O=c1[nH]c([N+](=O)[O-])nc2noc([N+](=O)[O-])c12,1.8778538,7.899942,28.946981,5.0661874,2.8742893,569.09784,-37.212856,257.62527,3.738420747262464
N=c1[nH]c(=O)n([N+](=O)[O-])c2nc(N[N+](=O)[O-])n([N+](=O)[O-])c12,1.92769,8.344045,32.82095,5.020585,3.2300868,646.0792,50.22797,142.13992,4.353700683369233
O=[N+]([O-])c1c2nc([N+](=O)[O-])n3nnnc3c2c([N+](=O)[O-])c2c1nc([N+](=O)[O-])n2[N+](=O)[O-],1.9201722,8.425781,33.424713,5.978622,3.4177954,568.8305,550.1512,121.11247,4.0474206637506835
O=c1c([N+](=O)[O-])c([N+](=O)[O-])nc2[nH]ncn12,1.8649846,7.704671,27.475485,4.7380695,2.780199,589.0375,59.055058,233.25723,3.479893734740103
O=c1c2cc([N+](=O)[O-])nc([N+](=O)[O-])c2nc([N+](=O)[O-])n1[N+](=O)[O-],1.8951347,8.175158,31.246847,5.604803,3.164354,562.00995,48.602024,123.85625,3.6972497729738336
N=c1[nH]c([N+](=O)[O-])c([N+](=O)[O-])c2nc3nc([N+](=O)[O-])cnc3nc12,1.8346119,7.287809,24.515753,4.6328554,2.557783,553.38214,270.41257,241.84206,3.9279644016231536
O=[N+]([O-])c1nc([N+](=O)[O-])c2[nH]c3coc(O)c3c2n1,1.8007758,6.8486047,21.34063,4.092081,2.157963,529.8745,-173.44594,265.29214,3.8378113695600202
O=[N+]([O-])c1c2c(c([N+](=O)[O-])c([N+](=O)[O-])c1[N+](=O)[O-])OCO2,1.903627,8.283907,31.973852,5.8234754,3.243747,553.65137,-248.5427,210.82394,3.0334071001724405
O=c1[nH]c([N+](=O)[O-])nc2c([N+](=O)[O-])cc([N+](=O)[O-])nc12,1.8545393,7.5381994,26.20734,4.734317,2.607526,552.6946,-69.687294,242.23474,3.3761271161461543
O=[N+]([O-])c1nc2c(o1)c([N+](=O)[O-])nc1nonc12,1.8686107,7.9711165,29.452654,5.731856,3.0782025,534.24274,282.712,257.81628,3.9007671182996067
O=c1[nH]c2ncnn2c([N+](=O)[O-])c1[N+](=O)[O-],1.8463073,7.6285377,26.697853,4.681572,2.7509277,591.47314,43.9715,234.14445,3.440416096099674
O=c1cc([N+](=O)[O-])[nH]c2c([N+](=O)[O-])c([N+](=O)[O-])c([N+](=O)[O-])n12,1.8918281,8.08217,30.30645,5.4108686,3.0560114,565.1647,-103.18124,238.55797,3.5981614138669187
O=c1[nH]cc([N+](=O)[O-])c2nc([N+](=O)[O-])c([N+](=O)[O-])n12,1.8888179,7.9026284,29.028091,5.002402,2.8711674,575.54425,-49.154285,248.0547,3.4553012512168246
Nc1noc2c1c([N+](=O)[O-])nn2[N+](=O)[O-],1.857611,8.431079,32.83028,6.0366235,3.7903101,628.84515,257.85904,144.81601,3.937101195726994
O=c1[nH]nnc2oc([N+](=O)[O-])c([N+](=O)[O-])c12,1.8626156,7.9119782,28.874893,5.1984916,2.9528267,568.8224,1.9960352,249.8642,3.718150622038851
N=c1[nH]c([N+](=O)[O-])nc2c(=N[N+](=O)[O-])n([N+](=O)[O-])c(C=N[N+](=O)[O-])nc12,1.8692813,8.244257,31.495377,5.546641,3.4379663,621.36676,344.5137,134.18779,4.6829987202328915
O=c1c2c([N+](=O)[O-])cn([N+](=O)[O-])c2n([N+](=O)[O-])c(=O)n1[N+](=O)[O-],1.9519572,8.6083975,35.039646,5.72714,3.3896196,589.31,-92.57487,123.53764,4.0909491601967805
O=c1[nH]cnc2c1c([N+](=O)[O-])c([N+](=O)[O-])n2[N+](=O)[O-],1.8686416,7.931032,29.1718,5.2129874,3.01586,579.6288,5.544497,138.62976,3.56547786660144
O=c1c2nc[nH]c2nc([N+](=O)[O-])n1[N+](=O)[O-],1.8165364,7.5778737,26.2756,4.730295,2.7973437,593.12427,40.221684,137.5251,3.6720525898384926
Nc1nc2c([nH]1)c(=N[N+](=O)[O-])n([N+](=O)[O-])c(=O)n2N,1.8576931,7.8879347,28.81615,4.587424,3.0892026,677.37915,84.16785,145.6358,4.069397558909133
O=[N+]([O-])c1cn([N+](=O)[O-])c2c(O)c3c([N+](=O)[O-])c([N+](=O)[O-])n4nnnc4c3nc12,1.8875098,7.89924,29.167467,5.396248,2.9939287,552.9108,284.67645,175.5712,3.921136519154361
O=c1c2nn([N+](=O)[O-])cc2nnn1[N+](=O)[O-],1.8689996,8.361074,32.38737,5.8824196,3.585274,609.6793,314.85446,136.61102,4.023732017387688
O=[N+]([O-])c1cn2c([N+](=O)[O-])nnc2c([N+](=O)[O-])n1,1.8609315,8.2955,31.793316,5.980225,3.523639,587.84845,336.66425,237.30542,3.509397156761146
O=[N+]([O-])c1nc2cn[nH]c2c([N+](=O)[O-])c1[N+](=O)[O-],1.8096482,7.8112283,27.725597,5.6375127,3.2034426,568.15283,225.52469,216.69772,3.251114464453453
O=[N+]([O-])c1nc([N+](=O)[O-])c2oc3nc([N+](=O)[O-])c([N+](=O)[O-])cc3c2n1,1.8647038,7.7361813,27.740519,5.3485126,2.8164937,524.81464,73.40488,220.1675,3.5467205817564356
O=[N+]([O-])c1nn([N+](=O)[O-])c2cc3nnn([N+](=O)[O-])c3c([N+](=O)[O-])c12,1.8666204,8.3220415,31.959879,6.21526,3.5783892,573.7657,456.23337,121.13722,4.037046265528479
O=c1nc[nH]c2c1c([N+](=O)[O-])c([N+](=O)[O-])n2[N+](=O)[O-],1.8560191,7.91647,28.92139,5.2612715,3.0483394,580.0384,16.161623,150.25346,3.600173558909133
O=[N+]([O-])c1nn([N+](=O)[O-])c2c([N+](=O)[O-])cc3c(nnn3[N+](=O)[O-])c12,1.8949955,8.387736,32.77589,6.1716266,3.55373,573.6069,453.44302,121.026306,4.0231741501438645
O=c1[nH]c([N+](=O)[O-])nn2c([N+](=O)[O-])c([N+](=O)[O-])cc12,1.866933,7.900532,28.733625,5.166639,2.9635594,575.41754,-12.650174,250.36653,3.4836581742937485
O=c1[nH]nc2nnn3c([N+](=O)[O-])coc3c1-2,1.8058286,7.092805,22.83597,4.352905,2.416127,556.95734,128.33215,291.4888,3.6407730907329476
Nc1c([N+](=O)[O-])c2c(=O)n(N)c([N+](=O)[O-])nc2n([N+](=O)[O-])c1=O,1.9029623,7.97768,29.9166,4.8599734,2.9688933,612.1181,-105.47329,146.72908,3.7484516373806134
O=[N+]([O-])c1ncc([N+](=O)[O-])n2nnnc12,1.8564194,8.267248,31.561424,6.041989,3.6345415,601.95807,484.34714,249.41158,3.342850191974648
O=c1[nH]c([N+](=O)[O-])c2c([N+](=O)[O-])nc([N+](=O)[O-])cn12,1.8869449,7.869821,28.813696,4.9444685,2.8449678,577.8961,-65.415085,235.3927,3.563403712755287
O=[N+]([O-])c1cc2c([N+](=O)[O-])[nH]nc2c([N+](=O)[O-])c1[N+](=O)[O-],1.8893683,8.168824,31.120153,5.900239,3.3103328,559.20123,144.9815,215.12596,3.3619082358167844
O=[N+]([O-])c1ncc2c([N+](=O)[O-])c3c([N+](=O)[O-])n[nH]c3nc2n1,1.8236147,7.439533,25.37716,4.94572,2.727523,552.1263,280.66458,236.39632,3.5650618187252174
O=c1c2c3c(nc(C=N[N+](=O)[O-])n3[N+](=O)[O-])c([N+](=O)[O-])c([N+](=O)[O-])c2n([N+](=O)[O-])c2nc([N+](=O)[O-])n([N+](=O)[O-])c12,1.9012423,8.358331,32.70723,5.9295874,3.3622837,564.5437,232.5842,117.24283,4.714001656960109
O=C(O)c1c([N+](=O)[O-])nc([N+](=O)[O-])c2c([N+](=O)[O-])ncnc12,1.8234699,7.3457103,24.67541,4.581659,2.4846027,543.6344,-202.22597,219.59377,3.3593039937915306
Nc1nc([N+](=O)[O-])nc2nc([N+](=O)[O-])[nH]c(=NN[N+](=O)[O-])c12,1.8459511,7.8412604,28.390017,4.7895923,3.0526798,640.20435,197.12286,156.76451,4.115891544931216
O=[N+]([O-])N=CN=c1[nH]c([N+](=O)[O-])nc2c3cc([N+](=O)[O-])c([N+](=O)[O-])nc3n([N+](=O)[O-])c12,1.8582537,7.9436393,29.213299,5.442327,3.1374745,577.2633,281.99176,144.73,4.443687577559766
O=[N+]([O-])Nc1nnn2c([N+](=O)[O-])c([N+](=O)[O-])c3nnc([N+](=O)[O-])nc3c12,1.9179617,8.513039,34.160458,6.0023155,3.584098,594.5435,566.49475,139.29053,3.9535912477054183
O=[N+]([O-])c1nnc2c([N+](=O)[O-])c[nH]c2c1[N+](=O)[O-],1.8610451,7.998576,29.680668,5.6975956,3.2515078,569.295,237.3565,227.15384,3.3748269644534536
O=c1[nH]c2nc([N+](=O)[O-])cnc2c(=O)n1[N+](=O)[O-],1.8707492,7.444758,25.90336,4.2358723,2.4293034,575.0587,-142.53616,161.42856,3.534698118299607
Nn1nc([N+](=O)[O-])c2c([N+](=O)[O-])c3nc([N+](=O)[O-])oc3nc21,1.8833523,7.9937034,29.743496,5.325822,3.075671,578.2435,207.67578,237.62943,4.066979419768242
O=c1[nH]c2c([N+](=O)[O-])c(N[N+](=O)[O-])c([N+](=O)[O-])c([N+](=O)[O-])c2[nH]1,1.9317333,8.198118,31.67929,5.1235223,3.04969,596.5171,-139.61147,133.09337,3.4139390037430646
N=C1NC(=O)N=C2N([N+](=O)[O-])C([N+](=O)[O-])=C([N+](=O)[O-])C12[N+](=O)[O-],1.8925215,8.384279,32.73139,5.478398,3.3689103,616.33344,-15.485898,116.35704,4.96576957140297
Nc1nnnc2c([N+](=O)[O-])c([N+](=O)[O-])c3n[nH]c([N+](=O)[O-])c3c12,1.8584259,7.7518973,27.89908,5.252953,3.0381663,578.8284,403.64804,231.02101,3.7987926265718475
O=[N+]([O-])c1nc2n([N+](=O)[O-])ncn2c1O,1.8787184,8.1560545,30.949553,5.213914,3.2481995,624.1892,73.23021,136.97675,3.964810811111609
Nc1[nH]c(N)c2c(=O)n([N+](=O)[O-])c([N+](=O)[O-])c(N)c12,1.8087292,7.0489626,22.826984,3.8482692,2.447118,639.6727,-142.27122,168.49821,3.8531312041210626
O=[N+]c1[nH]cc2c([N+](=O)[O-])nn([N+](=O)[O-])c12,1.8320708,8.096448,30.119709,5.834928,3.527756,604.76184,299.12186,133.34866,4.469401069266041
O=[N+]([O-])N=Cc1c([N+](=O)[O-])c2c([N+](=O)[O-])nn([N+](=O)[O-])c2n2c([N+](=O)[O-])c([N+](=O)[O-])nc12,1.8960085,8.514169,33.80875,6.1806736,3.6081402,581.3927,353.21146,133.56,4.385102401736598
O=c1n([N+](=O)[O-])nc2c([N+](=O)[O-])cc([N+](=O)[O-])nn12,1.9189708,8.476804,33.79882,5.7874813,3.450521,595.4453,177.38455,143.86588,3.6056981742937486
O=[N+]([O-])c1oc2nnc3c([N+](=O)[O-])nnn3c2c1[N+](=O)[O-],1.9143696,8.450344,33.503403,6.1170063,3.4710908,564.2577,447.74484,246.32509,3.791268721646743
O=[N+]([O-])c1c[nH]c2c1c([N+](=O)[O-])c([N+](=O)[O-])c1nnnn12,1.884403,7.9565353,29.469494,5.5155616,3.1434557,569.83636,395.6857,229.95724,3.503635523266177
O=[N+]([O-])c1cc2c([N+](=O)[O-])[nH]c3nc([N+](=O)[O-])cn3c-2n1,1.8033656,7.2278757,23.6702,4.6777,2.5896122,555.7865,126.334656,277.13177,3.825687345128525
Nn1c([N+](=O)[O-])nc2[nH]c([N+](=O)[O-])nc2c1=O,1.8635594,7.721818,27.65952,4.5315576,2.805451,622.10254,30.328585,249.95946,3.663577351071326
O=[N+]([O-])N=Cn1nc([N+](=O)[O-])c2c([N+](=O)[O-])c3nnnn3c([N+](=O)[O-])c21,1.8919474,8.475906,33.432587,6.146276,3.6635537,594.4002,601.24304,196.41838,4.158017841112011
O=c1[nH]c2c(=NC=N[N+](=O)[O-])[nH]c([N+](=O)[O-])nc2nc1[N+](=O)[O-],1.8766783,7.743781,27.877325,4.6362605,2.7754717,600.57465,68.04018,192.67928,4.3707325769440555
O=[N+]([O-])c1oc2c([N+](=O)[O-])nn3nnnc3c2c1[N+](=O)[O-],1.9109452,8.426864,33.24186,6.114118,3.4665751,564.3626,436.90628,240.83063,3.729556171039457
O=[N+]([O-])c1cc([N+](=O)[O-])c2nc3c([N+](=O)[O-])c4c([N+](=O)[O-])nn([N+](=O)[O-])c4cc3c([N+](=O)[O-])c2n1,1.8673434,7.843127,28.596857,5.665555,3.0130584,528.9088,259.087,147.23029,4.001566668248385
O=c1[nH]c(=O)n([N+](=O)[O-])c2nc([N+](=O)[O-])[nH]c12,1.9138274,7.715842,28.082241,4.1395326,2.4936166,606.15094,-227.16856,143.53587,3.60130350491748
O=c1c2c([N+](=O)[O-])c3n[nH]nc3c([N+](=O)[O-])c2cnn1[N+](=O)[O-],1.8691556,7.8198943,28.512997,5.4055605,3.0094144,555.25116,281.00323,161.79137,3.747903544685993
O=[N+]([O-])N=Cn1nnc2nc([N+](=O)[O-])c3c([N+](=O)[O-])nc([N+](=O)[O-])nc3c21,1.863806,8.091645,30.361303,5.595185,3.258388,581.8229,508.7955,177.65427,4.28803281115309
O=[N+]([O-])c1cc2c([nH]1)c([N+](=O)[O-])c([N+](=O)[O-])n1nnnc21,1.8507876,7.835416,28.222946,5.5197577,3.119597,566.0912,385.36252,235.94171,3.6691796528208336
Nn1c([N+](=O)[O-])nc2[nH]c(=O)n([N+](=O)[O-])c(=O)c21,1.8974273,7.892298,29.18077,4.458811,2.8077736,632.8783,-120.149284,166.25096,3.8170674718184285
Nn1nc2c([N+](=O)[O-])c3c(=O)n([N+](=O)[O-])c(=O)n-3cc-2nc1[N+](=O)[O-],1.8766164,7.796042,28.296654,4.8868327,2.8457441,583.06726,33.110813,171.76279,3.95597431309972
O=[N+]([O-])c1nnn2nc([N+](=O)[O-])c([N+](=O)[O-])c2c1[N+](=O)[O-],1.9303365,8.937052,37.522488,6.705049,3.9918103,591.70746,434.85428,221.61855,3.593300123928673
O=[N+]([O-])c1cc2c(c([N+](=O)[O-])nn2[N+](=O)[O-])c([N+](=O)[O-])c1[N+](=O)[O-],1.9120688,8.618683,34.721275,6.437282,3.6926057,569.3142,202.76807,143.27725,3.563051662550812
O=[N+]([O-])c1nc2c(cnc3c2c([N+](=O)[O-])c([N+](=O)[O-])n2c([N+](=O)[O-])c([N+](=O)[O-])nc32)o1,1.8802313,7.851944,28.687273,5.4857397,2.890167,525.1364,168.60397,218.7872,4.0540034255671795
O=c1c([N+](=O)[O-])c(O)[nH]c2cc([N+](=O)[O-])nn12,1.8343369,7.273941,24.092377,4.1616473,2.3811443,576.3288,-234.75238,288.2588,3.632260427994403
O=c1[nH]c([N+](=O)[O-])c([N+](=O)[O-])c2cnn([N+](=O)[O-])c12,1.9024444,8.085188,30.606844,5.3342757,3.0907612,579.58673,19.85982,158.39667,3.7018735589091314
O=c1[nH]c2c3nc4ccc([N+](=O)[O-])cc4c([N+](=O)[O-])c3nc([N+](=O)[O-])n([N+](=O)[O-])c1=2,1.7802802,6.9883747,22.145548,4.71713,2.4336236,516.4428,40.894947,141.34248,3.683513348977507
O=c1cc([N+](=O)[O-])c2cc([N+](=O)[O-])c3c(c([N+](=O)[O-])nn3[N+](=O)[O-])c2n1[N+](=O)[O-],1.8773311,8.002285,29.73258,5.6894207,3.1194763,545.4262,85.487305,122.39763,3.935576459982764
O=c1n([N+](=O)[O-])c([N+](=O)[O-])nc2c([N+](=O)[O-])cnn12,1.9025126,8.378589,32.811264,5.6215496,3.3619459,597.05963,135.38559,128.53613,3.4859926358322095
O=c1c2c[nH]nc2c2nc([N+](=O)[O-])oc2n1[N+](=O)[O-],1.8449913,7.442439,25.671759,4.734256,2.604351,551.0472,18.325518,145.71025,4.279969653583688
N=c1c2c(c(N)nn1[N+](=O)[O-])c([N+](=O)[O-])nn2[N+](=O)[O-],1.8970375,8.4708,33.534016,5.6691,3.6582804,647.3674,316.50262,151.6794,4.179649819060076
O=[N+]([O-])c1nc2c([nH]1)c([N+](=O)[O-])c([N+](=O)[O-])n1nnnc21,1.8999546,8.228612,31.636671,5.6349936,3.2971635,585.4368,449.39328,232.88994,3.674628235816785
O=c1c2c(cc([N+](=O)[O-])n3nnnc23)nc([N+](=O)[O-])n1[N+](=O)[O-],1.8889483,8.031868,30.102991,5.4488454,3.107282,569.40784,323.886,137.89713,3.8136504429490197
O=c1[nH]c(=O)n([N+](=O)[O-])c2nc([N+](=O)[O-])ncc12,1.8757184,7.4242496,25.731226,4.139857,2.3829317,579.22095,-173.95872,134.29527,3.5485067721457604
O=[N+]([O-])c1c2nc([N+](=O)[O-])n3nnnc3c2c([N+](=O)[O-])c2nn[nH]c12,1.8773812,7.9341455,29.262539,5.4559107,3.102449,568.65936,644.5334,234.74243,3.859675316444201
O=c1[nH]c([N+](=O)[O-])nc2c([N+](=O)[O-])c3c([N+](=O)[O-])nn([N+](=O)[O-])c3cc12,1.8837167,7.818263,28.441414,5.1573887,2.8507307,553.36633,39.78977,147.15614,3.8696896901325566
O=c1[nH]c([N+](=O)[O-])nc2[nH]c(=O)n([N+](=O)[O-])c12,1.9104984,7.7030673,28.004206,4.147644,2.4905474,604.8417,-215.35278,161.02116,3.6823650433790176
O=c1nc([N+](=O)[O-])nc2[nH]cc([N+](=O)[O-])n12,1.8488818,7.4838367,25.805325,4.3149886,2.5365791,591.6992,-62.242138,267.12967,3.8039420352767754
Nc1nc2c(nnn2[N+](=O)[O-])c2c([N+](=O)[O-])nn([N+](=O)[O-])c12,1.9037993,8.312401,32.419735,5.60811,3.4340184,613.3569,471.07388,143.35674,4.144473291997708
O=[N+]([O-])c1ncc([N+](=O)[O-])n2nnc([N+](=O)[O-])c12,1.8722473,8.369583,32.448013,6.1406937,3.605853,585.83435,374.28708,236.81842,3.499298118299608
Nc1noc2nc([N+](=O)[O-])[nH]c(=N[N+](=O)[O-])c12,1.837262,7.897595,28.598549,5.078877,3.1882088,630.4512,162.47354,187.58418,3.927357551740222
Nn1nc([N+](=O)[O-])c2cc([N+](=O)[O-])[nH]c2c1=O,1.8044392,7.399783,24.821274,4.69321,2.801314,600.4824,34.273014,276.29077,3.7530296587636327
O=[N+]([O-])c1nc2c3nnnc-3n3c([N+](=O)[O-])c[nH]c3c2o1,1.8375338,7.297992,24.509329,4.6990223,2.5595088,545.31177,308.74628,281.14246,4.173090556546902
O=[N+]([O-])c1ccc([N+](=O)[O-])c2c1Nc1c(n[nH]c1[N+](=O)[O-])O2,1.8272177,7.2725286,24.215818,4.8087845,2.601536,541.1618,-9.042493,266.07034,3.517375664879064
O=[N+]([O-])c1nc([N+](=O)[O-])c2[nH]c([N+](=O)[O-])cc2n1,1.8118585,7.6559286,26.641088,5.2084656,2.9545703,568.4496,107.20346,258.91922,3.6477404259919144
O=[N+]([O-])c1[nH]nc2c1nc([N+](=O)[O-])n1cnc([N+](=O)[O-])c21,1.8712659,7.821503,28.442255,5.2582192,3.0008707,570.69885,321.77533,259.7258,3.8235424058572702
O=c1[nH]c2c(cnc3c(C=N[N+](=O)[O-])c4onc([N+](=O)[O-])c4nc32)c(=O)n1[N+](=O)[O-],1.8450685,7.2354016,24.27195,4.5715847,2.4185624,530.39264,18.950838,164.74051,4.185557522419241
O=c1[nH]c([N+](=O)[O-])c(O)c2[nH]nnc12,1.8141338,6.982706,22.193888,3.696374,2.174818,591.92175,-155.8989,306.50226,3.696620666663798
O=[N+]([O-])c1ncc2nc([N+](=O)[O-])n3nc([N+](=O)[O-])c([N+](=O)[O-])c3c2n1,1.8702862,7.9940224,29.664202,5.6059556,3.1239674,555.70807,363.83865,240.92441,3.7700652430652752
O=[N+]([O-])c1[nH]c2c([N+](=O)[O-])ncnc2c1[N+](=O)[O-],1.8471999,7.821859,28.19022,5.341718,3.0406818,569.4456,157.39685,258.13297,3.518506772145761
O=[N+]([O-])c1nc2cc([N+](=O)[O-])c([N+](=O)[O-])c([N+](=O)[O-])n2n1,1.884587,8.397991,32.71079,6.081139,3.504517,575.2666,226.6312,214.09639,3.420530333718883
O=[N+]([O-])c1nc([N+](=O)[O-])c2cc([N+](=O)[O-])c([N+](=O)[O-])c([N+](=O)[O-])c2n1,1.89647,8.255398,31.795639,5.947324,3.288325,550.0586,134.93738,203.52707,3.4244509994902517
O=[N+]([O-])N=c1[nH]c([N+](=O)[O-])nc2cnn([N+](=O)[O-])c12,1.8700104,8.338852,32.141136,5.821934,3.5882585,617.56006,342.85916,139.79153,4.21376478062859
O=c1[nH]c2nonc2n2c([N+](=O)[O-])nnc12,1.8596643,7.758305,27.758406,5.070705,2.911517,576.3412,311.56927,256.35406,3.6416346291944848
O=c1[nH]c2c([N+](=O)[O-])cc([N+](=O)[O-])nc2n1[N+](=O)[O-],1.9110767,7.982063,29.98645,4.9720926,2.890192,582.3987,-69.220894,140.73802,3.5169664819860555
O=[N+]([O-])c1c[nH]c2c([N+](=O)[O-])c3c(nnc4nnn([N+](=O)[O-])c43)nc12,1.843408,7.6516695,27.163227,5.3343596,2.969325,555.90924,565.10657,126.46228,3.9984599318288163
O=c1c2nc([N+](=O)[O-])c([N+](=O)[O-])nc2ncn1[N+](=O)[O-],1.897901,8.096234,30.830019,5.3522925,3.074846,572.6964,133.76785,147.63087,3.7214919927789545
O=[N+]([O-])c1c([N+](=O)[O-])c2nn[nH]c2c2nonc12,1.8666105,8.053922,30.078884,6.011398,3.3541403,557.2397,497.73703,235.64603,3.5772129644534525
O=[N+]([O-])c1cnc2n[nH]c([N+](=O)[O-])c2c1[N+](=O)[O-],1.8305639,7.863868,28.35528,5.5959525,3.180668,568.5671,215.4501,229.58731,3.319517349068837
O=c1c2ncn([N+](=O)[O-])c2n(N[N+](=O)[O-])c(=O)n1[N+](=O)[O-],1.9179195,8.443253,33.400887,5.399331,3.3494642,621.3541,-6.846082,134.20547,4.192838585467134
O=[N+]([O-])Nn1nnc2c([N+](=O)[O-])n[nH]c21,1.8742148,8.7328825,35.369526,6.162873,4.134935,672.8894,487.999,142.24959,3.9632558204924724
Nc1c([N+](=O)[O-])c(O)c([N+](=O)[O-])c2n[nH]nc12,1.8565007,7.536177,26.282991,4.6025085,2.7619061,603.3147,6.9722924,278.46088,3.406051197225172
O=c1[nH]c(=O)c2c([N+](=O)[O-])c3cnn([N+](=O)[O-])c3nc2[nH]1,1.8380625,7.018409,22.723946,3.8922536,2.1625316,560.2342,-129.41716,157.73326,3.5272225678005906
O=[N+]([O-])c1c([N+](=O)[O-])n([N+](=O)[O-])c2cc([N+](=O)[O-])n3nnnc3c12,1.8995608,8.422447,33.07313,6.1752005,3.5707264,576.47186,475.6299,138.52884,3.8399029962977114
Nc1nc2c([nH]c1=O)c([N+](=O)[O-])c([N+](=O)[O-])n1ncc([N+](=O)[O-])c21,1.8407017,7.3167367,24.610514,4.5033503,2.5295272,564.8428,24.6048,236.58966,3.4578919386054032
O=c1c2c([N+](=O)[O-])n([N+](=O)[O-])nc2nc2[nH]c([N+](=O)[O-])cn12,1.8694382,7.7902994,28.14918,4.9909086,2.8604438,574.4654,96.38187,146.68596,4.0430654693119195
O=[N+]([O-])c1nc([N+](=O)[O-])c2c([N+](=O)[O-])c3cnn([N+](=O)[O-])c3nc2n1,1.8844715,8.067372,30.388153,5.604965,3.1623864,563.16345,346.9517,137.67116,3.8381614543167117
Nc1nc2[nH]c(=O)n([N+](=O)[O-])c(=O)c2cc1[N+](=O)[O-],1.8420327,7.052215,22.988297,3.7263832,2.1752152,587.03906,-270.6453,175.22693,3.329140635832209
O=c1cc([N+](=O)[O-])[nH]c2cc([N+](=O)[O-])c([N+](=O)[O-])n12,1.7997035,7.396197,24.709606,4.89444,2.7028503,554.64136,-120.860374,248.79703,3.5665689435245174
Nn1nc([N+](=O)[O-])c(=O)c2[nH]c([N+](=O)[O-])nc21,1.8531383,7.8469186,28.477163,4.9343367,3.0498548,620.9258,113.707245,247.06192,3.81487273568671
Nc1c2c([N+](=O)[O-])[nH]nc2nc2[nH]c([N+](=O)[O-])nc(=O)c12,1.8179868,6.8829403,21.674568,3.7552078,2.1533585,576.8736,7.115008,285.85443,3.730744025290468
O=[N+]([O-])NN1C([N+](=O)[O-])=C([N+](=O)[O-])CC1(O)[N+](=O)[O-],1.8553026,8.848065,35.857437,6.2590566,4.205881,673.4944,-116.785965,133.90222,4.763902975982337
N=c1[nH]c([N+](=O)[O-])nn2c([N+](=O)[O-])c([N+]([O-])[O-])nc12,1.8938551,8.3743515,32.63374,5.518357,3.45408,628.7326,253.21078,253.53546,4.32824863583221
O=c1[nH]c([N+](=O)[O-])c([N+](=O)[O-])n2c(=O)c3c(nc12)c(C=N[N+](=O)[O-])nn3[N+](=O)[O-],1.907682,7.999499,29.977667,5.1036997,2.9180233,573.0026,46.348988,171.24724,4.337607179263484
O=[N+]([O-])c1nnc2nc([N+](=O)[O-])c3[nH]c([N+](=O)[O-])nc3c2n1,1.8728935,7.827072,28.561457,5.1516767,2.918549,565.8344,394.41794,253.3987,3.8838556648790643
O=c1cc([N+](=O)[O-])[nH]c2nc([N+](=O)[O-])nn12,1.8149472,7.4906464,25.438717,4.5619926,2.6722648,589.8835,8.887744,268.84604,3.6501305862606763
Nc1nc2c(=O)n([N+](=O)[O-])c3[nH]cc([N+](=O)[O-])c3c2nc1[N+](=O)[O-],1.865633,7.400132,25.638645,4.4613757,2.5397675,570.71564,10.553058,178.8271,3.885242659759248
O=[N+]([O-])c1nn([N+](=O)[O-])c2nn([N+](=O)[O-])cc12,1.8831452,8.767132,35.62656,6.596139,4.087172,618.24817,396.6968,127.491516,4.130949658763633
N=c1c2[nH]c3cc([N+](=O)[O-])c([N+](=O)[O-])c([N+](=O)[O-])c3c2nc([N+](=O)[O-])n1[N+](=O)[O-],1.8806856,7.933101,29.339575,5.4154596,3.0523763,563.424,126.9928,148.37042,3.7846952858936938
O=c1[nH]n([N+](=O)[O-])c(=O)c2nc([N+](=O)[O-])[nH]c12,1.8990475,7.8481097,28.93451,4.5896273,2.7427456,599.46765,-124.51023,167.40446,3.8597988895328648
O=[N+]([O-])N=c1[nH]c([N+](=O)[O-])nc2nc([N+](=O)[O-])cc([N+](=O)[O-])c12,1.8634841,8.044683,29.915312,5.448881,3.1794274,583.76825,180.51645,182.93925,3.8590416645249057
Nn1c(=O)[nH]c(=O)c2nc([N+](=O)[O-])n([N+](=O)[O-])c21,1.881557,7.815993,28.384758,4.479792,2.7966132,628.2156,-110.88567,149.49927,3.69472933761221
O=c1cc([N+](=O)[O-])oc2c([N+](=O)[O-])c(O)[nH]c12,1.8229171,6.9934926,22.255182,4.0683374,2.136113,528.75214,-442.3579,296.79703,3.5658142741482486
Nn1c(=O)[nH]c(=O)c2c1nc([N+](=O)[O-])n2[N+](=O)[O-],1.8894992,7.8342767,28.59413,4.449706,2.7789052,628.5978,-128.71878,159.40273,3.6595895667447795
Nc1c([N+](=O)[O-])c([N+](=O)[O-])n2nc3c([N+](=O)[O-])n[nH]c3nc12,1.8837097,7.9509544,29.479948,5.204182,3.101336,598.3703,345.79605,260.3104,3.7729199673562483
O=c1oc([N+](=O)[O-])nc2c1cnn2[N+](=O)[O-],1.8604351,7.825825,28.28132,5.0297437,2.8538804,568.0364,-60.60477,127.22272,3.8811745934163113
O=c1[nH]nc([N+](=O)[O-])c2cnc([N+](=O)[O-])n12,1.8557045,7.7402973,27.60066,4.86807,2.8680627,591.3919,77.6443,251.31767,3.3506897991408175
O=[N+]([O-])c1cnc2nc([N+](=O)[O-])c3oc([N+](=O)[O-])nc3c2n1,1.8420379,7.5187125,26.093948,5.0490913,2.6662896,527.00397,165.43558,257.56113,3.8050572033406027
O=[N+]([O-])c1cc2c([N+](=O)[O-])n[nH]c2nc1[N+](=O)[O-],1.8280665,7.8261433,27.994324,5.4679475,3.1205316,571.07513,171.77386,226.99141,3.22638754137653
O=c1[nH]c(=NN[N+](=O)[O-])nc2[nH]cc([N+](=O)[O-])n12,1.8382134,7.564523,26.32229,4.262955,2.7196536,642.5908,-16.515333,161.83937,4.398029240748587
NN=c1c2nc([N+](=O)[O-])[nH]c(=O)c2[nH]c(=O)n1N[N+](=O)[O-],1.8664113,7.571382,26.612688,4.154237,2.6416082,640.51886,-87.958206,161.40373,4.028549114937664
Nc1c([N+](=O)[O-])c([N+](=O)[O-])nc2c1c(N[N+](=O)[O-])nn2[N+](=O)[O-],1.9081012,8.533039,34.13273,5.7920375,3.6337929,628.2391,246.55719,145.24625,3.9799028498969093
O=c1[nH]c2c([N+](=O)[O-])c([N+](=O)[O-])c3nonc3c2[nH]1,1.8924752,7.6279964,27.121864,4.86112,2.6564286,548.98785,67.98622,240.5162,3.3165862216310256
O=[N+]([O-])c1c([N+](=O)[O-])c2c(c([N+](=O)[O-])nn2[N+](=O)[O-])c2[nH]cnc12,1.8711077,8.015485,29.866308,5.629538,3.1889765,566.36304,257.225,130.47783,3.8121652559130954
O=c1c2onc([N+](=O)[O-])c2nnn1[N+](=O)[O-],1.9156145,8.661686,35.262684,6.2170815,3.6730032,587.7509,241.58386,130.11595,3.7593703000352727
O=c1c2c([N+](=O)[O-])c([N+](=O)[O-])c([N+](=O)[O-])c([N+](=O)[O-])c2ncn1[N+](=O)[O-],1.93689,8.459332,33.815853,5.9326305,3.3344867,558.412,17.825548,157.19365,3.5766310968115365
O=[N+]([O-])c1nn([N+](=O)[O-])c2c([N+](=O)[O-])c3cnn([N+](=O)[O-])c3cc12,1.8480794,8.030159,29.682472,5.977403,3.36124,560.38556,349.55313,124.96239,3.987922707836172
O=[N+]([O-])c1ncc2c(n1)nc([N+](=O)[O-])c1cc([N+](=O)[O-])[nH]c12,1.7899576,7.0262785,22.405392,4.609919,2.4525747,533.52216,154.9235,254.92513,3.7296118187252176
N=c1c2c([N+](=O)[O-])nc3nnn([N+](=O)[O-])c3c2ncn1[N+](=O)[O-],1.867013,7.990854,29.767385,5.442285,3.2232099,592.1609,463.53214,139.80238,4.261164835008573
O=c1[nH]c2ncc3c(=O)n([N+](=O)[O-])c([N+](=O)[O-])nc3c2[nH]1,1.8371067,6.9840364,22.563326,3.8600945,2.1309307,555.06445,-124.5604,148.51692,3.5356371426993753
O=[N+]([O-])c1cnc2c([N+](=O)[O-])[n+]([O-])c([N+](=O)[O-])nc2n1,1.8626419,8.163269,30.910254,5.860046,3.334955,567.1996,268.92902,204.1262,3.9409561437223513
O=[N+]([O-])c1cc([N+](=O)[O-])c2c([N+](=O)[O-])[nH]c([N+](=O)[O-])c2n1,1.8721275,8.018397,29.829653,5.6206,3.1466362,558.92725,76.12511,234.16748,3.6031006833692327
Nc1nc(=O)n([N+](=O)[O-])c2nc(N[N+](=O)[O-])n([N+](=O)[O-])c(=O)c12,1.9020963,8.056939,30.373901,4.7369976,2.9582927,627.0167,-86.26493,135.75978,3.9382928498969108
O=c1[nH]c(=O)n([N+](=O)[O-])c2nc3cc([N+](=O)[O-])c4c([N+](=O)[O-])c5nc([N+](=O)[O-])oc5c([N+](=O)[O-])c4c3c([N+](=O)[O-])c12,1.8875103,7.5761933,26.83379,4.899258,2.5378587,518.1892,-162.02376,160.24153,4.1960906543098435
O=[N+]([O-])Oc1c[nH]c2nc3nc([N+](=O)[O-])c4ncn5ncc([N+](=O)[O-])c5c4c3c([N+](=O)[O-])c12,1.7856425,7.0893807,22.903784,4.856411,2.540824,522.8851,235.80014,140.66272,3.9662111214758893
O=c1[nH]c2cnc([N+](=O)[O-])nc2n1[N+](=O)[O-],1.8501712,7.6279535,26.987991,4.599842,2.7371404,597.44147,16.450853,140.1693,3.6248533054019996
O=[N+]([O-])c1nn2c([N+](=O)[O-])cnc([N+](=O)[O-])c2c1[N+](=O)[O-],1.8986074,8.476332,33.55094,6.2045646,3.580862,574.85724,283.2372,235.73921,3.5007574665860153
O=c1n([N+](=O)[O-])c(=O)n2c3nc([N+](=O)[O-])cc([N+](=O)[O-])c3ncn12,1.8890775,7.686751,27.749506,4.7424107,2.66654,562.71356,-26.55757,168.05405,3.794405400143864
O=c1c2cc([N+](=O)[O-])nnc2nc2oc([N+](=O)[O-])c([N+](=O)[O-])n12,1.8633561,7.640157,26.990278,5.022676,2.681388,533.30945,39.241627,240.12599,3.8457176886065874
O=c1c2c(nnn2[N+](=O)[O-])nc2cc([N+](=O)[O-])c([N+](=O)[O-])c([N+](=O)[O-])n12,1.8899788,8.119067,30.752983,5.587604,3.1570506,563.1147,222.96405,153.74547,3.845940526252959
O=c1[nH]c([N+](=O)[O-])nc2c1ncn2[N+](=O)[O-],1.8566818,7.656377,27.194626,4.6199346,2.750186,598.338,18.540117,132.54901,3.6752919458313382
Nn1nnc2c([N+](=O)[O-])c([N+](=O)[O-])nc([N+](=O)[O-])c21,1.8913442,8.507445,33.745598,6.056535,3.7454464,618.7083,403.8409,225.44835,3.6653307896783636
O=c1[nH]c2c([N+](=O)[O-])c([N+](=O)[O-])n3nnnc3c2[nH]1,1.8956232,7.7220902,27.789198,4.6332984,2.7105143,588.4531,187.19827,240.94745,3.4851658074298424
O=[N+]([O-])c1nc2c([N+](=O)[O-])c3nnn([N+](=O)[O-])c3cc2c([N+](=O)[O-])c1[N+](=O)[O-],1.8957496,8.264531,31.889643,6.048661,3.3635287,552.7716,353.23898,137.76501,3.816563469818588
NN=c1c2[nH]c([N+](=O)[O-])nc2c([N+](=O)[O-])nn1[N+](=O)[O-],1.8986788,8.470087,33.635178,5.6899133,3.6517916,643.3228,353.3425,140.93146,4.164320730079391
O=[N+]([O-])c1cc([N+](=O)[O-])c2c([N+](=O)[O-])c([N+](=O)[O-])c3oc([N+](=O)[O-])nc3c2n1,1.8884431,7.9374223,29.396036,5.600019,2.942294,522.67847,33.95934,210.95181,3.7259534906086094
O=[N+]([O-])c1nc([N+](=O)[O-])c2nn[nH]c2n1,1.844865,8.083114,30.117424,5.4338994,3.3280096,614.16785,350.41092,242.1743,3.7640805859708957
O=c1c([N+](=O)[O-])c[nH]c2nc3nc([N+](=O)[O-])cc([N+](=O)[O-])c3c([N+](=O)[O-])c12,1.8144704,7.203077,23.731304,4.80718,2.4823935,516.9169,-19.664473,222.1498,3.4569971156841746
O=c1[nH]c([N+](=O)[O-])nc2c([N+](=O)[O-])c3c(nnn3[N+](=O)[O-])c([N+](=O)[O-])c12,1.9208759,8.175321,31.503952,5.4349556,3.0881255,567.52783,166.98077,124.216064,3.9043371817713535
O=[N+]([O-])c1cc([N+](=O)[O-])c2c([N+](=O)[O-])c3n[nH]nc3c(O)c2n1,1.8426212,7.372094,25.08997,4.841199,2.6146612,541.25336,86.58548,226.25195,3.509988656348523
O=c1[nH]c([N+](=O)[O-])nc2c([N+](=O)[O-])c3[nH]cc([N+](=O)[O-])c3nc12,1.8499408,7.1972804,23.95499,4.3412333,2.334387,540.1944,-48.693043,268.95712,3.609957887117755
O=[N+]([O-])c1cc2nc3[nH]c([N+](=O)[O-])c([N+](=O)[O-])c3nn2c1[N+](=O)[O-],1.8596865,7.9397893,29.044409,5.5760283,3.123448,560.2274,256.4606,249.42105,3.729819582836172
N=c1c2c(ncn1[N+](=O)[O-])c([N+](=O)[O-])nc1c(=N[N+](=O)[O-])[nH]n([N+](=O)[O-])c(=N)c12,1.8839604,7.988494,29.895025,5.237631,3.163115,604.7196,345.98868,152.01845,4.700106679762984
O=c1[nH]c([N+](=O)[O-])c2[nH]c([N+](=O)[O-])nc2c1[N+](=O)[O-],1.9258277,7.927687,29.549408,4.7904077,2.7614775,578.4137,-112.36241,248.4554,3.6491003281399026
O=[N+]([O-])N=Cc1c2nc3c(nc2nc2c([N+](=O)[O-])c([N+](=O)[O-])c([N+](=O)[O-])n12)c([N+](=O)[O-])c([N+](=O)[O-])n1ncnc31,1.8640875,7.8210244,28.380102,5.4594083,2.9783063,544.2634,470.1912,197.49767,4.321691766850219
O=[N+]([O-])c1c[nH]c2c1nc([N+](=O)[O-])c1[nH]nc([N+](=O)[O-])c12,1.8418719,7.425287,25.415945,4.8657026,2.6945581,554.7262,180.4126,288.35947,3.627869531363343
Nc1c([N+](=O)[O-])c([N+](=O)[O-])c([N+](=O)[O-])c2nonc12,1.8992757,8.393623,32.916164,6.1881747,3.5767214,577.51,254.1435,218.75598,3.2153584819860557
O=[N+]([O-])c1c2ncoc2c([N+](=O)[O-])c2c([N+](=O)[O-])[nH]nc12,1.8594116,7.612732,26.810331,5.2117834,2.7795787,532.9794,109.88635,241.28246,3.7165845111204288
O=[N+]([O-])c1c([N+](=O)[O-])c2nnc([N+](=O)[O-])n2c2c1nnn2[N+](=O)[O-],1.9408178,8.811752,36.681538,6.3710256,3.807853,595.49036,559.72906,124.36336,3.937959727066941
O=c1c2nc([N+](=O)[O-])cc([N+](=O)[O-])c2c([N+](=O)[O-])nn1[N+](=O)[O-],1.9009534,8.267346,31.986069,5.7733474,3.2660968,563.0005,94.05997,149.15997,3.6149413114353717
O=[N+]([O-])c1cc2c(cn1)nc([N+](=O)[O-])c1c([N+](=O)[O-])n[nH]c12,1.7789934,7.1067157,22.829485,4.8862925,2.6042526,533.4651,232.40869,240.99379,3.491273357186757
O=c1[nH]c([N+](=O)[O-])cc2nc([N+](=O)[O-])n([N+](=O)[O-])c12,1.8592037,7.8788023,28.651756,5.182999,2.9831383,576.698,-23.555235,147.47954,3.752711097370671
O=c1c2c([N+](=O)[O-])c([N+](=O)[O-])c3ncoc3c2c([N+](=O)[O-])nn1[N+](=O)[O-],1.8933095,7.9769845,29.76445,5.4989185,2.9610934,535.5903,3.5841396,158.4883,3.8642214627078078
O=[N+]([O-])c1nn([N+](=O)[O-])c2cc([N+](=O)[O-])n3nnnc3c12,1.8856484,8.3174715,32.160954,6.054281,3.556608,586.2522,549.96155,132.23479,3.883372365371441
O=c1nc2ncc([N+](=O)[O-])c([N+](=O)[O-])c2c2nc([N+](=O)[O-])[nH]n12,1.8597838,7.5026975,26.043772,4.6863427,2.5913901,555.1122,86.69806,223.1428,3.549048209698399
O=c1nc(O)[nH]c2cc([N+](=O)[O-])n([N+](=O)[O-])c12,1.8249043,7.2818637,24.231451,4.259713,2.448816,578.1613,-223.13075,150.77124,3.6725311972251706
NN=c1[nH]c([N+](=O)[O-])nc2c1nc([N+](=O)[O-])c1ncc([N+](=O)[O-])n12,1.8364459,7.5927563,26.52248,4.87203,2.894862,595.92017,343.03897,253.10776,4.068385703398302
O=c1c2cc3cnn([N+](=O)[O-])c3nc2nc([N+](=O)[O-])n1[N+](=O)[O-],1.8422205,7.6080627,26.723457,5.118354,2.8300674,552.3449,194.55353,133.41467,3.8312551575892186
O=[N+]([O-])c1c([N+](=O)[O-])c([N+](=O)[O-])c2nnnnc2c1[N+](=O)[O-],1.9386351,8.743645,36.06903,6.5236473,3.7562897,571.20166,473.90793,206.67744,3.278434095872111
O=[N+]([O-])c1nc([N+](=O)[O-])c2c([N+](=O)[O-])nc3[nH]ncc3c2n1,1.7993196,7.375497,24.72673,4.985227,2.742686,551.39233,296.99652,215.15434,3.5910856648790634
Nc1c([N+](=O)[O-])c([N+](=O)[O-])c2nnn([N+](=O)[O-])c2c1[N+](=O)[O-],1.9290228,8.655383,35.260654,6.1376176,3.7164314,604.1492,289.6855,120.82005,3.649336312652345
Nn1c([N+](=O)[O-])nc2nc([N+](=O)[O-])[nH]c(=O)c21,1.8627676,7.670767,27.215229,4.4381123,2.7499104,622.7229,9.969623,271.28354,3.676494274148248
O=c1[nH]c([N+](=O)[O-])cc2nnc([N+](=O)[O-])n12,1.8281169,7.5911493,26.260832,4.7289333,2.7653806,588.8242,32.189472,249.10593,3.5247649333089752
O=[N+]([O-])c1c([N+](=O)[O-])c2nnnn2c2nnn([N+](=O)[O-])c12,1.9349903,8.799708,36.50054,6.4219255,3.8859713,602.77924,699.5792,119.800766,3.7605666973552463
Nc1c2nonc2c([N+](=O)[O-])c2oc([N+](=O)[O-])c([N+](=O)[O-])c12,1.8827089,7.984696,29.684008,5.777516,3.1429272,542.4053,163.91315,253.34024,3.6397410886078774
Nn1c(=O)n([N+](=O)[O-])c(=O)c2nc([N+](=O)[O-])[nH]c21,1.90034,7.9629908,29.802536,4.6078076,2.8948288,630.59753,-92.88932,154.49272,3.9182916944043527
Nc1c([N+](=O)[O-])c([N+](=O)[O-])nc2nn3nnnc3c([N+](=O)[O-])c12,1.8842554,8.067534,30.349056,5.514771,3.244143,589.5173,525.9341,229.8084,3.6664926265718494
O=[N+]([O-])c1c([N+](=O)[O-])c2[nH]nnc2c2nonc12,1.8566161,8.022319,29.714966,6.007176,3.347705,556.22406,497.86404,238.21126,3.5204963490688375
O=[N+]([O-])c1c2ncc3cnn([N+](=O)[O-])c3c2c([N+](=O)[O-])c2c1nnn2[N+](=O)[O-],1.8304754,7.7621975,27.686607,5.710733,3.1323283,547.24054,511.92856,120.30141,4.0778532936505165
O=[N+]([O-])c1nc([N+](=O)[O-])c2[nH]cnc2c1[N+](=O)[O-],1.8384342,7.786962,27.85982,5.2966223,3.0212522,570.7548,128.60742,224.15604,3.3836740798380696
O=[N+]([O-])c1nnc2c([N+](=O)[O-])c3c(c([N+](=O)[O-])c2n1)OCO3,1.8617707,7.7382507,27.741093,5.2780037,2.8629713,540.8642,14.303241,237.19325,3.556041049494448
O=c1oc2cc([N+](=O)[O-])oc2c2oc(O)c([N+](=O)[O-])c12,1.8311725,6.8629584,21.504221,4.0863957,1.9396416,475.48154,-643.27386,273.99615,3.536713231288873
O=[N+]([O-])c1cc([N+](=O)[O-])c2c(c([N+](=O)[O-])nn2[N+](=O)[O-])c1[N+](=O)[O-],1.9099914,8.612625,34.677082,6.451803,3.7056658,569.36957,213.35602,117.054474,3.5231278412108615
O=[N+]([O-])N=c1[nH]c([N+](=O)[O-])nc2cc([N+](=O)[O-])c([N+](=O)[O-])nc12,1.875674,8.102697,30.455645,5.534296,3.2202082,581.429,202.34381,196.95547,3.8475607061390296
O=[N+]([O-])c1[nH]c([N+](=O)[O-])c2nc([N+]([O-])[O-])cnc12,1.8568468,7.908945,28.877295,5.3847957,3.1062407,578.01086,158.73828,268.85013,4.018632733684223
O=[N+]([O-])c1nnnc2c([N+](=O)[O-])c3c(nnn3[N+](=O)[O-])c([N+](=O)[O-])c12,1.92491,8.590979,34.82602,6.3416333,3.6702337,574.01666,594.6779,117.70601,3.941234703455631
Nc1nc2n[nH]c([N+](=O)[O-])c2c(=O)n1N[N+](=O)[O-],1.8412796,7.729503,27.55403,4.5592427,2.9387496,647.4585,56.650074,161.77504,3.840438502914992
O=[N+]([O-])c1nc2c([N+](=O)[O-])nnn2c2c1nnn2[N+](=O)[O-],1.9352002,8.754561,36.219254,6.2687864,3.8138244,606.18353,664.31165,130.59447,3.9969156852094967
O=c1[nH]oc2c1cc([N+](=O)[O-])c(=O)n2[N+](=O)[O-],1.8748449,7.7587376,28.027504,5.03671,2.803844,556.98175,-187.67918,153.3098,3.634321966455941
COc1nnnc2c([N+](=O)[O-])c([N+](=O)[O-])c3c([N+](=O)[O-])c4c([N+](=O)[O-])c([N+](=O)[O-])[nH]c4nc3c12,1.8055655,7.4863105,25.483067,5.1982846,2.8389623,546.46796,146.05847,219.14516,3.9308745835472774
O=c1oc2c3noc([N+](=O)[O-])c3c([N+](=O)[O-])c([N+](=O)[O-])c2c2nc[nH]c12,1.8413154,7.198949,23.83856,4.7804112,2.3671713,495.32022,-82.85642,222.65869,3.6852702261917205
O=c1c2ccnc([N+](=O)[O-])c2c([N+](=O)[O-])nn1[N+](=O)[O-],1.8247339,7.696038,27.12558,5.4289126,2.9989028,551.4633,110.760315,147.67497,3.477697798294196
Nc1c([N+](=O)[O-])nnc2cc([N+](=O)[O-])c(=O)[nH]c12,1.8245338,7.1394787,23.343948,4.29248,2.460062,576.98425,11.970752,264.22476,3.273597156761145
O=[N+]([O-])c1nnc2c([N+](=O)[O-])c3cnc4o[nH]c4c3nc2c1[N+](=O)[O-],1.8177265,7.3993177,25.125053,5.334399,2.781454,519.2142,359.39664,222.20251,3.8227020722970444
O=[N+]([O-])NN=c1[nH]c([N+](=O)[O-])nc2c([N+](=O)[O-])cc([N+](=O)[O-])nc12,1.8601595,8.091119,30.298592,5.497269,3.2941396,599.3855,222.60281,152.67662,4.014100592451556
O=[N+]([O-])c1ncnc2c([N+](=O)[O-])[nH]nc12,1.825359,7.6660995,27.038624,5.1986666,3.032797,585.21344,273.3141,251.21152,3.502628053137876
O=c1n([N+](=O)[O-])c(=O)n2c(=O)c3c([N+](=O)[O-])c4ocnc4oc-3cn12,1.8433927,7.0646677,23.111351,4.1676106,2.1397212,514.49255,-347.81073,177.79924,4.178576349298815
Nc1nc([N+](=O)[O-])c2c([N+](=O)[O-])c([N+](=O)[O-])c3oc([N+](=O)[O-])nc3c2n1,1.8532239,7.718572,27.52448,5.121647,2.8325293,553.5383,53.903873,216.07854,3.7720120981593137
O=c1[nH]c([N+](=O)[O-])nc2[nH]c([N+](=O)[O-])cc12,1.8025634,6.9874573,22.099474,3.9657602,2.2356687,568.9288,-155.47891,275.79788,3.496373877852805
O=c1c2nc([N+](=O)[O-])nc([N+](=O)[O-])c2ncn1[N+](=O)[O-],1.8972007,8.098166,30.86452,5.3379626,3.0778558,575.2027,118.383575,145.12372,3.7773755921984034
O=c1c2cc([N+](=O)[O-])c(N[N+](=O)[O-])nc2nc2[nH]nc([N+](=O)[O-])n12,1.8402948,7.5390263,26.195042,4.700127,2.716174,579.26953,110.89981,132.61935,3.6078029815048103
O=[N+]([O-])c1c([N+](=O)[O-])c2c(ncn2[N+](=O)[O-])c2c([N+](=O)[O-])n([N+](=O)[O-])nc12,1.912871,8.482348,33.73533,6.174015,3.5322292,569.8246,332.7111,127.88304,4.081247088598585
O=[N+]([O-])c1nc2c([N+](=O)[O-])c3oc([N+](=O)[O-])nc3c([N+](=O)[O-])c2o1,1.9101844,8.111107,30.861107,5.6021814,2.9680886,525.80566,-38.839245,237.72139,4.0372775901616205
Nc1c2c(c([N+](=O)[O-])nn2[N+](=O)[O-])c([N+](=O)[O-])c2nnnn12,1.9156684,8.4420185,33.50137,5.797732,3.5742242,616.7717,513.8585,164.45132,3.8553022359351274
O=c1c2nccnc2n([N+](=O)[O-])c(=O)n1[N+](=O)[O-],1.8380342,7.532255,26.223593,4.7365446,2.692025,569.21704,-23.2861,125.65018,3.5239183106073
O=c1[nH]c([N+](=O)[O-])nc2c([N+](=O)[O-])ncnc12,1.8201789,7.229972,23.942932,4.3450737,2.4253335,561.484,10.91376,242.65338,3.406426113613132
O=[N+]([O-])c1nc([N+](=O)[O-])c2c(cc([N+](=O)[O-])n2[N+](=O)[O-])n1,1.8586828,8.326023,31.995539,6.0854588,3.5391688,579.3979,232.06497,114.03192,3.7794025015510497
O=c1c2nnc3oc4[nH]nnc4c3c2nc([N+](=O)[O-])n1[N+](=O)[O-],1.8565774,7.5825553,26.788239,4.9307175,2.7211437,551.59924,303.27954,141.13385,4.244560686435372
O=c1c2c([N+](=O)[O-])c([N+](=O)[O-])c([N+](=O)[O-])cc2nc([N+](=O)[O-])n1[N+](=O)[O-],1.9131757,8.341838,32.612446,5.8680162,3.2812312,555.6872,-8.11395,147.75262,3.532001016444142
Nc1c([N+](=O)[O-])o[n+]2c([N+](=O)[O-])c3cnn([N+](=O)[O-])c3nc12,1.8726102,8.101574,30.527348,5.682122,3.3497863,589.32904,272.5584,142.46597,4.355380723549208
O=c1n([N+](=O)[O-])c2nnn([N+](=O)[O-])c2c2cc([N+](=O)[O-])nn12,1.8994683,8.320704,32.341427,5.680016,3.3741634,594.33124,320.6425,123.94734,4.092437568399273
Nc1c2c(c([N+](=O)[O-])c([N+](=O)[O-])c1[N+](=O)[O-])OCO2,1.8571022,7.7524776,27.712523,5.0737076,2.909469,574.36426,-293.45255,220.658,3.1296950973706714
O=c1[nH]c2nc([N+](=O)[O-])cn2c(=O)n1N[N+](=O)[O-],1.8462868,7.5888305,26.458927,4.2210803,2.6204412,624.93884,-188.55922,151.07968,3.860777925991915
O=[N+]([O-])c1cc2c(nc1[N+](=O)[O-])c1c([N+](=O)[O-])cc3nnnn3c1c1nnnn21,1.8210219,7.363153,24.822739,5.150111,2.7675486,537.1356,701.7635,227.40605,3.670158938615243
O=c1oc([N+]([O-])[O-])nc2[nH]c([N+](=O)[O-])nc12,1.8772266,7.6917553,27.416252,4.415781,2.54172,579.105,-189.65929,261.98517,4.018038994131874
Nc1c([N+](=O)[O-])c([N+](=O)[O-])c([N+](=O)[O-])c2[nH]c([N+](=O)[O-])nc12,1.8954747,8.104489,30.702946,5.3644967,3.1528807,588.5765,29.980577,217.1517,3.4814917782393877
Nc1c([N+](=O)[O-])c2c([N+](=O)[O-])nnn2c2c([N+](=O)[O-])c3nnnn3nc12,1.8725822,7.9912267,29.669846,5.514807,3.2371078,587.2761,675.63306,237.59036,3.8781998036565097
N=c1c2cc3cc4nc([N+](=O)[O-])n([N+](=O)[O-])c(=O)c4cc3nc2c([N+](=O)[O-])nn1[N+](=O)[O-],1.8002198,7.1589136,23.359873,4.813285,2.5501943,530.43445,162.38,146.6481,3.9853728336302847
O=c1[nH]c(=O)n([N+](=O)[O-])c2nc([N+](=O)[O-])n3cc([N+](=O)[O-])nc3c12,1.8989664,7.606599,27.17383,4.4146056,2.5089588,570.47064,-128.80298,141.92905,3.7621005924515565
O=[N+]([O-])c1[nH]nc2c([N+](=O)[O-])c3c(nc([N+](=O)[O-])n3[N+](=O)[O-])c([N+](=O)[O-])c12,1.9385911,8.535551,34.51055,6.0527396,3.4835837,572.20404,290.0358,126.61511,4.020881758154381
O=c1cc([N+](=O)[O-])c2oc([N+](=O)[O-])nc2[nH]1,1.7983477,7.157069,23.079044,4.3985953,2.359351,539.8212,-217.67126,273.454,3.543547402003073
O=c1cc([N+](=O)[O-])nc2nc([N+](=O)[O-])[nH]n12,1.8095236,7.462614,25.276592,4.556731,2.673375,589.7043,7.5026116,268.0808,3.5447033948474367
O=[N+]([O-])Nc1nn([N+](=O)[O-])c2nnn3nc([N+](=O)[O-])nc3c12,1.9076902,8.648258,35.095154,6.038497,3.7985134,628.77484,639.3194,129.01988,4.15775104949445
O=[N+]([O-])c1nc2c([N+](=O)[O-])[nH]c3c(c([N+](=O)[O-])cc4c3cnn4[N+](=O)[O-])c-2n1,1.8371602,7.425301,25.490742,5.0898976,2.734725,536.9983,261.89838,158.33243,4.009249245067521
Nc1ncnc2c1c(=O)n([N+](=O)[O-])c(=O)n2[N+](=O)[O-],1.8453556,7.478875,25.86585,4.302429,2.5871842,604.0091,-107.75118,131.91881,3.5825501742937487
O=c1c2c([N+](=O)[O-])cc([N+](=O)[O-])nc2nc([N+](=O)[O-])n1[N+](=O)[O-],1.8872048,8.147926,30.957664,5.5747237,3.1561027,564.0754,37.56023,129.1308,3.630926696050757
Nc1nc([N+](=O)[O-])nc2c([N+](=O)[O-])c3c([N+](=O)[O-])n[nH]c3nc12,1.8380209,7.4893017,25.869478,4.6990414,2.7206473,581.3347,237.7626,238.68933,3.618848457837357
NN=c1[nH]c([N+](=O)[O-])nc2c1cnn2[N+](=O)[O-],1.8184369,7.8096476,27.913166,5.1102567,3.2936468,647.9716,330.7348,148.73628,4.217061230669988
O=[N+]([O-])c1ccc2c(nc([N+](=O)[O-])c3c2c([N+](=O)[O-])nn3[N+](=O)[O-])c1[N+](=O)[O-],1.8449725,7.8907766,28.693216,5.832204,3.1613383,539.6542,245.85962,124.34917,3.680343511398629
O=[N+]([O-])c1cc([N+](=O)[O-])c2oc([N+](=O)[O-])nc2n1,1.8268322,7.783349,27.67269,5.4254813,2.9503372,542.9733,2.4697292,253.268,3.6027548490688375
O=[N+]([O-])c1cc([N+](=O)[O-])c2c(nc([N+](=O)[O-])n2[N+](=O)[O-])c1O,1.8773907,8.145044,30.82373,5.6564116,3.2301488,568.9415,-43.17953,120.655426,3.437927405769752
N=c1[nH]c(=O)n([N+](=O)[O-])c2nc([N+](=O)[O-])[nH]c12,1.8918613,7.7112947,27.951353,4.2674327,2.672346,629.8847,-51.672993,151.05946,4.174186581840557
O=[N+]([O-])c1nc2c3c([N+](=O)[O-])c([N+](=O)[O-])c([N+](=O)[O-])c([N+](=O)[O-])c3cnn2c1[N+](=O)[O-],1.9100201,8.328735,32.49863,6.1038547,3.349103,545.5213,259.3007,208.173,3.5790370369357305
O=c1[nH]c2ncc([N+](=O)[O-])c([N+](=O)[O-])c2n1[N+](=O)[O-],1.878389,7.9423227,29.358973,5.1066775,2.973436,582.7966,-26.739286,134.83452,3.4297994050629796
O=[N+]([O-])c1cnc2[nH]nc([N+](=O)[O-])c2c1[N+](=O)[O-],1.8242848,7.837,28.098093,5.5133395,3.1565819,573.0242,196.39316,227.67564,3.1736510029149922
Nc1[nH]nc2c1c([N+](=O)[O-])nn2[N+](=O)[O-],1.8744687,8.284139,31.976719,5.482784,3.5968552,659.2925,302.27478,144.81332,3.828879657265455
O=[N+]([O-])c1cc2c([N+](=O)[O-])c([N+](=O)[O-])[n+]([O-])n2cc1[N+](=O)[O-],1.8782403,8.362636,32.430088,6.339624,3.5908036,562.86456,145.50363,218.71277,3.7144472438264335
O=c1nc2cc([N+](=O)[O-])c([N+](=O)[O-])nc2c([N+](=O)[O-])o1,1.8692964,7.6645722,27.095835,4.9809437,2.6411872,530.0267,-152.73746,222.66959,3.466780236610596
Nc1c([N+](=O)[O-])c2c(c([N+](=O)[O-])c1[N+](=O)[O-])OCO2,1.8664423,7.771432,27.944422,5.0558043,2.8927462,572.3357,-300.29718,234.5309,3.1331538666014396
O=c1[nH]c(=NC=N[N+](=O)[O-])c2nnn([N+](=O)[O-])c2[nH]1,1.8591865,7.8656354,28.519762,4.6731634,2.9926033,644.3404,183.46942,158.13234,4.60556462399789
O=[N+]([O-])c1c([N+](=O)[O-])n2cnnc2c2c1nnc1c([N+](=O)[O-])cn([N+](=O)[O-])c12,1.8586442,7.860084,28.724888,5.6984696,3.151121,550.71625,530.45264,143.71806,3.902442564905578
O=c1[nH]nc([N+](=O)[O-])c2c([N+](=O)[O-])c[nH]c12,1.8347641,7.3385634,24.742825,4.5673003,2.5926614,570.52246,-12.102277,250.31987,3.197348475348331
Nn1nnc2c([N+](=O)[O-])nn([N+](=O)[O-])c(=O)c21,1.8921543,8.495912,33.738888,5.7397833,3.6805377,642.86633,324.47076,148.43326,3.9765004279944023
O=c1nc([N+](=O)[O-])n([N+](=O)[O-])c2c(C=N[N+](=O)[O-])nn([N+](=O)[O-])c12,1.9036096,8.544553,34.073814,5.9317923,3.57014,600.9501,233.55646,119.03783,4.412975661132876
O=c1c2[nH]c3cn([N+](=O)[O-])c(O)c3c2cnn1[N+](=O)[O-],1.8113302,7.085112,23.050661,4.362119,2.4273095,557.7204,-98.46625,170.02406,4.008320923596566
O=[N+]([O-])c1cn2nc([N+](=O)[O-])n([N+](=O)[O-])c2n1,1.8573557,8.586535,34.002377,6.2281175,3.8802876,622.47473,314.27484,112.49582,3.8997804279944024
O=[N+]([O-])c1c2cnn([N+](=O)[O-])c2nc2nn3nnnc3c([N+](=O)[O-])c12,1.8759471,8.012456,29.97247,5.69949,3.2468314,567.36664,691.9479,140.76482,3.8855997311599193
O=[N+]([O-])N=c1[nH][nH]c2nc3nc([N+](=O)[O-])cc([N+](=O)[O-])c3nc12,1.8284818,7.562447,26.283575,5.0020366,2.8795147,575.9275,331.76804,200.97644,3.972511201545262
O=c1c([N+](=O)[O-])c([N+](=O)[O-])n2c3c([N+](=O)[O-])c[nH]c3nc2n1[N+](=O)[O-],1.9016039,8.060225,30.478975,5.3163757,3.0342667,569.93616,49.546955,164.94807,3.9018169704423773
O=c1n([N+](=O)[O-])c2ncnc([N+](=O)[O-])c2n1[N+](=O)[O-],1.9112953,8.387276,33.094604,5.6112022,3.3479304,595.5443,132.11484,121.165634,3.813686789678364
O=c1[nH]cnc2c([N+](=O)[O-])c([N+](=O)[O-])n3nnnc3c12,1.8470691,7.4212847,25.36547,4.7064276,2.6247218,560.463,267.50397,230.87135,3.427917193992837
O=[N+]([O-])c1occ2c1c([N+](=O)[O-])c([N+](=O)[O-])n1nnnc21,1.8661344,8.007685,29.622051,5.8822618,3.2185223,545.1167,338.9962,222.54794,3.6863828916872308
O=c1ncnc2n([N+](=O)[O-])c([N+](=O)[O-])c([N+](=O)[O-])n12,1.8865145,8.258701,31.756392,5.4708767,3.264892,597.26373,99.48749,129.60765,3.7253067896783634
O=[N+]([O-])c1cn2c([N+](=O)[O-])nc3oc4oc([N+](=O)[O-])c([N+](=O)[O-])c4c3c2n1,1.8748708,7.692834,27.435041,5.2008157,2.7092025,519.6861,-18.337141,245.21268,4.042557574061415
O=c1[nH]c2cc([N+](=O)[O-])c([N+](=O)[O-])nc2n1[N+](=O)[O-],1.8935442,7.958497,29.586737,5.044674,2.9242313,580.7547,-47.899723,150.62999,3.4823400204475945
O=[N+]([O-])c1nnc2c(nc3[nH]cc([N+](=O)[O-])n32)c1[N+](=O)[O-],1.8672425,7.8330135,28.516964,5.290491,3.0109003,569.5328,332.25797,228.74846,3.883046859298565
O=[N+]([O-])c1nnc2c([N+](=O)[O-])c3nnn([N+](=O)[O-])c3c([N+](=O)[O-])c2n1,1.9210163,8.526295,34.2898,6.1871924,3.572515,573.3302,564.59906,115.724075,3.9391784462799713
Nc1nc2nc3nc4c([N+](=O)[O-])c(=O)[nH]c([N+](=O)[O-])c4c([N+](=O)[O-])c3cc2n1[N+](=O)[O-],1.8380512,7.2974863,24.549099,4.565912,2.5010874,550.3077,67.40999,172.98615,3.9930670029536497
O=c1[nH]c([N+](=O)[O-])nc2ncc([N+](=O)[O-])nc12,1.8179168,7.176347,23.582369,4.2376,2.3680441,561.335,-8.761823,259.70023,3.375094675486041
O=[N+]([O-])c1nn2c([N+](=O)[O-])coc2c1[N+](=O)[O-],1.8862774,8.398936,32.750183,6.0907626,3.4948678,571.06464,105.71594,249.84349,3.6662296587636334
Nc1nc([N+](=O)[O-])nc2c1nc([N+](=O)[O-])c1[nH]c([N+](=O)[O-])nc12,1.8307106,7.3609324,24.95751,4.462581,2.5775156,578.92267,182.13467,264.0704,3.7354933709887224
O=[N+]([O-])N=Cn1nnc2c([N+](=O)[O-])c3c([N+](=O)[O-])nn([N+](=O)[O-])c3nc21,1.9003975,8.476405,33.637302,6.0419135,3.6067958,595.7696,571.4687,138.71532,4.347203775177945
Nc1cc(=O)[nH]c2nc([N+](=O)[O-])c([N+](=O)[O-])nc12,1.7596068,6.7959404,20.640448,3.9524174,2.2458167,572.5031,-62.82182,231.0718,3.3320567721457603
N=c1c2nc([N+](=O)[O-])[nH]c2[nH]c(=O)n1[N+](=O)[O-],1.9010283,7.731367,28.165607,4.230678,2.655807,631.0148,-47.14519,171.77113,4.104660427994402
O=[N+]([O-])c1nc2ccc([N+](=O)[O-])c3[nH]c([N+](=O)[O-])c([N+](=O)[O-])c3c-2n1,1.8072556,7.335872,24.487486,5.0805745,2.697916,531.3511,134.28131,250.4123,3.4928879755566653
Nn1c([N+](=O)[O-])c([N+](=O)[O-])c2[nH]c([N+](=O)[O-])nc21,1.8825126,8.333944,32.319874,5.6199837,3.532326,630.0661,176.22812,259.1232,3.6872229546334863
O=[N+]([O-])c1cnc2[nH]c([N+](=O)[O-])c([N+](=O)[O-])c2n1,1.8349764,7.7660003,27.672718,5.2763476,2.998315,569.13184,135.7562,258.41104,3.4845115798380686
O=[N+]([O-])c1nnn2c([N+](=O)[O-])cc([N+](=O)[O-])c2c1[N+](=O)[O-],1.8795162,8.493924,33.403183,6.471771,3.725697,572.723,332.35022,216.57999,3.447731732320281
O=[N+]([O-])c1nc2c3c([N+](=O)[O-])ccc([N+](=O)[O-])c3n3nnnc3nc-2c1[N+](=O)[O-],1.8204622,7.5091276,25.760086,5.337586,2.8618574,535.50836,501.4976,233.55716,3.5109609293109036
O=c1[nH]nc([N+](=O)[O-])c2c([N+](=O)[O-])cc([N+](=O)[O-])nc12,1.8529335,7.682042,27.215343,5.1148634,2.8295426,554.28906,37.519566,216.17236,3.251281833127287
O=c1c2cc([N+](=O)[O-])oc2c([N+](=O)[O-])nn1[N+](=O)[O-],1.8740537,8.13643,30.724451,5.715236,3.1888702,554.9765,-48.93691,143.27382,3.697323712755286
O=[N+]([O-])c1cc([N+](=O)[O-])c2c([N+](=O)[O-])[nH]nc2n1,1.8224216,7.805831,27.84144,5.4987574,3.1274164,569.416,183.2651,242.486,3.403182733684222
O=c1c2nc([N+](=O)[O-])cnc2nc([N+](=O)[O-])n1[N+](=O)[O-],1.8794867,8.022664,30.077766,5.3443565,3.0555584,570.5045,125.625336,129.2294,3.622411005841365
O=[N+]([O-])c1nc2c([N+](=O)[O-])c([N+](=O)[O-])c3c([N+](=O)[O-])[nH]nc3c2[nH]1,1.9012486,8.017149,30.120619,5.389356,3.0399332,564.3355,192.74597,228.3144,3.812141457836172
O=[N+]([O-])c1cc2c([N+](=O)[O-])c([N+](=O)[O-])oc2nc1[N+](=O)[O-],1.8702612,8.122141,30.473396,5.911801,3.197974,537.3437,-15.595288,222.22346,3.425371452600002
O=[N+]([O-])c1nc2[nH]nc([N+](=O)[O-])c2c2nn[nH]c12,1.8296399,7.5577044,26.193304,4.8935733,2.8645773,587.3113,379.64902,271.23386,3.756060964453453
O=c1[nH]c2cc([N+](=O)[O-])c([N+](=O)[O-])nc2n1N[N+](=O)[O-],1.8516364,7.8784003,28.581558,5.0257726,3.0172687,602.9193,-22.008055,147.44011,3.557041484796372
O=[N+]([O-])c1cc2c(nc1[N+](=O)[O-])oc1nc([N+](=O)[O-])c([N+](=O)[O-])nc12,1.8524722,7.7129602,27.416353,5.3957744,2.8328733,522.8285,95.70981,216.90787,3.633476035258158
O=c1[nH]c([N+](=O)[O-])nc2oc([N+](=O)[O-])cc12,1.8170198,7.1776724,23.404722,4.3121176,2.3255746,542.79333,-239.79205,269.07935,3.4414690477991368
O=c1[nH]c2nc([N+](=O)[O-])ccc2c(=N[N+](=O)[O-])n1[N+](=O)[O-],1.848492,7.6647625,27.055632,4.862706,2.8360066,584.9304,-1.1309332,135.33133,3.7705260380145864
O=[N+]([O-])c1[nH]nc2nc([N+](=O)[O-])n3c([N+](=O)[O-])cnc3c12,1.8542963,7.7478075,27.744902,5.204265,2.9616652,569.9624,293.47958,235.66792,3.7424160900677963
O=[N+]([O-])Nn1c([N+](=O)[O-])c[n+]2nc([N+](=O)[O-])cc-2c1[N+](=O)[O-],1.8331258,8.357913,31.96614,6.1913915,3.7924337,612.08466,263.06952,127.492966,4.262507707319384
O=[N+]([O-])N=Cc1cc2nnn([N+](=O)[O-])c2c2c([N+](=O)[O-])c3c([N+](=O)[O-])nn([N+](=O)[O-])c3nc12,1.8351405,7.904508,28.643534,5.7739143,3.2264428,558.181,502.6876,124.53645,4.47903516812932
O=c1[nH]c2nc3c(=O)n([N+](=O)[O-])c(=O)n(C=N[N+](=O)[O-])c3nc2[nH]1,1.867382,7.2187767,24.341253,3.760844,2.1850708,584.36945,-189.71165,162.09416,4.239602981504811
Nc1noc2nc([N+](=O)[O-])c3nc([N+](=O)[O-])oc3c12,1.8260251,7.4546943,25.477598,4.9074297,2.6987998,550.7351,78.21744,250.98933,3.803273203879547
O=c1c2nc3c(cc([N+](=O)[O-])c4c([N+](=O)[O-])c([N+](=O)[O-])cc43)[nH]c2n([N+](=O)[O-])c(=O)n1[N+](=O)[O-],1.8807577,7.5894356,26.879984,4.976542,2.6360316,529.6084,-89.76887,173.27061,3.869482630884555
Nn1c([N+](=O)[O-])nc2[nH]c(=O)[nH]c2c1=N[N+](=O)[O-],1.8709656,7.748471,27.792019,4.3430943,2.8117375,652.1592,18.657518,168.52185,3.8711885029149915
Nc1c([N+](=O)[O-])nn2c([N+](=O)[O-])cc([N+](=O)[O-])nc12,1.8487353,7.90195,28.748474,5.3136907,3.1697848,598.47784,191.84012,262.08517,3.61573386660144
O=[N+]([O-])c1cn2c(O)c([N+](=O)[O-])nc2nn1,1.8406452,7.7567725,27.617851,5.0081835,2.9478416,589.5034,108.144104,277.6988,3.6213917669404605
O=[N+]([O-])c1nn([N+](=O)[O-])c2nc3cnn([N+](=O)[O-])c3cc12,1.833945,7.86264,28.439663,5.70551,3.2491872,568.9832,426.7186,136.06415,3.953361029339052
O=[N+]([O-])c1cn2c([N+](=O)[O-])nc3nn4c([N+](=O)[O-])cc([N+](=O)[O-])c4c([N+](=O)[O-])c3c2n1,1.863788,7.790716,28.12233,5.47212,2.9609401,540.2091,301.2818,230.87985,3.888486836132518
O=[N+]([O-])NN=c1nc2c(oc3c4cnn([N+](=O)[O-])c4[nH]c23)c([N+](=O)[O-])n1[N+](=O)[O-],1.8718481,8.009995,29.75342,5.4744673,3.1719959,579.31635,252.89871,148.14038,4.606177677120057
O=[N+]([O-])c1cn2c(n1)-c1c-2nc([N+](=O)[O-])c([N+](=O)[O-])c1[N+](=O)[O-],1.8395712,7.852755,28.363363,5.6152515,3.0748885,545.598,193.56366,212.90799,3.603668650653531
O=c1[nH]c(=O)c2nnc([N+](=O)[O-])nc2[nH]1,1.837782,6.9132876,22.001144,3.3753994,1.9700035,587.982,-133.28253,247.68788,3.1928288036069192
O=[N+]([O-])c1cn2c([N+](=O)[O-])c([N+](=O)[O-])n([N+](=O)[O-])c2n1,1.8901906,8.704728,35.2481,6.3689413,3.8566027,602.972,226.89984,129.14166,3.8439684581133307
O=[N+]([O-])c1nc2nc3nn[nH]c3c([N+](=O)[O-])c2c2c1nnn2O,1.8121531,7.475783,25.546083,5.06215,2.860358,565.7599,504.7184,244.43945,3.975263811435372
Nc1cc([N+](=O)[O-])nc2[nH]c([N+](=O)[O-])c([N+](=O)[O-])c12,1.8137761,7.415582,25.044842,4.7608576,2.763843,583.2946,14.774936,268.17267,3.5253572512168247
O=c1c([N+](=O)[O-])c(C=N[N+](=O)[O-])c([N+](=O)[O-])c2oc([N+](=O)[O-])nn12,1.9147743,8.371839,32.786556,5.7368574,3.2806673,569.9393,9.777118,186.90866,4.178056979814194
O=c1c2c([N+](=O)[O-])nn([N+](=O)[O-])c2nc2cc([N+](=O)[O-])on12,1.8749024,8.034323,30.014639,5.57221,3.1145623,558.12866,117.774536,131.33038,4.024154908686105
Nn1c([N+](=O)[O-])nc2c(=O)n([N+](=O)[O-])c(=O)[nH]c21,1.9163135,7.9591603,29.849356,4.479507,2.819875,632.20917,-118.16586,163.62643,3.8694619071703116
O=c1[nH]c2nonc2n1[N+](=O)[O-],1.891247,8.327963,32.347572,5.4073076,3.3755596,625.8222,141.58163,128.84435,3.8992226802889567
O=[N+]([O-])N=C1n2cc([N+](=O)[O-])nc2C([N+](=O)[O-])=[N+]1[O-],1.8857623,8.582584,34.19258,6.2080526,3.7614465,604.3761,294.9443,152.70506,4.314842789678363
O=c1c([N+](=O)[O-])n[nH]c2c([N+](=O)[O-])cnn12,1.8551652,7.8282943,28.244678,5.115818,3.009598,589.6305,136.06769,257.1958,3.340640067477133
O=[N+]([O-])c1cc([N+](=O)[O-])c2onc([N+](=O)[O-])c2n1,1.8420326,8.053744,29.782375,6.060289,3.315554,543.7597,162.80484,253.6261,3.373794272145761
O=c1[nH]c2c([N+](=O)[O-])c3cc4c(ncn4[N+](=O)[O-])nc3c([N+](=O)[O-])c2n1[N+](=O)[O-],1.870446,7.5487223,26.578506,4.8841414,2.6578631,545.3691,82.99182,142.20973,4.066696874183947
O=c1[nH]c([N+](=O)[O-])nc2nc3cc([N+](=O)[O-])n([N+](=O)[O-])c3nc12,1.8580545,7.5417156,26.401342,4.765686,2.6476176,557.0022,96.296265,141.7893,3.799697093073089
O=[N+]([O-])c1c([N+](=O)[O-])c2ocnn2c1[N+](=O)[O-],1.8871787,8.394412,32.695236,6.0565195,3.4727829,571.69183,108.84137,249.93655,3.6678450433790175
O=[N+]([O-])c1nc2cc[nH]c(=[N+]([O-])[O-])c2n1[N+](=O)[O-],1.7791295,7.7185383,26.844387,5.584441,3.254763,583.8843,184.65512,126.68642,4.081067349068839
O=[N+]([O-])c1c2nc([N+](=O)[O-])n([N+](=O)[O-])c2c([N+](=O)[O-])c2nnn([N+](=O)[O-])c12,1.9511547,8.821346,36.817795,6.4054494,3.7514868,581.7662,431.67166,120.70235,4.116082841577999
O=[N+]([O-])c1nnc2cc([N+](=O)[O-])n3c([N+](=O)[O-])cc([N+](=O)[O-])c3c2n1,1.8321902,7.7003818,27.20194,5.5526285,3.0106237,540.7228,314.02475,235.79634,3.7268259778528767
O=c1[nH]c2[nH]c(=O)n([N+](=O)[O-])c2[nH]1,1.8795525,7.127907,23.814837,3.1617112,2.002419,637.8027,-309.3415,179.6499,3.830233596162673
O=c1n([N+](=O)[O-])ncc2c([N+](=O)[O-])nnn12,1.8861234,8.37556,32.705467,5.7190375,3.5019572,612.5033,285.25076,143.01834,3.7777534842928757
O=[N+]([O-])c1cn2c([N+](=O)[O-])nc3c(c4nnc=4c([N+](=O)[O-])cn3[N+](=O)[O-])c2n1,1.8504424,7.7418666,27.814169,5.407555,3.0033941,554.7241,418.1702,129.9244,4.208258556808412
O=c1nc([N+](=O)[O-])[nH]c2cnn([N+](=O)[O-])c12,1.8430675,7.7032914,27.373665,4.8844485,2.8897789,593.19556,72.192474,149.50694,3.77532879735191
Nn1nnc2c(=O)n([N+](=O)[O-])nc([N+](=O)[O-])c21,1.8817674,8.476547,33.424458,5.7600703,3.687113,641.6764,330.90555,155.18129,3.9765004279944023
O=[N+]([O-])c1c([N+](=O)[O-])c2c3c([N+](=O)[O-])cn([N+](=O)[O-])c3ncn2c1[N+](=O)[O-],1.8911366,8.184851,31.28135,5.893513,3.3065975,558.6258,217.46875,153.73955,3.8057749325855834
O=[N+]([O-])c1nc2c(c([N+](=O)[O-])cn2[N+](=O)[O-])c2c([N+](=O)[O-])ncnc12,1.8434623,7.7513947,27.825306,5.48477,3.0162764,547.8503,283.39578,142.46075,3.8168900421467917
O=[N+]([O-])c1cc([N+](=O)[O-])n2nnnc2n1,1.8214236,8.107497,29.91092,5.834679,3.518879,604.8342,441.6237,254.9457,3.386978897415549
O=c1n([N+](=O)[O-])c([N+](=O)[O-])cc2c([N+](=O)[O-])c([N+](=O)[O-])nn12,1.9266496,8.56714,34.470123,5.9526296,3.4938316,584.16864,75.64082,130.11853,3.7152270009114527
O=[N+]([O-])c1nn([N+](=O)[O-])c2c1nc([N+](=O)[O-])n1cnnc21,1.895297,8.304926,32.30845,5.8684025,3.4756727,590.78827,515.88434,133.59134,3.939106778326906
O=c1nc2n(c([N+](=O)[O-])c1N[N+](=O)[O-])N=N2,1.8745644,8.317302,32.038845,5.6226907,3.476191,619.66455,290.59314,137.18356,4.056531301824182
O=c1[nH]cc([N+](=O)[O-])c2c1c([N+](=O)[O-])nc1c2[nH]c(=O)n1[N+](=O)[O-],1.8931783,7.4263306,25.9579,4.3521757,2.399008,552.9969,-183.11154,160.48273,3.7731017943746332
O=c1c2c(cc([N+](=O)[O-])n2N[N+](=O)[O-])c([N+](=O)[O-])nn1[N+](=O)[O-],1.8959992,8.514862,33.721653,6.00251,3.613305,601.70197,136.5998,125.48657,4.105425157589218
N=c1[nH]c([N+](=O)[O-])nc2nnn([N+](=O)[O-])c12,1.8758647,8.162559,31.065733,5.2251983,3.3417861,642.66425,326.30814,139.48328,4.282722715062107
O=[N+]([O-])c1c([N+](=O)[O-])c2nnnn2c2nonc12,1.9184499,8.572607,34.445084,6.531022,3.744658,571.31177,662.38544,234.63713,3.4319501952226847
O=[N+]([O-])c1cc([N+](=O)[O-])c2[nH]nc([N+](=O)[O-])c2c1[N+](=O)[O-],1.8807813,8.132431,30.70784,5.8456016,3.285353,560.0454,127.080536,218.79318,3.176467956096505
O=c1[nH]c([N+](=O)[O-])nc2nc([N+](=O)[O-])[nH]c12,1.8581834,7.4308867,25.503849,4.1230016,2.4232225,590.9235,-93.54608,268.79245,3.6419162749905505
O=[N+]([O-])c1cc2c([N+](=O)[O-])c3oc(O)c(O)c3c(O)c2o1,1.8209361,6.685279,20.370552,3.8816173,1.8978988,490.71164,-701.36865,275.81384,3.684828235816785
O=c1[nH]c([N+](=O)[O-])c(C=N[N+](=O)[O-])c2nc([N+](=O)[O-])ncc12,1.8370947,7.420829,25.320015,4.689924,2.6378257,563.81177,20.05211,179.53351,4.023009667486626
O=[N+]([O-])N=Cc1c([N+](=O)[O-])nc2nnnn2c1[N+](=O)[O-],1.8686187,8.473122,33.125237,6.1347394,3.761525,612.59894,553.6108,179.78912,3.9487978466734894
Nc1c[nH]c(=O)c2c([N+](=O)[O-])c([N+](=O)[O-])c([N+](=O)[O-])nc12,1.8337613,7.336832,24.712753,4.6198206,2.585922,562.8095,-88.395454,219.6764,3.3825239001524494
O=[N+]([O-])c1nc([N+](=O)[O-])c2nc([N+](=O)[O-])c([N+](=O)[O-])cc2n1,1.8601537,8.032558,29.831165,5.6976943,3.1709108,554.6842,191.28159,218.5247,3.4336244181947144
O=c1[nH]c2c([N+](=O)[O-])ncnc2n1[N+](=O)[O-],1.8826262,7.7237997,27.985664,4.5930233,2.7326386,597.1659,10.467212,139.44724,3.553915917208797
O=[N+]([O-])c1cc([N+](=O)[O-])c2c(n1)c1c([N+](=O)[O-])c([N+](=O)[O-])ncc1n2[N+](=O)[O-],1.8508409,7.896735,28.863165,5.7530384,3.13505,542.347,229.15524,124.45975,3.7569164843716027
O=c1[nH]c(=O)c2c(=O)[nH]c([N+](=O)[O-])nc2[nH]1,1.8275121,6.3041587,18.292423,2.4750457,1.4011555,573.9085,-496.47424,271.9209,3.1043087615737353
O=c1[nH]c([N+](=O)[O-])nc2[nH]c([N+](=O)[O-])nc12,1.8634682,7.4696712,25.84232,4.1302185,2.4392703,594.5479,-87.02106,267.80408,3.5491534842928765
O=[N+]([O-])c1c[nH]c2nc3c(nc([N+](=O)[O-])c4c([N+](=O)[O-])coc43)c([N+](=O)[O-])c12,1.8294187,7.2147174,23.928913,4.905565,2.4840136,506.47876,49.196964,235.23393,3.7516269778610445
O=[N+]([O-])c1nc([N+](=O)[O-])c2nnn([N+](=O)[O-])c2n1,1.931718,8.839043,36.864765,6.272772,3.8551798,612.81665,441.26547,114.326904,3.8149327336842234
O=[N+]([O-])Nc1cnc([N+](=O)[O-])c2[nH]nnc12,1.7860875,7.693387,26.850548,5.276704,3.2719603,620.7697,332.37082,142.57309,3.7834246991245557
O=[N+]([O-])N=c1[nH]c([N+](=O)[O-])nc2[nH]c([N+](=O)[O-])cc12,1.8350923,7.7745466,27.639458,5.026907,3.024904,603.97363,108.51703,183.65785,4.075417269316372
O=c1nc2[nH]c([N+](=O)[O-])cn2c([N+](=O)[O-])c1[N+](=O)[O-],1.8869646,7.8745127,28.826708,4.987253,2.8563008,574.30804,-58.907513,229.2361,3.6302695589091325
O=c1[nH]c2nc3c4c(c([N+](=O)[O-])c([N+](=O)[O-])c3nc(=O)c2[nH]1)OCO4,1.8254068,6.6378775,20.247742,3.5677066,1.8304633,518.3353,-437.3351,236.3318,3.4802144468789837
O=[N+]([O-])c1noc2c([N+](=O)[O-])ncnc12,1.8163677,7.8606443,28.259521,5.8214784,3.2403212,554.59143,241.87646,260.92734,3.406647190098475
O=[N+]([O-])c1cc([N+](=O)[O-])c2c([N+](=O)[O-])n[nH]c2n1,1.8201373,7.7902865,27.671822,5.4191566,3.1008108,573.2578,164.0195,241.67487,3.277511579838068
O=[N+]([O-])c1c2cc([N+](=O)[O-])n([N+](=O)[O-])c2nc2nc3nonc3nc12,1.8542961,7.7777495,28.05756,5.629574,3.0315151,535.85095,519.64307,134.5393,3.8429194636013913
O=[N+]([O-])Nn1c([N+](=O)[O-])c([N+](=O)[O-])c2nc3nonc3nc21,1.8971455,8.508499,33.886787,6.2255692,3.6808875,589.50494,527.88245,127.35724,3.79269028026368
N=c1nc2c3nn([N+](=O)[O-])cc3c(N[N+](=O)[O-])c([N+](=O)[O-])n2[nH]1,1.8358809,7.8602366,28.456463,5.1954885,3.2122583,621.2957,349.13205,144.99567,4.421063346174826
O=[N+]([O-])c1cc2nc([N+](=O)[O-])oc2c([N+](=O)[O-])n1,1.8216777,7.7894144,27.64696,5.468798,2.9833543,544.67505,7.044787,251.54114,3.6767913875303755
NN=c1c2nc(N)[nH]c2n([N+](=O)[O-])c(=O)n1[N+](=O)[O-],1.872557,7.9134316,29.15956,4.555756,3.0580823,675.11743,94.71164,150.10905,4.14334986660144
O=c1nc([N+](=O)[O-])[nH]c2[nH]c([N+](=O)[O-])nc12,1.8562492,7.4988546,25.989674,4.2272396,2.500092,595.3873,-70.56349,267.81076,3.7280103715916244
Nc1nnc2c([N+](=O)[O-])c3c(n12)=C([N+](=O)[O-])C([N+](=O)[O-])=N3,1.8594124,7.9320526,29.166523,5.4177265,3.171475,585.7208,365.0717,248.77084,3.9281199940585427
Nc1c([N+](=O)[O-])c2nnn([N+](=O)[O-])c2c2cnn([N+](=O)[O-])c12,1.8633552,8.00117,29.68116,5.5848823,3.3208568,595.35834,419.91122,145.04738,4.078413057317135
O=[N+]([O-])c1nc2cc(O)[nH]c([N+](=O)[O-])c-2n1,1.7864157,7.1048694,22.751783,4.367666,2.462262,567.6279,-78.93604,273.7599,3.697397491448511
O=c1nc([N+](=O)[O-])nc2c([N+](=O)[O-])c([N+](=O)[O-])ncn12,1.8897873,7.940951,29.355186,5.047958,2.8820515,572.1416,45.307865,217.365,3.410590976813788
O=[N+]([O-])c1nc([N+](=O)[O-])c2c(nnn2[N+](=O)[O-])n1,1.8963938,8.710471,35.41799,6.2517033,3.8276937,611.3813,432.37766,107.09331,3.8669308106072995
N=c1[nH]cnc2c1c([N+](=O)[O-])nn2[N+](=O)[O-],1.8152536,7.666129,26.92989,4.9638004,3.0685518,621.72266,241.60233,146.66254,4.106210013809871
Nn1c([N+](=O)[O-])nc2c(=O)[nH]c(=O)n([N+](=O)[O-])c21,1.8952315,7.873003,28.971422,4.436267,2.7904234,633.2922,-123.087845,154.73326,3.7345208269739105
Nn1cc2c([N+](=O)[O-])nn([N+](=O)[O-])c(=O)c2c1[N+](=O)[O-],1.8750443,8.189935,31.182333,5.6369843,3.4080734,605.03687,134.59225,153.8378,3.9518033693559342
O=[N+]([O-])c1nnc2nnn([N+](=O)[O-])c2c1[N+](=O)[O-],1.8989506,8.891617,36.908836,6.739602,4.1232853,608.86743,565.3514,110.3896,3.8519769644534527
Nc1nn2c([N+](=O)[O-])c([N+](=O)[O-])nc2c(N)c1[N+](=O)[O-],1.8867209,8.044064,30.181824,5.124642,3.2015104,627.35065,187.49146,267.62338,3.5425243752730946
Nn1c(=O)n([N+](=O)[O-])c(=O)c2oc([N+](=O)[O-])cc21,1.8500575,7.6930103,27.280464,4.816842,2.8101428,584.7524,-229.58653,151.97133,3.7471473408855323
O=[N+]([O-])c1cc([N+](=O)[O-])c2nc([N+](=O)[O-])c3[nH]cc([N+](=O)[O-])c3c2n1,1.8344191,7.396305,25.192842,5.055454,2.6713,527.6793,123.315735,248.9143,3.5325789055222216
N=c1c2cnc([N+](=O)[O-])nc2[nH]n1[N+](=O)[O-],1.8153026,7.6286917,26.76577,4.902711,3.0391784,622.2712,231.66092,158.28737,4.1665470442213195
O=c1c([N+](=O)[O-])c([N+](=O)[O-])n2c(=O)c3nc4cccnc4c([N+](=O)[O-])c3nc2n1[N+](=O)[O-],1.8032122,7.1495147,23.376854,4.738843,2.4518657,518.2095,34.603794,154.02328,3.7239204186034502
O=[N+]([O-])NN=c1nc([N+](=O)[O-])[nH]c2c1cnn2[N+](=O)[O-],1.8605444,8.266128,31.52015,5.593792,3.5536962,637.24817,328.539,152.16617,4.395720923596565
Nn1nc([N+](=O)[O-])c2nc([N+](=O)[O-])c3c(nnn3[N+](=O)[O-])c21,1.8906382,8.379395,32.850338,5.9120107,3.6267824,613.3684,558.5145,122.592926,4.14411657752574
Nn1nc([N+](=O)[O-])c2nc([N+](=O)[O-])c3c([N+](=O)[O-])cn([N+](=O)[O-])c3c21,1.8796726,8.156288,31.028414,5.7782993,3.406292,588.51416,355.37125,163.5815,4.0644966907220965
O=c1nc([N+](=O)[O-])oc2c([N+](=O)[O-])onc12,1.8808866,8.037321,29.933294,5.427222,2.9525585,542.5271,-88.56842,255.1411,3.8012178850084393
O=[N+]([O-])c1ncnc2[nH]nc([N+](=O)[O-])c12,1.7785922,7.4770603,25.202135,5.0169225,2.938934,588.15704,230.30267,246.35742,3.275199910548756
O=c1[nH]cnc2c1c([N+](=O)[O-])nn2[N+](=O)[O-],1.8469894,7.71711,27.5144,4.8725886,2.8850856,594.94635,68.6824,134.80936,3.6349738778528033
Nn1c(=O)n([N+](=O)[O-])c(=O)c2c[nH]nc21,1.8151708,7.2535787,24.179533,4.075419,2.554715,630.147,-64.52838,155.53947,4.01543927265007
O=c1[nH]c2c([N+](=O)[O-])ncnc2c2nc3c([N+](=O)[O-])ncc([N+](=O)[O-])n3c12,1.8265116,7.0103006,22.618797,4.331839,2.2702467,526.0369,135.0387,243.87761,3.696034069946129
Nc1nc([N+](=O)[O-])n2nnnc2c1[N+](=O)[O-],1.8853949,8.26464,31.755928,5.4574184,3.4682815,638.4436,395.89743,266.30664,3.326603931520067
N=c1c2c(nc([N+](=O)[O-])n2N[N+](=O)[O-])c(=O)[nH]n1[N+](=O)[O-],1.8989922,8.383831,32.81976,5.395993,3.4419498,640.8442,140.2077,133.3284,4.32597313092168
O=c1[nH]c([N+](=O)[O-])nc2cc3c(c([N+](=O)[O-])nn3[N+](=O)[O-])c([N+](=O)[O-])c12,1.8718883,7.7827163,28.127851,5.1691155,2.8591857,553.1454,43.164387,151.10298,3.8602462118716874
O=c1c2cc3nonc3nc2n(N[N+](=O)[O-])c(=O)n1[N+](=O)[O-],1.8589032,7.768637,27.929064,5.1081877,2.9145863,571.32227,128.53336,137.11722,3.960951049494449
O=c1[nH][nH]c(=O)c2c1cc([N+](=O)[O-])n2[N+](=O)[O-],1.8493227,7.5372424,26.229063,4.7284513,2.7184906,577.33295,-115.779076,144.65977,3.603377351071326
O=[N+]([O-])c1nc2c([N+](=O)[O-])[nH]nc2c2[nH]ncc12,1.7970312,7.160996,23.30478,4.706578,2.6455824,563.2679,314.7528,279.65353,3.7373354259919154
O=[N+]([O-])c1cnc2c([N+](=O)[O-])c3nnc4c([N+](=O)[O-])nc([N+](=O)[O-])nc4c3nc2c1,1.8017421,7.2690787,24.113949,5.1315017,2.6524541,516.1156,447.6207,229.03778,3.5416016124755263
O=c1[nH]c([N+](=O)[O-])cc2[nH]nc([N+](=O)[O-])c12,1.8061923,7.171801,23.334581,4.3535113,2.4604254,569.5112,-82.74643,265.78003,3.357097670339387
O=c1c([N+](=O)[O-])ncc2nc([N+](=O)[O-])[nH]n12,1.8393632,7.6745887,27.097927,4.8614297,2.8568518,589.8633,76.37633,246.69612,3.6871159172087964
O=[N+]([O-])c1nc2cc(O)oc2c2c1nnn2[N+](=O)[O-],1.8069084,7.3984756,24.913935,4.947027,2.7049663,547.9198,48.710377,141.81006,3.9330808961872386
O=[N+]([O-])c1nc2nonc2c2nc([N+](=O)[O-])n3nnnc3c12,1.8625847,7.936392,29.221272,5.758364,3.1922395,552.16724,727.3877,231.56487,3.7499250941594617
O=c1c2cnn([N+](=O)[O-])c2nnn1[N+](=O)[O-],1.8801701,8.380158,32.611668,5.857297,3.5612307,608.2386,311.5594,122.71176,3.876125577316132
O=[N+]([O-])c1cnc2nc3[nH]cc([N+](=O)[O-])c3c([N+](=O)[O-])c2c1[N+](=O)[O-],1.8040488,7.334947,24.495817,5.1113496,2.7032535,528.7186,137.16092,219.02324,3.364205541572738
O=c1nc([N+](=O)[O-])[nH]c2nc([N+](=O)[O-])ncc12,1.8166708,7.159271,23.445644,4.1867237,2.3546264,565.7514,-29.868437,248.0291,3.46143748485059
O=c1nc2c(c[nH]1)nc([N+](=O)[O-])n2[N+](=O)[O-],1.8149623,7.558355,26.07568,4.709368,2.7811894,594.33636,41.94591,119.02725,3.9217502642570983
Nn1nc([N+](=O)[O-])c2nc([N+](=O)[O-])c3ncnc([N+](=O)[O-])c3c21,1.8329468,7.6627126,27.057451,5.262802,3.0313969,576.5267,415.00217,236.39384,3.8298281104428167
Nc1c([N+](=O)[O-])c2c([N+](=O)[O-])c[nH]c2c2oc([N+](=O)[O-])nc12,1.836641,7.2231846,24.0112,4.580553,2.4876604,543.9545,-65.71818,253.359,3.8085538656613327
O=[N+]([O-])c1c([N+](=O)[O-])c2c(cnn2[N+](=O)[O-])c2nn([N+](=O)[O-])cc12,1.8522514,8.038955,29.807089,5.9937215,3.3628838,559.0539,363.45517,134.1728,3.990309005913095
NN=c1c2c([N+](=O)[O-])c3c([N+](=O)[O-])nncn3c2nc([N+](=O)[O-])n1[N+](=O)[O-],1.8729672,8.17756,31.101782,5.672015,3.41928,602.72797,467.1235,134.14049,4.081814423376484
O=[N+]([O-])Nc1n[nH]c2nc3nc([N+](=O)[O-])c([N+](=O)[O-])cc3c([N+](=O)[O-])c12,1.8294618,7.718328,27.336643,5.27875,3.0133026,570.74493,257.3664,131.27081,3.6255659729801444
O=[N+]([O-])c1c([N+](=O)[O-])c2nnnn2c2c([N+](=O)[O-])cn([N+](=O)[O-])c12,1.9052318,8.471343,33.561234,6.2276063,3.6223927,577.8436,491.3074,132.7171,3.7134054001438646
O=c1c2[nH]cc([N+](=O)[O-])c2nnn1[N+](=O)[O-],1.8581764,7.8955946,28.93814,5.2451587,3.099512,591.1538,150.90762,143.08168,3.57872307284386
O=[N+]([O-])c1cc([N+](=O)[O-])c2ncc3c([N+](=O)[O-])nn([N+](=O)[O-])c3c2n1,1.8413715,7.7676606,27.873554,5.603157,3.0647852,544.72864,307.63965,135.36864,3.7013139227438066
O=[N+]([O-])N=Cc1c([N+](=O)[O-])n([N+](=O)[O-])c2c([N+](=O)[O-])nc([N+](=O)[O-])nc12,1.8828086,8.515854,33.711952,6.211347,3.6657681,587.5216,309.10593,117.53645,4.244763878603933
O=[N+]([O-])c1cnc2nc([N+](=O)[O-])n3c(nc4ccc([N+](=O)[O-])c([N+](=O)[O-])n43)c1-2,1.7869912,7.264147,23.889826,5.0723066,2.7051606,533.47284,286.85547,226.8699,3.6456018766464684
O=[N+]([O-])c1cnc2c([N+](=O)[O-])nn([N+](=O)[O-])c2n1,1.8772135,8.361142,32.593464,6.020159,3.5675285,590.672,355.77097,124.750275,3.723155810607299
O=[N+]([O-])c1nc2[nH]cc([N+](=O)[O-])c2c2c1cc([N+](=O)[O-])c1nnn([N+](=O)[O-])c12,1.8157884,7.424001,25.273636,5.2121153,2.8067837,537.87744,315.94614,126.18205,3.829668273407602
O=[N+]([O-])N=c1[nH]c([N+](=O)[O-])nc2cc([N+](=O)[O-])n([N+](=O)[O-])c12,1.8721309,8.376034,32.42177,5.927707,3.570571,602.4967,236.7839,135.2956,4.193584895648295
O=[N+]([O-])c1nnn2c([N+](=O)[O-])nc3[nH]ncc3c12,1.786758,7.505515,25.402067,5.19962,3.009408,579.6357,455.50327,246.78275,3.606406195222684
N=c1[nH]c([N+](=O)[O-])nc2c1[nH]c(=O)n2[N+](=O)[O-],1.898549,7.704215,27.979008,4.2199197,2.6352649,628.65546,-59.559856,155.67253,4.112583504917479
O=[N+]([O-])c1cc2[nH]ncc2c2cc3nc([N+](=O)[O-])c4c(c([N+](=O)[O-])nn4[N+](=O)[O-])c3c([N+](=O)[O-])c12,1.7765931,7.1427894,23.079119,5.1827602,2.6687279,514.6751,315.60757,138.95969,3.908629042546412
O=c1[nH]c([N+](=O)[O-])nc2cc([N+](=O)[O-])c([N+](=O)[O-])nc12,1.8625321,7.554878,26.406153,4.7370725,2.6126592,553.1583,-60.868847,224.39922,3.3456734151301895
O=[N+]([O-])c1cnc2c([N+](=O)[O-])c([N+](=O)[O-])c([N+](=O)[O-])nc2n1,1.8736838,8.092283,30.463861,5.7678537,3.2021558,553.16956,226.36877,208.78105,3.4496310494944487
O=[N+]([O-])c1nn([N+](=O)[O-])c2nc3c(cc([N+](=O)[O-])n3[N+](=O)[O-])cc12,1.8425174,7.954696,29.108324,5.816517,3.2586184,559.119,303.17194,134.79408,3.9851599674515565
O=[N+]([O-])c1cc2nc([N+](=O)[O-])[nH]c2c([N+](=O)[O-])n1,1.7971902,7.60169,26.134176,5.142053,2.9238405,570.10724,88.547516,261.00732,3.536515425991915
Nn1nc([N+](=O)[O-])c2nc([N+](=O)[O-])c3nonc3c21,1.8684987,8.130151,30.711634,5.9517655,3.49325,587.3069,531.8821,250.7379,3.853039476068897
O=c1c2c([N+](=O)[O-])c3nn[nH]c3c([N+](=O)[O-])c2nc2[nH]nnn12,1.8474642,7.426723,25.450777,4.635849,2.624026,568.11255,392.95853,243.17345,4.048843138358448
O=c1[nH]oc2nc([N+](=O)[O-])c([N+](=O)[O-])cc12,1.8313997,7.4917803,25.699743,5.0068545,2.705924,541.99927,-78.04499,228.46173,3.44218711577767
O=[N+]([O-])c1cn2cnc3c([N+](=O)[O-])c4c([N+](=O)[O-])nn([N+](=O)[O-])c4c(O)c3c2n1,1.856191,7.531382,26.387894,4.997705,2.7180066,543.5262,95.44153,160.88747,4.022738886018267
O=[N+]([O-])c1onc2nc([N+](=O)[O-])n3nnnc3c12,1.8828732,8.307449,32.093895,6.062113,3.4904387,574.74445,539.22437,237.05511,3.8398495798380683
O=[N+]([O-])c1cc2nnn3c([N+](=O)[O-])nnc3c2[nH]1,1.8014581,7.586007,26.111774,5.3214426,3.0801635,579.59406,485.3298,277.90475,3.7594505029149916
O=c1nc2nc([N+](=O)[O-])n3c([N+](=O)[O-])cnc3c2c([N+](=O)[O-])[nH]1,1.854572,7.441261,25.568247,4.567892,2.528486,556.6595,49.605854,228.07352,3.7497482096983994
O=[N+]([O-])c1ncn2nc([N+](=O)[O-])c([N+](=O)[O-])c2n1,1.8688534,8.261269,31.599798,5.797697,3.4298275,590.9864,296.76764,246.84312,3.3622183106072994
O=c1[nH][nH]c2nc3c([N+](=O)[O-])nc4n[nH]c([N+](=O)[O-])c4c3nc12,1.8268334,7.0407634,22.869856,4.2272944,2.3182583,551.0927,245.48685,250.68172,3.904451551819988
O=c1c([N+](=O)[O-])nnc2c([N+](=O)[O-])c[nH]n12,1.8663996,7.898606,28.927578,5.2128887,3.0677574,589.37146,163.50446,254.56935,3.4423126971730182
O=[N+]([O-])c1ccc([N+](=O)[O-])c2c1nc([N+](=O)[O-])c1c2c([N+](=O)[O-])nn1[N+](=O)[O-],1.8491195,7.9041142,28.858355,5.812166,3.1633055,541.70746,244.6576,123.61934,3.6422703305254487
Nn1nnc2c([N+](=O)[O-])c3nnnn3c([N+](=O)[O-])c21,1.8829851,8.33903,32.375275,5.9137263,3.6920702,626.05334,683.8187,254.83968,3.7283069316901987
O=[N+]([O-])c1cn2nnc([N+](=O)[O-])c2[nH]1,1.8153157,8.005893,29.057497,5.5527873,3.4292665,618.9055,272.59222,293.98648,3.8539858488500327
Nc1c([N+](=O)[O-])oc2nnn([N+](=O)[O-])c(=O)c12,1.8804573,8.042207,30.166204,5.1757474,3.096294,599.298,20.750109,144.6444,4.065371197225172
O=c1nc2n([N+](=O)[O-])nc(C=N[N+](=O)[O-])nc-2c(=O)[nH]1,1.849237,7.591733,26.575474,4.474301,2.6589642,597.9593,27.063433,139.2538,4.074495282570924
O=[N+]([O-])c1nc2c([N+](=O)[O-])ncc([N+](=O)[O-])c2o1,1.859702,7.933985,29.134394,5.5561876,3.0435808,545.24915,43.68265,245.25702,3.66765004137653
N=c1[nH]c([N+](=O)[O-])nc2c1cc([N+](=O)[O-])n2[N+](=O)[O-],1.843947,7.844321,28.371622,5.183234,3.1142924,603.17285,136.4502,138.74554,4.118316020447594
N=c1[nH]c([N+](=O)[O-])nc2c([N+](=O)[O-])cc([N+](=O)[O-])nc12,1.8227477,7.4783115,25.602793,4.8122253,2.7597086,575.8358,107.21588,245.53554,3.6912786400939037
NC1=NN=Nc2c3c([N+](=O)[O-])c([N+](=O)[O-])c1c2OC([N+](=O)[O-])=N3,1.842679,7.754839,27.680183,5.3112764,3.003139,565.3075,255.05515,239.97304,5.242784344734376
O=[N+]([O-])c1ccc2n([N+](=O)[O-])nc-2c2nc3c(cnn3[N+](=O)[O-])c([N+](=O)[O-])c12,1.81261,7.482743,25.613739,5.4334006,2.917136,535.7384,385.6342,148.62659,3.9414887187517307
O=[N+]([O-])c1c2n[nH]nc2c([N+](=O)[O-])c2c1nnn2[N+](=O)[O-],1.9084502,8.40264,33.1951,6.0383425,3.5516405,586.8396,553.44904,121.32614,3.8291124463431014
O=[N+]([O-])c1cc2c(nc1[N+](=O)[O-])nc([N+](=O)[O-])c1cn[nH]c12,1.7877282,7.1087914,22.912685,4.8773584,2.5835593,530.2056,237.6019,229.16226,3.435475664879064
Nc1nc([N+](=O)[O-])nc2c([N+](=O)[O-])c3c(c([N+](=O)[O-])c12)OCO3,1.8263972,7.311649,24.533323,4.606833,2.54865,554.3863,-185.02359,243.49838,3.4855747605668856
O=[N+]([O-])c1cc2c(cn1)c1nc([N+](=O)[O-])c([N+](=O)[O-])n1c1c([N+](=O)[O-])cc([N+](=O)[O-])nc21,1.7930934,7.256116,23.87053,5.114736,2.6455374,517.0795,204.20587,232.42935,3.6748390232546146
O=c1[nH]c(=O)n([N+](=O)[O-])c2nc3c(N[N+](=O)[O-])c([N+](=O)[O-])c4oc([N+](=O)[O-])cc4c3nc12,1.8688395,7.4723473,25.952923,4.6607146,2.5095,540.1286,-160.20206,148.21152,3.9667529767429848
O=c1[nH]c2c([N+](=O)[O-])cn([N+](=O)[O-])c2n1[N+](=O)[O-],1.928003,8.375246,32.996452,5.3994923,3.2827907,608.5293,-28.05934,141.48143,3.9590317926040264
O=c1nc([N+](=O)[O-])[nH]c2nc3c(cc([N+](=O)[O-])c4c3nnn4[N+](=O)[O-])nc12,1.838865,7.3378525,24.883215,4.707024,2.5451305,541.88275,271.49057,129.85237,3.795601013813073
O=c1c2[nH]cnc2c([N+](=O)[O-])nn1[N+](=O)[O-],1.8355108,7.7476163,27.646528,5.0118585,2.9675043,593.4644,92.02554,151.63667,3.618049369802714
O=[N+]([O-])c1c2cnn([N+](=O)[O-])c2c([N+](=O)[O-])c2[nH]nnc12,1.8475537,7.939162,29.068884,5.713385,3.2851686,573.8132,425.74606,125.38318,3.884025806666987
Nn1c([N+](=O)[O-])c([N+](=O)[O-])c2c([N+](=O)[O-])cn([N+](=O)[O-])c2c1=O,1.9051847,8.343634,32.558296,5.7882285,3.4279077,591.027,36.923176,166.66351,3.76383025537279
O=c1c2c(cnn2[N+](=O)[O-])n(C=N[N+](=O)[O-])c(=O)n1[N+](=O)[O-],1.8913372,8.171745,31.084078,5.2781634,3.1770875,602.69574,20.256624,145.05406,4.450466858513017
N=c1c2ncc([N+](=O)[O-])nc2nc([N+](=O)[O-])n1[N+](=O)[O-],1.8644555,7.9794707,29.63517,5.3265405,3.1639516,594.64954,271.12045,125.20308,3.8710252293537017
O=[N+]([O-])C1=Nc2nnnc3nc([N+](=O)[O-])c([N+](=O)[O-])c(c23)N1[N+](=O)[O-],1.907686,8.451434,33.562473,6.009712,3.5043366,580.3143,540.5815,100.995636,4.256269835487779
O=[N+]([O-])N=c1[nH]c([N+](=O)[O-])nc2[nH]nnc12,1.8575358,8.157639,30.733538,5.2515354,3.3985906,648.71075,364.75534,186.27728,4.261142181642038
O=[N+]c1c(=O)[nH]c(=O)n2[nH]c([N+](=O)[O-])cc12,1.8272003,7.0241985,22.49827,3.8164463,2.1927347,579.79285,-198.2877,290.23737,4.112579244579102
O=c1[nH]c([N+](=O)[O-])cc2c1cnn2[N+](=O)[O-],1.8076766,7.301263,24.301933,4.6902437,2.6648164,571.0662,-4.512693,140.3832,3.6961062571014622
O=[N+]([O-])c1nn([N+](=O)[O-])c2c1ccc1c2nnn1[N+](=O)[O-],1.826153,7.8497972,28.185432,5.8237667,3.2960727,564.8954,461.37076,128.0531,3.9115772236710367
O=[N+]([O-])c1c2cc([N+](=O)[O-])n([N+](=O)[O-])c2c([N+](=O)[O-])c2c1nc([N+](=O)[O-])n2[N+](=O)[O-],1.901901,8.475808,33.50457,6.2577496,3.5412855,562.6223,229.52829,118.46898,4.135203026821031
O=[N+]([O-])c1cc([N+](=O)[O-])c2c(nnc3nc([N+](=O)[O-])c([N+](=O)[O-])n32)c1[N+](=O)[O-],1.8848939,8.195628,31.218208,5.970072,3.3062134,550.9758,345.38388,221.32903,3.505911910567029
O=[N+]([O-])c1c([N+](=O)[O-])c2c([N+](=O)[O-])c[nH]c2c2nn[nH]c12,1.8282504,7.4792857,25.656702,5.0889983,2.8236444,555.0868,239.70673,232.24106,3.5752905839949216
O=c1c2[nH]ncc2n(C=N[N+](=O)[O-])c(=O)n1[N+](=O)[O-],1.8365531,7.5642176,26.293034,4.57825,2.7403116,600.5438,-29.709852,156.60016,4.227898717280173
O=[N+]([O-])c1cc2c([N+](=O)[O-])c([N+](=O)[O-])[nH]c2nn1,1.8333544,7.877686,28.414307,5.5950875,3.1890147,570.2035,212.34763,256.95966,3.6630836952226833
O=c1[nH]nc([N+](=O)[O-])c2c([N+](=O)[O-])cc3c([N+](=O)[O-])nc4c5ocnc5n([N+](=O)[O-])c4c3c12,1.8224477,7.186701,23.760307,4.802335,2.4700892,514.6252,80.003494,137.31342,4.04007950693658
O=[N+]([O-])c1cc([N+](=O)[O-])c2nc([N+](=O)[O-])[nH]c2n1,1.831963,7.6981544,27.14584,5.099912,2.9095535,572.5331,89.770905,254.45895,3.3874586952226835
O=[N+]([O-])c1nc2nc([N+](=O)[O-])n3nnnc3c2[nH]1,1.8588855,7.9296765,29.121449,5.220251,3.1269715,599.8336,484.91415,246.03606,3.7557508106072994
O=[N+]([O-])c1cnc2c([N+](=O)[O-])nn([N+](=O)[O-])c2c1[N+](=O)[O-],1.8985906,8.538756,34.09016,6.327015,3.6833782,578.57355,304.77615,120.92081,3.6060411029496526
O=[N+]([O-])c1cc2c(cn1)c([N+](=O)[O-])nn2[N+](=O)[O-],1.8109866,7.883781,28.356684,5.8102417,3.3379593,573.56433,254.6997,126.01657,3.6440885029149914
O=[N+]([O-])c1cc2nc([N+](=O)[O-])c([N+](=O)[O-])nc2c([N+](=O)[O-])c1[N+](=O)[O-],1.8822432,8.227036,31.433962,6.010189,3.306227,547.1123,153.31815,205.64862,3.356747567537589
O=c1c2[nH]c3c([N+](=O)[O-])c([N+](=O)[O-])cnc3c2cnn1[N+](=O)[O-],1.8271143,7.3489556,24.914669,4.903019,2.6457634,539.6582,101.436035,170.83148,3.5576283585817743
O=c1c2cc([N+](=O)[O-])[nH]c2c2nn1C([N+](=O)[O-])=CN2,1.7610867,6.8252277,20.891201,4.267661,2.351916,553.58496,10.071124,283.77673,4.664940799171861
O=c1[nH]c(=O)c2c([N+](=O)[O-])c3oc([N+](=O)[O-])cc3nc2[nH]1,1.7933536,6.594712,19.654121,3.638584,1.8517975,515.24243,-383.97498,244.04399,3.2748314746831806
O=[N+]([O-])c1cc([N+](=O)[O-])c2c(n1)c([N+](=O)[O-])nc1[nH]nnc12,1.8057626,7.473187,25.447084,5.1725354,2.8529148,551.55225,367.2653,230.0293,3.6802641264175264
O=c1[nH]c2cc([N+](=O)[O-])c3nnn([N+](=O)[O-])c3c2c2nc([N+](=O)[O-])c([N+](=O)[O-])n12,1.8802812,7.7512674,27.973026,5.0590816,2.7998405,555.0078,172.4617,131.99852,3.8535779392727054
O=c1c2nc3cc([N+](=O)[O-])n([N+](=O)[O-])c3nc2nc(N[N+](=O)[O-])n1[N+](=O)[O-],1.8951323,8.091698,30.624008,5.3663564,3.1079764,578.8327,194.93256,135.26959,4.052400961838021
N=c1c2[nH]cc([N+](=O)[O-])c2nc([N+](=O)[O-])n1[N+](=O)[O-],1.8642975,7.9396424,29.327024,5.2472672,3.1580994,602.5569,152.69019,130.67645,3.8471529435245166
O=[N+]([O-])N=Cc1c([N+](=O)[O-])nc2n3cc([N+](=O)[O-])nc3[nH]c([N+](=O)[O-])c1-2,1.838926,7.690915,27.217333,5.166555,2.955632,572.3603,227.31232,177.42996,4.272242676276848
O=c1c2cc3c(C=N[N+](=O)[O-])c4c([N+](=O)[O-])nn([N+](=O)[O-])c4nc3nc2ncn1[N+](=O)[O-],1.8368676,7.452299,25.643095,5.0013533,2.7107675,542.78064,289.53906,147.68419,4.363305508974187
Nc1c([N+](=O)[O-])c(=O)n([N+](=O)[O-])c2nonc12,1.9136201,8.37306,33.03232,5.7341413,3.454899,602.73505,171.17639,134.49455,3.667072735686709
O=[N+]([O-])c1nnc2nc([N+](=O)[O-])n3c([N+](=O)[O-])cc([N+](=O)[O-])c3c2n1,1.8714375,8.026046,29.879293,5.691396,3.173034,555.6996,396.73068,226.532,3.8607286184958145
O=c1ncc2c([N+](=O)[O-])c3c([N+](=O)[O-])nn([N+](=O)[O-])c3nc2n1N[N+](=O)[O-],1.8883334,8.124574,30.738699,5.467623,3.1885052,582.8223,217.9748,142.40543,4.0979028849149435
O=[N+]([O-])c1c2[nH]nnc2nc2nc([N+](=O)[O-])n([N+](=O)[O-])c12,1.829803,8.047093,29.733297,5.671994,3.3460846,589.3068,463.19778,119.24823,4.005461434197351
Nc1c([N+](=O)[O-])c([N+](=O)[O-])nc2c1nc([N+](=O)[O-])n2[N+](=O)[O-],1.9202136,8.495972,33.98738,5.781598,3.5014174,605.20905,197.17615,147.38086,3.823627810628052
Nc1nc(N)c2ncn3c([N+](=O)[O-])c([N+](=O)[O-])c([N+](=O)[O-])c3c2c1[N+](=O)[O-],1.8239459,7.438586,25.284231,4.799408,2.7658522,578.7606,115.52939,249.76381,3.5229662651966347
O=[N+]([O-])c1c([N+](=O)[O-])n2nnnc2c2ncoc12,1.8483757,7.7710466,27.760857,5.424902,3.0086493,554.9373,358.6483,231.95589,3.5411021952226847
O=c1[nH]c([N+](=O)[O-])nc2c1ncc1noc([N+](=O)[O-])c12,1.8102033,7.105809,22.998812,4.5985956,2.395356,523.0286,56.43192,260.89465,3.6446472639229057
O=[N+]([O-])c1cc2nn[nH]c2c([N+](=O)[O-])c1[N+](=O)[O-],1.7928005,7.799779,27.46268,5.7240644,3.2658286,570.6145,243.2724,216.32132,3.264594272145761
O=[N+]([O-])c1nc2c3nc([N+](=O)[O-])c4nc([N+](=O)[O-])n(c43)c3c2c(nnc2cncn23)c1[N+](=O)[O-],1.8050975,7.168948,23.54164,4.926519,2.560688,518.3494,530.4918,229.80656,4.129636575238074
O=[N+]c1nc2n[nH]c([N+](=O)[O-])c2c2nnn([N+](=O)[O-])c12,1.8789588,8.112215,30.771423,5.64749,3.32497,588.7031,552.9228,124.94745,4.423652019167662
Nn1oc2c([N+](=O)[O-])c([N+](=O)[O-])c([N+](=O)[O-])nc2c1=O,1.8914998,8.26008,31.803768,5.7205367,3.3259897,581.46594,26.374193,211.54083,3.7563622450955787
O=c1[nH]c(=O)n([N+](=O)[O-])c2c(C=N[N+](=O)[O-])c([N+](=O)[O-])c([N+](=O)[O-])nc12,1.9086888,8.042412,30.274662,5.0679665,2.9275215,578.6319,-102.28603,132.53365,4.02586840349081
O=[N+]([O-])c1nn([N+](=O)[O-])c2c1cnc1nonc12,1.8389817,7.984781,29.370022,6.08866,3.4143112,557.71686,516.42004,129.1194,3.7842351182996072
O=[N+]([O-])c1cc2nnn3c([N+](=O)[O-])c([N+](=O)[O-])n3c2cn1,1.8167125,7.7897506,27.672073,5.711333,3.2333992,565.49725,429.05142,255.67465,3.7102128512013994
O=[N+]([O-])Nc1ncnc2c1c([N+](=O)[O-])nn2[N+](=O)[O-],1.8577651,8.287794,31.735899,5.752982,3.5611894,619.9976,339.5637,125.12323,3.7280552783661456
O=[N+]([O-])c1nc2c([nH]1)c([N+](=O)[O-])cn2[N+](=O)[O-],1.8669204,8.235518,31.442019,5.685702,3.437377,603.47986,149.45688,134.89456,3.8135804279944026
Nc1c([N+](=O)[O-])oc2c(O)[nH]c(O)c12,1.7998196,6.522356,19.282545,3.1347985,1.8302186,587.34827,-486.01767,325.13168,3.8489200867316393
O=c1[nH]c(=O)c2c([nH]1)c([N+](=O)[O-])cn2[N+](=O)[O-],1.8626553,7.315491,24.799164,4.022439,2.3359222,584.4768,-287.01035,165.37701,3.4217773510713254
O=c1oc([N+](=O)[O-])nc2[nH]cc([N+](=O)[O-])c12,1.8279948,7.199233,23.667027,4.2437096,2.2955487,543.9529,-259.71677,275.12808,3.516550622038851
O=[N+]([O-])c1cc2[nH]nnc2c([N+](=O)[O-])c1[N+](=O)[O-],1.8217086,7.8986683,28.46962,5.7353206,3.277425,571.3217,246.12665,215.86324,3.251627925991915
O=[N+]([O-])c1nnc2c(n1)c([N+](=O)[O-])c([N+](=O)[O-])c1[nH]nnc12,1.862194,7.956515,29.348093,5.5805664,3.163147,565.5651,512.2755,226.54091,3.788804126417526
O=c1c([N+](=O)[O-])c(O)[nH]c2ncc([N+](=O)[O-])n12,1.8510338,7.2420697,24.078306,4.0090494,2.292225,575.13196,-277.93683,281.5114,3.6538358126097865
O=[N+]([O-])c1[nH]c2c([N+](=O)[O-])c[nH]c2c1O,1.8219104,7.1379848,23.233173,4.218256,2.4308045,577.4212,-190.39485,321.7385,3.5837369649577635
O=[N+]([O-])c1nc2c(o1)c([N+](=O)[O-])nc1c2c([N+](=O)[O-])cn1[N+](=O)[O-],1.902233,8.095862,30.800009,5.6014895,3.0857632,547.3093,104.750946,136.14734,4.078502515528479
O=[N+]([O-])c1cn2c(n1)c1[nH]c([N+](=O)[O-])c([N+](=O)[O-])c1c1nc([N+](=O)[O-])cn12,1.8362161,7.540647,26.107912,5.087814,2.808838,553.04535,234.26627,253.98468,4.0521493548833325
O=c1c2nnc([N+](=O)[O-])n1NC=C2[N+](=O)[O-],1.8359066,7.916072,28.798685,5.4733477,3.2523954,594.2193,195.87244,262.18512,4.417633003350153
O=c1c([N+](=O)[O-])ncc([N+](=O)[O-])n1N[N+](=O)[O-],1.873255,8.556735,33.919403,5.9369345,3.7321258,628.53326,54.94901,127.83284,3.645553295127269
NN=c1[nH]c([N+](=O)[O-])nc2c1c([N+](=O)[O-])nn2N,1.8294216,7.8632226,28.397972,4.9702673,3.3187916,671.32446,339.75784,264.8278,4.217270233684222
O=[N+]([O-])c1cn2c([N+](=O)[O-])cc3n[nH]c([N+](=O)[O-])c3c2n1,1.7941806,7.302893,24.107964,4.9670773,2.739315,552.7266,203.87949,277.05048,3.7390347135495787
O=[N+]([O-])c1c([N+](=O)[O-])c([N+](=O)[O-])c2nc3c(nc([N+](=O)[O-])n4ncnc34)nc2c1[N+](=O)[O-],1.8838263,7.897238,29.109224,5.4938364,2.9627824,537.591,413.98697,210.41438,3.7251842826463832
O=[N+]([O-])c1cc2nnn([N+](=O)[O-])c2n1[N+](=O)[O-],1.8411392,8.629358,34.03568,6.6614676,4.0971003,613.6682,421.4,125.805374,4.079438889532865
O=[N+]([O-])c1ncnc2c1c([N+](=O)[O-])nc1c2cnn1[N+](=O)[O-],1.8162345,7.530952,26.035765,5.264798,2.915088,553.5209,368.358,138.90244,3.7592841264175263
N=c1c2c([N+](=O)[O-])c3nnnn3nc2nc([N+](=O)[O-])n1[N+](=O)[O-],1.9075986,8.40594,33.201527,5.7849736,3.518601,607.755,605.18646,126.91809,4.008778482651253
O=c1[nH]c([N+](=O)[O-])nc2c([N+](=O)[O-])ncc([N+](=O)[O-])c12,1.8579177,7.5843983,26.609137,4.831464,2.6661458,553.14355,-39.197857,234.79376,3.4193558534465893
O=c1nc2[nH]c([N+](=O)[O-])cc2c([N+](=O)[O-])[nH]1,1.8051748,6.999063,22.175907,3.9627297,2.2391572,570.3563,-161.1102,278.64337,3.700491945831338
O=[N+]([O-])N=c1[nH]c([N+](=O)[O-])nc2cc([N+](=O)[O-])nnc12,1.8467666,7.9940047,29.407288,5.474564,3.2653005,596.52924,331.59015,181.11554,3.987161949237592
O=[N+]([O-])N=Cc1c([N+](=O)[O-])oc2nc3c([N+](=O)[O-])c4nnnn4c([N+](=O)[O-])c3cc12,1.8363332,7.6485357,26.785797,5.463195,2.9242227,534.55206,376.6879,199.67668,4.154761649998979
O=[N+]([O-])c1nc2c3cn[nH]c3nc([N+](=O)[O-])n2n1,1.8012912,7.4360585,25.090141,4.8585176,2.8301392,584.13794,378.99667,264.3076,3.533976964453453
O=[N+]([O-])c1cc2c(cnn2[N+](=O)[O-])c([N+](=O)[O-])n1,1.8209944,7.8991165,28.573341,5.7714553,3.3190117,574.20703,244.27057,131.9277,3.655932733684222
Nc1c([N+](=O)[O-])c([N+](=O)[O-])nc2nonc12,1.8618025,8.098747,30.329578,5.7521715,3.3925858,591.2649,297.5293,238.32828,3.4167391730227514
Nc1c([N+](=O)[O-])c2n[nH]c([N+](=O)[O-])c2c2nnnnc12,1.8647211,7.6117244,26.937971,4.969758,2.9230745,589.71704,496.31094,289.3396,3.86714236881801
O=[N+]([O-])c1nc2cc([N+](=O)[O-])n3nnnc3c2o1,1.8293364,7.6689606,26.832354,5.344562,2.9515052,552.51105,321.4511,268.68506,3.823400349068839
O=[N+]([O-])c1nnc2nonc2c1[N+](=O)[O-],1.8788531,8.636366,34.657784,6.823357,3.9544792,575.9017,511.4023,224.25626,3.4585702670215532
O=c1[nH]c([N+](=O)[O-])nc2c1c([N+](=O)[O-])c([N+](=O)[O-])c1ncc([N+](=O)[O-])nc12,1.8784101,7.547987,26.582026,4.8557787,2.5806444,532.5657,24.940035,221.03761,3.5938951926072527
O=[N+]([O-])c1cnc2c([N+](=O)[O-])c([N+](=O)[O-])n([N+](=O)[O-])c2n1,1.8929993,8.464723,33.49963,6.171465,3.5783067,576.87244,263.14398,131.38797,3.665222081970631
O=c1c2c(c(C=N[N+](=O)[O-])nn1[N+](=O)[O-])c([N+](=O)[O-])nn1nnnc21,1.8866336,8.236089,31.602339,5.7438293,3.380231,587.70135,548.1698,153.4292,4.276163227126867
O=c1c2ccn([N+](=O)[O-])c2c([N+](=O)[O-])nn1[N+](=O)[O-],1.8428541,8.014323,29.459866,5.728466,3.292833,574.0383,116.722534,124.18959,3.898347712755287
O=[N+]([O-])c1cc([N+](=O)[O-])c2nc3cc([N+](=O)[O-])[nH]c3c([N+](=O)[O-])c2n1,1.8010303,7.3020396,24.21597,5.088633,2.6722343,525.2126,120.53302,245.64467,3.5602236816416255
O=[N+]([O-])c1ccc2c([N+](=O)[O-])c([N+](=O)[O-])[nH]c2n1,1.7793171,7.3124876,24.0471,5.058677,2.7694025,548.8781,44.83643,261.1079,3.3247644644534535
Nc1nnnc2c([N+](=O)[O-])c([N+](=O)[O-])c([N+](=O)[O-])c([N+](=O)[O-])c12,1.8840837,8.296846,32.0388,5.9312143,3.4782658,584.9882,312.06143,210.34538,3.3920528498969116
O=[N+]([O-])c1cnc2c(c1)n1c3nc4nonc4c-3c([N+](=O)[O-])nc1n2[N+](=O)[O-],1.8183231,7.371329,25.009808,5.1860347,2.7517207,530.2603,502.4561,126.08568,3.892616420402309
O=[N+]([O-])c1cc2c([N+](=O)[O-])c3nn[nH]c3c([N+](=O)[O-])c2nc1[N+](=O)[O-],1.8537976,7.775726,27.90279,5.508778,3.0028887,543.9542,292.1224,224.53761,3.6482666207920262
O=c1[nH]c([N+](=O)[O-])nc2c1N(N[N+](=O)[O-])NC(N[N+](=O)[O-])=N2,1.8841896,8.191573,31.23769,4.9707103,3.2503388,657.25464,82.33731,155.03757,4.345503018203706
O=[N+]([O-])c1cc([N+](=O)[O-])c2nc([N+](=O)[O-])n([N+](=O)[O-])c2n1,1.8941197,8.411246,33.05193,6.0129957,3.4920552,578.5357,222.65094,122.8707,3.611514109942658
O=[N+]([O-])c1nnc2c([N+](=O)[O-])c3n[nH]nc3c([N+](=O)[O-])c2n1,1.8852899,8.041888,30.23867,5.6623044,3.1993237,564.23114,525.32184,235.76775,3.6651302802636794
O=[N+]([O-])c1c([N+](=O)[O-])n2ncnc2c2c([N+](=O)[O-])noc12,1.8625313,8.003173,29.62507,5.8451242,3.209068,547.5706,318.28653,227.15953,3.5473334989746803
O=[N+]([O-])c1nc2ncnn2nc1[N+](=O)[O-],1.8103707,8.009797,29.209553,5.609037,3.3984628,606.8638,409.21396,227.55348,3.535419797978401
O=[N+]([O-])c1c([N+](=O)[O-])c([N+](=O)[O-])c2c(O)nnnc2c1[N+](=O)[O-],1.9160233,8.374418,32.86761,5.912745,3.353231,564.379,142.88834,207.54642,3.4507166960507565
O=[N+]([O-])N=Cc1c([N+](=O)[O-])nc([N+](=O)[O-])c2nc([N+](=O)[O-])nn12,1.893189,8.501013,33.726433,6.018284,3.613467,598.98883,389.994,180.08806,4.029338007526166
O=c1[nH]c([N+](=O)[O-])c(C=N[N+](=O)[O-])c2nc([N+](=O)[O-])c([N+](=O)[O-])n12,1.9030055,8.160689,31.071524,5.261452,3.101957,590.26196,4.302157,188.8444,4.105610825968039
O=[N+]([O-])c1nc2n([N+](=O)[O-])c3c([N+](=O)[O-])c([N+](=O)[O-])nc4c([N+](=O)[O-])ccc(c4o1)C=23,1.8296031,7.6517315,26.901167,5.514576,2.9135604,525.64874,122.844055,160.67462,5.029001374110286
O=[N+]([O-])c1cc([N+](=O)[O-])c2c([N+](=O)[O-])c3nnn([N+](=O)[O-])c3nc2n1,1.882528,8.102869,30.668444,5.7547584,3.233626,560.0419,402.40414,131.27533,3.7404489399653915
N=c1[nH]c(=O)n([N+](=O)[O-])c2nc([N+](=O)[O-])n(N)c12,1.8827394,7.853469,28.847641,4.495661,2.925921,654.92786,35.446857,157.5485,4.201439648577839
O=c1[nH]c(=NN[N+](=O)[O-])[nH]c2nc([N+](=O)[O-])cn12,1.8189987,7.5098023,25.705652,4.238094,2.715536,645.67816,-12.825025,157.75752,4.182371155976217
O=[N+]([O-])c1c2ccn([N+](=O)[O-])c2nc2cc([N+](=O)[O-])[n+]([O-])c([N+](=O)[O-])c12,1.8343382,7.708042,27.28852,5.657021,3.051254,537.76605,186.57318,144.11333,4.059867616553962
O=[N+]([O-])c1cc([N+](=O)[O-])c2ncc3c(c([N+](=O)[O-])nn3[N+](=O)[O-])c2n1,1.8395708,7.7623653,27.84098,5.6055655,3.063354,544.4359,306.85443,143.94215,3.6998197780824977
O=[N+]([O-])c1cc2c(cn1)nc([N+](=O)[O-])c1c2nc([N+](=O)[O-])n1[N+](=O)[O-],1.8157814,7.6376233,26.76128,5.4513025,2.981774,545.54047,277.45657,123.38771,3.726208067405116
O=[N+]([O-])c1ncc2c([N+](=O)[O-])n3c(c([N+](=O)[O-])cc4nnnn43)c2n1,1.8209367,7.521549,25.882713,5.3361826,2.9276989,548.4504,548.21747,250.7406,3.884271303066275
O=c1[nH]c([N+](=O)[O-])nc2c[nH]c([N+](=O)[O-])c12,1.824349,7.1073194,23.131933,4.107066,2.3236072,569.91284,-130.26012,274.97806,3.7556157383179203
O=c1[nH]cnc2c([N+](=O)[O-])[nH]c([N+](=O)[O-])c12,1.8197646,7.122313,23.151207,4.174239,2.3533425,567.9848,-109.807,291.21848,3.579466901108618
NN=c1c2cc([N+](=O)[O-])c([N+](=O)[O-])nc2n([N+](=O)[O-])c2onnc12,1.8477943,7.926501,29.006384,5.6462874,3.278584,580.4815,392.13498,135.11534,4.1628313838716755
O=c1c2ncnc([N+](=O)[O-])c2c(N[N+](=O)[O-])nn1[N+](=O)[O-],1.8681092,8.090962,30.387754,5.426695,3.2331018,596.6276,199.56479,125.536804,3.8304625764761244
O=[N+]([O-])c1cnc2c([N+](=O)[O-])nc([N+](=O)[O-])nc2n1,1.834696,7.8126163,28.1223,5.3683815,3.0296562,563.7686,251.01498,227.79736,3.4775376313073227
O=[N+]([O-])c1cc2[nH]c3c([N+](=O)[O-])ccc([N+](=O)[O-])c3c2nc2c([N+](=O)[O-])nnc1-2,1.7912648,6.9909086,22.17468,4.884065,2.4756522,507.3717,258.82358,247.43274,3.3293905300898725
O=c1c2c([N+](=O)[O-])c([N+](=O)[O-])nn2cnn1[N+](=O)[O-],1.8912534,8.469536,33.459312,5.9450965,3.5553238,596.04346,206.12167,159.16696,3.70980186660144
O=[N+]([O-])c1ncnc2onc([N+](=O)[O-])c12,1.7994272,7.7604904,27.323555,5.6604514,3.15389,556.7778,204.97867,235.38814,3.3336982219934095
O=c1[nH]nc([N+](=O)[O-])c2c([N+](=O)[O-])n(CO[N+](=O)[O-])nc12,1.8618885,8.166907,30.833601,5.4153614,3.3150454,613.42896,-2.8682988,144.52724,3.6548785105420594
O=c1oc2n[nH]nc2c2c([N+](=O)[O-])cnc([N+](=O)[O-])c12,1.8304975,7.161525,23.538439,4.581112,2.3898504,522.52673,36.262684,237.8831,3.5515507604264016
O=[N+]([O-])c1nc([N+](=O)[O-])c2cn[nH]c2n1,1.775689,7.4485483,24.986511,4.993356,2.9221246,587.126,220.06528,250.98875,3.353444188222303
O=[N+]([O-])c1n[nH]c2nc3c([N+](=O)[O-])noc3cc12,1.793921,7.3315697,24.298244,5.1483006,2.771677,538.6259,247.56735,276.9285,3.5469895798380673
O=[N+]([O-])c1ccc2c([N+](=O)[O-])c3c4nc([N+](=O)[O-])c([N+](=O)[O-])n4c([N+](=O)[O-])nc3n2c1,1.8264463,7.4479256,25.380554,5.2108717,2.7420123,526.0612,184.72357,232.59898,3.6719029621751496
Nc1nnc2c3c([N+](=O)[O-])[nH]nc3nc([N+](=O)[O-])n12,1.8263106,7.5519595,26.16832,4.7140822,2.8869915,614.9451,373.26273,261.76425,3.7025211328736294
Nn1ncc2c([N+](=O)[O-])nn([N+](=O)[O-])c(=O)c21,1.8329602,7.968036,29.167871,5.4049783,3.353479,621.74817,214.32022,147.77077,3.830334274148248
Nn1c(=O)n([N+](=O)[O-])c(=O)c2cn[nH]c21,1.8092066,7.2452006,24.049332,4.1104307,2.5703633,628.4147,-53.670864,156.64105,3.7340161957269933
O=c1n([N+](=O)[O-])c2ccc([N+](=O)[O-])nc2n1[N+](=O)[O-],1.857685,7.938205,29.214655,5.3819556,3.0964918,575.4245,37.87067,134.28513,3.706628328139902
O=[N+]([O-])NN=c1[nH]c([N+](=O)[O-])nc2nc([N+](=O)[O-])[nH]c12,1.8637189,8.132952,30.649805,5.1605678,3.2830842,638.14307,216.36176,152.05823,4.292992718468361
O=[N+]([O-])c1cc([N+](=O)[O-])c2c([N+](=O)[O-])c3nn[nH]c3c([N+](=O)[O-])c2n1,1.8554721,7.780288,27.990242,5.4904094,3.0026145,545.7637,290.9141,221.15138,3.6355240260733126
N=c1[nH]c([N+](=O)[O-])nc2c1n(N)c(=O)n2[N+](=O)[O-],1.8752791,7.8436356,28.779133,4.573902,2.9547038,650.7072,51.76424,151.41826,4.206798404715318
O=[N+]([O-])c1cn2c([N+](=O)[O-])nc3n[nH]c([N+](=O)[O-])c3c2n1,1.845093,7.6827836,27.140188,5.0782137,2.899833,572.04083,267.82877,268.85526,3.784824187233789
Nc1c([N+](=O)[O-])c([N+](=O)[O-])nc2c(N)n([N+](=O)[O-])c3ncnc-3c12,1.813142,7.2767167,24.287966,4.568136,2.6814835,588.5725,205.8645,177.56628,3.824174630913096
O=[N+]([O-])c1cn([N+](=O)[O-])c2nc3c(nc([N+](=O)[O-])n3[N+](=O)[O-])c([N+](=O)[O-])c12,1.9271085,8.486248,33.95026,6.0170016,3.4496815,570.5862,286.60202,140.83826,4.032594434210719
Nc1c([N+](=O)[O-])c([N+](=O)[O-])nc2[nH]c(=O)[nH]c12,1.8563426,7.173356,23.785074,3.78783,2.263097,602.52045,-165.97778,244.17932,3.3254296587636327
O=[N+]([O-])c1c2nc3c(cc2c([N+](=O)[O-])n2nnnc12)nnn3[N+](=O)[O-],1.853934,7.931594,29.084764,5.7233233,3.2372038,563.8243,686.5277,136.15454,3.861808426812094
O=c1n([N+](=O)[O-])c2nc([N+](=O)[O-])cc([N+](=O)[O-])c2n1[N+](=O)[O-],1.9313116,8.514945,34.227833,5.8047037,3.3990262,583.09656,48.05808,119.88316,3.781967891599712
O=c1c2nc([N+](=O)[O-])ncc2nc([N+](=O)[O-])n1[N+](=O)[O-],1.8770349,8.02032,30.023186,5.34354,3.065215,572.21216,124.76245,130.15952,3.7749851712985487
O=[N+]([O-])c1nc2c([N+](=O)[O-])c3noc([N+](=O)[O-])c3c([N+](=O)[O-])c2[nH]1,1.9027772,8.177851,31.27569,5.857607,3.1958153,543.4328,183.77136,236.82262,3.7892022751438645
Nc1cc2c([N+](=O)[O-])c3c([N+](=O)[O-])nn([N+](=O)[O-])c3nc2c2oc([N+](=O)[O-])nc12,1.8474454,7.551539,26.35167,5.096139,2.7663264,543.7046,156.21713,151.45142,4.1303039747756625
O=[N+]([O-])c1nc([N+](=O)[O-])c2ncnc([N+](=O)[O-])c2n1,1.8350631,7.8531733,28.430649,5.462945,3.0910432,564.9495,271.5382,226.7656,3.4825059570991783
O=[N+]([O-])c1nc2c(nc([N+](=O)[O-])c3c2ncn3[N+](=O)[O-])o1,1.8717191,7.8781176,28.9156,5.338258,2.9662907,553.7717,180.01791,122.298645,4.109397466586016
Nc1c([N+](=O)[O-])c2c(cnn2[N+](=O)[O-])c2nn([N+](=O)[O-])c([N+](=O)[O-])c12,1.8566726,8.050428,29.906857,5.7418737,3.3454456,582.3362,327.6795,137.2361,4.080835152260558
NN=c1[nH]c([N+](=O)[O-])nc2c(N)nc([N+](=O)[O-])nc12,1.7963026,7.316928,24.386574,4.261347,2.736177,644.6424,219.35648,265.847,3.9527647806285895
O=[N+]([O-])c1cnc2c([N+](=O)[O-])n[nH]c2n1,1.8017188,7.5601187,26.005491,5.0496907,2.9539456,586.47174,244.6785,270.52307,3.4503334940384374
O=[N+]([O-])c1nn([N+](=O)[O-])c2c1c([N+](=O)[O-])c1cnncn12,1.819544,7.8959384,28.591148,5.8305974,3.3644395,574.9144,466.21225,151.34904,3.8697254018086884
O=[N+]([O-])c1nc2c3nc4cc5c(c([N+](=O)[O-])c4nc3c([N+](=O)[O-])cn2c1[N+](=O)[O-])OCO5,1.8046309,7.03172,22.513144,4.7368393,2.384695,503.42667,-5.710523,247.32124,3.6795622668714616
O=[N+]([O-])c1nn([N+](=O)[O-])c2c(O)coc12,1.835192,7.8887854,28.548416,5.4016337,3.1246588,576.8907,-81.00461,146.48357,3.835013503419301
Nc1nc2c([nH]1)c([N+](=O)[O-])nc1nnn([N+](=O)[O-])c12,1.8325459,7.5620403,26.398872,4.7070403,2.8747735,613.7301,356.0237,144.83878,3.916462848849962
O=[N+]([O-])Nc1[nH]nc2c([N+](=O)[O-])noc12,1.8677018,8.459665,33.26713,6.0435038,3.7977989,627.8408,284.0152,172.35774,3.8385289912241785
O=[N+]([O-])N=Cc1c2nnn([N+](=O)[O-])c2nc2c1n([N+](=O)[O-])c1nnc3c([N+](=O)[O-])ncn3c21,1.8540189,7.8503885,28.62929,5.519468,3.1346385,567.1877,709.7267,136.15744,4.5174158552037
Nn1nnc2c([N+](=O)[O-])c3c([N+](=O)[O-])n[nH]c3nc21,1.8392584,7.7539945,27.724194,5.0944843,3.120396,615.12976,463.31174,245.40907,3.747768766009724
O=[N+]([O-])c1cnc2nc([N+](=O)[O-])n3c([N+](=O)[O-])c[nH]c3c1-2,1.8218197,7.3411245,24.725998,4.880818,2.6910722,552.75006,175.74988,242.3927,3.6844201386507924
O=[N+]([O-])c1oc2nonc2c1[N+](=O)[O-],1.8903872,8.621081,34.533913,6.6372538,3.7581728,561.4227,208.04385,252.40195,3.6582996140322184
O=[N+]([O-])Nc1n[nH]c2noc([N+](=O)[O-])c12,1.8379893,8.366774,32.20265,6.0230894,3.7904744,629.6018,285.48648,131.87643,3.8786051638320593
O=[N+]([O-])N=Cc1noc2c1nc([N+](=O)[O-])c1c2c([N+](=O)[O-])nn1[N+](=O)[O-],1.8649275,8.253665,31.601557,6.1984634,3.505696,562.1744,413.72903,123.0309,4.374508390562562
O=[N+]([O-])c1c([N+](=O)[O-])c2[nH]nnc2c2nn[nH]c12,1.8101274,7.6138806,26.428955,5.2039275,3.0381873,584.45264,466.0978,244.79745,3.7708652721457616
Nc1[nH]cc2c([N+](=O)[O-])c([N+](=O)[O-])c(=O)[nH]c12,1.8206725,6.9505305,22.146112,3.9689643,2.2939322,582.6649,-161.19762,242.27898,3.350075812609787
O=[N+]([O-])Nc1c2cc3c([N+](=O)[O-])cn4nnnc4c3nc2c([N+](=O)[O-])c2c1nnn2[N+](=O)[O-],1.8317757,7.5884204,26.481245,5.351744,2.9590735,552.89966,611.51074,136.52985,4.073602499328804
O=[N+]([O-])c1oc([N+](=O)[O-])c2nc3c(cc12)nnn3[N+](=O)[O-],1.854424,7.953761,29.234016,5.781311,3.1830227,548.2042,308.116,126.54733,3.9638379524159744
O=[N+]([O-])c1nc2c3c([N+](=O)[O-])cc4nnnn4c3nc([N+](=O)[O-])n2n1,1.8564457,7.779755,27.94233,5.320172,2.9956462,563.5133,595.79846,235.70226,3.642770299721793
O=c1[nH]c([N+](=O)[O-])nc2cnc([N+](=O)[O-])nc12,1.8273019,7.2300653,24.011328,4.2751923,2.3970556,563.3418,-0.49140677,254.8695,3.538909725653266
N=c1c2c(nc([N+](=O)[O-])n1[N+](=O)[O-])c1ccc([N+](=O)[O-])nc1n2[N+](=O)[O-],1.836014,7.720928,27.435602,5.324542,3.0172687,567.48834,252.53625,129.86942,3.980436847323192
N=c1c2c([N+](=O)[O-])c[nH]c2nc([N+](=O)[O-])n1[N+](=O)[O-],1.8519462,7.889995,28.787294,5.1911945,3.1324902,604.8081,135.82626,135.2399,3.814542481986056
Nc1c([N+](=O)[O-])c([N+](=O)[O-])nc2c([N+](=O)[O-])c3[nH]ncc3c([N+](=O)[O-])c12,1.8410554,7.5247703,26.073107,5.1085405,2.8260593,553.56006,171.36649,230.41382,3.648261596487071
O=[N+]([O-])c1cc([N+](=O)[O-])c2nc3nn[nH]c3c([N+](=O)[O-])c2n1,1.798149,7.446933,25.151035,5.1728787,2.8400872,549.2272,359.10666,242.83551,3.634421818725219
Nc1cnc([N+](=O)[O-])c2nc([N+](=O)[O-])c([N+](=O)[O-])nc12,1.7963772,7.5137796,25.650312,5.11006,2.9329977,574.868,204.73987,223.45221,3.580177624128739
O=c1nn[nH]c2c([N+](=O)[O-])cc([N+](=O)[O-])c([N+](=O)[O-])c12,1.844987,7.7512155,27.604946,5.351625,2.969235,554.6598,97.77203,219.74295,3.1770141988747467
N=c1[nH]cnn2c([N+](=O)[O-])c([N+](=O)[O-])nc12,1.8087878,7.6214285,26.469967,4.922765,3.0222213,616.9699,248.29172,263.32248,4.050587115777669
O=[N+]([O-])c1c([N+](=O)[O-])c([N+](=O)[O-])c2c(oc3nncn32)c1[N+](=O)[O-],1.8876933,8.116275,30.671373,5.795837,3.185009,545.9025,178.2107,208.78522,3.635665736682326
O=c1c2nc3cc([N+](=O)[O-])cnc3nc2n([N+](=O)[O-])n1[N+](=O)[O-],1.834299,7.57478,26.483315,5.122709,2.8164477,549.4965,199.52658,134.86642,3.6003772419564637
O=c1nc2c(c([N+](=O)[O-])n1-c1cc([N+](=O)[O-])cc([N+](=O)[O-])c1)N([N+](=O)[O-])C2([N+](=O)[O-])[N+](=O)[O-],1.8452724,7.964474,29.153845,5.6571693,3.161253,557.3435,-3.9968083,129.98781,3.897492744861447
N=c1nc([N+](=O)[O-])[nH]c2c1nc([N+](=O)[O-])n2N[N+](=O)[O-],1.8512901,8.161379,30.781439,5.3073545,3.3993907,643.21246,237.96887,135.31468,4.261377043577214
O=c1[nH]c2c([N+](=O)[O-])c3c([N+](=O)[O-])nc([N+](=O)[O-])nc3cc2n1[N+](=O)[O-],1.8952867,7.793932,28.457989,4.9859805,2.772292,556.56165,-1.8182501,159.07318,3.813410091470349
Nc1nc(=O)n2[nH]cc([N+](=O)[O-])c2c1[N+](=O)[O-],1.8296212,7.277875,24.22449,4.1979756,2.523053,604.32477,-64.9328,272.66345,3.3426419664559415
Nc1nc([N+](=O)[O-])c(=N[N+](=O)[O-])c2nc([N+](=O)[O-])[nH]c2n1,1.8336971,7.862224,28.387451,4.9140925,3.0774455,628.9064,205.78653,161.16122,3.8566021369156864
O=[N+]([O-])c1nc2ncn3c([N+](=O)[O-])nnc3n2c1[N+](=O)[O-],1.8682349,8.069121,30.144321,5.4929094,3.2194824,586.1027,417.8605,244.71552,3.744121353225692
Nc1nn2c(=O)[nH]c([N+](=O)[O-])c2c(N)c1[N+](=O)[O-],1.866991,7.370597,25.084036,3.9475663,2.477478,632.7473,-88.275894,321.71216,3.6020455405581995
O=[N+]([O-])Nc1c([N+](=O)[O-])oc2nc3c(nnn3[N+](=O)[O-])c([N+](=O)[O-])c12,1.9280064,8.510497,34.116535,5.935305,3.4636161,582.5539,295.91772,128.51651,4.129821385430374
O=c1[nH]c2nc([N+](=O)[O-])[nH]c2c(=O)n1N[N+](=O)[O-],1.8623141,7.643379,27.031078,4.214614,2.6154273,624.4774,-191.45952,154.31627,3.7064567721457617
O=c1[nH]nc2[nH]c([N+](=O)[O-])nc2c1[N+](=O)[O-],1.8832297,7.7553334,28.00404,4.6794863,2.767059,594.8051,36.458744,252.78432,3.633412160500389
O=c1cc([N+](=O)[O-])n([N+](=O)[O-])c2nc([N+](=O)[O-])[nH]c2c1=O,1.8483588,7.758888,27.739635,5.0875096,2.8718612,564.6235,-96.180466,113.889496,3.849791312739862
N=c1[nH]c([N+](=O)[O-])nc2c1cnn2[N+](=O)[O-],1.825617,7.6557884,26.938946,4.879317,3.0214727,622.9858,224.32294,143.57022,4.106470836707903
O=[N+]([O-])c1ncnc2c1nc([N+](=O)[O-])c1nonc12,1.8223972,7.602479,26.547096,5.6014366,2.9966083,533.32043,463.5685,241.1603,3.4993508303169705
O=c1[nH]c2cc([N+](=O)[O-])cnc2c2c([N+](=O)[O-])c([N+](=O)[O-])nn12,1.8248498,7.2108154,23.7211,4.587455,2.4574025,538.41693,29.616564,252.47351,3.2721474652815257
O=[N+]([O-])c1c2nn[nH]c2c([N+](=O)[O-])c2[nH]nnc12,1.8357191,7.6896324,27.167257,5.212444,3.0412598,584.77594,452.40036,256.4135,3.795054502914991
O=c1[nH]c2nc([N+](=O)[O-])ncc2nc1[N+](=O)[O-],1.8475642,7.2998223,24.640598,4.3076177,2.4213817,564.5194,7.331881,245.49995,3.4635083878606236
O=c1c2cnc([N+](=O)[O-])cc2nc([N+](=O)[O-])n1[N+](=O)[O-],1.8299961,7.6118655,26.637438,5.132267,2.8457198,554.08325,33.574467,132.87581,3.4801665936497823
O=[N+]([O-])c1nnc2c([N+](=O)[O-])cn([N+](=O)[O-])c2n1,1.8798833,8.423204,33.055225,6.135563,3.6558943,593.0098,389.61435,121.812744,3.755953887530376
Nn1c(=O)n2c([N+](=O)[O-])c([N+](=O)[O-])nc2c2[nH]c3nc([N+](=O)[O-])c([N+](=O)[O-])cc3c21,1.8488296,7.473422,25.733683,4.7926235,2.6643002,558.14197,76.44826,235.12604,3.829803648122807
O=c1n([N+](=O)[O-])nc(N[N+](=O)[O-])c2c([N+](=O)[O-])cnn12,1.9035676,8.481358,33.608147,5.7433686,3.5536098,619.4804,222.33115,134.73013,3.7809573048254004
Nc1[nH]c([N+](=O)[O-])nc2nc([N+](=O)[O-])nc1-2,1.8276654,7.4693885,25.649906,4.3800726,2.711948,622.694,127.1738,269.70288,3.7332815701604964
O=[N+]([O-])c1cc2[nH]nc([N+](=O)[O-])c2nn1,1.7801082,7.637112,26.311106,5.4413404,3.1808014,584.9482,316.60046,267.12952,3.4426910925375003
O=[N+]([O-])c1cc([N+](=O)[O-])c2cnc3[nH]c([N+](=O)[O-])c([N+](=O)[O-])c3c2n1,1.8237414,7.343144,24.66026,5.0131426,2.6457596,527.9828,117.56662,247.98334,3.496529307359191
O=[N+]([O-])c1cc2c([N+](=O)[O-])nnn2c2nnn([N+](=O)[O-])c12,1.8633589,8.255768,31.507835,6.07039,3.5583801,584.34143,564.6058,117.158356,3.737239571849173
O=[N+]([O-])c1cc([N+](=O)[O-])c2c(n1)nc([N+](=O)[O-])n2[N+](=O)[O-],1.8538451,8.292803,31.726686,6.0470524,3.5023997,577.18475,227.08447,110.76369,3.642375928124477
O=c1[nH]cc([N+](=O)[O-])c2nnn([N+](=O)[O-])c12,1.8696637,7.8815165,28.851902,5.12245,3.0269074,592.308,120.8161,141.71297,3.61590482597445
Nc1c2cc([N+](=O)[O-])n([N+](=O)[O-])c2c([N+](=O)[O-])c2oc([N+](=O)[O-])c([N+](=O)[O-])c12,1.8660282,7.985446,29.561459,5.7108417,3.169992,552.6629,-7.8460517,131.95187,3.9628347311747802
Nc1c([N+](=O)[O-])c([N+](=O)[O-])nc2c([N+](=O)[O-])ncnc12,1.8279961,7.5848794,26.442984,5.0300875,2.8938932,576.4383,174.83472,230.28848,3.452576172749928
O=[N+]([O-])c1nc2c([N+](=O)[O-])cc3nc4c(cc([N+](=O)[O-])c5c4nnn5[N+](=O)[O-])nc3c2o1,1.8368554,7.3336344,24.873425,5.0976353,2.605227,508.99255,323.4548,130.98323,3.997616287850482
Nc1nc2c([N+](=O)[O-])c([N+](=O)[O-])oc2c2nnnn12,1.8576831,7.8016353,28.161062,5.094637,3.0010924,590.674,309.52167,256.91345,3.616861369560019
O=c1[nH]c2c(nc(C=N[N+](=O)[O-])n2[N+](=O)[O-])c(=O)n1[N+](=O)[O-],1.9152331,8.17301,31.345367,5.0309873,3.045499,606.4226,-34.124798,146.37462,4.360700810767659
O=[N+]c1nn2c([N+](=O)[O-])cnc2c(=O)[nH]1,1.8093497,7.399016,24.848156,4.5191708,2.6748228,594.78723,123.81253,290.9945,4.0094276779033535
O=[N+]([O-])c1nc2nc[nH]n2c1[N+](=O)[O-],1.7854149,7.8175707,27.528122,5.3177285,3.2805083,618.2854,233.84717,261.22482,3.5332615573520574
O=c1c([N+](=O)[O-])c(C=N[N+](=O)[O-])nc2c3cc4nnnc(C=N[N+](=O)[O-])c4nc3nc([N+](=O)[O-])n12,1.8035228,7.3367167,24.517113,4.9351754,2.6934824,546.4848,431.22366,186.95059,4.467301082020097
O=c1[nH]c([N+](=O)[O-])nc2c([N+](=O)[O-])cc3cc4c(nc3c12)c([N+](=O)[O-])cn4[N+](=O)[O-],1.8138975,7.0136304,22.579536,4.5667224,2.3458989,514.34973,-12.8842745,166.31256,3.7685595028236616
Nc1c([N+](=O)[O-])cc2c([N+](=O)[O-])c([N+](=O)[O-])oc2c1[N+](=O)[O-],1.8585892,7.865624,28.53259,5.5355453,3.0460868,548.79706,-105.30928,250.28772,3.379229430061251
O=c1c2ccc([N+](=O)[O-])c3nc4nc([N+](=O)[O-])cc([N+](=O)[O-])c4[nH]nc-3n1N=N2,1.76421,6.935916,21.549835,4.6836886,2.4769669,530.5548,360.66586,252.39085,4.403894928056142
O=[N+]([O-])c1nnc2c(cc([N+](=O)[O-])n2[N+](=O)[O-])c1[N+](=O)[O-],1.8909252,8.553598,34.07159,6.4683366,3.758652,577.0122,342.28622,123.84183,3.7268727113412607
O=c1[nH]c2nc([N+](=O)[O-])c3c([N+](=O)[O-])[nH]nc3c2[nH]1,1.8548782,7.1429806,23.616526,3.984487,2.257624,570.9842,-5.0535254,249.72507,3.678631192045227
Nc1c(N)c([N+](=O)[O-])c2[nH]nnc2c1[N+](=O)[O-],1.824319,7.421345,25.180077,4.5381546,2.8501093,631.72815,178.09537,299.95358,3.5138204279944034
O=[N+]([O-])c1cc([N+](=O)[O-])c2c([N+](=O)[O-])c3[nH]c([N+](=O)[O-])cc3nc2n1,1.7928091,7.264519,23.901367,5.060619,2.6587918,525.63525,112.54761,228.97049,3.5495931420319815
O=[N+]([O-])c1c2c(cn1[N+](=O)[O-])nnn2[N+](=O)[O-],1.8552352,8.696479,34.739357,6.6855464,4.1202974,614.86475,417.40628,124.68692,4.100980427994402
O=[N+]([O-])c1cnc([N+](=O)[O-])n1[N+](=O)[O-],1.8370912,8.804124,35.4929,6.703034,4.234587,629.5799,186.88739,128.47588,3.553772893384446
O=[N+]([O-])c1cn2c([N+](=O)[O-])c([N+](=O)[O-])nc2nn1,1.8629329,8.3287325,32.06779,6.0499363,3.5696511,588.7551,360.64352,246.58446,3.5981336952226837
Nn1c([N+](=O)[O-])nc2c([N+](=O)[O-])nc3nnn([N+](=O)[O-])c3c2c1=O,1.8776014,8.075413,30.413929,5.373093,3.1945806,595.7618,338.5223,120.820145,4.040259005913095
O=[N+]([O-])c1cn2c([N+](=O)[O-])nc3oc([N+](=O)[O-])nc3c2n1,1.8623006,7.740456,27.696344,5.106244,2.8057184,549.24243,117.77576,262.32083,3.9291278309584854
O=[N+]([O-])c1cn2c([N+](=O)[O-])cc3nc([N+](=O)[O-])n([N+](=O)[O-])c3c2n1,1.8378235,7.884708,28.561226,5.601048,3.1563606,563.4589,247.48712,140.56013,3.912333525143864
N=c1c(=O)[nH]n([N+](=O)[O-])c2c([N+](=O)[O-])cc([N+](=O)[O-])nc12,1.8319426,7.694683,27.191572,5.052047,2.9441302,584.49084,28.0777,129.60666,3.9145787253272744
O=[N+]([O-])c1ncnc2c1nnc1c2c([N+](=O)[O-])nn1[N+](=O)[O-],1.8520607,7.999999,29.751764,5.782106,3.2975829,568.23456,544.65204,130.6953,3.7777064341098345
O=[N+]([O-])c1nc2cnc([N+](=O)[O-])c([N+](=O)[O-])c2[nH]1,1.8182615,7.733677,27.287045,5.3225703,3.0299973,569.8835,136.76535,230.05333,3.4495731182996074
O=[N+]([O-])NN=c1c([N+](=O)[O-])c[nH]c2nonc12,1.8396304,8.124738,30.370916,5.9145374,3.6112537,611.96204,380.86642,157.43661,3.9970436685836006
O=c1c2cc([N+](=O)[O-])nc([N+](=O)[O-])c2cnn1[N+](=O)[O-],1.8438486,7.7476883,27.731998,5.3792543,2.982226,553.5421,89.05295,149.14595,3.54126470685733
O=c1cc([N+](=O)[O-])[nH]c2noc([N+](=O)[O-])c12,1.7984313,7.4269853,24.905363,5.081872,2.742736,541.3043,-56.581158,271.68402,3.7580629655093336
O=c1[nH]n(O)c2c([N+](=O)[O-])cc([N+](=O)[O-])nc12,1.828886,7.518009,25.880093,4.8647842,2.7742198,572.85516,-71.680214,262.76932,3.515915812609787
O=c1[nH]c2c([N+](=O)[O-])ccnc2c(=O)n1[N+](=O)[O-],1.8221979,7.052094,22.848906,4.11019,2.258632,551.8078,-204.83084,163.40569,3.283251964453454
O=[N+]([O-])c1cc2c([N+](=O)[O-])c3cnn([N+](=O)[O-])c3nc2nc1[N+](=O)[O-],1.8532039,7.7869787,28.087383,5.5473647,3.0323067,544.73224,294.61432,140.03137,3.6437531879562055
O=c1c([N+](=O)[O-])c([N+](=O)[O-])c2cnn([N+](=O)[O-])c2n1O,1.9183183,8.362331,32.81655,5.7684712,3.3724546,583.14233,20.524263,148.35416,3.7086382805985387
O=[N+]([O-])c1nc([N+](=O)[O-])c2c([N+](=O)[O-])coc2n1,1.8496552,7.894618,28.696064,5.501367,3.0289075,549.43195,23.387194,229.67444,3.5154000413765303
O=[N+]([O-])c1c([N+](=O)[O-])n2c([N+](=O)[O-])nnc2n2cnnc12,1.875439,8.218038,31.288368,5.7942824,3.4121382,588.27856,504.36032,225.65614,3.6667213532256913
O=c1[nH]c([N+](=O)[O-])nc2nnc([N+](=O)[O-])cc12,1.8180195,7.2882886,24.22178,4.488635,2.512165,561.92316,47.06885,259.6303,3.586718086857278
O=c1c2nonc2n2cc([N+](=O)[O-])nc2n1[N+](=O)[O-],1.8772818,8.027549,30.04351,5.5243797,3.156248,570.7491,260.33673,131.20895,3.866363736423925
O=[N+]([O-])c1c([N+](=O)[O-])c2c([N+](=O)[O-])c3cnn([N+](=O)[O-])c3cc2c2nn[nH]c12,1.812812,7.482512,25.533373,5.39238,2.9032712,537.53894,382.18277,156.5822,3.867876370573594
Nn1nnc2c1c(=O)[nH]c(=O)n2[N+](=O)[O-],1.8701286,7.6912355,27.493982,4.175854,2.7263138,657.27057,-10.181561,146.48232,3.775966580342378
Nc1c([N+](=O)[O-])c([N+](=O)[O-])c2nc([N+](=O)[O-])ncc2c1[N+](=O)[O-],1.8600523,7.845038,28.485355,5.3840275,3.0479286,565.54346,114.8002,222.29128,3.4527982345122954
O=[N+]([O-])N=c1[nH]c([N+](=O)[O-])nc2c([N+](=O)[O-])c[nH]c12,1.8605369,7.8958626,28.854832,5.1238503,3.0871115,603.339,135.00873,189.0342,3.9367005272349243
O=[N+]([O-])c1on([N+](=O)[O-])c2ncnc1-2,1.8284662,8.199067,30.872936,6.067863,3.5813951,589.1987,234.15775,116.9126,3.878347792169871
O=c1c([N+](=O)[O-])c([N+](=O)[O-])c2ocnc2n1[N+](=O)[O-],1.9209641,8.225682,31.8141,5.5213294,3.0955124,557.77936,-82.11223,140.26047,3.648956328139901
O=[N+]([O-])c1nc([N+](=O)[O-])c2c([N+](=O)[O-])ncnc2n1,1.8237036,7.7724924,27.7143,5.3430934,3.0220227,566.33044,230.1171,213.65742,3.41457292542497
O=[N+]([O-])c1c2nnn([N+](=O)[O-])c2c([N+](=O)[O-])c2nn[nH]c12,1.9038951,8.38565,33.00461,5.9631433,3.5270114,591.3839,534.66016,122.27693,3.9592954422945184
O=[N+]([O-])Nc1c([N+](=O)[O-])c2[nH]nnc2c2nnnn12,1.851361,8.165477,30.825146,5.6493483,3.552047,629.93494,647.1789,137.31827,3.8455987258176947
Nc1c(=O)[nH]c([N+](=O)[O-])c2c([N+](=O)[O-])cc([N+](=O)[O-])nc12,1.8273555,7.260709,24.10089,4.4432735,2.4981582,565.6676,-143.46875,232.79938,3.479844739313288
Nn1c([N+](=O)[O-])c([N+](=O)[O-])c2nc([N+](=O)[O-])nc([N+](=O)[O-])c2c1=NN[N+](=O)[O-],1.9183927,8.64901,35.085922,5.986048,3.7204814,621.98083,324.62402,160.4439,4.164702170584687
O=c1nc2nc([N+](=O)[O-])cc([N+](=O)[O-])c2c([N+](=O)[O-])[nH]1,1.8348861,7.4580774,25.445845,4.669904,2.5808158,555.25116,-83.42723,226.5274,3.424128857800726
O=[N+]([O-])c1cnc2nnnn2c1[N+](=O)[O-],1.8385122,8.202658,30.867393,5.9532847,3.5966847,604.59796,483.69882,230.11137,3.2000119180534483
O=c1c2cnn([N+](=O)[O-])c2cc([N+](=O)[O-])n1[N+](=O)[O-],1.8623474,8.041263,29.886444,5.62344,3.233316,574.4025,88.69263,130.92747,3.8358627896783632
O=c1c([N+](=O)[O-])cn2nnnc2nc1[N+](=O)[O-],1.8322092,7.9493237,28.933119,5.545462,3.2335074,583.9201,343.93155,238.55193,3.4700702607703215
Nc1nc2c([N+](=O)[O-])c3c([N+](=O)[O-])cc([N+](=O)[O-])n3nc2c(=O)[nH]1,1.8299637,7.273203,24.247879,4.4626603,2.515177,567.56744,16.735537,245.89934,3.498047948220787
O=c1c2nn[nH]c2c([N+](=O)[O-])c2ocnn12,1.7872382,7.016076,22.135967,4.26365,2.3529708,554.1117,98.56485,313.64368,3.9332346291944855
O=c1n(N[N+](=O)[O-])c2cc3c([N+](=O)[O-])nnc-3n3cc([N+](=O)[O-])nc3c2n1[N+](=O)[O-],1.8442388,7.784355,27.935986,5.2598805,3.0170138,574.5612,277.0144,145.33965,4.144639844704003
O=c1[nH]c([N+](=O)[O-])nc2c3nc([N+](=O)[O-])ccc3n([N+](=O)[O-])c12,1.8153447,7.1992207,23.810032,4.6197147,2.497664,542.1193,23.019258,144.43657,3.6791305918323944
O=[N+]([O-])c1cnc2c([N+](=O)[O-])c3oc([N+](=O)[O-])nc3nc2n1,1.8326266,7.5056815,25.933767,5.1097827,2.6884835,524.97107,168.80493,237.2328,3.7803856648790646
O=[N+]([O-])c1oc2cnn([N+](=O)[O-])c2c1[N+](=O)[O-],1.856089,8.396939,32.460693,6.3061857,3.6554775,575.7526,149.1502,128.13327,3.878420427994402
O=c1on(O)c2c([N+](=O)[O-])cc3nc([N+](=O)[O-])oc3c12,1.845601,7.3427634,24.772732,4.8143334,2.461728,511.49985,-247.67662,254.86217,3.911997846673489
O=[N+]([O-])c1cn2nc([N+](=O)[O-])nc([N+](=O)[O-])c2n1,1.8347731,8.180046,30.666634,5.867844,3.4645264,590.50696,308.34192,240.50887,3.502846195222684
O=c1nc2ncc3nc([N+](=O)[O-])oc3n2c(=O)[nH]1,1.8008891,6.44975,18.915062,3.1085796,1.6573675,538.4116,-266.83008,271.92413,3.8629560413765303
O=c1[nH]c2[nH]ncc2c2c([N+](=O)[O-])n([N+](=O)[O-])c(=O)n12,1.858705,7.302013,24.72062,4.141961,2.3830557,578.7208,-101.90211,163.92886,3.932600410776052
O=[N+]([O-])c1ncnc2c1nc([N+](=O)[O-])n1nnc([N+](=O)[O-])c21,1.8439116,7.857393,28.47312,5.509489,3.1094248,563.329,468.37753,236.67694,3.6675741264175254
O=c1[nH]c([N+](=O)[O-])c([N+](=O)[O-])c2ncoc12,1.8498473,7.357854,24.860104,4.4882126,2.4253178,543.0563,-197.15013,246.10449,3.5614604610370613
N=c1c(=O)[nH]c([N+](=O)[O-])nc2nc([N+](=O)[O-])[nH]c12,1.8275701,7.2385397,24.021448,4.0317593,2.3921123,596.893,-50.067936,268.01505,3.948755810607299
O=[N+]c1nc2nc([N+](=O)[O-])[nH]c2c([N+](=O)[O-])c1[N+](=O)[O-],1.8773155,8.187641,31.128304,5.6659727,3.2640655,575.97626,222.46298,219.50272,3.9712165210808426
Nn1nc([N+](=O)[O-])c2cc3c(=O)[nH]c([N+](=O)[O-])nc3nc21,1.8003924,6.981795,22.0915,4.101812,2.3438146,574.5925,87.83432,274.16962,3.7302290455333846
O=c1c2nc([N+](=O)[O-])n(N[N+](=O)[O-])c2cc([N+](=O)[O-])n1[N+](=O)[O-],1.8973329,8.485865,33.538376,5.8594937,3.535305,603.75726,98.81909,123.40015,4.071698234512295
O=[N+]([O-])N=Cc1nnc2c([N+](=O)[O-])nc3n[nH]c([N+](=O)[O-])c3n12,1.8507191,8.007446,29.64739,5.5295143,3.2887545,595.6168,546.22644,184.1074,4.239159553193614
Nc1nc([N+](=O)[O-])nc2c([N+](=O)[O-])cnc([N+](=O)[O-])c12,1.8150508,7.5089264,25.807072,4.9150653,2.8388546,578.75775,137.96603,241.99959,3.3603346633159656
Nc1nc2n([N+](=O)[O-])c([N+](=O)[O-])cc(=O)n2c1[N+](=O)[O-],1.8583597,7.9086413,28.884289,5.0106235,3.0318797,606.689,-26.908888,125.83383,3.8286791090009054
O=[N+]([O-])c1cnc2c([N+](=O)[O-])c([N+](=O)[O-])nnc2n1,1.8395971,7.991919,29.46656,5.814653,3.2814884,562.4864,375.4836,215.40598,3.4802389887733867
O=[N+]([O-])c1nc([N+](=O)[O-])c2cnc3c(cnn3[N+](=O)[O-])c2n1,1.8278022,7.551421,26.323006,5.2430286,2.9037237,553.37994,360.33987,140.39159,3.738161818725219
O=c1[nH]c([N+](=O)[O-])nc2cnc([N+](=O)[O-])n12,1.839271,7.493387,25.769423,4.4251337,2.598851,590.85345,-27.092192,246.56358,3.596201427047795
O=[N+]([O-])c1cn([N+](=O)[O-])c2c1nc([N+](=O)[O-])c1c([N+](=O)[O-])c([N+](=O)[O-])c3ocnc3c12,1.8657467,7.7146134,27.695772,5.4630203,2.8665075,522.1009,117.134674,148.90295,4.018592304158467
O=[N+]([O-])c1nc2[nH]ncc2c([N+](=O)[O-])c1[N+](=O)[O-],1.821976,7.834226,28.0046,5.5678434,3.1758404,570.60516,212.06668,216.174,3.224454849068838
O=c1[nH]nc([N+](=O)[O-])c2c([N+](=O)[O-])n(C=N[N+](=O)[O-])nc12,1.8676661,8.132858,30.549456,5.46705,3.283189,601.8364,221.46799,191.18404,4.0316125764761255
Nc1nnc([N+](=O)[O-])c2c1nnn2[N+](=O)[O-],1.8188634,8.224451,30.940805,5.8099127,3.7445238,645.45557,475.8693,122.66141,3.8300114449368836
O=c1n([N+](=O)[O-])c2cc([N+](=O)[O-])c3nonc3c2n1[N+](=O)[O-],1.9150449,8.299352,32.352943,5.9266806,3.325395,559.20465,238.21866,134.92107,3.790905886521829
O=c1[nH]c(=O)c2c(nc3n([N+](=O)[O-])c([N+](=O)[O-])cn23)[nH]1,1.8532397,7.1709905,23.819752,3.8738184,2.2343476,580.9849,-177.01852,148.5929,3.6956798979555394
Nn1c(=O)[nH]c2cc([N+](=O)[O-])n(N[N+](=O)[O-])c2c1=O,1.8126038,7.439519,25.188656,4.389255,2.7371392,629.199,-144.60603,140.19908,3.7576458666014396
O=c1cc([N+](=O)[O-])n([N+](=O)[O-])c2c([N+](=O)[O-])c[nH]c12,1.8219692,7.582165,26.285517,5.158742,2.8864822,560.16455,-47.420475,117.8642,3.651072020447595
O=[N+]([O-])c1c([N+](=O)[O-])n([N+](=O)[O-])c2c([N+](=O)[O-])nccc12,1.8084607,7.988407,29.009071,6.090439,3.420378,558.7236,204.71295,117.78714,3.503582081970631
O=c1n([N+](=O)[O-])nc2c3cc([N+](=O)[O-])n([N+](=O)[O-])c3ncn12,1.8790802,7.8833814,28.933159,5.1847,2.970439,574.4645,164.71906,140.27884,3.941437046886888
O=[N+]([O-])c1c2c(c3ncc([N+](=O)[O-])n3c1[N+](=O)[O-])OCO2,1.8409197,7.574622,26.362597,5.1170583,2.7767372,542.3592,-132.72359,227.09836,3.4931756042378366
O=[N+]([O-])c1nnc2ncnc-2n1[N+](=O)[O-],1.8125067,8.108197,30.061384,5.8220644,3.5634892,612.07916,449.4608,107.7413,3.6229342445074817
Nc1c([N+](=O)[O-])nnc2c([N+](=O)[O-])c3nc([N+](=O)[O-])[nH]c3nc12,1.8502034,7.578106,26.604683,4.8364615,2.790724,578.7886,286.3245,247.09285,3.7495226513857443
O=c1[nH]nc([N+](=O)[O-])c2nncn12,1.841816,7.5145593,25.975521,4.453442,2.7220232,615.07837,181.0524,265.3916,3.199470519239595
Nc1c([N+](=O)[O-])c2nn[nH]c2n1[N+](=O)[O-],1.8670558,8.262082,31.68511,5.4481406,3.588656,660.64087,309.86624,180.7373,3.8937731188039164
O=[N+]([O-])c1nc2cnn([N+](=O)[O-])c2c([N+](=O)[O-])c1[N+](=O)[O-],1.871359,8.454033,33.054417,6.343523,3.6837654,577.7916,307.83682,126.15254,3.6184145295230774
N=c1c2c(nc([N+](=O)[O-])n1[N+](=O)[O-])nn1c([N+](=O)[O-])c([N+](=O)[O-])cnc21,1.8928516,8.110404,30.852285,5.5138645,3.2143354,582.69336,357.56564,136.00511,3.9031452085272056
Nc1nc2c([N+](=O)[O-])n[nH]c2c(N)c1[N+](=O)[O-],1.8354619,7.290688,24.473318,4.1550245,2.6159852,632.38055,88.76764,311.23618,3.3827865818405565
O=[N+]([O-])c1nn([N+](=O)[O-])c2cc3nonc3c([N+](=O)[O-])c12,1.8580137,8.159948,30.76004,6.310342,3.4891126,549.48395,440.8846,136.50388,3.7230873451285245
Nc1oc2c([N+](=O)[O-])c3c(c([N+](=O)[O-])c2c1N)c1nonc1c(=O)n3[N+](=O)[O-],1.8471068,7.5313344,26.308935,5.031004,2.778871,552.5439,52.81917,134.54108,4.018419236970355
O=[N+]([O-])c1nc2c([N+](=O)[O-])[nH]c3c([N+](=O)[O-])ccc([N+](=O)[O-])c3c-2n1,1.8386116,7.3842177,25.105516,5.022375,2.6562796,529.06384,114.30966,238.67163,3.4902944049481697
Nc1cnc2c(=O)[nH]c(=O)n([N+](=O)[O-])c2c1[N+](=O)[O-],1.8113127,7.061832,22.77209,3.9551818,2.2963872,584.3884,-212.20233,131.30373,3.437436943524518
O=[N+]([O-])NN=c1[nH]cc([N+](=O)[O-])n1[N+](=O)[O-],1.8653982,8.864959,36.154125,6.2685776,4.259731,682.5821,212.29416,142.90851,4.426722101721959
O=c1[nH]c2ncn(N[N+](=O)[O-])c2c(=O)n1[N+](=O)[O-],1.8626344,7.7566605,27.821537,4.50806,2.8049846,625.43933,-108.313255,143.69576,3.9064875413765296
N=c1[nH]n([N+](=O)[O-])c2c1nc([N+](=O)[O-])c1cc([N+](=O)[O-])cnc12,1.7824523,7.2426906,23.849985,4.940938,2.7749693,563.2561,259.1279,144.27917,3.8951864230979023
O=c1c2c(cnn2O)c([N+](=O)[O-])nn1[N+](=O)[O-],1.8647243,8.119988,30.52661,5.5658674,3.319352,596.28906,92.88583,141.1882,3.9050850433790174
O=[N+]([O-])c1nc2nc3c(cc([N+](=O)[O-])n4ncc([N+](=O)[O-])c34)c([N+](=O)[O-])c2o1,1.8375422,7.446109,25.48643,5.1789775,2.6706321,514.0974,175.04422,247.99684,3.9061901357557804
Nn1c(=O)[nH]c2nc([N+](=O)[O-])[nH]c(=N[N+](=O)[O-])c21,1.8615085,7.7544813,27.823332,4.414666,2.8678029,654.4202,34.34215,186.64073,4.0360010029149915
O=c1[nH]c([N+](=O)[O-])nc2c([N+](=O)[O-])cn([N+](=O)[O-])c12,1.8878033,7.9642696,29.613096,5.1183257,2.9758697,581.56464,-35.40991,152.2282,3.7283197127552867
O=[N+]([O-])c1cc2cnn([N+](=O)[O-])c2c([N+](=O)[O-])n1,1.7936782,7.8323607,27.826244,5.852531,3.3458717,571.2053,268.43723,118.679276,3.642594272145762
O=[N+]([O-])c1ncc2c([N+](=O)[O-])nnn2n1,1.8309362,8.157026,30.482414,5.8896303,3.5567212,603.8318,440.62088,259.59235,3.6223061019183636
O=c1[nH]c(=NN[N+](=O)[O-])[nH]c2ncc([N+](=O)[O-])n12,1.8179885,7.5557423,26.033098,4.3523574,2.7855713,644.66766,10.431582,162.12386,4.2563463522085545
O=[N+]([O-])c1cnc2[nH]nc([N+](=O)[O-])c2n1,1.7903166,7.5074096,25.519798,5.0134788,2.9279177,585.5809,239.20917,274.16278,3.416944000605042
Nc1nn2c([N+](=O)[O-])cc([N+](=O)[O-])nc2c1[N+](=O)[O-],1.8525827,7.906523,28.806913,5.2739177,3.151597,599.2782,187.1279,263.92728,3.4999329435245174
O=[N+]([O-])c1ccc([N+](=O)[O-])c2c([N+](=O)[O-])c3c([N+](=O)[O-])nn([N+](=O)[O-])c3nc12,1.8700004,7.9700456,29.526705,5.789186,3.15648,542.49603,240.32587,139.84697,3.5617119105670287
O=[N+]([O-])c1cnc([N+](=O)[O-])c2[nH]nnc12,1.7995214,7.6393933,26.495874,5.299521,3.1053069,586.99695,296.21576,273.08176,3.471697096289846
O=[N+]([O-])N=Cc1c2nc3c(nc2nc2ncc([N+](=O)[O-])c([N+](=O)[O-])c12)c([N+](=O)[O-])nn3[N+](=O)[O-],1.8574328,7.795684,28.222908,5.48236,2.9987016,545.7754,460.94357,153.50688,4.233844637573517
Nc1c([N+](=O)[O-])[nH]c2c([N+](=O)[O-])n[nH]c12,1.8541491,7.6647854,27.171192,4.659535,2.9489238,634.6722,101.20633,311.02893,3.750313118803917
O=c1nc([N+](=O)[O-])c2ocnc2n1[N+](=O)[O-],1.8972619,7.9303365,29.521376,4.9843454,2.853461,572.3589,-63.7439,131.01505,3.828572088944039
O=[N+]([O-])Nc1n[nH]c2nc([N+](=O)[O-])c3[nH]c([N+](=O)[O-])nc3c12,1.8575969,7.761051,27.988615,4.907492,2.947067,602.00586,257.1512,141.27382,3.8604348956482957
O=c1[nH]nnc2nc3c([N+](=O)[O-])cc4nc([N+](=O)[O-])c([N+](=O)[O-])nc4c3c(=O)n12,1.8419805,7.165637,23.703424,4.350566,2.3103561,532.35364,111.47702,224.4807,3.7060164307714683
O=[N+]([O-])c1nc2cnc([N+](=O)[O-])c([N+](=O)[O-])c2o1,1.8356105,7.879284,28.459368,5.6129713,3.06871,544.6616,49.057972,222.2452,3.6445788875303764
N=c1[nH]c(=O)n([N+](=O)[O-])c2nc([N+](=O)[O-])ccc12,1.8018703,6.9810114,22.29052,4.05146,2.3431585,582.165,-72.701706,149.57904,3.781704849068837
O=[N+]([O-])c1nc2cc3c(c([N+](=O)[O-])nn3[N+](=O)[O-])c([N+](=O)[O-])c2[nH]1,1.852441,7.930934,29.016214,5.5644183,3.1470473,564.77594,220.53244,148.98398,3.887345544374634
Nn1nc([N+](=O)[O-])c2nc3c([N+](=O)[O-])c([N+](=O)[O-])nc(C=N[N+](=O)[O-])c3c([N+](=O)[O-])c21,1.8649224,8.09435,30.375717,5.7602086,3.339989,578.7777,398.99197,183.47314,4.25714479178251
O=[N+]([O-])c1cc2nc3c(c([N+](=O)[O-])nn3[N+](=O)[O-])c([N+](=O)[O-])c2cc1[N+](=O)[O-],1.8604796,7.932741,29.160702,5.7808905,3.143915,541.15216,220.95886,138.81828,3.529746006201125
O=c1c2c(cc([N+](=O)[O-])n1[N+](=O)[O-])n([N+](=O)[O-])n1cc([N+](=O)[O-])nc21,1.8754871,8.032135,30.000666,5.542114,3.1510017,567.3177,99.506256,131.67003,4.122547739673146
Nc1c([N+](=O)[O-])c2c(ncc3c([N+](=O)[O-])n[nH]c32)c2oc([N+](=O)[O-])nc12,1.8182839,7.001875,22.415815,4.4400015,2.348434,529.75366,102.48944,276.9768,3.918008471045459
O=c1ccc2c3nc([N+](=O)[O-])oc3c([N+](=O)[O-])nc2c2nnc([N+](=O)[O-])n12,1.7858922,7.034908,22.33866,4.6983004,2.3806963,507.0028,117.194855,243.36253,3.78396276017482
O=c1[nH]c([N+](=O)[O-])nc2c(C=N[N+](=O)[O-])c([N+](=O)[O-])[nH]c12,1.8671266,7.636729,27.046055,4.670717,2.7247405,585.1511,-38.42436,186.24338,4.1276653237288725
Nc1nc2[nH]c(=O)[nH]c2c([N+](=O)[O-])c1[N+](=O)[O-],1.8417759,7.1008263,23.156103,3.701406,2.2107081,602.327,-194.60359,246.9168,3.154718889532864
Nc1c2nc([N+](=O)[O-])cc-2nc2nc([N+](=O)[O-])[nH]c2c1[N+](=O)[O-],1.7766014,7.0606556,22.44952,4.466016,2.509021,563.89246,149.74728,282.83353,3.6650588796735857
O=[N+]([O-])c1nc2cc([N+](=O)[O-])c([N+](=O)[O-])nc2o1,1.8518801,7.878979,28.578829,5.46701,2.9862478,544.87054,17.27904,223.73541,3.537412541376529
O=[N+]([O-])c1[nH]c2c3c(nnnc13)N([N+](=O)[O-])C=N2,1.8513695,7.769842,28.176394,5.273313,3.1193905,591.77466,454.55057,128.3728,4.374147733684222
Nn1nnc2c([N+](=O)[O-])nc3c(nnn3[N+](=O)[O-])c21,1.8775109,8.2759075,32.011158,5.7517285,3.615038,629.38617,660.51556,132.08807,4.133131192045227
O=[N+]([O-])c1cc([N+](=O)[O-])n2c1c([N+](=O)[O-])c1cc3nc([N+](=O)[O-])n([N+](=O)[O-])cc3c([N+](=O)[O-])c12,1.832042,7.6930647,27.136488,5.620999,2.9945261,530.6297,156.2207,159.30586,4.044627246269171
O=[N+]([O-])Nc1ncc([N+](=O)[O-])c2c([N+](=O)[O-])c([N+](=O)[O-])nn12,1.8918064,8.49475,33.739212,6.038528,3.6637845,604.9914,295.13312,138.01898,3.564215134375086
O=[N+]([O-])c1cc([N+](=O)[O-])c2[nH]c3nnc4c(c([N+](=O)[O-])nn4[N+](=O)[O-])c3c2c1,1.8230591,7.461888,25.63226,5.315319,2.8483217,534.54504,353.8929,141.75055,3.649744791626225
O=[N+]([O-])c1cc2c(c([N+](=O)[O-])nn2[N+](=O)[O-])c2nonc12,1.8766658,8.208944,31.315956,6.3025866,3.486337,549.42285,440.67465,138.08347,3.654235523266177
O=c1nc([N+](=O)[O-])nc2cc([N+](=O)[O-])c([N+](=O)[O-])nn12,1.8811369,7.958366,29.404364,5.176345,2.9510262,570.8624,79.90712,220.36507,3.501055998584471
O=[N+]([O-])c1nc2nnc([N+](=O)[O-])n2c2c1cnn2[N+](=O)[O-],1.8620405,8.19641,31.06329,5.8062267,3.446188,592.6631,491.88913,124.02103,3.9360436204321685
O=c1c2c(c([N+](=O)[O-])nn1[N+](=O)[O-])c1cc([N+](=O)[O-])cc([N+](=O)[O-])c1n2[N+](=O)[O-],1.8726822,7.982465,29.594639,5.713529,3.113882,543.172,93.413666,125.111404,3.7851288891325616
Nc1cc2c(=O)[nH][nH]c(=O)c2c([N+](=O)[O-])c1[N+](=O)[O-],1.8223816,6.9060493,21.83184,4.0210195,2.2311347,559.21045,-229.51309,233.7516,3.0734935589091332
Nc1nc2nc([N+](=O)[O-])[nH]c(=O)n2n1,1.8044629,7.0570374,22.660107,3.4500802,2.2315242,651.47,-5.698957,274.7587,3.4233121646395066
O=c1nc2[nH]nc(C=N[N+](=O)[O-])nc-2c(=O)[nH]1,1.776631,6.791183,20.802507,3.573768,2.1140585,595.46063,-25.46771,182.89732,3.8960669091727986
O=[N+]([O-])c1nnc2cc([N+](=O)[O-])n3cc([N+](=O)[O-])c([N+](=O)[O-])c3c2n1,1.8390094,7.7172537,27.352474,5.555176,3.0092888,540.39685,324.1851,242.8334,3.7022645542019017
O=[N+]([O-])c1c[nH]c2c([N+](=O)[O-])c(O)nnc12,1.8298719,7.3991876,25.11086,4.7015386,2.6784782,570.49554,17.843523,300.64755,3.3375842535236453
O=[N+]([O-])c1cc2c([N+](=O)[O-])n[nH]c2nn1,1.7789897,7.616711,26.111818,5.3912334,3.152433,585.4938,317.7017,272.75558,3.505556008109732
O=[N+]([O-])c1[nH]nc2c([N+](=O)[O-])nncc12,1.8121736,7.748099,27.422457,5.535958,3.2300074,584.18713,342.74344,254.13165,3.602597283907107
O=[N+]([O-])c1cc2nnn([N+](=O)[O-])c2c2c1nnn2[N+](=O)[O-],1.8603563,8.244144,31.36249,6.1164203,3.5721753,582.94104,559.4361,125.477905,3.9247820819706307
O=c1n(N[N+](=O)[O-])c2c([N+](=O)[O-])n[nH]c2c2nc([N+](=O)[O-])cn12,1.8512353,7.8418627,28.378641,5.0558133,3.0233755,599.50116,155.22348,145.13057,3.9652010632964148
O=[N+]([O-])c1c([N+](=O)[O-])n([N+](=O)[O-])c2conc12,1.8662748,8.551712,33.816555,6.701222,3.8855157,574.43384,251.44589,131.97699,3.842805043379018
Nc1c([N+](=O)[O-])oc2c1nnc1c([N+](=O)[O-])c(C=N[N+](=O)[O-])c([N+](=O)[O-])c([N+](=O)[O-])c12,1.8636043,7.924739,29.14988,5.643452,3.1245708,552.17365,189.41318,196.30968,4.076803703602398
O=[N+]([O-])c1cc([N+](=O)[O-])c2c(cc([N+](=O)[O-])n3nnc([N+](=O)[O-])c23)n1,1.8092806,7.6446795,26.559002,5.5568905,3.0167947,542.72015,309.99942,231.95549,3.587442740195012
O=c1[nH]c2[nH]c3nnnc-3c([N+](=O)[O-])c2[nH]1,1.815096,6.846542,21.408566,3.6284199,2.1320717,591.15283,112.55539,304.29196,3.6549730907329474
O=[N+]([O-])Nc1nc([N+](=O)[O-])c2nnc(N[N+](=O)[O-])n2n1,1.9044458,8.813043,36.414978,6.064534,4.0048523,660.9675,527.7131,138.07213,3.7721106671863094
O=c1nc([N+](=O)[O-])[nH]c2[nH]cc([N+](=O)[O-])c12,1.8226596,7.112647,23.129189,4.0810423,2.3212984,572.9826,-135.83186,274.9568,3.4776654699816048
O=c1[nH]c(=O)c2c([N+](=O)[O-])c3c([N+](=O)[O-])nn([N+](=O)[O-])c3cc2[nH]1,1.851948,7.3130064,24.624777,4.386124,2.4093332,552.8305,-176.71622,160.27098,3.601104438605403
O=c1[nH]c(=O)n2cnc([N+](=O)[O-])c2[nH]1,1.8290608,6.5672884,19.704174,2.832681,1.6716539,595.9457,-319.82477,304.0437,3.2509749176759435
O=c1c2c([N+](=O)[O-])c3nonc3c([N+](=O)[O-])c2cnn1[N+](=O)[O-],1.8863242,8.070139,30.433807,5.952696,3.2166343,536.319,298.78577,160.81706,3.602974512427928
N=c1[nH]c([N+](=O)[O-])nc2nc([N+](=O)[O-])[nH]c(=NN)c12,1.819964,7.313062,24.541506,4.1145196,2.6386619,645.6646,158.59366,270.62158,4.361519531759812
O=[N+]([O-])c1cc([N+](=O)[O-])c2nn[nH]c2c1[N+](=O)[O-],1.8386012,7.937619,28.883286,5.7000127,3.2596,571.4798,236.92426,234.76112,3.219836579838069
O=[N+]([O-])c1cc([N+](=O)[O-])c2c(n1)nc([N+](=O)[O-])n1nnnc21,1.8424395,7.830567,28.19192,5.4917836,3.090425,562.78,483.7368,228.66365,3.5061187418021422
O=[N+]([O-])c1cn([N+](=O)[O-])c2ncnc-2c1[N+](=O)[O-],1.8456707,7.9759455,29.41811,5.715135,3.3059464,577.4196,238.07297,133.45386,3.4847394644534537
O=[N+]([O-])c1cc([N+](=O)[O-])c2n[nH]nc2c1[N+](=O)[O-],1.8609952,8.014328,29.70643,5.7921047,3.2946723,568.47473,255.5068,231.0408,3.06524427214576
Nc1nc2c3c([N+](=O)[O-])c4nc([N+](=O)[O-])oc4cc3c([N+](=O)[O-])c([N+](=O)[O-])n2c1[N+](=O)[O-],1.8531924,7.6194544,26.753141,5.1703296,2.7717485,536.46375,45.649265,223.33235,4.036582918866525
O=C(O)c1n[nH]c(=O)n2cnc([N+](=O)[O-])c12,1.8020817,6.691372,20.333633,3.2866273,1.871742,575.1035,-337.74982,280.59546,3.112954557638135
O=[N+]([O-])c1c([N+](=O)[O-])c2c([N+](=O)[O-])cnn2c2c([N+](=O)[O-])cnnc12,1.8348889,7.7992363,27.944677,5.794559,3.1430821,539.8082,392.5294,222.78702,3.502059502537147
Nc1nc2oc([N+](=O)[O-])nc2c(=NC=N[N+](=O)[O-])n1[N+](=O)[O-],1.8669443,8.080399,30.254974,5.121075,3.1979609,626.37415,161.13907,143.14044,4.708638350667853
O=c1c2c[nH]c([N+](=O)[O-])c2cnn1[N+](=O)[O-],1.8266051,7.4365177,25.513813,4.88652,2.7766287,569.8106,34.904957,158.75433,3.8096479386757025
Nc1c([N+](=O)[O-])cc([N+](=O)[O-])n2nnnc12,1.830538,7.808782,27.81091,5.309126,3.2503674,615.2517,332.76718,290.61612,3.252607509337598
O=[N+]([O-])c1cc2nc3c(cnn3[N+](=O)[O-])c([N+](=O)[O-])n2n1,1.828332,7.8400598,28.229126,5.6167107,3.220602,573.957,401.42,134.82697,3.765757790472655
O=[N+]([O-])c1cnc2c([N+](=O)[O-])n3nnnc3c([N+](=O)[O-])c2n1,1.861612,7.9619966,29.341314,5.6902833,3.1942859,560.6671,523.7673,238.68729,3.5463579725713714
O=c1cc2[nH]nc(N[N+](=O)[O-])n2c(=O)n1N[N+](=O)[O-],1.8281605,7.7130475,27.148613,4.541853,2.900311,642.70844,-69.3719,143.90594,4.055590119995105
O=[N+]([O-])C1=CC([N+](=O)[O-])=c2c([N+](=O)[O-])cnc3c2=C([N+](=O)[O-])N=NN13,1.8340608,7.8451686,28.280895,5.818599,3.2265487,553.0287,401.48904,236.0406,5.170537373064402
O=[N+]([O-])c1noc2nn[nH]c12,1.7918795,8.0719,29.456852,5.8637266,3.6051633,614.66943,324.57214,283.85788,3.8033194429969814
O=[N+]([O-])c1oc2c([N+](=O)[O-])c3ocnc3c([N+](=O)[O-])c2c1[N+](=O)[O-],1.8839899,7.8644385,28.774485,5.5670323,2.87517,512.2817,-75.78198,229.56923,3.7159474674515565
O=c1oc(-c2nccc([N+](=O)[O-])n2)c2nc3c(cc12)c([N+](=O)[O-])c([N+](=O)[O-])c1c([N+](=O)[O-])c([N+](=O)[O-])[nH]nc13,1.8103786,6.9989505,22.359634,4.680083,2.3047512,493.60245,40.226673,225.79611,3.9946617585888182
O=[N+]([O-])c1cnc2nc([N+](=O)[O-])oc2n1,1.8139555,7.565482,26.145319,5.0451636,2.792083,553.5052,82.76697,257.80713,3.8063957829690196
O=[N+]([O-])c1cc([N+](=O)[O-])c2nc([N+](=O)[O-])c([N+](=O)[O-])n2n1,1.8892415,8.4265995,33.060497,6.154293,3.5449166,574.17755,263.0916,242.79489,3.4478273966559456
N=c1c2nc([N+](=O)[O-])ncc2nc([N+](=O)[O-])n1[N+](=O)[O-],1.859307,7.9618864,29.47356,5.3235,3.1694677,595.5422,274.78656,126.6738,3.967971818613499
O=[N+]([O-])c1nc2n[nH]c([N+](=O)[O-])c2[nH]1,1.844714,7.931418,28.923792,5.104766,3.1572537,619.7436,180.49014,290.12033,3.832229168688089
O=[N+]([O-])c1nc2[nH]cnc2c2nc([N+](=O)[O-])n([N+](=O)[O-])c12,1.8125826,7.615686,26.56257,5.1270146,2.9351563,573.63885,290.7044,126.1051,3.857317304642695
O=c1c2c([N+](=O)[O-])cncc2nc2[nH]c([N+](=O)[O-])c([N+](=O)[O-])n12,1.8056338,7.135112,23.13892,4.543785,2.4306052,536.9237,18.753832,248.22826,3.5670102444378537
O=c1[nH]c([N+](=O)[O-])nc2nc3c(c([N+](=O)[O-])nc4cn[nH]c43)c([N+](=O)[O-])c12,1.8100019,6.9547386,22.145105,4.293338,2.2566655,527.8011,131.74176,220.9695,3.731427832939893
O=c1nc2n(c([N+](=O)[O-])c1N[N+](=O)[O-])CN2[N+](=O)[O-],1.8803796,8.330372,32.229595,5.5053406,3.4785545,633.4219,48.171345,125.89543,4.027069866601441
O=C(O)n1ncc2c(=O)n3c([N+](=O)[O-])c([N+](=O)[O-])c([N+](=O)[O-])cc3nc21,1.8339204,7.1146026,23.193632,4.172383,2.2222366,536.0038,-309.03723,222.36035,3.3820120981593123
O=[N+]([O-])c1c2[nH]cnc2c([N+](=O)[O-])n2nnnc12,1.8353823,7.6429267,26.809322,5.1741495,2.9895012,579.52435,436.86514,257.39542,3.459340656761146
N=c1[nH]c([N+]([O-])[O-])nc2c1nc([N+](=O)[O-])n2[N+](=O)[O-],1.8960603,8.321893,32.351746,5.364055,3.3733442,631.8235,216.22952,136.76611,4.429959712755287
O=[N+]([O-])c1ccc2c([N+](=O)[O-])c3c([N+](=O)[O-])n[nH]c3nc2n1,1.771146,7.0567503,22.39567,4.8014064,2.5500176,532.307,209.33087,238.40617,3.3717048956482953
O=[N+]([O-])c1cc([N+](=O)[O-])c2c(n1)nc([N+](=O)[O-])c1nnnn12,1.837995,7.851933,28.342932,5.574244,3.1308763,561.53827,507.22208,229.893,3.4896902802636802
O=c1[nH]nc([N+](=O)[O-])c2c(-c3ncc([N+](=O)[O-])o3)n[nH]c12,1.8083307,7.141559,23.229256,4.4573355,2.4334526,548.4484,54.37235,251.29973,3.5840449466921154
O=c1c2c(ncn3nnnc23)nc([N+](=O)[O-])n1[N+](=O)[O-],1.8692579,7.83429,28.609816,5.123186,2.976278,581.1906,387.77316,133.32854,3.7538128583284998
Nc1[nH]c(=O)c2[nH]c([N+](=O)[O-])nc2c1[N+](=O)[O-],1.8613508,7.203571,23.969604,3.802683,2.2814436,604.9327,-163.89824,304.0313,3.4666973510713257
Nc1nc2c3c(nn([N+](=O)[O-])c3c1O)C=C([N+](=O)[O-])O2,1.7962968,7.034358,22.537958,4.3205376,2.4168568,561.3457,-121.226364,164.50609,4.272428615904258
O=c1c([N+](=O)[O-])nnc2n([N+](=O)[O-])c([N+](=O)[O-])cn12,1.9084285,8.475265,33.657017,5.837675,3.4913278,596.6077,190.66861,113.087234,3.832550789678364
Nc1nc([N+](=O)[O-])nc2c([N+](=O)[O-])cc([N+](=O)[O-])nc12,1.7987285,7.4349656,25.122276,4.842059,2.7915072,578.2002,115.60556,243.79845,3.2956652874088537
O=[N+]([O-])N=Cc1[nH]c([N+](=O)[O-])c2c1nc([N+](=O)[O-])n1nnnc21,1.8527122,7.9641533,29.24587,5.470287,3.24076,593.11725,506.84464,191.77155,4.204029882863944
Nc1nc2c3cnnc-3n([N+](=O)[O-])c(=O)n2c([N+](=O)[O-])c1N,1.7944856,7.1442,23.2969,4.238186,2.573184,609.08203,144.18185,150.80132,3.79800028026368
O=c1c2[nH]cnc2nc([N+](=O)[O-])n1[N+](=O)[O-],1.805486,7.524069,25.777103,4.7237244,2.7840807,590.49255,36.19002,132.10019,3.5292021426113003
O=[N+]([O-])Nn1nnc2c([N+](=O)[O-])c3ncc([N+](=O)[O-])nc3nc21,1.8403612,7.9110937,28.930212,5.506152,3.2263036,586.161,520.605,139.747,3.8474342784683397
O=c1[nH]c(=O)n([N+](=O)[O-])c2c1nnn2C=N[N+](=O)[O-],1.8773003,7.9524612,29.313131,4.7203565,2.9350157,625.44336,50.61899,135.98395,4.209187405062979
NN=c1[nH]c([N+](=O)[O-])nc2ncc([N+](=O)[O-])nc12,1.7827102,7.305298,24.159653,4.570246,2.797055,614.04016,271.43076,268.63547,3.9014298686920723
O=[N+]([O-])N=Cn1nnc2c([N+](=O)[O-])c([N+](=O)[O-])c([N+](=O)[O-])c([N+](=O)[O-])c21,1.9042381,8.654994,34.956593,6.4049377,3.7731369,586.58167,383.97202,190.0311,3.9109799419523483
O=c1[nH]c2c(cc([N+](=O)[O-])n2[N+](=O)[O-])c2nc([N+](=O)[O-])cn12,1.8521402,7.433464,25.545965,4.6287413,2.5955148,562.84155,-32.689144,152.67105,3.7910654693119206
O=[N+]([O-])C1=Cc2c(c([N+](=O)[O-])c([N+](=O)[O-])c([N+](=O)[O-])c2[N+](=O)[O-])OC1,1.8620322,8.0552025,29.946178,5.994311,3.2685845,542.1282,-96.66339,208.43341,3.614765319016879
O=[N+]([O-])c1ccc2nc3nc4c([N+](=O)[O-])nn([N+](=O)[O-])c4c([N+](=O)[O-])c3c([N+](=O)[O-])c2c1,1.811818,7.405024,25.070818,5.3780146,2.7900453,518.0923,273.14273,132.51619,3.6193900071544345
O=[N+]([O-])c1cnc2c(n1)nc([N+](=O)[O-])n2[N+](=O)[O-],1.862657,8.236107,31.538248,5.8224993,3.4337537,588.82855,306.4034,123.08128,3.700713502914991
O=[N+]([O-])c1ccc2c([N+](=O)[O-])c(O)c([N+](=O)[O-])c(O)c2n1,1.8081573,7.0574837,22.64634,4.4787936,2.3465102,524.8724,-345.65884,251.49432,3.154266277774827
O=[N+]([O-])c1nc2cc3c(c([N+](=O)[O-])nn3[N+](=O)[O-])c([N+](=O)[O-])c2o1,1.865643,8.047322,29.971153,5.794993,3.175361,544.98035,138.77817,141.90761,4.0303481886054024
Nc1nc2[nH]c(=O)n([N+](=O)[O-])c2nc1[N+]=O,1.8442495,7.4244037,25.61237,4.0640054,2.5591853,633.96747,38.636173,151.92944,4.3070211050442175
O=[N+]([O-])N=Cc1c([N+](=O)[O-])nnc2nc([N+](=O)[O-])c([N+](=O)[O-])c([N+](=O)[O-])c12,1.8847116,8.40129,32.817356,6.196327,3.5465014,570.2389,394.11148,179.88087,4.01583863789436
Nn1nc([N+](=O)[O-])c2nc([N+](=O)[O-])c3nncc([N+](=O)[O-])c3c21,1.8332329,7.749686,27.672344,5.5017214,3.1690614,575.81995,492.02774,239.05522,3.871353172477556
O=c1c2c(ncn1[N+](=O)[O-])nc([N+](=O)[O-])c1c2nnn1[N+](=O)[O-],1.89349,8.01398,30.11802,5.3650947,3.0600936,569.3367,301.03845,122.45941,4.096400070740582
O=[N+]([O-])c1cnc([N+](=O)[O-])c2nonc12,1.8433975,8.102054,30.216198,6.307586,3.5113902,554.55695,351.67032,249.91869,3.1721608861585127
N=c1c2ncc([N+](=O)[O-])nc2[nH]c(=O)n1[N+](=O)[O-],1.851401,7.4122767,25.580078,4.2620296,2.5514152,600.9066,17.833147,165.73346,3.74778754137653
O=[N+]([O-])c1[nH]c2c([N+](=O)[O-])cc3cnn([N+](=O)[O-])c3c2c1[N+](=O)[O-],1.8302461,7.678969,27.07304,5.514131,3.0320754,549.2422,192.05383,133.78056,3.7736859289900178
O=[N+]([O-])c1cc2c(nc([N+](=O)[O-])n2[N+](=O)[O-])n2c([N+](=O)[O-])nnc12,1.896697,8.32379,32.38432,5.9142876,3.424213,576.65466,383.5933,134.13332,3.8465707847592494
Nc1nnc2oc([N+](=O)[O-])nc2c1[N+](=O)[O-],1.8530601,7.847207,28.416176,5.1029124,3.0263002,594.2637,143.13065,269.17084,3.8525710155987785
O=c1[nH]c([N+](=O)[O-])nc2c([N+](=O)[O-])c3c([N+](=O)[O-])cnn3c(C=N[N+](=O)[O-])c12,1.8461076,7.612731,26.736826,5.0194187,2.8022354,558.7143,107.10062,187.6391,3.9991509292780476
Nn1c(=O)n([N+](=O)[O-])c2c1c(=O)n([N+](=O)[O-])c(=O)n1c([N+](=O)[O-])cnc21,1.8904103,7.900586,29.205923,4.843721,2.8670254,593.2872,-97.47663,147.82977,4.0891208921785935
Nn1c([N+](=O)[O-])nc2c1c(=O)[nH]c(=O)n2N[N+](=O)[O-],1.8703051,7.796094,28.143768,4.380547,2.8303516,650.725,-115.19299,150.31609,3.7618634050629787
O=[N+]([O-])c1cc2nn[nH]c2c([N+](=O)[O-])n1,1.7256466,7.369816,23.96962,5.1985874,3.0303981,584.59424,259.07736,262.6847,3.5800179218057924
O=c1cc2c([N+](=O)[O-])nn([N+](=O)[O-])c2nc2c1nc1n([N+](=O)[O-])c([N+](=O)[O-])cn21,1.8579576,7.7589912,27.834478,5.266652,2.9067748,552.8829,246.87396,133.94476,4.2378335605744795
O=[N+]([O-])c1nc2c([N+](=O)[O-])c([N+](=O)[O-])cnc2o1,1.8622403,7.928068,29.060337,5.506411,3.0097764,544.81177,34.852116,226.35083,3.5157548490688377
Nn1nc([N+](=O)[O-])c2nc([N+](=O)[O-])cc([N+](=O)[O-])c21,1.8357985,7.9977612,29.351925,5.675644,3.3978083,599.59503,284.36072,262.80072,3.5365061742937485
Nc1c([N+](=O)[O-])c([N+](=O)[O-])nc2c(=O)[nH]cnc12,1.8135087,6.949564,22.085901,3.9672432,2.2571466,572.75116,-68.62052,235.41714,3.4010365798380686
O=[N+]([O-])c1[nH]c2nncc([N+](=O)[O-])c2c1[N+](=O)[O-],1.8299094,7.8943686,28.545546,5.6471553,3.2313564,571.8533,236.48267,247.53372,3.557720233684223
Nc1c([N+](=O)[O-])oc2nc([N+](=O)[O-])cc([N+](=O)[O-])c12,1.8226373,7.548744,26.001383,5.047429,2.8106215,557.7265,-72.81625,270.34985,3.455262481986055
O=[N+]([O-])c1c([N+](=O)[O-])n2ncnc2n1[N+](=O)[O-],1.8749915,8.661142,34.78353,6.320831,3.9148686,619.0079,355.47037,126.2782,3.726851197225172
O=[N+]([O-])Nc1c([N+](=O)[O-])c([N+](=O)[O-])n2cnn3c([N+](=O)[O-])c([N+](=O)[O-])nc3c12,1.904048,8.457556,33.525948,6.0150967,3.5587258,589.32245,334.30527,135.2666,3.9438769833321015
O=C1c2c([N+](=O)[O-])cnc3nc4c([N+](=O)[O-])nc([N+](=O)[O-])cc4nc3c([N+](=O)[O-])c3nc2N1C=N3,1.790971,6.9080887,21.720457,4.505051,2.2862358,508.19138,241.00476,240.95183,5.111180697935911
O=[N+]([O-])N=C=[N+]([O-])C=N[N+](=O)[O-],1.808765,9.124875,37.66985,7.1902647,4.877703,677.8873,322.8489,146.88971,5.2222929261721065
O=c1[nH]c2ncc([N+](=O)[O-])c([N+](=O)[O-])c2n2nc([N+](=O)[O-])cc12,1.814162,7.1937737,23.56435,4.615074,2.4761572,539.2774,35.354404,223.0265,3.3458916340160165
O=[N+]([O-])c1cc([N+](=O)[O-])c2n[nH]c([N+](=O)[O-])c2c1[N+](=O)[O-],1.8882872,8.167805,31.091976,5.89306,3.3102105,560.04266,149.30316,222.96416,3.2933571868657356
N=c1[nH]c([N+](=O)[O-])nc2c1c([N+](=O)[O-])cn2[N+](=O)[O-],1.870641,7.926863,29.246378,5.1498466,3.1101494,605.7451,127.39688,145.64896,4.03516986660144
O=[N+]([O-])c1cn2c([N+](=O)[O-])nc3[nH]c([N+](=O)[O-])cc3c2n1,1.7928749,7.198439,23.404217,4.6946273,2.5896516,553.4628,132.42072,274.1135,3.7359035394605087
O=[N+]([O-])c1cc2nc3cn([N+](=O)[O-])nc([N+](=O)[O-])c-3c2cn1,1.7498434,7.113513,22.770222,5.155027,2.7609408,534.70874,288.89355,153.93965,3.6159787418021416
O=c1[nH]c([N+](=O)[O-])nc2nc([N+](=O)[O-])ccc12,1.7661388,6.681914,20.034374,3.9224062,2.1016705,539.15466,-111.24657,260.38828,3.228497016623166
Nc1c(N)c([N+](=O)[O-])c2nonc2c1[N+](=O)[O-],1.8643059,7.8641214,28.6675,5.379837,3.2304296,603.8056,223.46448,292.9149,3.176118889532864
O=[N+]([O-])c1c2nonc2c([N+](=O)[O-])c2c([N+](=O)[O-])coc12,1.872096,7.9377666,29.213675,6.065761,3.1299198,511.0628,210.71213,234.93063,3.3995415961406703
Nc1c([N+](=O)[O-])nn2nnc([N+](=O)[O-])c(C=N[N+](=O)[O-])c12,1.8531,8.199339,31.048086,5.7601924,3.574975,621.4397,449.92868,188.97075,4.167453235816785
O=[N+]([O-])Nc1c([N+](=O)[O-])c2nncn2c2nnc([N+](=O)[O-])n12,1.8631009,8.226441,31.355217,5.6777797,3.5026374,616.40295,527.6745,127.35344,3.840064895648295
O=c1[nH]c2c([N+](=O)[O-])c3nn[nH]c3c([N+](=O)[O-])c2[nH]1,1.8717433,7.2706037,24.504927,4.0977077,2.3407335,575.22205,23.993258,294.29355,3.564549535240494
O=[N+]([O-])c1noc2c1c([N+](=O)[O-])c([N+](=O)[O-])n1nncc21,1.8395642,7.999391,29.311117,6.072902,3.3273904,545.1895,381.9332,222.93462,3.7448330941163803
O=[N+]([O-])Nc1cc([N+](=O)[O-])n2nc3c(nc([N+](=O)[O-])n4cc([N+](=O)[O-])nc34)c([N+](=O)[O-])c12,1.8649977,7.8923864,28.970732,5.499918,3.1031127,563.58636,341.82852,146.58963,4.125966035776974
O=[N+]([O-])c1cc2c([N+](=O)[O-])c([N+](=O)[O-])nnn2c1[N+](=O)[O-],1.8753065,8.489156,33.281425,6.477614,3.7283666,572.8227,329.16766,222.17598,3.4281280959566445
O=c1c2nc3c(nc2n([N+](=O)[O-])c(=O)n1[N+](=O)[O-])c1cccc([N+](=O)[O-])c1n3[N+](=O)[O-],1.8277223,7.3486714,24.828808,4.879401,2.578655,529.70844,30.875826,129.21596,3.8575531938711647
O=c1[nH]c2c([N+](=O)[O-])c([N+](=O)[O-])cc([N+](=O)[O-])c2n1[N+](=O)[O-],1.9323405,8.233022,31.999384,5.3905034,3.101456,574.1313,-105.569595,126.139786,3.4181322640693477
O=c1[nH]c2c([N+](=O)[O-])cnc([N+](=O)[O-])c2[nH]1,1.8463688,7.149857,23.529493,3.995758,2.2743165,572.93506,-147.0601,288.9722,3.2448214628259713
O=c1[nH]c2nc([N+](=O)[O-])cc([N+](=O)[O-])c2n1[N+](=O)[O-],1.876919,7.901953,29.079628,5.022859,2.925346,583.3189,-55.365543,127.49826,3.5168086358322093
O=c1[nH]c2cc([N+](=O)[O-])c3oc([N+](=O)[O-])c([N+](=O)[O-])c3c2[nH]1,1.8497168,7.198444,23.824768,4.4409204,2.3152158,523.6851,-264.04898,254.086,3.3750354823497304
O=c1nc(N[N+](=O)[O-])c2[nH]c([N+](=O)[O-])nc2c(=N[N+](=O)[O-])[nH]1,1.8740212,7.9833536,29.628767,4.794113,3.003708,629.4899,64.504684,145.8095,4.073904843497056
Nc1c([N+](=O)[O-])c([N+](=O)[O-])c([N+](=O)[O-])c2c(=O)nc[nH]c12,1.8320999,7.341987,24.749268,4.599662,2.59008,565.4063,-96.46249,219.34804,3.1965448791734286
O=c1[nH]c([N+](=O)[O-])nn2c([N+](=O)[O-])ncc12,1.8469884,7.637039,26.831528,4.6917315,2.7614157,591.4889,38.190464,262.32455,3.6021101927007475
Nc1nc([N+](=O)[O-])c([N+](=O)[O-])c2nonc12,1.8382595,8.038499,29.66398,5.7468715,3.4081435,594.615,282.74048,237.54478,3.243530228478922
O=c1nc([N+](=O)[O-])cc2cc([N+](=O)[O-])[nH]n12,1.7704059,7.095634,22.569084,4.475775,2.5271308,568.2932,-39.85124,272.8828,3.7274146649726614
O=c1[nH]c2nc3c(cnn3[N+](=O)[O-])c([N+](=O)[O-])c2[nH]1,1.8494896,7.2316604,24.257963,4.1998606,2.394546,573.5096,36.355183,154.29121,3.63644036364286
NC12C([N+](=O)[O-])N=NN1N=[N+]([N+](=O)[O-])C=[N+]2[O-],1.8536451,8.900092,36.361954,6.3234572,4.551073,722.487,453.1412,148.62662,6.147646780683166
C[N+]1([O-])C=[N+]1n1cnc2c([N+](=O)[O-])c3c(c([N+](=O)[O-])cc4c(N)nn([N+](=O)[O-])c43)c([N+](=O)[O-])c21,1.7317808,7.1726623,22.91321,5.1475434,2.9549599,574.6118,284.5128,143.11313,4.861388778726992
N=c1[nH]c([N+](=O)[O-])nc2c([N+](=O)[O-])cn([N+](=O)[O-])c12,1.8659604,7.931363,29.273903,5.1969295,3.137324,605.03815,139.01044,158.47583,4.080496635832209
N=c1[nH]cnc2c1c([N+](=O)[O-])nn2N[N+](=O)[O-],1.8041481,7.643978,26.672966,4.8608947,3.1134808,645.1667,264.42844,146.0612,4.182096682175004
NN=c1c2ncc([N+](=O)[O-])nc2[nH]c(=O)n1[N+](=O)[O-],1.8513349,7.556581,26.515717,4.4537177,2.759981,622.4912,106.712524,148.54706,3.8671249616240644
O=[N+]([O-])c1cc([N+](=O)[O-])c2c(CNc3cc([N+](=O)[O-])n4nc([N+](=O)[O-])nc4c3[N+](=O)[O-])noc2n1,1.8136195,7.566121,26.04026,5.3146224,2.9431448,555.26996,237.60565,247.0609,3.8741011073237406
O=[N+]([O-])c1nc2c(cc([N+](=O)[O-])c3c([N+](=O)[O-])[nH]nc32)o1,1.8420309,7.5085244,25.923805,5.1172585,2.7184024,530.6816,82.50159,246.94423,3.8239577904726554
O=[N+]([O-])N=Cc1cnc2c([N+](=O)[O-])c([N+](=O)[O-])[nH]c2c1O,1.8004518,7.354744,24.572302,4.851811,2.7443635,566.03955,-29.081755,207.58627,4.008585928124477
O=c1[nH]c(=O)n([N+](=O)[O-])c2nc(C=N[N+](=O)[O-])oc12,1.8780978,7.6388993,27.158318,4.3983965,2.5624576,585.78217,-227.43536,143.77762,4.177007314565242
Nc1nn([N+](=O)[O-])c2nc([N+](=O)[O-])c([N+](=O)[O-])cc12,1.8284914,7.9237075,28.80011,5.471425,3.298748,603.9557,226.01492,145.5098,3.530117558909133
O=[N+]([O-])c1ccc2c([N+](=O)[O-])c([N+](=O)[O-])[nH]c2c1[N+](=O)[O-],1.8252794,7.671365,26.872349,5.5348587,3.003269,541.65424,7.4288964,235.54807,3.262842781271331
Nn1c([N+](=O)[O-])nc2c3c([N+](=O)[O-])n4ccc([N+](=O)[O-])c4c([N+](=O)[O-])c3n([N+](=O)[O-])c(=O)c21,1.8528095,7.7364483,27.722597,5.3255963,2.9696903,556.9805,106.34445,128.71472,4.076068101101038
O=[N+]([O-])N=Cn1nnc2c3c(cc([N+](=O)[O-])c21)nn([N+](=O)[O-])c1c2nc([N+](=O)[O-])cc2c([N+](=O)[O-])nc31,1.8238035,7.512062,25.952433,5.311432,2.8714561,540.28516,503.39474,144.27647,4.486201057338661
O=c1[nH][nH]c2c([N+](=O)[O-])c([N+](=O)[O-])cc([N+](=O)[O-])c12,1.8661354,7.703394,27.488892,5.1040382,2.861001,561.7393,-64.888885,235.657,3.1541584819860553
O=[N+]([O-])c1nn2c([N+](=O)[O-])nc3c(ncn3[N+](=O)[O-])c2c1[N+](=O)[O-],1.909792,8.373539,32.982216,5.884235,3.426709,579.8963,386.52646,138.3851,3.9280965059130946
O=c1c([N+](=O)[O-])cnc([N+](=O)[O-])n1[N+](=O)[O-],1.8925427,8.580713,34.335526,6.003679,3.6366744,603.5459,14.18584,125.882324,3.350287687355836
O=c1n(C=N[N+](=O)[O-])c2nc3c(cnn3[N+](=O)[O-])c([N+](=O)[O-])c2n1[N+](=O)[O-],1.8905137,8.119663,30.823553,5.420297,3.170527,584.47235,215.84756,130.20578,4.397583654145713
O=[N+]([O-])Nc1nn([N+](=O)[O-])c2ncn3c([N+](=O)[O-])c([N+](=O)[O-])nc3c12,1.8905771,8.303155,32.182484,5.715747,3.434212,600.3904,372.09396,135.07852,4.017095093811545
O=[N+]([O-])c1ccc2cc3nc4c(c([N+](=O)[O-])nn4[N+](=O)[O-])c([N+](=O)[O-])c3c([N+](=O)[O-])c2n1,1.8013107,7.3776736,24.817108,5.368105,2.791606,518.4041,262.20346,147.83292,3.778694837208101
O=[N+]([O-])c1cc([N+](=O)[O-])c2c(c1)nc([N+](=O)[O-])c1c2nc([N+](=O)[O-])n2nnnc12,1.811706,7.411403,25.027048,5.2585673,2.7804554,527.88416,441.24698,225.37486,3.497807083157058
O=[N+]([O-])c1cc2nnn([N+](=O)[O-])c2c([N+](=O)[O-])c1[N+](=O)[O-],1.8695801,8.472689,33.14253,6.4279814,3.7234569,576.36896,321.01923,116.63988,3.4428050190335675
O=c1c2nc3c(ncn3[N+](=O)[O-])nc2nc([N+](=O)[O-])n1[N+](=O)[O-],1.8919598,7.9707727,29.819847,5.1903543,2.9672513,571.1759,256.08975,130.33337,4.007543495058201
O=[N+]([O-])c1nc2c([N+](=O)[O-])ncc(O)c2[nH]1,1.805925,7.1796565,23.472878,4.3793197,2.4807773,569.3464,-65.74097,259.2602,3.51106368107284
O=c1[nH]c([N+](=O)[O-])nc2cc3c(cnn3[N+](=O)[O-])c([N+](=O)[O-])c12,1.8232324,7.2888045,24.387215,4.729977,2.5692403,545.18616,39.357746,154.20912,3.7100320806661413
O=c1[nH]c(=O)n([N+](=O)[O-])c2nc3cc([N+](=O)[O-])oc3nc12,1.8543998,7.1627135,23.820044,4.1190243,2.202323,538.3883,-220.65738,145.37343,3.6397043491771086
O=c1[nH]c([N+](=O)[O-])nc2c([N+](=O)[O-])cc([N+](=O)[O-])c([N+](=O)[O-])c12,1.8913665,7.8503075,28.706512,5.157869,2.8238866,547.74426,-118.689514,217.21733,3.207040542204602
O=c1nc(C=N[N+](=O)[O-])[nH]c2nc([N+](=O)[O-])nc([N+](=O)[O-])c12,1.8255508,7.629061,26.613598,4.8659644,2.8184237,580.7714,79.85252,182.19824,3.9829004106417765
O=[N+]([O-])c1oc2nc3c(cnn3[N+](=O)[O-])cc2c1[N+](=O)[O-],1.821379,7.5881515,26.39149,5.4402823,2.9158635,535.55914,158.93973,144.26376,3.7690420009989714
Nc1c([N+](=O)[O-])c(=O)[nH]c2nc([N+](=O)[O-])cn12,1.8459923,7.1886907,23.730394,3.8827503,2.3341262,606.3651,-131.85432,289.94598,3.4488142741482486
O=[N+]([O-])c1nc2cc([N+](=O)[O-])c([N+](=O)[O-])nc2[nH]1,1.8279555,7.7119503,27.221312,5.172532,2.943495,570.68164,99.21713,229.38216,3.401177925991915
N#CC12N=NC1([N+](=O)[O-])NC([N+](=O)[O-])=C2[N+](=O)[O-],1.8245924,8.367597,32.04253,6.445013,3.8244662,591.7887,442.01804,168.27722,5.369256639564474
O=[N+]([O-])N=Cn1nnc2nc([N+](=O)[O-])[nH]c(=N[N+](=O)[O-])c21,1.8739953,8.413971,32.780697,5.663976,3.620777,641.08466,479.1086,169.7978,4.592953741889659
Nc1c([N+](=O)[O-])c([N+](=O)[O-])c2nncn2c1[N+](=O)[O-],1.86845,8.057098,30.036396,5.5539503,3.3208845,599.1562,253.56342,235.55093,3.381492943524517
NN=c1[nH]c([N+](=O)[O-])nc2c([N+](=O)[O-])n[nH]c12,1.839395,7.780876,27.864773,4.8211517,3.113427,648.2232,269.10455,285.77625,4.057312735686709
Nc1nc2nn[nH]c2c2nc([N+](=O)[O-])c([N+](=O)[O-])n12,1.805144,7.456334,25.298872,4.608342,2.8183255,614.06616,351.51114,260.46738,3.847745984944636
O=[N+]([O-])c1nc2c(nc([N+](=O)[O-])n3cnnc23)n1[N+](=O)[O-],1.8797925,8.202957,31.402946,5.689433,3.3650966,591.27527,481.04263,133.46864,3.9140185192175947
O=c1nc([N+](=O)[O-])[nH]c2c([N+](=O)[O-])ccc(O)c12,1.7586956,6.4932914,18.78237,3.689728,1.9348716,528.53326,-335.0272,279.44067,3.0251019644534534
Nc1c([N+](=O)[O-])c([N+](=O)[O-])c2cnc([N+](=O)[O-])nn12,1.864131,8.010337,29.711884,5.4347,3.2555544,601.047,212.3822,264.633,3.4378994050629785
Nc1[nH]c(=O)c2nc([N+](=O)[O-])[nH]c2c1[N+](=O)[O-],1.8477484,7.176447,23.646765,3.8224552,2.289481,604.1291,-152.93849,312.29776,3.500558889532863
O=[N+]([O-])c1cc2c(ncn3nnnc23)c([N+](=O)[O-])n1,1.7806638,7.2684636,23.864388,5.067118,2.8138163,556.2686,480.5424,237.41234,3.386789436993312
O=[N+]([O-])c1[nH]c2c([N+](=O)[O-])cc3nonc3c2c1[N+](=O)[O-],1.8537649,7.751448,27.660717,5.697048,3.0288634,531.2921,261.16898,256.71695,3.4896144706345993
O=c1c2cnn([N+](=O)[O-])c2cnn1[N+](=O)[O-],1.8364103,7.8946404,28.661518,5.5072412,3.226872,586.9165,202.86499,136.60715,3.8188347007508368
O=[N+]([O-])c1noc2c1ncn2[N+](=O)[O-],1.8606361,8.410255,32.81806,6.2735934,3.7445462,594.6725,276.7977,127.1745,3.9978000188905174
O=[N+]([O-])c1nn([N+](=O)[O-])c2nc3nonc3cc12,1.8377519,7.944554,29.075253,5.976113,3.3494601,558.0788,501.17764,122.78821,3.839259733684223
O=c1c2nc3cc([N+](=O)[O-])n([N+](=O)[O-])c3nc2c([N+](=O)[O-])nc2cc([N+](=O)[O-])nn12,1.8357666,7.5551324,26.318579,5.135797,2.7737193,540.0493,243.75104,141.57202,3.9468911267552844
O=[N+]([O-])c1nn([N+](=O)[O-])c2cc3nc4c(nc3c([N+](=O)[O-])c12)-c1nc2n([N+](=O)[O-])c([N+](=O)[O-])cn2c1N=NN4,1.8417976,7.655538,27.064672,5.30991,2.936349,553.4982,579.3259,152.80843,4.689791590527291
O=[N+]([O-])c1ncc([N+](=O)[O-])c2c1cnn2[N+](=O)[O-],1.8262086,7.9452887,28.982433,5.885265,3.3778586,572.30817,285.5496,119.24193,3.543346195222685
Nc1c([N+](=O)[O-])c([N+](=O)[O-])cn2c([N+](=O)[O-])nnc12,1.8563795,7.9974623,29.53926,5.472767,3.2840238,600.56824,228.29453,238.27406,3.4506987896783636
O=[N+]([O-])c1nn([N+](=O)[O-])c2c1cnc1c3nc4c([N+](=O)[O-])ccc([N+](=O)[O-])c4nc3c([N+](=O)[O-])nc12,1.8245454,7.296851,24.613438,5.1480083,2.643199,510.96448,377.2302,152.86761,3.9007249273596916
O=c1c([N+](=O)[O-])c2nc(C=N[N+](=O)[O-])n([N+](=O)[O-])c2nc2oc([N+](=O)[O-])c([N+](=O)[O-])c12,1.8885418,8.138742,30.92655,5.675271,3.1385744,550.2654,85.79376,154.95958,4.3275204015386075
O=c1[nH][nH]c2cc([N+](=O)[O-])c([N+](=O)[O-])nc12,1.8059376,7.2801876,24.125067,4.6444516,2.6240427,568.2834,-3.3125584,233.45314,3.3045434664037883
Nc1c([N+](=O)[O-])c([N+](=O)[O-])c([N+](=O)[O-])c2c(=O)[nH]cnc12,1.8449612,7.34791,24.887772,4.53918,2.5472407,564.49835,-118.852974,218.36395,3.1923859980545473
O=[N+]([O-])c1cc2nnnc([N+](=O)[O-])n2c1[N+](=O)[O-],1.8316085,8.294709,31.378635,6.252377,3.6832433,588.46826,389.79166,231.39075,3.468545233684223
O=[N+]([O-])N=c1[nH]c([N+](=O)[O-])nc2c([N+](=O)[O-])nccc12,1.7908072,7.5129557,25.521168,5.129385,2.9539144,576.8019,203.6058,184.61702,3.7974388723145136
O=[N+]([O-])c1nc2[nH]c([N+](=O)[O-])cn2n1,1.8150604,7.85186,28.004162,5.144762,3.1759553,619.9844,185.6416,275.9785,3.9122745128176444
O=[N+]([O-])c1nc2ocnc2c2c1nc([N+](=O)[O-])n2[N+](=O)[O-],1.872072,7.8967247,29.018232,5.370735,2.9784505,554.5882,189.56,136.89638,3.9957059686103076
O=c1[nH][nH]c2c([N+](=O)[O-])c3[nH]nnc3c([N+](=O)[O-])c12,1.8530265,7.4350004,25.552006,4.668914,2.6597505,572.7125,161.6278,253.65846,3.7260755707434523
Nn1c([N+](=O)[O-])nc2c(=O)[nH]cc([N+](=O)[O-])c21,1.8076462,7.3240733,24.3399,4.4805374,2.6738875,600.4639,8.71622,292.08347,3.4537804279944027
Nc1c([N+](=O)[O-])n([N+](=O)[O-])c(=O)n2c(C=N[N+](=O)[O-])nnc12,1.8679228,8.169603,30.952244,5.3616157,3.338344,623.3542,210.36908,138.37878,4.187494975223892
O=[N+]([O-])c1cnc([N+](=O)[O-])c2c1nc([N+](=O)[O-])n2[N+](=O)[O-],1.8805416,8.403715,32.918858,6.112784,3.558514,578.7222,256.1311,114.46307,3.693516067984616
O=[N+]([O-])c1cccc2c([N+](=O)[O-])c3c(nc12)c([N+](=O)[O-])c([N+](=O)[O-])c1nnc([N+](=O)[O-])n13,1.8050374,7.3726997,24.70874,5.3618684,2.768609,515.3827,282.7804,219.97394,3.535601456170534
O=c1c2nc([N+](=O)[O-])n([N+](=O)[O-])c2c([N+](=O)[O-])c2c([N+](=O)[O-])cc([N+](=O)[O-])cn12,1.8673187,7.922938,29.108353,5.5522,3.040265,545.41675,41.659016,121.507065,3.623132532857257
O=[N+]([O-])N=Cc1c2nc([N+](=O)[O-])nc-2c[nH]c1[N+](=O)[O-],1.8223388,7.615929,26.610956,5.179196,2.9985945,579.6985,218.00034,181.19768,4.1413081030837455
O=[N+]([O-])c1cc2c([N+](=O)[O-])c3c([N+](=O)[O-])cc([N+](=O)[O-])nc3nc2nn1,1.812039,7.4515715,25.36809,5.3362947,2.8041239,524.32855,301.78903,217.5986,3.6006686103427814
O=[N+]([O-])Nn1cnc2c([N+](=O)[O-])c([N+](=O)[O-])[nH]c21,1.8508918,8.250103,31.404158,5.706638,3.583599,629.32605,211.76599,148.31487,3.8723596567611445
O=c1[nH]c([N+](=O)[O-])nc2ncnc([N+](=O)[O-])c12,1.8073784,7.1516485,23.339556,4.2511907,2.3805282,563.3732,-19.17793,234.55173,3.349367919633198
O=[N+]([O-])c1ncc2c(nnc3n[nH]c([N+](=O)[O-])c32)n1,1.8051866,7.342954,24.682446,4.9969764,2.790988,558.8866,462.2902,262.17273,3.826193210578218
O=[N+]([O-])C1=Nc2cc3c4c(n([N+](=O)[O-])c3c([N+](=O)[O-])c2=C1[N+](=O)[O-])=NN=N4,1.8270679,7.7835984,27.79177,5.8670025,3.1656654,537.735,552.0813,110.77048,4.499467373850667
O=[N+]([O-])c1nc2c([nH]1)c([N+](=O)[O-])c([N+](=O)[O-])c1ocnc12,1.8465887,7.458259,25.6212,4.919313,2.6163073,532.0296,24.79323,235.03934,3.6418249969503877
NN=c1[nH]c([N+](=O)[O-])nc2nc([N+](=O)[O-])cnc12,1.7865635,7.3226366,24.321913,4.5760736,2.8064382,615.5495,275.44012,264.79495,3.941846509194427
Nc1noc2c([N+](=O)[O-])oc([N+](=O)[O-])c12,1.826762,7.9561176,28.906694,5.649569,3.2624133,577.2534,-2.0018895,286.54675,3.6578450418808393
Nn1nc([N+](=O)[O-])c2c(=O)n3c([N+](=O)[O-])cnc3[nH]c21,1.8124568,7.2851186,24.171219,4.3844104,2.6118329,598.8282,104.23309,268.41663,3.935472205647847
O=[N+]([O-])C1=C([N+](=O)[O-])C([N+](=O)[O-])=C([N+](=O)[O-])C1=C1N=NN=N1,1.8977735,8.709798,35.41876,6.710031,3.9225948,581.52075,553.09076,225.84337,4.0202192274018
Nn1[nH]c(=O)c2nc([N+](=O)[O-])c([N+](=O)[O-])cc21,1.8056859,7.409546,25.012495,4.7275186,2.8169014,599.23846,48.001087,234.56483,3.5508788895328642
O=[N+]([O-])c1nc2c([N+](=O)[O-])cc3nnn([N+](=O)[O-])c3c2nc1[N+](=O)[O-],1.8675345,8.073393,30.259983,5.8427114,3.2686982,557.0071,421.0845,132.96283,3.787604393467113
O=c1c2c(nnn2[N+](=O)[O-])c2c([N+](=O)[O-])ccc([N+](=O)[O-])c2n1[N+](=O)[O-],1.8700123,7.912142,29.089891,5.56998,3.0736432,549.9263,187.30176,121.88603,3.7143880178917534
O=[N+]([O-])c1nc2c(ncn3nnnc23)c([N+](=O)[O-])c1[N+](=O)[O-],1.867269,7.9745445,29.530428,5.6562114,3.1915634,563.3495,530.58246,208.34724,3.4750872033406033
O=[N+]([O-])c1cc2nc3cn4ncc([N+](=O)[O-])c4c([N+](=O)[O-])c3c(O)c2[nH]1,1.7455851,6.613835,19.490568,4.342211,2.2210834,513.66833,14.775424,251.42537,3.7111742348591097
O=[N+]([O-])c1[nH]nc2nc([N+](=O)[O-])n3ncnc3c12,1.8231492,7.508274,25.853596,4.92442,2.8534489,581.6878,387.4824,248.53943,3.6057194259919143
O=c1[nH]c2nc3nccc([N+](=O)[O-])c3nc2c(=O)n1[N+](=O)[O-],1.791928,6.7537646,20.83055,3.8950253,2.0742943,534.79156,-67.72201,179.28223,3.3576533571867575
O=[N+]([O-])c1nc([N+](=O)[O-])c2c(ncn2[N+](=O)[O-])n1,1.8525441,8.187649,30.999086,5.7350073,3.4112673,594.0634,274.4455,111.759125,3.7803433106072992
O=[N+]([O-])c1cc2cnc([N+](=O)[O-])c([N+](=O)[O-])c2[nH]1,1.771903,7.3489985,24.275108,5.228858,2.8661363,548.81836,76.86867,232.16641,3.469176964453453
Nn1nc([N+](=O)[O-])c2nc([N+](=O)[O-])cn2c1=O,1.8347578,7.790399,27.761906,4.9335833,3.0461998,619.75336,125.31308,256.80533,3.6367096587636327
O=c1c2c([N+](=O)[O-])nc([N+](=O)[O-])nc2nc2n([N+](=O)[O-])c([N+](=O)[O-])cn12,1.8998452,8.010407,30.094862,5.235385,2.9630935,565.0556,102.6633,123.3721,3.9907351750823885
N=c1[nH]cnc2c1c([N+](=O)[O-])c([N+](=O)[O-])n2N[N+](=O)[O-],1.8327447,7.8887577,28.59242,5.2261696,3.241566,623.9549,191.84769,139.08461,4.06782348769913
O=[N+]([O-])c1cc2nonc2c([N+](=O)[O-])c1[N+](=O)[O-],1.8598216,8.242435,31.30233,6.508598,3.5527186,542.01135,283.46335,216.20206,3.015106772145762
O=[N+]([O-])c1cc([N+](=O)[O-])c2nnc3noc([N+](=O)[O-])c3c2n1,1.8409233,7.7826076,27.897745,5.8140025,3.080974,526.93896,386.387,239.5952,3.6368910494944497
O=[N+]([O-])c1cc2[nH]c(O)c([N+](=O)[O-])c2cc1[N+](=O)[O-],1.8124782,7.165844,23.38192,4.6358232,2.4912436,538.76776,-215.14471,243.47377,2.968678174293748
O=[N+]([O-])c1nnc2nc3c(nc2c1[N+](=O)[O-])c([N+](=O)[O-])n1cccc([N+](=O)[O-])c31,1.802495,7.235328,23.880201,5.1988215,2.679514,514.26587,402.68015,225.3224,3.649262974101557
O=[N+]([O-])c1cc([N+](=O)[O-])c2c(nnn2[N+](=O)[O-])c1[N+](=O)[O-],1.8955859,8.543506,34.00847,6.3962173,3.7150257,576.92816,319.765,111.9868,3.431410893159441
O=[N+]([O-])c1cn2c([N+](=O)[O-])nc3c([N+](=O)[O-])cc([N+](=O)[O-])c([N+](=O)[O-])c3c2n1,1.8617208,7.827213,28.359816,5.530931,2.9873388,538.9629,162.3227,216.15678,3.5079457983009164
O=[N+]([O-])c1cn2c([N+](=O)[O-])nc3c(c4cn([N+](=O)[O-])nc4n3[N+](=O)[O-])c2n1,1.8635684,7.8896685,28.944016,5.5015664,3.1098135,564.49585,375.11502,141.83904,4.2217021472964
O=[N+]([O-])c1cncc2c1c([N+](=O)[O-])nn2[N+](=O)[O-],1.8137887,7.9377937,28.825636,5.9581904,3.4149387,571.49664,290.66562,137.91548,3.547903887530376
Nc1nc2c([N+](=O)[O-])c[nH]c(=N[N+](=O)[O-])c2n1[N+](=O)[O-],1.8705009,7.997006,29.715754,5.1324286,3.2138467,627.6799,181.0119,165.26254,4.135593879571408
Nc1ccc2c(c1)-c1c([N+](=O)[O-])nnc3[nH]c(c-3c1[N+](=O)[O-])O2,1.637452,5.9417086,15.08469,3.9229994,1.9999789,510.82373,57.732197,248.52373,4.189802616047212
O=[N+]([O-])c1oc2ncnc([N+](=O)[O-])c2c1[N+](=O)[O-],1.8347636,7.8792768,28.423843,5.6100025,3.0695727,546.22064,55.790592,236.73709,3.434645233684222
Nc1c([N+](=O)[O-])oc2c(=O)n([N+](=O)[O-])ncc12,1.8352113,7.607828,26.692715,4.9352984,2.8488429,577.6918,-70.07893,160.40532,3.738355812609786
Nc1nn([N+](=O)[O-])c2nc([N+](=O)[O-])c3[nH]nnc3c12,1.8205404,7.64293,26.842127,4.95376,3.0441222,617.0011,421.4365,147.07675,4.066501902104399
O=c1[nH]c([N+](=O)[O-])cc2cnc([N+](=O)[O-])nc12,1.772755,6.8189397,20.93087,4.1880965,2.2456088,539.8034,-52.596264,260.79562,3.5148053778271784
O=c1nc([N+](=O)[O-])[nH]c2c([N+](=O)[O-])c([N+](=O)[O-])ccc12,1.8073156,7.175045,23.368979,4.6373615,2.4688072,534.40765,-123.36503,228.10042,3.068180817162119
O=c1[nH]c([N+](=O)[O-])c([N+](=O)[O-])c2cncnc12,1.7808951,6.8915143,21.432302,4.3055587,2.3092976,539.4989,-15.189374,243.51271,3.22701307013487
O=c1[nH]c2nc3n([N+](=O)[O-])c([N+](=O)[O-])cn3c2[nH]1,1.8470716,7.3791757,25.160675,4.222924,2.5115812,598.13336,-11.284848,149.57677,4.00459501782865
O=[N+]([O-])c1cn2nc([N+](=O)[O-])oc2n1,1.823964,8.012983,29.249182,5.510384,3.2490711,590.0869,108.091705,268.90836,3.9692732982427454
O=[N+]([O-])c1nc2c([nH]1)c([N+](=O)[O-])cc1ncc3c(nc([N+](=O)[O-])n3[N+](=O)[O-])c12,1.8150067,7.32689,24.604267,4.9726243,2.6663275,536.302,240.83197,146.24301,3.8653020790756187
O=[N+]([O-])Nc1nnn2c([N+](=O)[O-])c3nnnnc3c([N+](=O)[O-])c12,1.9031768,8.512369,34.052654,6.132669,3.725888,604.8097,728.2402,136.68889,3.9431705422046024
O=c1[nH]c([N+](=O)[O-])cc2cnn([N+](=O)[O-])c12,1.8021377,7.3045483,24.305567,4.7540474,2.690935,568.9985,6.01578,154.23494,3.681001069266042
N=c1c2[nH]c(=O)[nH]c2nc([N+](=O)[O-])n1[N+](=O)[O-],1.8842975,7.6420226,27.289751,4.189514,2.6095116,627.24927,-61.30998,142.38805,3.8239004279944027
O=[N+]([O-])c1cn([N+](=O)[O-])c2nc([N+](=O)[O-])c3c(ncn3[N+](=O)[O-])c12,1.8741416,8.012393,29.93215,5.651253,3.1972163,564.154,272.1326,126.677,4.031481842451557
O=[N+]([O-])c1nnc2c3cn[nH]c3cn([N+](=O)[O-])c1-2,1.7359172,7.199768,23.122046,5.256031,2.975409,566.22003,436.68076,133.39297,3.832646810607299
O=[N+]([O-])c1ncc2c([N+](=O)[O-])c([N+](=O)[O-])c3coc([N+](=O)[O-])c3c2n1,1.8469237,7.5532937,26.344965,5.392201,2.7747345,512.52435,77.752365,222.80292,3.7447515806083294
O=[N+]([O-])c1ncc2[nH]nnc2c1[N+](=O)[O-],1.7759956,7.592963,25.989557,5.3814983,3.1453047,585.88434,312.76938,229.97127,3.4582629499483817
O=[N+]([O-])c1nc2cc([N+](=O)[O-])n3nnnc3c2[nH]1,1.8055583,7.4936376,25.451977,5.0325446,2.906832,579.68756,404.5178,275.38846,3.688735425991915
O=[N+]([O-])c1[nH]nc2nc3nc4c([N+](=O)[O-])ncc([N+](=O)[O-])n4c3cc12,1.80166,7.1228433,23.076416,4.7598696,2.5344021,532.7796,355.08286,249.57521,3.839774981996041
Nc1ncnc2c(=O)n([N+](=O)[O-])nc([N+](=O)[O-])c12,1.8108324,7.445446,25.364355,4.676417,2.7768137,595.72284,111.52338,159.65257,3.4891500413765293
O=[N+]([O-])NN=c1[nH]c([N+](=O)[O-])nc2n[nH]nc12,1.8469528,8.1403475,30.579128,5.278622,3.47529,661.71857,404.4894,151.7841,4.249467891169525
O=[N+]([O-])N=Cc1c([N+](=O)[O-])nnc2nnn3nnc([N+](=O)[O-])c3c12,1.8433638,8.151969,30.629337,6.0146794,3.5495608,587.32935,756.6774,166.97087,4.284437699094913
O=[N+]([O-])Nc1c([N+](=O)[O-])c([N+](=O)[O-])n2cnc3c(nc([N+](=O)[O-])n3[N+](=O)[O-])c12,1.9119787,8.433326,33.36092,5.9080725,3.4852688,588.41394,305.57404,131.77849,4.018041848196967
N=c1[nH]c(=O)[nH]c2oc([N+](=O)[O-])nc12,1.8045241,6.7241387,20.532171,3.2118866,1.8983586,595.6661,-249.98349,284.93256,4.233166415651652
O=c1c2cnc([N+](=O)[O-])c([N+](=O)[O-])c2cnn1[N+](=O)[O-],1.8538474,7.80836,28.241566,5.4554825,3.0224514,552.7192,111.05472,159.51344,3.498652515275328
O=[N+]([O-])c1ncnc2c1nc([N+](=O)[O-])c1c2cnn1[N+](=O)[O-],1.8046461,7.527599,25.917976,5.3537245,2.957123,551.36804,394.37143,125.52316,3.742163357186757
O=[N+]([O-])c1cn2c([N+](=O)[O-])nc3c(cnn3[N+](=O)[O-])c2n1,1.8303941,7.7505794,27.597084,5.381276,3.0872562,574.14606,336.66653,135.31276,3.7625853208370277
O=c1nc([N+](=O)[O-])[nH]c2c1nnn2C=N[N+](=O)[O-],1.8397425,7.83014,28.104319,4.8835697,3.0221114,620.892,216.71219,182.63913,4.202173981721899
Nc1c([N+](=O)[O-])c2nc([N+](=O)[O-])ncc2c2oc([N+](=O)[O-])nc12,1.8352878,7.2769666,24.361362,4.653722,2.5127432,540.5934,42.18633,258.19812,3.905432576944057
Nn1nc([N+](=O)[O-])c2c(c([N+](=O)[O-])cn2[N+](=O)[O-])c1=O,1.860407,8.15491,30.710228,5.633651,3.4144876,605.84937,133.75296,132.20139,3.850798339770135
O=[N+]([O-])N=Cc1nc2c(nc([N+](=O)[O-])n3nc([N+](=O)[O-])nc23)[nH]1,1.8336323,7.804515,27.974373,5.155449,3.0630445,594.88666,403.2643,188.0004,4.195087025721086
O=c1[nH]c(=NN[N+](=O)[O-])c2[nH]c([N+](=O)[O-])cc2[nH]1,1.7937747,7.1834564,23.3403,4.097165,2.5312777,623.1122,-81.53413,164.72188,4.106641171674803
O=[N+]([O-])c1cn2c([N+](=O)[O-])nc3nc4[nH]nc([N+](=O)[O-])c4cc3c2n1,1.7923609,7.0426803,22.418394,4.5684605,2.4538765,538.2503,298.94702,260.63156,3.6502893632669435
O=[N+]([O-])N=c1cc(N[N+](=O)[O-])nc(N[N+](=O)[O-])[nH]1,1.8272908,8.331452,31.656515,5.5333896,3.7438948,679.06323,174.20386,147.4896,4.233551002914992
O=[N+]([O-])c1nc2ccnc([N+](=O)[O-])c2c([N+](=O)[O-])c1[N+](=O)[O-],1.7859924,7.634762,26.26139,5.6877856,3.0658371,538.5111,167.96164,206.0021,3.2038785296005496
NN(N[N+](=O)[O-])N[N+](=O)[O-],1.8022877,9.376426,39.775986,6.5592895,5.501559,842.6817,140.50226,181.54485,4.389661366675513
O=[N+]([O-])c1cc2nnnn2nc1[N+](=O)[O-],1.8226105,8.198195,30.599674,6.1173954,3.6762786,601.4189,497.70334,230.51517,3.318143250136
Nc1nn2c([N+](=O)[O-])cnc([N+](=O)[O-])c2c1[N+](=O)[O-],1.8570819,7.9831243,29.429361,5.444409,3.2532237,598.5761,226.40854,248.24348,3.4711190973706714
O=[N+]([O-])c1cc2c(nc([N+](=O)[O-])n3nnnc23)o1,1.8237934,7.6576,26.70594,5.342745,2.957996,554.7297,326.8748,261.96432,3.4995831182996078
O=[N+]([O-])c1cc2c(nc1[N+](=O)[O-])c([N+](=O)[O-])nc1nonc12,1.8444259,7.7981286,28.011574,5.8244333,3.085936,527.6343,398.79013,220.30952,3.5241095110329113
O=c1[nH]c([N+](=O)[O-])nn2c([N+](=O)[O-])ccc12,1.7822498,7.1424727,22.914145,4.500911,2.533174,566.48663,-37.381756,272.87064,3.426067616672124
Nc1c(O)oc2c([N+](=O)[O-])c([N+](=O)[O-])cnc12,1.7913091,7.0032115,22.1973,4.283248,2.3584883,553.619,-250.2106,243.66513,3.357288120302094
O=c1[nH]c2nc[nH]c(=NN[N+](=O)[O-])c2n1[N+](=O)[O-],1.8415271,7.663923,27.06033,4.4923663,2.8646884,641.46735,54.40192,161.95294,4.2729560853325745
O=[N+]([O-])c1ccc([N+](=O)[O-])c2c([N+](=O)[O-])c3c(nc([N+](=O)[O-])c4nonc43)nc12,1.8308634,7.436763,25.410198,5.529054,2.7808695,499.94412,351.41415,221.19035,3.4863182808201536
O=c1c2cc([N+](=O)[O-])cnc2n([N+](=O)[O-])c2c1c([N+](=O)[O-])c([N+](=O)[O-])n2C=N[N+](=O)[O-],1.8377525,7.7549953,27.622793,5.437696,2.9919686,550.6031,104.44705,122.76607,4.041153234559245
O=[N+]([O-])Nc1n[nH]c2nc([N+](=O)[O-])n3ncnc3c12,1.8008245,7.5423193,25.942717,4.860197,2.9859493,616.5975,413.19937,139.91933,3.6455897272690745
O=[N+]([O-])c1cc2c(nnn2[N+](=O)[O-])c([N+](=O)[O-])c1[N+](=O)[O-],1.9059157,8.574475,34.349056,6.395559,3.7109406,576.7829,316.82593,132.08844,3.468835788264336
O=c1[nH]c(=O)n2cc([N+](=O)[O-])nc2[nH]1,1.8018562,6.454263,18.859264,2.7654076,1.6283218,595.1622,-337.15952,290.79733,3.3815660107933523
O=c1[nH]c2nc3c(ncn3[N+](=O)[O-])c([N+](=O)[O-])c2[nH]1,1.8583863,7.2115083,24.270262,4.0576057,2.3225415,576.49384,2.7026546,152.62059,3.6933107778440437
O=[N+]([O-])c1cc2cnc([N+](=O)[O-])c-2c(O)o1,1.7589705,6.897951,21.26704,4.521242,2.35774,523.2699,-230.59447,265.48923,3.3149989225755228
O=[N+]([O-])c1cc2c(ncc3nc([N+](=O)[O-])n([N+](=O)[O-])c32)[nH]1,1.7808822,7.308928,24.158876,5.049001,2.7962344,554.9476,217.95581,147.15642,3.7649197337924933
O=[N+]([O-])N=Cc1c([N+](=O)[O-])c([N+](=O)[O-])n2c([N+](=O)[O-])cc([N+](=O)[O-])nc12,1.8519622,8.193882,30.87526,5.986223,3.4289904,571.5937,204.99606,203.36833,4.012056865029271
O=[N+]([O-])c1nnnc2c1cc([N+](=O)[O-])n1nnnc21,1.8295395,7.842459,28.161934,5.7574325,3.2900136,570.9924,670.35913,245.83951,3.5714710044824267
O=[N+]([O-])c1cnn2c([N+](=O)[O-])c([N+](=O)[O-])nc2c1[N+](=O)[O-],1.8966076,8.486489,33.607647,6.2143016,3.5885165,574.7425,273.6029,228.79077,3.3872945295230794
O=[N+]([O-])N=Cc1nc([N+](=O)[O-])c2c([N+](=O)[O-])c([N+](=O)[O-])c([N+](=O)[O-])nc2n1,1.8722113,8.282191,31.76216,5.956757,3.4083786,571.1908,295.37967,183.1213,3.9551476303103943
O=[N+]([O-])Nn1nc([N+](=O)[O-])c2c1nc([N+](=O)[O-])c1nc([N+](=O)[O-])cn12,1.8720651,8.267764,31.728485,5.781982,3.4597373,598.14984,389.09787,137.5836,4.056011052479741
O=[N+]([O-])c1nc2nnc3n([N+](=O)[O-])ccn3c-2c1[N+](=O)[O-],1.8322883,7.899569,28.730783,5.7702622,3.3071342,571.775,459.58408,142.71634,3.911552932173059
O=c1[nH]cnc2c([N+](=O)[O-])nc3c(C=N[N+](=O)[O-])n4cc([N+](=O)[O-])c([N+](=O)[O-])c4nc3c12,1.8153951,7.113033,23.182695,4.5586977,2.4256148,533.21094,136.84064,204.99713,4.093574474491428
O=c1[nH]c2nc3c(c([N+](=O)[O-])cc4c(=O)n([N+](=O)[O-])c(=O)[nH]c43)c([N+](=O)[O-])c2[nH]1,1.861132,6.905685,22.196426,3.7496624,1.9791427,531.8376,-329.0638,191.92639,3.6765495369058403
Nc1ccc([N+](=O)[O-])c2c3n[nH]c-3c3c(c([N+](=O)[O-])nn3[N+](=O)[O-])c([N+](=O)[O-])c12,1.7942325,7.250853,23.928305,5.067659,2.7728016,546.8781,268.99405,175.59628,3.79476906353306
O=[N+]([O-])c1nc2c(ncn2[N+](=O)[O-])c2cnn([N+](=O)[O-])c12,1.8368558,7.8181443,28.141714,5.5489106,3.1658514,570.4593,393.1733,126.25708,4.053750503023262
O=[N+]([O-])N=Cn1nc([N+](=O)[O-])c2c(=NN[N+](=O)[O-])c3c([nH]c21)c([N+](=O)[O-])cn3[N+](=O)[O-],1.8702945,8.226553,31.358671,5.7332354,3.4702055,605.5341,362.66934,155.6019,4.750089616484696
Nn1c([N+](=O)[O-])c([N+](=O)[O-])c2nn[nH]c21,1.8459756,8.298443,31.73774,5.7958946,3.79014,655.4341,381.27225,266.48807,3.7301981188039175
O=c1[nH]c2nc3c(=O)cc([N+](=O)[O-])[nH]c3c([N+](=O)[O-])c2[nH]1,1.7932179,6.5077295,19.139366,3.447582,1.8250437,535.32166,-265.89597,289.00626,3.6086986811609147
O=[N+]([O-])c1cn2nc([N+](=O)[O-])c3c(cnn3[N+](=O)[O-])c2n1,1.8109955,7.7889533,27.683258,5.6671824,3.244726,571.9272,412.64804,130.32414,3.7427634584888487
O=c1n([N+](=O)[O-])c2nc3ncc([N+](=O)[O-])nc3nc2c2ncc([N+](=O)[O-])n12,1.8433852,7.374113,25.301882,4.693376,2.557519,545.1578,283.06802,152.91615,3.9091357331477923
O=[N+]([O-])c1ncnc2c1c([N+](=O)[O-])nc1[nH]cc([N+](=O)[O-])c12,1.7923532,7.083627,22.821543,4.702691,2.5108967,535.13086,176.88507,228.23088,3.4835287418021412
Nn1nnc2c([N+]=O)c3c([N+](=O)[O-])[nH]nc3nc21,1.8190668,7.583348,26.361649,5.007642,3.0693238,615.78546,555.4114,267.4973,4.34121604137653
O=c1c2cc[nH]c2c([N+](=O)[O-])nn1[N+](=O)[O-],1.7853168,7.3159137,24.22117,4.9014125,2.7750933,567.82996,37.55881,150.71007,3.5403370263322316
O=[N+]([O-])c1ncc2nc([N+](=O)[O-])c([N+](=O)[O-])nc2n1,1.8378156,7.835112,28.292715,5.410982,3.056483,563.6002,268.9461,216.8567,3.5092073145652414
Nn1nc([N+](=O)[O-])c2cc3c([N+](=O)[O-])[nH]nc3nc21,1.7877568,7.2800903,23.945192,4.8090124,2.8395169,592.41113,355.26205,288.12082,3.8183175825777713
O=[N+]([O-])c1c([N+](=O)[O-])c([N+](=O)[O-])c2nc3c(O)nnnc3cc2c1[N+](=O)[O-],1.8481581,7.6659236,27.075884,5.3366113,2.8602629,535.30206,171.88968,208.52812,3.55603750029956
O=[N+]([O-])c1nc2c(cnn2[N+](=O)[O-])c2ncnn12,1.7981191,7.55217,26.021656,5.215301,3.042373,584.86206,457.93704,140.40027,3.628000656761145
O=c1[nH]c(=O)c2c([N+](=O)[O-])n[nH]c2[nH]1,1.8301711,6.712233,20.62196,3.0418074,1.8025608,599.73334,-281.82986,275.96747,3.3059222860969957
O=[N+]([O-])c1ncnc2c1nc([N+](=O)[O-])n1nnnc21,1.8232021,7.688213,27.126844,5.3231587,3.0537233,573.6712,576.7618,237.85448,3.4882321075303224
O=[N+]([O-])NN=c1c2nc[nH]c2nc([N+](=O)[O-])n2c([N+](=O)[O-])c([N+](=O)[O-])nc12,1.8441265,7.958566,29.191305,5.320219,3.1780682,599.3711,353.8008,177.64473,4.194294349614629
Nc1noc2c([N+](=O)[O-])c3c(nnn3[N+](=O)[O-])c([N+](=O)[O-])c12,1.8782885,8.189017,31.271132,5.9080744,3.4286864,578.89734,360.88358,124.286285,3.817579680524437
Nn1cc([N+](=O)[O-])c2c([N+](=O)[O-])nn([N+](=O)[O-])c21,1.8500904,8.404424,32.53738,6.169559,3.881029,628.88745,325.46054,158.90007,3.894932938266873
Nc1nc2c(=O)[nH]cc([N+](=O)[O-])n2c1[N+](=O)[O-],1.826848,7.2299557,23.88825,4.137679,2.4588523,598.4738,-79.55257,265.3065,3.540605043379017
O=[N+]([O-])c1nc2[nH]nnc2c2c1cnn2[N+](=O)[O-],1.8181269,7.6636205,26.91126,5.3042226,3.113106,587.737,482.2946,140.72726,4.034274502914991
O=[N+]([O-])c1[nH]c2ccc3nnc([N+](=O)[O-])n3c2c1[N+](=O)[O-],1.7786982,7.320256,24.065779,5.1348963,2.8228528,551.30585,252.85135,256.59247,3.5137893694200226
O=c1[nH]c2cc([N+](=O)[O-])c([N+](=O)[O-])cc2nc1[N+](=O)[O-],1.8425928,7.2938666,24.462954,4.6588984,2.481844,534.3959,-116.004486,234.6075,2.869015650253557
O=c1c2nc([N+](=O)[O-])c3ncnc([N+](=O)[O-])c3c2ncn1[N+](=O)[O-],1.8412259,7.4396415,25.75401,4.882478,2.6505976,542.1492,197.87943,155.293,3.8268235732207874
O=c1nn[nH]c2c1c(C=N[N+](=O)[O-])nn2[N+](=O)[O-],1.821875,8.0025425,29.254158,5.489327,3.3831196,618.3645,344.4863,149.01802,4.379822961313735
O=[N+]([O-])N=Cc1nc([N+](=O)[O-])nc2c1nc([N+](=O)[O-])c1nonc12,1.8551887,7.954301,29.321548,5.767181,3.223217,556.8742,526.18896,177.39336,4.09302091587813
O=[N+]([O-])c1cn2nc([N+](=O)[O-])c3ncc([N+](=O)[O-])n3c2n1,1.8245779,7.7302003,27.34102,5.363193,3.058536,570.95825,345.2487,250.40411,3.7464023248856098
Nn1nnc2c(=O)[nH]c([N+](=O)[O-])nc21,1.8144364,7.4622216,25.421574,4.2490087,2.7486346,650.35114,148.77597,268.69427,3.7263753225342438
O=[N+]([O-])c1nc2c(o1)c([N+](=O)[O-])c([N+](=O)[O-])c1[nH]ncc12,1.8295616,7.492988,25.67692,5.1680217,2.7423358,530.1358,91.64108,236.30972,3.653103539460509
N=c1ncn([N+](=O)[O-])c2nc([N+](=O)[O-])n([N+](=O)[O-])c12,1.8798304,8.314455,32.24388,5.6495223,3.5006814,619.3595,282.89426,135.3001,4.330217558909133
O=c1c2c(cc([N+](=O)[O-])n1[N+](=O)[O-])nc([N+](=O)[O-])n1cc([N+](=O)[O-])nc21,1.8684685,7.76195,28.020674,5.1891766,2.8635166,550.75604,60.99056,141.38809,3.8957164459854
O=c1[nH]c([N+](=O)[O-])nc2[nH]cc([N+](=O)[O-])c12,1.8158532,7.0502553,22.659758,3.9808939,2.2595782,572.3106,-155.65337,281.1183,3.305271194489655
O=[N+]([O-])c1ccc2c([N+](=O)[O-])c3c(nc([N+](=O)[O-])n4nnnc34)nc2n1,1.7915978,7.1884785,23.42697,4.962049,2.6313918,530.3523,491.0516,230.91829,3.5884083356175065
O=[N+]([O-])c1nc2c([N+](=O)[O-])cc3nn[nH]c3c2o1,1.7725875,7.1320333,22.806341,4.812018,2.5823853,538.00433,168.94086,262.49265,3.8271831182996072
O=[N+]([O-])c1[nH]c2ccc3c(nc([N+](=O)[O-])n3[N+](=O)[O-])c2c1[N+](=O)[O-],1.8073602,7.551305,25.941261,5.371823,2.9381459,546.2494,151.17978,142.72565,3.7606856886054025
O=[N+]([O-])c1cc([N+](=O)[O-])c2c([N+](=O)[O-])c3c([N+](=O)[O-])nn([N+](=O)[O-])c3nc2c1,1.8520926,7.900679,28.79877,5.754994,3.1279442,541.97217,224.87555,142.4733,3.5281424718975902
O=[N+]([O-])c1cc([N+](=O)[O-])c2[nH]c(O)c([N+](=O)[O-])c2c1,1.8137681,7.1216993,23.060741,4.530642,2.432505,538.58124,-234.48798,291.80228,3.0212354050629786
O=c1c2c([N+](=O)[O-])nccc2nc([N+](=O)[O-])c2nc3n([N+](=O)[O-])c([N+](=O)[O-])cn3c12,1.7868967,7.2239966,23.737682,4.965899,2.6243439,528.7553,175.90717,141.67828,3.920814203678362
Nc1c([N+](=O)[O-])c([N+](=O)[O-])c(N[N+](=O)[O-])c2nn[nH]c12,1.8540164,8.07432,30.174402,5.4066415,3.4073255,631.5391,254.09619,136.33783,3.6940139085989854
O=c1[nH]c([N+](=O)[O-])nc2c([N+](=O)[O-])c3ncn([N+](=O)[O-])c3nc12,1.8793321,7.631981,27.281069,4.7642365,2.6651185,560.96967,97.45868,144.36848,3.8435134702443055
O=c1nc2nc3c(=O)[nH]c([N+](=O)[O-])nc3cc2n[nH]1,1.7782323,6.3394275,18.215374,3.23664,1.7372198,541.5795,-33.54301,270.58392,3.437113675019437
O=[N+]([O-])c1nnn2c([N+](=O)[O-])nc3[nH]ccc3c12,1.7290639,6.986721,21.553465,4.826922,2.6861775,558.02844,333.49136,249.93555,3.4625474259919145
O=c1[nH]cc([N+](=O)[O-])c2nc([N+](=O)[O-])cc([N+](=O)[O-])c12,1.8251766,7.2571106,24.12706,4.699239,2.5066612,535.2251,-109.08165,240.17339,3.135198814259362
O=[N+]([O-])c1ncc2c([N+](=O)[O-])c3c([N+](=O)[O-])nn([N+](=O)[O-])c3cc2n1,1.8352829,7.7384896,27.576265,5.559779,3.0496356,546.73816,284.44604,142.55215,3.8286034749826126
NN=c1[nH]c([N+](=O)[O-])nc2nc([N+](=O)[O-])nc(N)c12,1.8023887,7.2805796,24.195143,4.135597,2.6661916,648.0615,179.54092,265.21573,3.934343966148951
O=c1c2c(cnn2[N+](=O)[O-])ncn1[N+](=O)[O-],1.8280237,7.816967,28.051449,5.331294,3.14411,590.73914,170.87183,144.90677,3.902323788407366
O=[N+]([O-])c1ncc2c([N+](=O)[O-])c3cnn([N+](=O)[O-])c3nc2n1,1.8323867,7.5698147,26.474298,5.233544,2.9014196,553.37836,353.90512,135.18962,3.7404764341098344
Nc1c([N+](=O)[O-])c(=O)c2ncc([N+](=O)[O-])nc2n1[N+](=O)[O-],1.8670076,7.7875404,28.23583,5.026132,2.9271057,583.36816,51.472553,139.9883,3.631613690362239
Nc1nc([N+](=O)[O-])c([N+](=O)[O-])c2nnc3c([N+](=O)[O-])cn([N+](=O)[O-])c3c12,1.8556254,7.869158,28.74162,5.4878807,3.1442473,571.994,325.58475,160.2396,3.806242198493761
Nc1ncc([N+](=O)[O-])n2nc([N+](=O)[O-])nc12,1.7933218,7.529756,25.646013,4.8043003,2.955792,618.4739,225.37207,281.52402,3.3848543787472583
O=[N+]([O-])c1cn2nc([N+](=O)[O-])c3nonc3c2n1,1.8106256,7.859508,28.093876,5.9645104,3.326363,556.3976,477.41245,246.94876,3.598020964453452
O=[N+]([O-])c1nc([N+](=O)[O-])c2c(cc([N+](=O)[O-])n3ncnc23)n1,1.8019861,7.3965178,24.900381,5.0838795,2.7823744,548.6206,320.4379,227.93958,3.549618741802142
N=c1c2cc([N+](=O)[O-])c([N+](=O)[O-])nc2nc([N+](=O)[O-])n1N[N+](=O)[O-],1.8559115,8.097856,30.28194,5.5361996,3.3323224,602.56476,214.08081,131.35388,3.867505331462546
O=[N+]([O-])c1nc2c(c([N+](=O)[O-])cn2[N+](=O)[O-])c2nc[nH]c12,1.8169843,7.4089713,25.215473,4.979367,2.7747781,558.1283,193.75244,146.62724,3.7489990860192144
NN=c1[nH]c([N+](=O)[O-])nc2[nH]c([N+](=O)[O-])nc12,1.8246255,7.597268,26.463932,4.4988685,2.9005766,647.9237,195.91739,277.53497,4.099856548395739
O=[N+]([O-])Nc1nn([N+](=O)[O-])c2nc([N+](=O)[O-])n3cc([N+](=O)[O-])nc3c12,1.8788807,8.255181,31.693686,5.640107,3.3979805,602.9533,349.7418,132.212,4.092843888300637
O=[N+]([O-])c1cn2c(n1)c([N+](=O)[O-])cc1oc([N+](=O)[O-])nc12,1.8168465,7.375329,24.766804,4.9956336,2.6427329,529.29803,51.779102,269.82645,3.7818411912823713
O=[N+]([O-])c1cc([N+](=O)[O-])c2nonc2c1[N+](=O)[O-],1.8781819,8.3154955,32.04585,6.5308185,3.5739338,543.1955,283.35828,227.56403,2.8743058106073
Nc1cc2nc([N+](=O)[O-])c([N+](=O)[O-])n2c([N+](=O)[O-])n1,1.7650536,7.6038904,25.825146,5.166802,3.087654,600.552,146.80621,239.93938,3.530964943524517
O=c1[nH]c(=NN[N+](=O)[O-])c2nc[nH]c2n1[N+](=O)[O-],1.8619484,7.7310157,27.706451,4.4662743,2.8609624,644.2127,47.15285,159.9229,4.335826101031161
O=[N+]([O-])c1cn2c([N+](=O)[O-])nc3c[nH]c([N+](=O)[O-])c3c2n1,1.8075514,7.289557,24.184813,4.812826,2.6604302,554.32904,162.48361,273.6671,3.908319733792494
O=[N+]([O-])c1cnc2c(nnn2[N+](=O)[O-])c2nnnc1-2,1.8407357,7.9509277,29.32104,5.7608213,3.3610823,582.90955,688.7026,132.28395,3.6969511205927317
O=c1[nH]c2n[nH]cc2c(=O)n1[N+](=O)[O-],1.827626,6.9935203,22.553986,3.6210868,2.15953,600.02783,-169.70827,168.70631,3.937445363020074
Nn1nc([N+](=O)[O-])c2nc([N+](=O)[O-])c3ncnc(N[N+](=O)[O-])c3c21,1.8168702,7.6702957,27.04061,5.18214,3.11317,601.87225,427.97275,137.14948,3.8877956442267045
O=[N+]([O-])c1cc(O)c2c(O)oc(O)c2c1[N+](=O)[O-],1.8524847,6.8900065,21.8383,3.8363392,1.9831616,519.8578,-659.8936,243.83531,3.3466900577431415
O=[N+]([O-])c1cn2nc([N+](=O)[O-])[nH]c2n1,1.8127972,7.852313,27.991766,5.139194,3.1870503,623.09607,193.1152,277.84744,3.853366415651651
O=[N+]([O-])c1ncc2nc3nc([N+](=O)[O-])n([N+](=O)[O-])c3nc2c1[N+](=O)[O-],1.860923,8.019056,29.84772,5.677398,3.1866984,559.7436,384.0391,138.24397,3.7978815461651605
O=c1c2[nH]cc([N+](=O)[O-])c2nc2ccc([N+](=O)[O-])c([N+](=O)[O-])n12,1.7794515,6.8578863,21.217503,4.447379,2.3009481,519.17175,-49.676037,233.00836,3.2765916340160173
O=c1nc2n([N+](=O)[O-])ccnc-2c(=O)[nH]1,1.7722609,6.528469,19.321545,3.4105952,1.9103591,564.5817,-172.49072,144.7395,3.4361192351266183
O=[N+]([O-])c1cc2cc([N+](=O)[O-])c([N+](=O)[O-])c([N+](=O)[O-])c2[nH]1,1.8053734,7.610831,26.30903,5.5386643,2.9992964,541.10016,-0.36842093,217.11713,3.2949532707818197
O=[N+]([O-])NN=c1nc2c([N+](=O)[O-])ccnc2c([N+](=O)[O-])n1[N+](=O)[O-],1.8380963,8.10427,30.106195,5.8015566,3.4462285,594.0613,314.31335,129.30544,3.961673428990018
O=[N+]([O-])c1nc2c([N+](=O)[O-])c3cnn([N+](=O)[O-])c3cc2c([N+](=O)[O-])c1[N+](=O)[O-],1.8663999,7.9721823,29.477999,5.848965,3.1798196,540.9892,248.67871,148.83794,3.7805634698185875
O=c1[nH]c2cc(=NN[N+](=O)[O-])n([N+](=O)[O-])nc2[nH]1,1.8318828,7.6843004,26.996656,4.580842,2.9164762,641.1131,72.44635,154.83508,4.17111621092127
Nc1nn([N+](=O)[O-])c(=O)c2nc([N+](=O)[O-])cc([N+](=O)[O-])c12,1.855461,7.7726803,28.01927,5.0770607,2.958419,583.26514,54.09821,157.06087,3.5439826414111897
Nc1nc2nn[nH]c2c2nc([N+](=O)[O-])c([N+](=O)[O-])c(N)c12,1.7604036,6.8794775,21.291466,4.1072183,2.448412,598.6042,272.4185,242.06914,3.745914065776299
O=c1[nH]c2c(cc([N+](=O)[O-])n2[N+](=O)[O-])n2cc([N+](=O)[O-])nc12,1.8549801,7.5069113,26.087605,4.7567244,2.6704166,563.0221,4.5663323,154.97353,3.8043859386730663
O=c1c([N+](=O)[O-])c(C=N[N+](=O)[O-])nc2c3nc4[nH]nnc4nc3nc([N+](=O)[O-])n12,1.8320574,7.441169,25.489216,4.7190332,2.648012,561.3338,417.89536,204.16074,4.3284974215212255
O=[N+]([O-])Nc1n[nH]c2nnc([N+](=O)[O-])nc12,1.8442019,8.230274,31.360704,5.6005545,3.603214,643.8221,454.54947,138.51341,3.7751736501735067
Nc1nc2cnn([N+](=O)[O-])c([N+](=O)[O-])c-2n1,1.7567028,7.500446,25.223814,4.988933,3.0917287,621.9188,254.20068,149.19737,3.508146328657813
O=[N+]([O-])c1nc2cc3c(ncn3[N+](=O)[O-])nc2n1[N+](=O)[O-],1.8295978,7.746103,27.590622,5.4079347,3.0786247,569.22565,347.79935,136.90906,3.989336737841077
Nc1nnc2c([N+](=O)[O-])c([N+](=O)[O-])nn(C=N[N+](=O)[O-])c1-2,1.8320374,8.124253,30.294794,5.684309,3.5530229,625.45013,440.35233,202.74013,4.033981257794807
Nn1[nH]c(=NC=N[N+](=O)[O-])c2nc([N+](=O)[O-])c([N+](=O)[O-])c([N+](=O)[O-])c21,1.8607494,8.260942,31.554544,5.7522464,3.5769665,623.1369,338.0023,201.43565,4.456384802610208
O=[N+]([O-])c1cn2nc([N+](=O)[O-])c3nnn([N+](=O)[O-])c3c2n1,1.8585213,8.220785,31.310356,5.9450464,3.5106637,589.6121,518.1363,131.17072,3.923249288448364
O=[N+]([O-])N=Cc1cnc2[nH]c([N+](=O)[O-])c3c([N+](=O)[O-])c([N+](=O)[O-])nc-3n12,1.8241491,7.6608357,26.83126,5.2413564,2.9784448,568.9176,255.10107,204.11069,4.270917401551573
O=[N+]([O-])c1cnc2nc([N+](=O)[O-])nnc2n1,1.8101429,7.692764,27.116974,5.330396,3.0687053,575.2998,402.5768,244.99779,3.559472601222458
N=c1[nH]c(=O)n([N+](=O)[O-])c2c1ncn2N[N+](=O)[O-],1.8504841,7.750173,27.731735,4.584266,2.9514804,648.10065,59.57146,149.3485,4.301126002914991
O=[N+]([O-])N=c1[nH]c([N+](=O)[O-])nc2ncn([N+](=O)[O-])c12,1.8733019,8.270905,31.702436,5.5798855,3.4516442,619.62463,284.902,134.68015,4.265174735379721
Nc1nc2cnc([N+](=O)[O-])c([N+](=O)[O-])c2[nH]c1=O,1.7981501,6.9399657,21.844713,4.0026283,2.2868912,575.2028,-74.01777,235.56042,3.14505004137653
O=[N+]([O-])c1cc2cnn([N+](=O)[O-])c2c2nnnn12,1.80753,7.7234817,27.200418,5.712655,3.302938,579.032,562.85596,137.99474,3.7663818875303763
O=[N+]([O-])Nc1cc([N+](=O)[O-])c2nn[nH]c2c1[N+](=O)[O-],1.8348085,8.004723,29.422422,5.6349254,3.3983538,603.3464,275.5692,128.35172,3.5679611607190873
O=c1c2c(cnn1[N+](=O)[O-])c([N+](=O)[O-])cn1nc([N+](=O)[O-])cc21,1.8137252,7.369381,24.898516,5.1092095,2.7568696,539.3668,155.20721,156.54794,3.70018791193165
O=[N+]([O-])c1nc2c3c([N+](=O)[O-])ccc([N+](=O)[O-])c3nn2c([N+](=O)[O-])c1[N+](=O)[O-],1.8755026,7.918088,29.1244,5.71048,3.0679939,535.72266,238.25299,216.04915,3.428060975016094
O=[N+]([O-])c1cc([N+](=O)[O-])c([N+](=O)[O-])c2c1OCO2,1.844107,7.683917,27.127468,5.288491,2.8708825,541.3472,-283.38766,231.16556,2.9092211952226847
O=[N+]([O-])c1cnc2c([N+](=O)[O-])nc3n[nH]c([N+](=O)[O-])c3c2c1,1.7924778,7.150157,23.214117,4.933075,2.6144261,530.4713,258.555,243.05025,3.4505472033406033
O=c1cnn([N+](=O)[O-])c2nc3c([N+](=O)[O-])c([N+](=O)[O-])oc3nc12,1.8721138,7.813529,28.45861,5.3246627,2.8821504,539.32556,112.32062,130.07588,3.9429869193758194
O=c1[nH]nnc2nc3c([N+](=O)[O-])nc4nc([N+](=O)[O-])[nH]c4c3nc12,1.8209492,7.0376616,22.806898,4.175606,2.2831903,548.1103,317.52383,245.77202,3.9522734469291683
O=[N+]([O-])c1cc2oc([N+](=O)[O-])nc2[nH]1,1.7926058,7.4291453,24.884178,4.8868747,2.742605,562.87915,-63.955395,278.94943,3.9304749176759444
O=c1[nH]nc2[nH]cc([N+](=O)[O-])c(=O)n12,1.8469679,6.9278293,22.100616,3.4351206,2.027458,595.20526,-172.7694,279.52155,3.4854741079593445
O=c1[nH]c(=O)n([N+](=O)[O-])c2nc([N+](=O)[O-])ccc12,1.8217666,6.9855127,22.394144,3.9467509,2.1811056,556.43256,-247.51883,138.8066,3.242653887530377
O=[N+]([O-])Nc1c([N+](=O)[O-])c([N+](=O)[O-])c([N+](=O)[O-])c2cc3nnn([N+](=O)[O-])c3nc12,1.8803668,8.243511,31.538065,5.956646,3.416282,572.196,369.46597,132.82884,3.8673558306121345
Nc1c([N+](=O)[O-])cnc2c1c(=O)n([N+](=O)[O-])c(=O)n2C=N[N+](=O)[O-],1.8541946,7.5283427,26.266563,4.4827104,2.6438537,591.48724,-134.9328,159.40083,4.0437646721218865
O=c1c2c(N[N+](=O)[O-])c([N+](=O)[O-])c3c(nnn3[N+](=O)[O-])c2nnn1C=N[N+](=O)[O-],1.8802801,8.26333,31.721308,5.7076635,3.4077327,597.6697,437.7357,125.82463,4.45549332388809
NN=c1[nH]c([N+](=O)[O-])nc2c1nc([N+](=O)[O-])n1cc([N+](=O)[O-])nc21,1.8304237,7.532793,26.013514,4.780729,2.8415983,595.73474,313.12872,262.6619,4.10651375073558
O=[N+]([O-])c1ncn2nnnc2c1[N+](=O)[O-],1.8449695,8.2294035,31.128002,5.97282,3.6117368,605.4459,472.69968,229.6708,3.249797283907106
Nc1nn2c(=O)c([N+](=O)[O-])n[nH]c2c1C=N[N+](=O)[O-],1.8122016,7.562835,26.094862,4.676774,2.9264956,628.1054,174.13824,205.55849,4.070929486510943
Nc1nc([N+](=O)[O-])c2nc([N+](=O)[O-])cc([N+](=O)[O-])c2n1,1.7856526,7.4175873,24.877207,4.8969793,2.819417,577.3859,127.05286,238.64783,3.2847320508341076
O=c1[nH]cc([N+](=O)[O-])c2nn([N+](=O)[O-])cc12,1.8148322,7.349498,24.707731,4.747652,2.7060635,572.23645,12.170733,154.23181,3.575548117566579
O=[N+]([O-])Nn1nnc2c3nc([N+](=O)[O-])n([N+](=O)[O-])c3c([N+](=O)[O-])c([N+](=O)[O-])c21,1.9132138,8.710408,35.479156,6.3256564,3.7940052,597.90674,466.71896,127.64343,4.15262272137784
O=c1[nH]c2nc([N+](=O)[O-])cc([N+](=O)[O-])c2c(=NC=N[N+](=O)[O-])n1[N+](=O)[O-],1.8700228,7.9328127,29.167343,5.104175,3.0200405,593.41833,42.502705,135.75636,4.211677649998777
O=[N+]([O-])c1nc2c3ncn([N+](=O)[O-])c3cnc2n1[N+](=O)[O-],1.8460582,7.8039107,28.230553,5.434137,3.1006563,570.0924,363.3571,140.22015,3.954869531363343
O=c1[nH]c2nc3c([nH]c(=O)n3[N+](=O)[O-])c(C=N[N+](=O)[O-])c2[nH]1,1.8407109,7.022883,22.849854,3.7069643,2.1540904,585.8961,-155.60847,167.04318,4.143828741802141
O=[N+]([O-])c1nc2cc3c(nc4n([N+](=O)[O-])c([N+](=O)[O-])cn34)c([N+](=O)[O-])c2nc1[N+](=O)[O-],1.8522049,7.7802825,28.013689,5.4801745,2.9827127,543.42523,290.6275,139.55798,4.0065361410444735
N=c1c2nc(C=N[N+](=O)[O-])c(=O)[nH]c2nc([N+](=O)[O-])n1[N+](=O)[O-],1.8623178,7.7923326,28.095541,4.849106,2.9077396,601.92194,102.866394,136.42485,4.25262653211633
O=[N+]([O-])c1cn2c([N+](=O)[O-])cn([N+](=O)[O-])c2n1,1.8296878,8.169829,30.634144,5.900733,3.556167,601.5237,204.96005,124.07596,3.8794635049174797
O=c1c2cc([N+](=O)[O-])c([N+](=O)[O-])nc2cnn1[N+](=O)[O-],1.8416741,7.7363687,27.620094,5.3791947,2.9778624,552.1504,101.04196,159.2963,3.35446180409971
O=[N+]([O-])c1cn([N+](=O)[O-])c2cnn([N+](=O)[O-])c12,1.8394272,8.32581,31.811926,6.326156,3.7981296,598.39087,304.9543,129.20656,3.9796696587636333
Nc1cc([N+](=O)[O-])c([N+](=O)[O-])c2c1c([N+](=O)[O-])c([N+](=O)[O-])c1nnnn12,1.8594764,7.8707466,28.526148,5.5402317,3.1370156,566.3859,357.29678,226.36813,3.395717783778042
O=[N+]([O-])C1=NN([N+](=O)[O-])c2ncnc3c2c1nn3[N+](=O)[O-],1.8947628,8.272516,32.086033,5.811757,3.4258983,588.55365,489.95877,131.07755,4.185699490877514
O=c1[nH][nH]c2c([N+](=O)[O-])cc([N+](=O)[O-])nc12,1.8133187,7.2718334,24.109842,4.569651,2.5880165,569.5233,-19.421415,271.53745,3.310996418103251
Nc1n[nH]c2c([N+](=O)[O-])c3ncnc([N+](=O)[O-])c3c(=O)n12,1.8066821,6.9712195,22.20395,4.0418534,2.3072846,574.2805,76.81343,258.5417,3.590421758083991
O=c1[nH]c([N+](=O)[O-])nc2cc([N+](=O)[O-])oc12,1.8195165,7.2345386,23.82445,4.4334493,2.387542,541.6447,-217.3143,269.63858,3.5017030370656848
O=[N+]([O-])c1c2nc3c[nH]nc(O)c-3c2nc2nn[nH]c12,1.7323347,6.2720795,17.535427,3.6783013,1.9781144,538.9472,252.4679,293.18686,4.005868022112086
Nc1c([N+](=O)[O-])c([N+](=O)[O-])c([N+](=O)[O-])c2c([N+](=O)[O-])ncnc12,1.849261,7.823445,28.234457,5.396881,3.0628128,567.7687,116.9209,211.77832,3.3051543883584475
O=[N+]([O-])c1c2nonc2c([N+](=O)[O-])c2c([N+](=O)[O-])cnnc12,1.8607819,7.95996,29.348192,6.1794796,3.2772598,525.99445,490.99063,223.07996,3.4105456648790646
O=c1nc2[nH]c([N+](=O)[O-])c(N[N+](=O)[O-])n2cc1[N+](=O)[O-],1.8700413,7.912371,29.036263,4.9637966,2.9952247,605.49713,-23.578108,138.62976,3.8160063614291726
O=c1n(C=N[N+](=O)[O-])c([N+](=O)[O-])c2ncnc-2n1[N+](=O)[O-],1.8750309,8.101272,30.55695,5.332167,3.2086437,602.1085,171.73425,133.98383,4.145403235816785
O=c1[nH]c2nc(C=N[N+](=O)[O-])cnc2c(=O)n1[N+](=O)[O-],1.8128352,7.2315054,23.926775,4.2773776,2.4651694,578.9033,-52.02773,160.8954,3.928459385135027
O=c1[nH]c2c([N+](=O)[O-])cc([N+](=O)[O-])c([N+](=O)[O-])c2[nH]1,1.88905,7.5493236,26.530165,4.5488915,2.5353062,560.0197,-211.50323,236.82697,3.016364328139902
O=[N+]([O-])c1nc2cncc([N+](=O)[O-])n2c1[N+](=O)[O-],1.7872396,7.7421074,27.054188,5.6492257,3.2023132,566.9756,226.48325,245.6619,3.455901964453453
Nc1[nH]c2ncc([N+](=O)[O-])n2c(=O)c1[N+](=O)[O-],1.8208967,7.1859975,23.520004,4.0548205,2.4226313,601.4391,-100.35941,283.55417,3.6166881203020953
O=c1[nH][nH]c2nc([N+](=O)[O-])cc([N+](=O)[O-])c12,1.8002919,7.2326736,23.76279,4.5258417,2.5705686,571.45,-37.35478,252.2419,3.2679348796417127
Nn1nc([N+](=O)[O-])c2c(N[N+](=O)[O-])c3nnn([N+](=O)[O-])c3nc21,1.8903435,8.387758,32.8949,5.711811,3.6308403,637.3903,555.58624,134.59177,4.192085926819987
O=[N+]([O-])c1nn([N+](=O)[O-])c2nc3c(ccn4c([N+](=O)[O-])cnc34)c([N+](=O)[O-])c12,1.8241975,7.458227,25.581963,5.277337,2.8239193,534.84766,339.57346,149.47655,3.8279065325169137
O=[N+]([O-])N=Cc1nnc2c([N+](=O)[O-])c([N+](=O)[O-])c([N+](=O)[O-])nc2n1,1.8669451,8.278923,31.767866,6.0374475,3.4943407,576.6515,455.329,187.10468,3.9402594866823266
O=[N+]([O-])N=Cc1c2c([N+](=O)[O-])noc2c([N+](=O)[O-])n2nnnc12,1.8663849,8.227762,31.338552,6.143287,3.5208628,570.32684,539.22345,178.59488,4.110847465281527
O=c1[nH]c2cc([N+](=O)[O-])ncc2nc1[N+](=O)[O-],1.791441,6.886389,21.498238,4.194447,2.2587857,541.644,-49.249744,249.03596,3.0985478527435664
O=[N+]([O-])c1nnn2c([N+](=O)[O-])cnc2c1[N+](=O)[O-],1.8673831,8.382874,32.522495,6.222185,3.6551845,585.7301,393.57767,222.97707,3.334589464453453
O=[N+]([O-])c1cc([N+](=O)[O-])c2[nH]nnc2c1[N+](=O)[O-],1.8335838,7.9216723,28.714434,5.7051215,3.2593188,570.758,233.02774,229.41336,3.200890425991915
O=[N+]([O-])c1ncnc2nnn([N+](=O)[O-])c12,1.7989748,8.031623,29.353592,5.8352294,3.5332963,606.0798,441.5759,110.77487,3.7033162332504466
O=[N+]([O-])c1cc([N+](=O)[O-])c2c([N+](=O)[O-])c3cn[nH]c3c(O)c2n1,1.7940422,6.97053,22.065228,4.5737844,2.3965707,525.3397,-24.3896,229.11511,3.4262551575892175
Nc1nn([N+](=O)[O-])c2nnc([N+](=O)[O-])c(N)c12,1.8386142,7.9195466,29.046968,5.1848583,3.3685079,652.69293,354.34238,144.52448,3.797235812609787
O=c1[nH]c2nc3ncn([N+](=O)[O-])c3c([N+](=O)[O-])c2[nH]1,1.818586,7.0998373,23.115849,4.107804,2.3365448,572.62994,13.439654,138.65031,3.6697270500333925
NN=c1[nH]c([N+](=O)[O-])nc2c([N+](=O)[O-])c3c([N+](=O)[O-])cnn3nc12,1.8343391,7.6925025,27.17538,5.155883,3.0607038,595.00165,420.80814,249.49352,4.073668543634988
O=[N+]([O-])c1nc2c3ncnc([N+](=O)[O-])c3ncn2c1[N+](=O)[O-],1.81777,7.457654,25.486055,5.083069,2.789855,548.8591,328.2925,245.39719,3.5048079725713723
Nc1c([N+](=O)[O-])cc2c(nnn2[N+](=O)[O-])c1[N+](=O)[O-],1.8694746,8.093621,30.397684,5.6567497,3.3896968,600.0792,262.96063,134.82693,3.5209597127552863
O=c1[nH]nc([N+](=O)[O-])c2c([N+](=O)[O-])nccc12,1.7619264,6.9392967,21.562304,4.5892415,2.4629338,538.89374,48.76314,225.50339,2.989966916288717
O=[N+]([O-])c1ncc2nn[nH]c2c1[N+](=O)[O-],1.7579945,7.543962,25.451414,5.3938975,3.1487453,584.88745,316.23212,233.19974,3.4945196103611407
Nc1cc([N+](=O)[O-])c2c([N+](=O)[O-])nc3c(c([N+](=O)[O-])nn3[N+](=O)[O-])c2n1,1.8208554,7.693158,27.103579,5.2759876,3.0177445,572.8839,247.9754,142.22023,3.82235390417938
O=[N+]([O-])c1cc([N+](=O)[O-])c2[nH]c3cc4c([N+](=O)[O-])c([N+](=O)[O-])oc4c([N+](=O)[O-])c3c2c1,1.8052162,7.1178308,23.011969,5.0837092,2.4947376,489.56918,-96.738525,241.57095,3.470786743454112
O=c1oc2c([N+](=O)[O-])cnnc2c2c(=O)c([N+](=O)[O-])c[nH]c12,1.821562,6.697778,20.553318,4.051324,1.9805074,490.25055,-202.0431,264.76752,3.4658795110329104
O=[N+]([O-])c1c([N+](=O)[O-])n([N+](=O)[O-])c2nc[nH]c12,1.8511573,8.206105,31.03957,5.761224,3.4691677,601.9161,174.8581,133.09975,3.6310665818405568
O=[N+]([O-])Nc1nn([N+](=O)[O-])c2nnc3c([N+](=O)[O-])cc([N+](=O)[O-])nc3c12,1.8655593,8.130649,30.71848,5.7994194,3.3776057,580.7008,463.91653,130.18599,3.85346970924388
Nc1c([N+](=O)[O-])c([N+](=O)[O-])nc2cnn([N+](=O)[O-])c12,1.8384155,7.959163,29.117907,5.5297756,3.3170488,600.51495,242.43597,165.67747,3.6644612512168253
O=[N+]([O-])N=Cc1c([N+](=O)[O-])c2cc([N+](=O)[O-])c([N+](=O)[O-])nc2c2nnnn12,1.8401005,7.887505,28.559551,5.722405,3.2173722,560.913,507.45035,189.52371,3.8590998290666834
Nc1c(O)[nH]c2c([N+](=O)[O-])c3[nH]nnc3nc12,1.721245,6.3615503,17.87891,3.42476,2.030401,594.94,73.25041,306.87253,3.9626433412513586
O=c1c2c(nc([N+](=O)[O-])n1[N+](=O)[O-])nc1c3nc([N+](=O)[O-])cn3ncn12,1.8429166,7.5302415,26.280212,4.8943453,2.7306278,557.91846,278.7508,142.14638,3.965697745151634
N=C1C(N[N+](=O)[O-])=C(N)c2[nH]c(=O)nc(N)c2S1(=O)=O,1.7569065,6.6174717,19.77197,3.3956432,2.1412127,633.0201,-171.00105,180.25577,4.171635026160668
O=[N+]([O-])c1cn2c([N+](=O)[O-])nn3nc([N+](=O)[O-])cc3c2n1,1.8005234,7.643863,26.446007,5.367906,3.0513358,569.0507,341.72037,263.94977,3.7679513127398625
Nc1c([N+](=O)[O-])nn2c1cc([N+](=O)[O-])n1cc([N+](=O)[O-])nc12,1.8021489,7.384541,24.688156,4.8672485,2.8084462,578.66504,214.27841,285.50858,3.8162584288947095
O=[N+]([O-])Nc1c2c([N+](=O)[O-])ccc([N+](=O)[O-])c2nc2c1c([N+](=O)[O-])nn2[N+](=O)[O-],1.8550923,7.9443555,29.181938,5.668049,3.1946206,562.4941,248.629,131.69441,3.706909476965781
O=[N+]([O-])c1nccc2nc3n[nH]c([N+](=O)[O-])c3c([N+](=O)[O-])c12,1.7538574,7.0650434,22.323902,4.9818816,2.6462872,531.5311,267.85983,223.96207,3.445317972571372
O=c1[nH]c(=O)n([N+](=O)[O-])c2nc([N+](=O)[O-])c(C=N[N+](=O)[O-])cc12,1.8555754,7.501655,26.000906,4.562167,2.5955505,571.51025,-140.93759,146.9741,3.9241140478792556
O=[N+]([O-])c1c2nc([N+](=O)[O-])n([N+](=O)[O-])c2c([N+](=O)[O-])c2ncn([N+](=O)[O-])c12,1.9204916,8.471188,33.769558,6.07295,3.4829354,569.9515,294.14252,123.38504,4.080272007341813
O=[N+]([O-])N=Cc1c([N+](=O)[O-])nnc2nnc([N+](=O)[O-])n12,1.8666418,8.539626,33.74359,6.2581434,3.8596973,615.0298,585.2336,162.29768,4.073190154365797
O=[N+]([O-])c1cc2c([N+](=O)[O-])c[nH]c2nc1[N+](=O)[O-],1.7847639,7.3521924,24.41515,5.0994425,2.7994134,549.4928,47.28815,232.30339,3.1173663875303763
O=[N+]([O-])c1nc2nccc([N+](=O)[O-])n2c1[N+](=O)[O-],1.7808486,7.6702423,26.45443,5.5414224,3.1315215,565.79364,205.93619,242.75195,3.393276964453454
Nn1nc(N[N+](=O)[O-])c2nc3c(nc([N+](=O)[O-])c4oc([N+](=O)[O-])nc43)nc21,1.8595372,7.719059,27.7999,5.0083866,2.911165,581.6063,367.78445,151.5759,4.205267541879602
Nc1c([N+](=O)[O-])nc2c3c([N+](=O)[O-])n[nH]c3c([N+](=O)[O-])cn12,1.8376465,7.451957,25.483055,4.7188644,2.741165,582.7092,171.09897,287.09085,3.6481285723106165
O=[N+]([O-])Nc1nc2cnc([N+](=O)[O-])nn2c1[N+](=O)[O-],1.8461702,8.290163,31.712355,5.8408985,3.6143856,618.9372,368.12552,128.58386,3.6864950973706723
O=[N+]([O-])c1cc2c(nnc3c2ncn3[N+](=O)[O-])c([N+](=O)[O-])n1,1.8208514,7.6250463,26.787252,5.4602385,3.0304525,553.24414,435.92972,134.51604,3.7278925879559885
NC1=NC2=NC(=O)N([N+](=O)[O-])C2N1[N+](=O)[O-],1.8557678,8.081514,30.167938,4.8791194,3.233427,665.08234,47.721012,141.2436,4.816730667146811
Nc1nc([N+](=O)[O-])nc2c(=N[N+](=O)[O-])n(N)c([N+](=O)[O-])cc12,1.8140477,7.6924243,26.990211,5.007578,3.1309285,627.91406,225.20682,144.0048,3.8992347630222994
O=c1[nH]c(=O)n(N[N+](=O)[O-])c2c(N[N+](=O)[O-])c3nnn4c3c(c12)OC4,1.8206707,7.174919,23.565128,4.137444,2.430416,591.15076,-126.43934,159.09393,4.13192481477196
O=[N+]([O-])c1ncnn2c([N+](=O)[O-])nnc12,1.8498218,8.226717,31.286308,5.896752,3.5720167,605.97833,462.84048,247.56168,3.419692968710108
O=c1nc[nH]c2c1nc([N+](=O)[O-])n2N[N+](=O)[O-],1.801025,7.610191,26.327566,4.779182,2.9432583,619.53766,94.50989,133.86484,3.675971598562964
Nc1nc([N+](=O)[O-])c([N+](=O)[O-])c2n[nH]nc12,1.824932,7.7008376,27.196379,4.9679623,3.072458,621.76337,257.5889,242.06416,3.3330053626470804
O=c1nc([N+](=O)[O-])[nH]c2nc3cc([N+](=O)[O-])cnc3c([N+](=O)[O-])c12,1.7812605,6.88292,21.427795,4.3520913,2.2578557,521.42993,-3.3102543,234.8132,3.347429253694159
O=c1c([N+](=O)[O-])cn([N+](=O)[O-])c2c([N+](=O)[O-])c([N+](=O)[O-])cc([N+](=O)[O-])c12,1.876803,8.089946,30.442568,5.859994,3.2119567,543.4698,-43.095257,115.22482,3.490698146180078
O=[N+]([O-])c1nc([N+](=O)[O-])c2cc3nc([N+](=O)[O-])[nH]c3nc2n1,1.8119254,7.2974825,24.320269,4.707026,2.5792446,549.31995,209.04062,236.55917,3.6813025879559866
O=[N+]([O-])N=Cc1c[nH]c2c([N+](=O)[O-])c3nc4c(c([N+](=O)[O-])nn4[N+](=O)[O-])c([N+](=O)[O-])c3cc12,1.820592,7.498387,25.788935,5.3361816,2.8761008,539.38654,279.34216,151.30464,4.249329031569252
O=c1c2c(cc([N+](=O)[O-])n1[N+](=O)[O-])Oc1ccc([N+](=O)[O-])c([N+](=O)[O-])c1O2,1.8400856,7.453211,25.548735,5.1110253,2.6291356,511.3542,-301.0677,148.10773,3.590443269530329
O=[N+]([O-])c1c[nH]c2nc([N+](=O)[O-])n3nnnc3c12,1.8226206,7.5514536,26.072556,5.050581,2.9237013,580.677,417.58395,253.32889,3.4915301952226843
O=c1c2oc([N+](=O)[O-])nc2c2c([N+](=O)[O-])cnnc2n1[N+](=O)[O-],1.8897964,7.864571,29.044523,5.3055706,2.8841238,541.121,117.32974,136.50012,3.9280286067207317
O=c1[nH]cnc2c1oc1c2cc([N+](=O)[O-])n1[N+](=O)[O-],1.7904346,6.948198,21.95149,4.4077196,2.3281028,530.1292,-100.04319,149.51845,3.87955486068428
O=[N+]([O-])c1cc2oc([N+](=O)[O-])cc2c([N+](=O)[O-])n1,1.7752162,7.4068394,24.658298,5.363313,2.8243935,525.68445,-56.86671,255.30342,3.3036635029149917
Nc1nn([N+](=O)[O-])c2c([N+](=O)[O-])c([N+](=O)[O-])c([N+](=O)[O-])cc12,1.8393147,8.114583,30.22988,5.865525,3.4675934,590.6446,174.04257,131.16132,3.4588108065794687
O=[N+]([O-])c1nc2c(o1)c([N+](=O)[O-])nc1c3nc[nH]c3nc([N+](=O)[O-])c21,1.8072759,7.1080146,23.107872,4.5947404,2.3897655,521.0149,161.29492,233.3016,3.999864614103064
Nn1nnc2c(O)c([N+](=O)[O-])[nH]c21,1.7952602,7.480679,25.344595,4.4662027,2.9531832,662.4502,104.71503,321.48206,3.997661288470365
Nc1nn([N+](=O)[O-])c2c1nc([N+](=O)[O-])c1ncc([N+](=O)[O-])nc12,1.8197889,7.588901,26.525457,5.120582,2.9651248,579.4364,359.02127,150.11421,3.830319425579292
O=[N+]([O-])c1cc([N+](=O)[O-])c2nnc([N+](=O)[O-])n2c1,1.822663,7.872586,28.282003,5.7419667,3.2623606,567.3238,248.77533,264.55203,3.1597096567611453
O=[N+]([O-])c1cn2c([N+](=O)[O-])nc([N+](=O)[O-])c([N+](=O)[O-])c2n1,1.8801945,8.340387,32.255962,5.9504085,3.4398723,576.71405,193.0173,221.84119,3.548745718334267
O=[N+]([O-])c1cnc2c(n1)c([N+](=O)[O-])c([N+](=O)[O-])c1c2nnn1[N+](=O)[O-],1.8789101,8.122749,30.80375,5.871427,3.2880974,557.03503,441.69553,121.51816,3.8178096747529917
O=[N+]([O-])c1cn([N+](=O)[O-])c2c([N+](=O)[O-])c3nnn([N+](=O)[O-])c3cc12,1.8550996,8.052809,29.93402,5.981968,3.3642163,560.0075,364.3721,130.9056,3.971398188605402
O=[N+]([O-])Nn1c([N+](=O)[O-])nc2c[nH]c([N+](=O)[O-])c21,1.8176159,8.1335945,30.201694,5.758364,3.586548,624.3542,223.65231,131.24373,4.1575183106072995
O=[N+]([O-])N=Cc1c2nc([N+](=O)[O-])ccc2nc2nc3nc4c(cc3nc12)c([N+](=O)[O-])nn4[N+](=O)[O-],1.7805892,6.9709926,22.165493,4.7911377,2.4876962,519.9508,461.11295,146.39494,4.195565450576799
O=[N+]([O-])c1cc2nc3nc([N+](=O)[O-])[nH]c3c([N+](=O)[O-])c2[nH]1,1.7836497,7.1641784,23.108093,4.671301,2.5560713,548.832,108.36087,281.8649,3.7359156852094975
C[N+](C)([O-])c1nc(=O)c2nc([N+](=O)[O-])c([N+](=O)[O-])nc2[nH]1,1.6793107,6.830723,20.287281,4.251146,2.626743,620.48157,-82.30674,223.3117,3.8796587253272747
O=[N+]([O-])N=Cc1c([N+](=O)[O-])c2nnn([N+](=O)[O-])c2c2nc3cnc([N+](=O)[O-])c([N+](=O)[O-])c3cc12,1.8141673,7.548511,26.084803,5.5188346,2.9561446,533.8418,427.00174,149.002,4.19266437001499
O=[N+]([O-])c1cn2cc([N+](=O)[O-])n([N+](=O)[O-])c2n1,1.8157446,8.119982,30.105452,5.8916245,3.548245,601.80176,201.19061,119.40489,3.844617351071326
O=c1nc([N+](=O)[O-])nc2c([N+](=O)[O-])c([N+](=O)[O-])ccn12,1.8408338,7.5298467,25.998497,4.869154,2.6778276,551.3811,-31.540205,224.23227,3.2522510638965176
O=[N+]([O-])c1nc([N+](=O)[O-])c2oc([N+]([O-])[O-])nc2n1,1.891773,8.32489,32.273567,5.625941,3.2486572,576.8571,79.578415,241.92186,4.012390425991914
O=c1nc([N+](=O)[O-])c([N+](=O)[O-])c2cc[nH]n12,1.7754755,7.1777005,23.13556,4.6628833,2.6241312,565.7116,1.0956293,239.14346,3.4857058993197096
Nc1nc2c([nH]1)c([N+](=O)[O-])c([N+](=O)[O-])n1ncc([N+](=O)[O-])c21,1.819081,7.419267,25.150455,4.798075,2.771349,579.70667,180.66846,241.18855,3.47123808991166
O=[N+]([O-])c1cc([N+](=O)[O-])n2nc([N+](=O)[O-])cc2n1,1.7836417,7.7105722,26.767258,5.5899167,3.1751966,569.764,206.97217,260.23398,3.4085308106072993
O=[N+]([O-])c1cnc2nc3c([N+](=O)[O-])cc([N+](=O)[O-])nc3c([N+](=O)[O-])c2n1,1.8190373,7.4310374,25.28851,5.2000947,2.726747,523.61487,268.04443,232.64584,3.4805631158372865
O=[N+]([O-])c1nc2nc([N+](=O)[O-])n([N+](=O)[O-])cc2c2ncnc12,1.8158078,7.464125,25.617723,5.101515,2.8188276,552.3857,324.35315,141.10304,3.7584464341098336
O=[N+]([O-])c1cc2c([N+](=O)[O-])c3nonc3nc2nn1,1.8135915,7.629791,26.563946,5.799023,3.0852396,530.0205,513.7507,242.31519,3.598269843379379
O=[N+]([O-])c1ccn2nc([N+](=O)[O-])c([N+](=O)[O-])c2n1,1.7900661,7.7473216,27.073433,5.658209,3.2052066,566.56476,228.1383,249.35704,3.256722156761146
O=c1c2c([N+](=O)[O-])cn([N+](=O)[O-])c2ncn1[N+](=O)[O-],1.8802661,8.066167,30.369516,5.472109,3.1741161,578.75085,54.17223,137.22884,3.8673877127552867
O=c1[nH]c([N+](=O)[O-])nc2cc([N+](=O)[O-])[nH]c12,1.8054042,7.012023,22.280586,4.027584,2.266017,567.1461,-139.79906,278.0905,3.6238615343823213
Nc1nc2c3cc([N+](=O)[O-])n([N+](=O)[O-])c3nc([N+](=O)[O-])n2c1[N+](=O)[O-],1.8517584,7.9163156,28.910522,5.3447776,3.14044,588.483,205.69092,141.64186,3.931009278134683
O=[N+]([O-])c1cc2nc3nonc3c([N+](=O)[O-])c2nc1[N+](=O)[O-],1.8405869,7.7914395,27.927893,5.849663,3.0912578,525.73175,391.21896,224.78008,3.3866033571867566
O=[N+]([O-])c1c2cncnc2c([N+](=O)[O-])c2c([N+](=O)[O-])c3nonc3nc12,1.8082652,7.258223,24.064592,5.3651466,2.7082515,503.10446,472.81302,221.53839,3.5738948740790457
O=[N+]([O-])c1ncc2nnn([N+](=O)[O-])c2n1,1.8241423,8.117707,30.225239,5.8238487,3.5442705,608.87885,440.01913,116.44212,3.708956008109732
O=c1[nH]cnc2c1nc([N+](=O)[O-])n2[N+](=O)[O-],1.8294395,7.6014476,26.555183,4.7250643,2.7915277,593.59827,54.701984,131.36467,3.664623967298243
O=c1n([N+](=O)[O-])cnc2c([N+](=O)[O-])c([N+](=O)[O-])c(C=N[N+](=O)[O-])n12,1.9018055,8.2892,32.194267,5.613915,3.3125353,588.8435,117.34039,159.90953,4.121966869924084
O=c1[nH]c([N+](=O)[O-])nc2c([N+](=O)[O-])c[nH]c12,1.8295771,7.099656,23.073492,4.0410223,2.2865922,569.2482,-136.19412,287.8327,3.382297670339387
Nc1nc2c([N+](=O)[O-])c3nc4c(=O)n([N+](=O)[O-])c([N+](=O)[O-])nc4nc3cc2n1[N+](=O)[O-],1.8536837,7.561107,26.509819,4.8547115,2.7068715,558.47485,187.34381,148.61108,4.043300181822971
O=[N+]([O-])c1cnc2c([N+](=O)[O-])nc3c(ncn3[N+](=O)[O-])c2n1,1.831829,7.544878,26.38674,5.1552935,2.8533518,552.78503,353.1451,139.71988,3.7888064341098353
O=[N+]([O-])c1nc2c([N+](=O)[O-])ncnc2o1,1.8162776,7.5901566,26.333612,5.072862,2.815766,555.69464,78.57243,247.38072,3.6541455015431294
O=c1n([N+](=O)[O-])c2c(cnn2[N+](=O)[O-])c2nncn12,1.8399656,7.7396927,27.604128,5.121858,3.015718,589.86346,305.36072,134.97829,3.884922908021559
O=c1[nH]c2cc3c([N+](=O)[O-])c([N+](=O)[O-])[nH]c(=O)c3nc2[nH]1,1.8206093,6.577302,19.80214,3.4443114,1.8202881,534.52716,-263.89987,247.11206,3.4316841062621286
O=c1[nH]c2c([N+](=O)[O-])c3c(ncn3[N+](=O)[O-])c([N+](=O)[O-])c2n2cnc([N+](=O)[O-])c12,1.8620962,7.5152073,26.288872,4.8709807,2.6537423,545.3839,73.41954,138.91687,3.898648945189864
O=[N+]([O-])c1nc2oncc2n1[N+](=O)[O-],1.8120694,8.24321,30.877247,6.2681212,3.711766,589.5737,269.8136,129.51154,4.043160747635458
O=c1c2cc(C=N[N+](=O)[O-])c([N+](=O)[O-])nc2nc2n([N+](=O)[O-])c([N+](=O)[O-])c(C=N[N+](=O)[O-])n12,1.8427188,7.792762,27.936752,5.3280272,3.0050561,564.75946,186.52411,132.06853,4.5283954160274895
O=[N+]([O-])Nc1cc([N+](=O)[O-])nc2c1[nH]c1ncc([N+](=O)[O-])nc12,1.7884247,7.139037,23.227432,4.6397295,2.5998585,561.09863,206.13467,153.60144,3.6891727400068017
O=c1ncnc2n([N+](=O)[O-])c3c(c([N+](=O)[O-])cn3[N+](=O)[O-])c(=O)n12,1.855119,7.612687,26.829653,4.785416,2.7057352,566.38293,-11.028562,123.77608,3.942950832836173
O=c1cc([N+](=O)[O-])c([N+](=O)[O-])c2c(C=N[N+](=O)[O-])c([N+](=O)[O-])[nH]n12,1.8588794,7.9333196,28.97653,5.4447675,3.1214156,573.76465,37.939045,190.5038,3.9776393973966115
O=[N+]([O-])c1nc([N+](=O)[O-])c2c(n1)c([N+](=O)[O-])c([N+](=O)[O-])c1cnccc12,1.767244,7.0955396,22.648756,5.148614,2.628104,509.37332,213.22339,215.75381,3.415986632320802
O=c1[nH]c2nc([N+](=O)[O-])n3nnnc3c2[nH]1,1.8403087,7.260601,24.246859,4.0250535,2.4158137,604.08856,219.26779,256.0288,3.5049884753483314
O=[N+]([O-])c1cnc2[nH]cc([N+](=O)[O-])c2c1[N+](=O)[O-],1.7816797,7.371185,24.529537,5.159269,2.837742,550.85754,68.45262,229.7928,3.0484211952226836
O=[N+]([O-])c1nc2c([N+](=O)[O-])nc3nn[nH]c3c2[nH]1,1.8128593,7.4534683,25.39043,4.7607694,2.7811527,586.1939,349.82553,251.58095,3.95846127214576
O=[N+]([O-])c1ncc2n[nH]c([N+](=O)[O-])c2n1,1.8058996,7.5873756,26.217073,5.141985,2.9996328,584.9226,257.22186,266.65765,3.6850426872842172
O=[N+]([O-])c1cn2c(n1)[nH]c1c(O)ncc([N+](=O)[O-])c12,1.7719321,6.68515,20.093588,3.8976395,2.1428418,552.8836,-57.042103,283.96756,3.6534844464830964
O=[N+]([O-])c1ccn2c([N+](=O)[O-])c([N+](=O)[O-])nc2n1,1.8001796,7.711939,26.934896,5.473623,3.10089,566.938,175.98883,249.28963,3.373670233684223
O=c1[nH]c([N+](=O)[O-])nc2c([N+](=O)[O-])cnnc12,1.8291987,7.3755674,24.919426,4.6119456,2.5842304,562.81757,72.31781,251.87045,3.46239467548604
O=c1c([N+](=O)[O-])c([N+](=O)[O-])c2cncnc2n1[N+](=O)[O-],1.8648571,7.8000913,28.261944,5.3050427,2.954413,556.5349,89.41687,138.16472,3.3724435167267064
O=c1c2c(N[N+](=O)[O-])ncc([N+](=O)[O-])c2c([N+](=O)[O-])c2[nH]cnn12,1.8258862,7.3539433,24.887474,4.697239,2.6538568,566.36816,94.12616,141.17671,3.757609845410137
O=[N+]([O-])N=Cc1c[nH]n2c3c([N+](=O)[O-])c([N+](=O)[O-])nc-3nnc12,1.8046695,7.6684594,26.768984,5.518589,3.182503,576.1724,491.29642,210.40099,4.152137575171636
O=[N+]([O-])c1cc([N+](=O)[O-])c2c(O)cc([N+](=O)[O-])c([N+](=O)[O-])c2n1,1.8281356,7.5268126,25.925411,5.2335563,2.778239,529.76685,-140.62321,226.83945,3.1558605422046035
O=c1c2c([N+](=O)[O-])ncn2c([N+](=O)[O-])c(C=N[N+](=O)[O-])n1[N+](=O)[O-],1.8788763,8.266885,31.763628,5.7457676,3.3842378,587.3475,136.37802,150.31642,4.147256979814194
O=[N+]([O-])N=Cc1c2cnn([N+](=O)[O-])c2nc2nc3n[nH]nc3c([N+](=O)[O-])c12,1.8181571,7.4451942,25.49805,5.1125135,2.8585029,559.9036,572.0781,153.19336,4.221015807991868
O=c1[nH]cc([N+](=O)[O-])c2c1cnn2[N+](=O)[O-],1.7983454,7.315723,24.30384,4.795765,2.7233841,570.44037,27.353594,127.643555,3.4261513376023576
O=c1ncn([N+](=O)[O-])c2nc3cc([N+](=O)[O-])c([N+](=O)[O-])c([N+](=O)[O-])c3nc12,1.8623362,7.646126,27.166735,5.150872,2.769827,537.76965,114.92331,136.73695,3.581249038761098
O=c1cc2nc([N+](=O)[O-])[nH]c2c([N+](=O)[O-])[nH]1,1.777736,6.9730334,21.752699,4.1107483,2.3069258,566.2,-131.22514,280.29544,3.60201681166318
O=[N+]([O-])c1nc2nccc([N+](=O)[O-])c2nc1[N+](=O)[O-],1.7725197,7.410531,24.713133,5.338311,2.8907125,541.1867,222.0473,218.49011,3.1924860475969146
O=[N+]([O-])c1cc2c3nccnc3c([N+](=O)[O-])c([N+](=O)[O-])n2c1[N+](=O)[O-],1.7766807,7.309498,24.054483,5.3597336,2.810071,523.6167,223.12534,221.16815,3.384784646050351
O=[N+]([O-])c1c[nH]c([N+](=O)[O-])c1O,1.833394,7.7566137,27.495546,4.874573,2.97184,611.01666,-212.89548,318.4161,3.3736035961472917
O=[N+]([O-])N=Cn1nnc2nc3nc4c(c([N+](=O)[O-])c3c([N+](=O)[O-])c21)OCO4,1.8114594,7.408573,25.048187,4.9452543,2.720681,550.9648,173.21494,206.08147,4.176957346453404
O=[N+]([O-])c1cc2c3nnn([N+](=O)[O-])c3ncc2n1[N+](=O)[O-],1.8330692,7.8628464,28.418564,5.749043,3.2652438,567.3762,445.46725,134.69891,3.877469531363343
O=[N+]([O-])c1nc2c(c3nc[nH]c13)c1nn[nH]c1c1nc([N+](=O)[O-])n([N+](=O)[O-])c12,1.7997582,7.1524963,23.451057,4.6594896,2.5534499,549.14496,458.4841,154.18027,4.1785607991005325
O=[N+]([O-])Nn1nnc2c1ncn1c([N+](=O)[O-])c([N+](=O)[O-])nc21,1.8559375,8.181736,30.962732,5.7169466,3.4831393,609.5562,516.7916,141.3565,3.9070064341098343
O=[N+]([O-])c1cc([N+](=O)[O-])n2c(cc3cc([N+](=O)[O-])c([N+](=O)[O-])nc32)n1,1.7752146,7.2512407,23.6278,5.1802187,2.723171,526.8389,160.75827,225.21188,3.5889079525945533
O=[N+]([O-])c1ncc2c([N+](=O)[O-])c[nH]c2c1[N+](=O)[O-],1.8031884,7.456608,25.328325,5.2399797,2.884496,550.2823,80.28322,231.97289,3.2616375413765297
O=[N+]([O-])c1nc2c3cnn([N+](=O)[O-])c3c([N+](=O)[O-])cn2n1,1.8215013,7.7846284,27.733124,5.5715547,3.1839883,571.26843,380.733,124.628006,3.703046859298566
Nc1nc([N+](=O)[O-])c([N+](=O)[O-])c2c1cnn2[N+](=O)[O-],1.8161796,7.8942633,28.42807,5.4935923,3.3164346,604.9601,221.56918,134.55692,3.624742174293748
O=[N+]([O-])c1cc2c([N+](=O)[O-])c([N+](=O)[O-])c3nnnnc3c2o1,1.8442093,7.7520146,27.622154,5.7024035,3.0136166,525.09796,339.4492,224.47495,3.6063233571867563
O=[N+]([O-])c1nc2c(nc([N+](=O)[O-])c3[nH]nnc32)[nH]1,1.8143319,7.4163547,25.11205,4.634976,2.7087002,586.63574,323.18094,277.39056,3.837418195222684
O=c1c2c([N+](=O)[O-])cn([N+](=O)[O-])c2cnn1[N+](=O)[O-],1.8615247,8.098979,30.38929,5.7406006,3.3194027,576.5831,117.17926,142.39134,3.8412350973706717
Nc1c([N+](=O)[O-])c2c([N+](=O)[O-])nn([N+](=O)[O-])c2n2cc([N+](=O)[O-])nc12,1.8641521,8.020491,29.80196,5.4986057,3.2373178,589.24036,250.91388,158.4085,3.93071347393888
O=[N+]([O-])c1ncc([N+](=O)[O-])c2nc3c([N+](=O)[O-])cn([N+](=O)[O-])c3cc12,1.8163884,7.4822865,25.695553,5.405785,2.887096,531.635,221.794,151.11911,3.6443855645348524
O=[N+]([O-])c1cc2cnc([N+](=O)[O-])nc2c([N+](=O)[O-])n1,1.7794892,7.4121766,24.841457,5.2497663,2.8656054,545.4659,184.535,232.60928,3.483752110945332
O=c1c2cc([N+](=O)[O-])c([N+](=O)[O-])c([N+](=O)[O-])c2cnn1[N+](=O)[O-],1.8824475,8.007793,29.883465,5.69431,3.1190522,545.1065,40.546375,164.93384,3.321146696050757
O=[N+]([O-])c1ncnc2c([N+](=O)[O-])onc12,1.8252549,7.909161,28.72051,5.91453,3.2856417,554.11304,271.18094,246.53064,3.456652068147257
[N-]=[N+]=Nc1nc(=O)[nH]c2c1cc([N+](=O)[O-])n2[N+](=O)[O-],1.8155745,7.578698,26.226807,4.8896117,2.868347,588.3991,260.87643,155.9425,4.1301204367371875
O=[N+]([O-])N=Cc1nc2c(nnc3c4c(cc([N+](=O)[O-])n5nnnc45)n(N[N+](=O)[O-])c32)n1[N+](=O)[O-],1.8442807,7.8451276,28.396908,5.5296254,3.20039,578.9843,745.14417,141.82938,4.532463907480301
O=[N+]([O-])c1cc([N+](=O)[O-])c2nc([N+](=O)[O-])c([N+](=O)[O-])cc2n1,1.8156891,7.6809235,26.93105,5.5744367,3.0030358,537.3676,126.4733,222.06186,3.1656416595740247
Nc1nc([N+](=O)[O-])nc2c([N+](=O)[O-])nc3nc[nH]c(=NN[N+](=O)[O-])c3c12,1.7973274,7.263774,24.115389,4.489165,2.6751635,597.2691,284.53003,167.57646,4.157014538217723
O=[N+]([O-])c1cc([N+](=O)[O-])c2c([N+](=O)[O-])c3c([N+](=O)[O-])[nH]nc3cc2n1,1.7859275,7.323754,24.204807,5.2730613,2.7876427,528.4504,187.6033,222.82971,3.500036310803509
O=[N+]([O-])c1nc2cc3nc4c(c([N+](=O)[O-])c3c([N+](=O)[O-])c2nc1[N+](=O)[O-])c1c([N+](=O)[O-])cccc1n4[N+](=O)[O-],1.7925278,7.170771,23.381462,5.1755457,2.6121883,503.73782,226.17136,153.93839,3.9062021276537156
O=[N+]([O-])Nc1cc([N+](=O)[O-])nc2nc([N+](=O)[O-])n([N+](=O)[O-])c12,1.8641319,8.32576,32.083344,5.889575,3.5398526,600.6802,237.34683,135.71588,3.9321718983008145
O=[N+]([O-])NN1CN([N+](=O)[O-])C=C1[N+](=O)[O-],1.8284168,8.859056,35.83476,6.57549,4.5977025,702.0109,177.64484,139.43834,4.478586373241787
NN=c1c2nc([N+](=O)[O-])[nH]c2[nH]c(=O)n1[N+](=O)[O-],1.8979087,7.8699384,29.126295,4.4358406,2.876628,652.15765,39.525486,155.08998,4.205362541376529
O=[N+]([O-])c1c([N+](=O)[O-])c2occn2c1[N+](=O)[O-],1.8149855,7.848059,27.954334,5.807581,3.1982086,549.5601,8.953845,254.77464,3.5174942741482482
O=c1c2cccnc2n([N+](=O)[O-])c(=O)n1[N+](=O)[O-],1.7873516,7.0861797,22.811953,4.4957943,2.4604998,548.91486,-110.99624,122.23282,3.348888502914992
O=[N+]([O-])c1onc2nc([N+](=O)[O-])n3c([N+](=O)[O-])cnc3c12,1.8580041,7.939941,29.138884,5.7113705,3.1412008,548.5909,288.13855,228.458,3.8529399767074732
N=c1c2c([nH]c3c([N+](=O)[O-])c4occc4nc13)C(=O)OC2=O,1.7130603,5.579529,13.728261,2.9124382,1.3020649,453.81015,-450.69824,293.7402,3.6967281491161383
Nc1c([N+](=O)[O-])oc2nc3c(cc([N+](=O)[O-])n4c([N+](=O)[O-])cnc34)c([N+](=O)[O-])c12,1.820694,7.2231174,23.847628,4.843365,2.5383523,524.7519,59.836536,248.70154,3.897124093118858
Nc1c([N+](=O)[O-])c2[nH]c([N+](=O)[O-])nc2c2nonc12,1.8405806,7.5213165,26.014986,5.0046873,2.841159,569.9646,264.89252,301.396,3.649064328139902
O=c1[nH]c([N+](=O)[O-])nc2nc3nn[nH]c3nc12,1.8014692,6.887251,21.67807,3.7621596,2.1706598,578.8281,220.3555,266.10675,3.8516367741482487
O=[N+]([O-])c1cc([N+](=O)[O-])c2cc(O)[nH]c2c1[N+](=O)[O-],1.7990177,7.1574254,23.173584,4.7323346,2.5378103,538.02094,-186.29001,240.94893,3.1425830973706717
Nc1nn([N+](=O)[O-])c(=O)c2cnn([N+](=O)[O-])c12,1.8435527,7.884672,28.628944,5.1247077,3.1651168,619.6901,158.02902,152.82614,3.9218542741482487
Nn1ncc2c(=O)n([N+](=O)[O-])c([N+](=O)[O-])nc21,1.8340259,7.876773,28.51204,5.1316147,3.1876676,623.2398,158.69537,136.10338,3.7283373510713256
O=c1c2nc([N+](=O)[O-])cn2cc([N+](=O)[O-])n1[N+](=O)[O-],1.8360171,7.912546,28.78934,5.422669,3.1330295,577.40576,37.088932,136.26611,3.6515843281399007
O=[N+]([O-])N=Cn1nnc2nc([N+](=O)[O-])n3nc([N+](=O)[O-])c([N+](=O)[O-])c3c21,1.883312,8.41869,32.98632,5.972886,3.5872502,599.45435,577.97565,187.24052,4.273526412540583
O=[N+]([O-])c1nc2c(o1)c([N+](=O)[O-])c([N+](=O)[O-])c1[nH]cnc12,1.8296422,7.4217653,25.250685,4.9529347,2.630664,531.1107,34.61777,234.71133,3.68176264877225
O=[N+]([O-])c1cc2nc3c(cn2n1)c([N+](=O)[O-])c([N+](=O)[O-])c1nn[nH]c13,1.7925092,7.1947203,23.446812,4.9702983,2.6745005,539.03156,413.0485,232.7119,3.7166405338355046
O=c1[nH]nc([N+](=O)[O-])c2c1OCC2[N+](=O)[O-],1.7901088,7.3772736,24.714287,4.72359,2.786668,591.67236,-196.55324,154.84251,4.1203939434054355
O=[N+]([O-])c1ccc2c(c([N+](=O)[O-])nn2[N+](=O)[O-])c1[N+](=O)[O-],1.8405653,8.099399,30.112127,6.1153,3.4435773,560.55005,201.83334,138.5122,3.3995899141384633
O=[N+]([O-])c1cc2[nH]cc([N+](=O)[O-])c2c2c1c([N+](=O)[O-])nn2[N+](=O)[O-],1.821427,7.658669,26.852655,5.5111933,3.0335782,549.773,185.34808,131.24767,3.6522118905284806
O=[N+]([O-])c1ncc2[nH]c([N+](=O)[O-])nc2n1,1.7793323,7.318064,24.20243,4.634242,2.6985343,584.1801,147.449,263.5092,3.534997659141628
O=[N+]([O-])c1cc([N+](=O)[O-])c2c(c1O)OCO2,1.8146374,7.0796046,22.772356,4.3398986,2.3299985,538.30365,-491.59384,283.01462,2.8295656488724816
O=c1nc([N+](=O)[O-])n([N+](=O)[O-])c2nc3cc([N+](=O)[O-])cnc3nc12,1.8165773,7.3210263,24.618029,4.8261976,2.5959413,538.3654,175.15631,114.68431,3.4862784844633916
Nn1cnc2c3nc4c(nc3c([N+](=O)[O-])nc21)n([N+](=O)[O-])c(=O)n4[N+](=O)[O-],1.8624532,7.667147,27.508904,4.876342,2.83001,580.7352,311.40527,152.12381,4.159384971321689
O=[N+]([O-])c1ccc2nnc([N+](=O)[O-])n2c1[N+](=O)[O-],1.7778356,7.75725,27.01513,5.8138933,3.2900252,565.83795,269.41888,222.7714,3.192980810607299
O=C1OC(O)(O)c2c1cc1nc([N+](=O)[O-])oc1c2[N+](=O)[O-],1.8085793,6.779274,20.797182,3.8260226,1.9175123,505.9094,-670.5139,265.58908,3.8607510380145875
N=C1N=C2N(N[N+](=O)[O-])C([N+](=O)[O-])=C([N+](=O)[O-])N2C1=NN[N+](=O)[O-],1.865256,8.6946535,34.885246,6.095596,4.003495,659.6679,397.2272,136.56042,4.827309727066941
O=[N+]([O-])c1nc2c(c3cncnc13)-c1nc3c([N+](=O)[O-])nn([N+](=O)[O-])c3nc1-2,1.7904273,7.030088,22.71589,4.884645,2.5186076,514.5197,533.57886,149.2092,3.986376183715918
O=[N+]([O-])NN=c1cc([N+](=O)[O-])c2[nH]c([N+](=O)[O-])nc2n1[N+](=O)[O-],1.8741915,8.352401,32.263397,5.7356305,3.5390294,618.1963,229.37766,133.15565,4.177957175243696
O=c1c2ncoc2n2nc([N+](=O)[O-])cc2n1[N+](=O)[O-],1.8217996,7.4090223,25.180174,4.7972436,2.6508844,553.775,32.085117,140.54591,4.0082282334653465
O=[N+]([O-])c1c([N+](=O)[O-])c2onnc2c2nonc12,1.8931181,8.260629,31.824177,6.410226,3.4335744,530.9869,442.43625,229.43929,3.6109089644534524
O=[N+]([O-])c1nnc2c([N+](=O)[O-])c[nH]c2n1,1.8096845,7.5987587,26.326069,5.1062427,2.9854805,586.1949,256.57788,268.6383,3.4270922182410652
O=c1c2c([N+](=O)[O-])cc([N+](=O)[O-])c([N+](=O)[O-])c2nc2n([N+](=O)[O-])c([N+](=O)[O-])cn12,1.892996,7.964491,29.656942,5.445883,2.9839969,546.5739,-0.6179632,132.73915,3.746443464031346
O=[N+]([O-])c1nc2c([N+](=O)[O-])nccc2c([N+](=O)[O-])c1[N+](=O)[O-],1.8153211,7.7195587,27.177948,5.7041173,3.072185,536.34106,169.47577,206.02051,3.2814599619612927
O=[N+]([O-])c1cc2coc([N+](=O)[O-])c2n2nnc([N+](=O)[O-])c12,1.8110788,7.5579557,25.928934,5.585617,2.9571726,527.9084,216.83078,246.6353,3.6879812722540315
O=[N+]([O-])N=c1c2c([N+](=O)[O-])cc([N+](=O)[O-])nc2n([N+](=O)[O-])c2nncn12,1.8547258,8.08304,30.180042,5.720197,3.3561406,585.334,444.0676,115.85603,4.023039599353771
O=[N+]([O-])c1cc([N+](=O)[O-])c2[nH]nnc2n1,1.7215142,7.354857,23.819544,5.1846457,3.012803,582.4678,269.12793,265.0104,3.469944375839564
Nc1nc2c([N+](=O)[O-])nc3c([N+](=O)[O-])cn([N+](=O)[O-])c3c2c2c(N[N+](=O)[O-])nnn12,1.8267372,7.717857,27.374384,5.1662703,3.060078,592.9499,413.30814,147.83263,4.202655229319387
O=c1ncc([N+](=O)[O-])c2nnn([N+](=O)[O-])c2c1[N+](=O)[O-],1.863232,8.156743,30.79315,5.782148,3.3244946,573.6342,250.2771,117.4906,3.5967329216613937
O=c1[nH]c(=NN[N+](=O)[O-])c2cnc([N+](=O)[O-])nc2[nH]1,1.8189194,7.300684,24.396826,4.121434,2.5361347,619.6106,7.017092,155.42795,4.019222612163571
O=[N+]([O-])N=CC=C1N2C(=NC1([N+](=O)[O-])[N+](=O)[O-])N([N+](=O)[O-])c1[nH]nnc12,1.8299835,8.253839,31.162106,5.8786483,3.667379,624.58923,454.95175,125.98184,4.8781503685845395
O=[N+]([O-])c1cc2ncc3nnn([N+](=O)[O-])c3c2nc1[N+](=O)[O-],1.7912209,7.5286655,25.792519,5.4882307,3.0203762,549.5354,426.2031,140.44926,3.53322028026368
O=[N+]([O-])c1cc([N+](=O)[O-])c2nc([N+](=O)[O-])cc([N+](=O)[O-])c2n1,1.8141638,7.6710935,26.871475,5.552151,2.9917266,537.11224,119.47595,234.96454,3.1935087044527846
O=[N+]([O-])N=Cc1c[nH]c2c(O)c([N+](=O)[O-])c([N+](=O)[O-])nc12,1.7996628,7.3162274,24.322308,4.7913485,2.6999364,564.3419,-56.605915,202.64784,3.927009829223378
O=[N+]([O-])c1cc2c(c([N+](=O)[O-])c1)Oc1c(nc([N+](=O)[O-])nc1[N+](=O)[O-])N2,1.8211907,7.400419,25.017378,4.9856462,2.658677,533.3994,-37.810284,240.42953,3.484372786166958
O=c1[nH][nH]c(N[N+](=O)[O-])c2nnnc1-2,1.8170933,7.7094054,27.32225,4.840724,3.1413565,651.43225,273.42447,161.66486,3.8836190472305994
Nn1ncc2c1c([N+](=O)[O-])nn1c([N+](=O)[O-])c([N+](=O)[O-])nc21,1.8208157,7.88138,28.34539,5.618277,3.332728,593.85986,454.31503,245.18044,3.7143131876952307
O=[N+]([O-])N=c1[nH]c([N+](=O)[O-])nc2cc([N+](=O)[O-])ncc12,1.8087975,7.5227304,25.779125,5.015892,2.9060605,580.38104,175.47662,179.15356,3.7900260518016937
O=[N+]([O-])c1cc2c([N+](=O)[O-])c3c[nH]nc3c([N+](=O)[O-])c2nc1[N+](=O)[O-],1.827231,7.4616766,25.524319,5.325456,2.8144546,527.08746,208.29721,226.12486,3.62708820517779
O=[N+]([O-])c1ccc2nnn3cnn4c1nc1c(nc([N+](=O)[O-])n1[N+](=O)[O-])c-4=c23,1.7697802,7.1995363,23.515646,5.075656,2.7888594,548.56793,563.82574,164.83415,5.037941160133836
Nc1c([N+](=O)[O-])c([N+](=O)[O-])c(N[N+](=O)[O-])n2nnnc12,1.8959488,8.52974,33.98076,5.860537,3.7707691,644.6975,413.03128,136.26802,3.5525610784103065
O=[N+]([O-])N=Cn1nc([N+](=O)[O-])c2c([N+](=O)[O-])c3cc4c([N+](=O)[O-])c([N+](=O)[O-])n5cnnc5c4nc3cc21,1.7981853,7.2786784,23.9911,5.167431,2.7268498,528.0158,429.4316,204.43575,4.227937386356178
Nc1nc2nnc([N+](=O)[O-])c([N+](=O)[O-])c2[nH]1,1.7964923,7.572953,26.04547,4.828957,2.986473,620.0764,242.8628,235.10254,3.4608923036130896
O=c1c2c(=NC=N[N+](=O)[O-])[nH]n([N+](=O)[O-])c2ncn1[N+](=O)[O-],1.8690252,8.121088,30.61724,5.2889013,3.2850926,622.92413,183.6594,142.92679,4.784576290693929
O=[N+]([O-])c1oc2ccnc([N+](=O)[O-])c2c1[N+](=O)[O-],1.7604288,7.416677,24.555147,5.5360703,2.9066944,523.5642,3.7443264,239.15063,3.2415375413765304
O=c1c2nnn([N+](=O)[O-])c2c([N+](=O)[O-])nc2ccc([N+](=O)[O-])n12,1.7894914,7.5472417,25.778036,5.304502,2.9491117,556.09326,249.96948,122.7486,3.792485926819987
Nc1c([N+](=O)[O-])nc2c(ncn2[N+](=O)[O-])c1[N+](=O)[O-],1.8805823,8.027796,30.168112,5.324595,3.2141054,604.3707,190.3895,137.20638,3.711050789678363
O=c1nc2nc([N+](=O)[O-])[nH]c2c([N+](=O)[O-])c2oc([N+](=O)[O-])cc12,1.8131497,7.2199306,23.666117,4.6477737,2.4125853,520.2098,-120.07752,274.88083,3.6104782345122963
O=[N+]([O-])c1cnc2c(c1)c([N+](=O)[O-])c([N+](=O)[O-])c1c2nnn2c([N+](=O)[O-])c([N+](=O)[O-])nc12,1.8547429,7.6948695,27.365143,5.56311,2.9282515,525.1708,401.68497,220.14574,3.602727932020267
O=[N+]([O-])c1cc2c(nnn2[N+](=O)[O-])c2nc([N+](=O)[O-])n3ncnc3c12,1.825333,7.5225434,26.067558,5.2411823,2.8954124,551.82306,530.13916,141.63919,3.7700224736348362
O=c1c2nc3c([N+](=O)[O-])ccc([N+](=O)[O-])c3nc2nc([N+](=O)[O-])n1[N+](=O)[O-],1.8618026,7.604056,26.936483,5.1249003,2.7417915,532.8523,110.62311,135.78137,3.5036048079918682
Nn1c([N+](=O)[O-])c([N+](=O)[O-])c2c3c(nnn3[N+](=O)[O-])c([N+](=O)[O-])cc21,1.861772,8.121176,30.51709,5.897172,3.4478254,583.8983,381.14853,121.53119,3.8555938935192993
O=c1c2cc3nc4nc([N+](=O)[O-])n([N+](=O)[O-])c4c([N+](=O)[O-])c3nc2ccn1[N+](=O)[O-],1.8094772,7.2710304,24.193214,5.0154138,2.6199467,521.8962,181.07315,136.15506,3.901337280601439
O=c1c2c([N+](=O)[O-])ccc([N+](=O)[O-])c2nc2c3nc4cnn(C=N[N+](=O)[O-])c4c([N+](=O)[O-])c3nc([N+](=O)[O-])n12,1.7975404,7.1355815,23.158167,4.81343,2.508399,521.82574,235.76978,202.77583,4.09784303580217
Nn1ncc2c(=N[N+](=O)[O-])[nH]c([N+](=O)[O-])nc21,1.8108757,7.7665663,27.442244,5.013724,3.2613854,653.56903,308.90292,186.2945,4.129129123646576
O=[N+]([O-])c1cc2c([N+](=O)[O-])cn([N+](=O)[O-])c2nc1[N+](=O)[O-],1.8561531,8.087703,30.259905,5.9251995,3.3469088,562.06647,158.02258,137.07399,3.5593241798727284
O=[N+]([O-])c1cc2c([N+](=O)[O-])c([N+](=O)[O-])c3n[nH]nc3n2c1,1.8139864,7.469516,25.4145,5.29918,2.914602,550.4869,303.91882,235.81525,3.380370745938242
O=[N+]([O-])c1cc2c(c([N+](=O)[O-])c1[N+](=O)[O-])OCO2,1.821697,7.6282206,26.502117,5.3350616,2.889703,540.89044,-267.7007,217.9976,2.78433754137653
C[N+](=O)n1c([N+](=O)[O-])nc2cc([N+](=O)[O-])c3nc4c(nc3c21)c([N+](=O)[O-])nc1nonc14,1.7710598,7.2104015,23.514557,5.1968384,2.7843652,535.087,489.7498,194.57646,4.0769500291092235
O=c1[nH]c([N+](=O)[O-])c(O)c2cnoc12,1.7971003,6.8097086,20.947578,3.9628565,2.1124659,535.93536,-293.548,306.2177,3.675778561400641
Nn1nnc2c(=NN[N+](=O)[O-])[nH]c([N+](=O)[O-])nc21,1.847363,8.24407,31.363071,5.346585,3.659694,687.67755,461.29684,158.31073,4.400970842004474
O=c1[nH]c2nc3c([N+](=O)[O-])cc([N+](=O)[O-])cc3c([N+](=O)[O-])c2c(=O)n1[N+](=O)[O-],1.859934,7.369253,25.216755,4.6229033,2.4510615,530.90027,-214.41757,174.32903,3.4628952785503966
Nc1nn2c(=O)cc([N+](=O)[O-])[nH]c2c1[N+](=O)[O-],1.8046926,7.1991343,23.370285,4.1914034,2.4984028,600.4559,-64.688934,309.08246,3.543180427994402
O=c1[nH]c2c(c([N+](=O)[O-])nn2[N+](=O)[O-])c2cc[nH]c12,1.776704,6.8222017,21.05837,4.2209487,2.3135216,552.1767,10.3344755,163.27065,3.6411054524002573
Nn1c(=O)c([N+](=O)[O-])c([N+](=O)[O-])n2cc([N+](=O)[O-])nc12,1.8779776,8.042938,30.023037,5.2669744,3.1633346,602.1655,44.12842,228.32407,3.5892578072257564
O=c1nc([N+](=O)[O-])[nH]c2c1nn1c(=O)nc3[nH][nH]cc3c21,1.7686619,6.3321695,18.126091,3.350539,1.8211899,547.0204,28.60309,272.92932,4.053947922909353
O=c1[nH]c2nc([N+](=O)[O-])[nH]c(=O)c2[nH]1,1.827161,6.5377336,19.668863,2.7819574,1.6316676,592.43036,-328.0935,277.32224,3.254210545206308
N=c1c2ncc([N+](=O)[O-])nc2nc([N+](=O)[O-])n1N[N+](=O)[O-],1.837287,7.9284635,28.994448,5.2685504,3.2307432,614.77765,298.4609,131.52168,3.9715746643882133
O=c1[nH]c([N+](=O)[O-])c2c([N+](=O)[O-])ccnc2c1[N+](=O)[O-],1.8233854,7.2530437,24.02322,4.720008,2.51148,534.03326,-93.1498,236.67252,3.2126876386425263
O=[N+]([O-])c1nc2c3c([N+](=O)[O-])ccc([N+](=O)[O-])c3nc([N+](=O)[O-])n2n1,1.8388333,7.6505885,26.911194,5.3611665,2.903254,541.0594,260.84003,230.86455,3.3324937160847945
Nc1c([N+](=O)[O-])cc([N+](=O)[O-])c2oc([N+](=O)[O-])nc12,1.8361406,7.5626397,26.179432,4.9924283,2.7797067,557.7035,-90.99467,278.83224,3.474306481986055
O=[N+]([O-])c1cc2c([N+](=O)[O-])c3nc4c([N+](=O)[O-])ccc([N+](=O)[O-])c4nc3c([N+](=O)[O-])n2n1,1.8314253,7.423978,25.329994,5.3033576,2.7339046,514.52625,260.7928,236.12065,3.6254581645784043
Nc1cc([N+](=O)[O-])c2c([N+](=O)[O-])n[nH]c(=O)c2n1,1.7655449,6.932728,21.559393,4.217908,2.4139915,576.04956,-6.108274,229.08463,3.172776964453453
O=c1[nH]c2nc3c([N+](=O)[O-])c[nH]c3c([N+](=O)[O-])c2[nH]1,1.8131956,6.658342,20.21595,3.5509884,1.9422646,551.6477,-146.20268,303.77188,3.4160681742937484
O=c1[nH]cnc2c([N+](=O)[O-])c3c(O)nn([N+](=O)[O-])c3cc12,1.7896769,6.7831454,20.95844,4.0593624,2.1756072,539.2192,-129.77393,156.29124,3.648012041484801
O=[N+]([O-])c1cc([N+](=O)[O-])c2c(n1)nc([N+](=O)[O-])c1cc([N+](=O)[O-])oc12,1.8165195,7.3865824,24.90394,5.210698,2.6581094,509.25076,10.140811,229.73924,3.5335543360618313
Nc1nc([N+](=O)[O-])c2ncn([N+](=O)[O-])c(=O)c2n1,1.8153043,7.3867626,25.105944,4.4446206,2.655272,599.2354,57.02927,160.07384,3.628347156761146
O=[N+]([O-])c1cc2c(nn1)nnn2[N+](=O)[O-],1.8192217,8.247077,31.105677,6.24242,3.7872705,605.66925,519.9595,118.193924,3.929319235126619
O=[N+]([O-])c1cc([N+](=O)[O-])c2[nH]cc([N+](=O)[O-])c2n1,1.8021898,7.3758554,24.73102,5.03894,2.7657087,549.22076,36.920765,274.47223,3.2031346567611454
O=c1[nH][nH]c2nc3c([N+](=O)[O-])c([N+](=O)[O-])cc([N+](=O)[O-])c3nc12,1.8420795,7.3339033,24.795414,4.73426,2.5493069,540.14886,68.02701,228.28539,3.3901457283088217
O=[N+]([O-])c1cn2c([N+](=O)[O-])cnc2c([N+](=O)[O-])n1,1.8140177,7.796316,27.732769,5.5641837,3.1630213,568.37634,201.142,244.47449,3.4080981182996064
Nc1c([N+](=O)[O-])n2c([N+](=O)[O-])cnnc2nc1=O,1.8104388,7.4221625,25.045832,4.6419306,2.7364883,591.85846,122.19147,239.37697,3.539538502914991
O=[N+]([O-])c1cc([N+](=O)[O-])c2nc3nnn([N+](=O)[O-])c3cc2c1[N+](=O)[O-],1.8405069,7.800096,28.039597,5.7303605,3.1254363,542.6433,352.80905,132.98347,3.5516638653385257
Nc1c([N+](=O)[O-])nc2nc([N+](=O)[O-])[nH]c2c1N,1.795968,7.1092405,23.006426,4.01857,2.5201385,630.18616,56.926624,284.40442,3.6188019664559405
O=c1nc([N+](=O)[O-])[nH]c2occ(O)c12,1.775089,6.431114,18.568317,3.2696023,1.749434,540.1972,-438.90134,277.43185,3.6903425290119767
O=c1nc([N+](=O)[O-])[nH]c2nc3c([N+](=O)[O-])ccc([N+](=O)[O-])c3c([N+](=O)[O-])c12,1.8275524,7.2126727,23.867792,4.691718,2.4404418,521.27826,-62.709843,221.62096,3.3673971156841755
O=[N+]([O-])c1ncn2cnc([N+](=O)[O-])c2c1[N+](=O)[O-],1.8074676,7.7749877,27.539734,5.565787,3.177001,570.76556,209.31326,224.94768,3.3757961952226854
Nn1cc([N+](=O)[O-])c2c3nnn([N+](=O)[O-])c3c([N+](=O)[O-])nc21,1.8392093,7.926559,28.941418,5.5784965,3.3249679,596.2292,433.02524,123.60486,3.981464165530955
O=c1[nH]c2nc3c(O)[nH]nc3c([N+](=O)[O-])c2[nH]1,1.8147534,6.4365,18.98833,3.005152,1.6996853,571.2454,-195.10677,296.29935,3.6177091350320456
Nc1nc2cnc([N+](=O)[O-])c([N+](=O)[O-])n2c1[N+](=O)[O-],1.8125179,7.7976546,27.665747,5.2783313,3.1571898,599.6948,182.61346,228.01204,3.5552926358322097
Nc1nc2cc3c(nc([N+](=O)[O-])n3[N+](=O)[O-])nc2c(=O)n1[N+](=O)[O-],1.8430308,7.573675,26.463455,4.76782,2.7531154,578.8723,128.11234,147.65768,3.9604380924515565
O=c1[nH]c(=O)c2c(cnn2[N+](=O)[O-])[nH]1,1.8048348,6.8304043,21.262453,3.4885623,2.063714,595.8395,-192.22723,164.15424,3.3879716788095466
O=[N+]([O-])N=Cn1nnc2c1c1cc3nc([N+](=O)[O-])n([N+](=O)[O-])c3nc1n2[N+](=O)[O-],1.8430021,7.973396,29.262339,5.6477985,3.2739007,579.0054,546.88104,138.45454,4.512270958522199
O=[N+]([O-])c1cc2c([N+](=O)[O-])c3c(nc([N+](=O)[O-])c4nc([N+](=O)[O-])cnc43)nc2cn1,1.7814677,6.962172,21.984676,4.8091764,2.4252868,504.21555,304.48364,229.77797,3.718867841368585
O=[N+]([O-])C1=CN=c2c3c(cc([N+](=O)[O-])n3[N+](=O)[O-])c(c3nncn23)=N1,1.7581456,7.242986,23.669363,5.281728,2.9091747,549.5698,451.96512,155.01773,5.077090699233299
O=c1c2c(cc([N+](=O)[O-])n3ncc([N+](=O)[O-])c23)nnn1[N+](=O)[O-],1.8389287,7.7278223,27.545786,5.400761,3.0070794,556.10815,276.5095,147.81839,3.7768219069688707
O=c1c2c3ncc([N+](=O)[O-])cc3n([N+](=O)[O-])c2nnn1[N+](=O)[O-],1.8410991,7.6870694,27.331295,5.3248878,2.950772,554.2458,259.00485,129.58907,3.7261248846363646
O=[N+]([O-])c1ccc2c([N+](=O)[O-])[nH]nc2c1[N+](=O)[O-],1.8019657,7.499908,25.556055,5.4175572,2.968438,548.00433,125.56854,233.83217,3.159499079838069
O=[N+]([O-])c1ncc2c([N+](=O)[O-])n[nH]c2n1,1.7963305,7.510479,25.587742,4.9596043,2.9065783,588.0727,216.0852,263.0312,3.4375241131753995
Nc1nnn2c([N+](=O)[O-])nc3[nH]cc([N+](=O)[O-])c3c12,1.7757826,7.1130576,22.811365,4.489998,2.6507,592.585,290.67853,263.489,3.638165807429843
O=[N+]([O-])c1cnc2c(n1)c([N+](=O)[O-])c([N+](=O)[O-])c1ncnn12,1.8215548,7.5000267,25.773275,5.1995335,2.8334763,545.7915,371.7159,230.95906,3.341993357186756
Nc1nc([N+](=O)[O-])nc2c1cnn2[N+](=O)[O-],1.7932386,7.590893,26.199036,4.9249578,3.0651197,625.3452,243.05057,140.14137,3.5470314807150576
O=c1c2[nH]c3[nH]c(O)cc3c2ncn1[N+](=O)[O-],1.7376924,6.1004505,16.757193,3.198517,1.7464589,548.9078,-185.74396,176.2331,3.8238489058994762
O=[N+]([O-])c1nc2c3c(cnn3[N+](=O)[O-])nnn2c1[N+](=O)[O-],1.865563,8.291615,31.929142,6.1268797,3.6075108,586.86096,576.7928,147.08835,3.8123610293390513
O=[N+]([O-])N=c1[nH]c([N+](=O)[O-])nc2ccn([N+](=O)[O-])c12,1.8073469,7.842234,27.89508,5.508075,3.2994,600.33826,233.70575,143.9959,4.165238083796011
O=c1[nH]ncc2c1nc([N+](=O)[O-])n1nnnc21,1.7927808,7.1396937,23.156578,4.530628,2.5867343,573.5075,393.689,262.81116,3.36195600491748
N=c1c2cc([N+](=O)[O-])c3nc4cc5nn[nH]c5nc4c([N+](=O)[O-])c3c2nc([N+](=O)[O-])n1[N+](=O)[O-],1.7880641,7.0892143,22.91449,4.756586,2.5524285,537.2493,413.5496,144.95465,4.117387544035919
O=[N+]([O-])c1nc2c(nc([N+](=O)[O-])n3ncnc23)o1,1.8280271,7.5402017,26.076738,4.972247,2.7589464,555.80963,249.71497,242.70534,3.781244349068838
O=[N+]([O-])Nc1nnc2cc([N+](=O)[O-])c3[nH]cc([N+](=O)[O-])c3n12,1.7945652,7.4569354,25.287405,5.0702806,2.9478621,582.5238,278.2916,140.43295,3.580098741802141
O=[N+]([O-])c1nc([N+](=O)[O-])c2nc[nH]c2n1,1.7854433,7.3689637,24.573168,4.701727,2.748487,587.5201,157.8537,244.28326,3.4655440006050418
O=[N+]([O-])c1noc2nc3ccn([N+](=O)[O-])c3c([N+](=O)[O-])c12,1.7880751,7.5878563,25.98737,5.74692,3.0859094,534.42365,251.4878,125.62778,3.711626616383585
O=[N+]([O-])Nn1c([N+](=O)[O-])nc2nc3c(cc21)nc([N+](=O)[O-])n3[N+](=O)[O-],1.861608,8.204559,31.109465,5.745754,3.4118066,594.6559,371.03708,127.63527,4.141603015740362
Nc1c2ncn([N+](=O)[O-])c(=O)c2cc2c([N+](=O)[O-])c([N+](=O)[O-])oc12,1.8128576,7.1701393,23.568686,4.668124,2.5018215,535.92426,-122.979454,167.23396,3.783899630913096
O=[N+]([O-])c1c2ncnc-2cnn1[N+](=O)[O-],1.7611793,7.572557,25.799128,5.4735465,3.210519,587.2729,319.25934,134.984,3.5081732688977247
O=[N+]([O-])c1ncc([N+](=O)[O-])n2ncnc12,1.7920103,7.598239,26.210997,5.3348103,3.0962572,581.7292,308.7116,251.98643,3.2405304921622653
O=c1[nH]c([N+](=O)[O-])nc2n[nH]nc12,1.8214478,7.2690496,24.208473,4.040195,2.4618287,612.77783,79.60065,270.46237,3.507028211547288
O=[N+]([O-])c1cn2cnc([N+](=O)[O-])c2nc1[N+](=O)[O-],1.8208886,7.7946153,27.787735,5.490698,3.1336846,570.7106,192.55753,230.79079,3.4068548490688375
O=[N+]([O-])c1cnc2cc([N+](=O)[O-])c3nnc([N+](=O)[O-])n3c2n1,1.8108895,7.474028,25.484438,5.222104,2.8479204,545.6085,367.37894,245.22047,3.448904126417526
O=[N+]([O-])c1cn([N+](=O)[O-])c([N+](=O)[O-])c2ncnc1-2,1.83057,7.904209,28.725634,5.6842265,3.27076,574.32916,223.51184,139.61987,3.5116356182996062
Nc1cc2nc([N+](=O)[O-])oc2c([N+](=O)[O-])c1[N+](=O)[O-],1.812096,7.5448246,25.829342,5.122205,2.8421493,555.9252,-66.609436,234.16675,3.514656943524516
O=[N+]([O-])c1nnc2nnn3c2c1NN=N3,1.8249055,8.034441,29.68444,5.7659326,3.598796,623.95374,756.467,283.51523,4.3312690758701065
Nc1cnc([N+](=O)[O-])c2c1nc([N+](=O)[O-])n1nnnc21,1.7835639,7.3082457,24.13637,4.873451,2.8471181,585.7047,467.92697,243.3776,3.5855820890977306
O=C1N=c2nc([N+](=O)[O-])[nH]c2=N1,1.8300844,7.15015,23.48209,3.8010957,2.2323763,589.8735,-18.25694,273.58212,4.14615834462462
N=c1[nH]c([N+](=O)[O-])nc2c1ncn2[N+](=O)[O-],1.8326952,7.6334414,26.890537,4.717492,2.9332693,625.4393,187.06497,142.70238,4.14711734833581
O=c1c2nc([N+](=O)[O-])cc([N+](=O)[O-])c2[nH]c2nc([N+](=O)[O-])cn12,1.8158249,7.1163907,23.06597,4.381583,2.3563519,540.569,-38.32159,267.33588,3.5390968449341313
NN=c1[nH]c([N+](=O)[O-])nc2c([N+](=O)[O-])ncnc12,1.7822692,7.356381,24.522282,4.674708,2.8707023,616.61865,291.88422,249.40608,3.8976518467140497
Nc1nc([N+](=O)[O-])cc2nnc3c(c([N+](=O)[O-])nn3[N+](=O)[O-])c12,1.8212376,7.6478047,26.901512,5.288645,3.0597656,579.26733,405.6318,141.51161,3.8250266216090694
O=[N+]([O-])c1cc([N+](=O)[O-])c2c([N+](=O)[O-])c([N+](=O)[O-])cn2n1,1.8308725,8.027722,29.484997,6.03248,3.3782234,558.08093,181.11218,243.05435,3.308983200851749
O=[N+]([O-])c1cc([N+](=O)[O-])c2ncnc([N+](=O)[O-])c2n1,1.7912896,7.470341,25.343199,5.30528,2.8942068,545.24335,200.10464,235.1235,3.2144118394521186
O=[N+]([O-])c1cc([N+](=O)[O-])c2c([N+](=O)[O-])c3nonc3nc2n1,1.8398803,7.757081,27.681963,5.761757,3.050285,527.2313,377.4194,220.60767,3.418984895648295
O=[N+]([O-])c1nc2cc3c([N+](=O)[O-])[nH]nc3c([N+](=O)[O-])c2[nH]1,1.8212416,7.3599777,24.705301,4.872964,2.6872582,553.0438,170.52814,281.6769,3.7440970617277154
O=c1c2nc3c(=O)n([N+](=O)[O-])c([N+](=O)[O-])cc3n2c(N[N+](=O)[O-])nn1C=N[N+](=O)[O-],1.8627217,7.954712,29.275723,5.1914735,3.0575824,590.6233,124.34079,134.38506,4.436844994276653
O=[N+]([O-])c1cc2c([N+](=O)[O-])cnc([N+](=O)[O-])n2n1,1.8062586,7.8129253,27.741108,5.7294383,3.2506278,567.273,241.10773,245.06523,3.381660618299607
N=c1c2c(nc([N+](=O)[O-])n1[N+](=O)[O-])c1c([N+](=O)[O-])c([N+](=O)[O-])ccc1n2[N+](=O)[O-],1.8644679,7.933786,29.191965,5.6126633,3.1526036,559.93866,194.21701,135.86482,3.942661682654828
O=[N+]([O-])c1cnc2nc3c(nc2n1)c([N+](=O)[O-])cc1c([N+](=O)[O-])cc([N+](=O)[O-])nc13,1.8016691,6.972982,22.217953,4.750935,2.3806963,500.31375,292.82272,242.58936,3.522657710036502
O=[N+]([O-])c1ccc2c([N+](=O)[O-])c([N+](=O)[O-])c3nonc3c2n1,1.809932,7.456311,25.309284,5.69778,2.9067223,507.63324,324.98544,227.09859,3.2004395110329096
O=[N+]([O-])c1cc2nc([N+](=O)[O-])c3[nH]cnc3c2c([N+](=O)[O-])c1[N+](=O)[O-],1.8133984,7.331889,24.555063,5.0611835,2.6727717,528.26526,121.70676,218.10832,3.3365132338804315
Nc1nn([N+](=O)[O-])c2nc([N+](=O)[O-])n3cc([N+](=O)[O-])nc3c12,1.8362092,7.7532525,27.713066,5.0951414,3.0560718,601.6003,298.0231,145.20222,3.921348389781281
Nc1nc2nc([N+](=O)[O-])n(N[N+](=O)[O-])c2c(=O)[nH]1,1.8114501,7.5322223,25.860365,4.3164043,2.7800682,649.0445,5.421679,141.63094,3.6956481182996077
Nc1c2c(=O)[nH]c(=O)n([N+](=O)[O-])c2nc2c([N+](=O)[O-])nc3nc4cccc([N+](=O)[O-])c4c([N+](=O)[O-])c3c12,1.7751704,6.587146,19.656706,3.9900763,2.0373492,514.0771,-83.8958,174.3621,3.813741867696619
O=[N+]([O-])c1[nH]nc2nc([N+](=O)[O-])n3nncc3c12,1.8101026,7.561793,26.037909,5.2107606,3.0129435,579.5362,464.38235,246.77823,3.8308689644534537
O=[N+]([O-])c1ncc2c([N+](=O)[O-])cn([N+](=O)[O-])c2c1[N+](=O)[O-],1.837539,8.075987,29.987192,6.0577903,3.4296575,562.8314,195.88504,129.91672,3.6043720120405602
Nc1nnc2c3c(=O)cc([N+](=O)[O-])[nH]c3nc([N+](=O)[O-])n12,1.7737489,6.858134,21.122547,4.0094194,2.2879362,574.35144,91.5542,258.97968,3.645208802618404
Nn1cc([N+](=O)[O-])c2c1nc([N+](=O)[O-])n1c([N+](=O)[O-])cc([N+](=O)[O-])c21,1.8194342,7.6671414,26.835176,5.3857164,3.075692,571.5337,194.03821,235.7963,3.773020466945874
Nc1nc2ncc([N+](=O)[O-])c([N+](=O)[O-])n2c1[N+](=O)[O-],1.8218409,7.780536,27.644554,5.1757736,3.0926867,599.2685,155.94745,229.28195,3.4522938666014404
O=[N+]([O-])c1ccc([N+](=O)[O-])c2nc3c(nc12)c([N+](=O)[O-])c([N+](=O)[O-])n3[N+](=O)[O-],1.8706222,7.947218,29.404099,5.7507186,3.1199532,539.5661,228.67993,142.16455,3.5367177317728498
O=[N+]([O-])c1c([N+](=O)[O-])n2nnnc2c2n[nH]cc12,1.833229,7.7420363,27.499207,5.473091,3.162026,579.3701,520.09424,237.81194,3.6784172721457598
O=[N+]([O-])c1cn2nnnc2c2c1cnn2[N+](=O)[O-],1.8122247,7.7370386,27.368052,5.6724634,3.2968395,580.82086,560.83496,137.31157,3.7193741952226844
O=[N+]([O-])c1cc2[nH]c(O)nc2c([N+](=O)[O-])c1[N+](=O)[O-],1.841142,7.5017467,25.81231,4.7887692,2.6625202,558.1135,-142.42072,222.16953,3.1889344819860552
O=[N+]([O-])c1cc2c([N+](=O)[O-])c([N+](=O)[O-])ncc2o1,1.7904718,7.514658,25.517012,5.5415487,2.916173,524.08264,-3.5142186,225.43939,3.3379990798380685
O=c1ncnc2[nH][nH]c([N+](=O)[O-])c1-2,1.7414601,6.6930633,19.970434,3.8497999,2.2467363,587.35834,15.377963,284.37976,3.59673590385498
O=[N+]([O-])N=CN=c1c2nc3[nH]c([N+](=O)[O-])nc3n2cc([N+](=O)[O-])n1[N+](=O)[O-],1.8585163,7.993273,29.581858,5.2958865,3.1848567,602.0521,329.1476,135.69124,4.626906994503985
O=c1nc([N+](=O)[O-])cc2c(N[N+](=O)[O-])c[nH]n12,1.7937403,7.3093514,24.318726,4.5916004,2.7463958,600.5071,14.052524,149.4044,3.756204040034536
NN=c1[nH]c([N+](=O)[O-])nc2c1nc(N)n2[N+](=O)[O-],1.8388523,7.7477374,27.743538,4.5642743,3.0702841,676.5355,251.9657,175.14856,4.2659740798380685
O=[N+]([O-])c1ncc2c(cc([N+](=O)[O-])n3nnc([N+](=O)[O-])c23)n1,1.8122157,7.479117,25.511488,5.261254,2.8766093,546.64624,374.53842,252.06343,3.6664064341098346
O=c1[nH]c(=O)n([N+](=O)[O-])c2nc3c([N+](=O)[O-])nc4nc5c([N+](=O)[O-])cccc5c([N+](=O)[O-])c4c3cc12,1.7865691,6.598345,19.85648,4.106909,2.0262265,495.53873,-62.891926,160.36627,3.6923064030268815
N=c1nc([N+](=O)[O-])[nH]c2c1cnn2[N+](=O)[O-],1.7987586,7.58473,26.202503,4.8955026,3.0389326,623.3991,224.18674,157.91972,4.135995344757992
O=[N+]([O-])c1c[nH]c(O)c1[N+](=O)[O-],1.8375628,7.7644067,27.583723,4.859762,2.9693341,613.2459,-204.88176,273.32663,3.167103844286249
O=c1[nH]c2[nH]c([N+](=O)[O-])nc(=O)c2[nH]1,1.8289672,6.59591,20.012836,2.8726642,1.6879711,593.35864,-311.9962,278.54028,3.4603141889310045
O=c1nc([N+](=O)[O-])[nH]c2ncn([N+](=O)[O-])c12,1.8459073,7.6293826,26.901342,4.6345186,2.7580025,597.1987,13.177081,144.80095,3.814748475348331
O=[N+]([O-])c1cnc2c(n1)c([N+](=O)[O-])cn1c([N+](=O)[O-])c([N+](=O)[O-])nc21,1.8445616,7.6698155,27.125645,5.370566,2.903771,539.5402,257.99146,246.25592,3.6283777574165965
O=[N+]([O-])c1nc2c([N+](=O)[O-])c3[nH]nnc3c([N+](=O)[O-])c2[nH]1,1.8776729,7.8300834,28.504488,5.1235356,2.9383152,574.63007,273.57593,278.91895,3.815703539460509
O=[N+]([O-])N=Cc1cc2nc([N+](=O)[O-])nn2n1[N+](=O)[O-],1.8055261,8.249501,30.862759,6.1337886,3.7904446,618.95764,415.01736,128.13539,4.417067043072029
O=[N+]([O-])C1=[N+]([O-])c2nc3cc([N+](=O)[O-])c([N+](=O)[O-])cc3nc2C1=[N+]([O-])[O-],1.8560919,7.7556243,27.7972,5.6644144,2.972309,522.84515,239.20801,226.92307,3.8383291550155008
O=[N+]([O-])c1cn2c([N+](=O)[O-])c([N+](=O)[O-])c3cn[nH]c3c2n1,1.8011678,7.3783064,24.718744,5.1174483,2.817812,550.9958,241.12949,235.30962,3.5805545516062587
NC1=C(N)C(N[N+](=O)[O-])=C(N)N(N[N+](=O)[O-])N1,1.7916903,7.827728,27.899853,4.573389,3.5311787,777.35626,108.43768,177.03305,4.364505393029368
Nc1c([N+](=O)[O-])c([N+](=O)[O-])cc2nc([N+](=O)[O-])c([N+](=O)[O-])nc12,1.8454591,7.7888184,27.948296,5.350902,3.0249717,565.99426,104.70566,224.30246,3.3858474652815262
O=[N+]([O-])c1nc2c([N+](=O)[O-])c3nn[nH]c3c([N+](=O)[O-])c2[nH]1,1.8692367,7.8170056,28.341042,5.176159,2.9610991,573.33997,289.23285,252.06592,3.794484915978728
O=[N+]([O-])c1nc2c3[nH]cc([N+](=O)[O-])c3ncn2c1[N+](=O)[O-],1.8298635,7.387399,25.070496,4.919908,2.7092676,551.2778,191.2525,259.99878,3.5495415961406707
O=[N+]([O-])c1cc2c(nnn3c([N+](=O)[O-])cnc23)n1[N+](=O)[O-],1.8239137,7.858973,28.342106,5.7952228,3.3078673,569.6601,457.95444,130.79324,3.7310476690151653
O=[N+]([O-])N=Cn1nc([N+](=O)[O-])c2c3ccc([N+](=O)[O-])nc3c([N+](=O)[O-])c([N+](=O)[O-])c21,1.8062028,7.640227,26.535643,5.5684724,3.0343044,544.4754,268.0416,189.30304,4.019090955815114
O=[N+]([O-])c1cc2c(o1)c([N+](=O)[O-])cc1nc3c(nnn3[N+](=O)[O-])c([N+](=O)[O-])c12,1.8245391,7.5211067,25.972746,5.4477262,2.835297,518.2776,243.13522,139.99641,3.7508927673347268
O=[N+]([O-])c1cc2c([N+](=O)[O-])occ2nc1[N+](=O)[O-],1.8048338,7.555426,25.918798,5.570655,2.9273167,523.4022,14.29613,225.39073,3.4784048490688386
O=[N+]([O-])c1ncc2c(cc([N+](=O)[O-])n2[N+](=O)[O-])n1,1.8104213,7.828693,28.013138,5.6864862,3.2586055,571.9819,230.18546,130.21555,3.694433695222683
O=c1nnc2cc([N+](=O)[O-])c3nc([N+](=O)[O-])oc3c2n1[N+](=O)[O-],1.8714571,7.810554,28.377104,5.290407,2.8773646,542.9897,106.354034,126.61417,3.919155902006091
O=[N+]([O-])N=c1[nH]c([N+](=O)[O-])nc2ncn3nnnc3c12,1.8544337,7.745901,27.73873,4.9706445,3.0157344,608.1995,521.9679,179.5312,3.9985778833035255
Nc1nc(=O)c2c([N+](=O)[O-])c3cnn([N+](=O)[O-])c3nc2o1,1.8016168,7.0757093,22.833332,4.2376432,2.3644905,561.06885,-42.80131,157.33813,3.788749693306663
O=c1c2cc([N+](=O)[O-])[nH]c2ncn1[N+](=O)[O-],1.7965367,7.2133956,23.705128,4.51605,2.5708747,571.6281,-38.749996,154.80214,3.756227545115774
[N-]N=c1c2nc([N+](=O)[O-])ncc2[nH]c(=O)n1N[N+](=O)[O-],1.8278493,7.6638026,26.955627,4.768678,2.9341464,618.4782,193.46198,146.11978,4.24253630821195
O=c1[nH]c([N+](=O)[O-])nc2ncn([N+](=O)[O-])c12,1.8468357,7.619498,26.860794,4.6258006,2.7433755,595.49915,9.013675,141.55426,3.776558851019173
O=[N+]([O-])c1ccnc2c([N+](=O)[O-])n3nnnc3c([N+](=O)[O-])c12,1.8113811,7.589874,26.206795,5.5726027,3.0339231,543.54675,462.1141,229.88928,3.3015187418021403
O=[N+]([O-])c1cc2n[nH]c([N+](=O)[O-])c2cn1,1.7378964,7.0453277,22.050488,4.8694153,2.7254508,561.8092,165.96127,277.26694,3.351319985595662
Nc1c([N+](=O)[O-])c([N+](=O)[O-])cc2nnc([N+](=O)[O-])nc12,1.831447,7.668736,27.015718,5.2412605,3.0141177,576.3426,239.1424,235.13634,3.3821462743464448
O=[N+]([O-])c1nn([N+](=O)[O-])c2nc[nH]c12,1.8261172,8.029337,29.535105,5.489729,3.4120228,622.94385,255.81976,133.89156,3.7450239055301946
O=[N+]([O-])c1cn2c(n1)oc1nc([N+](=O)[O-])c([N+](=O)[O-])cc12,1.8161255,7.3975587,24.96122,5.019187,2.669517,531.6641,50.723682,228.93715,3.6612411912823717
O=c1[nH][nH]c2cc([N+](=O)[O-])nc([N+](=O)[O-])c12,1.7886584,7.20977,23.509758,4.5840263,2.6009488,570.4405,-32.68594,245.67847,3.403855809874271
O=c1c2cnc([N+](=O)[O-])n1-c1nc3c(nc1N=C2[N+](=O)[O-])c1c([N+](=O)[O-])c[nH]c1n3N[N+](=O)[O-],1.83067,7.3284216,24.813953,4.733343,2.5968473,550.2874,256.88162,169.12793,4.981080497220962
O=[N+]([O-])c1ncc2c([N+](=O)[O-])c([N+](=O)[O-])cn2n1,1.824561,7.8845143,28.45963,5.7404127,3.2749305,570.00397,247.62405,255.51125,3.3770077336842235
O=[N+]([O-])Nn1c([N+](=O)[O-])nc2c1cc([N+](=O)[O-])n1cc([N+](=O)[O-])nc21,1.8281687,7.879178,28.484514,5.5363474,3.222196,582.416,271.34158,130.04062,4.029019318840247
Nc1c([N+](=O)[O-])nn2c1nnc1[nH]c([N+](=O)[O-])nc12,1.8546249,7.683092,27.315552,4.7761126,2.9329302,615.28625,412.53116,292.59723,3.7835317837612035
O=[N+]([O-])c1nc2nc3c(cc([N+](=O)[O-])c4nnnn43)nc2o1,1.8341702,7.356866,24.823942,4.880687,2.6073625,534.1906,442.51334,271.11917,3.808592587955987
O=[N+]([O-])c1nc2[nH]cnc2c([N+](=O)[O-])c1[N+](=O)[O-],1.8211235,7.734329,27.324677,5.278813,3.0110037,571.87195,137.74246,216.1577,3.3454038875303764
O=[N+]([O-])c1nc2c([N+](=O)[O-])c3c(cnn3[N+](=O)[O-])c([N+](=O)[O-])c2[nH]1,1.8771937,8.011888,29.899862,5.590655,3.1649945,564.6364,241.60538,132.30191,3.8761301597592492
Nc1nc2nc3c(=O)n(N)nnc3c([N+](=O)[O-])n2c1[N+](=O)[O-],1.8217366,7.490183,25.698456,4.5856457,2.7978883,612.8439,281.6331,243.21867,3.90517655145012
O=[N+]([O-])N=CN=c1c2c([N+](=O)[O-])c3c(nc([N+](=O)[O-])n3[N+](=O)[O-])nc2cc([N+](=O)[O-])c2nncn12,1.814847,7.7282434,27.239016,5.4573255,3.0916185,566.4079,489.79874,134.90945,4.4254447510484365
O=c1c2cc([N+](=O)[O-])c3oc([N+](=O)[O-])nc3c2nnn1[N+](=O)[O-],1.8739665,7.7782903,28.20624,5.2699013,2.8400502,536.1616,97.45035,140.28137,3.85080726677036
O=c1n(N[N+](=O)[O-])c2c([N+](=O)[O-])c3cc[nH]c3nc2n1[N+](=O)[O-],1.8045279,7.4468255,25.271067,4.8751473,2.8076649,578.7583,76.58499,144.86678,3.9277583833956697
N=c1c2nc([N+](=O)[O-])ncc2[nH]c(=O)n1N[N+](=O)[O-],1.804391,7.345004,24.641285,4.329517,2.6613128,617.8628,57.09789,148.2908,3.894133106420446
O=[N+]([O-])Nn1c([N+](=O)[O-])nc2c([N+](=O)[O-])c3cc([N+](=O)[O-])n([N+](=O)[O-])c3nc21,1.8970212,8.395216,32.85609,5.9449515,3.487628,586.2658,296.94275,132.65831,4.141267004122122
O=[N+]([O-])c1cc2n(n1)c([N+](=O)[O-])nc1c3c([N+](=O)[O-])ccc([N+](=O)[O-])c3nn12,1.8123584,7.370916,24.763882,5.20921,2.7656496,531.1342,345.3334,240.9923,3.6069638199663068
O=[N+]([O-])c1ccc2c(c([N+](=O)[O-])nc3nnc([N+](=O)[O-])n32)c1[N+](=O)[O-],1.8213108,7.6688485,26.847002,5.508198,3.001321,543.831,303.209,208.97073,3.4281210409986844
O=[N+]([O-])c1cnc2c(cnn2[N+](=O)[O-])c1[N+](=O)[O-],1.84751,8.016533,29.735037,5.861099,3.3619974,572.4107,279.50793,135.7348,3.4038346567611457
O=c1c2nc3cccnc3nc2n([N+](=O)[O-])c(=O)n1[N+](=O)[O-],1.7740349,6.850436,21.35363,4.276789,2.2753937,533.8549,31.570131,131.70357,3.4854764341098345
NC1=NC2([N+](=O)[O-])CN1CC2([N+](=O)[O-])[N+](=O)[O-],1.763422,7.914458,28.07924,5.2914357,3.6269188,688.04193,-38.05998,147.91457,5.521557823630497
O=[N+]([O-])c1nc2nn[nH]c2c2c([N+](=O)[O-])c[nH]c12,1.7851908,7.1064644,22.819895,4.602393,2.5950732,565.0376,290.17664,296.39175,3.7811474259919144
O=[N+]([O-])c1ccc2nc([N+](=O)[O-])c([N+](=O)[O-])n2n1,1.7769593,7.7304306,26.855825,5.732112,3.2407534,565.53033,243.88477,254.03967,3.263074079838068
O=[N+]([O-])c1ncc2c([N+](=O)[O-])[nH]nc2n1,1.8082436,7.5490417,26.006432,5.0380077,2.937563,584.695,229.69034,264.37268,3.593566889910859
O=c1c2nc3c(nc([N+](=O)[O-])c4nnn([N+](=O)[O-])c43)nc2nc2ccc([N+](=O)[O-])cn12,1.804035,6.9487042,22.206413,4.5043306,2.3325121,519.19415,347.3306,150.43272,3.7663664943000716
O=[N+]([O-])c1ncn2c([N+](=O)[O-])nc3[nH]nnc3c12,1.8152432,7.5217285,25.821186,4.950581,2.9015114,586.8806,408.488,266.93027,3.8675612721457604
O=[N+]([O-])c1ncnc2noc([N+](=O)[O-])c12,1.7944494,7.7754097,27.411587,5.7909737,3.2127764,554.1622,242.93771,235.24112,3.578366514676337
O=c1c2ccnc([N+](=O)[O-])c2n(C=N[N+](=O)[O-])c(=O)n1[N+](=O)[O-],1.8241583,7.475975,25.58341,4.7689385,2.689666,564.8667,-75.75378,153.47725,3.983216696050757
O=c1c2nc3ncccc3nc2n([N+](=O)[O-])c(=O)n1[N+](=O)[O-],1.7720473,6.850028,21.339888,4.287214,2.2809513,533.8098,38.134876,132.99394,3.4872856648790638
N=c1c2c([N+](=O)[O-])c3cc([N+](=O)[O-])cc([N+](=O)[O-])c3nc2nc([N+](=O)[O-])n1[N+](=O)[O-],1.8518276,7.7009544,27.476236,5.358333,2.936182,546.23456,167.69678,132.1887,3.6948103521150166
O=[N+]([O-])c1nc2c(o1)c([N+](=O)[O-])nc1[nH]cnc12,1.7840217,7.0269585,22.340828,4.4344015,2.3762684,537.37305,80.211334,269.9607,3.8520895798380685
O=c1c2c([N+](=O)[O-])c([N+](=O)[O-])ccc2nc2oc([N+](=O)[O-])c([N+](=O)[O-])n12,1.8381076,7.4649606,25.49834,5.051151,2.6009955,514.7363,-144.64803,223.40971,3.4838074158850647
O=[N+]([O-])c1c[nH]c2c1nc([N+](=O)[O-])c1c3ncn-3nnnc12,1.7774293,6.9576244,21.956432,4.6352634,2.5288954,545.926,485.9711,252.96794,3.6494198832413467
O=[N+]([O-])c1cnc2n[nH]nc2c1[N+](=O)[O-],1.7983992,7.654958,26.639832,5.4099617,3.1381962,581.4389,321.25684,236.36847,3.1442929687101078
O=[N+]([O-])c1cn2c([N+](=O)[O-])nc3[nH]cc([N+](=O)[O-])c3c2n1,1.8075695,7.265214,23.99752,4.723262,2.6156604,555.2525,140.70422,270.03217,3.5898047540354074
O=[N+]([O-])c1cnc2c(nnn2[N+](=O)[O-])n1,1.8370454,8.174511,30.80941,5.8764687,3.556658,605.4807,458.9822,120.53197,3.7822291788414404
O=[N+]([O-])c1cc([N+](=O)[O-])c2c(n1)oc1c([N+](=O)[O-])nnnc12,1.8350562,7.6297154,26.716415,5.3968387,2.8607404,528.1261,248.74689,245.79578,3.587797203340603
O=[N+]([O-])c1cc2nn([N+](=O)[O-])c([N+](=O)[O-])c2cc1[N+](=O)[O-],1.8391289,8.0743265,29.94272,6.107308,3.420965,557.7409,196.08197,139.75278,3.3671647393132877
O=[N+]([O-])N=Cn1nnc2nc([N+](=O)[O-])nc([N+](=O)[O-])c21,1.8471152,8.314467,31.838274,5.8523774,3.5987368,614.90063,475.21573,175.80089,4.173333744109386
O=[N+]([O-])Nc1c([N+](=O)[O-])c([N+](=O)[O-])c([N+](=O)[O-])c2nncnc12,1.8709964,8.273206,31.805475,5.999672,3.5148618,583.4853,348.87143,124.58345,3.5328671374126728
O=[N+]([O-])c1noc2nc3nc([N+](=O)[O-])n4nnnc4c3cc12,1.8152393,7.440502,25.215849,5.2730513,2.81967,533.87573,527.1266,244.91847,3.665552885722736
O=[N+]([O-])N=Cc1c([N+](=O)[O-])c([N+](=O)[O-])c2nonc2c1[N+](=O)[O-],1.8943334,8.537938,33.943954,6.646564,3.75391,561.01385,385.06107,190.7792,3.717543051662358
O=c1[nH]c2c(c([N+](=O)[O-])nn2[N+](=O)[O-])c2nc[nH]c12,1.8192959,7.176409,23.622576,4.2888055,2.44134,573.0522,53.119312,169.02036,3.744964919855878
Nc1nc(N)c2nc([N+](=O)[O-])[nH]c(=N[N+](=O)[O-])c2n1,1.7932146,7.222554,23.698378,4.001425,2.6049066,654.41736,147.97726,191.64305,3.7711331064204447
O=[N+]([O-])c1nc2c([N+](=O)[O-])c3c([N+](=O)[O-])nn([N+](=O)[O-])c3cc2[nH]1,1.8599904,7.966962,29.335842,5.5644126,3.1512454,566.56946,222.20886,148.7041,3.873462611682326
O=[N+]([O-])c1nc2nc3c(nc2[nH]1)c1ncnc-1nn3[N+](=O)[O-],1.8029478,7.1928577,23.8567,4.5730524,2.584081,566.03253,493.82242,140.60136,3.974817898129685
O=c1c2c([N+](=O)[O-])ncn2cnn1[N+](=O)[O-],1.8216324,7.7712264,27.745024,5.2216563,3.0870926,591.8527,145.91641,153.34811,3.7481710155987784
Nn1c(=O)n([N+](=O)[O-])c2c([N+](=O)[O-])cc([N+](=O)[O-])nc21,1.868715,8.048737,30.12836,5.306775,3.2093008,605.78503,53.51215,123.36401,3.6407415350364083
O=[N+]([O-])c1c([N+](=O)[O-])c2c([N+](=O)[O-])nccc2c2n[nH]nc12,1.778031,7.1910152,23.318565,5.181425,2.7445073,529.87964,321.80484,220.13976,3.3273602802636812
O=c1c([N+](=O)[O-])c[nH]c2[nH]nc([N+](=O)[O-])c12,1.8286012,7.3206744,24.58006,4.5413923,2.5778205,570.253,-27.880629,268.03702,3.49250017481166
O=[N+]c1c[nH]c2c1c(=O)[nH]c(=O)n2[N+](=O)[O-],1.8369172,7.0750136,23.151997,3.7804606,2.2032747,587.8305,-208.25557,172.20512,4.1681377418957375
O=[N+]([O-])NN=c1[nH]cc([N+](=O)[O-])c2[nH]c([N+](=O)[O-])nc12,1.8337656,7.8625646,28.400806,5.150586,3.1834996,619.7385,176.07785,163.77979,4.172626051801695
O=[N+]([O-])c1cc2nnnc([N+](=O)[O-])c2[nH]1,1.7708346,7.58884,25.796186,5.4185567,3.1554422,583.693,307.47842,280.84317,3.723484338316111
O=[N+]([O-])N=Cc1n[nH]c2c1c([N+](=O)[O-])c([N+](=O)[O-])n1nnnc21,1.8512324,8.049385,29.82028,5.724089,3.3795705,591.23517,592.88196,199.38182,4.056869443303504
O=[N+]([O-])c1oc2c(cnc3c([N+](=O)[O-])ncn32)c1[N+](=O)[O-],1.8362746,7.506813,25.904959,5.1854706,2.7595236,530.97327,106.39404,250.41086,3.629793418003019
N=c1[nH]cnc2c1nc([N+](=O)[O-])n2[N+](=O)[O-],1.8109225,7.581665,26.346432,4.813449,2.9700537,620.4355,219.06027,139.90154,4.087836489659603
Nn1nc(N[N+](=O)[O-])c2c3nc([N+](=O)[O-])nc-3n[nH]c21,1.8227528,7.7523413,27.703415,5.053443,3.2271779,641.0183,484.5128,146.06683,4.063468242943886
Nc1c2[nH]nnc2nn1[N+](=O)[O-],1.7905345,7.8867264,28.26114,5.0752983,3.5293114,697.3021,409.1697,171.36842,4.2034646383309155
O=[N+]([O-])c1cc([N+](=O)[O-])c2c([N+](=O)[O-])c[nH]c2n1,1.7789353,7.329952,24.206667,5.0606575,2.787398,552.0582,40.316944,248.04828,3.1715971567611465
O=[N+]([O-])c1cn2cc([N+](=O)[O-])c([N+](=O)[O-])nc2n1,1.7986358,7.7081695,26.932518,5.4328113,3.0921855,569.5892,164.95166,231.1412,3.4467981182996077
O=c1c([N+](=O)[O-])nn2c(cc3nc([N+](=O)[O-])cn32)n1[N+](=O)[O-],1.8351232,7.8610725,28.419977,5.4102626,3.1283102,578.4057,218.75296,147.82176,4.150077464096795
O=[N+]([O-])c1c2ccn([N+](=O)[O-])c2c([N+](=O)[O-])c2c1nnn2[N+](=O)[O-],1.8504424,8.057097,29.867237,6.038958,3.3939135,560.7645,385.6826,116.055405,4.00181862129771
O=[N+]([O-])Nc1nc([N+](=O)[O-])c2oc([N+](=O)[O-])cc2n1,1.8230692,7.9001393,28.55596,5.500126,3.177814,577.56244,67.54848,127.03934,3.5888552783661467
Nn1c([N+](=O)[O-])nc2cnn([N+](=O)[O-])c2c1=O,1.8413643,7.8942866,28.73712,5.18737,3.2030387,619.3127,171.73386,153.99811,3.8251250433790176
Nn1nnc2c([N+](=O)[O-])c([N+](=O)[O-])c3nonc3c21,1.8733201,8.198267,31.22929,6.1265945,3.5818136,585.5727,566.0349,235.52335,3.642210481986056
O=[N+]([O-])N=Cc1[nH]nc2nc([N+](=O)[O-])oc12,1.8039502,7.7852244,27.531101,5.34108,3.1710055,593.96246,177.37701,183.67142,4.384143230593087
O=c1[nH]c2nc([N+](=O)[O-])c(C=N[N+](=O)[O-])c([N+](=O)[O-])c2[nH]1,1.8581835,7.6320653,26.87385,4.6458454,2.7120745,586.9163,-41.860394,186.23836,3.8169675215310708
O=c1[nH]c2nc([N+](=O)[O-])c3oc([N+](=O)[O-])cc3c2[nH]1,1.803611,6.7715726,20.753813,3.8901708,2.0308282,526.6015,-227.0823,278.52783,3.484351014530435
O=[N+]([O-])c1nc2c([N+](=O)[O-])c3ncnc([N+](=O)[O-])c3c([N+](=O)[O-])c2[nH]1,1.8535712,7.6740594,27.246822,5.2145576,2.846174,545.8373,200.43063,225.15604,3.6486158745233697
Nc1ncnc2c1[nH]c1c(=N[N+](=O)[O-])[nH]c([N+](=O)[O-])nc12,1.7567966,6.8183274,20.947039,3.9632506,2.3805141,602.67004,225.58847,195.34868,3.895822135021029
O=[N+]([O-])c1cc2c(cn1)nc([N+](=O)[O-])n2[N+](=O)[O-],1.7938651,7.7821236,27.490993,5.6751003,3.253056,572.479,228.45465,131.21838,3.5804885029149913
O=[N+]([O-])c1ccc([N+](=O)[O-])c2c1oc1c2c([N+](=O)[O-])nn1[N+](=O)[O-],1.8430865,7.775817,27.89127,5.6739035,3.0291772,530.32007,76.3905,148.87933,3.6403842462977094
O=[N+]([O-])c1ccc2n[nH]c([N+](=O)[O-])c2c1[N+](=O)[O-],1.7682552,7.4001484,24.54599,5.430014,2.9713657,547.89716,137.57172,232.84776,3.0857423490688376
O=c1[nH]cc(N[N+](=O)[O-])c2c([N+](=O)[O-])ncn12,1.8180457,7.3008895,24.451548,4.3834634,2.6227365,602.2864,-16.365614,145.83781,3.605693337693398
O=[N+]([O-])c1cnc2c(n1)c([N+](=O)[O-])c([N+](=O)[O-])n1cc([N+](=O)[O-])nc21,1.841486,7.6589146,27.031572,5.3652096,2.8984842,539.2627,252.98642,225.8258,3.637869605866655
O=[N+]([O-])c1ccc2c([N+](=O)[O-])n([N+](=O)[O-])c3nncc-3c2n1,1.7608823,7.1864877,23.23932,5.235005,2.81154,536.01874,337.38455,120.16748,3.5889325879559877
O=[N+]([O-])c1cn([N+](=O)[O-])c2c1Nc1ccc([N+](=O)[O-])c3c1c-2nn3[N+](=O)[O-],1.814715,7.381286,24.947813,5.265154,2.823208,536.25336,235.57336,142.21587,3.9739204823859673
O=[N+]([O-])c1onc2c(O)n[nH]c12,1.828485,7.6843867,26.958855,4.9852486,2.9467928,592.4915,16.00844,303.21637,3.7143345684008446
NN=c1[nH]c(N[N+](=O)[O-])nc2c([N+](=O)[O-])c[nH]c(=O)c12,1.8151946,7.1724358,23.593899,4.042578,2.526886,628.6403,8.415225,183.74802,3.8226593851350277
N=c1[nH]c(N[N+](=O)[O-])nc2c1cnn2[N+](=O)[O-],1.8148136,7.6429787,26.735914,4.761189,3.064582,647.118,244.17712,159.87564,4.147415076823835
O=[N+]([O-])c1nc2c3nn[nH]c3cnc2n1[N+](=O)[O-],1.7997906,7.5493493,26.046097,5.1611414,3.0132608,585.12616,461.06503,136.75595,3.8664009644534527
O=[N+]([O-])c1cc([N+](=O)[O-])c2nc([N+](=O)[O-])c3c([N+](=O)[O-])ccnc3c2c1[N+](=O)[O-],1.8093995,7.3746476,24.771881,5.3773623,2.7485187,509.5815,136.15674,213.64038,3.3104419444982485
O=c1[nH][nH]c(=O)c2c([N+](=O)[O-])c([N+](=O)[O-])ccc12,1.8076825,6.829128,21.243816,4.210535,2.2030375,527.24713,-210.61176,229.10489,2.7903086952226843
Nc1c([N+](=O)[O-])oc2cnn([N+](=O)[O-])c12,1.8064836,7.7832756,27.564915,5.35898,3.232959,603.81055,85.42349,155.78976,3.9993673495731477
NC1=NC2C3=C([N+](=O)[O-])N([N+](=O)[O-])N2C(=N1)N=C(N[N+](=O)[O-])N3N,1.8262821,8.107563,30.151728,5.1872935,3.5742667,692.1683,346.1273,147.97618,6.056222227066941
O=[N+]([O-])c1c2cnoc2c(O)c2n[nH]nc12,1.7851841,6.8654165,21.314562,4.4766626,2.378557,533.15,91.60272,275.22495,3.618717706117562
Nc1nc2c(nc([N+](=O)[O-])n3cc([N+](=O)[O-])nc23)n1[N+](=O)[O-],1.8550853,7.748115,27.849846,4.9266405,2.952871,601.1603,262.31274,167.12253,3.9146412189859756
O=C(O)c1c2n[nH]cc2c([N+](=O)[O-])c2ncc([N+](=O)[O-])c([N+](=O)[O-])c12,1.7962077,6.876199,21.511494,4.3187103,2.2272456,517.4225,-183.6948,229.50075,3.5223389514464474
O=c1[nH]c2nc3nonc3c([N+](=O)[O-])c2[nH]1,1.8323716,7.132416,23.294277,4.2180905,2.3367965,557.70404,101.68619,290.4528,3.353446936886793
O=[N+]([O-])c1cc2c(nn1)nc([N+](=O)[O-])c1ncn([N+](=O)[O-])c12,1.8208326,7.6061335,26.633812,5.3995986,2.9973416,553.61127,412.31125,138.81628,3.9459833571867566
Nn1c([N+](=O)[O-])nc2c([N+](=O)[O-])cc([N+](=O)[O-])nc21,1.8381258,7.8955116,28.628239,5.380452,3.2144117,599.2215,204.37793,257.4125,3.453387712755285
Nc1c2c([N+](=O)[O-])nn([N+](=O)[O-])c2nc2nnc3c([N+](=O)[O-])ccc([N+](=O)[O-])c3c12,1.8274381,7.3973727,25.27045,5.099995,2.776694,544.4264,376.70578,159.1565,3.7713646310287894
O=[N+]([O-])c1cn2cc([N+](=O)[O-])c([N+](=O)[O-])c2o1,1.8177055,7.8372564,27.947239,5.7047133,3.1522853,551.12537,-33.864635,261.32104,3.607968120302094
O=[N+]([O-])c1ccc(O)c2nc([N+](=O)[O-])n3nnnc3c12,1.7723825,7.00557,22.019014,4.670714,2.5239177,542.1177,228.03464,244.90147,3.214814816370458
O=[N+]([O-])Nc1c([N+](=O)[O-])n([N+](=O)[O-])c2nnn3cc([N+](=O)[O-])nc3c12,1.8801231,8.363015,32.534756,5.9793715,3.5814426,598.79254,463.65952,134.00922,3.9920087562684916
O=c1ncc([N+](=O)[O-])c2nc([N+](=O)[O-])c([N+](=O)[O-])cn12,1.8458072,7.602939,26.581223,5.0088806,2.761864,551.91113,13.89342,225.84686,3.2909157953914363
O=c1nc[nH]c2nc([N+](=O)[O-])n([N+](=O)[O-])c12,1.8040761,7.543689,25.904999,4.7754226,2.8155591,591.585,54.484608,143.02502,3.702205004865325
O=C1Nc2cccnc2N(N[N+](=O)[O-])C1([N+](=O)[O-])[N+](=O)[O-],1.7557386,7.396968,24.487593,4.894705,2.9276223,600.8877,-33.271847,131.10646,3.7446559830695323
O=[N+]([O-])c1cc([N+](=O)[O-])c2c([N+](=O)[O-])cc([N+](=O)[O-])c(O)c2n1,1.8387321,7.547778,26.21466,5.185178,2.7614539,531.7653,-149.72017,224.17505,3.054677465281526
Nc1c([N+](=O)[O-])c2cnc([N+](=O)[O-])n2c2cnn([N+](=O)[O-])c12,1.8073224,7.521072,25.849504,5.1373463,2.9980834,584.2515,275.95624,168.37987,3.8785802020368223
O=[N+]([O-])c1cc2c(nn1)c([N+](=O)[O-])cn2[N+](=O)[O-],1.822146,7.9864597,29.240345,5.9903584,3.4492488,573.0658,307.1416,133.20291,3.681253887530376
O=c1nc([N+](=O)[O-])[nH]c2[nH]c(O)cc12,1.7485455,6.183602,17.032696,2.9579794,1.6571119,565.6825,-322.10065,278.8633,3.5191275492548915
O=[N+]([O-])N=Cc1c([N+](=O)[O-])c2cnc([N+](=O)[O-])nc2c2nnnn12,1.8275542,7.7394366,27.46424,5.4481163,3.119595,572.5217,577.1328,188.13779,3.9722195172767316
Nc1cnc([N+](=O)[O-])c2cc([N+](=O)[O-])c([N+](=O)[O-])nc12,1.7580957,7.151816,22.924212,4.920337,2.7381506,557.9258,114.9751,231.0196,3.2898159405293192
O=c1[nH]c(N[N+](=O)[O-])nc2[nH]c([N+](=O)[O-])nc12,1.8463598,7.530448,26.245728,4.1752005,2.5998302,626.33075,-42.071087,164.26463,3.571797351071325
O=[N+]([O-])c1cc([N+](=O)[O-])c2[nH]c([N+](=O)[O-])cc2n1,1.7538733,7.22824,23.278448,5.0527864,2.7565973,546.9316,34.07433,270.50406,3.3553760029149906
O=c1c2[nH]c([N+](=O)[O-])cc2ncn1[N+](=O)[O-],1.789969,7.229901,23.751986,4.61571,2.6244783,570.55884,-16.453794,153.21031,3.7563112660460067
O=[N+]([O-])c1cn([N+](=O)[O-])c2nn3ccc([N+](=O)[O-])c3c([N+](=O)[O-])c12,1.807637,7.708282,27.058655,5.7733126,3.1829798,549.8122,282.5264,146.29655,3.6882054001438647
O=C1Nc2cc([N+](=O)[O-])cc([N+](=O)[O-])c2C1([N+](=O)[O-])[N+](=O)[O-],1.813626,7.635162,26.568216,5.2257905,2.8896296,553.0468,-186.8804,115.847,3.4300496729762298
O=[N+]([O-])c1nc2c(ncn2[N+](=O)[O-])n2nnnc12,1.8759606,8.164899,31.132195,5.6549807,3.4070935,602.6298,602.3648,136.66396,3.8332145029149913
O=[N+]([O-])c1nc2c([N+](=O)[O-])cc([N+]([O-])[O-])nc2[nH]1,1.8344833,7.776817,27.681501,5.1413207,2.9844682,583.3744,94.29578,255.11433,3.7350836952226842
O=[N+]([O-])c1nc2c3nc[nH]c3c([N+](=O)[O-])nc2c2nc3nonc3nc12,1.7895381,6.890499,21.668013,4.6124487,2.3646314,511.2628,545.44226,245.3274,3.749921381355552
O=[N+]([O-])c1c[nH]c2[nH]nc([N+](=O)[O-])c12,1.8142865,7.545121,25.995213,4.9910035,2.9742293,598.07697,127.747955,271.8067,3.535717427797401
O=[N+]([O-])c1ccc2c([N+](=O)[O-])c3nc([N+](=O)[O-])n([N+](=O)[O-])c3c([N+](=O)[O-])c2n1,1.8472973,7.86526,28.560509,5.713007,3.100645,540.7938,207.83252,122.98695,3.761148916804035
O=[N+]([O-])c1cc2cc([N+](=O)[O-])c3c(cnn3[N+](=O)[O-])c2nc1[N+](=O)[O-],1.7871699,7.400963,24.81903,5.4714327,2.9056547,529.4655,235.63815,126.54678,3.550126322284565
Nc1nc([N+](=O)[O-])c([N+](=O)[O-])c2c1nnc1c(C=N[N+](=O)[O-])nn([N+](=O)[O-])c12,1.8281089,7.9051204,28.722464,5.579806,3.2853208,589.1042,484.46677,135.21437,4.237074006201125
O=[N+]([O-])c1nnc2[nH]c(O)cn12,1.7733186,7.15317,22.95383,4.1999745,2.5977714,621.7387,44.681858,291.75766,3.91713876420504
Nn1ncc2c(=O)n([N+](=O)[O-])c(=O)n(C=N[N+](=O)[O-])c21,1.844256,7.7073984,27.340147,4.6605506,2.90911,627.2825,19.07535,156.6261,4.343670222096808
O=[N+]([O-])c1cn([N+](=O)[O-])c2nonc12,1.8462857,8.520058,33.42919,6.7708106,4.025696,590.44354,381.95712,113.58157,3.6959101403480084
O=[N+]([O-])c1nc2c([N+](=O)[O-])cc3c(nc([N+](=O)[O-])n3[N+](=O)[O-])c2[nH]1,1.8668417,7.9048753,29.021908,5.3922586,3.0464084,564.2783,186.0892,141.4046,3.8445046789900177
O=[N+]([O-])c1oc2ocnc2c1[N+](=O)[O-],1.8368601,7.7409434,27.40829,5.3214755,2.8655112,537.34894,-111.25454,256.72925,3.74554860188647
O=[N+]([O-])N=Cc1nn([N+](=O)[O-])c2cnc3[nH]nc([N+](=O)[O-])c3c12,1.8037755,7.6143985,26.441668,5.3617315,3.0962846,577.98004,439.85196,150.77989,4.20780350923757
O=c1c2nc3c(ccn4c([N+](=O)[O-])cnc34)nc2n([N+](=O)[O-])c(=O)n1[N+](=O)[O-],1.8260361,7.1863875,23.86282,4.559328,2.4330626,534.9048,73.6046,143.81888,3.8590658442578043
O=c1[nH]c([N+](=O)[O-])c2nc3c([N+](=O)[O-])ccc([N+](=O)[O-])c3nc2c1[N+](=O)[O-],1.8657476,7.339425,25.013483,4.776318,2.4688652,517.47864,-28.58621,240.68764,3.38036250029956
O=[N+]([O-])Nc1c[nH]c2nc([N+](=O)[O-])n3cc([N+](=O)[O-])nc3c12,1.808461,7.3693175,24.860397,4.7564173,2.7732658,584.094,180.39005,158.87828,3.8058625879559873
O=[N+]([O-])c1cc([N+](=O)[O-])c2oc3c([N+](=O)[O-])c([N+](=O)[O-])c4cc[nH]c4c3c2n1,1.7848988,6.8645806,21.302284,4.77625,2.3316965,487.82266,-35.585308,232.66077,3.5811279900067925
O=[N+]([O-])c1cc([N+](=O)[O-])c2c([N+](=O)[O-])cnc([N+](=O)[O-])c2n1,1.8266586,7.744868,27.534203,5.640569,3.0526538,539.02167,149.6849,218.98433,3.2996270707146076
O=c1[nH]c2cc([N+](=O)[O-])oc2o1,1.7786071,6.640711,19.72385,3.6049895,1.8659493,522.9194,-443.55664,291.31284,3.574396106862383
O=c1c2cnnc([N+](=O)[O-])c2cnn1[N+](=O)[O-],1.8182305,7.6190796,26.687862,5.3543096,3.0132904,562.27606,234.37695,149.11198,3.542837819298751
O=[N+]([O-])c1cc([N+](=O)[O-])c2c([N+](=O)[O-])c3c(nc([N+](=O)[O-])n4nnnc34)nc2c1,1.811728,7.422732,25.060373,5.261348,2.7829127,529.08276,438.28305,218.70111,3.463750802728626
Nc1nn2c(nc([N+](=O)[O-])c3c([N+](=O)[O-])c4c(cc32)OCO4)c1[N+](=O)[O-],1.799748,7.0412493,22.500526,4.503898,2.4271703,541.0711,-70.581024,235.6674,3.5063642673618185
O=[N+]([O-])c1cc2oc3nnc([N+](=O)[O-])n3c2nn1,1.815649,7.6543956,26.703775,5.3121686,2.965448,557.7104,314.9435,262.28882,3.840431118299607
Nc1nnnc2c1oc1nc([N+](=O)[O-])c3cc([N+](=O)[O-])oc3c12,1.7662313,6.7865453,20.690958,4.4015613,2.2791953,518.579,109.209015,268.9875,3.7700270325892182
O=[N+]([O-])c1cn2c([N+](=O)[O-])nc3c([N+](=O)[O-])ncnc3c2n1,1.8085808,7.396107,24.981684,5.0008597,2.742101,548.47986,309.2439,241.48238,3.601403357186757
Nc1nnn2c([N+](=O)[O-])nc3c(c12)-c1nc2oc([N+](=O)[O-])nc2nc1-3,1.7793196,6.9697514,21.986645,4.51392,2.4219346,537.3218,426.17044,251.14153,4.172288159253565
Nn1c(=O)[nH]c2c([N+](=O)[O-])cc([N+](=O)[O-])nc21,1.8129985,7.2510147,23.934849,4.2536983,2.5374203,601.20856,-72.41373,273.437,3.3031035049174786
NN=c1[nH]c([N+](=O)[O-])nc2cc([N+](=O)[O-])nnc12,1.777833,7.4177785,24.8201,4.862806,2.9905636,617.0296,340.37686,262.37555,3.976552317671664
O=c1oc2nc([N+](=O)[O-])cc([N+](=O)[O-])c2c2nc([N+](=O)[O-])ncc12,1.818797,7.0168695,22.496399,4.45834,2.2309146,501.3225,-118.81054,226.37003,3.468148543634989
O=[N+]([O-])c1cc([N+](=O)[O-])c2nc([N+](=O)[O-])cnc2n1,1.7785869,7.400619,24.720001,5.23489,2.83867,542.1694,188.49951,241.05493,3.218041703705513
O=[N+]([O-])c1cc([N+](=O)[O-])c2c([N+](=O)[O-])c3nnn([N+](=O)[O-])c3cc2n1,1.8317466,7.7687345,27.709412,5.677998,3.1062691,546.2706,333.3425,135.73636,3.6304402143626353
Nc1c([N+](=O)[O-])c([N+](=O)[O-])nc2c1nnn2C=N[N+](=O)[O-],1.8503654,8.068556,30.012463,5.4492397,3.376837,621.10077,382.90988,208.49286,4.1076378512014
O=[N+]([O-])c1nc2cc([N+](=O)[O-])c3nnn([N+](=O)[O-])c3c2[nH]1,1.8381455,7.789796,27.933847,5.39172,3.0853684,572.91376,331.93024,138.05606,3.7991343086912774
O=[N+]([O-])c1[nH]c2[nH]nc3c2c1NN=N3,1.7943679,7.247259,23.909145,4.5476418,2.8193192,622.4459,397.41452,316.46194,4.655997893384446
Nc1nc([N+](=O)[O-])c([N+](=O)[O-])c2nn[nH]c12,1.8220801,7.681521,27.027128,4.925271,3.0574675,623.1633,251.71176,239.76482,3.551188546904683
O=[N+]([O-])c1cc([N+](=O)[O-])c2c([N+](=O)[O-])c3cn([N+](=O)[O-])nc3n2c1,1.8173242,7.659467,26.857285,5.631863,3.0940583,547.6106,226.28827,158.6402,3.5580450636054035
O=[N+]([O-])Nn1c([N+](=O)[O-])nc2c3nc[nH]c3nc([N+](=O)[O-])c21,1.8033576,7.623454,26.520193,5.0680532,3.0023258,595.0266,315.5487,130.67111,3.9554633571867566
O=[N+]([O-])c1cc2c(c([N+](=O)[O-])c1)Oc1nnnc([N+](=O)[O-])c1O2,1.8116741,7.398967,24.896976,5.187073,2.695975,517.55164,26.224474,245.24034,3.4267309817650426
O=[N+]([O-])c1cnc2nnn([N+](=O)[O-])c2n1,1.8272537,8.1343565,30.42703,5.872583,3.5563252,605.5144,464.99185,120.134125,3.6941743946012897
O=[N+]([O-])c1ccc2c(c1)nc1c([N+](=O)[O-])c3c([N+](=O)[O-])c([N+](=O)[O-])c4c(c([N+](=O)[O-])cn4[N+](=O)[O-])c3nn12,1.8132166,7.3553495,24.749302,5.3565063,2.7485452,512.2558,260.93634,150.8367,3.7999459216379545
O=[N+]([O-])c1cc([N+](=O)[O-])c2nc3c([N+](=O)[O-])c([N+](=O)[O-])n([N+](=O)[O-])c3nc2c1,1.8624097,7.9011126,28.965307,5.7253113,3.0957491,538.0338,213.94308,141.46999,3.4622216818768
O=[N+]([O-])c1cc2c(cc([N+](=O)[O-])c3nnnn32)nc1[N+](=O)[O-],1.8178159,7.5612116,26.112276,5.450646,2.9686913,544.3698,429.40817,224.4989,3.158681818725219
O=c1[nH]c([N+](=O)[O-])nc2c1cc([N+](=O)[O-])c1ncnn12,1.7970034,6.8320184,21.165089,4.03882,2.1815016,544.4582,68.52951,275.7278,3.1928170541326955
O=[N+]([O-])NN=c1[nH]c([N+](=O)[O-])nc2ncn3nnnc3c12,1.8324997,7.711081,27.374159,4.960894,3.0822132,623.2566,559.0032,152.94969,4.156930452244426
O=[N+]([O-])c1cc([N+](=O)[O-])c2cc([N+](=O)[O-])[nH]c2n1,1.7697707,7.2546587,23.600948,4.9739265,2.7266288,550.31885,23.06386,265.3345,3.3666721567611457
O=[N+]([O-])c1cc([N+](=O)[O-])c2c(c1)n1cnc([N+](=O)[O-])c1n1c([N+](=O)[O-])c([N+](=O)[O-])nc21,1.8211638,7.4508734,25.331911,5.1849723,2.756478,531.80774,182.47522,236.51384,3.6283593106459566
O=c1[nH]c2nc(C=N[N+](=O)[O-])nc([N+](=O)[O-])c2n1[N+](=O)[O-],1.8722941,8.027962,29.948696,5.1295676,3.0921018,604.41785,112.58014,133.08176,4.153305433618983
O=[N+]([O-])c1cc([N+](=O)[O-])n2ncc([N+](=O)[O-])c2n1,1.8220536,7.8311853,28.01632,5.6220417,3.192145,567.88605,228.07068,252.14035,3.270075041376529
O=c1nc[nH]c2c1[nH]c1nc([N+](=O)[O-])oc12,1.7390625,6.265447,17.488478,3.3747158,1.7800169,530.98975,-127.768394,283.44736,3.740126936886794
O=[N+]([O-])c1ncc2c([N+](=O)[O-])c3nnn([N+](=O)[O-])c3cc2n1,1.820174,7.585773,26.457832,5.415627,2.9905834,551.59155,398.42392,134.72583,3.741526434109833
O=c1nc(N[N+](=O)[O-])oc2nc([N+](=O)[O-])cc([N+](=O)[O-])c12,1.8403316,7.651799,26.941725,4.8857527,2.752027,564.3238,-139.03925,144.3463,3.5286658731794223
O=[N+]([O-])c1ncn2c([N+](=O)[O-])cnc2c1[N+](=O)[O-],1.8283705,7.8429565,28.210182,5.58707,3.180998,569.1143,207.16187,227.7478,3.3149538875303772
N=c1[nH]c([N+](=O)[O-])nc2c1nc(N)n2[N+](=O)[O-],1.8476429,7.5953836,26.724396,4.32042,2.805472,654.3182,139.55069,171.32448,4.160165043379019
O=[N+]([O-])NN=c1c2[nH]c([N+](=O)[O-])nc2ncn1[N+](=O)[O-],1.8444232,8.182642,30.8008,5.467205,3.4731126,636.91406,304.24222,140.57358,4.315467077442719
Nn1c([N+](=O)[O-])nc2c(c([N+](=O)[O-])cn2[N+](=O)[O-])c1=O,1.8787271,8.098492,30.53319,5.344121,3.2338884,605.5311,57.766087,142.16628,3.7218933101843366
O=[N+]([O-])c1ccc2c3c(nn2[N+](=O)[O-])N([N+](=O)[O-])N=Nc13,1.8462831,7.944416,29.122221,5.9005423,3.3583674,567.8541,494.14914,127.491135,4.130555361322857
O=[N+]([O-])c1cc([N+](=O)[O-])c2c([N+](=O)[O-])c3c([N+](=O)[O-])ccc([N+](=O)[O-])c3nc2n1,1.8145171,7.3666086,24.809717,5.3069654,2.7138886,510.42065,111.173004,212.52989,3.27397081562712
O=[N+]([O-])c1cc2c(cnn2[N+](=O)[O-])c([N+](=O)[O-])c1[N+](=O)[O-],1.863401,8.167049,30.858875,6.1108265,3.4493995,561.8124,204.7897,148.88762,3.3764190050475538
NC1=NC(=O)C2=Nc3nc4c([N+](=O)[O-])c[nH]c4c([N+](=O)[O-])c3C2=N1,1.7646074,6.4096713,18.508165,3.670785,1.9315839,529.09454,103.50287,283.91095,3.958419517276731
O=c1nc(N[N+](=O)[O-])[nH]c2nc([N+](=O)[O-])[nH]c12,1.8419335,7.5161233,26.108332,4.2117324,2.6179178,624.5723,-35.910076,164.2856,3.493981966455941
O=[N+]([O-])NN1C=C([N+](=O)[O-])N([N+](=O)[O-])c2[nH]cnc21,1.8319669,8.184498,30.717764,5.595905,3.6169581,648.01074,230.43222,138.86884,4.40071772180506
O=c1[nH]c([N+](=O)[O-])nc2c([N+](=O)[O-])nccc12,1.7677083,6.7694798,20.584513,4.129304,2.2070835,537.7272,-61.569912,245.49673,3.207607384516141
O=[N+]([O-])Nc1nc2c([N+](=O)[O-])c3[nH]c4c(nnc5c([N+](=O)[O-])c([N+](=O)[O-])ccc54)c([N+](=O)[O-])c3c([N+](=O)[O-])c2n1,1.847368,7.513483,26.131742,5.2294903,2.7757206,530.31934,300.5912,151.77104,3.940239202747656
O=[N+]([O-])c1nc2nc3ncnn3c(O)c2o1,1.7757233,6.8275213,21.022238,3.935461,2.1741016,554.5215,9.351642,276.3852,3.749837706117563
O=[N+]([O-])c1cc2nonc2nc1[N+](=O)[O-],1.8116657,7.9405794,28.678272,6.147817,3.4039223,551.776,328.62128,227.55202,3.2537620118620776
Nc1nc([N+](=O)[O-])c(O)c2c([N+](=O)[O-])c([N+](=O)[O-])ccc12,1.7652669,6.921826,21.492115,4.4663696,2.4322922,546.4302,-178.38564,233.78482,3.08860278127133
O=[N+]([O-])c1ccc([N+](=O)[O-])c2c1cc([N+](=O)[O-])c1c2c([N+](=O)[O-])nn1[N+](=O)[O-],1.8189133,7.6394887,26.717785,5.713744,3.035617,528.9489,171.97324,125.89664,3.4589042182593372
O=[N+]([O-])Nc1c([N+](=O)[O-])cnc2nc3cn([N+](=O)[O-])c([N+](=O)[O-])c3nc12,1.8356786,7.7649455,27.777597,5.4637356,3.0887854,564.2363,316.32547,136.87418,3.8094567422109122
N=c1c2c([N+](=O)[O-])cc3nc([N+](=O)[O-])oc3c2nc([N+](=O)[O-])n1[N+](=O)[O-],1.8664422,7.8102407,28.309156,5.305206,2.931793,551.2887,92.68268,131.994,4.030230827256302
O=c1[nH]c2cc([N+](=O)[O-])[nH]c2cc1[N+](=O)[O-],1.7840014,6.7195587,20.331717,3.984475,2.1503782,544.66614,-179.01138,272.87198,3.047397849230264
O=[N+]([O-])Nc1c([N+](=O)[O-])c([N+](=O)[O-])cc2[nH]nnc12,1.8088607,7.9325147,28.664034,5.6494813,3.4069796,603.38324,276.1606,127.88164,3.5302806177326627
O=[N+]([O-])c1nc2nnc3nonc3c2o1,1.8264453,7.8062773,27.999075,5.7438803,3.129293,541.7154,423.65512,264.567,3.9887538701455982
O=[N+]([O-])c1c([N+](=O)[O-])c2c(c([N+](=O)[O-])cn2[N+](=O)[O-])c2ncoc12,1.8614589,7.8110514,28.2838,5.5809836,2.9887402,532.56024,59.9061,134.69403,3.7529361693746335
O=c1[nH]c(=O)n([N+](=O)[O-])c2nc3c([N+](=O)[O-])cncc3nc12,1.8031436,6.8332357,21.418457,3.9689412,2.12972,539.73816,-53.052853,145.67444,3.4340056648790647
O=c1cc([N+](=O)[O-])n2cc([N+](=O)[O-])nc2n1[N+](=O)[O-],1.8592657,7.9536285,29.273638,5.3426523,3.098671,580.2471,22.483355,130.6928,3.812664943524517
O=[N+]([O-])c1cc([N+](=O)[O-])c2nc3cc([N+](=O)[O-])n([N+](=O)[O-])c3cc2n1,1.7877939,7.3836446,24.715582,5.375016,2.8572586,530.97546,202.7511,138.58481,3.5237566322730833
O=[N+]([O-])c1nc2c3c([N+](=O)[O-])cnnc3nc([N+](=O)[O-])n2n1,1.8423994,7.8448725,28.364502,5.473841,3.0933273,565.01324,475.3884,228.38881,3.7122695110329094
O=[N+]([O-])c1nc2c(nc([N+](=O)[O-])c3[nH]cnc32)o1,1.7949227,7.0441236,22.503984,4.400166,2.3555934,537.2253,70.75531,272.30032,3.820584041376531
O=[N+]([O-])c1cnc2c(n1)oc1nc([N+](=O)[O-])n3cc([N+](=O)[O-])nc3c12,1.8148621,7.1367188,23.299704,4.6508594,2.4161494,520.1508,160.31052,266.2542,3.8443983933672783
O=[N+]c1nc2n[nH]c([N+](=O)[O-])c2c2nnnn12,1.8594675,7.889764,28.841377,5.255313,3.1665163,604.6203,605.5587,278.5937,4.173461774148248
O=[N+]([O-])c1cc2c([N+](=O)[O-])c3cc([N+](=O)[O-])c4nonc4c3nc2[nH]1,1.80242,7.110589,22.936518,5.1312194,2.578515,501.9591,289.06287,258.76474,3.533488025474301
O=[N+]([O-])c1nn([N+](=O)[O-])c2cnncc12,1.7632978,7.73526,26.932228,5.898733,3.469912,586.9084,412.17496,129.14578,3.7457631375656435
O=[N+]([O-])c1cc(O)c2c([N+](=O)[O-])c3c(nc([N+](=O)[O-])n4cc([N+](=O)[O-])nc34)nc2c1,1.7824779,6.900934,21.521639,4.5451384,2.3191884,512.2253,-8.007413,234.4496,3.585292836156995
Nc1c([N+](=O)[O-])cc([N+](=O)[O-])c2c([N+](=O)[O-])n[nH]c12,1.8332912,7.58554,26.405163,5.0652027,2.9491856,583.7748,81.70531,251.62729,3.185016020447595
O=c1[nH]c2ncc([N+](=O)[O-])nc2c2nc([N+](=O)[O-])[nH]c12,1.8015841,6.7470593,20.72023,3.7900133,2.050168,543.84467,-1.887647,275.17453,3.4869169142725562
N=c1[nH]cc([N+](=O)[O-])c2[nH]c(=O)n(N)c(=O)c12,1.7757158,6.258156,17.623838,2.845925,1.7158597,605.3016,-290.51703,314.98758,3.588229658763633
O=[N+]([O-])c1nc2[nH]cnc2c(O)c1[N+](=O)[O-],1.7945373,7.114231,22.94258,4.293227,2.4264903,567.9298,-94.174164,236.18532,3.3345831801783845
O=[N+]([O-])c1ncn([N+](=O)[O-])c2ncnc1-2,1.8078729,7.6834545,27.121792,5.3156786,3.15284,594.1154,291.53293,124.637054,3.5876670775281188
O=[N+]([O-])c1ccc2nc([N+](=O)[O-])c([N+](=O)[O-])nc2c1[N+](=O)[O-],1.8044931,7.660444,26.65496,5.642498,3.031853,535.97485,152.28351,214.92154,3.135531049494448
Nc1cc([N+](=O)[O-])c2c(c1[N+](=O)[O-])C(=O)OCO2,1.783954,6.7712846,20.66584,3.934284,2.1296637,545.3587,-501.9802,250.71437,3.0675606182996074
Nc1ncnc2c([N+](=O)[O-])c3c([N+](=O)[O-])n[nH]c3nc12,1.7620796,6.822124,20.975527,4.155887,2.378061,575.2583,251.98975,246.73172,3.334473277908921
O=[N+]([O-])c1ccc2nc3c([N+](=O)[O-])nc4c(c([N+](=O)[O-])nc5c4c4ncc([N+](=O)[O-])nc4n5[N+](=O)[O-])c3nc2c1,1.7886802,6.9030576,21.815256,4.7188764,2.3644178,500.86377,363.07645,155.16473,3.98102085775931
Nc1c(N[N+](=O)[O-])c(N)n(N[N+](=O)[O-])c(=O)c1[N+](=O)[O-],1.88329,8.25014,31.687452,5.0541916,3.4203212,680.3321,-76.8833,156.653,3.846727560097319
O=[N+]([O-])c1cc([N+](=O)[O-])c2nc3c(oc4c3cc([N+](=O)[O-])n4[N+](=O)[O-])c([N+](=O)[O-])c2c1,1.8186264,7.4102263,25.195156,5.40682,2.7471018,505.0321,32.95905,150.99054,3.733980441322508
Nc1cc([N+](=O)[O-])nc2c1C1=NN=C([N+](=O)[O-])N([N+](=O)[O-])C1=NN2[N+](=O)[O-],1.854977,8.099152,30.322618,5.6377397,3.391349,602.39087,433.8674,126.80188,4.4750451926072525
O=[N+]([O-])c1ccc2c3nc([N+](=O)[O-])n-3cc([N+](=O)[O-])nc2n1,1.7543566,6.9635477,21.71668,4.7197485,2.5166373,533.77856,197.35977,261.3266,3.457451818725218
O=[N+]([O-])c1cc2c([nH]1)c1ocnc1c1nc([N+](=O)[O-])oc21,1.763847,6.4896293,18.90555,4.082121,1.9855015,487.36148,-86.35928,282.65848,4.001046227994099
O=C1c2c(nc3c([N+](=O)[O-])[nH]cc3c2C=N[N+](=O)[O-])-c2cc([N+](=O)[O-])nc(=O)n21,1.7858108,6.667034,20.204473,4.067864,2.0730138,511.94403,-72.459694,190.67363,4.201743792017817
Nc1ncnc2c1nc([N+](=O)[O-])c1[nH]c([N+](=O)[O-])nc12,1.7447754,6.664229,19.836454,3.9016109,2.2291768,573.08575,192.95245,283.86722,3.4940086625243048
O=[N+]([O-])c1oc2c([N+](=O)[O-])c3occc3nc2c1[N+](=O)[O-],1.788536,7.2369304,23.657267,5.279339,2.6113338,492.29474,-62.201054,248.17487,3.451316494926097
Nc1nc2c([N+](=O)[O-])cc([N+](=O)[O-])nc2c(=O)n1[N+](=O)[O-],1.8570862,7.6789575,27.36063,4.7940373,2.794856,583.9983,-16.328047,174.86761,3.5632136903622387
O=[N+]([O-])c1ccc([N+](=O)[O-])c2c1nc([N+](=O)[O-])c1c2nc([N+](=O)[O-])n1[N+](=O)[O-],1.8497248,7.850442,28.521364,5.680333,3.0857558,540.10114,208.97168,121.16841,3.6096158606709787
Nc1c([N+]=O)cnc2c1[nH]c(=O)n2[N+](=O)[O-],1.817193,7.0997176,23.27427,3.9888918,2.425594,611.9361,0.16180673,158.48216,4.177437205223108
O=[N+]([O-])c1[nH]nc2c1Cc1nonc1O2,1.7627853,7.1638813,22.942268,4.9888,2.7891438,559.36566,174.58408,297.1845,4.09248088266796
O=c1c2[nH]nc(C=N[N+](=O)[O-])c2c([N+](=O)[O-])nc2c([N+](=O)[O-])cnn12,1.8206342,7.486007,25.620932,4.936656,2.7860441,565.7244,264.94717,190.30124,3.9473476162671393
O=[N+]([O-])c1nn2c([N+](=O)[O-])cncc2c1[N+](=O)[O-],1.8260223,7.900406,28.566446,5.8094993,3.2901928,565.4125,261.8863,251.68892,3.3348865798380682
O=[N+]([O-])c1ncnc2c1cnn2[N+](=O)[O-],1.8057727,7.688872,27.04256,5.417312,3.182423,588.5011,321.0154,125.792465,3.5232858392541972
O=c1c2c([N+](=O)[O-])c3[nH]nc([N+](=O)[O-])c3nc2nc2[nH]cnn12,1.8010303,6.925968,21.871647,4.1196494,2.2558508,550.6997,212.83823,249.96318,3.9627503498969103
O=c1cc([N+](=O)[O-])n2cn[nH]c2c1[N+](=O)[O-],1.8202761,7.3079734,24.329338,4.6868544,2.6418917,566.2019,15.055072,289.28885,3.5369334485147004
O=c1nnc2nc([N+](=O)[O-])c([N+](=O)[O-])n2cc1[N+](=O)[O-],1.8640606,8.114493,30.41343,5.669331,3.247627,571.98773,223.8808,242.90306,3.468381687989406
O=c1cc([N+](=O)[O-])nc2c3c([N+](=O)[O-])c([N+](=O)[O-])oc3cnn12,1.8189569,7.334296,24.510254,4.9607725,2.5670624,518.0966,-15.100446,246.5127,3.559653916894429
O=c1[nH]c2cc([N+](=O)[O-])c(=O)[nH]c2[nH]1,1.8035381,6.205559,17.508993,2.7254639,1.519959,565.45374,-362.81018,281.28195,3.0559263346799916
Nc1nnc2c3[nH]c(=O)[nH]c3c([N+](=O)[O-])nn12,1.7930683,6.8519864,21.28055,3.539479,2.199782,624.3205,129.99707,293.63715,3.505187040105696
O=[N+]([O-])c1nc([N+](=O)[O-])c2nccc([N+](=O)[O-])c2n1,1.7799191,7.4389,24.978813,5.3003473,2.8900747,545.3592,203.75095,231.67113,3.2256788077779106
O=c1c([N+](=O)[O-])cc2cn[nH]c2n1[N+](=O)[O-],1.8001132,7.395707,24.909088,4.9617496,2.824313,570.82263,62.151997,170.55898,3.4241645755272216
O=[N+]([O-])c1ccc2c([N+](=O)[O-])[nH]nc2c1O,1.7759452,6.8955884,21.413868,4.438784,2.4118733,545.9985,-85.130005,276.3318,3.126195344757992
O=[N+]([O-])c1nc2conc2nc1[N+](=O)[O-],1.8041687,7.830517,27.838175,5.8573775,3.250424,553.3677,272.32242,220.52654,3.7330955953517586
O=[N+]([O-])c1ncc2nonc2c1[N+](=O)[O-],1.8169645,8.013929,29.275286,6.293079,3.4915392,552.8563,349.8696,228.9022,3.2309766460084193
Nn1c([N+](=O)[O-])nc2c(=O)o[nH]c21,1.8078686,7.605083,26.310307,4.7266645,2.9540353,627.3742,2.034045,284.38895,3.964434475283552
O=[N+]([O-])c1nn([N+](=O)[O-])c2cc3nc([N+](=O)[O-])n4ccnc4c3c([N+](=O)[O-])c12,1.8088458,7.3958526,24.981813,5.2242665,2.8052595,537.39746,320.76505,151.51515,3.883338516322582
O=c1cc([N+](=O)[O-])[nH]c2ncc([N+](=O)[O-])n12,1.7752988,7.048885,22.295835,4.3178797,2.4283369,566.61505,-79.17704,268.40173,3.6231885469046823
O=c1cc([N+](=O)[O-])c2cnn([N+](=O)[O-])c2n1[N+](=O)[O-],1.8583853,8.039177,29.80809,5.657211,3.2594314,575.2281,107.886536,131.43597,3.803412943524517
O=[N+]([O-])c1ncc2ncc([N+](=O)[O-])n2c1[N+](=O)[O-],1.79549,7.776483,27.409466,5.6670938,3.2212842,568.67194,234.81021,222.83041,3.4104317721457607
O=[N+]([O-])c1cc2ncc([N+](=O)[O-])n2c([N+](=O)[O-])n1,1.77737,7.6528735,26.335047,5.483699,3.1155858,569.52295,174.55975,232.04124,3.4545058106072997
N=c1[nH]c([N+](=O)[O-])nc2[nH]c([N+](=O)[O-])nc12,1.8307742,7.4162083,25.265041,4.22596,2.6104133,621.7573,85.21362,275.8226,3.981089083577312
O=[N+]([O-])Nc1c([N+](=O)[O-])c2c(O)oc-2nc2nc3nccnc3nc12,1.7561638,6.6077375,19.788616,4.055283,2.1349843,527.73285,76.88681,145.04329,3.654788159253565
O=c1nc(N[N+](=O)[O-])[nH]c2nc3c([N+](=O)[O-])nnnc3cc12,1.7913127,7.119543,23.069557,4.3990808,2.5041952,571.1512,250.40561,164.59526,3.5639594227605267
O=[N+]([O-])c1cc([N+](=O)[O-])c2c(n1)c1c([N+](=O)[O-])c[nH]c1c1nncn12,1.7553049,6.823629,20.914072,4.6219,2.4318724,526.4002,295.16083,239.33087,3.572608426812094
O=c1c([N+](=O)[O-])cn2cc([N+](=O)[O-])nc2n1N[N+](=O)[O-],1.823047,7.883598,28.42009,5.293584,3.1805778,602.4185,41.628117,136.69705,3.7623773338529762
O=c1[nH]c2cc([N+](=O)[O-])c([N+](=O)[O-])c([N+](=O)[O-])c2n2c([N+](=O)[O-])cnc12,1.8378947,7.456797,25.465591,4.9312186,2.6423414,537.1939,-37.24812,214.63712,3.3432308272563027
O=[N+]([O-])c1cc([N+](=O)[O-])c2c(cc([N+](=O)[O-])n3nnnc23)n1,1.799086,7.49212,25.453154,5.403448,2.946447,545.6776,418.4625,234.37636,3.407783357186757
O=[N+]([O-])N=Cn1nc([N+](=O)[O-])c2c([N+](=O)[O-])c3[nH]ncc3c([N+](=O)[O-])c21,1.8317403,7.813237,27.950268,5.554475,3.1711102,570.4515,358.90353,187.70946,4.086769489463661
O=c1n([N+](=O)[O-])cnc2c([N+](=O)[O-])cnn12,1.846999,7.8128333,28.25147,5.0901966,3.0267265,595.36957,125.54437,145.281,3.3758060782105863
O=c1cc([N+](=O)[O-])n2ncnc2n1[N+](=O)[O-],1.8392038,7.7934794,28.017769,5.1496634,3.047096,593.64966,137.48633,133.26907,3.694518779462822
O=[N+]([O-])c1cnc2c([N+](=O)[O-])cc([N+](=O)[O-])c3c2c1N=NN3[N+](=O)[O-],1.8513855,7.8472486,28.563135,5.7969923,3.1705072,543.7129,397.2128,108.47438,3.743583957186976
Nc1cc([N+](=O)[O-])c2nnnc([N+](=O)[O-])n12,1.7943689,7.727349,26.98342,5.3234606,3.2756581,617.15314,337.47165,268.8471,3.5137910513769537
O=c1cc([N+](=O)[O-])[nH]c2cc([N+](=O)[O-])nn12,1.7546024,7.0610023,22.168768,4.470167,2.5202136,568.2945,-38.320477,277.33453,3.5990318384968116
O=[N+]([O-])Nc1c2cnn([N+](=O)[O-])c2nc2c([N+](=O)[O-])cnnc12,1.8151853,7.6880713,27.127232,5.4577994,3.1516342,576.74805,472.57523,133.60678,3.8460914213254824
O=[N+]([O-])c1nc2c([N+](=O)[O-])c3cccc([N+](=O)[O-])c3nc2c([N+](=O)[O-])c1[N+](=O)[O-],1.8046601,7.371575,24.74795,5.4207964,2.761586,507.74097,149.98755,208.66673,3.313863922520227
O=[N+]([O-])c1cc2n[nH]cc2c([N+](=O)[O-])c1[N+](=O)[O-],1.7864584,7.4722443,25.218893,5.4572177,2.9989247,549.90125,138.65372,223.30542,3.208029849068838
O=[N+]([O-])c1c[nH]c2nnc3c(nnn3[N+](=O)[O-])c12,1.8268511,7.729703,27.553974,5.427256,3.1680014,584.07794,520.1878,133.87587,3.7327578875303766
O=[N+]([O-])c1cc2nc([N+](=O)[O-])oc2nn1,1.801132,7.674667,26.714003,5.404757,2.9991755,554.49695,151.51767,256.47134,3.901282462143504
O=c1n([N+](=O)[O-])c2nc([N+](=O)[O-])ncc2c2nc([N+](=O)[O-])cn12,1.8571619,7.566269,26.638021,4.800278,2.6944866,561.9329,102.24811,132.89761,3.736661361063163
O=[N+]([O-])c1cn2c([N+](=O)[O-])cnc2c2c1nc([N+](=O)[O-])n2[N+](=O)[O-],1.8618718,7.9683475,29.474516,5.647572,3.1864212,562.55927,266.7548,140.59782,3.842222227066941
Nc1c2c(n3nnnc3c1[N+](=O)[O-])C(=O)N(N[N+](=O)[O-])C2=O,1.860334,7.597068,26.757202,4.6061897,2.7227237,593.25714,118.33954,159.04144,3.7580646870433423
O=[N+]([O-])c1cc([N+](=O)[O-])c2c(n1)c1c[nH]nc1c1c2nnn1[N+](=O)[O-],1.796156,7.2344217,23.890522,5.0640593,2.7346117,539.5307,437.32193,153.5434,3.970621135842195
O=[N+]([O-])c1cc([N+](=O)[O-])c2cnn([N+](=O)[O-])c2n1,1.8301136,7.9169164,28.791666,5.751539,3.2990947,572.7014,251.82922,127.043,3.4717875413765302
O=c1[nH]cc([N+](=O)[O-])c2ncc([N+](=O)[O-])n12,1.8172199,7.188467,23.561537,4.341443,2.452251,568.41754,-68.33068,272.4259,3.2808118027186364
O=[N+]([O-])c1nc([N+](=O)[O-])c2c([N+](=O)[O-])cc3[nH]cc([N+](=O)[O-])c3c2n1,1.8147665,7.3380246,24.6103,5.059207,2.6784205,529.76605,117.44754,220.98746,3.4722303406542547
Nc1ccc2c(N)c([N+](=O)[O-])c3nc([N+](=O)[O-])c([N+](=O)[O-])n3c(=O)c2c1[N+](=O)[O-],1.7852299,7.049009,22.413462,4.5188937,2.4796464,551.29767,-78.484085,248.79922,3.527118565245922
Nc1[nH]nc2nc([N+](=O)[O-])c3nc([N+](=O)[O-])cnc3c12,1.7770494,6.903365,21.586422,4.2847676,2.4367523,571.34863,286.97803,252.17838,3.5882329981886407
O=[N+]([O-])c1cc([N+](=O)[O-])c2c(n1)nc([N+](=O)[O-])n1ncnc21,1.8025101,7.3884654,24.866396,5.0452924,2.7614412,548.4255,326.01593,229.75941,3.4160079725713732
O=[N+]([O-])c1nc2ccc3c(nc([N+](=O)[O-])n3[N+](=O)[O-])c2nc1[N+](=O)[O-],1.8125545,7.6143107,26.47975,5.4684095,2.9702601,541.15247,282.85016,137.47208,3.673005771193864
O=[N+]([O-])c1ncc2nc3c(cc2c1[N+](=O)[O-])nnn3[N+](=O)[O-],1.80852,7.5848126,26.320171,5.502603,3.0326324,549.88635,436.06436,135.13448,3.6075879725713733
O=[N+]([O-])c1nc2c([nH]1)c([N+](=O)[O-])cc1c([N+](=O)[O-])ncnc12,1.7895087,7.0421414,22.474075,4.6529226,2.4702709,532.07117,175.09119,254.6245,3.433373357186756
O=[N+]([O-])c1nc2c([N+](=O)[O-])ccc([N+](=O)[O-])c2nc1[N+](=O)[O-],1.8281788,7.731696,27.40913,5.641976,3.035872,535.9567,152.88855,217.74178,3.1311628158586204
O=c1c([N+](=O)[O-])c([N+](=O)[O-])oc2c([N+](=O)[O-])c3[nH]c4ccncc4c3c([N+](=O)[O-])c12,1.7660906,6.7857623,20.697102,4.674955,2.2605743,483.7401,-115.7587,230.22118,3.6149936908578493
O=[N+]([O-])n1c(O)c2[nH]c3[nH]ncc3c2c1O,1.7580459,6.4541593,18.856125,3.4892561,2.008085,577.60284,-173.53973,204.38463,4.12363099283085
O=c1[nH]c2nc3ccc([N+](=O)[O-])c([N+](=O)[O-])c3c([N+](=O)[O-])c2[nH]1,1.7815108,6.7843466,20.749147,4.1900177,2.1815183,524.29474,-121.467285,224.06662,3.0798690533708566
O=[N+]c1nc2nc([N+](=O)[O-])[nH]c(=O)c2[nH]1,1.8229023,7.179061,23.602242,3.934574,2.3213954,593.7062,-10.788342,271.7116,4.214955257640689
O=[N+]([O-])c1ccc2c(n1)c([N+](=O)[O-])c([N+](=O)[O-])c1nnnn12,1.8106858,7.5435905,25.867098,5.462307,2.9666243,543.2339,436.90927,228.77437,3.1950025879559876
O=[N+]([O-])c1cc([N+](=O)[O-])c2c([N+](=O)[O-])c(O)[nH]c2c1,1.788291,7.1007094,22.718037,4.643879,2.4929278,539.036,-210.54701,250.64336,2.9564326358322095
O=[N+]([O-])c1nc2[nH]cc([N+](=O)[O-])c2c2c1ncn2[N+](=O)[O-],1.816962,7.4345903,25.414675,5.018341,2.808009,560.38306,207.25684,128.8408,3.7700743896629394
O=c1[nH]c2cc([N+](=O)[O-])c([N+](=O)[O-])nc2[nH]1,1.8171575,7.0429335,22.592207,3.9790964,2.2404437,567.5928,-152.74315,238.03821,2.99561001380987
O=[N+]([O-])c1nnc2c3c(cnn12)nnn3[N+](=O)[O-],1.8481898,8.174006,30.901466,5.9898605,3.602297,600.6536,662.92303,130.59898,3.8226305029149916
O=[N+]([O-])c1cc([N+](=O)[O-])c2c(n1)c([N+](=O)[O-])c([N+](=O)[O-])c1ocnc12,1.840048,7.4896774,25.795834,5.261789,2.6967275,511.43253,32.09992,221.43768,3.5039814313545987
O=[N+]([O-])c1cnc2c(cnc3cc([N+](=O)[O-])n4c([N+](=O)[O-])nnc4c32)n1,1.7687993,6.918605,21.588192,4.7886186,2.47903,517.6562,406.98764,238.20406,3.620658335617506
Nn1c([N+](=O)[O-])nc(=O)c2ncnc([N+](=O)[O-])c21,1.8043777,7.431351,25.144112,4.7272835,2.782098,591.1843,136.04626,237.11514,3.4235567721457603
O=[N+]([O-])c1nc2c([N+](=O)[O-])c([N+](=O)[O-])c([N+](=O)[O-])cc2[nH]1,1.8649336,8.002307,29.626804,5.5871105,3.1351192,560.5933,53.024357,215.33182,3.235895648404197
O=[N+]([O-])c1ccc2c([N+](=O)[O-])c3nnc4c(ncn4[N+](=O)[O-])c3nc2c1[N+](=O)[O-],1.8124427,7.3458953,24.777235,5.2841134,2.7718656,522.42004,416.5576,144.77559,3.604038631355696
Nc1nc2[nH]c(=O)n([N+](=O)[O-])c(=O)c2nc1C=N[N+][O-],1.8044773,7.1032753,23.036116,3.8906755,2.3716474,613.164,-12.619443,173.91739,4.334761949237592
Nn1c([N+](=O)[O-])nc2nc([N+](=O)[O-])c([N+](=O)[O-])cc21,1.8287817,7.8879642,28.521921,5.4545107,3.2518938,597.18945,217.30695,229.38968,3.5065957127552867
NN=c1nc([N+](=O)[O-])[nH]c2c([N+](=O)[O-])c3cc([N+](=O)[O-])cnc3c(O)c12,1.7901335,6.8721676,21.394451,4.225437,2.3315496,554.1328,-27.956923,275.70206,3.749340698254869
O=[N+]([O-])c1cc2ncn3nnc([N+](=O)[O-])c3c2[nH]1,1.7459757,7.025851,21.924393,4.76811,2.6699405,561.7028,324.68982,288.33997,3.747545579838068
NN=c1[nH]c([N+](=O)[O-])nc2c1c(N[N+](=O)[O-])nc1nc([N+](=O)[O-])cnc12,1.8160322,7.378582,25.064999,4.618025,2.7598524,599.6113,344.26248,147.09651,4.116068926083379
O=c1[nH]cnc2oc([N+](=O)[O-])nc12,1.7708927,6.7072506,20.212202,3.684775,2.0157018,551.2153,-167.26648,273.2858,3.664889750008826
O=[N+]([O-])N=Cc1nnnc2c([N+](=O)[O-])c3cc4nc([N+](=O)[O-])[nH]c4nc3c([N+](=O)[O-])c12,1.8086296,7.367376,24.761295,5.08659,2.7501383,541.5596,452.62094,191.71678,4.274615558806017
Nn1c([N+](=O)[O-])nc2nc([N+](=O)[O-])[nH]c2c1=NNC(=O)N[N+](=O)[O-],1.8544557,8.025599,29.804314,4.846877,3.1984625,662.6008,151.21143,170.6044,4.084274630913095
O=[N+]([O-])c1oc2c([N+](=O)[O-])cc3ncc([N+](=O)[O-])n3c2c1[N+](=O)[O-],1.8266383,7.659775,26.80453,5.5382595,2.9229894,526.02246,52.21358,243.66998,3.6273775155284804
O=[N+]([O-])c1nn([N+](=O)[O-])c2ncncc12,1.787957,7.6416693,26.537054,5.4569364,3.194829,586.3526,330.15216,125.68736,3.5201282407551364
O=[N+]([O-])c1nc2n[nH]c([N+](=O)[O-])c2c2ncncc12,1.7597818,6.8135324,20.902296,4.500459,2.4187171,538.853,309.34906,252.93155,3.5294231089817014
O=c1c2nc([N+](=O)[O-])nnc2ncn1[N+](=O)[O-],1.8748868,7.992445,29.918476,5.268724,3.1009178,587.62286,270.2447,136.81277,3.8032328025763427
O=[N+]([O-])c1cc2cn[nH]c2n2nnc([N+](=O)[O-])c12,1.7592889,7.156933,22.904402,5.060918,2.8229475,558.8487,394.3044,258.56265,3.4692932721457614
O=[N+]([O-])c1nn([N+](=O)[O-])c2c1cnc1ncnn12,1.78979,7.543838,25.861996,5.2620387,3.0696003,584.2084,476.93515,141.14825,3.6770492721457604
O=[N+]([O-])c1cc2c([N+](=O)[O-])c([N+](=O)[O-])cc([N+](=O)[O-])c2o1,1.8313569,7.7701445,27.610418,5.7824316,3.0229878,518.78534,-90.62378,226.51543,3.1113583057468537
N=c1[nH]cnc2c1c1cnn([N+](=O)[O-])c1n2[N+](=O)[O-],1.7838051,7.2075386,23.630747,4.7069464,2.7800817,593.85175,317.57043,148.32364,4.3365258666014395
O=[N+]([O-])c1ccc2c(c1)nc([N+](=O)[O-])c1c2c([N+](=O)[O-])nn1[N+](=O)[O-],1.7798294,7.3736773,24.576283,5.4577403,2.8929396,529.5739,238.8396,124.10327,3.401094175327044
NC1=C(N[N+](=O)[O-])N(N[N+](=O)[O-])C(=O)C1=C1N=NN=N1,1.8497483,8.132283,30.535389,5.237131,3.468349,665.6819,364.67337,153.53369,4.420833744109386
O=[N+]([O-])ON=c1[nH]cnc2c1nc([N+](=O)[O-])n2[N+](=O)[O-],1.8762126,8.387741,32.63987,5.7752576,3.5498693,615.34076,261.22137,134.96114,4.344846564622207
O=[N+]([O-])c1nc2cnn([N+](=O)[O-])c2[nH]1,1.8051174,7.9662614,28.82907,5.521682,3.4289541,622.2484,266.60205,148.36885,4.0138433387285755
O=c1[nH]c(=O)c2nc(C=N[N+](=O)[O-])n([N+](=O)[O-])c2[nH]1,1.8457993,7.450506,25.502956,4.204301,2.5282001,605.743,-123.887,159.601,3.999502337189675
O=[N+]([O-])c1oc2ncn3c([N+](=O)[O-])cnc3c2c1[N+](=O)[O-],1.8288047,7.4712553,25.565744,5.153637,2.732335,530.0417,96.9321,250.8616,3.5646266163835856
O=c1nc[nH]c2c1n([N+](=O)[O-])c(=O)n2C=N[N+](=O)[O-],1.8294429,7.4555817,25.55826,4.385158,2.6221738,600.9787,-70.43394,151.84573,4.193201884700988
O=c1[nH][nH]c(=O)c2nc([N+](=O)[O-])ncc12,1.8006752,6.7056193,20.54907,3.6847014,2.0425134,558.2721,-103.25224,252.72662,3.379204788597537
O=[N+]([O-])c1ncnc2c1cc([N+](=O)[O-])n2[N+](=O)[O-],1.8245481,7.866395,28.37588,5.6526203,3.2384205,572.5198,225.7024,125.31204,3.612242349068838
O=[N+]([O-])Nc1nc2oc([N+](=O)[O-])cc2c2ncn-2c1[N+](=O)[O-],1.8028364,7.510831,25.668001,5.124978,2.885879,564.09015,115.62109,141.19653,3.729771049494449
O=[N+]([O-])c1cc([N+](=O)[O-])c2c([nH]c3nonc32)c1[N+](=O)[O-],1.8440709,7.7392125,27.567905,5.6969337,3.0494776,533.0629,247.11258,235.01315,3.408988559703424
O=[N+]([O-])c1nc2c([N+](=O)[O-])c([N+](=O)[O-])ccn2n1,1.7957863,7.748137,27.14997,5.619615,3.1827195,566.4702,209.64532,232.56622,3.2107183106073
O=c1c([N+](=O)[O-])c2c(nnn2[N+](=O)[O-])nc2c1ncn2[N+](=O)[O-],1.8733155,8.069832,30.32074,5.5748916,3.2022994,573.5334,375.24075,123.67062,4.052626125331154
O=c1n(C=N[N+](=O)[O-])cnc2c([N+](=O)[O-])c([N+](=O)[O-])c([N+](=O)[O-])n12,1.8779941,8.148091,30.797844,5.4649982,3.2070224,587.2079,64.09996,203.78616,3.981338298495512
O=c1[nH]c(=NN[N+](=O)[O-])c2ccn([N+](=O)[O-])c2[nH]1,1.7982675,7.2725835,23.987232,4.2920775,2.660653,624.62103,-32.887936,159.72154,4.289800355348273
O=[N+]([O-])c1cc2c(cnn2[N+](=O)[O-])c2nnnn12,1.8098725,7.7075305,27.098686,5.6220136,3.2618093,580.9651,547.589,141.07324,3.732137579838068
O=[N+]([O-])c1cn2c(n1)c1c([N+](=O)[O-])c([N+](=O)[O-])[nH]c1c1cncc([N+](=O)[O-])c12,1.7814925,7.0246863,22.260143,4.80204,2.504193,521.8333,172.17145,243.99533,3.7219306215857397
O=c1c2c(cnn2C=N[N+](=O)[O-])c([N+](=O)[O-])nn1[N+](=O)[O-],1.8486494,8.145426,30.543848,5.7084093,3.4147625,598.5823,260.22647,145.02417,4.240340873179422
O=c1[nH]c2nc([N+](=O)[O-])oc2[nH]1,1.8447784,7.0631776,22.91924,3.4712665,2.037737,591.4916,-270.9783,280.10385,3.902285617351894
Nc1c2c(nc([N+](=O)[O-])n3ncnc23)nn1[N+](=O)[O-],1.8129785,7.5695524,26.234097,4.8745875,2.9811213,614.0505,415.02444,178.48112,3.7999474642345765
O=c1n([N+](=O)[O-])cnc2ncc([N+](=O)[O-])n12,1.8218638,7.6534553,26.877342,4.898358,2.908315,594.6831,76.44571,147.9435,3.733777455670335
O=[N+]([O-])c1[nH]c([N+](=O)[O-])c2ncncc12,1.7597084,7.031602,22.153494,4.7176905,2.6240907,558.42096,141.37973,293.96863,3.5033575090478193
O=[N+]([O-])c1cc2c3ncc([N+](=O)[O-])n3nnn2c1[N+](=O)[O-],1.8101319,7.7989798,27.645798,5.799389,3.2731268,563.6469,456.79617,249.8934,3.569810422051603
O=[N+]([O-])c1nc2cc([N+](=O)[O-])c3c(nnn3[N+](=O)[O-])c2[nH]1,1.8286053,7.737472,27.45896,5.372711,3.0617974,570.2658,333.89838,127.057465,3.813760219622452
O=[N+]([O-])c1ccc([N+](=O)[O-])c2c([N+](=O)[O-])c3c([N+](=O)[O-])n[nH]c3nc12,1.8142108,7.399063,24.9918,5.206444,2.763227,530.15015,171.51736,224.85605,3.2588383773936345
O=[N+]([O-])Nc1nn2cc([N+](=O)[O-])nc2c2c([N+](=O)[O-])c([N+](=O)[O-])oc12,1.85453,8.069438,30.112598,5.7104053,3.2701068,570.83215,184.92145,136.23282,3.8069270111479403
O=[N+]([O-])c1c2ccccc2nc2c([N+](=O)[O-])c3c(c([N+](=O)[O-])c12)n([N+](=O)[O-])n3[N+](=O)[O-],1.7673562,7.2417803,23.593409,5.460341,2.8165948,514.58044,217.18784,133.49672,3.6480041669944274
O=[N+]([O-])c1c([N+](=O)[O-])c2occn2c1O,1.7927061,7.255341,23.691557,4.7512965,2.5929282,547.4452,-238.86699,273.88574,3.516465426496225
O=[N+]([O-])c1ncc2c(cc([N+](=O)[O-])c3[nH]nc([N+](=O)[O-])c32)n1,1.7949004,7.130434,23.0934,4.830837,2.577232,533.8027,220.16974,260.47388,3.4490125879559868
O=c1[nH]nc([N+](=O)[O-])c2cnoc12,1.7805235,7.212238,23.41333,4.7805586,2.6461003,555.0544,38.076847,277.88977,3.4324474423165174
Nc1c[n+]2c(cc1[N+](=O)[O-])cc([N+](=O)[O-])c1c([N+](=O)[O-])c3c([N+](=O)[O-])ccc([N+](=O)[O-])c3nc12,1.7661859,6.815451,20.89924,4.756713,2.4231877,510.73282,58.050068,225.12961,3.7342957162607187
O=[N+]([O-])c1ncc([N+](=O)[O-])n2cnnc12,1.8024794,7.6915145,26.93456,5.509057,3.204719,582.27264,351.74557,251.83313,3.3804779593292444
Nc1ncc2[nH]c([N+](=O)[O-])c([N+](=O)[O-])c2n1,1.7492509,6.9780235,21.705217,4.2660956,2.5437155,599.58136,77.20239,276.33112,3.2631209261533405
O=[N+]([O-])c1ccc2c(n1)c([N+](=O)[O-])c([N+](=O)[O-])c1nc([N+](=O)[O-])ncc12,1.7836437,7.1113563,22.898537,5.06619,2.5776875,508.01343,181.72571,222.40201,3.469699819133991
O=c1c2nc3c([N+](=O)[O-])cc([N+](=O)[O-])cc3nc2nc([N+](=O)[O-])n1[N+](=O)[O-],1.8523088,7.567352,26.55668,5.1097884,2.727056,532.25366,99.56094,135.6074,3.441579807991867
O=[N+]([O-])c1cc2c(cnn2[N+](=O)[O-])n2nnnc12,1.816516,7.7523313,27.475155,5.680384,3.292723,579.9265,562.10266,141.53508,3.6171369644534535
O=c1[nH]c2cc([N+](=O)[O-])nn2cc1[N+](=O)[O-],1.8036708,7.205042,23.488598,4.47128,2.5293987,570.3586,-40.112453,265.50833,3.4032182427901922
O=C1OCc2cc([N+](=O)[O-])nc3c4nn(C=N[N+](=O)[O-])nc4c(=O)n1c23,1.785933,6.7092047,20.401989,3.9313076,2.092866,534.86395,-100.04926,195.43184,4.213694874079044
O=[N+]([O-])c1nc2nc3nonc3cc2n1[N+](=O)[O-],1.8191576,7.831509,28.080664,5.8247437,3.2518036,556.48206,458.1017,128.31795,3.821578195222685
O=c1c2nc([N+](=O)[O-])[nH]c2cnn1[N+](=O)[O-],1.8349166,7.7300577,27.563189,4.975979,2.9445348,592.7897,94.39618,157.02734,3.7548880102320528
O=[N+]([O-])C1=Nc2c([N+](=O)[O-])ncc3nnc([N+](=O)[O-])c(c23)N1,1.8371537,7.557406,26.310467,5.191036,2.8594036,550.13806,358.35666,243.25873,4.00383951103291
O=[N+]([O-])N=Cc1c([N+](=O)[O-])oc2c(O)cc([N+](=O)[O-])nc12,1.8120729,7.4428687,25.250795,5.0028086,2.7360806,546.2791,-149.61386,179.18604,4.0077922468057965
O=[N+]([O-])N=Cc1c2ncnc-2c2c([N+](=O)[O-])ncnc2n1[N+](=O)[O-],1.7811699,7.3361387,24.445292,5.1161356,2.8729794,561.6948,417.4233,131.47845,4.0466467900040035
Nc1nc2c(c([N+](=O)[O-])n1)Nc1c(nnn3cc([N+](=O)[O-])nc13)O2,1.7873032,6.9673867,21.963589,4.143638,2.3781793,575.5108,224.46118,286.97348,3.999664491705288
O=[N+]([O-])c1ccc([N+](=O)[O-])c2c1nc([N+](=O)[O-])n1nnnc21,1.8153219,7.5449376,25.947971,5.4227695,2.9604726,545.5061,437.34464,234.9011,3.176033357186756
Nc1ncnc2c1cc([N+](=O)[O-])n1c([N+](=O)[O-])c([N+](=O)[O-])nc21,1.7611789,7.0432014,22.2328,4.6230435,2.5767157,559.60693,207.8424,244.66167,3.4786695496487727
O=[N+]([O-])c1c2nnn([N+](=O)[O-])c2c([N+](=O)[O-])c2ccoc12,1.8101231,7.6165175,26.393057,5.6841974,3.0376773,532.1185,229.60364,115.61777,3.6881877499868256
O=[N+]([O-])N=Cc1c([N+](=O)[O-])[nH]c2nc([N+](=O)[O-])ncc12,1.8038452,7.5426173,25.916214,5.0856667,2.9518037,581.1776,191.85718,180.72246,4.0930747697504115
O=[N+]([O-])c1cn2nnnc2c2[nH]nnc12,1.7723141,7.3468614,24.240536,5.0092525,3.001583,600.6756,574.4383,285.77374,3.6760078951903212
O=[N+]([O-])c1c([N+](=O)[O-])c2[nH]ncc2c2c([N+](=O)[O-])ncnc12,1.7940117,7.185049,23.459204,5.011099,2.667672,532.1292,267.0902,229.88203,3.4037656648790646
O=[N+]([O-])c1cn2nnc3nc4c([N+](=O)[O-])cc([N+](=O)[O-])c([N+](=O)[O-])c4nc3c2n1,1.8323096,7.510287,25.93812,5.3027153,2.818046,530.02124,468.19046,224.70644,3.6403190597880215
O=[N+]([O-])c1cnc2nc([N+](=O)[O-])c([N+](=O)[O-])nc2c1,1.787279,7.4344788,25.04522,5.290999,2.8692207,541.8734,208.71725,219.72795,3.122131296465694
NN=c1c2nnc([N+](=O)[O-])nc2nc([N+](=O)[O-])n1N,1.843201,7.993568,29.554117,5.1914434,3.4042275,657.08057,490.22598,242.15694,3.971172020447594
O=[N+]([O-])c1cc2nc3nc([N+](=O)[O-])c4c(cnc5c4cnn5[N+](=O)[O-])c3nc2cc1[N+](=O)[O-],1.7914182,6.90387,21.812967,4.780277,2.404977,502.85062,380.8616,160.31651,3.690628534831764
O=[N+]([O-])c1cc2nnc([N+](=O)[O-])c([N+](=O)[O-])c2cc1[N+](=O)[O-],1.8154123,7.7957635,27.70615,5.919032,3.1960156,537.3236,224.0889,215.60683,3.078678264348561
O=[N+]([O-])c1cnc2cnn([N+](=O)[O-])c2c1[N+](=O)[O-],1.7981381,7.887992,28.259048,5.9630566,3.4105165,570.76385,307.02313,125.43373,3.422668310607299
Nc1nc([N+](=O)[O-])c([N+](=O)[O-])c2nc3c([N+](=O)[O-])cc([N+](=O)[O-])cc3c([N+](=O)[O-])c12,1.8237083,7.409853,25.157454,5.1400776,2.7339833,531.58954,69.80078,225.6448,3.38145962183264
Nn1c(=O)c2c(cc([N+](=O)[O-])n2[N+](=O)[O-])n(N)c1=O,1.8321172,7.6173663,26.615232,4.6640143,2.919046,629.1783,-79.47889,155.9398,3.8088235118133706
O=[N+]([O-])c1cc([N+](=O)[O-])c2cc([N+](=O)[O-])c3c(ncn3[N+](=O)[O-])c2nc2c3nc-2onc1-3,1.7905812,7.149107,23.324787,5.20097,2.639447,504.6258,326.4936,142.19281,4.734832879290772
O=c1[nH]c(=O)c2nnn(C=N[N+](=O)[O-])c2[nH]1,1.8089367,7.082865,22.757904,3.6395762,2.2668538,626.42334,-52.899708,194.40688,3.955752671152527
O=c1[nH]c2cc([N+](=O)[O-])c3nnn([N+](=O)[O-])c3c2[nH]1,1.8307781,7.2486978,24.137024,4.399719,2.4984572,571.5858,81.70491,151.86485,3.5458785293233337
O=c1c2nc([N+](=O)[O-])[nH]c2ncn1[N+](=O)[O-],1.8542961,7.677948,27.428843,4.676522,2.781472,596.3689,30.530458,151.2815,3.7870658277633584
O=c1c2cc([N+](=O)[O-])cc([N+](=O)[O-])c2n([N+](=O)[O-])n1[N+](=O)[O-],1.8512659,8.0612955,29.902506,5.8014855,3.2608573,560.3759,3.3123653,120.82042,3.43773064463615
O=[N+]([O-])c1ccc2ncc3c(c([N+](=O)[O-])nn3[N+](=O)[O-])c2c1[N+](=O)[O-],1.7749466,7.394456,24.661776,5.5426126,2.941201,529.00134,253.13455,149.9546,3.46771277463818
O=[N+]([O-])c1cc(O)c2c([N+](=O)[O-])c3c([N+](=O)[O-])cc([N+](=O)[O-])nc3nc2c1,1.7748244,6.9224305,21.595978,4.723101,2.3773015,504.60025,-97.31654,223.01498,3.236824038761098
O=c1[nH]c(=O)c2[nH]c([N+](=O)[O-])nc2[nH]1,1.815595,6.5049176,19.308226,2.770082,1.6320667,594.0967,-336.3618,288.16415,3.173214188931004
O=[N+]([O-])c1ncc2c(cc([N+](=O)[O-])n3nnnc23)n1,1.7911259,7.264196,23.911379,5.0204167,2.7797143,554.90857,465.7283,257.26517,3.4707206416377243
O=c1nc([N+](=O)[O-])c([N+](=O)[O-])nc2cnn(C=N[N+](=O)[O-])c12,1.8146102,7.7553425,27.413576,5.2928333,3.0503411,577.45197,236.4065,189.90561,3.9494302672258694
O=[N+]([O-])c1cc2c([N+](=O)[O-])c(O)c3ocnc3c2o1,1.7872169,6.6834455,20.144176,4.2149787,2.0449636,485.9081,-326.82776,293.01627,3.559969653583689
Nc1nc([N+](=O)[O-])c2c(cc([N+](=O)[O-])n3cc([N+](=O)[O-])nc23)n1,1.7544647,6.988524,21.803646,4.502072,2.5179224,562.38983,153.06583,236.52306,3.571630839971352
O=c1c2cc([N+](=O)[O-])nc([N+](=O)[O-])c2nc2[nH]cnn12,1.768494,6.8279257,20.978487,4.1729693,2.2586925,544.1739,93.0827,241.54057,3.795406704482347
Nn1c([N+](=O)[O-])cc2c(nc([N+](=O)[O-])n2N[N+](=O)[O-])c1=O,1.8420058,8.02969,29.600252,5.3587766,3.329926,624.1881,104.253845,129.00093,3.958158865187414
O=[N+]([O-])c1c2c(c3c(ccn3[N+](=O)[O-])c1[N+](=O)[O-])OCO2,1.8143464,7.343466,24.655706,5.085778,2.7126935,531.87994,-192.536,162.41243,3.572888154845126
N=c1c2cc([N+](=O)[O-])n([N+](=O)[O-])c2ncn1[N+](=O)[O-],1.8488075,7.9622636,29.291044,5.4968367,3.2926767,600.24915,214.30301,135.17046,4.1309104819860565
O=c1[nH]nc([N+](=O)[O-])c2c([N+](=O)[O-])ccnc12,1.757,6.9296417,21.460947,4.579755,2.4599602,539.6764,48.63709,225.20024,2.9500869831783483
O=[N+]([O-])N=c1ncn([N+](=O)[O-])c2c([N+](=O)[O-])nccc12,1.7679161,7.5856013,25.878765,5.539089,3.1950078,577.01337,299.0693,112.13577,3.9427029748786175
O=c1cc([N+](=O)[O-])nc2c([N+](=O)[O-])c[nH]n12,1.7843573,7.1532607,23.018736,4.4913983,2.537571,567.72186,-29.06883,288.06647,3.3323259350978844
Nc1c([N+](=O)[O-])cc([N+](=O)[O-])c2c1nnn2[N+](=O)[O-],1.839393,7.9964767,29.396042,5.6460676,3.384194,600.02734,256.74554,125.06239,3.4631187896783633
O=[N+]([O-])c1ccn2nnc([N+](=O)[O-])c2c1[N+](=O)[O-],1.7828567,7.807443,27.409271,5.9310927,3.3558393,565.0598,288.8372,228.98291,3.3232471567611457
O=[N+]([O-])N=Cc1c2c(nnn2[N+](=O)[O-])c([N+](=O)[O-])c2nnnn12,1.8798538,8.444581,33.11436,6.1695776,3.7322967,605.4633,738.98846,124.455185,4.21116394879801
O=[N+]([O-])c1c[nH]c2cc([N+](=O)[O-])n3nnnc3c12,1.7801329,7.171941,23.147007,4.9257574,2.7506776,560.50867,357.69247,279.49783,3.396700656761145
O=[N+]([O-])c1cnc2c(cnc3[nH]nc([N+](=O)[O-])c32)n1,1.7487733,6.78642,20.618433,4.454532,2.4051423,541.2709,303.4086,263.79593,3.3455148361224847
NN=c1[nH]c([N+](=O)[O-])nc2cnc([N+](=O)[O-])nc12,1.7863278,7.3434186,24.46478,4.6168313,2.8362348,616.6481,279.11667,263.6863,4.046707105740737
O=c1[nH]n([N+](=O)[O-])c(=O)c2cc([N+](=O)[O-])cnc12,1.8166279,7.171805,23.588167,4.482893,2.4508932,548.10675,-120.84124,162.2579,3.311855810607298
O=[N+]([O-])c1cnc2nc3c([N+](=O)[O-])nc([N+](=O)[O-])nc3nc2c1,1.7947655,7.1637936,23.359365,4.830419,2.5493836,527.85156,315.3384,233.18413,3.3403265861606464
O=[N+]([O-])c1cc2c(cn1)nc([N+](=O)[O-])n1nnnc21,1.7779214,7.2583966,23.76201,5.0624843,2.8122733,556.3067,482.98624,260.97495,3.3536631670368537
O=[N+]([O-])c1cc([N+](=O)[O-])c2nc([N+](=O)[O-])c([N+](=O)[O-])n2c1,1.8493856,8.012295,29.536865,5.8367057,3.2568386,556.45514,126.83862,247.44627,3.2618106134391622
O=[N+]([O-])c1cc([N+](=O)[O-])n2ncoc12,1.8003613,7.62997,26.313835,5.4008107,3.0316367,561.7184,60.010944,294.52057,3.685587468283231
O=[N+]([O-])c1cnc2nc([N+](=O)[O-])cn3c([N+](=O)[O-])nc-3c2c1,1.7574593,7.000481,21.962505,4.7931957,2.551845,532.5627,208.8324,267.11935,3.375824126417526
O=[N+]([O-])c1cn2c(n1)c1c([N+](=O)[O-])cnnc1n2[N+](=O)[O-],1.81577,7.8490458,28.25668,5.720278,3.296773,575.3653,433.0908,118.782196,3.8417075880435068
O=[N+]([O-])c1cn2c([N+](=O)[O-])c([N+](=O)[O-])nc2cn1,1.8079232,7.7936716,27.6353,5.594672,3.185577,569.40686,207.70523,254.77235,3.369450041376531
O=[N+]([O-])c1cc2nnn([N+](=O)[O-])c2cc1[N+](=O)[O-],1.8111699,7.9206004,28.582836,5.967376,3.4042952,569.4026,296.05286,130.11388,3.2196894644534524
O=[N+]([O-])c1nn2cnnc2c2c1cnn2[N+](=O)[O-],1.8101506,7.758295,27.540358,5.6613555,3.3202667,585.77454,569.37256,139.4793,3.7497166567611453
O=c1c2nc([N+](=O)[O-])n(N[N+](=O)[O-])c2nnc2c([N+](=O)[O-])c([N+](=O)[O-])cn12,1.8784381,8.183965,31.142166,5.620251,3.2870169,584.806,293.65265,134.61726,3.781699038761098
O=[N+]([O-])c1nc2noc([N+](=O)[O-])c2c2nc3nnnn3cc12,1.8279896,7.513136,25.895002,5.332837,2.8741827,537.9505,574.7577,241.31364,3.975626334854251
O=[N+]([O-])c1cc2c(nc([N+](=O)[O-])n2[N+](=O)[O-])o1,1.8455894,8.263661,31.309631,6.035942,3.4827158,574.1922,74.338394,125.87778,3.86996196645594
O=[N+]([O-])c1cnc2c([N+](=O)[O-])c(O)cc([N+](=O)[O-])c2n1,1.7998673,7.269592,23.991879,4.9271636,2.6236794,532.5471,-55.414074,246.47955,3.2080191335627006
O=[N+]([O-])c1nc2c([N+](=O)[O-])ccnn2c1[N+](=O)[O-],1.8087263,7.827943,27.850367,5.7687454,3.2560802,564.0006,261.10214,250.67764,3.2395442721457606
O=[N+]([O-])c1ccc2c(nnn2[N+](=O)[O-])c1[N+](=O)[O-],1.8227326,7.968174,29.038,6.0048985,3.42225,568.3287,305.22922,129.02284,3.2707933106072993
O=c1nc2c([N+](=O)[O-])n[nH]c2c[nH]1,1.7553633,6.6615148,19.795053,3.650662,2.1257505,586.6852,-10.598508,291.7891,3.5582782115472877
Nn1c([N+](=O)[O-])cc2cc3c([N+](=O)[O-])nn([N+](=O)[O-])c3nc21,1.797629,7.545135,25.912352,5.338559,3.0843904,579.22406,316.2112,138.50212,3.8650156648790635
O=[N+]([O-])c1cc2c(nnn3c([N+](=O)[O-])cnc23)c([N+](=O)[O-])n1,1.8023543,7.5187435,25.729542,5.424293,2.9666498,546.20105,420.4766,238.01514,3.4905879725713724
O=[N+]([O-])c1ccc2c([N+](=O)[O-])[nH]nc2n1,1.7308815,6.9948378,21.673645,4.8353715,2.6844416,556.671,161.96811,276.96164,3.3106055390665814
O=c1[nH]c2nc3c(cc2n2cc([N+](=O)[O-])nc12)c([N+](=O)[O-])cn3[N+](=O)[O-],1.8219959,6.999214,22.546108,4.3397737,2.3108666,535.02075,44.45345,157.78522,3.8284804103737375
Nc1nc([N+](=O)[O-])c2ncnc([N+](=O)[O-])c2n1,1.7523699,7.112267,22.707771,4.48095,2.640081,591.37494,199.2669,241.86778,3.3011231035796857
O=c1c(N[N+](=O)[O-])c(O)[nH]c2ccc([N+](=O)[O-])n12,1.7642095,6.890537,21.301376,4.0123634,2.3274496,583.2015,-282.845,171.50665,3.7598423490688386
O=[N+]([O-])Nc1nnc2nc([N+](=O)[O-])n3c(nc4c([N+](=O)[O-])c[nH]c43)c2n1,1.8519051,7.5669804,26.70412,4.853169,2.805911,578.30524,465.7852,143.35074,3.983589104848276
O=[N+]([O-])c1cn([N+](=O)[O-])c2nn[nH]c12,1.8141484,8.138611,30.211546,5.8942685,3.6774156,623.1529,344.86478,130.78107,3.869296780024122
O=[N+]([O-])Nc1nc2nc([N+](=O)[O-])cc([N+](=O)[O-])c2[nH]1,1.7980272,7.674286,26.718687,5.0861015,3.0443194,599.476,128.8583,153.8136,3.433544871126327
O=[N+]([O-])c1cc2c(nc1[N+](=O)[O-])nn1c([N+](=O)[O-])cnnc21,1.8247589,7.597563,26.490135,5.468644,2.9844525,544.7089,446.29172,227.02643,3.4364587418021415
Nc1nc2c(c(C=N[N+](=O)[O-])nn2[N+](=O)[O-])c([N+](=O)[O-])c1[N+](=O)[O-],1.8742502,8.244241,31.574406,5.694616,3.451007,607.05383,290.91345,154.5752,4.0803097270669415
O=[N+]([O-])c1ccc([N+](=O)[O-])c2nc3c(nc12)c([N+](=O)[O-])nn3[N+](=O)[O-],1.8522074,7.8025565,28.240065,5.6026,3.0599203,543.8131,317.5439,140.88414,3.5132335553500056
O=[N+]([O-])c1c([N+](=O)[O-])c(O)c2c(nnc3c([N+](=O)[O-])cccc32)c1[N+](=O)[O-],1.7886925,7.0797796,22.698969,5.067663,2.5499609,502.59506,25.470476,216.17403,3.1041913464534066
O=[N+]([O-])c1c([N+](=O)[O-])c2c([N+](=O)[O-])ccnc2c2[nH]nnc12,1.770416,7.152213,22.9968,5.075616,2.705804,532.81665,300.82114,222.51881,3.3703202802636785
O=c1[nH]c([N+](=O)[O-])cc2nc([N+](=O)[O-])n(C=N[N+](=O)[O-])c12,1.8257786,7.5862045,26.284843,4.8642926,2.8192487,582.1678,13.481021,183.55687,4.096088675377224
O=c1[nH]c2nc([N+](=O)[O-])[nH]c2c(=NNC=N[N+](=O)[O-])n1[N+](=O)[O-],1.8725411,8.048127,30.068567,4.889295,3.1378078,645.0053,131.79266,155.0477,4.455102552130162
O=[N+]([O-])c1cc2ncc3nc([N+](=O)[O-])n([N+](=O)[O-])c3c2c2c([N+](=O)[O-])c[nH]c12,1.7702076,7.082237,22.632719,4.9812,2.616395,526.03687,213.60345,135.27534,3.725563415108007
O=[N+]([O-])c1ccc([N+](=O)[O-])c2c1c([N+](=O)[O-])c([N+](=O)[O-])n1cnnc21,1.8097969,7.451172,25.299404,5.4584002,2.8895538,527.7175,266.65768,217.73883,3.240902441687549
O=c1[nH]c(=O)c2ccc([N+](=O)[O-])c([N+](=O)[O-])c2o1,1.8112243,6.624854,19.928251,3.6824436,1.8372524,504.2638,-504.03653,231.78041,2.8492327336842234
O=[N+]([O-])N=Cc1c([N+](=O)[O-])nc2nonc2c1[N+](=O)[O-],1.8621976,8.346866,32.176197,6.3857813,3.6658802,571.5239,439.1116,185.8074,3.919254256929899
O=[N+]([O-])c1ncc2cnc([N+](=O)[O-])n2n1,1.7617737,7.520906,25.435867,5.364372,3.125627,583.5615,317.3048,258.47504,3.5377837754643293
O=[N+]([O-])N=c1[nH]cnc2c1ncn2[N+](=O)[O-],1.8200793,7.7138166,27.322546,5.057796,3.132002,621.5137,286.85852,139.31549,4.182256866956724
N=c1c2c([N+](=O)[O-])cnnc2nc([N+](=O)[O-])n1[N+](=O)[O-],1.8514906,8.061193,30.072947,5.6255736,3.3565118,596.2447,356.382,122.35486,3.917880091472715
O=[N+]([O-])c1ccc2nc3nonc3c([N+](=O)[O-])c2c1[N+](=O)[O-],1.7881742,7.4084105,24.781128,5.724973,2.9267247,508.4865,332.40756,216.13936,3.137829511032911
O=[N+]([O-])c1c[nH]c2nc3nn[nH]c3c([N+](=O)[O-])c12,1.7589613,7.013289,22.027542,4.5776386,2.5740845,563.7793,281.44305,259.8169,3.5858668106072997
Nc1c([N+](=O)[O-])nnc2[nH]c([N+](=O)[O-])nc12,1.8353451,7.661296,27.016598,4.7635674,2.9547763,622.20306,226.91681,281.8497,3.6930085826828574
O=c1[nH]c(=O)c2ncn([N+](=O)[O-])c2[nH]1,1.8112535,6.7687445,20.94738,3.2478476,1.9385178,601.7467,-242.03732,164.88774,3.43418868285813
O=c1[nH]c2c([N+](=O)[O-])c([N+](=O)[O-])c3[nH]cnc3c2[nH]1,1.8045706,6.664137,20.22801,3.6304176,1.9825716,551.01636,-135.80646,248.057,3.3266140322819133
O=c1[nH]nnc2c([N+](=O)[O-])cc3nc4cc([N+](=O)[O-])c([N+](=O)[O-])nc4nc3c12,1.8093922,6.924188,21.93456,4.473487,2.2823224,511.52057,238.00299,231.14052,3.5447484038035224
O=c1c2nc(C=N[N+](=O)[O-])[nH]c2n(N[N+](=O)[O-])c(=O)n1N[N+](=O)[O-],1.8519348,8.0381365,29.697622,4.9958997,3.172291,637.9008,-0.7584356,150.09152,4.540715255913096
O=[N+]([O-])N=Cn1ncc2c3nc([N+](=O)[O-])oc3c([N+](=O)[O-])nc21,1.8144584,7.5944214,26.281189,5.2156982,2.9118116,558.2836,250.27518,181.9427,4.307234278468339
O=c1c2c([N+](=O)[O-])c[nH]c2nc(C=N[N+](=O)[O-])n1[N+](=O)[O-],1.8264161,7.7047253,27.211666,5.109864,2.9766183,583.1115,69.071686,154.53194,4.071328785267335
NN=c1[nH]c([N+](=O)[O-])nc2c1nc([N+](=O)[O-])n2C=N[N+](=O)[O-],1.8505594,8.010857,29.631828,5.1163464,3.2842145,643.53906,324.3578,190.83942,4.534639132936431
Nn1cc2c(nnn2[N+](=O)[O-])c1[N+](=O)[O-],1.8262801,8.26856,31.304869,6.047996,3.9085894,647.8489,424.04697,134.8635,4.0300365803423785
O=[N+]([O-])N1OC(CO)([N+](=O)[O-])C2OC21,1.7667754,8.090066,29.305841,5.580858,3.7403126,671.84424,-352.14774,158.81065,5.318424357468485
O=c1[nH]c2[nH]cnc2c([N+](=O)[O-])c1[N+](=O)[O-],1.8300089,7.182079,23.619242,4.2003326,2.3764932,569.7563,-105.04224,237.52715,3.2943069726649696
O=c1nc([N+](=O)[O-])[nH]c2nc3cc([N+](=O)[O-])cc([N+](=O)[O-])c3c([N+](=O)[O-])c12,1.8098882,7.1492443,23.269192,4.670397,2.4215953,520.4516,-72.664696,220.79243,3.3301432695303284
O=c1cc([N+](=O)[O-])n2nc([N+](=O)[O-])cc2[nH]1,1.7522603,7.0508676,22.048336,4.4688106,2.519566,568.6559,-40.028454,274.19666,3.569951695384111
Nc1c([N+](=O)[O-])cc2nc([N+](=O)[O-])[nH]c2c1[N+](=O)[O-],1.807118,7.372507,24.612518,4.7326026,2.7328882,580.15027,0.35943857,289.003,3.3248981742937476
N[N+](=O)c1nc(=O)c2c([N+](=O)[O-])c[nH]c2[nH]1,1.7749741,6.7879124,20.765535,3.6354015,2.2159562,613.78687,-119.84768,285.41263,3.8557685111265076
Nn1c([N+](=O)[O-])nc2cc([N+](=O)[O-])[nH]c(=O)c21,1.7995905,7.233235,23.659473,4.3531833,2.5901613,599.3087,-39.525494,280.43872,3.6066019664559406
O=c1cnc2c([N+](=O)[O-])cnc([N+](=O)[O-])c2[nH]1,1.7943906,6.9357843,21.817785,4.297559,2.3138402,541.4269,-19.371351,251.93277,3.1912448427101214
O=[N+]([O-])c1cc([N+](=O)[O-])c2c([N+](=O)[O-])c3c4c(cnc3nc2n1)OCO4,1.7650839,6.7207537,20.368717,4.4716907,2.2235272,498.013,-77.33529,225.03836,3.4245833356175073
O=[N+]([O-])c1cc([N+](=O)[O-])c2c(cnn2[N+](=O)[O-])n1,1.7970574,7.8430367,27.919994,5.854314,3.347916,571.04156,275.40637,120.400116,3.469670233684223
O=c1n(N[N+](=O)[O-])c2cc([N+](=O)[O-])n([N+](=O)[O-])c(=NC=N[N+](=O)[O-])c2n1N[N+](=O)[O-],1.8852564,8.529995,33.689007,5.81845,3.6858137,635.40515,181.46158,134.74097,4.832715318035172
O=[N+]([O-])c1ncc2c(n1)c([N+](=O)[O-])cc1nnn([N+](=O)[O-])c12,1.8049498,7.534445,25.942171,5.41191,2.9809215,550.20654,402.4738,130.0491,3.6886964341098336
O=[N+]([O-])c1nc([N+](=O)[O-])c2[nH]cnc2n1,1.7482747,7.220208,23.255373,4.6508365,2.7003055,582.4719,143.86752,255.32939,3.322671955576899
O=[N+]([O-])Nc1nn([N+](=O)[O-])c2cc3nc([N+](=O)[O-])cc([N+](=O)[O-])c3c([N+](=O)[O-])c12,1.8360178,7.8754997,28.490465,5.6870356,3.1902876,559.6109,234.67496,147.42477,3.8685606258169294
Nc1c2oc3c(=O)[nH]c([N+](=O)[O-])nc3c2c([N+](=O)[O-])c2oc3ncc([N+](=O)[O-])cc3c12,1.7837622,6.4609694,18.889053,3.9126155,1.8970286,488.28735,-232.48796,252.94849,3.8662745633309044
O=[N+]([O-])c1cn2c(n1)c([N+](=O)[O-])cc1nc([N+](=O)[O-])n([N+](=O)[O-])c12,1.8337815,7.8630524,28.39917,5.5999866,3.1567903,562.691,254.2309,142.14842,3.8585779962977105
N=c1c2[nH]c3cc([N+](=O)[O-])cc([N+](=O)[O-])c3c2nc([N+](=O)[O-])n1[N+](=O)[O-],1.820677,7.4197917,25.27934,4.9926696,2.7719183,556.02496,110.51053,138.76584,3.6008154426409185
Nn1c(=O)c([N+](=O)[O-])cc2c1nc([N+](=O)[O-])n2[N+](=O)[O-],1.8723111,8.093557,30.39852,5.4384527,3.2783868,603.8544,87.9964,138.65431,3.6539752628470588
N=c1[nH]c([N+](=O)[O-])nc2c1nc([N+](=O)[O-])n2N,1.8303249,7.629085,26.716673,4.5636535,2.9382784,647.681,192.75256,278.00516,4.048608120302095
O=[N+]([O-])c1cc2[nH]c([N+](=O)[O-])c3c2c(n1)C=c1ncnnc1=N3,1.7156554,6.340213,17.835985,4.14598,2.1373448,515.5217,390.08798,277.39532,4.292211725636555
O=[N+]([O-])c1nc2n[nH]c([N+](=O)[O-])c2c2nccnc12,1.753197,6.8085737,20.810497,4.5488715,2.4330525,536.04083,329.04086,250.9757,3.490781889823502
O=[N+]([O-])c1nc2c(nc1[N+](=O)[O-])c1[nH]nnc1c1c([N+](=O)[O-])c3c([N+](=O)[O-])cccc3nc21,1.7417952,6.7273035,20.204363,4.720327,2.358554,500.05655,385.30325,222.14017,3.724271645567182
O=[N+]([O-])c1[nH]c2c(c([N+](=O)[O-])cc3nn[nH]c32)c1[N+](=O)[O-],1.8029581,7.383184,24.731403,5.0488243,2.8019705,556.52966,236.41272,249.22043,3.690165077922048
O=[N+]([O-])c1cn2c(n1)-c1cc([N+](=O)[O-])c([N+](=O)[O-])nc1-2,1.765413,7.220422,23.437424,5.0999703,2.7281308,534.5491,172.94595,228.04079,3.4118952825709243
O=c1cc([N+](=O)[O-])oc2c(O)oc(O)c12,1.7945794,6.333436,18.114977,3.1889153,1.5586112,495.58472,-742.36914,284.08987,3.6011104264962253
O=c1[nH]c2c([N+](=O)[O-])ccc([N+](=O)[O-])c2c2nc([N+](=O)[O-])c([N+](=O)[O-])n12,1.8614302,7.418376,25.42317,4.7470803,2.5278223,533.84436,-95.93497,240.46207,3.2995512285940958
O=c1occ(O)c2c(O)oc([N+](=O)[O-])c12,1.8084546,6.4553685,18.918978,3.359323,1.6403763,493.61224,-731.46106,280.0511,3.7054654264962243
O=c1c2c([N+](=O)[O-])c3ncoc3c([N+](=O)[O-])c2cnn1[N+](=O)[O-],1.847529,7.5039263,26.085674,5.124335,2.6904266,523.132,16.642153,162.40817,3.7534710384825187
O=[N+]([O-])c1cc([N+](=O)[O-])c2cc3c([N+](=O)[O-])cc4c(cnn4[N+](=O)[O-])c3nc2c1[N+](=O)[O-],1.8015798,7.210886,23.703417,5.254377,2.667355,506.5306,193.73798,160.5112,3.5506808837197292
O=c1c2cc([N+](=O)[O-])cnc2c([N+](=O)[O-])nn1[N+](=O)[O-],1.8388431,7.7273355,27.547655,5.3935037,2.9797606,551.13477,98.82715,148.30544,3.3455192787005803
O=c1[nH]cnc2c1[nH]c(=O)n2[N+](=O)[O-],1.8282202,6.839254,21.662918,3.3400195,1.9791859,597.149,-212.71,154.41353,3.499571678809547
Nc1c2nnnc-2c(N[N+](=O)[O-])c(N)n1N[N+](=O)[O-],1.8161342,7.891973,28.549236,4.9873924,3.4549634,695.6846,377.197,164.8912,4.104781975198725
O=[N+]([O-])c1cn2c([N+](=O)[O-])nc3c(c([N+](=O)[O-])cn3[N+](=O)[O-])c2n1,1.865071,7.9472394,29.341015,5.52629,3.136096,566.3628,235.2976,139.98047,3.8623554001438647
O=[N+]([O-])c1cc([N+](=O)[O-])c2c(c1)nc([N+](=O)[O-])n1c2nc2noc([N+](=O)[O-])c21,1.8140653,7.4356256,25.217451,5.3653417,2.7705805,514.8771,246.4484,232.62575,3.6788508645007205
O=[N+]([O-])c1cc2nnnn2c2c([N+](=O)[O-])coc12,1.7926958,7.3353376,24.259735,5.2618957,2.8166406,535.22943,290.04272,288.62885,3.362140656761145
O=c1[nH]c([N+](=O)[O-])nc2c([N+](=O)[O-])ccnc12,1.7664107,6.777906,20.611967,4.1314383,2.2101264,538.99286,-62.384403,253.63002,3.121682969800422
O=[N+]([O-])c1ccc2nc3c([N+](=O)[O-])nn([N+](=O)[O-])c3cc2n1,1.7644964,7.168399,23.186995,5.1558833,2.7567854,534.2189,291.849,139.41075,3.456496434109834
O=[N+]([O-])c1nccc2c([N+](=O)[O-])c3c(nnn3[N+](=O)[O-])nc12,1.7964262,7.5434976,25.892012,5.506095,3.0285192,548.3789,440.63632,118.68521,3.69207951103291
O=c1[nH]c([N+](=O)[O-])nc2c1c1nc[nH]c1n2[N+](=O)[O-],1.8198293,7.1127524,23.284418,4.129418,2.3581872,575.1235,21.950228,152.29411,3.836701014530435
O=[N+]([O-])c1cnc2c([N+](=O)[O-])nn([N+](=O)[O-])c2c1,1.8236737,7.932007,28.847101,5.8604584,3.3516088,570.51166,271.29514,130.50777,3.422056772145762
O=[N+]([O-])c1nc2c([N+](=O)[O-])cncn2c1[N+](=O)[O-],1.8302523,7.8473563,28.226612,5.594731,3.184552,568.6622,214.02206,254.70183,3.3039231182996076
NC1=C(N[N+](=O)[O-])C([N+](=O)[O-])=C([N+](=O)[O-])C(=C2N=NN=N2)N1N[N+](=O)[O-],1.8981862,8.691188,35.27176,6.0345654,3.9685578,658.9265,536.96075,143.748,4.469163937624197
O=c1[nH]c2c([N+](=O)[O-])cc([N+](=O)[O-])cc2c(=O)n1[N+](=O)[O-],1.8734069,7.4144835,25.622658,4.485929,2.451518,547.5216,-296.46854,158.63083,3.1274198442083936
O=[N+]([O-])c1ncnc2c([N+](=O)[O-])ncnc12,1.7637453,7.196446,23.421148,4.942425,2.7440126,556.0204,266.94592,237.29085,3.2296855382853957
Nc1c([N+](=O)[O-])[nH]c2ncnc([N+](=O)[O-])c12,1.7768276,7.0524936,22.409409,4.259271,2.5333874,598.4616,80.44324,293.4584,3.5033420352767752
O=[N+]([O-])c1ncc2c(ncn2[N+](=O)[O-])c1[N+](=O)[O-],1.839721,7.9512386,29.18425,5.7161565,3.2917356,574.52423,236.41098,136.41411,3.6259558106072998
O=c1[nH]c2nnc3nn([N+](=O)[O-])cc3c2[nH]1,1.7966963,6.9545245,22.132462,4.058989,2.3732653,587.62256,205.6326,161.1477,3.921711552271409
Nn1c(=O)n([N+](=O)[O-])c2nc3c([N+](=O)[O-])c4[nH]c(=O)[nH]c4nc3nc21,1.8469037,7.142916,23.803928,3.9060655,2.2699604,584.64954,30.826387,165.63231,3.861996258801076
O=c1[nH]cnc2o[nH]c(=N[N+](=O)[O-])c12,1.7922909,7.139031,23.124866,4.2107944,2.502937,598.2057,-26.042112,177.37846,4.101344491017582
Nc1c([N+](=O)[O-])cc([N+](=O)[O-])c2c1OCO2,1.7807456,6.9457784,21.675213,4.2697067,2.3992107,564.6046,-337.3955,296.03995,2.878307330446722
O=[N+]([O-])N=Cc1[nH]c2c(nc([N+](=O)[O-])c3ncnnc32)c1[N+](=O)[O-],1.8019421,7.387719,24.894716,5.0737987,2.8355799,557.9286,419.2692,192.44885,4.1003195172767315
Nc1nc2c([N+](=O)[O-])ncc([N+](=O)[O-])c2c2nnnn12,1.7939336,7.314203,24.307533,4.7368884,2.7883613,590.4261,440.2336,244.18553,3.435094536650179
O=[N+]([O-])c1cn2c([N+](=O)[O-])c([N+](=O)[O-])c([N+](=O)[O-])cc2n1,1.8296885,7.9650292,29.000511,5.8288145,3.2623374,558.86865,121.477905,218.53629,3.3506450190335677
Nc1nc([N+](=O)[O-])c(O)c2nn[nH]c12,1.7614322,6.860901,21.100481,3.7399347,2.3430908,628.5914,19.077349,305.53433,3.6246789662589407
Nc1c([N+](=O)[O-])[nH]c2c([N+](=O)[O-])c([N+](=O)[O-])c3[nH]cnc3c12,1.8057743,7.0462174,22.635445,4.369682,2.4547975,564.51843,29.884111,249.31624,3.6461126661828454
N=c1c2[nH]cc([N+](=O)[O-])c2[nH]n1[N+](=O)[O-],1.8125069,7.626595,26.702414,4.95466,3.1158612,630.75854,157.99625,172.43353,4.034938118803917
O=c1oc([N+](=O)[O-])nc2c([N+](=O)[O-])c3c(nnn3C=N[N+](=O)[O-])c([N+](=O)[O-])c12,1.8835872,7.9740357,29.527082,5.344468,2.9670835,554.80054,128.15494,192.1955,4.281767544662664
Nc1c([N+](=O)[O-])c2nc([N+](=O)[O-])[nH]c2c2nonc12,1.8538775,7.564597,26.462805,5.0150375,2.855984,571.80615,265.44672,279.67523,3.6723232038795466
Nc1nc([N+](=O)[O-])c(O)c2[nH]nnc12,1.752531,6.8292584,20.86394,3.7293282,2.3346775,628.03467,19.080156,306.04526,3.595000828607118
O=[N+]([O-])c1cc([N+](=O)[O-])c2c(c1)nc([N+](=O)[O-])c1oc([N+](=O)[O-])nc12,1.8165246,7.37284,24.81888,5.1788354,2.639495,508.24133,16.266558,232.36179,3.4889965863488577
O=c1n([N+](=O)[O-])cc2c([N+](=O)[O-])cc3nnn([N+](=O)[O-])c3n12,1.8468552,7.867121,28.526836,5.395023,3.0925617,573.74347,220.6807,129.22176,4.065972640107226
Nc1nc([N+](=O)[O-])nc2c([N+](=O)[O-])c3ncc([N+](=O)[O-])nc3nc12,1.7995322,7.1902757,23.62045,4.5967393,2.5562088,557.2073,264.44562,239.27127,3.565783099848006
O=c1[nH]c2[nH]c(O)c([N+](=O)[O-])c2[nH]1,1.8359877,6.501459,19.384272,2.693214,1.6259831,607.3585,-426.22687,345.80264,3.5215237060527826
O=[N+]([O-])N=Cc1nc2c3c([N+](=O)[O-])ccc([N+](=O)[O-])c3nc([N+](=O)[O-])c2c2nnc([N+](=O)[O-])n12,1.8129598,7.4791656,25.569155,5.292363,2.850226,537.3739,387.88864,180.08018,3.971444972021679
O=[N+]([O-])c1c2[nH]nnc2nc2c(O)[nH]c(=S)n12,1.7831768,6.7690525,20.701542,3.6705766,2.1412039,586.3048,59.555393,260.54785,4.104925828976398
O=[N+]([O-])N=Cc1nc2nc([N+](=O)[O-])c([N+](=O)[O-])c([N+](=O)[O-])c2c2ccnc([N+](=O)[O-])c12,1.7911934,7.4302025,25.021261,5.4203343,2.8685148,527.86426,274.00232,188.8916,3.941285723991647
O=c1c2nnc3nc([N+](=O)[O-])cnc3c2cnn1[N+](=O)[O-],1.810745,7.2974024,24.554966,4.9633923,2.6994898,542.78265,369.33347,150.34471,3.706655026267714
O=c1[nH][nH]c2nc3[nH]c(N[N+](=O)[O-])c(N[N+](=O)[O-])c3nc12,1.8389071,7.3615146,25.124517,4.262772,2.6275983,619.7029,118.92874,175.95122,4.017718421493178
O=[N+]([O-])n1cnc2c3cc4c(O)c(O)[nH]c4nc3[nH]c21,1.7125112,5.7857184,14.8755455,2.9231029,1.562039,537.37714,-185.19751,195.00603,3.915597388798031
Nc1c(O)[nH]c2nc3c([N+](=O)[O-])cc([N+](=O)[O-])cc3c([N+](=O)[O-])c12,1.7689675,6.6378303,19.824104,4.0633416,2.1638343,535.74274,-166.56662,256.8104,3.3083707847592487
O=[N+]([O-])c1cc2c3c([N+](=O)[O-])c[nH]c3c([N+](=O)[O-])cn2n1,1.7642078,6.986652,21.850487,4.8185015,2.5752373,535.7436,128.97787,288.46747,3.4992994908775135
O=[N+]([O-])c1nc2c(ncn3nnnc23)[nH]1,1.7818192,7.164265,23.241266,4.4385147,2.6632206,602.49945,461.2933,281.65323,3.565312725243988
O=[N+]([O-])c1cnc2c(c1)c([N+](=O)[O-])nn2[N+](=O)[O-],1.8279184,7.9268336,28.837357,5.8203225,3.3207757,569.63605,263.17554,125.90274,3.3889702336842227
Nc1nc2nc([N+](=O)[O-])cc([N+](=O)[O-])c2c(=O)[nH]1,1.7599146,6.7294664,20.261095,3.7591908,2.1482968,576.4238,-132.52945,247.09392,3.066755810607299
O=[N+]([O-])c1cnc2c([N+](=O)[O-])cc([N+](=O)[O-])nc2n1,1.7864324,7.4229383,24.969975,5.2303376,2.8421712,543.3658,190.09042,238.57053,3.2568733779136583
O=c1[nH]c(=O)c2cc([N+](=O)[O-])c([N+](=O)[O-])cc2[nH]1,1.8037465,6.504509,19.200062,3.4446268,1.8091831,531.6537,-392.2395,238.90666,2.5692635029149926
O=[N+]([O-])N=Cc1nc2c([N+](=O)[O-])ncnc2c([N+](=O)[O-])c1[N+](=O)[O-],1.8234464,7.865407,28.353342,5.706429,3.2098641,561.06995,318.59326,194.85645,3.844500352066941
O=[N+]([O-])c1cc2c(ncn2[N+](=O)[O-])n1[N+](=O)[O-],1.8453714,8.2429,31.271622,6.0230927,3.6071649,598.14307,235.28656,127.83128,4.010681966455941
O=c1[nH]c([N+](=O)[O-])nc2c1N([N+](=O)[O-])c1ccc([N+](=O)[O-])c3c1C(=N2)N=N3,1.8040063,7.13849,23.34492,4.678838,2.5191882,539.0935,253.24783,129.98177,4.116618477430537
O=c1nc([N+](=O)[O-])[nH]c2ncnn12,1.7773776,7.057913,22.413383,3.8573897,2.3527565,614.44525,48.52553,268.16888,3.723512826931903
O=[N+]([O-])c1cn2c([N+](=O)[O-])nc3cnc([N+](=O)[O-])nc3c2n1,1.8112094,7.374159,24.839252,4.918624,2.701954,549.4765,289.47873,259.9151,3.743289511032911
O=c1[nH]c(=O)n([N+](=O)[O-])c2nc3[nH]c4nc5nccc-5cc([N+](=O)[O-])c4c3nc12,1.7233727,6.05205,16.393312,3.3634512,1.7007688,509.11493,-5.0760016,173.94508,3.5039110753673786
O=[N+]([O-])N=c1[nH]c([N+](=O)[O-])nc2cnc3nc([N+](=O)[O-])cn3c12,1.8166463,7.472419,25.53109,4.879153,2.8176298,578.4585,308.82013,184.19035,3.9851331795672404
O=[N+]([O-])c1ccc2nc3nc4[nH]c([N+](=O)[O-])cc4c([N+](=O)[O-])c3nc2n1,1.7430099,6.5392256,19.11781,4.2847743,2.1554,504.83145,235.76779,248.83765,3.5984929510021217
O=c1[nH]c2nc3c([N+](=O)[O-])ccc([N+](=O)[O-])c3c([N+](=O)[O-])c2n1[N+](=O)[O-],1.8561922,7.5370755,26.362906,4.9502,2.687267,543.1323,-40.824627,137.386,3.4423090881258673
O=[N+]([O-])c1nc2c(c([N+](=O)[O-])n1)Oc1c(cccc1[N+](=O)[O-])O2,1.7681333,6.9326906,21.562809,4.720102,2.3675942,501.35294,-133.3949,240.17125,3.3438430696771304
O=c1nc([N+](=O)[O-])[nH]c2ccc([N+](=O)[O-])nc12,1.7360708,6.6814775,19.824888,4.0756564,2.1865497,539.97296,-78.33244,265.97784,3.135941498228516
O=c1c2nnc([N+](=O)[O-])cc2n2ncc([N+](=O)[O-])c2n1[N+](=O)[O-],1.8372676,7.710943,27.397211,5.344226,2.9861987,557.5466,262.60904,123.71405,3.7111777382343796
Nc1nnc2ncc([N+](=O)[O-])n2c1[N+](=O)[O-],1.7918419,7.6752505,26.663048,5.188895,3.1956575,617.27203,327.44232,254.9924,3.4913635021819633
O=[N+]([O-])c1cc([N+](=O)[O-])n2nc3c([N+](=O)[O-])nccc3c2n1,1.7725335,7.1115084,22.756525,5.048317,2.660853,527.9593,294.5468,245.87944,3.4191810494944495
Nn1nnc2nc([N+](=O)[O-])c3nc([N+](=O)[O-])cnc3c21,1.7881882,7.3626027,24.638815,4.9546657,2.8962157,585.52313,485.84018,245.50763,3.8212889422445837
O=[N+]([O-])c1cnc2nc([N+](=O)[O-])cnc2n1,1.7562965,7.104658,22.7424,4.799177,2.6439524,551.6456,251.7807,260.00952,3.3466163075161646
O=[N+]([O-])c1cc2oncc2c([N+](=O)[O-])c1[N+](=O)[O-],1.7975919,7.667597,26.588575,5.914866,3.121326,524.9222,93.65857,216.05505,3.086979849068838
N=C1Oc2nc(N)c([N+](=O)[O-])n2C(=N[N+](=O)[O-])C1[N+](=O)[O-],1.8245423,7.9192286,28.724325,5.0366774,3.1869988,635.6665,20.087114,147.89015,4.844570747295585
O=[N+]([O-])c1cc([N+](=O)[O-])c2nc3c([N+](=O)[O-])cn([N+](=O)[O-])c3cc2c1[N+](=O)[O-],1.8417919,7.6857934,27.236837,5.632095,2.9873824,527.77295,140.05978,155.99823,3.5127302057853242
N=C1N2C(=NNC([N+](=O)[O-])=C2[N+](=O)[O-])C=C(C=N[N+](=O)[O-])C1([N+](=O)[O-])[N+](=O)[O-],1.8410039,8.297785,31.65535,5.9888024,3.6723554,614.36456,269.73145,116.68126,4.8945310430820514
N=c1[nH]c(=NC=N[N+](=O)[O-])n([N+](=O)[O-])c2nc([N+](=O)[O-])cc([N+](=O)[O-])c12,1.8428562,7.9019475,28.754055,5.2502446,3.1897533,609.5815,220.9621,130.58331,4.51355390417938
N=c1c2c(ncn1[N+](=O)[O-])nnn1c([N+](=O)[O-])c([N+](=O)[O-])c(C=N[N+](=O)[O-])c21,1.8560423,7.9747562,29.47278,5.578959,3.273071,586.6437,480.9924,163.09595,4.390598313893433
O=[N+]([O-])c1nc2c([N+](=O)[O-])cnnc2o1,1.8122846,7.7266393,27.202965,5.445357,3.0274658,555.09625,169.33234,261.24612,3.818870829873335
O=[N+]([O-])NN=c1[nH]cnc2nc([N+](=O)[O-])cc([N+](=O)[O-])c12,1.7749988,7.488367,25.278938,5.059266,3.0060194,596.2994,221.2526,157.45435,3.866047669015165
O=[N+]([O-])c1ncc([N+](=O)[O-])c2nn(O)cc12,1.7897782,7.4989586,25.476711,5.3909755,3.0548716,566.76605,168.95398,267.82672,3.554984969087152
O=[N+]([O-])c1ccc2c([N+](=O)[O-])c3cc([N+](=O)[O-])n([N+](=O)[O-])c3nc2n1,1.8075486,7.396996,25.027653,5.2947125,2.808642,529.1544,182.92377,134.25801,3.6584466437541394
O=c1c2nc3c([N+](=O)[O-])cccc3c([N+](=O)[O-])c2c([N+](=O)[O-])nn1[N+](=O)[O-],1.8122752,7.3526196,24.72871,5.214179,2.711432,519.07825,91.67453,157.1844,3.4241817310687903
O=[N+]([O-])c1ccc2nc3n[nH]c([N+](=O)[O-])c3nc2c1[N+](=O)[O-],1.7851385,7.1515913,23.141258,4.982837,2.6370504,529.297,265.9529,232.06529,3.2740872033406037
Nc1nc([N+](=O)[O-])c([N+](=O)[O-])c2c1ncn2[N+](=O)[O-],1.8268307,7.8786645,28.465347,5.326908,3.2283,606.9512,180.36069,136.022,3.5884292512168248
O=c1nc[nH]c2c([N+](=O)[O-])c3[nH]nnc3c([N+](=O)[O-])c12,1.7969074,6.9863524,22.153387,4.347094,2.3656013,547.111,138.37985,249.06079,3.5442802709159125
O=[N+]([O-])c1cc([N+](=O)[O-])c2occ([N+](=O)[O-])c2n1,1.8064346,7.514746,25.680084,5.3970313,2.8436785,525.1505,-31.386763,262.10397,3.248483695222683
O=[N+]([O-])c1n[nH]c2c1nnc1c([N+](=O)[O-])ccc([N+](=O)[O-])c12,1.803256,7.284359,24.16824,5.1996737,2.7700906,531.8227,341.80307,249.85883,3.2074087418021415
O=[N+]([O-])N=Cn1nnc2c1nc([N+](=O)[O-])n1nnnc21,1.8531095,8.221244,31.192463,5.740376,3.5785687,623.71533,764.65375,186.40399,4.161141619567262
O=[N+]([O-])c1nc2c(ccc3nc4c(nc32)c([N+](=O)[O-])nn4[N+](=O)[O-])o1,1.8138663,7.289761,24.361006,5.0390563,2.6255212,520.70483,274.29312,140.60307,3.869815115775305
O=C1c2cnc([N+](=O)[O-])nc2N([N+](=O)[O-])CN1N[N+](=O)[O-],1.847513,8.004963,29.57466,5.206217,3.263004,628.9353,75.02135,113.938965,4.09492905999261
O=[N+]([O-])c1nc2c(nc([N+](=O)[O-])n3ncnc23)[nH]1,1.8059026,7.3698864,24.7722,4.6668,2.707456,582.7091,333.8275,248.9185,3.6099785029149913
N=c1c([N+](=O)[O-])ncnc2[nH]c([N+](=O)[O-])nc12,1.7861576,7.190072,23.462393,4.4000216,2.6026018,594.1619,186.97357,264.89316,3.681708722308783
O=[N+]([O-])c1c2cnn([N+](=O)[O-])c2nn2c([N+](=O)[O-])ccc12,1.793332,7.535782,25.811483,5.6065583,3.1094415,553.83044,369.21774,132.63013,3.6430177095009952
O=c1c2cnc3cc([N+](=O)[O-])cc([N+](=O)[O-])c3c2c([N+](=O)[O-])nn1[N+](=O)[O-],1.7927591,7.295885,24.173218,5.1809897,2.6975203,520.4114,80.93788,155.7021,3.454908654145714
O=[N+]([O-])c1ccc2c([N+](=O)[O-])c3cnn([N+](=O)[O-])c3nc2n1,1.7858468,7.202401,23.613878,5.086934,2.7232854,534.93866,288.68707,137.79836,3.5471195110329097
Nc1c(N[N+](=O)[O-])c2c3nc([N+](=O)[O-])n([N+](=O)[O-])c3ncn2c1[N+](=O)[O-],1.8760418,8.031945,30.053997,5.3653994,3.2367592,603.8305,269.78763,152.24419,4.0458669476576405
Nn1nc([N+](=O)[O-])c2cc([N+](=O)[O-])nnc21,1.7898216,7.8254924,27.69947,5.6151004,3.4633205,617.6204,401.59555,272.43564,3.700768868908261
O=[N+]([O-])c1cncn2c([N+](=O)[O-])nnc12,1.7970998,7.63608,26.463694,5.3968377,3.144087,583.07416,316.4824,275.43726,3.2235402482598268
O=c1onnc2nc([N+](=O)[O-])cc([N+](=O)[O-])c12,1.8066615,7.5246353,25.727127,5.193615,2.786424,536.4701,45.384846,233.8965,3.5663431704693185
O=[N+]([O-])c1ccc2c([N+](=O)[O-])nc3[nH]cc([N+](=O)[O-])c3c2n1,1.7554543,6.715568,20.223839,4.48399,2.3058534,515.71246,95.61755,253.23169,3.34494951103291
O=c1[nH]nc2c3c([N+](=O)[O-])cc([N+](=O)[O-])nc3ncn12,1.801878,6.8774433,21.54102,4.0850883,2.2198377,547.4716,83.49185,242.71968,3.3219865646222075
Nn1nnc2cc([N+](=O)[O-])c([N+](=O)[O-])c([N+](=O)[O-])c21,1.8154857,8.015672,29.218199,5.881012,3.5156813,599.47565,330.66904,216.86751,3.305652020447594
O=[N+]([O-])c1ncc2cc([N+](=O)[O-])[nH]c2n1,1.7325444,6.897891,21.103994,4.5135245,2.5201836,561.4686,91.83688,268.56635,3.547395032499976
O=[N+]([O-])c1cnc2c(n1)oc1nc([N+](=O)[O-])cn12,1.781116,7.0627785,22.48389,4.5731673,2.44841,536.63,110.70401,275.00378,3.7423477336842224
O=[N+]([O-])c1ncnc2nn([N+](=O)[O-])cc12,1.7842133,7.62963,26.416111,5.4514346,3.1923556,586.7252,314.92065,138.68407,3.6519233627063556
NN=c1c2nc(N)n([N+](=O)[O-])c2nc(N)n1[N+](=O)[O-],1.8501887,7.8192873,28.383366,4.477666,3.1133785,699.64075,263.45422,161.8207,4.267716020447595
O=c1c([N+](=O)[O-])c[nH]c2ncc([N+](=O)[O-])n12,1.7925012,7.140192,23.040627,4.3897266,2.4804108,568.2001,-57.670994,273.1814,3.5470250406435007
O=c1[nH]cnc2c([N+](=O)[O-])ncc([N+](=O)[O-])c12,1.7759632,6.881005,21.383505,4.298,2.30728,540.14496,-26.092222,243.07341,3.1801618995663077
O=[N+]([O-])c1ncc([N+](=O)[O-])c2c1ncn2[N+](=O)[O-],1.8369384,7.9554605,29.21166,5.7374306,3.3088844,575.18665,244.07983,117.83307,3.5797586952226848
O=[N+]([O-])c1c[nH]c2nc([N+](=O)[O-])n3ncnc3c12,1.7752082,7.007458,22.165379,4.489474,2.5157433,563.2416,258.7525,255.65443,3.3833972721457606
O=[N+]([O-])c1cn([N+](=O)[O-])c2c([N+](=O)[O-])cn3c([N+](=O)[O-])cnc3c12,1.8232648,7.6680684,26.983744,5.55105,3.0566978,549.0612,201.94254,130.56964,3.722885688605402
O=[N+]([O-])N=c1[nH]cc2nn[nH]c2c1[N+](=O)[O-],1.7980269,7.7275777,27.062695,5.2296934,3.2397847,621.7451,313.6613,189.46513,4.152437286537144
O=[N+]([O-])c1nc2cc3oc(O)c([N+](=O)[O-])c3cc2o1,1.7580408,6.56674,19.212627,4.124658,1.9961169,485.1091,-353.36404,289.62952,3.5167163991458184
Nc1c([N+](=O)[O-])cn2nnnc2c1[N+](=O)[O-],1.8375479,7.8318563,28.061962,5.2900033,3.245504,616.04626,336.25003,301.08292,3.3348794234699772
Nc1nn2c(=O)c([N+](=O)[O-])cnc2c([N+](=O)[O-])c1[N+](=O)[O-],1.871004,7.786368,28.141903,5.0113225,2.8959916,579.6911,52.268528,231.73274,3.2004948092433576
O=[N+]([O-])c1[nH]c2ncc3nn[nH]c3c2c1[N+](=O)[O-],1.7706212,7.068878,22.474545,4.639874,2.6091132,565.2627,297.77118,268.54324,3.713376041376531
O=[N+]([O-])c1c2[nH]nnc2nc2c1[nH]c1c([N+](=O)[O-])ccc([N+](=O)[O-])c12,1.7742547,6.830771,21.010677,4.532201,2.368807,523.7853,273.3611,253.97105,3.5152532428656063
O=c1nc2nc([N+](=O)[O-])cc-2ncn1[N+](=O)[O-],1.7980283,7.3688416,24.78059,4.7354774,2.703629,572.503,101.84094,137.88707,3.616177284181692
O=c1nc[nH]c2nc([N+](=O)[O-])c3nc([N+](=O)[O-])n(C=N[N+](=O)[O-])c3c12,1.8039124,7.261492,24.01257,4.5443664,2.559164,565.3903,145.91504,184.18071,4.118765037081619
Nc1c([N+](=O)[O-])[nH]c2nnn3c([N+](=O)[O-])cnc3c12,1.7930009,7.2015104,23.489038,4.5815015,2.7120552,593.6127,319.7947,302.99774,3.7178211328736293
[N-]=[N+]=Nc1c2nc([N+](=O)[O-])ncc2nn1[N+](=O)[O-],1.8183707,8.054392,29.786877,5.904621,3.5373356,598.28595,674.841,129.13565,4.256120292553924
Nn1ncc2nc3c(=O)nc([N+](=O)[O-])[nH]c3nc21,1.7389446,6.581621,19.327803,3.7120657,2.1731098,588.55536,181.91809,270.36365,3.5767809644534534
Nn1cnc2nc([N+](=O)[O-])c3oc([N+](=O)[O-])nc3c21,1.7858881,7.2331095,23.700989,4.72132,2.6715984,567.1255,179.71252,268.33804,4.00402912103931
O=[N+]([O-])N=Cc1nc2c([N+](=O)[O-])c3c(c([N+](=O)[O-])c2o1)OCO3,1.8227303,7.4743733,25.566967,5.040768,2.7056081,535.3769,-200.29813,205.77515,3.9125683444024055
Nc1nn2c([N+](=O)[O-])cnc2c(=O)[nH]1,1.7548811,6.7333765,20.184975,3.5488741,2.2065253,625.0668,-2.3072941,306.26062,3.342129978404688
O=c1n([N+](=O)[O-])nc([N+](=O)[O-])c2nc3cc([N+](=O)[O-])cc([N+](=O)[O-])c3n12,1.8438287,7.7299223,27.536257,5.270498,2.901161,550.51184,89.63617,151.82503,3.528805409196101
Nn1c([N+](=O)[O-])nc2nc([N+](=O)[O-])cc([N+](=O)[O-])c21,1.8119743,7.8173933,27.818935,5.4133244,3.2211623,596.7109,212.81656,261.7064,3.4873357127552866
Nc1c([N+](=O)[O-])oc2ncnc([N+](=O)[O-])c12,1.7817332,7.219776,23.52947,4.6357737,2.627216,569.1268,-3.5725377,281.40402,3.4878826435057553
O=[N+]([O-])c1cc([N+](=O)[O-])c2nc3c([N+](=O)[O-])nnnc3c([N+](=O)[O-])c2c1,1.815315,7.5404396,25.981754,5.5452332,2.921285,524.7139,374.24203,227.93112,3.341423115837287
O=c1[nH]c(=O)c2nc([N+](=O)[O-])[nH]c2[nH]1,1.8182727,6.542794,19.560719,2.797382,1.6532795,596.3598,-327.2641,287.53882,3.4066639865018544
O=c1[nH]c2nc3cnc([N+](=O)[O-])nc3c([N+](=O)[O-])c2[nH]1,1.8041486,6.7938175,21.033958,3.820224,2.080223,548.8493,-0.37955984,258.23843,3.4955468443424866
O=c1cc([N+](=O)[O-])c([N+](=O)[O-])c2[nH]cnn12,1.786073,7.1995697,23.325106,4.5769134,2.578208,566.88654,-12.818097,253.22395,3.382259029910049
N=c1c2nc3[nH]ncc3c([N+](=O)[O-])c2[nH]n1[N+](=O)[O-],1.7952255,7.2542677,24.072311,4.699595,2.7847238,594.9386,326.55713,169.12044,3.9859359257730382
O=[N+]([O-])c1cc2nn[nH]c2nc1[N+](=O)[O-],1.7602872,7.5082593,25.228415,5.262398,3.0779667,586.5562,298.385,229.93336,3.4059109799671434
O=[N+]([O-])c1nc2cc3c[nH]nc3c([N+](=O)[O-])c2nc1[N+](=O)[O-],1.7710184,7.1337624,22.93137,5.0458565,2.678585,531.1944,286.43515,223.3481,3.6350056648790634
Nc1ccc([N+](=O)[O-])c2c(=O)c([N+](=O)[O-])c(O)[nH]c12,1.7652153,6.3553586,18.094017,3.5338528,1.8970275,541.1853,-365.59238,269.34894,3.125424943524518
Nc1nn2cc([N+](=O)[O-])nc2c([N+](=O)[O-])c1[N+](=O)[O-],1.8250012,7.884763,28.399382,5.3971877,3.2347298,600.99054,206.59955,239.45615,3.352335712755286
O=[N+]([O-])Nc1nnn2c1c([N+](=O)[O-])nc1nc3c([nH]c4cc([N+](=O)[O-])ccc43)c([N+](=O)[O-])c12,1.7670565,6.959516,21.874397,4.7334166,2.5126836,532.7725,359.1512,141.5863,3.7098822964547553
O=[N+]([O-])c1ncc2c3nnnn3c([N+](=O)[O-])cn12,1.7936473,7.5499387,25.78222,5.3091373,3.0695388,579.23804,490.03,271.73685,3.647044656761145
Nc1[nH]c(C=N[N+](=O)[O-])nc(=O)c1[N+](=O)[O-],1.8155974,7.539059,25.87175,4.4683485,2.8307118,636.78046,-40.32069,200.41136,3.8664407830406393
O=c1cc([N+](=O)[O-])n2[nH]cc([N+](=O)[O-])c2n1,1.7906868,7.171839,23.19268,4.504582,2.5475001,568.23004,-30.748747,290.47833,3.4661763823250764
O=[N+]([O-])N=Cn1nnc2nc3nc([N+](=O)[O-])cc([N+](=O)[O-])c3c([N+](=O)[O-])c21,1.8154081,7.753275,27.429806,5.5159163,3.1043832,562.9496,440.57864,194.11105,4.031734813260572
O=[N+]([O-])c1nnc2cc([N+](=O)[O-])n3c([N+](=O)[O-])ccc3c2n1,1.7596258,7.1115427,22.636713,5.1374493,2.7203007,529.64386,314.49817,239.2586,3.631915664879065
Nc1c(O)cc([N+](=O)[O-])n2ncc([N+](=O)[O-])c12,1.7703327,6.9503937,21.668608,4.3727956,2.5114486,577.3733,-56.17396,286.54236,3.331768120302094
O=[N+]([O-])c1nc2cn([N+](=O)[O-])nc2[nH]1,1.8230298,7.9899364,29.233093,5.4467154,3.389145,623.78375,250.64572,149.67792,4.083070464234648
O=[N+]([O-])c1cn([N+](=O)[O-])c2nc3[nH]ncc3c([N+](=O)[O-])c12,1.810534,7.4908276,25.663387,5.224974,2.9169765,558.2401,274.4969,148.63914,3.643450098164962
O=c1c2cnn([N+](=O)[O-])c2nc2c([N+](=O)[O-])cc([N+](=O)[O-])cn12,1.8197987,7.310451,24.533201,4.8729587,2.6339502,541.3419,93.40781,139.84746,3.340815455355968
O=c1[nH]ncc2nc([N+](=O)[O-])[nH]c(=O)c12,1.7908161,6.564606,19.579273,3.3982975,1.894553,562.1628,-146.98401,269.10117,3.2404359330628285
O=[N+]([O-])c1oc2cnc3c([N+](=O)[O-])cc4c(cnn4[N+](=O)[O-])c3c2c1[N+](=O)[O-],1.8066291,7.2826595,24.250795,5.295316,2.6956599,507.13495,164.06693,156.36931,3.819635277456184
O=c1[nH][nH]c(=O)c2nnc([N+](=O)[O-])cc12,1.7918451,6.810635,21.061274,3.98687,2.2034633,555.8689,-41.19418,260.98694,3.3256910925375003
O=[N+]([O-])c1cnc2c(cc([N+](=O)[O-])c3c2nnn3[N+](=O)[O-])n1,1.8128258,7.5724154,26.241455,5.440546,2.9914598,549.86365,426.2526,121.53128,3.606844895648295
Nc1nc2c(N)nc([N+](=O)[O-])c([N+](=O)[O-])c2[nH]1,1.7813747,7.057888,22.50906,3.9785159,2.4972413,632.2992,36.535236,254.72878,3.334515812609787
O=[N+]([O-])c1cnc2c(n1)c([N+](=O)[O-])cn1nc([N+](=O)[O-])nc21,1.8233782,7.4700465,25.586838,5.0803266,2.782043,548.1464,334.7178,254.42715,3.58130104949445
Nc1nc([N+](=O)[O-])nc2c([N+](=O)[O-])c3c(cc12)OCO3,1.743264,6.575034,19.253544,3.979261,2.1452358,541.85156,-198.51546,253.9723,3.205344047139688
O=[N+]([O-])c1nc2c3cn[nH]c3ncn2c1[N+](=O)[O-],1.7604914,7.02901,22.122824,4.6453342,2.6086612,563.6193,299.1048,260.9302,3.404869887530376
O=[N+]([O-])c1cn2c([N+](=O)[O-])nc3[nH]ncc3c2n1,1.7438003,6.934315,21.352251,4.506374,2.53737,564.84357,263.6998,276.93875,3.495263118299607
O=[N+]([O-])c1cnc2c(c1)c1nnc([N+](=O)[O-])nc1n2[N+](=O)[O-],1.8189174,7.5730357,26.386875,5.4021735,2.9750051,550.1316,412.35104,127.99396,3.5061833571867567
O=[N+]([O-])c1c2cn[nH]c2c([N+](=O)[O-])n2nncc12,1.7723976,7.22082,23.369188,5.1159315,2.8622217,560.278,399.9506,286.47565,3.5605975798380687
O=c1cc([N+](=O)[O-])[nH]c2c1c([N+](=O)[O-])cc1nnn([N+](=O)[O-])c12,1.7993807,7.306646,24.277302,5.0033207,2.7061884,542.2917,132.64877,144.6575,3.711858879673586
O=[N+]([O-])c1nc2cc([N+](=O)[O-])n3ncnc3c2c2nonc12,1.7943487,7.1801267,23.40473,5.206313,2.7055528,519.76654,500.91837,251.09348,3.5773573522239763
O=[N+]([O-])c1ncnc2c1nc([N+](=O)[O-])c1nc[nH]c12,1.750813,6.7175617,20.293644,4.274764,2.3034062,540.17487,249.85443,246.47928,3.491832107530323
O=c1nc2c([N+](=O)[O-])c[nH]c2c2[nH]cc([N+](=O)[O-])n12,1.811229,6.73585,20.696707,3.8083503,2.0761085,548.1038,-83.63808,287.2862,3.751621724589606
O=[N+]([O-])c1nc2c(nnn2[N+](=O)[O-])c2ncncc12,1.7919672,7.333287,24.602674,5.115585,2.8578615,558.7784,496.49435,132.33342,3.674264328139903
O=[N+]([O-])c1c([N+](=O)[O-])c2[nH]nnc2c2n[nH]cc12,1.7880701,7.231978,23.676054,4.942578,2.7737312,563.1827,365.67264,246.749,3.758337272145761
O=c1[nH]c([N+](=O)[O-])nc2c1cnc1ocnc12,1.7487458,6.0764265,16.562605,3.2310884,1.6256604,507.1024,-116.038605,270.2852,3.4816185049174795
Nc1nc2c([N+](=O)[O-])ncc(N)c2nc1[N+](=O)[O-],1.7375044,6.7944026,20.566761,4.074975,2.4344692,599.2143,126.82904,261.43558,3.5094663875303764
O=[N+]([O-])c1cc([N+](=O)[O-])c2nn[nH]c2n1,1.7779026,7.5603557,25.698246,5.218719,3.0600317,588.7736,279.0337,258.51367,3.460096721055324
O=[N+]([O-])c1nn([N+](=O)[O-])c2c([N+](=O)[O-])c3nc[nH]c3cc12,1.790603,7.402943,24.859802,5.2019353,2.884269,556.02423,245.67035,129.79288,3.676255766181158
Nc1ncnc2c1c(=O)[nH]c(=O)n2[N+](=O)[O-],1.7901812,6.5116186,19.337841,3.0033195,1.8070837,605.7328,-228.61682,155.84981,3.166091588049584
O=[N+]([O-])c1cnn2c([N+](=O)[O-])nc3[nH]ncc3c12,1.7495489,7.06351,22.24855,4.844214,2.709561,560.5289,339.5983,255.04245,3.3984009644534527
O=[N+]([O-])c1ccc2nc([N+](=O)[O-])n3cc([N+](=O)[O-])nc3c2n1,1.7622514,6.9896617,21.894285,4.7189417,2.5042346,531.51056,205.89435,268.86096,3.464446434109833
O=[N+]([O-])c1c([N+](=O)[O-])c2ncnn2c2cn[nH]c12,1.7706105,7.134543,22.877113,4.8759937,2.7207308,559.94037,348.96323,248.7476,3.264721887530376
Nc1nc([N+](=O)[O-])c([N+](=O)[O-])c2nnn3c([N+](=O)[O-])cnc3c12,1.821945,7.563232,26.196491,5.1243167,2.9357977,573.99805,363.63956,235.06499,3.4954032965470336
NN=c1[nH]cnc2c1nc([N+](=O)[O-])n2[N+](=O)[O-],1.8094794,7.7445,27.454039,5.0123744,3.2255018,646.45483,319.52386,147.01254,4.199642167124837
O=c1nc([N+](=O)[O-])[nH]c2nc3c([N+](=O)[O-])ccc([N+](=O)[O-])c3nc12,1.8064004,6.9388723,21.950516,4.3214664,2.246415,521.6217,1.209704,246.00166,3.2357248749959346
O=[N+]([O-])Nc1cc([N+](=O)[O-])c2[nH]cc([N+](=O)[O-])c2n1,1.8019485,7.489467,25.62125,5.0469546,2.936715,582.50854,81.84401,142.46323,3.4370960023480466
O=[N+]([O-])Nc1ncnc2[nH]c([N+](=O)[O-])nc12,1.7945268,7.485236,25.536182,4.6721964,2.8909502,621.95154,195.73679,140.59798,3.4551009229007796
O=c1nc([N+](=O)[O-])[nH]c2n[nH]cc12,1.7572773,6.6463733,19.77176,3.6119812,2.1118789,588.88605,-33.4913,275.1492,3.785201288470364
O=[N+]([O-])c1cn2c(cnn2[N+](=O)[O-])n1,1.7806801,7.9617333,28.588238,5.861281,3.6058412,616.26117,333.29422,142.88666,4.090784229416835
Nc1c([N+](=O)[O-])cc2ncn([N+](=O)[O-])c(=O)c2c1[N+](=O)[O-],1.8183408,7.4089055,25.154066,4.828545,2.7353241,567.4805,-50.08939,161.97908,3.4213862777748263
Nc1nc2c([N+](=O)[O-])c([N+](=O)[O-])cc([N+](=O)[O-])c2[nH]1,1.8163146,7.4299855,25.170927,4.766237,2.7661042,582.7395,5.680239,236.634,3.0480581742937476
Nc1ncnc2c1oc1c([N+](=O)[O-])c3cc([N+](=O)[O-])[nH]c3nc12,1.7159842,6.207667,17.006273,3.7464867,1.9343873,518.69965,48.211903,279.74844,3.6091239075892183
N=c1[nH]c([N+](=O)[O-])nc2nc3nc([N+](=O)[O-])cnc3nc12,1.7898799,6.880785,21.61937,4.064436,2.2853844,564.11176,289.99515,268.80508,3.88683884589636
O=[N+]([O-])c1cc2cnc3c(cc([N+](=O)[O-])n3[N+](=O)[O-])n2c1[N+](=O)[O-],1.8176516,7.6570783,26.836512,5.592567,3.065609,547.07886,217.10397,136.76662,3.8187205443746333
O=C(O)c1nc2c([N+](=O)[O-])ncnc2n1[N+](=O)[O-],1.8365678,7.4662776,25.740675,4.4509745,2.561546,577.60034,-108.22269,142.5369,3.5156711952226845
O=[N+]([O-])c1nc([N+](=O)[O-])c2c([N+](=O)[O-])c3ncn([N+](=O)[O-])c3cc2n1,1.8463266,7.735871,27.634855,5.416238,2.9804118,549.9059,248.74643,141.83676,3.824478561090535
O=c1[nH]c2cc3cc([N+](=O)[O-])n([N+](=O)[O-])c3nc2n1N[N+](=O)[O-],1.8022943,7.4289947,25.060205,4.826293,2.784124,580.1284,46.985355,149.46425,3.922394115405595
O=[N+]([O-])c1cc2c(cc([N+](=O)[O-])n2[N+](=O)[O-])nc1[N+](=O)[O-],1.821397,8.004883,29.271105,6.0043125,3.38129,560.9669,164.98135,134.60103,3.489549634418183
O=[N+]([O-])c1c([N+](=O)[O-])n([N+](=O)[O-])c2cncnc12,1.814979,7.8879786,28.468338,5.810833,3.3228953,570.46606,270.55145,135.66869,3.495401002914992
O=[N+]([O-])c1nc2ncnc([N+](=O)[O-])c2[nH]1,1.7551597,7.2677035,23.632912,4.712598,2.7301924,581.2621,162.45822,270.65866,3.416349629122866
NN=c1c(=O)c2c(nc(C=N[N+](=O)[O-])n2[N+](=O)[O-])[nH]c(=O)n1[N+](=O)[O-],1.8558328,8.004085,29.56521,5.0255337,3.13951,627.9442,77.23633,144.28954,4.533606480931887
N=c1[nH][nH]c2c(N[N+](=O)[O-])c3nc([N+](=O)[O-])[nH]c3nc12,1.7967674,7.21005,23.805979,4.322813,2.683004,623.49005,250.02408,170.90788,4.3042075436431855
O=[N+]([O-])c1nn([N+](=O)[O-])c2nc3nc[nH]c3cc12,1.7465433,7.0259585,22.137,4.7129903,2.6501155,564.08374,299.56287,136.92308,3.6261978875303758
O=[N+]([O-])c1ncc2c(cnn2[N+](=O)[O-])n1,1.7967203,7.6748238,26.887691,5.4961395,3.2177896,586.0559,337.22604,135.10197,3.7308227998545735
O=c1[nH]c(=O)c2cc([N+](=O)[O-])nnc2[nH]1,1.7773283,6.4161754,18.505621,3.1572182,1.7555288,560.6885,-207.1178,275.69028,3.1577777717119844
O=c1c2c([N+](=O)[O-])c3occc3nc2nc2c3cc([N+](=O)[O-])c([N+](=O)[O-])cc3n([N+](=O)[O-])n12,1.7777778,6.878322,21.414005,4.7139983,2.334792,495.77625,4.218844,142.99692,3.7658010453981197
O=[N+]([O-])c1cc([N+](=O)[O-])c2ncc([N+](=O)[O-])n2n1,1.8250867,7.8655605,28.33319,5.704633,3.2365527,567.3257,242.49234,260.2572,3.22390677214576
O=[N+]([O-])N=Cc1[nH]nc2c1N([N+](=O)[O-])c1cc([N+](=O)[O-])cc([N+](=O)[O-])c1O2,1.8108304,7.6174893,26.489891,5.3999076,3.0269141,559.27203,138.27872,128.29611,3.9770918206367565
O=c1cnn([N+](=O)[O-])c2c1cc([N+](=O)[O-])c1oc([N+](=O)[O-])nc12,1.820592,7.3890467,25.023922,5.068905,2.6544838,522.46326,7.046389,126.0226,3.866801807713289
Nc1nc2nc([N+](=O)[O-])cnn2c1[N+](=O)[O-],1.8114756,7.5906353,26.263529,4.8261695,2.9708776,618.2856,247.56714,292.4828,3.444518421681069
O=[N+]([O-])c1cc([N+](=O)[O-])c2nc3nc([N+](=O)[O-])n([N+](=O)[O-])c3cc2n1,1.8210809,7.6492434,26.831371,5.453782,2.9731917,543.3228,265.2638,135.09338,3.6679736242363443
O=c1[nH]ccc2nc([N+](=O)[O-])c3n[nH]c([N+](=O)[O-])c3c12,1.7471414,6.545126,19.10479,4.1231456,2.1463983,524.2263,48.59122,253.0701,3.5056948163704575
O=[N+]([O-])c1ccc2c([N+](=O)[O-])c3c(nc2c1)c([N+](=O)[O-])nn3[N+](=O)[O-],1.7941827,7.426603,25.056574,5.4720902,2.9035432,530.1577,239.4636,126.507935,3.327422303914874
O=c1[nH]c([N+](=O)[O-])nc2ncn3nnnc3c12,1.8086249,6.968967,22.20831,3.9935796,2.2902846,576.1877,262.42722,266.37842,3.4881694664559415
O=[N+]([O-])c1cc([N+](=O)[O-])c2c([N+](=O)[O-])c3ncn([N+](=O)[O-])c3nc2n1,1.8626187,7.779829,28.163101,5.3864746,2.9615917,549.4802,260.8329,139.18877,3.7025001454762982
Nc1c([N+](=O)[O-])nc2nc([N+](=O)[O-])cnc2c1C=N[N+](=O)[O-],1.7893245,7.365374,24.64803,4.8939075,2.8493035,582.8159,239.41116,183.7324,3.921841218985975
Nc1cc([N+](=O)[O-])c([N+](=O)[O-])n2cc([N+](=O)[O-])nc12,1.7750696,7.408723,24.672543,5.0845027,2.9387789,579.6718,87.98215,239.2187,3.3271190973706712
O=[N+]([O-])c1cc([N+](=O)[O-])c2c(cnn2[N+](=O)[O-])c1[N+](=O)[O-],1.8526665,8.148117,30.599213,6.146674,3.4710054,561.47925,211.4368,119.08513,3.3534041798727294
O=[N+]([O-])c1ncc2nc([N+](=O)[O-])oc2n1,1.814686,7.569471,26.157902,5.012981,2.7870958,556.30664,62.1673,255.15501,3.7849511300609517
Nn1c([N+]=O)nc2[nH]cc([N+](=O)[O-])c2c1=O,1.7846228,7.0529437,22.500715,4.137503,2.4901092,604.9855,29.217348,287.20908,3.9311334485147
O=[N+]([O-])c1cc2c([N+](=O)[O-])c3cnc([N+](=O)[O-])nc3cn2n1,1.7617955,7.0944386,22.580517,5.0257096,2.6725676,532.3444,261.9382,249.74152,3.6890472033406034
O=c1[nH]c2nc3[nH]c(=O)c4c(cnn4[N+](=O)[O-])c3nc2[nH]1,1.7838571,6.26284,17.929157,3.0931823,1.6859713,549.0229,-46.3249,177.98726,3.72378990465642
O=c1[nH]c2nc([N+](=O)[O-])ccc2n1[N+](=O)[O-],1.8035674,7.1767254,23.544186,4.3573976,2.4866688,573.7103,-69.6809,148.1351,3.4490361318778486
Nn1c([N+](=O)[O-])cc2cc3c([N+](=O)[O-])nc([N+](=O)[O-])nc3nc21,1.7736163,7.148708,23.022322,4.8212566,2.6855876,558.5953,240.47708,243.81471,3.6470298474155207
O=[N+]([O-])c1nc2c(cnn2O)c2nnnn12,1.7982901,7.600791,26.202787,5.2525296,3.1390412,599.6747,494.74338,246.07527,3.5973330907329473
N=c1c2nc([N+](=O)[O-])n([N+](=O)[O-])c2[nH]c2ncnn12,1.8080586,7.5143533,25.856712,4.7389402,2.911623,616.3794,360.7471,157.67897,4.179443913938719
O=[N+]([O-])c1cc2c([N+](=O)[O-])nn([N+](=O)[O-])c2c2nnncc12,1.8145266,7.677013,26.96921,5.7126107,3.1590397,550.33496,487.3834,128.2375,3.740861818725218
O=c1n([N+](=O)[O-])c([N+](=O)[O-])c2ccc(O)cn12,1.7729669,6.9556994,21.79614,4.389005,2.40923,551.50714,-219.43849,153.87505,3.506081966455941
O=[N+]([O-])c1ccc([N+](=O)[O-])c2c([N+](=O)[O-])c3nnn([N+](=O)[O-])c3nc12,1.8534217,7.8398676,28.488346,5.7098727,3.124945,544.8845,360.179,131.27397,3.459088894041166
O=[N+]([O-])c1ncnn1[N+](=O)[O-],1.8033729,8.665773,34.05782,6.4263473,4.2509575,662.51117,254.54895,126.735855,3.7548454291354254
O=[N+]([O-])c1c2nc3c(cc2cc2c1nnn2[N+](=O)[O-])nnn3[N+](=O)[O-],1.8035359,7.5393186,25.908766,5.4960027,3.0162227,547.9901,579.98785,137.64432,3.939320801394034
Nc1nc2c([N+](=O)[O-])nc3on(N)c3c(=O)n2n1,1.7777011,7.1519027,23.069145,4.20746,2.5801926,615.83276,128.35751,258.51892,3.8675859126481154
O=[N+]([O-])c1c([N+](=O)[O-])n2nnnc2c2[nH]cnc12,1.8219967,7.6003146,26.386673,5.1575284,2.9846222,580.36487,445.35202,236.98282,3.4967446567611447
O=[N+]([O-])NN=c1c2ccncc2[nH]c2c3c4c([N+](=O)[O-])c[nH]c4c([N+](=O)[O-])nc3n([N+](=O)[O-])c12,1.7504761,6.8096876,20.899641,4.6025715,2.4749153,539.03094,287.14597,159.31677,4.227170945123507
O=c1c2cnn([N+](=O)[O-])c2nc2c3ncn([N+](=O)[O-])c3c([N+](=O)[O-])cn12,1.8261579,7.293912,24.50343,4.7655115,2.593907,544.9261,210.38376,135.72543,3.8802845273834876
O=[N+]([O-])c1cc([N+](=O)[O-])c2nonc2n1,1.8137552,7.9474006,28.749086,6.131132,3.400209,553.38245,320.0809,254.69637,3.191423925558137
Nc1nn2c([N+](=O)[O-])cnc2n2nc([N+](=O)[O-])nc12,1.8126868,7.5622187,26.081003,4.8548756,2.96112,611.9962,420.0095,281.2529,3.7086613695600192
Nc1nc2c(cc([N+](=O)[O-])n2[N+](=O)[O-])c2c([N+](=O)[O-])c3c(ncn3[N+](=O)[O-])nc12,1.8086,7.3852677,24.926434,4.992648,2.7812264,557.54504,266.7734,143.52405,4.096821134538978
O=[N+]([O-])c1nnn2c([N+](=O)[O-])c3onnc3cc12,1.8194233,7.825472,27.883198,5.876828,3.2465363,551.4997,432.66788,251.23581,3.8588105029149915
O=[N+]([O-])N=Cc1c([N+](=O)[O-])c([N+](=O)[O-])c2c(nnn2C=N[N+](=O)[O-])c1[N+](=O)[O-],1.8670732,8.390963,32.533215,6.2076163,3.6600423,588.4284,432.37076,184.9363,4.34459777335289
O=[N+]([O-])c1nn([N+](=O)[O-])c2c1cc([N+](=O)[O-])c1c([N+](=O)[O-])c3c([N+](=O)[O-])cccc3nc12,1.767542,7.129433,22.896982,5.292181,2.6893973,507.066,209.25061,149.88274,3.5681914382814455
Nn1c(=O)[nH]c2c3cc([N+](=O)[O-])nnc3n(N)c2c1=O,1.7562039,6.546501,19.24064,3.5721757,2.1181579,597.2816,1.9111506,279.2788,3.6906234876991295
Nc1cc([N+](=O)[O-])c([N+](=O)[O-])cc1[N+](=O)[O-],1.780295,7.569743,25.832403,5.330392,3.1190717,586.11145,-52.27512,237.38504,2.5027950044290073
Nc1c([N+](=O)[O-])c(O)c([N+](=O)[O-])c2[nH]ccc12,1.7462159,6.4845376,18.725586,3.8483126,2.141313,559.81616,-218.62617,287.23627,3.1846111972251716
N=c1c2c(nc([N+](=O)[O-])n1N)c([N+](=O)[O-])cn2[N+](=O)[O-],1.8595836,8.071799,30.244629,5.4412594,3.4067135,627.20905,237.77264,158.08357,4.00393147586481
O=[N+]([O-])N=Cc1nc([N+](=O)[O-])c2[nH]c([N+](=O)[O-])nc2n1,1.8135703,7.8071375,27.815687,5.2493525,3.1222494,595.25,270.10742,181.5219,4.086441436417079
O=[N+]([O-])c1cn2cnc3nnc([N+](=O)[O-])n3c2n1,1.7853285,7.379623,24.61215,4.866642,2.8361554,584.0914,382.1014,255.18088,3.7909865029149916
O=[N+]([O-])c1ccc2nc3c([N+](=O)[O-])c4cc5nnn([N+](=O)[O-])c5nc4c([N+](=O)[O-])c3c(O)c2c1,1.7651546,6.7274737,20.486967,4.614344,2.2965002,498.0013,135.0882,152.30399,3.6916302239366647
O=[N+]([O-])c1ncc2nc([N+](=O)[O-])[nH]c2n1,1.7954181,7.3762617,24.716093,4.6482816,2.720085,587.31885,155.88779,260.6645,3.6536794602673304
O=[N+]([O-])N=Cn1nc([N+](=O)[O-])c2c([N+](=O)[O-])c3c([N+](=O)[O-])ccn3nc21,1.7893574,7.69648,26.731953,5.6754827,3.214054,565.71906,391.4437,205.6306,4.0818521268262975
O=Cc1cnc([N+](=O)[O-])c2c1oc(=O)c1cc([N+](=O)[O-])oc12,1.7296873,6.282779,17.504192,3.9909973,1.8284093,459.2829,-420.52277,232.32733,3.4815048956482952
Nc1c([N+](=O)[O-])cc2c([N+](=O)[O-])cc([N+](=O)[O-])nc2c1[N+](=O)[O-],1.8206604,7.4818954,25.576252,5.1661325,2.8370178,549.4129,17.211702,246.43524,3.1785013114353724
O=[N+]([O-])N=CN=c1[nH]c([N+](=O)[O-])nc2[nH]c([N+](=O)[O-])nc12,1.8501029,7.860133,28.519928,4.8798075,3.0352037,623.8913,209.63617,183.4221,4.473811231768201
Nc1nc2cc([N+](=O)[O-])c([N+](=O)[O-])c([N+](=O)[O-])c2nc1[N+](=O)[O-],1.8367072,7.7526655,27.577883,5.3059974,2.9993272,566.0766,87.92905,216.17351,3.268427465281526
O=[N+]([O-])c1cc([N+](=O)[O-])c2oc([N+](=O)[O-])cc2n1,1.7694818,7.401146,24.553099,5.409443,2.8329675,522.9217,-43.867413,260.25668,3.1779894644534536
O=c1nc2nc3cccc([N+](=O)[O-])c3c([N+](=O)[O-])n2c([N+](=O)[O-])c1[N+](=O)[O-],1.7822403,7.1369433,22.921988,4.911199,2.528707,516.55194,25.629152,213.7707,3.2645432695303285
O=[N+]([O-])c1c([N+](=O)[O-])c2c([N+](=O)[O-])nccc2c2nonc12,1.7943375,7.4384756,25.027431,5.7822847,2.9526703,507.69794,347.3315,216.35022,3.256290280263679
O=c1ccoc2c([N+](=O)[O-])c([N+](=O)[O-])nn12,1.7818539,7.3061123,23.939056,4.9330516,2.6487157,538.6825,-91.245674,252.30246,3.3808583143465425
O=[N+]([O-])c1ncnc2c([N+](=O)[O-])nncc12,1.7610276,7.3064647,24.064087,5.2607393,2.928059,556.35724,339.00052,234.8652,3.3228386851385423
O=[N+]([O-])c1nn([N+](=O)[O-])c2c(O)c3ncccc3c([N+](=O)[O-])c12,1.7721909,7.013473,22.245525,4.840738,2.545985,526.168,40.065037,161.28693,3.474113718383263
O=[N+]([O-])Nc1c([N+](=O)[O-])n([N+](=O)[O-])c2nccnc12,1.808925,7.8923326,28.422216,5.683121,3.3740578,593.89105,292.4729,133.98755,3.62788514261954
O=[N+]([O-])Nn1c([N+](=O)[O-])c([N+](=O)[O-])c2cncnc21,1.7929401,7.8358645,27.82626,5.6525207,3.3630636,596.088,278.3828,130.13135,3.584150300990581
O=[N+]([O-])Nc1nc2nc([N+](=O)[O-])cnc2c2cnc([N+](=O)[O-])nc12,1.8052522,7.2776256,24.341526,4.80344,2.676288,557.2377,336.959,140.86807,3.7453418948991093
O=[N+]([O-])c1nc2nc([N+](=O)[O-])c3c([N+](=O)[O-])c4occc4nc3c2o1,1.7812387,6.940705,21.767748,4.8098497,2.337727,485.01703,28.808336,221.64418,3.8321776575813242
O=[N+]([O-])N=Cn1nnc2c([N+](=O)[O-])c([N+](=O)[O-])c(N[N+](=O)[O-])nc21,1.8834151,8.551253,34.02111,6.078034,3.7674794,619.61865,461.43564,124.506226,4.10506549629771
O=c1c2c3c([N+](=O)[O-])nc4ccccc4c3nnc2n([N+](=O)[O-])c(=O)n1[N+](=O)[O-],1.749669,6.729327,20.426828,4.4986067,2.2873876,509.31036,94.98578,139.25685,3.5812029935757534
O=[N+]([O-])c1cc([N+](=O)[O-])c2c(c1)nc([N+](=O)[O-])n1nnc([N+](=O)[O-])c21,1.8010156,7.6086283,26.224827,5.551582,3.0048478,540.47284,310.6683,231.95132,3.3903313739493175
O=c1[nH]cnc2c([N+](=O)[O-])cc([N+](=O)[O-])nc12,1.7697546,6.818864,20.923979,4.169466,2.2433484,541.7035,-57.148342,247.69058,3.1409200935462414
O=[N+]([O-])Nc1nc2c3[nH]nnc3ncn2n1,1.7477455,7.2092094,23.353336,4.5312915,2.8796008,637.1177,523.2872,146.74829,3.7801361007663923
O=[N+]([O-])c1cnc([N+](=O)[O-])n1O,1.8129239,8.406351,32.121956,6.1480827,3.8964112,633.79114,61.563786,278.7987,3.3893748120281852
Nc1c([N+]=O)cc([N+](=O)[O-])n2nnnc12,1.7839496,7.530707,25.547611,5.1198134,3.1665442,621.6761,395.78836,286.15945,3.969537246383654
O=[N+]([O-])c1nc2c([nH]1)c([N+](=O)[O-])c([N+](=O)[O-])c1c([N+](=O)[O-])ccnc12,1.8027718,7.311984,24.317682,5.0950584,2.6834173,526.68646,134.73987,219.47777,3.4402870570721635
O=[N+]([O-])c1ncc2nc([N+](=O)[O-])c([N+](=O)[O-])cc2n1,1.7937366,7.4556823,25.257717,5.248258,2.865198,545.6278,189.61237,225.5799,3.227055278366146
Nc1cc2c(=O)n(C=O)c3c([N+](=O)[O-])c([N+](=O)[O-])cc(O)c3c2cc1[N+](=O)[O-],1.7550706,6.256461,17.533993,3.653255,1.8239583,502.97528,-504.32907,236.02515,3.3369327005878198
O=[N+]([O-])c1nc2c3nccn3c([N+](=O)[O-])cn2c1[N+](=O)[O-],1.7669882,7.2703166,23.705906,5.1178403,2.8064697,549.18915,250.26459,254.03087,3.6253796528208335
O=[N+]([O-])c1cc([N+](=O)[O-])c2nc([N+](=O)[O-])nc(O)c2c1,1.8049525,7.177161,23.408394,4.6581063,2.4863517,534.68567,-129.14975,245.28955,2.9954571596875184
O=[N+]([O-])c1nc2nc([N+](=O)[O-])n3ccnc3c2[nH]1,1.7479156,6.840775,20.869139,4.293943,2.4040883,561.8252,205.53278,273.82574,3.6098981952226836
O=c1n([N+](=O)[O-])nc2c3c([N+](=O)[O-])cccc3n([N+](=O)[O-])n12,1.7945131,7.4839854,25.423006,5.2308173,2.9076777,557.0007,140.81262,133.61324,3.7091009321541613
O=c1[nH]c2[nH]c3ncc([N+](=O)[O-])n3c(=O)c2[nH]1,1.7829851,6.2234435,17.512064,2.838356,1.5895925,566.0711,-237.45877,283.8062,3.7085605261940753
O=c1cc([N+](=O)[O-])oc2c1oc1c(=O)n(O)nnc12,1.7970718,6.891773,21.469568,4.282032,2.146349,502.7895,-283.28677,274.8358,3.6681533813943394
O=[N+]([O-])c1cnc2c([N+](=O)[O-])ncc([N+](=O)[O-])c2n1,1.8012097,7.5211115,25.796396,5.37445,2.9285252,544.1452,224.03549,238.08159,3.328371115470219
O=[N+]([O-])c1cc([N+](=O)[O-])c2nc3c(cc2c1[N+](=O)[O-])nnn3[N+](=O)[O-],1.8384323,7.796873,27.967001,5.715291,3.1186614,544.2397,356.11722,134.00208,3.4838921087369172
O=[N+]([O-])c1cn2c([N+](=O)[O-])cnc2[nH]1,1.7689435,7.321278,24.0404,4.8189707,2.8470526,593.74054,99.30545,297.97913,3.7604623670686568
O=[N+]([O-])NN=c1[nH]c([N+](=O)[O-])nc2nc3nccnc3c([N+](=O)[O-])c12,1.7750808,7.2219787,23.624567,4.7603607,2.7178514,572.522,352.01462,158.17793,3.9465167880161065
Nn1c([N+](=O)[O-])cc2c([N+](=O)[O-])c3c(O)nn([N+](=O)[O-])c3cc21,1.8015913,7.369512,24.763102,4.991963,2.8448408,571.1957,50.80071,154.92099,3.97414179062831
O=[N+]([O-])N=Cc1c2cc3c(c([N+](=O)[O-])c2nc2nn[nH]c12)OCO3,1.7192901,6.568969,19.096096,4.321038,2.2824938,528.76355,100.492584,210.81743,3.9790990935827786
O=[N+]([O-])N=Cc1c([N+](=O)[O-])c([N+](=O)[O-])nc2cc([N+](=O)[O-])n3cnnc3c12,1.8179241,7.5818305,26.256615,5.4193296,2.9833565,550.8247,379.13895,191.50993,3.9597651609950297
Nc1c([N+](=O)[O-])nc2c3cn[nH]c3nc([N+](=O)[O-])n12,1.7657316,7.0199943,22.051197,4.2862306,2.5414524,595.1853,243.46054,281.56464,3.5993939139387185
Nc1nc2[nH]c([N+](=O)[O-])nc2c(=NN[N+](=O)[O-])c2nnnn12,1.8297675,7.7250037,27.494118,4.697503,3.0608263,654.44403,513.8031,167.01628,4.1338852739585095
O=[N+]([O-])Nc1cnc([N+](=O)[O-])c2[nH]ncc12,1.7535276,7.2513967,23.656862,4.98289,2.969435,597.31415,237.92545,143.49858,3.5242781956280522
O=[N+]([O-])c1cc2nc3nonc3nc2nc1[N+](=O)[O-],1.8204453,7.5472155,26.126162,5.483762,2.9210951,530.7156,445.08902,226.70305,3.2572939362676223
Nc1cc([N+](=O)[O-])nc2c([N+](=O)[O-])cc([N+](=O)[O-])nc12,1.7536982,7.08561,22.477016,4.7598305,2.6505022,558.3287,69.05763,248.46614,3.2876684804422354
O=[N+]([O-])N=Cc1cc2c(nnn2[N+](=O)[O-])n1[N+](=O)[O-],1.8188514,8.362359,31.81232,6.376091,3.926593,615.80096,474.36948,124.13344,4.5046724729362815
O=c1[nH]c2cc([N+](=O)[O-])c([N+](=O)[O-])cc2n1O,1.8091508,7.108067,22.99792,4.4486732,2.4509327,554.7188,-199.58424,242.5719,2.9424481203020942
Nc1nc(=O)c2nonc2n2c([N+](=O)[O-])cc([N+](=O)[O-])c12,1.7982697,7.2939234,24.114756,4.843279,2.683932,556.263,162.37915,258.41415,3.528585320837027
O=[N+]([O-])c1ccc2nc3c([N+](=O)[O-])nc4noc([N+](=O)[O-])c4c3c([N+](=O)[O-])c2c1,1.7614765,7.008466,21.994165,5.22771,2.556423,487.9172,219.577,230.0344,3.539072126974002
O=c1[nH]c([N+](=O)[O-])nc2c3ncc[nH]c-3nc12,1.7129546,5.9182553,15.523633,3.1605284,1.6583992,528.2393,35.89217,277.7633,3.458287735686709
O=c1nc([N+](=O)[O-])[nH]c2[nH]c3nc([N+](=O)[O-])ccc3c12,1.7419327,6.3160253,17.772182,3.5779111,1.8703707,527.1684,-94.20327,272.644,3.4356760751117177
O=[N+]([O-])N=Cn1nc([N+](=O)[O-])c2c1nc([N+](=O)[O-])n1cc([N+](=O)[O-])nc21,1.8529203,7.9750366,29.339943,5.4516344,3.1911995,585.3354,354.22836,181.00566,4.241074983969154
Nn1c([N+](=O)[O-])c([N+](=O)[O-])c2ncncc2c1=NN[N+](=O)[O-],1.7955925,7.7021728,26.92432,5.352618,3.278059,614.2785,347.3774,170.4141,3.8710375683992737
O=[N+]([O-])c1cc([N+](=O)[O-])c2c(cc([N+](=O)[O-])c3cnnn32)n1,1.7458286,7.0883446,22.389822,5.1820846,2.7365572,528.39435,332.12408,234.60321,3.332921818725218
O=[N+]([O-])N=Cc1c2oc([N+](=O)[O-])c([N+](=O)[O-])c2cc2nnnn12,1.8131343,7.7232366,27.127478,5.633246,3.1319284,554.75616,364.6849,191.95335,4.041344168578229
O=[N+]([O-])c1cc([N+](=O)[O-])c2nc3nc([N+](=O)[O-])oc3c([N+](=O)[O-])c2c1,1.8249704,7.4213214,25.198093,5.229076,2.6612368,507.37878,17.772005,238.76279,3.4561419365210737
O=[N+]([O-])c1cn2ncnc2nc1[N+](=O)[O-],1.7547659,7.4504094,24.800776,5.1931386,3.0224788,583.81085,280.43903,234.39233,3.2110314302485694
O=[N+]([O-])NN=c1c2nc[nH]c2cc([N+](=O)[O-])n1[N+](=O)[O-],1.8007605,7.822841,27.73948,5.3723545,3.3072712,618.3335,240.97678,140.31679,4.106264513340156
O=[N+]([O-])c1cc2nnnn2c2nonc12,1.8036987,7.7401056,27.11111,5.951653,3.345372,562.71625,618.42975,279.63022,3.3316572690722532
O=c1[nH]c2nc3c(oc4cnc([N+](=O)[O-])cc43)c([N+](=O)[O-])c2[nH]1,1.764145,6.266336,17.632368,3.5439715,1.7544551,499.24142,-180.76807,283.51453,3.4380892922046034
O=[N+]c1c([N+](=O)[O-])cnc2oc([N+](=O)[O-])nc12,1.8495089,7.773711,27.862997,5.3949957,2.9367054,543.34894,124.74606,238.22995,4.072513404583031
Nc1c2nonc2c([N+](=O)[O-])c2c1nnc1c2c(C=N[N+](=O)[O-])nn1[N+](=O)[O-],1.8295501,7.7500615,27.690119,5.652769,3.2082381,567.1955,649.7496,149.41896,4.2796680841232035
O=c1[nH]c2nc3ccc([N+](=O)[O-])c(O)c3c([N+](=O)[O-])c2[nH]1,1.7404683,6.1761727,16.939348,3.3789005,1.7298651,517.3569,-337.64606,258.78918,3.051459005047553
O=c1[nH][nH]c(=O)c2[nH]c([N+](=O)[O-])nc12,1.8163745,6.935469,22.023006,3.6257265,2.1353724,592.60815,-155.98384,284.6792,3.543926739538292
O=c1[nH]c2cc3c(nnn3[N+](=O)[O-])c([N+](=O)[O-])c2[nH]1,1.839387,7.28143,24.42335,4.421211,2.5099688,571.4085,85.831665,147.12006,3.624029416897299
O=[N+]([O-])c1cc([N+](=O)[O-])c2c(n1)c([N+](=O)[O-])cn2[N+](=O)[O-],1.8443989,8.061298,29.972542,5.942995,3.3618302,562.69543,163.37259,121.53975,3.563017326725876
O=[N+]([O-])c1cc([N+](=O)[O-])n2cnnc2n1,1.7646638,7.517711,25.323383,5.297875,3.090935,585.1123,304.13068,259.12717,3.4287571338132974
O=[N+]([O-])N=Cc1c2c(cc3nnnn13)nc([N+](=O)[O-])n2[N+](=O)[O-],1.8035057,7.8955584,28.269634,5.769561,3.3971627,589.4199,590.6643,124.3737,4.200585926819988
O=c1[nH]c([N+](=O)[O-])cc2nn[nH]c12,1.7286078,6.638747,19.439838,3.8191543,2.2102516,583.29553,15.897159,287.00104,3.669432057701134
O=[N+]([O-])c1cnc2c([N+](=O)[O-])nc([N+](=O)[O-])nc2c1,1.7792108,7.410372,24.80649,5.2490582,2.857473,544.47986,183.14957,231.95294,3.158131296465693
O=[N+]([O-])c1cc([N+](=O)[O-])c2nc([N+](=O)[O-])n3nnnc3c2c1,1.8122803,7.516282,25.687675,5.385478,2.9310253,544.25525,419.01242,240.56668,3.1101925879559866
O=[N+]([O-])c1ncc2[nH]cc([N+](=O)[O-])c2n1,1.7418905,6.9572616,21.564747,4.5849667,2.5668142,561.48413,112.91025,282.3573,3.252698221993409
O=[N+]([O-])N=Cc1c([N+](=O)[O-])c([N+](=O)[O-])cc2c([N+](=O)[O-])n[nH]c12,1.8334779,7.865389,28.33293,5.6549864,3.21191,567.89404,200.10391,197.88676,3.7483223707039723
Nc1c([N+](=O)[O-])c2[nH]c([N+](=O)[O-])cc2c2nn[nH]c12,1.7517947,6.7424397,20.218527,4.1684146,2.394102,576.8259,177.65924,310.77603,3.8263270500333935
Nc1[nH]c(=O)nc2c1cnn2[N+](=O)[O-],1.7761195,6.825269,21.098879,3.6094916,2.2598376,630.91986,-7.497129,157.37573,3.6655870634249315
O=[N+]([O-])N=Cn1cnc2c([N+](=O)[O-])nc([N+](=O)[O-])c([N+](=O)[O-])c21,1.8500606,8.103318,30.221157,5.734725,3.352542,583.8622,272.44614,193.00291,3.984748852418978
O=[N+]([O-])NN=c1c2nc([N+](=O)[O-])[nH]c2ncn2nnnc12,1.8265873,7.753822,27.680979,5.0253525,3.1418948,627.4014,581.51715,158.55089,4.097579735164894
O=[N+]([O-])C1=Cc2c([N+](=O)[O-])[nH]c(O)c21,1.7872918,7.1385484,22.97618,4.706383,2.5937796,553.38885,-134.28209,290.5829,3.831017384028936
O=[N+]([O-])c1cnc2ncnc-2n1[N+](=O)[O-],1.7656502,7.5189013,25.478968,5.279312,3.096067,587.2533,296.23795,120.48952,3.400521111299226
O=[N+]([O-])c1cc([N+](=O)[O-])c2c([N+](=O)[O-])c([N+](=O)[O-])cnc2n1,1.8169637,7.693162,27.051794,5.5926437,3.0145676,537.9718,132.76459,209.8999,3.1673151343750856
O=[N+]([O-])c1cc([N+](=O)[O-])c2nc3c([N+](=O)[O-])c([N+](=O)[O-])ccc3nc2n1,1.7851497,7.1241455,22.956495,5.0633163,2.5729997,507.63925,179.1449,226.05379,3.182981577375748
O=c1c2c(C=N[N+](=O)[O-])cc3nc([N+](=O)[O-])ccc3c2n([N+](=O)[O-])n1[N+](=O)[O-],1.7693774,7.26072,23.723186,5.146575,2.7680852,538.86914,103.05005,138.24477,4.08412939081651
O=[N+]([O-])c1ccnc2cc3c([N+](=O)[O-])cc([N+](=O)[O-])n3c([N+](=O)[O-])c12,1.7360345,6.984176,21.65142,5.1869693,2.6508965,510.7925,125.44232,223.02007,3.3795003750974226
O=[N+]([O-])N=c1[nH]c([N+](=O)[O-])nc2[nH]ncc12,1.7936685,7.575324,25.94051,4.8625445,3.0249047,624.73126,242.3674,182.50026,3.878503720103577
O=c1[nH]c2nc([N+](=O)[O-])cc([N+](=O)[O-])c2[nH]1,1.810557,6.9892664,22.164328,3.882004,2.1904078,569.5668,-179.99196,274.6785,3.1104332696238233
Nn1c([N+](=O)[O-])c([N+](=O)[O-])c2c1nnn1cc([N+](=O)[O-])nc21,1.840814,7.9272346,28.849785,5.567267,3.306071,594.61316,432.00552,254.61087,3.6855577770042274
O=[N+]([O-])c1ncc2c([N+](=O)[O-])c3c([N+](=O)[O-])cnn3cc2n1,1.7672514,7.132315,22.892136,5.0751386,2.699713,531.82684,281.42233,240.70998,3.5418810494944495
O=c1c2nc([N+](=O)[O-])cc([N+](=O)[O-])c2c(C=N[N+](=O)[O-])nn1[N+](=O)[O-],1.8637297,8.032442,29.89031,5.6173244,3.1948552,568.0984,172.54059,154.291,4.035260327085733
O=[N+]([O-])c1cc2n[nH]cc2c([N+](=O)[O-])n1,1.7292514,7.0257773,21.862461,4.8793755,2.7352488,562.5579,155.72656,263.89212,3.513796158203541
O=c1[nH]c2cn3ncc([N+](=O)[O-])c3c([N+](=O)[O-])c2[nH]1,1.7785087,6.734627,20.395844,3.9993422,2.1790357,549.3237,-32.77136,265.03238,3.3362530855363524
O=[N+]([O-])N=Cc1cc([N+](=O)[O-])nc2[nH]nc([N+](=O)[O-])c12,1.7850487,7.5817943,25.978811,5.311161,3.07971,580.7629,253.00781,173.48335,3.917626051801694
O=c1[nH]c2cnc(O)cc2n1[N+](=O)[O-],1.7406255,6.385172,18.285772,3.3492963,1.9029771,572.0944,-243.78648,160.00746,3.6760044723318144
O=c1n([N+](=O)[O-])c2ccoc2c2nnc([N+](=O)[O-])n12,1.8078003,7.4165516,25.032043,4.94872,2.7233584,550.49884,63.95531,144.74231,3.7712087068381264
O=[N+]([O-])Nc1nc2c3cc([N+](=O)[O-])[nH]c3ncn2c1[N+](=O)[O-],1.7945385,7.343849,24.509571,4.83032,2.7894406,579.5561,201.90265,139.16992,3.719854895648295
O=[N+]([O-])c1cn2nc([N+](=O)[O-])cc([N+](=O)[O-])c2n1,1.789921,7.7554183,27.177277,5.6517906,3.216729,569.828,220.1253,261.92828,3.2758990798380685
O=[N+]([O-])c1nc2ncn([N+](=O)[O-])c2c2[nH]cnc12,1.7773007,7.0706253,22.754995,4.560337,2.583397,568.29,267.20572,159.00865,3.8146246567611453
Nc1c([N+](=O)[O-])[nH]c2ncc([N+](=O)[O-])nc12,1.7739718,7.037806,22.306389,4.270157,2.5270915,595.301,86.115326,293.68048,3.543547402003073
O=c1n([N+](=O)[O-])c(=O)n2c3nc4ccccc4nc3c([N+](=O)[O-])c([N+](=O)[O-])n12,1.7667481,6.78827,20.835869,4.367303,2.2507188,517.76544,-4.4228187,185.86864,3.490913010249707
Nc1ncnc2c1nc([N+](=O)[O-])n2[N+](=O)[O-],1.7789735,7.5020003,25.48605,4.824773,2.9959147,623.47565,236.05878,140.50352,3.3356361318778474
Nn1c(=O)n([N+](=O)[O-])c(=O)c2cc3c(cc21)OCO3,1.7361474,6.300045,17.752228,3.5134757,1.904852,545.3138,-413.782,164.2706,3.1694948015126823
O=[N+]([O-])c1cnc2c(O)c([N+](=O)[O-])[nH]c2c1,1.7479515,6.697008,19.97618,4.152777,2.2460144,543.13715,-139.18658,290.9049,3.11435849323742
O=[N+]([O-])c1cc2c([N+](=O)[O-])cc3nnnn3c2[nH]1,1.7673062,7.1062436,22.555592,4.838717,2.7046795,561.2715,343.21487,285.9841,3.541752964453453
O=[N+]([O-])c1cc([N+](=O)[O-])c2c([N+](=O)[O-])c([N+](=O)[O-])[nH]c2c1,1.8030171,7.5903106,26.095024,5.4802003,2.9711468,542.2346,-6.451841,246.11444,3.1124080959566447
O=[N+]([O-])c1nc2cc([N+](=O)[O-])c([N+](=O)[O-])cc2o1,1.8039254,7.472376,25.347095,5.291471,2.7816582,524.51465,-68.74566,234.2128,3.135210618299608
O=[N+]([O-])c1[nH]c2nc3c([N+](=O)[O-])ccc([N+](=O)[O-])c3cc2c1[N+](=O)[O-],1.7938242,7.0781856,22.697607,4.914532,2.5226336,513.73413,44.00481,253.11455,3.2322475622386415
O=[N+]([O-])c1cc2c(nc1[N+](=O)[O-])oc1cn[nH]c12,1.7494642,6.796679,20.624712,4.6370873,2.3881097,515.7271,82.788025,235.24416,3.438632349068838
O=[N+]([O-])c1cnc2cnc([N+](=O)[O-])nc2n1,1.7590157,7.0977473,22.717848,4.744594,2.6318774,555.493,240.4595,251.72203,3.3426544194042753
O=[N+]([O-])c1cn2c([N+](=O)[O-])ccc2nc1[N+](=O)[O-],1.7422049,7.3092113,23.75445,5.413485,2.9646542,548.2443,134.06091,231.2726,3.213530810607299
O=c1[nH]c2cc([N+](=O)[O-])c([N+](=O)[O-])cc2n2cc([N+](=O)[O-])nc12,1.811537,6.899294,21.699875,4.3059926,2.242271,523.292,-92.06021,237.38765,3.104890393321229
O=[N+]([O-])c1cc2nc([N+](=O)[O-])c3nc([N+](=O)[O-])cnc3c2cn1,1.7514974,6.8302464,20.924604,4.7283425,2.4180863,511.1353,248.19846,238.22006,3.372950761984823
O=[N+]([O-])c1ccc2c(c1)c1c3c([nH]c1n2[N+](=O)[O-])c([N+](=O)[O-])c([N+](=O)[O-])c1c([N+](=O)[O-])c[nH]c13,1.7896116,6.8801413,21.562302,4.7561727,2.3986223,504.87314,42.788456,176.95923,3.789351493760809
NN1C([N+](=O)[O-])=C([N+](=O)[O-])N(N[N+](=O)[O-])c2cc([N+](=O)[O-])cnc21,1.8273106,8.126543,30.253868,5.7563987,3.6032212,628.0732,245.4054,139.87848,3.9898459908032047
O=[N+]([O-])c1ccc2nc3nn([N+](=O)[O-])c([N+](=O)[O-])c3c([N+](=O)[O-])c2c1,1.7809577,7.367134,24.520882,5.476449,2.8871117,525.7298,240.78262,142.77919,3.3242128894487433
O=[N+]([O-])c1cnc2c([N+](=O)[O-])c([N+](=O)[O-])ncc2n1,1.7922378,7.4982543,25.569414,5.392854,2.938724,544.238,226.84744,221.63367,3.297092382438545
O=[N+]([O-])c1cn([N+](=O)[O-])c2coc(O)c12,1.80661,7.398165,24.912155,4.9185433,2.7375925,556.2789,-209.87053,144.8777,3.869320811111609
NN=c1[nH]c([N+](=O)[O-])nc2[nH]c(=O)[nH]c12,1.7814039,6.7304587,20.496244,3.1986988,2.0829215,654.4313,-61.152355,286.32318,3.8956359330628274
Nc1nnnc2nc([N+](=O)[O-])nc([N+](=O)[O-])c12,1.80384,7.723121,27.239117,5.0939875,3.1325886,616.00604,365.21182,238.60179,3.647951197225172
O=[N+]([O-])c1c[nH]c2nnnn12,1.791411,7.7805953,27.316195,5.2171407,3.372243,648.85486,389.40378,300.75433,3.831650460366709
Nc1nc2nc([N+](=O)[O-])cc([N+](=O)[O-])c2n1[N+](=O)[O-],1.8046082,7.7438827,27.28281,5.1930714,3.122692,602.8938,158.18542,132.97472,3.5776181742937476
Nc1nc2[nH]c(=O)c(=O)[nH]c2cc1[N+](=O)[O-],1.7783322,6.0531373,16.465672,2.6401381,1.5002255,573.20026,-335.4423,306.50766,2.8153974914485094
Nn1nnc2cc([N+](=O)[O-])nc([N+](=O)[O-])c21,1.7531565,7.6371827,26.038633,5.4624753,3.3535085,616.3189,362.54172,252.4405,3.5755513376023567
O=[N+]([O-])Nc1c([N+](=O)[O-])cc([N+](=O)[O-])c2nc3cc([N+](=O)[O-])n([N+](=O)[O-])c3cc12,1.8078018,7.624322,26.465405,5.5701523,3.0505953,546.79486,158.11496,134.28766,3.603403183259487
O=c1cc([N+](=O)[O-])[nH]c2c([N+](=O)[O-])cnn12,1.7701848,7.111489,22.534525,4.4827065,2.527066,567.0068,-30.611052,297.34445,3.3707667222177413
O=[N+]([O-])N=Cn1ncc2c([N+](=O)[O-])c([N+](=O)[O-])c([N+](=O)[O-])nc21,1.8415763,8.127167,30.308998,5.9015565,3.435069,581.4543,322.98117,194.95181,3.939546834764502
Nc1nn([N+](=O)[O-])c2c([N+](=O)[O-])c3c(ccn3[N+](=O)[O-])c([N+](=O)[O-])c12,1.8221627,7.7389445,27.38771,5.555777,3.178179,571.4804,233.569,129.67677,4.0005924949179015
C[n+]1nc2c3c([N+](=O)[O-])c4c([N+](=O)[O-])cc([N+](=O)[O-])n4cc3nc([N+](=O)[O-])c2c2nc([N+](=O)[O-])cn21,1.7536824,7.139468,22.833122,5.1120796,2.7623026,540.41644,296.95892,233.99913,4.356383279169885
O=[N+]([O-])c1cc([N+](=O)[O-])c2cnc([N+](=O)[O-])nc2n1,1.7982373,7.4162655,25.021904,5.124879,2.7975743,546.29694,158.74686,242.99374,3.296353920900083
Nc1c([N+](=O)[O-])nc2c([N+](=O)[O-])c([N+](=O)[O-])cc-2c2ncnn12,1.7786077,7.1841626,23.29804,4.798331,2.6966662,563.7121,262.36862,247.342,3.3399154553559676
O=[N+]([O-])c1ccc2nnc3nc4c(O)c([N+](=O)[O-])c([N+](=O)[O-])c([N+](=O)[O-])n4c3c2c1,1.7883893,7.0405045,22.470903,4.8519998,2.4804146,511.41776,118.47067,220.64316,3.4227253147894725
O=[N+]([O-])c1cc2ncc([N+](=O)[O-])nc2nn1,1.74482,7.208433,23.241064,5.14793,2.8491695,553.3413,328.00455,257.92947,3.413307566257423
O=[N+]([O-])c1cc([N+](=O)[O-])c2[nH]c([N+](=O)[O-])c([N+](=O)[O-])c2c1,1.8374397,7.665783,26.933311,5.4506288,2.9505026,540.97424,-13.644849,258.8755,3.125305158893707
Nc1nc([N+](=O)[O-])nc2c1ncn2[N+](=O)[O-],1.8077704,7.563461,26.214931,4.7241316,2.9533818,627.67377,201.69601,137.10963,3.525837205223108
N=c1c2[nH]c([N+](=O)[O-])nc2ncn1[N+](=O)[O-],1.8260318,7.5869827,26.58988,4.6962767,2.9126294,622.3066,189.56992,150.29715,4.022276561215953
N=c1c2cc3c(ncn3[N+](=O)[O-])nc2nc([N+](=O)[O-])n1[N+](=O)[O-],1.8261538,7.530776,26.08767,5.0039797,2.8748472,575.1866,304.5722,131.9614,4.1067489541152735
O=[N+]([O-])c1[nH]c2n[nH]cc2c1[N+](=O)[O-],1.7935098,7.4987583,25.422457,5.0283947,2.9892502,596.8425,136.98416,274.05112,3.869056294194162
O=[N+]([O-])c1cc([N+](=O)[O-])c2nc3c([N+](=O)[O-])nc([N+](=O)[O-])nc3nc2c1,1.815228,7.370394,24.816298,5.104879,2.6735914,522.8866,224.206,231.86784,3.2870650938592654
O=[N+]([O-])N=Cc1cnn2c([N+](=O)[O-])c3[nH]ncc3c([N+](=O)[O-])c12,1.7828285,7.3338847,24.30436,5.2325277,2.9327705,560.3326,370.7913,195.01535,3.9349441685782303
O=[N+]([O-])c1cc([N+](=O)[O-])c2c([N+](=O)[O-])c3c([N+](=O)[O-])cc([N+](=O)[O-])nc3nc2c1,1.7937118,7.2964125,24.109688,5.288395,2.697749,509.76666,99.651184,212.0889,3.255305480961785
O=[N+]([O-])c1nnc2ocnn12,1.8205286,7.9537086,28.864508,5.4133353,3.3047893,611.7294,276.33646,278.07666,3.9806529417562864
O=[N+]([O-])N=Cc1c2nc3cc([N+](=O)[O-])cnc3nc2c([N+](=O)[O-])c2c([N+](=O)[O-])nn(C=N[N+](=O)[O-])c12,1.7985717,7.373743,24.73156,5.185213,2.808602,541.4806,417.23727,184.7269,4.380456010562202
O=[N+]([O-])c1ccc([N+](=O)[O-])c2c1nnn2[N+](=O)[O-],1.8195393,7.9399986,28.829718,5.985913,3.4128518,568.3657,310.58344,111.97664,3.2289923490688377
O=c1nc([N+](=O)[O-])oc2nc3c([N+](=O)[O-])ccc([N+](=O)[O-])c3nc12,1.8236492,7.057504,22.81408,4.524058,2.26668,501.40103,-86.280014,242.42131,3.3913726856468234
O=[N+]([O-])c1n[nH]c2c1c([N+](=O)[O-])nc1[nH]ccc12,1.7237111,6.560212,19.020613,4.2540326,2.29234,541.2467,172.65588,253.43492,3.4394381952226842
O=[N+]([O-])N=Cn1nc2nc([N+](=O)[O-])cc([N+](=O)[O-])c2c1[N+](=O)[O-],1.8349956,8.094283,30.035137,5.8696923,3.4177983,581.8886,313.53104,192.32898,3.967189205508511
Nc1nc2cc([N+](=O)[O-])c(=O)[nH]c2cc1[N+](=O)[O-],1.7697641,6.525331,19.102749,3.7055216,2.0303712,552.53326,-162.24655,272.40543,2.664669272145762
O=[N+]([O-])N=Cc1nc2c(nc([N+](=O)[O-])n2[N+](=O)[O-])c2ncc([N+](=O)[O-])n12,1.8502874,8.016297,29.707775,5.62898,3.2721853,580.6936,413.09976,145.35028,4.258463775177947
O=[N+]([O-])c1nc2cnn3c([N+](=O)[O-])cnc3c2o1,1.7889996,7.2029276,23.49188,4.9265676,2.6307154,533.6363,199.83508,281.6747,3.7207837336842218
O=[N+]([O-])c1c[nH]c2cn3nnnc3c([N+](=O)[O-])c12,1.7803658,7.2215,23.539993,5.027612,2.812884,561.3422,382.44638,252.13123,3.462577887530376
O=[N+]([O-])c1ccc2c([N+](=O)[O-])c3cc([N+](=O)[O-])[nH]c3nc2n1,1.7388759,6.6498957,19.676283,4.464403,2.2837694,513.11896,86.17862,254.41974,3.432057972571373
O=c1c2c(C=N[N+](=O)[O-])c3nc4cccc([N+](=O)[O-])c4nc3nc2n([N+](=O)[O-])c(=O)n1[N+](=O)[O-],1.7971298,7.083427,22.924614,4.6563754,2.4415517,525.311,86.93564,151.57605,4.063178751285893
Nc1nn2c([N+](=O)[O-])nnc2cc1[N+](=O)[O-],1.8060169,7.7198844,27.025148,5.212481,3.2075346,617.616,328.92276,283.73666,3.338028618461033
Nc1c([N+](=O)[O-])nc2cc([N+](=O)[O-])cc([N+](=O)[O-])n12,1.7702223,7.3449144,24.147552,4.931072,2.8514307,580.88654,54.563038,279.05167,3.4240864819860555
O=c1c2c(ccn2C=N[N+](=O)[O-])c([N+](=O)[O-])nn1[N+](=O)[O-],1.8019304,7.7179365,27.02178,5.426031,3.1501017,581.26825,148.83347,145.64459,4.221616422629972
O=[N+]([O-])NN=c1[nH]c2cc3c(cc2nc1[N+](=O)[O-])OCO3,1.7258615,6.7343626,20.151752,4.3343253,2.4223568,561.145,-82.06207,164.64363,3.4764694352952725
O=c1c2nc3ccc([N+](=O)[O-])cn3c(=O)c2n(C=N[N+](=O)[O-])c(=O)n1[N+](=O)[O-],1.8088843,7.058745,22.769703,4.2983465,2.3229656,542.55414,-187.14285,159.69798,3.8861367754318934
O=[N+]([O-])c1ncc2c(n1)c([N+](=O)[O-])nc1[nH]cnc12,1.7414484,6.6630683,19.883535,4.2187114,2.2688432,539.3038,239.71631,244.30742,3.605676229446143
O=[N+]([O-])c1cc([N+](=O)[O-])c2nc3nc([N+](=O)[O-])n([N+](=O)[O-])c3n2c1,1.8490633,7.910399,28.894741,5.6142483,3.1627614,561.8614,259.22498,139.47792,3.7194284770669412
O=[N+]([O-])c1nc2c([N+](=O)[O-])ncnc2[nH]1,1.7990541,7.414064,25.01936,4.7223372,2.7578695,587.0531,167.09766,252.5414,3.4289226122373133
Nc1c([N+](=O)[O-])n([N+](=O)[O-])c2nc3c([N+](=O)[O-])nccc3c(=O)n12,1.8040372,7.2297454,23.851967,4.5705147,2.5698645,564.0771,47.071507,133.34264,3.6814835251438645
O=[N+]([O-])c1ncc2c([N+](=O)[O-])c[nH]c2n1,1.7527115,6.961235,21.677063,4.5126863,2.5301287,562.98755,92.25128,276.4086,3.309889591599414
O=[N+]([O-])c1[nH]cc2nnc3c(ncn3[N+](=O)[O-])c12,1.801944,7.30712,24.576069,5.0266395,2.8471024,567.62354,389.283,139.50212,4.009733579838069
O=[N+]([O-])c1c([N+](=O)[O-])c2oc3c([N+](=O)[O-])occ3c2c2c(O)ccnc12,1.7632084,6.574873,19.406597,4.5025606,2.1002376,464.99545,-251.0843,232.50691,3.718779868661927
N=c1c2nc[nH]c2nc(N[N+](=O)[O-])n1[N+](=O)[O-],1.8119023,7.592855,26.389091,4.624958,2.9804103,647.4912,213.48611,143.72647,4.041233137024502
O=c1n([N+](=O)[O-])c([N+](=O)[O-])c2nnc3c4c(cnc5c([N+](=O)[O-])cccc54)c([N+](=O)[O-])nc3n12,1.788121,6.9223523,21.864475,4.7100983,2.3817198,506.07724,252.93875,157.35884,3.749170670586788
O=[N+]([O-])c1cc2ncc([N+](=O)[O-])c([N+](=O)[O-])n2n1,1.7929227,7.783959,27.40055,5.7287593,3.2530606,568.7228,248.49692,228.39183,3.262788502914992
Nc1c([N+](=O)[O-])cn2c([N+](=O)[O-])cnc2c1[N+](=O)[O-],1.8234193,7.530254,25.920115,5.03341,2.9155734,580.79083,87.176575,281.48523,3.3534517127552865
O=[N+]([O-])c1ccc2c(c1)ncc1c([N+](=O)[O-])c3c([N+](=O)[O-])nn([N+](=O)[O-])c3nc12,1.7677522,6.953811,21.871965,5.000112,2.5344203,506.1649,267.11404,149.9315,3.4526177939652367
O=[N+]([O-])NN=c1cnn(N[N+](=O)[O-])c2nocc12,1.7749653,7.9776187,28.625803,5.940073,3.753976,634.0744,431.83932,139.28838,4.526635425991915
O=[N+]([O-])c1c[nH]c2c1nnc1nc3nonc3nc12,1.7919257,6.963672,22.085344,4.7749214,2.5269904,527.3698,573.5264,297.13034,3.539271880587455
Nc1c([N+](=O)[O-])c2ncn(C=N[N+](=O)[O-])c(=O)n2c1[N+](=O)[O-],1.8492382,7.701404,27.355595,4.750447,2.885063,608.99854,15.478839,197.36269,4.035206381059435
O=[N+]([O-])c1c2n[nH]nc2cc2nc3c(nc([N+](=O)[O-])n3[N+](=O)[O-])nc12,1.8291217,7.529584,26.1194,5.186682,2.8673356,552.65,500.87485,141.18019,3.7720773231331632
O=[N+]([O-])C1=CC([N+](=O)[O-])=Nc2c([N+](=O)[O-])nn3cnc([N+](=O)[O-])c1c23,1.8401097,7.7474585,27.63941,5.578231,3.0414433,544.3964,323.35226,219.66861,4.017318285545183
O=c1c(C=N[N+](=O)[O-])c([N+](=O)[O-])[nH]c2c([N+](=O)[O-])cnn12,1.8357787,7.7189574,27.30665,5.0768275,2.9605753,583.9696,70.77852,184.2773,3.978257906146455
O=[N+]([O-])c1cc2[nH]c([N+](=O)[O-])cn2n1,1.7527153,7.3650413,24.167898,5.034852,2.9850664,595.91766,133.49896,287.64175,3.822624310388494
O=[N+]([O-])c1cc2nc([N+](=O)[O-])c3c[nH]nc3c2nn1,1.7556827,6.9052095,21.428541,4.7392545,2.5573208,539.9443,369.58572,264.31796,3.7225482178351124
Nc1c2c([N+](=O)[O-])ccc([N+](=O)[O-])c2nc2c1c([N+](=O)[O-])nn2[N+](=O)[O-],1.8274382,7.545523,26.213951,5.225679,2.9123905,557.5728,201.97348,153.61949,3.5328990546810513
O=c1cc([N+](=O)[O-])c2[nH]cc([N+](=O)[O-])c2[nH]1,1.7770393,6.702684,20.11004,3.950034,2.1430736,546.55896,-187.17451,307.6731,3.091776382325077
O=[N+]([O-])c1cc([N+](=O)[O-])c2c(c1)c([N+](=O)[O-])nn2[N+](=O)[O-],1.8312972,8.045672,29.645805,6.07063,3.4145648,560.06067,193.0542,116.3199,3.339099844208393
O=c1[nH]c2cc([N+](=O)[O-])cc([N+](=O)[O-])c2c(=O)n1N[N+](=O)[O-],1.8141212,7.3206377,24.40239,4.5232615,2.5593905,568.74817,-268.5604,150.6379,3.1756514738976325
NN=c1[nH]cnc2cc([N+](=O)[O-])n([N+](=O)[O-])c12,1.738722,7.2744465,23.600697,4.918419,3.0567195,624.2316,265.0078,154.3107,4.084336815954268
Nc1nc2c3c([N+](=O)[O-])ccc([N+](=O)[O-])c3n3c([N+](=O)[O-])cnc3n2c1[N+](=O)[O-],1.7784166,7.038222,22.342709,4.64343,2.524313,545.0881,148.69623,246.30197,3.629733560574479
O=c1[nH]c2c([N+](=O)[O-])c3ncoc3cc2n1[N+](=O)[O-],1.8381575,7.0226693,22.824715,4.161596,2.2217891,536.85596,-160.81468,156.78542,3.712863144707949
O=[N+]([O-])c1cc2nc([N+](=O)[O-])cc([N+](=O)[O-])n2c1,1.7359737,7.2380767,23.21105,5.255453,2.8763654,548.8172,93.17035,268.5681,3.2963452336842227
O=[N+]([O-])c1cn([N+](=O)[O-])c2ccc3c(nc([N+](=O)[O-])n3[N+](=O)[O-])c12,1.8090457,7.6076074,26.38684,5.5718446,3.043115,544.6048,207.04016,141.44482,3.845584246297711
O=[N+]([O-])c1ncc2cc3cc([N+](=O)[O-])n([N+](=O)[O-])c3nc2n1,1.764113,7.1052985,22.802155,4.997556,2.675796,535.6172,257.99185,133.63922,3.6807141264175263
O=[N+]([O-])N=CN=c1[nH]c2nncn2c2c([N+](=O)[O-])cc([N+](=O)[O-])nc12,1.7780917,7.333729,24.29919,4.8605547,2.8466733,586.6907,399.94894,183.93489,4.349897390022797
O=[N+]([O-])c1ncc([N+](=O)[O-])c2c1cnc1[nH]cc([N+](=O)[O-])c12,1.7448089,6.759977,20.418938,4.650282,2.403733,517.3236,141.11655,244.43938,3.323850280263679
Nc1c([N+](=O)[O-])nc2[nH]ncc2c1[N+](=O)[O-],1.7676637,7.1465306,22.894815,4.555776,2.7097833,597.366,144.71933,283.70486,3.2097584932374197
O=[N+]([O-])c1cc2c(nnc3cnn([N+](=O)[O-])c32)nc1[N+](=O)[O-],1.8031095,7.6250615,26.538778,5.655195,3.1210322,550.20276,477.8033,142.48889,3.686794895648295
O=c1c2nc([N+](=O)[O-])cc([N+](=O)[O-])c2ncn1[N+](=O)[O-],1.8548571,7.7339163,27.803644,5.187981,2.8936841,556.8744,44.58666,150.27383,3.5193982337078378
O=c1c([N+](=O)[O-])nnc2c([N+](=O)[O-])cncn12,1.826351,7.492717,25.750347,4.9676976,2.7838898,561.2173,165.00089,242.73627,3.176715411271994
O=[N+]([O-])c1cc([N+](=O)[O-])n2nc3c([N+](=O)[O-])ccc([N+](=O)[O-])c3c2n1,1.8234355,7.4208426,25.19776,5.276936,2.7759833,526.227,213.1937,242.57872,3.3128280444430036
Nc1c([N+](=O)[O-])n([N+](=O)[O-])c2ncc([N+](=O)[O-])cc12,1.7907953,7.5183983,25.683205,5.2554846,3.0451589,580.80475,139.54422,139.25288,3.395131405062979
Nc1c([N+](=O)[O-])c2oc([N+](=O)[O-])nc2c2nc[nH]c12,1.7700405,6.7733216,20.620125,4.0917172,2.244909,550.9877,-2.158292,293.95306,3.7532406595008485
O=[N+]([O-])c1ccc([N+](=O)[O-])c2nc3c(cc([N+](=O)[O-])c4c3nnn4[N+](=O)[O-])nc12,1.8050104,7.2665415,24.171059,5.219406,2.7118492,517.59595,378.5139,129.18358,3.5070051357373897
O=c1nc[nH]c2c([N+](=O)[O-])cc([N+](=O)[O-])c([N+](=O)[O-])c12,1.8133087,7.2548966,24.000673,4.7795396,2.5528893,535.36676,-88.33294,222.43095,2.9718063614291736
O=[N+]([O-])N=Cc1c([N+](=O)[O-])oc2nc([N+](=O)[O-])n3cc([N+](=O)[O-])nc3c12,1.8521857,7.793266,28.05169,5.365562,2.9731371,552.9418,140.97821,175.06834,4.189395203749375
O=[N+]([O-])c1cc([N+](=O)[O-])c2c([N+](=O)[O-])ncnc2n1,1.780506,7.398631,24.755972,5.2084403,2.840489,546.3695,175.50946,217.55275,3.202080617732662
O=[N+]([O-])c1cc([N+](=O)[O-])c2c(n1)c1c([N+](=O)[O-])cccc1n1c([N+](=O)[O-])nnc21,1.7443261,6.8327785,20.799082,4.8937297,2.4705992,504.33807,265.62717,228.56935,3.3650242204501453
Nc1nc2c([N+](=O)[O-])ccc([N+](=O)[O-])c2c2nc3c(nc([N+](=O)[O-])n3[N+](=O)[O-])nc12,1.801504,7.2104077,23.789654,4.8201437,2.6198025,544.26196,273.7008,150.47855,3.620566340430498
O=c1[nH]c([N+](=O)[O-])nc2ncc([N+](=O)[O-])cc12,1.7710766,6.723362,20.31241,3.9876428,2.133863,538.3794,-96.94606,271.40543,3.05126925742584
O=[N+]([O-])c1cc(O)c2nc([N+](=O)[O-])ncc2n1,1.7502844,6.812188,20.765224,4.288612,2.3143342,541.63934,-37.67712,262.2045,3.4209555450512585
Nc1nc2[nH]cc([N+](=O)[O-])c2c2nnc([N+](=O)[O-])n12,1.7907546,7.046477,22.436428,4.1771073,2.4829907,596.90497,212.52011,292.9004,3.5121178784357587
O=[N+]([O-])c1cnc([N+](=O)[O-])n2c([N+](=O)[O-])cnc12,1.8314542,7.845213,28.260468,5.5758715,3.173981,568.81256,205.91443,232.67023,3.28567504137653
O=[N+]([O-])c1nc2c[nH]c([N+](=O)[O-])c2[nH]1,1.7872846,7.3202634,24.185293,4.6642942,2.757284,593.45,58.677113,294.30066,3.917966010793352
O=c1[nH][nH]c2[nH]nc([N+](=O)[O-])c12,1.8240194,7.334588,24.691881,4.1687245,2.6194575,631.505,20.788515,292.08182,3.7409527502190265
O=[N+]([O-])c1nc([N+](=O)[O-])c2ncncc2n1,1.7443666,7.1097336,22.669619,4.8854995,2.7074702,555.1703,261.06625,235.60428,3.2826722515721087
O=c1[nH]c2nc3c(cc([N+](=O)[O-])c4nc5nc-5[nH]cnc(=O)c43)c([N+](=O)[O-])c2[nH]1,1.7314515,5.986795,15.962856,3.228147,1.6171492,505.39752,-61.27833,265.82294,4.020526966799559
O=[N+]([O-])Nn1nnc2c([N+](=O)[O-])c3c([N+](=O)[O-])ccnc3c([N+](=O)[O-])c21,1.8257765,7.8055706,27.92459,5.716776,3.217199,561.5963,396.93027,134.88982,3.6950598191339905
Nn1c(=O)[nH]c(=O)c2c1ncn2[N+](=O)[O-],1.8172541,7.058351,22.85505,3.6534226,2.2930045,632.11743,-155.57538,164.10413,3.6001446572654556
O=[N+]([O-])c1ccc([N+](=O)[O-])c2nn([N+](=O)[O-])nc12,1.8352013,7.9660597,29.191074,5.960321,3.3846946,566.47266,291.63095,142.19693,3.2063798490688384
Nc1ncnc2c(=NN[N+](=O)[O-])n(N)c(=O)n([N+](=O)[O-])c12,1.812396,7.5726323,26.223478,4.530887,2.9817934,660.929,177.82535,152.47256,4.057781807245356
O=[N+]([O-])N=Cc1nc2c(nc([N+](=O)[O-])n2[N+](=O)[O-])c2nc([N+](=O)[O-])cn12,1.8430661,7.9792657,29.370152,5.584664,3.2493787,581.4538,393.05545,140.78343,4.266278940013112
O=[N+]([O-])c1ncnc2c1ncn2[N+](=O)[O-],1.816426,7.673263,27.152155,5.248006,3.0960932,591.0182,286.79297,128.4427,3.565915107546881
NC1=Nc2nc3ncnn3c([N+](=O)[O-])c2N(N[N+](=O)[O-])N1,1.7827493,7.490879,25.387447,4.649366,3.0194955,652.7004,422.90756,167.0591,4.15205237374782
O=[N+]([O-])c1ccc([N+](=O)[O-])c2c([N+](=O)[O-])c3c(cc([N+](=O)[O-])c4nnnnc43)nc12,1.7876422,7.097591,22.819878,5.1815534,2.610698,502.53012,434.87296,221.0599,3.405689792588097
O=c1cc([N+](=O)[O-])c2[nH]c([N+](=O)[O-])nc2[nH]1,1.7771664,6.9527164,21.610008,4.060241,2.2800615,565.89575,-132.11401,284.3155,3.274242929731158
Nc1nnnc2c([N+](=O)[O-])cc([N+](=O)[O-])c([N+](=O)[O-])c12,1.8096658,7.6988764,27.009912,5.458037,3.156017,578.08844,290.18866,227.32106,3.186918117597533
O=[N+]([O-])c1cc([N+](=O)[O-])c2c([N+](=O)[O-])c([N+](=O)[O-])c3[nH]ccc3c2n1,1.7624921,7.0042067,21.988558,5.0139427,2.5619042,510.92505,72.74397,219.38953,3.284986942261602
O=[N+]([O-])N=Cn1nnc2c3cc([N+](=O)[O-])c4nonc4c3c([N+](=O)[O-])nc21,1.8214877,7.590386,26.338991,5.5928893,3.0211692,539.0267,606.3392,200.68602,4.008953654145714
Nc1c(O)cnc2c([N+](=O)[O-])[nH]c(O)c12,1.7433211,6.030147,16.218033,2.8918724,1.6631337,578.1839,-332.2857,317.91666,3.693543888034686
Nc1nnn2c([N+](=O)[O-])nc3c([N+](=O)[O-])ncnc3c12,1.7706234,7.2154317,23.471846,4.694334,2.7489023,586.51465,432.84915,244.40732,3.6418604107760526
O=c1n([N+](=O)[O-])c2cc([N+](=O)[O-])c3[nH]ncc3c2n1[N+](=O)[O-],1.8407779,7.5823846,26.53469,5.089862,2.8509808,560.6638,97.87067,144.23851,3.790382548842558
O=c1[nH]c2cnc([N+](=O)[O-])nc2[nH]1,1.761165,6.4327683,18.581656,3.1686246,1.8386914,584.2324,-100.41914,270.9911,3.2511666730857494
O=c1[nH]c(=O)n([N+](=O)[O-])c2nc3c(nc([N+](=O)[O-])n4c5cccc([N+](=O)[O-])c5nc34)nc12,1.7971623,6.67372,20.405151,3.9381552,2.02536,517.268,42.101093,159.57845,3.718507721416916
Nc1nc([N+](=O)[O-])c([N+](=O)[O-])c2ncnn12,1.7945833,7.5428286,25.754438,4.8020234,2.9655385,620.94775,226.7962,242.42264,3.2382493698027153
N=c1c2nc[nH]c2nc([N+](=O)[O-])n1[N+](=O)[O-],1.8030051,7.5267496,25.834259,4.685576,2.9042952,622.5253,186.1619,135.21404,3.9099198528080814
O=[N+]([O-])c1nc2ncn3ncnc3c2c2nnn([N+](=O)[O-])c12,1.796782,7.2601395,24.147327,4.9106092,2.7485726,560.6563,591.5144,126.51216,3.8157010246805534
N=c1[nH]cc([N+](=O)[O-])c(=NN[N+](=O)[O-])c2c1nc([N+](=O)[O-])n2[N+](=O)[O-],1.8445363,8.163744,30.665985,5.5873766,3.4656332,622.8754,279.72028,145.08818,4.427312075337481
O=[N+]([O-])c1c2c3c(ccnc3n1[N+](=O)[O-])OCO2,1.7509136,6.9026155,21.325073,4.6997676,2.4945912,531.76355,-106.16237,138.79344,3.466839733684222
Nc1nc([N+](=O)[O-])nc2ncc([N+](=O)[O-])nc12,1.7645302,7.078994,22.598036,4.3350215,2.5515327,590.68365,169.65488,262.31985,3.2109966821750042
Nc1nc([N+](=O)[O-])c2ncn([N+](=O)[O-])c2n1,1.8095479,7.588585,26.429024,4.7639074,2.9707038,626.4271,207.6943,143.29109,3.6136250406435018
O=[N+]([O-])C1=Nc2nc3c([N+](=O)[O-])c4ncc([N+](=O)[O-])nc4n3c2=C1,1.8035513,7.0801587,22.874832,4.748705,2.468571,520.3387,322.7204,268.3678,4.123547489304704
O=[N+]([O-])c1nnc2c([N+](=O)[O-])cc3[nH]nnc3c2n1,1.784391,7.2918606,24.063324,5.047455,2.8106358,558.0034,488.0687,248.2841,3.582472165585475
Nc1nc2ncnc-2c([N+](=O)[O-])c(=NN[N+](=O)[O-])[nH]1,1.7467823,7.239781,23.455896,4.4373727,2.8414855,643.6745,265.15442,167.58438,3.883527641749369
O=[N+]([O-])c1cc([N+](=O)[O-])c2nc3oc([N+](=O)[O-])nc3c([N+](=O)[O-])c2c1,1.832776,7.43671,25.356388,5.1912503,2.6487312,508.99866,10.578372,235.69138,3.4533954382432324
O=c1[nH]c(N[N+](=O)[O-])nc2n[nH]nc12,1.8112533,7.355128,24.794537,4.0798664,2.6306021,648.2585,121.07272,162.29596,3.4562060294791204
O=[N+]([O-])c1ncc2cc([N+](=O)[O-])oc2n1,1.748546,7.0913835,22.425924,4.910424,2.6046722,531.498,5.142245,261.79535,3.492466327059076
O=[N+]([O-])c1cnc2nc([N+](=O)[O-])n3nnnc3c2c1,1.7745619,7.2186885,23.45763,5.04681,2.7780237,551.11914,475.69528,246.29305,3.160376084308261
O=[N+]([O-])N=Cc1nc([N+](=O)[O-])c2cc([N+](=O)[O-])n3nnnc3c2n1,1.8145534,7.7014174,27.059288,5.495853,3.1354523,570.02405,567.3204,168.33275,4.006343992801206
O=[N+]([O-])c1cc(O)c2nnoc2c1[N+](=O)[O-],1.8225244,7.598746,26.279667,5.2990274,2.875331,542.146,-36.843914,234.36574,3.396514128300031
O=[N+]([O-])c1c([N+](=O)[O-])n([N+](=O)[O-])c2cnncc12,1.7972174,7.9514174,28.718573,6.120983,3.518291,571.87823,346.53726,133.44748,3.62358754137653
O=C1OC2([N+](=O)[O-])NC(=O)C2([N+](=O)[O-])c2cccc([N+](=O)[O-])c21,1.7773777,6.8826466,21.380136,4.346811,2.2463348,518.05914,-437.82587,142.70683,4.33641384319097
O=[N+]([O-])c1ncc2c([N+](=O)[O-])ncn2n1,1.7886468,7.5898576,26.132587,5.3105273,3.100538,584.5797,301.82376,263.65967,3.3422524433817777
O=[N+]([O-])c1cc2c(ccn2[N+](=O)[O-])c([N+](=O)[O-])c1[N+](=O)[O-],1.8125055,7.756806,27.426466,5.8764434,3.2156858,544.9318,94.65915,154.72429,3.3662811029496513
O=c1c2nc3ccc([N+](=O)[O-])cc3nc2n([N+](=O)[O-])c(=O)n1[N+](=O)[O-],1.8162553,7.1610346,23.566185,4.6064415,2.435607,529.9824,-56.81674,136.8274,3.3195279296324403
O=[N+]([O-])c1cnc2c([N+](=O)[O-])cc3nc([N+](=O)[O-])oc3c2n1,1.8040898,7.1753845,23.447472,4.918714,2.5040276,508.4581,88.8461,245.81396,3.586237203340602
O=[N+]([O-])c1cn2nc(O)c([N+](=O)[O-])cc2n1,1.7810698,7.245341,23.604101,4.731661,2.6781316,568.7726,10.791583,277.45453,3.3554329118420707
O=c1[nH]c(=O)n([N+](=O)[O-])c2nc3c(nc12)c1cccc([N+](=O)[O-])c1n3[N+](=O)[O-],1.7891593,6.8147492,21.118715,4.2203608,2.1937704,523.4582,-54.195522,137.1702,3.5928207025574004
O=c1n([N+](=O)[O-])nc2c([N+](=O)[O-])nc3ccc([N+](=O)[O-])cc3n12,1.8186423,7.278444,24.317514,4.8035398,2.5876315,540.6156,84.97528,157.94041,3.2849864230979033
N=c1nc([N+](=O)[O-])[nH]c2c1c(=O)[nH]c1ncc([N+](=O)[O-])n12,1.8049086,6.762867,20.792532,3.5889504,2.0576167,577.58417,-54.804775,281.51083,4.0181586001892535
O=c1cc([N+](=O)[O-])[nH]c2c([N+](=O)[O-])c([N+](=O)[O-])ccc12,1.7562327,6.8476033,20.934095,4.6510534,2.3810506,513.5958,-154.02473,231.26486,3.098357595101162
O=[N+]([O-])c1cc2cc([N+](=O)[O-])on2n1,1.7339655,7.5734725,25.362415,5.847985,3.274718,559.9443,124.88101,272.21472,3.8731081160565104
O=[N+]([O-])N=Cc1n[nH]c([N+](=O)[O-])c2ncnc1-2,1.7594554,7.3722534,24.429636,5.085193,3.0226161,595.7642,347.0513,185.45439,3.979618136668707
O=[N+]([O-])c1[nH]nc2nc3nc[nH]c3c([N+](=O)[O-])c12,1.7477698,6.9155207,21.324747,4.4582686,2.4830315,558.69446,241.40604,257.28574,3.4676483490688366
Nn1nc([N+](=O)[O-])c([N+](=O)[O-])c2nccc1-2,1.7233306,7.2589183,23.302092,5.2769027,3.1373506,596.3783,287.97107,239.97598,3.3233677955630005
[N-]=[N+]c1nc2c(=O)n3c([N+](=O)[O-])c([N+](=O)[O-])n3cnc2n1N,1.8238754,7.7086954,27.17996,5.000208,3.0348055,608.92224,344.62088,258.5217,4.308414100341907
N=c1c2nc([N+](=O)[O-])n(N)c2nc2n([N+](=O)[O-])c([N+](=O)[O-])cn12,1.8528781,7.863178,28.662807,5.0999804,3.1536067,620.726,310.56876,135.24257,4.197641412318095
O=c1c2oc([N+](=O)[O-])cc2ncn1[N+](=O)[O-],1.8045502,7.417918,25.113,4.980368,2.7163308,544.9683,-98.95587,145.74716,3.6330547365290116
O=[N+]([O-])N=Cn1nnc2c([N+](=O)[O-])nc3[nH]c4cc([N+](=O)[O-])cc([N+](=O)[O-])c4c3c21,1.7708316,7.167395,23.126303,4.927082,2.6816971,545.83997,334.94476,183.2055,3.9272524567532
Nc1nc2c([N+](=O)[O-])c([N+](=O)[O-])c3c(ncn3N)c2n1[N+](=O)[O-],1.825325,7.5770764,26.404766,4.9488506,2.9869413,605.3972,256.96384,183.53127,3.8724134173622327
Nc1c([N+](=O)[O-])[nH]c(=O)c2nc(C=N[N+](=O)[O-])ncc12,1.7651051,6.8302217,20.980623,4.0725765,2.3534207,580.70874,32.00623,197.89204,3.9833901543657966
O=[N+]([O-])c1nc2c3cc(O)[nH]c3oc2c2ncnn12,1.7361583,6.166938,16.932163,3.5545464,1.8283916,517.6365,-4.538587,263.6121,3.8418745845501583
O=[N+]([O-])c1ncc2c(nnc3nn([N+](=O)[O-])cc32)n1,1.8052195,7.440685,25.473837,5.289798,2.968575,560.3189,524.0971,142.98137,3.9548971293010045
O=c1[nH]nc2cc([N+](=O)[O-])nc-2[nH]1,1.7686015,6.7003627,20.134098,3.6310623,2.1332784,593.15466,-12.884686,283.93042,3.285428211547287
O=[N+]([O-])c1nc2c(o1)c([N+](=O)[O-])nc1cncnc12,1.7641623,6.864663,21.253145,4.5715623,2.3478377,513.5182,172.14609,267.83032,3.64216998851726
O=[N+]([O-])c1nc2nc3c([N+](=O)[O-])nccc3c([N+](=O)[O-])c2[nH]1,1.7685298,7.0098667,22.081863,4.7044315,2.491629,530.43115,190.15582,244.76312,3.4893510494944504
O=c1n([N+](=O)[O-])cc2c3cn[nH]c3nnn12,1.7614242,7.01996,22.315842,4.5197988,2.6295052,584.0939,308.10168,160.95705,3.8560038599637165
Nc1cnc([N+](=O)[O-])c2c([N+](=O)[O-])cc([N+](=O)[O-])nc12,1.7556697,7.1326118,22.800888,4.879092,2.7206695,559.10693,101.458466,224.18102,3.2973007010518156
O=[N+]([O-])c1cc([N+](=O)[O-])c2ncnc([N+](=O)[O-])c2c1[N+](=O)[O-],1.8348933,7.780598,27.789103,5.6637626,3.068373,540.67303,155.50525,208.95854,3.08612176567482
O=[N+]([O-])c1ncnn2c([N+](=O)[O-])cnc12,1.7923111,7.6302576,26.470285,5.408361,3.1426833,581.961,322.3485,253.93591,3.261431430248569
O=[N+]([O-])c1cc([N+](=O)[O-])c2nn([N+](=O)[O-])c([N+](=O)[O-])c2c1,1.8495903,8.094765,30.186329,6.093871,3.4091656,556.897,196.95114,132.2008,3.344839704348253
O=[N+]([O-])c1c2[nH]cnc2c([N+](=O)[O-])c2c([N+](=O)[O-])c[nH]c12,1.8155344,7.083292,22.976957,4.622201,2.4736702,536.91595,64.88237,247.29982,3.4570055637520074
O=c1c2c([N+](=O)[O-])c3c([N+](=O)[O-])cccn3c2c(C=N[N+](=O)[O-])nn1[N+](=O)[O-],1.7797254,7.3283033,24.275536,5.252691,2.8311803,538.51154,156.15201,164.52638,3.9813447754318947
O=c1[nH]c(=O)n([N+](=O)[O-])c2c1cnn2C=N[N+](=O)[O-],1.8339323,7.496755,25.724258,4.401332,2.6478546,606.2447,-67.29745,139.50223,4.093724056646689
O=[N+]([O-])c1ncc2nc([N+](=O)[O-])ncc2n1,1.7713368,7.1576486,23.264662,4.7837024,2.6638532,557.4174,241.38818,251.82825,3.483542181642038
O=[N+]([O-])c1cn2cnnc([N+](=O)[O-])c2n1,1.7609221,7.5715885,25.72045,5.4467134,3.189057,585.5607,330.80273,253.2153,3.391011167584404
O=[N+]([O-])c1cc2cnn([N+](=O)[O-])c2o1,1.7677847,7.64372,26.25819,5.7099566,3.2281554,564.5414,109.98093,139.82507,3.813161557352056
O=[N+]([O-])c1c2cnn([N+](=O)[O-])c2c([N+](=O)[O-])c2cncnc12,1.7858919,7.271366,24.059402,5.28684,2.8342054,534.828,346.3242,124.45911,3.5790464341098343
O=[N+]([O-])c1ccc2c(nc([N+](=O)[O-])c3c2cnc2c([N+](=O)[O-])cc4n[nH]nc4c23)c1[N+](=O)[O-],1.7537657,6.6099916,19.604984,4.658225,2.267265,487.1326,323.74258,229.67593,3.547145863656784
O=[N+]([O-])c1ccc2c(n1)c1c([N+](=O)[O-])cn([N+](=O)[O-])c1c1c2ncn1[N+](=O)[O-],1.772985,7.1010275,22.802187,5.0711255,2.6569612,523.15955,238.92838,144.85448,3.8836409454723793
O=[N+]([O-])c1n[nH]c2ncc3n[nH]nc3c12,1.7343686,6.720209,20.134642,4.2719355,2.4635262,578.74054,401.2886,274.423,3.432853333472968
O=[N+]([O-])c1ccc2nc3c(nc2c1)c([N+](=O)[O-])c([N+](=O)[O-])c1c([N+](=O)[O-])c([N+](=O)[O-])oc13,1.8145174,7.2045383,23.697104,5.1891875,2.5371687,487.42447,50.52573,222.43452,3.391073370302914
O=[N+]([O-])c1ncnc2c1nc([N+](=O)[O-])n1cnnc21,1.787978,7.2422814,23.86428,4.8821187,2.7256489,558.67596,448.83633,242.44797,3.5298045313329354
O=[N+]([O-])c1nc2occn2c1[N+](=O)[O-],1.7694081,7.501494,25.18059,5.3361053,2.982317,560.0954,49.60335,261.1469,3.5466449581617745
O=c1c2ccnc([N+](=O)[O-])c2cnn1[N+](=O)[O-],1.7636905,7.0685167,22.553852,4.9010253,2.6451497,540.33386,105.52258,152.02289,3.246096682175004
O=[N+]([O-])c1cn2nnc3c(c([N+](=O)[O-])cc4nc([N+](=O)[O-])cn43)c2n1,1.7718502,7.088445,22.583427,4.912385,2.6281219,536.2482,405.56833,245.11166,3.589831838183331
O=[N+]([O-])c1cc2c([N+](=O)[O-])cc3nnc4nc([N+](=O)[O-])cc-4n3c2cn1,1.7366478,6.661744,19.780725,4.704505,2.3824692,506.6699,365.47336,260.11642,3.5708429510021222
Nn1nnc2nc3c(cc21)nc([N+](=O)[O-])n3[N+](=O)[O-],1.797033,7.660518,26.714836,5.2636485,3.2078707,610.94464,504.86795,139.28494,3.9936950973706713
Nn1c([N+](=O)[O-])cc2c([N+](=O)[O-])cc([N+](=O)[O-])nc21,1.780783,7.4746017,25.169794,5.244384,3.0316308,579.93646,136.39297,268.05173,3.4185037127552853
O=[N+]([O-])c1cnc([N+](=O)[O-])c2[nH]ncc12,1.7497425,7.108356,22.567476,4.9558535,2.7744317,560.648,187.52783,280.30542,3.1640895915994136
O=c1[nH]c([N+](=O)[O-])c(C=N[N+](=O)[O-])n2c([N+](=O)[O-])cnc12,1.845002,7.705588,27.292053,4.962381,2.8912568,584.5054,43.86545,173.46004,3.990143345706895
O=[N+]([O-])c1ncc([N+](=O)[O-])c2c3ncnc3n([N+](=O)[O-])c2n1,1.8126717,7.5252657,26.02714,5.2165604,2.908163,557.68585,369.13486,114.74094,3.67212951103291
O=[N+]([O-])N=Cc1nc([N+](=O)[O-])nc2c([N+](=O)[O-])cc([N+](=O)[O-])nc12,1.826563,7.820773,28.092012,5.539583,3.129633,563.60236,269.0986,183.00395,3.904172948220787
O=c1[nH]c2nc3cc([N+](=O)[O-])cc([N+](=O)[O-])c3cc2c(=O)n1[N+](=O)[O-],1.8011385,6.7975426,21.099403,4.123322,2.1277955,518.36694,-231.99629,173.24304,3.188923566831063
O=[N+]([O-])c1nc2oncc2c2c1ncn2[N+](=O)[O-],1.7985538,7.425419,25.137291,5.327739,2.9022975,543.9512,293.64395,144.38223,3.9808034259919154
O=[N+]([O-])Nc1c2c([N+](=O)[O-])nc3c([N+](=O)[O-])cccc3c2nc2c1c([N+](=O)[O-])cn2[N+](=O)[O-],1.776688,7.155864,23.140112,5.0923815,2.6804678,526.24677,190.15674,138.61049,3.7736825320014047
O=[N+]([O-])c1cn2cc([N+](=O)[O-])oc2n1,1.7636703,7.435184,24.689821,5.1370316,2.883897,562.2427,-5.3673224,282.57858,3.7361222860969967
O=[N+]([O-])c1nc2c([nH]1)c([N+](=O)[O-])nc1[nH]cnc12,1.76625,6.8364463,21.007927,4.08707,2.2938213,563.8077,160.80704,281.6061,3.687397887530377
O=[N+]([O-])c1c2cncc([N+](=O)[O-])c2nc2c1cc([N+](=O)[O-])c1nonc12,1.7804366,6.97378,21.981869,5.2306423,2.5604072,487.31656,391.78995,243.15948,3.27715448946366
O=c1c([N+](=O)[O-])c[nH]c2cnc([N+](=O)[O-])n12,1.7806076,7.141348,22.976156,4.4999075,2.5362644,566.5602,-31.324186,259.92303,3.511295523648868
O=[N+]([O-])c1cc([N+](=O)[O-])n2cn[nH]c12,1.78754,7.5013742,25.329464,5.1932282,3.0680974,592.8644,173.80185,306.20932,3.490604472331814
O=[N+]([O-])c1nc2cc([N+](=O)[O-])c3nonc3c2[nH]1,1.8007517,7.3833427,24.67547,5.291731,2.8346136,536.4797,289.4847,272.22998,3.391040349068838
O=[N+]c1cc([N+](=O)[O-])c2nn[nH]c2c1[N+](=O)[O-],1.8219532,7.782879,27.658554,5.6084514,3.201693,571.75037,317.14252,255.74695,3.881740494884035
Nc1ncnc2nc([N+](=O)[O-])n(N[N+](=O)[O-])c2c1=NN[N+](=O)[O-],1.7897465,7.8679895,28.034407,5.194957,3.382963,653.8956,376.53696,142.70772,4.183333817638846
O=c1n([N+](=O)[O-])c2cccnc2n1[N+](=O)[O-],1.7774712,7.270065,23.973919,4.899744,2.7644036,565.8147,56.452152,138.02827,3.4511484753483312
O=c1c2c([N+](=O)[O-])cccc2n([N+](=O)[O-])c(=O)n1[N+](=O)[O-],1.8197485,7.4275484,25.273657,4.9473543,2.6918678,544.47076,-170.84248,132.49805,3.3676833407118902
O=[N+]([O-])N=CN=c1c2c(nc([N+](=O)[O-])n2[N+](=O)[O-])nc2c3nn[nH]c3ncn12,1.8111587,7.6085806,26.464182,4.996796,2.9832284,598.07587,610.6226,147.16235,4.642025296141953
O=[N+]([O-])Nc1c([N+](=O)[O-])cn2cnc3[nH]c([N+](=O)[O-])nc3c12,1.8004694,7.3671107,24.751995,4.8208213,2.8000414,582.5939,205.12982,139.35513,3.8409579725713723
O=[N+]([O-])c1nc2n[nH]c([N+](=O)[O-])c2c2c1ccc1ncnn12,1.7153395,6.4575624,18.401098,4.302989,2.2530134,525.1288,383.90903,253.36595,3.5536446971371287
O=[N+]([O-])c1cc2c([N+](=O)[O-])c3cc([N+](=O)[O-])c([N+](=O)[O-])cc3nc2o1,1.7942563,7.1461296,23.11347,5.1554933,2.5420485,491.4232,-47.43764,233.52885,3.1939205817564353
Nn1nnc2c([N+](=O)[O-])cc([N+](=O)[O-])c([N+](=O)[O-])c21,1.8435574,8.083857,30.020647,5.860384,3.4993682,597.8243,325.55502,231.905,3.300634174293747
O=[N+]([O-])N=Cn1nc([N+](=O)[O-])n2c([N+](=O)[O-])cnc12,1.8265191,8.228931,30.91094,5.8614907,3.6367056,620.67804,367.66293,173.992,4.230255278366146
O=[N+]([O-])c1nc2nc3nc4c([N+](=O)[O-])cccc4c([N+](=O)[O-])c3c([N+](=O)[O-])c2o1,1.779732,6.91739,21.642569,4.8578258,2.3645518,485.60345,90.13986,222.11014,3.5552440841307673
O=[N+]([O-])c1nc2nc3c([N+](=O)[O-])ccnc3c([N+](=O)[O-])c2[nH]1,1.7818636,7.0402393,22.429205,4.7087226,2.4915152,529.9313,194.025,250.96342,3.417678741802142
O=[N+]([O-])c1c[nH]c2c([N+](=O)[O-])ncnc12,1.7652988,7.0313745,22.236116,4.602325,2.5817163,562.0311,118.611786,293.16757,3.222125238878963
Nc1c([N+](=O)[O-])cnc2nc([N+](=O)[O-])c([N+](=O)[O-])cc12,1.7816031,7.166542,23.251745,4.810631,2.671102,556.3453,89.988495,234.76375,3.091700991327577
Nc1nc([N+](=O)[O-])nc2[nH]c(=O)[nH]c12,1.7843244,6.461554,18.962797,2.8531456,1.7774745,626.0362,-155.97609,273.02078,3.2315866585666324
O=[N+]([O-])NC1=C([N+](=O)[O-])C(=C2N=NN=N2)C=C([N+](=O)[O-])N1[N+](=O)[O-],1.8781837,8.626637,34.532192,6.37922,3.961424,620.03094,559.36816,123.03041,4.495204678990018
O=c1oc2ccc([N+](=O)[O-])cc2c2nc3c([N+](=O)[O-])nc4nc5c([N+](=O)[O-])ccc([N+](=O)[O-])c5c([N+](=O)[O-])c4c3nc12,1.7736291,6.4942503,19.064003,4.3380527,1.9888632,459.37485,-22.866758,227.80162,3.642250762152493
O=c1c2ccc(O)c([N+](=O)[O-])c2cnn1[N+](=O)[O-],1.7591715,6.8136687,20.886644,4.4593835,2.3571389,529.5966,-155.9148,165.15895,3.105741387530376
O=[N+]([O-])c1nc2c3nnnc-3nc3cccc([N+](=O)[O-])c3[nH]c1=2,1.6758596,6.305377,17.299252,4.3345323,2.2413774,515.906,465.68533,275.9702,3.5468540925004604
Nc1cc2cc3c(nc2cc1[N+](=O)[O-])c([N+](=O)[O-])c([N+](=O)[O-])c1c3cc([N+](=O)[O-])c2c1nnn2[N+](=O)[O-],1.7623863,6.8808074,21.344015,4.9217777,2.5024796,509.4637,254.13303,142.28365,3.7201723292350817
O=[N+]([O-])NN=c1[nH]cnc2nc([N+](=O)[O-])ncc12,1.75919,7.2243137,23.510035,4.615944,2.8179898,612.8026,268.51224,154.81662,4.025033579838069
O=[N+]([O-])c1[nH]nc2nnncc12,1.7526001,7.381769,24.395674,5.148997,3.119573,606.6441,423.06918,296.38644,3.7204714256612315
Nn1c([N+](=O)[O-])nc2c1cnn2[N+](=O)[O-],1.8188579,8.176327,30.560936,5.77515,3.7577033,652.4272,370.51987,139.76015,3.946443888034686
O=c1oc(=O)n([N+](=O)[O-])c2c([N+](=O)[O-])cc([N+](=O)[O-])cc12,1.8537196,7.424547,25.423641,4.662478,2.458914,526.89343,-401.21637,114.022354,3.145528095956644
O=[N+]([O-])c1cc([N+](=O)[O-])c2nnc3n[nH]c([N+](=O)[O-])c3c2c1,1.7908715,7.2442946,23.793945,5.208706,2.7646637,530.34924,347.84335,247.516,3.294261049494448
Nc1cc2n[nH]c([N+](=O)[O-])c2c2c1cnn2[N+](=O)[O-],1.7252225,6.814783,20.625845,4.5837245,2.6397123,578.3776,281.84653,149.14165,3.7843412512168246
O=[N+]([O-])c1ccc2c([N+](=O)[O-])c3nnn([N+](=O)[O-])c3cc2n1,1.7642357,7.192314,23.337973,5.2685337,2.809259,532.7813,332.75168,137.58307,3.443287203340603
O=C1NC([N+](=O)[O-])Oc2c1ccc([N+](=O)[O-])c2[N+](=O)[O-],1.801761,7.225972,23.693346,4.627109,2.5206778,547.5952,-337.50647,204.66597,3.8185898387345993
C[N+]1([O-])NC=C(N[N+](=O)[O-])C1=C1NC(=O)C([N+](=O)[O-])C(=N)O1,1.7015036,7.010279,21.64094,4.262477,2.7644255,651.67676,-258.2151,150.6597,5.4852814340134515
O=c1[nH]c([N+](=O)[O-])nc2c([N+](=O)[O-])c3nc4nc([N+](=O)[O-])ccc4nc3cc12,1.762131,6.4693685,18.846735,4.0212665,1.9826794,495.2646,58.793262,243.74615,3.5176944577495757
O=c1cc([N+](=O)[O-])c2c([N+](=O)[O-])c3nc4c([N+](=O)[O-])cccc4nc3nc2n1[N+](=O)[O-],1.7821475,6.8984613,21.616907,4.7140536,2.3622894,501.63226,118.66644,154.92625,3.5068745827232775
O=c1c2cc([N+](=O)[O-])cn2cc([N+](=O)[O-])n1N[N+](=O)[O-],1.7694366,7.499718,25.272146,5.221691,3.0236008,580.7842,-2.832227,137.66496,3.6009181175975336
N=Cc1nc(N)nc2c1c([N+](=O)[O-])c([N+](=O)[O-])n2[N+](=O)[O-],1.7767454,7.529938,25.62435,5.073162,3.0565073,604.53864,215.66284,156.9135,3.925648095956644
O=[N+]([O-])c1ccc([N+](=O)[O-])c2c([N+](=O)[O-])c3[nH]nnc3nc12,1.760205,7.119004,22.697903,5.0633287,2.6979082,532.5574,303.883,230.46783,3.2891079725713723
O=c1c2ncc([N+](=O)[O-])cc2c([N+](=O)[O-])c2n([N+](=O)[O-])ncn12,1.8152051,7.307795,24.463537,4.930236,2.6523397,538.5854,109.557465,127.16794,3.556768557092939
O=c1nc([N+](=O)[O-])c2c[nH]nc2[nH]1,1.7647495,6.662584,19.901346,3.592869,2.1078446,590.65796,-36.223934,276.94766,3.7400628269319034
O=c1c([N+](=O)[O-])c([N+](=O)[O-])[nH]c2ccnn12,1.7630577,7.151831,22.825922,4.64975,2.6192794,566.72205,8.570544,243.48486,3.537139530804504
Nc1c([N+](=O)[O-])nnc2ncc([N+](=O)[O-])nc12,1.7862586,7.3508782,24.496134,4.842674,2.8505504,589.90857,304.85565,274.72897,3.484963906255272
Nc1c([N+](=O)[O-])c2nnnn2c2nonc12,1.8622137,7.9163356,28.98556,5.5257063,3.3095639,601.71893,576.2512,317.8267,3.4801423215021785
Nc1c([N+](=O)[O-])c2cn[nH]c2c2nnnn12,1.7541078,6.9294076,21.416758,4.281855,2.6463702,620.8479,430.0352,313.10483,3.448514629194486
O=[N+]([O-])c1cnc2c(cc([N+](=O)[O-])c3c2nc([N+](=O)[O-])n3[N+](=O)[O-])n1,1.826999,7.6792383,27.106564,5.4606276,2.9812646,545.24976,285.82956,123.16254,3.6476528435245186
O=c1[nH]c2c(c(=O)[nH]1)Oc1cccc([N+](=O)[O-])c1O2,1.7040336,5.535185,13.41067,2.641949,1.2571292,484.37445,-600.25397,282.1843,3.082921222189249
O=[N+]([O-])c1cc([N+](=O)[O-])c2c([N+](=O)[O-])c3[nH]ncc3nc2n1,1.762463,7.0719204,22.447784,4.9356995,2.6173751,531.0241,253.68991,229.91501,3.3364895110329105
O=[N+]([O-])c1nc2c(o1)-c1nc3c(O)ccc([N+](=O)[O-])c3nc1-2,1.7415379,6.344538,17.962423,4.106499,1.9521385,475.45166,-57.548244,265.23447,3.5746050721930622
O=[N+]([O-])N=Cn1nnc2nc([N+](=O)[O-])c([N+](=O)[O-])cc21,1.8067801,7.964057,28.804148,5.780937,3.4243023,592.8333,426.93857,195.21147,3.979913231288874
O=c1nc([N+](=O)[O-])[nH]c2nccc([N+](=O)[O-])c12,1.7418703,6.712124,20.042643,4.107932,2.2125537,542.5863,-73.9872,242.91948,3.116710394549587
O=[N+]([O-])c1cnc2c(n1)c([N+](=O)[O-])cn2[N+](=O)[O-],1.8346798,7.915323,28.91154,5.6899614,3.2610004,571.80035,238.31912,132.58093,3.6109385029149923
O=[N+]([O-])c1cccc2c([N+](=O)[O-])c3c([N+](=O)[O-])cc([N+](=O)[O-])n3c(O)c12,1.7669187,6.9092803,21.403177,4.822562,2.4456577,507.61716,-152.5949,239.95168,3.29424152959744
Nc1c([N+](=O)[O-])c([N+](=O)[O-])cc2nc([N+](=O)[O-])ncc12,1.7847718,7.1799235,23.364323,4.792799,2.6694255,558.7031,78.73645,239.4749,3.260950628482875
NN=c1c2c(N)nn([N+](=O)[O-])c2ncn1[N+](=O)[O-],1.8228523,7.880865,28.520891,5.0505476,3.3899539,674.3329,365.40158,147.01974,4.2787615798380685
O=[N+]([O-])c1nn([N+](=O)[O-])c2cc(O)c3nccnc3c12,1.7328676,6.647788,19.765041,4.4233127,2.3314564,528.54016,111.140015,157.74399,3.5781756555312976
Nn1nnc2c(=NC=N[N+](=O)[O-])c3cc([N+](=O)[O-])n([N+](=O)[O-])c3nc([N+](=O)[O-])c21,1.8201696,7.939319,28.844875,5.6153173,3.3838785,602.73376,526.4727,139.51364,4.642235335722408
O=[N+]([O-])NN1C([N+](=O)[O-])=Nc2c([N+](=O)[O-])cc([N+](=O)[O-])c3nc4nc5ncccc5c([N+](=O)[O-])c4c1c23,1.7635256,6.9730024,21.97682,4.9026594,2.5384097,517.4311,301.04178,144.82227,4.020276609509263
O=[N+]([O-])c1cnc2ncnc([N+](=O)[O-])c2n1,1.73997,7.070922,22.35669,4.8392544,2.6689966,552.33514,256.15985,242.07802,3.2423988249986824
O=[N+]([O-])c1ccc2nc([N+](=O)[O-])c3c(nc2c1)c([N+](=O)[O-])c1nnnn13,1.7482961,6.9478426,21.55132,4.9922767,2.5899234,518.38983,493.1644,245.13568,3.1665544894636604
O=c1c2nc3nc4nc5cc([N+](=O)[O-])ccc5cc4c([N+](=O)[O-])c3nc2n(C=N[N+](=O)[O-])c(=O)n1[N+](=O)[O-],1.7773999,6.6990814,20.400524,4.2393312,2.1449816,508.0161,80.633224,175.44395,4.007908600022919
O=[N+]([O-])c1nnc2c([N+](=O)[O-])c3[nH]cnc3cc2c1[N+](=O)[O-],1.7743726,7.1548114,23.084656,5.04837,2.686957,532.52844,282.1177,221.50372,3.48122104949445
Nc1nc([N+](=O)[O-])nc2c([N+](=O)[O-])ncnc12,1.7699695,7.1376867,23.030527,4.4242063,2.6134706,592.9388,190.42563,245.5234,3.299356213947579
O=[N+]([O-])c1ccc2oc3nc([N+](=O)[O-])c([N+](=O)[O-])cc3c2n1,1.7545291,6.8112454,20.7512,4.7643356,2.3473814,492.6399,-0.13589224,229.07787,3.172982587955987
Nc1c([N+](=O)[O-])cc2nn[nH]c2c1[N+](=O)[O-],1.7458068,7.131573,22.519796,4.691172,2.7867026,597.084,170.6276,302.61505,3.3506447186399244
O=[N+]([O-])c1cn([N+](=O)[O-])c2cn[nH]c12,1.7658035,7.587965,25.858744,5.502991,3.2896614,597.60345,226.37,147.797,3.654535646420884
O=[N+]([O-])c1cc([N+](=O)[O-])c2cnc([N+](=O)[O-])n2n1,1.8103112,7.8245616,27.854673,5.7265673,3.249597,567.0567,243.05511,253.87589,3.346433695222684
O=c1[nH]cnc2c([N+](=O)[O-])c([N+](=O)[O-])cc([N+](=O)[O-])c12,1.8159099,7.2488384,23.97103,4.7439995,2.5270743,534.6242,-98.60496,226.6161,2.992512892633817
Nc1nnnc2c([N+](=O)[O-])c([N+](=O)[O-])ncc12,1.7605417,7.3755383,24.45695,5.086558,3.0185015,594.6574,343.93857,228.17657,3.3559899932117947
O=[N+]([O-])c1cc2c(cc([N+](=O)[O-])n3ncnc23)nc1[N+](=O)[O-],1.7729985,7.1039963,22.738989,4.971296,2.63238,530.87256,269.32718,226.26105,3.2309425879559868
O=[N+]([O-])c1c(O)cc2cnnn2c1[N+](=O)[O-],1.7549256,7.2723475,23.546083,5.0758524,2.8511934,563.8038,96.59915,236.26306,3.500514843863537
O=[N+]([O-])C1=Cc2c(nc([N+](=O)[O-])c([N+](=O)[O-])c2[N+](=O)[O-])CC1[N+](=O)[O-],1.8066529,7.8482146,28.0574,5.8114843,3.291425,564.72516,7.125918,150.96806,4.290369218338604
Nn1nnc2cc([N+](=O)[O-])[nH]c(=O)c21,1.7459929,6.9215455,21.294985,4.0843253,2.5189583,620.94073,86.47098,286.1002,3.6260490067447693
Nc1nc2c([N+](=O)[O-])n[nH]c2c(=O)[nH]1,1.7886995,6.6799006,20.19537,3.2374167,2.0161195,627.10815,-70.86578,303.01318,3.269342933870276
O=c1[nH][nH]c2c(N[N+](=O)[O-])c3cc([N+](=O)[O-])cc([N+](=O)[O-])c3nc12,1.7956799,7.0809627,22.86923,4.598727,2.5377777,553.3259,24.56708,151.64629,3.3645920939308454
O=[N+]([O-])c1cc([N+](=O)[O-])c2ncoc2c1[N+](=O)[O-],1.8356702,7.600652,26.48997,5.3635793,2.8353722,527.39557,-40.952938,228.29056,3.0976327336842227
NN[N+]c1c(N)c([N+](=O)[O-])c2n[nH]nc2c1[N+](=O)[O-],1.8031706,7.7311277,27.24233,5.079347,3.3564942,665.43,378.3682,256.37012,4.040432653931758
O=c1c2c([N+](=O)[O-])ccc([N+](=O)[O-])c2[nH]c2c1c([N+](=O)[O-])nc1cccc([N+](=O)[O-])c12,1.7152336,6.297591,17.498693,4.3179684,2.038983,473.35202,-84.96455,235.7824,3.1505668904155844
O=[N+]([O-])c1cc2nc3cc(O)oc3cc2n1[N+](=O)[O-],1.7240045,6.5574207,19.077133,4.3639584,2.2164555,509.56528,-145.06786,152.39914,3.5266536772523267
O=[N+]([O-])c1nc2ccc([N+](=O)[O-])c([N+](=O)[O-])c2o1,1.7810205,7.430298,24.832445,5.382055,2.8203995,522.7797,-43.24365,229.93646,3.260694272145761
O=[N+]([O-])N=Cc1c2cnn([N+](=O)[O-])c2c([N+](=O)[O-])c2n[nH]nc12,1.8081846,7.681031,26.890663,5.579448,3.2002532,573.7002,491.44443,132.82736,4.205251860885921
O=[N+]([O-])c1cc([N+](=O)[O-])c2c([N+](=O)[O-])c3nnn([N+](=O)[O-])c3nc2c1,1.8342704,7.7754154,27.775417,5.661858,3.0955648,546.26544,344.6909,132.8687,3.4220122005853675
O=[N+]([O-])c1cc([N+](=O)[O-])n2ncnc2n1,1.7605388,7.4330654,24.72348,5.123653,2.974487,583.3696,260.41916,261.7007,3.263008540942753
O=[N+]([O-])c1nn([N+](=O)[O-])c2c([N+](=O)[O-])nc3ncccc3c12,1.7420263,7.1078696,22.57754,5.2232347,2.7747965,531.0379,330.622,119.99835,3.5230502802636803
O=[N+]([O-])c1cc([N+](=O)[O-])c2ocnc2c1[N+](=O)[O-],1.8308351,7.582204,26.324001,5.359504,2.8294892,526.42194,-43.81497,228.22064,3.0917336952226844
O=[N+]([O-])c1cc([N+](=O)[O-])c2nc([N+](=O)[O-])nc([N+](=O)[O-])c2c1,1.820607,7.670454,26.887531,5.521348,2.9767466,537.70496,107.35196,231.54681,3.1183856914042636
Nc1nnc2c([N+](=O)[O-])c([N+](=O)[O-])ncn12,1.7971692,7.6285353,26.428686,4.9866543,3.0959835,623.5201,279.1012,234.16914,3.2893448975308006
O=c1c2nc([N+](=O)[O-])cc([N+](=O)[O-])c2nc2c([N+](=O)[O-])ccnn12,1.7930943,7.032718,22.441072,4.6770344,2.423579,519.4473,112.40039,243.26575,3.3322581294338054
O=[N+]([O-])c1cn([N+](=O)[O-])c2c1nnc1[nH]ncc12,1.7615224,7.270724,23.827965,5.2440195,2.970859,565.819,443.81058,150.5004,3.699089579838069
O=[N+]([O-])N=Cc1c2cc([N+](=O)[O-])c([N+](=O)[O-])nc2nc2nonc12,1.8104216,7.5827136,26.228317,5.614115,3.0189388,536.86206,444.5258,194.7781,3.852974762031976
Nc1nc2c(=NN[N+](=O)[O-])[nH]c([N+](=O)[O-])nc2[nH]1,1.8142209,7.504493,25.782108,4.260483,2.8332772,669.7025,166.9979,166.80724,4.081492035097095
Nn1c2nccc-2c([N+](=O)[O-])c2nnc([N+](=O)[O-])nc21,1.7516361,7.0145826,22.025368,4.809333,2.7359416,571.07764,419.14322,255.35228,3.515510480706123
O=[N+]([O-])N=Cc1ncc([N+](=O)[O-])c2c1nc([N+](=O)[O-])n2[N+](=O)[O-],1.8217125,8.086486,29.914948,5.9589624,3.4748738,581.7709,327.54742,122.27396,4.066080252166771
O=c1nc([N+](=O)[O-])[nH]c2nc3c([N+](=O)[O-])ccc([N+](=O)[O-])c3cc12,1.776599,6.6245427,19.791832,4.1384993,2.085551,506.43832,-88.610146,249.99461,3.097763928250373
O=[N+]([O-])c1cnn2cc([N+](=O)[O-])n([N+](=O)[O-])c12,1.800237,8.172964,30.304083,6.2050066,3.7221224,598.5072,276.11432,122.18323,3.684654274148249
Nc1c(O)cn2nnnc2c1[N+](=O)[O-],1.773393,7.069301,22.40041,4.265194,2.6273177,619.1221,138.8768,312.16693,3.4326473873115724
O=[N+]([O-])c1cc([N+](=O)[O-])c2c([N+](=O)[O-])c3[nH]c4c([N+](=O)[O-])cccc4c3nc2n1,1.73501,6.547496,19.04365,4.5339723,2.2157366,489.6778,97.19281,231.93727,3.2635669663118776
NC1=Nc2nc3c(=O)cc([N+](=O)[O-])oc3c(O)c2NN1,1.7159138,6.106468,16.440004,3.190708,1.7612537,554.92633,-273.56906,290.3152,4.003091459727101
O=c1[nH]nnc2nc3cc([N+](=O)[O-])cc([N+](=O)[O-])c3c([N+](=O)[O-])c12,1.7755275,7.000507,22.095587,4.720135,2.4591792,522.1564,126.833374,221.86372,3.3053135140491907
O=[N+]([O-])c1cc([N+](=O)[O-])c2nc3oc4c(cc([N+](=O)[O-])n4[N+](=O)[O-])c3nc2c1,1.8054377,7.2153344,23.788042,5.1286745,2.5974064,504.58643,87.08646,154.3159,3.6911265730027436
O=[N+]([O-])c1nc2c([N+](=O)[O-])ccc([N+](=O)[O-])c2o1,1.81262,7.4880614,25.519388,5.2916856,2.7804787,524.087,-52.05116,259.74115,3.2482644644534533
O=[N+]([O-])NN=c1[nH]c([N+](=O)[O-])nc2[nH]cnc12,1.7902726,7.480204,25.373505,4.5765285,2.916986,641.5709,212.44366,158.8435,4.167098005735809
O=[N+]([O-])c1cnc2c(c1)[nH]c1c([N+](=O)[O-])cc([N+](=O)[O-])nc12,1.7422653,6.6750703,19.84868,4.498331,2.300165,512.4399,98.096985,273.1367,3.11610028026368
Nc1cc([N+](=O)[O-])nc2c1cnn2[N+](=O)[O-],1.7459605,7.18381,23.106695,4.8333883,2.8917508,600.9387,206.57697,144.39375,3.5498973125576345
Nn1c([N+](=O)[O-])nc2c(=O)[nH]c3c(cc([N+](=O)[O-])n3[N+](=O)[O-])c(=NC=N[N+](=O)[O-])c21,1.8369582,7.7088556,27.296154,4.996702,2.9682593,596.8018,159.1976,159.72247,4.544600955815113
O=[N+]([O-])c1ccc([N+](=O)[O-])c2c1nnc1c2ncn2c([N+](=O)[O-])nnc12,1.7816459,7.04094,22.47136,4.995754,2.5964494,518.8659,497.07535,238.87083,3.3937891048482767
O=[N+]([O-])c1cc([N+](=O)[O-])c2c([N+](=O)[O-])c([N+](=O)[O-])oc2c1,1.8065089,7.691269,26.819101,5.7612195,3.0121696,519.8095,-87.045135,236.70343,3.0274556484041977
O=[N+]([O-])c1ccc2c([N+](=O)[O-])noc2c1[N+](=O)[O-],1.7964396,7.674109,26.647808,5.976462,3.145284,522.885,98.925354,228.13953,3.1027125413765297
O=c1[nH]c2c([N+](=O)[O-])c([N+](=O)[O-])ccc2n2cc([N+](=O)[O-])nc12,1.8083408,6.897897,21.661226,4.3194914,2.2485945,523.0468,-90.96922,232.33546,3.224326869748028
O=[N+]([O-])n1cc2c(ncn3nnnc23)n1,1.7742045,7.387282,24.728918,5.1510005,3.0908074,601.9113,604.2887,148.14674,3.6711585213083895
O=[N+]([O-])c1cnn([N+](=O)[O-])c2ncnc1-2,1.8089623,7.7293816,27.40587,5.483626,3.2319727,590.30457,324.25397,126.01141,3.417437058766394
Nc1ccc2c(nnc3c4nc5nc([N+](=O)[O-])c([N+](=O)[O-])c(=O)n5cc4cnc23)c1[N+](=O)[O-],1.742149,6.338323,17.966095,4.0415196,2.0188456,501.1958,249.64148,237.70827,3.5921854240963453
O=c1c2cc([N+](=O)[O-])ccc2n([N+](=O)[O-])c(=O)n1[N+](=O)[O-],1.828872,7.4120884,25.23536,4.8614554,2.641827,543.55707,-195.75154,125.15457,3.2978710330195815
O=c1[nH]nc2c3cc([N+](=O)[O-])oc3ncn12,1.7686572,6.425259,18.538528,3.583212,1.8902102,532.4072,-84.063034,289.0644,3.3050100138098717
O=[N+]([O-])c1cn([N+](=O)[O-])c2ccnc([N+](=O)[O-])c12,1.7618158,7.453068,24.94135,5.5653925,3.0901198,554.11426,171.64911,148.6521,3.440965425991914
O=c1c2nnn(C=N[N+](=O)[O-])c2cnn1[N+](=O)[O-],1.8274883,8.009944,29.423632,5.5304055,3.3817391,612.4332,359.09494,147.38567,4.245450276855337
O=[N+]([O-])N=Cc1cn2c([N+](=O)[O-])nc3[nH]nc([N+](=O)[O-])c3c2n1,1.798965,7.4791517,25.405272,5.0022535,2.9058757,581.77625,336.26053,184.4456,4.097098014732074
Nc1c([N+](=O)[O-])c2nnnn2c2nc3[nH]c([N+](=O)[O-])nc3c(N)c12,1.8129398,6.9974713,22.343231,4.0484467,2.4071407,596.83307,389.59323,305.47607,3.7613069298641433
O=[N+]([O-])c1cn([N+](=O)[O-])c2nc3cccc([N+](=O)[O-])c3nc2c2c([N+](=O)[O-])nc1=2,1.7610227,6.95576,21.855843,4.972793,2.5479517,512.12854,268.2001,138.64993,3.657928212660467
O=[N+]([O-])c1c([N+](=O)[O-])n(O)c2ncncc12,1.7769295,7.4027658,24.712976,5.245551,2.9570346,565.0521,139.94955,256.75766,3.2255463286578134
O=c1[nH]cc(C=N[N+](=O)[O-])c2oc([N+](=O)[O-])nc12,1.7879026,7.0973835,22.778967,4.4311247,2.447219,554.2845,-113.26526,182.96217,4.1521356771693085
O=c1[nH]n([N+](=O)[O-])c2ccc3nc([N+](=O)[O-])cnc3c12,1.7532028,6.614033,19.73266,4.2106757,2.2221913,529.7552,65.25638,150.63275,3.5219955156711578
Nc1cc2nnn([N+](=O)[O-])c2c([N+](=O)[O-])c1N[N+](=O)[O-],1.8021387,7.932982,28.482353,5.613712,3.4820235,621.9942,309.6591,130.64807,3.7426557083087086
O=c1c2c([N+](=O)[O-])c(N[N+](=O)[O-])cc([N+](=O)[O-])c2ncn1[N+](=O)[O-],1.8712494,7.9773903,29.60611,5.4657893,3.1317947,571.4886,16.004793,131.65424,3.6744613754185895
O=[N+]([O-])c1cc2c([N+](=O)[O-])c3c(cnn3[N+](=O)[O-])cc2[nH]1,1.7485046,7.0540543,22.263348,5.093326,2.7347763,537.6176,187.49042,135.31516,3.717449288448364
O=c1cc2c([N+](=O)[O-])nc3cc(O)c(O)cc3n2[nH]1,1.6987557,5.7084236,14.266929,2.9966106,1.5266863,513.8863,-365.6014,282.0798,3.2959261624594287
O=[N+]([O-])c1cc([N+](=O)[O-])c2cnoc2c1[N+](=O)[O-],1.8065388,7.7003307,26.907955,5.9443727,3.1332223,523.56726,90.16724,230.1942,3.126089464453453
N=c1[nH]c(=O)c2nc([N+](=O)[O-])cnc2n1C=N[N+](=O)[O-],1.8021836,7.0863566,22.87119,4.008763,2.398512,602.0089,26.20917,189.88861,4.196602974878617
O=[N+]([O-])Nc1cc2oc([N+](=O)[O-])nc2cc1[N+](=O)[O-],1.7972018,7.5669255,25.981657,5.2868934,2.9603782,559.63605,-22.753843,127.3633,3.419218174293748
O=c1c2cc3c(ncn3[N+](=O)[O-])c([N+](=O)[O-])c2on1[N+](=O)[O-],1.85549,7.756462,27.857811,5.440086,2.9412236,539.99115,44.745045,143.87106,4.079081896952076
Nc1cc([N+](=O)[O-])nc2nc([N+](=O)[O-])cc([N+](=O)[O-])c12,1.753319,7.068392,22.366457,4.7211847,2.6271672,558.37384,61.634632,249.15927,3.285999104535124
Nc1c([N+](=O)[O-])cc2c(nc([N+](=O)[O-])n2N)c1[N+](=O)[O-],1.8241625,7.616548,26.489326,5.0246277,3.0380285,607.33136,114.78662,275.79462,3.410751594208005
O=[N+]([O-])c1cc2nnnn2c2c1cnn2[N+](=O)[O-],1.8059465,7.704158,27.015314,5.6551995,3.2797804,580.196,560.46173,143.08821,3.615616656761145
O=[N+]([O-])c1nc2c([N+](=O)[O-])cncn2n1,1.7755479,7.5172086,25.451702,5.221482,3.0399213,583.3351,275.59903,274.15646,3.1476700794042927
O=[N+]([O-])c1cc2c(c([N+](=O)[O-])c1)Nc1nonc1N2[N+](=O)[O-],1.8251176,7.79345,27.924717,5.7332916,3.242055,564.19867,308.80322,111.947174,3.5620687418021406
Nc1nc2nc3c(ncc4c3cc([N+](=O)[O-])n4[N+](=O)[O-])c([N+](=O)[O-])c2[nH]1,1.7706013,6.8794713,21.441156,4.4071565,2.4253528,552.67535,224.86865,158.7509,3.7553298144907457
O=[N+]([O-])c1nc2nncc([N+](=O)[O-])c2[nH]1,1.7569246,7.448883,24.799206,5.12263,2.9786181,582.1853,258.20023,277.211,3.581247190098475
O=[N+]([O-])c1cn2c([N+](=O)[O-])nc3cncc([N+](=O)[O-])c3c2n1,1.7626275,7.046845,22.306845,4.876531,2.591048,532.4071,248.23337,238.1741,3.482961049494448
Nn1c([N+](=O)[O-])nc2[nH]c(N[N+](=O)[O-])nc2c1=O,1.8553758,7.7642913,27.947798,4.505996,2.9136584,649.9744,61.788273,170.6135,3.644515425991915
O=[N+]([O-])c1ccc2nc3cn([N+](=O)[O-])c([N+](=O)[O-])c3nc2n1,1.767411,7.129379,22.942276,5.0649376,2.691796,530.6339,283.26044,151.59938,3.6045141264175253
N=c1nc[nH]c2c1cc([N+](=O)[O-])n2[N+](=O)[O-],1.7414026,7.086787,22.472515,4.644082,2.7735815,599.8072,148.08698,155.61082,4.033907330446722
O=[N+]([O-])c1cc2nc([N+](=O)[O-])[nH]c2cn1,1.7207755,6.8460965,20.69927,4.4610705,2.492805,561.08923,86.25375,275.96408,3.2542246760271816
O=[N+]([O-])c1nn([N+](=O)[O-])c2c([N+](=O)[O-])c3nc4ccccc4nc3c([N+](=O)[O-])c12,1.7553014,6.953475,21.785686,5.094322,2.5836232,507.0468,310.13477,129.84444,3.4565385339847117
O=[N+]([O-])N=Cn1ncc2[nH]c3cnc([N+](=O)[O-])c([N+](=O)[O-])c3c21,1.7455015,7.1761928,22.974815,5.0300922,2.8357317,564.56,323.2727,188.31627,3.9880562564903173
O=[N+]([O-])c1ccc2nc3nc4[nH]c([N+](=O)[O-])cc4c([N+](=O)[O-])c3c([N+](=O)[O-])c2c1,1.7357618,6.560309,19.1383,4.542661,2.2241123,491.1229,91.13156,230.04306,3.357489459009054
Nc1nc(N)c2nc([N+](=O)[O-])n3nc([N+](=O)[O-])cc3c2n1,1.739495,6.7586064,20.311861,3.9668531,2.3698714,600.5512,221.17355,261.95798,3.4412816771123307
O=c1[nH]c2cc3c([N+](=O)[O-])cn([N+](=O)[O-])c3nc2[nH]1,1.792303,6.7643995,20.843624,3.9163136,2.1541514,553.7775,-61.109104,159.21835,3.556223203879547
O=[N+]([O-])Nc1nc([N+](=O)[O-])c2ncc([N+](=O)[O-])cc2n1,1.7813146,7.494221,25.455547,5.1758304,2.9816816,576.6985,218.90726,131.01575,3.2722875902632325
O=[N+]([O-])c1nn2nnc([N+](=O)[O-])c2c2ccncc12,1.7084779,6.8356647,20.52736,5.0344667,2.684873,533.3519,443.2028,246.4153,3.425793791129742
O=[N+]([O-])c1nc2c[nH]c([N+](=O)[O-])c2c2cncnc12,1.7243829,6.417274,18.334066,4.2495894,2.1985443,518.3705,223.97116,252.12651,3.6622390741486104
Nc1c2ccn([N+](=O)[O-])c2nc(=O)n1[N+](=O)[O-],1.820706,7.353895,24.78636,4.458688,2.680563,604.0511,-21.468657,152.01811,3.970005043379018
O=[N+]([O-])c1ccc2cc([N+](=O)[O-])c([N+](=O)[O-])n2n1,1.7253659,7.3093367,23.577261,5.5768437,3.0375714,544.4684,171.8287,257.4599,3.3028038875303762
O=[N+]([O-])c1cnn2ncc([N+](=O)[O-])c2n1,1.7677095,7.549386,25.560974,5.397103,3.124399,579.79877,325.16812,282.75003,3.3431406234943486
O=[N+]([O-])c1cc2nonc2cc1[N+](=O)[O-],1.7600038,7.45505,24.864794,5.929551,3.1390834,527.42865,245.05441,239.70271,2.685539497790783
O=[N+]([O-])c1cc([N+](=O)[O-])c2c([N+](=O)[O-])c3cc([N+](=O)[O-])c([N+](=O)[O-])nc3nc2c1,1.7981576,7.319533,24.278522,5.321163,2.7092943,508.19336,105.94513,216.3764,3.2425939924502964
O=[N+]([O-])Nn1nncc1[N+](=O)[O-],1.7859839,8.744389,34.38927,6.633351,4.5705056,691.48834,351.82065,123.035645,3.967615599869376
O=c1nc[nH]c2c1c([N+](=O)[O-])c([N+](=O)[O-])c1ncn([N+](=O)[O-])c12,1.8224864,7.295917,24.473892,4.75678,2.583429,544.1098,62.07485,166.37334,3.658571286621477
O=[N+]([O-])c1ccc2[nH]c3c([N+](=O)[O-])nc4nnc([N+](=O)[O-])nc4c3c2c1,1.7435153,6.5754347,19.307287,4.4406652,2.2286034,502.5283,293.51035,260.15878,3.4322775663867375
O=[N+]([O-])N=Cc1c([N+](=O)[O-])c2c([N+](=O)[O-])c3cccc([N+](=O)[O-])c3nc2n1[N+](=O)[O-],1.7943844,7.4656906,25.288898,5.5205064,2.9481156,533.14557,221.03165,155.25195,3.809477494276652
O=[N+]([O-])c1ncc2ncn([N+](=O)[O-])c2n1,1.7847412,7.561905,26.004313,5.213635,3.0744283,590.6897,281.3905,125.06966,3.660724113175399
Nc1nc2c(cnn2[N+](=O)[O-])nc1[N+](=O)[O-],1.8154788,7.681139,27.059921,5.0263577,3.1019762,619.38007,281.00238,146.08687,3.6621348796417124
O=[N+]([O-])c1nc2c([N+](=O)[O-])c3cnn([N+](=O)[O-])c3cc2[nH]1,1.8060776,7.429819,25.219666,5.1296387,2.8540719,557.3054,225.90878,150.44707,3.7284727702297404
O=[N+]([O-])c1cc([N+](=O)[O-])c2c([N+](=O)[O-])nn([N+](=O)[O-])c2c1,1.8373656,8.066854,29.872713,6.0463896,3.4102738,561.6591,182.7315,136.6863,3.340479424627973
O=[N+]([O-])NN=c1[nH]nc([N+](=O)[O-])c2cnccc12,1.6891744,6.950179,21.149912,4.9271803,2.910321,592.1886,327.402,153.85948,3.786348041376531
O=[N+]([O-])N=c1nc[nH]cc1[N+](=O)[O-],1.7661047,7.7385325,26.903578,5.358063,3.3760853,631.74475,140.95294,140.42154,3.811632277481353
O=[N+]([O-])c1c2nnnnc2c([N+](=O)[O-])c2ocnc12,1.8333801,7.550767,26.19418,5.3507123,2.8553226,532.3428,395.3528,242.30359,3.649119190258915
O=c1oc2c(O)c([N+](=O)[O-])ccc2n1O,1.7690469,6.467938,18.681383,3.623572,1.8673701,519.28,-515.6033,309.6463,3.146638118803917
Nc1c([N+](=O)[O-])nc2nonc2c1N,1.7837579,7.3231244,24.277464,4.7259717,2.9462214,626.7068,258.40073,286.6635,3.4412684399431495
O=[N+]([O-])c1cccc2c1Oc1n[nH]c([N+](=O)[O-])c1N2,1.7210844,6.481126,18.503904,4.250161,2.2341964,527.10333,-3.5844395,276.1958,3.3384559101428044
O=[N+]([O-])c1ccnc2c([N+](=O)[O-])[nH]nc12,1.7575105,7.137693,22.811487,4.971033,2.7726293,559.58435,200.50418,270.04782,3.183160135689471
O=[N+]([O-])c1cc2[nH]nnc2c2cnn([N+](=O)[O-])c12,1.7438537,7.1687803,22.964207,5.144338,2.8976905,564.5327,411.7792,132.60191,3.736266502914991
O=[N+]([O-])c1nc2c3cccnc3c([N+](=O)[O-])nn2c1[N+](=O)[O-],1.745378,7.0790896,22.314812,5.136462,2.710303,528.31116,330.2282,244.77722,3.2791248956482955
O=c1c2[nH]cnc2cc([N+](=O)[O-])n1[N+](=O)[O-],1.7647502,7.1533847,23.012335,4.614145,2.6171706,569.4379,-22.379393,141.316,3.5422432875129113
Nc1c([N+](=O)[O-])cc([N+](=O)[O-])c2ncc([N+](=O)[O-])n12,1.8264554,7.544439,26.035944,5.028906,2.912775,581.0357,79.48982,285.3366,3.2494006358322096
O=c1nc2c(cnn2[N+](=O)[O-])c[nH]1,1.7438183,6.7789564,20.595371,4.025871,2.3562622,589.32434,55.33797,141.8145,3.7975051346242097
O=[N+]([O-])c1nn([N+](=O)[O-])c2ncn3c4ccncc4c([N+](=O)[O-])c3c12,1.7473572,6.8565903,21.146122,4.843309,2.5414238,525.0946,351.67014,150.14896,3.6213027411933654
Nc1c([N+](=O)[O-])cc2nonc2c1[N+](=O)[O-],1.8143395,7.649263,26.590189,5.5853133,3.1588697,567.234,221.1629,290.47662,3.044020031698958
Nc1nn([N+](=O)[O-])c2nc3c([N+](=O)[O-])c4nc5c([N+](=O)[O-])cccc5nc4c([N+](=O)[O-])c3cc12,1.7444962,6.6628637,19.978397,4.568194,2.3391194,512.5401,295.66052,163.49518,3.673826749991255
N=c1[nH]c([N+](=O)[O-])nc2c1OCO2,1.7678126,6.7660003,20.609793,3.6336322,2.1751328,602.8565,-251.44522,278.9833,3.9016012884703644
O=C1c2nnn([N+](=O)[O-])c2C(=O)c2c(O)ccc([N+](=O)[O-])c21,1.7858216,6.722968,20.532999,4.288343,2.1278472,496.8682,-186.71428,154.52325,3.2901468252441237
O=c1c2c(ccn2[N+](=O)[O-])cnn1[N+](=O)[O-],1.7606593,7.3524384,24.25075,5.2327943,2.967221,567.9684,118.492615,149.64926,3.7901248617526253
O=c1[nH]c([N+](=O)[O-])nc2c([N+](=O)[O-])ccc([N+](=O)[O-])c12,1.8158343,7.1869497,23.574009,4.6040115,2.451306,534.5198,-134.07962,240.07533,2.978233066799275
O=[N+]([O-])c1cn2nnc3nc([N+](=O)[O-])ncc3c2n1,1.7735869,7.204067,23.405893,4.9239492,2.746776,558.26263,439.40384,263.79507,3.610995242508552
O=[N+]([O-])c1cn2c([N+](=O)[O-])nc3ccc([N+](=O)[O-])c([N+](=O)[O-])c3c2n1,1.7915715,7.2807503,24.002527,5.142991,2.706315,526.52277,153.8435,222.762,3.3649598469688344
O=[N+]([O-])c1cc([N+](=O)[O-])c2c([N+](=O)[O-])n([N+](=O)[O-])nc2c1,1.8213966,8.008245,29.264671,6.0846314,3.4058936,557.6449,197.24722,135.6318,3.3666385854671343
O=[N+]([O-])c1cnc2c(c1)nnc1nc([N+](=O)[O-])c([N+](=O)[O-])n12,1.8024673,7.492372,25.506275,5.323935,2.9119544,546.75226,404.94113,247.58601,3.2765748956482943
O=[N+]([O-])N=Cc1nn([N+](=O)[O-])c2c1nc([N+](=O)[O-])c1c([N+](=O)[O-])cncc12,1.8024274,7.57301,26.186636,5.539807,3.0518854,549.7518,400.3088,147.4816,4.172813843819055
O=c1c([N+](=O)[O-])c([N+](=O)[O-])nc2ccc([N+](=O)[O-])cn12,1.7893842,7.1872907,23.330395,4.8705482,2.573574,529.4262,-56.38496,228.7061,2.9009349535917277
O=c1[nH]c2cc([N+](=O)[O-])nnc2[nH]1,1.7560999,6.6126003,19.52124,3.5385282,2.0546649,584.20483,-25.17285,278.39835,3.298966673085749
O=c1[nH]c(=O)n([N+](=O)[O-])c2nc3nc4cccc([N+](=O)[O-])c4c([N+](=O)[O-])c3nc12,1.7817872,6.648984,20.079473,4.052278,2.0556035,510.64093,-56.078823,161.65733,3.441325291530962
O=[N+]([O-])c1nc([N+](=O)[O-])c2c([N+](=O)[O-])nc3c([N+](=O)[O-])cccc3c2n1,1.768055,7.0429974,22.322338,5.0072885,2.549754,509.14978,168.34186,215.95383,3.300211027925199
N=c1nc([N+](=O)[O-])[nH]c2ncn([N+](=O)[O-])c12,1.8138924,7.5474033,26.13832,4.6658444,2.900407,624.1427,169.58017,149.33247,4.154301248156919
O=[N+]([O-])c1ncc2c([N+](=O)[O-])c3c([N+](=O)[O-])c([N+](=O)[O-])ccc3nc2n1,1.7740881,7.094417,22.685175,5.0649395,2.5860238,510.042,173.92487,214.81894,3.2900103685845394
N=c1c2cnc3c([N+](=O)[O-])cc([N+](=O)[O-])cc3c2nc([N+](=O)[O-])n1[N+](=O)[O-],1.8029965,7.2511573,24.030365,4.9843464,2.6878157,539.2972,171.96198,132.75005,3.5042971156841745
O=[N+]([O-])c1ncoc1[N+](=O)[O-],1.8052322,8.239316,30.756784,5.96294,3.574688,599.0625,-31.914518,248.26471,3.5113918482335693
O=[N+]([O-])c1cc2nn[nH]c2cc1[N+](=O)[O-],1.6977469,6.996144,21.408476,5.036949,2.8195565,561.1774,212.44473,241.19365,3.0463668899108587
Nc1nc2c([N+](=O)[O-])c([N+](=O)[O-])c([N+](=O)[O-])cc2n1[N+](=O)[O-],1.8744615,8.112367,30.536306,5.5642004,3.2809486,589.9504,99.25836,171.64246,3.4632780130572023
O=c1[nH]c2cc([N+](=O)[O-])cc([N+](=O)[O-])c2[nH]c1=O,1.8005241,6.566551,19.461214,3.5856955,1.883188,530.96185,-373.0221,282.1743,2.6250346567611444
O=[N+]([O-])Nc1nc2[nH]c([N+](=O)[O-])cc2c2ncnn12,1.7580202,7.043823,22.315674,4.443376,2.6306427,595.42633,288.26474,150.17398,3.668929640186345
O=[N+]([O-])c1cn2ncc([N+](=O)[O-])c2c2c1nnn1c([N+](=O)[O-])cnc21,1.7881681,7.2207384,23.610796,5.1576915,2.7582698,534.683,482.8005,260.43613,3.5255174569124286
Nc1nc2nc([N+](=O)[O-])c3[nH]nnc3c2c2nnnn12,1.7624915,6.9175625,21.54583,4.0872526,2.481817,608.08795,580.9948,280.6164,3.80091336624164
O=[N+]([O-])N=Cc1nc2c([N+](=O)[O-])cc3c4c(nnn4[N+](=O)[O-])n([N+](=O)[O-])c3c2[nH]1,1.8289012,7.7470016,27.570633,5.4599724,3.110623,569.9758,442.8215,138.62897,4.456467453166796
O=[N+]([O-])Nc1c2ncccc2c([N+](=O)[O-])n2nnnc12,1.7298297,6.988769,21.741335,4.9885893,2.8141432,564.82153,475.6633,146.3751,3.33858859758924
N=c1c2nc(N)n([N+](=O)[O-])c2nc([N+](=O)[O-])n1N,1.8392594,7.7606544,27.795582,4.6079397,3.0970225,675.54114,231.68512,176.53381,4.066036047923174
O=[N+]([O-])c1cn([N+](=O)[O-])c2nnn3c([N+](=O)[O-])cnc3c12,1.8450084,7.9302974,29.089453,5.766437,3.305085,571.7347,456.5961,132.64445,3.672701920027311
Nc1c([N+](=O)[O-])cnn2c([N+](=O)[O-])nnc12,1.8280896,7.796873,27.828293,5.2505217,3.232058,617.2565,336.3076,289.2241,3.2698604610370623
O=[N+]([O-])c1nc2cc3nn[nH]c3c([N+](=O)[O-])c2o1,1.7491509,7.0882354,22.311792,4.870472,2.6056337,535.973,178.54764,277.1505,3.859580349068837
O=[N+]([O-])c1cccc2c1oc1c([N+](=O)[O-])c3c([N+](=O)[O-])[nH]nc3nc12,1.7450926,6.6046906,19.44312,4.6203895,2.2408247,484.58356,93.9064,246.56386,3.349013109086341
O=c1[nH]c2c([nH]c3ncccc32)c(=O)n1[N+](=O)[O-],1.6932431,5.733134,14.527335,2.9505968,1.5328264,522.889,-189.32846,180.62978,3.194729579838068
O=[N+]([O-])c1cnc2ncc3c(cnn3[N+](=O)[O-])c2n1,1.755279,6.9158626,21.63961,4.809711,2.5927925,539.039,381.49002,146.14986,3.5940323978060853
N#[N+]c1nc2nc([N+](=O)[O-])cc([N+](=O)[O-])c2[nH]1,1.7156805,7.021707,21.72643,4.792155,2.6349993,551.49255,314.94586,267.09875,3.7153458460546034
O=[N+]([O-])c1cc2nc([N+](=O)[O-])c3nncn3c2cc1[N+](=O)[O-],1.7887293,7.1992965,23.495707,5.0818152,2.7032316,532.1458,313.2809,232.16508,3.0865918187252177
Nc1c([N+](=O)[O-])c([N+](=O)[O-])cc2nonc12,1.8000547,7.610742,26.258602,5.580232,3.16004,567.76746,222.46808,244.68434,3.0824414986041457
O=[N+]([O-])c1cc([N+](=O)[O-])c2nc3c(nc2c1)oc1c([N+](=O)[O-])cc([N+](=O)[O-])nc13,1.8003379,6.969091,22.081203,4.8113613,2.341483,485.8741,62.831898,245.93329,3.362144570985686
C[N+]([O-])(c1c([N+](=O)[O-])nc2c3nc4cc([N+](=O)[O-])ccc4nc3c([N+](=O)[O-])cn12)[N+](=O)[O-],1.7346107,6.9247055,21.422617,4.854338,2.6247075,542.19995,188.73404,129.33543,4.200010430488819
O=[N+]([O-])c1cnn2c([N+](=O)[O-])cnc2c1[N+](=O)[O-],1.8329023,7.929198,28.908731,5.796599,3.294592,567.4751,264.2685,231.0905,3.1431144644534523
O=[N+]([O-])c1cc2ncc([N+](=O)[O-])n2[nH]1,1.7306119,7.3240337,23.697351,5.1631074,3.0514276,592.61505,171.94852,295.2654,3.6373226909552967
O=[N+]([O-])c1nc2c(o1)c([N+](=O)[O-])cn1cnnc21,1.7778813,7.1760874,23.1865,4.905042,2.6327398,536.85815,209.10239,276.07266,3.7999726567611454
Nc1c([N+](=O)[O-])cc([N+](=O)[O-])c2nonc12,1.8233808,7.674763,26.88197,5.563697,3.1579568,569.301,213.41748,287.78552,2.9394364896596024
O=c1[nH]c(C=N[N+](=O)[O-])nc2cc([N+](=O)[O-])n([N+](=O)[O-])c12,1.8116995,7.6386576,26.569164,5.1007576,2.9613929,582.0424,64.00729,147.87645,4.034302686366235
O=c1oc2c([N+](=O)[O-])nc3c4cc([N+](=O)[O-])ccc4[nH]c3c2n1[N+](=O)[O-],1.7706305,6.667162,20.187769,4.2538357,2.1208794,500.00195,-164.74426,168.8365,3.4578949282502265
Nc1cc2n([N+](=O)[O-])c(=O)cc([N+](=O)[O-])n2n1,1.7648075,7.292801,23.924109,4.7144456,2.835799,604.34393,45.439198,156.65614,3.879494274148249
O=[N+]([O-])c1c([N+](=O)[O-])c2c([N+](=O)[O-])cncc2c2c[nH]nc12,1.7609946,6.8937526,21.371908,4.9425507,2.5464575,514.9763,230.28125,224.27126,3.48345951103291
O=c1c2ccncc2c([N+](=O)[O-])nn1[N+](=O)[O-],1.7475232,7.028029,22.131882,4.923409,2.651553,539.22754,109.88721,147.35748,3.255906381171659
O=[N+]([O-])c1cc([N+](=O)[O-])c2nc3nc([N+](=O)[O-])[nH]c3c([N+](=O)[O-])c2c1,1.8030287,7.2658973,23.981606,4.986475,2.6171575,524.59503,95.3833,245.10341,3.309711626532555
N=c1c2c([N+](=O)[O-])c3cccc([N+](=O)[O-])c3nc2nc([N+](=O)[O-])n1[N+](=O)[O-],1.7881469,7.2162447,23.669926,5.0093484,2.6968913,538.34125,189.88089,135.2908,3.5609317310687914
O=[N+]([O-])c1n[nH]c2nc3c([N+](=O)[O-])ccc([N+](=O)[O-])c3nc12,1.7911723,7.1431284,23.134878,4.8682847,2.591461,532.4915,240.90231,249.72844,3.2588795110329105
O=[N+]([O-])c1ccc([N+](=O)[O-])c2c([N+](=O)[O-])c3cnn([N+](=O)[O-])c3nc12,1.8225198,7.5224366,26.025694,5.4707937,2.9202616,531.7367,242.76254,141.60544,3.3950535323878928
O=[N+]([O-])c1nn([N+](=O)[O-])c2c([N+](=O)[O-])c3c([N+](=O)[O-])cccc3nc12,1.771924,7.379252,24.54411,5.5346184,2.9341614,528.62695,263.7464,123.026596,3.3957520398505796
O=[N+]([O-])N=c1nc[nH]c2c1ncn2[N+](=O)[O-],1.8150079,7.7033067,27.158228,5.0760555,3.1428916,620.94476,278.23694,150.00983,4.186653020802878
O=[N+]([O-])c1nc2c([nH]1)c([N+](=O)[O-])nc1c3cnoc3ncc21,1.7530197,6.6277413,19.640846,4.3788085,2.217045,507.0726,239.95157,276.92557,3.7520489154994108
O=[N+]([O-])c1nc([N+](=O)[O-])c2[nH]c3cnccc3c2n1,1.688944,6.2687044,17.203964,4.1032095,2.1211529,518.1626,180.93216,264.10162,3.162348508110875
Nn1nnc2nc([N+](=O)[O-])cc([N+](=O)[O-])c21,1.7664417,7.6733584,26.388962,5.427701,3.3308022,616.1461,364.45322,263.6864,3.535500532593412
O=C1C(=O)c2nonc2-c2nn([N+](=O)[O-])cc21,1.8134584,7.2771792,24.243252,5.1687417,2.6416445,510.06424,181.89056,142.9821,3.751026974639247
O=[N+]([O-])N=Cc1c([N+](=O)[O-])nc2n([N+](=O)[O-])cc([N+](=O)[O-])n12,1.8635292,8.444117,32.95576,6.107877,3.707428,606.095,305.23904,138.69537,4.344500810767658
O=c1n([N+](=O)[O-])ncc2ccc([N+](=O)[O-])n12,1.7536831,7.268898,23.68681,5.013827,2.8472216,569.4271,76.762405,157.13498,3.7296590299100494
Nc1cc([N+](=O)[O-])c2nn[nH]c2c1[N+](=O)[O-],1.7873049,7.2727714,23.824722,4.7326493,2.8190308,598.38434,183.83368,288.54333,3.3064980281211405
N=c1[nH]cnc2c1cc([N+](=O)[O-])n2[N+](=O)[O-],1.762814,7.1397395,22.989,4.624506,2.7519116,598.88904,146.78677,145.78046,4.0503939136309794
O=[N+]([O-])c1c2ccoc2c([N+](=O)[O-])c2nc3nonc3nc12,1.7744143,6.9525485,21.750015,5.143181,2.5008402,483.34012,322.28613,242.43265,3.4881211239361356
O=[N+]([O-])c1c([N+](=O)[O-])n2c([N+](=O)[O-])cnc2c2ccc(O)cc12,1.7175688,6.5430627,18.856506,4.513277,2.2673664,504.5859,-52.613605,227.75276,3.1452876637926925
O=c1c2nnn([N+](=O)[O-])c2c2cc([N+](=O)[O-])ccc2n1[N+](=O)[O-],1.8039285,7.3548822,24.641542,5.145954,2.771575,538.7583,171.75113,127.3358,3.5710680608150245
Nc1nn([N+](=O)[O-])c2nc[nH]c(=O)c12,1.7674264,6.8014655,20.923649,3.6392305,2.2668588,627.33075,13.202991,151.05711,3.591422690955296
O=[N+]([O-])c1ccc2c(cnn2[N+](=O)[O-])c1[N+](=O)[O-],1.7864372,7.5556226,25.856186,5.691478,3.1406155,551.0715,194.77118,142.26492,3.190096195222684
Nc1c([N+](=O)[O-])cnc2cnn([N+](=O)[O-])c12,1.7498535,7.240931,23.500835,4.9690027,2.9640527,598.2604,240.60349,163.82027,3.4463860424324118
O=[N+]([O-])c1cnc2c([N+](=O)[O-])[nH]cc2n1,1.7608178,7.051041,22.357674,4.733152,2.6365337,559.20044,142.83493,277.00595,3.6269158580159253
O=[N+]([O-])c1nc2c(cc([N+](=O)[O-])c3c2ncn3[N+](=O)[O-])[nH]1,1.8031211,7.361904,24.75027,4.970417,2.7632718,556.98737,193.36523,134.12476,3.6812452398653672
O=[N+]([O-])c1ncc2ncnc([N+](=O)[O-])c2n1,1.7479868,7.1232753,22.785671,4.8724847,2.701665,555.7126,256.9794,240.43987,3.318187636187492
O=[N+]([O-])c1cn([N+](=O)[O-])c2ncn3c([N+](=O)[O-])cnc3c12,1.8158749,7.467977,25.611507,5.186866,2.8885686,557.4112,257.92664,143.02756,3.6490152803511977
O=c1c2cccnc2nc2n([N+](=O)[O-])c([N+](=O)[O-])c([N+](=O)[O-])n12,1.7710015,7.1253676,22.903091,4.8064547,2.5714533,536.5627,92.31845,134.41315,3.47126632384232
O=c1c([N+](=O)[O-])cnc2nc3nc([N+](=O)[O-])n([N+](=O)[O-])c3cn12,1.8495302,7.592642,26.662449,4.9604764,2.761334,557.5054,154.87201,139.13234,3.7390732717331385
O=c1nnc2c3c(nc([N+](=O)[O-])c([N+](=O)[O-])n13)NC=C2,1.782152,6.9818926,22.027475,4.5363708,2.446252,540.5633,185.50977,226.57104,4.022649781405423
Nc1nnc2n([N+](=O)[O-])c3nc[nH]c(=O)c3n12,1.7892919,6.9067082,21.77638,3.7575316,2.3226109,621.59753,168.22705,150.94481,3.720889495097512
O=[N+]([O-])N=c1[nH]c([N+](=O)[O-])nc2[nH]cnc12,1.7946553,7.4782176,25.3186,4.6006484,2.8574722,624.22577,181.13107,187.08237,3.9829603634602204
O=c1[nH]cnc2c([N+](=O)[O-])c3oc([N+](=O)[O-])nc3cc12,1.7702113,6.5802407,19.490765,4.018013,2.007831,503.02612,-132.852,248.64885,3.549612298887941
O=[N+]([O-])N=Cn1ncc2c3c(cnc21)c1[nH]c([N+](=O)[O-])nc1c1c([N+](=O)[O-])cc([N+](=O)[O-])nc13,1.7521929,6.768185,20.550009,4.5523047,2.3681164,521.871,336.99252,213.72195,4.127954414845275
O=[N+]([O-])c1nc2cccc([N+](=O)[O-])n2c1[N+](=O)[O-],1.7193226,7.2229166,22.955835,5.3885884,2.9317806,544.634,133.23157,247.97597,3.226234656761145
Nn1c([N+](=O)[O-])cc2nc([N+](=O)[O-])cnc2c1=NN[N+](=O)[O-],1.8072867,7.7133985,27.134314,5.2791824,3.2395191,615.97064,323.9757,156.25531,3.981687112075936
C[N+](C)=[N+]([O-])c1c([N+](=O)[O-])c2nnn([N+](=O)[O-])c2c2nnnn12,1.7356628,7.7859373,27.008804,5.7305546,3.7512574,654.81177,609.912,141.01138,4.312826621609069
O=[N+]([O-])c1c[nH]c2ncnc([N+](=O)[O-])c12,1.7347443,6.93447,21.3793,4.5824428,2.5681257,563.0375,108.17618,251.64604,3.1285894039821533
Nc1c([N+](=O)[O-])nc2cc3ncc([N+](=O)[O-])nn3c2c1[N+](=O)[O-],1.7660551,7.1299543,22.788862,4.8657856,2.69444,555.77075,280.02252,251.33894,3.5163601203683754
O=[N+]([O-])c1cc([N+](=O)[O-])c2nc3c([N+](=O)[O-])ccc([N+](=O)[O-])c3nc2n1,1.7995516,7.1519647,23.289951,5.0241747,2.5585086,508.36444,178.74997,238.91884,3.1900925663867383
O=[N+]([O-])c1cc2c(o1)c([N+](=O)[O-])c([N+](=O)[O-])c1ccoc12,1.7526249,6.860735,20.974882,5.03194,2.3986454,474.11554,-167.97018,231.99684,3.3522436204321693
O=[N+]([O-])NN=c1nc([N+](=O)[O-])[nH]c2ncccc12,1.7032813,6.788197,20.295902,4.4301343,2.610334,592.16516,203.08655,153.87798,3.702983118299607
O=[N+]([O-])N=Cn1nnc2nc([N+](=O)[O-])c3nc4c([N+](=O)[O-])cc([N+](=O)[O-])cc4nc3c21,1.7972074,7.3122716,24.349379,5.0750723,2.74035,540.05707,470.0289,192.75221,3.9370170067698185
Nc1nc(N)c2cnc([N+](=O)[O-])nc2c1[N+](=O)[O-],1.7711891,6.8133144,20.897766,3.8868828,2.3417845,604.89636,72.875854,284.12775,3.3049644644534535
O=[N+]([O-])c1ccc2c(cnn2[N+](=O)[O-])c1O,1.758401,6.9592056,21.813694,4.7343807,2.5923252,548.27747,-28.611586,145.08981,3.160350264257098
O=[N+]([O-])n1ncc2cc3c(cc21)nnn3[N+](=O)[O-],1.7490025,7.2137966,23.32692,5.3589697,2.9919565,558.9021,453.7137,135.89697,3.7852126567611455
O=c1n(N[N+](=O)[O-])c2nc3cc([N+](=O)[O-])cc([N+](=O)[O-])c3c([N+](=O)[O-])c2n1[N+](=O)[O-],1.85254,7.9039927,28.840065,5.488007,3.087053,561.9269,49.179615,135.1111,3.7517092810341985
Nc1[nH]nc2nc([N+](=O)[O-])cc([N+](=O)[O-])c12,1.7714972,7.1635923,23.104944,4.5745306,2.7221935,598.95264,139.7601,273.49115,3.1995831801783847
Nc1nnc2[nH]c(=O)[nH]c2c1[N+](=O)[O-],1.7884859,6.7331905,20.460676,3.300195,2.0627635,627.44226,-46.339138,314.9452,3.3176623670686567
O=[N+]([O-])c1cc([N+](=O)[O-])c2c(c1)ncc1c2c([N+](=O)[O-])nn1[N+](=O)[O-],1.776012,7.3775578,24.602217,5.483591,2.9137225,529.7964,234.2472,146.40189,3.42675915810546
O=[N+]([O-])c1nc2c3c([N+](=O)[O-])c[nH]c3ccn2c1[N+](=O)[O-],1.7526863,6.9367523,21.452713,4.787309,2.5469635,533.0241,124.52417,260.21573,3.406175604237836
N=c1[nH]c(=O)n(C=N[N+](=O)[O-])c2nc3c(cc([N+](=O)[O-])c4c3cnn4[N+](=O)[O-])nc12,1.7955889,6.963962,22.133535,4.280581,2.3750463,558.5426,181.0726,145.16142,4.3384038638826565
Nc1nnc2ncc([N+](=O)[O-])nc2c1[N+](=O)[O-],1.7823883,7.3644743,24.534447,4.91162,2.8935273,590.3719,327.22687,261.91992,3.3619618995663085
O=[N+]([O-])c1coc2nc3c(cc([N+](=O)[O-])n4nnnc34)nc12,1.8099445,7.0826716,22.820852,4.8000565,2.4870772,518.3206,389.62582,276.71002,3.631716905573854
O=[N+]([O-])c1cc2c(ncn3nnnc23)[nH]1,1.7218972,6.6551466,19.543484,4.2181425,2.4309843,578.715,394.90555,296.0016,3.5011953728289615
O=[N+]([O-])c1cc2cnnc([N+](=O)[O-])c2[nH]1,1.7261996,7.0788703,22.137707,5.0380697,2.8222609,561.3733,209.94028,286.3637,3.5205537567026033
O=c1[nH]c2cc([N+](=O)[O-])c3[nH]nnc3c2n1[N+](=O)[O-],1.8318385,7.291369,24.465937,4.460355,2.5500426,575.04114,105.401825,156.62375,3.6991980559505535
Nc1c([N+](=O)[O-])c([N+](=O)[O-])cc2nnnnc12,1.8006227,7.519352,25.733297,5.1987367,3.0609558,590.0417,379.76004,242.0261,3.303419759098081
O=[N+]([O-])c1cccc2c1Oc1cccc([N+](=O)[O-])c1N2c1nc([N+](=O)[O-])c([N+](=O)[O-])c2nnnn12,1.7377323,6.719072,20.039566,4.7268186,2.405243,508.9695,275.726,241.49106,3.52421969324135
O=c1oc2cc([N+](=O)[O-])cnc2c2c([N+](=O)[O-])cc([N+](=O)[O-])nc12,1.7816545,6.7453704,20.532574,4.443478,2.1415176,482.86526,-162.65657,234.72498,3.182821916416053
O=c1c2cnccc2c([N+](=O)[O-])nn1[N+](=O)[O-],1.7467011,7.013923,22.044407,4.8958426,2.6388736,539.4097,106.34512,148.51476,3.324872267459285
O=[N+]([O-])N=Cn1nnc2c3nc([N+](=O)[O-])nnc3c([N+](=O)[O-])cc21,1.8190147,7.71028,27.20187,5.466728,3.1241639,570.89856,583.48285,189.24046,4.062628608185823
COc1nc2nonc2c2c1nc([N+](=O)[O-])n2[N+](=O)[O-],1.763366,7.565327,25.730965,5.469343,3.172106,580.6139,268.61212,133.07187,3.7022598513354943
O=c1[nH]c2ccc([N+](=O)[O-])c([N+](=O)[O-])c2n1O,1.7831372,7.053121,22.41946,4.5193853,2.4822497,553.1262,-181.04315,236.79733,2.9746696587636325
O=[N+]([O-])c1ncc2c([N+](=O)[O-])onc2n1,1.8129915,7.8213077,27.898016,5.750959,3.1991966,555.3382,227.129,252.27652,3.730485088785155
O=[N+]([O-])c1nc2c(c([N+](=O)[O-])cn2[N+](=O)[O-])c2nccnc12,1.7787036,7.185159,23.464285,5.0817776,2.7192667,534.4822,298.4888,144.25533,3.6137033571867576
O=c1c2c([N+](=O)[O-])cc([N+](=O)[O-])cc2nc([N+](=O)[O-])n1[N+](=O)[O-],1.8412757,7.8031163,28.015728,5.4632244,3.0002825,547.5473,-28.815733,132.28546,3.312483619127681
O=c1c2c(cc([N+](=O)[O-])n3ncnc23)nc2n1-c1nonc1C(C=[N+]([O-])[O-])n1cnnc1-2,1.7458804,6.645501,19.699577,4.324637,2.285032,529.52496,471.43045,263.2747,4.602101499705828
O=[N+]([O-])c1nc2c(O)c3occc3c([N+](=O)[O-])c2o1,1.7717078,6.673033,19.96235,4.294128,2.088388,486.64465,-306.30704,274.96597,3.6889066358322093
O=[N+]([O-])c1nc2c(nnc3c([N+](=O)[O-])cccc32)c([N+](=O)[O-])c1[N+](=O)[O-],1.7807165,7.2125993,23.505583,5.3885293,2.7425394,506.97833,300.6233,210.67116,3.138673885068056
Nc1c([N+](=O)[O-])c(=O)n([N+](=O)[O-])c2ncc([N+](=O)[O-])cc12,1.8361919,7.4519987,25.681742,4.8398438,2.7398748,567.16846,-40.223766,143.2256,3.3473068372153856
O=c1n([N+](=O)[O-])c2cc3c([N+](=O)[O-])cc([N+](=O)[O-])cc3nc2n1[N+](=O)[O-],1.8402265,7.5388803,26.259407,5.1607556,2.7741253,537.8879,22.884935,144.36145,3.482163937624195
O=c1[nH]nnc2[nH]c([N+](=O)[O-])nc12,1.8026112,7.3144403,24.331152,4.200042,2.582396,617.48785,128.29126,279.68393,3.704932057701134
O=c1c([N+](=O)[O-])nn(C=N[N+](=O)[O-])c2nc3nc([N+](=O)[O-])ccc3nc12,1.7869592,7.1713357,23.31774,4.7532496,2.5799487,543.8286,253.9693,188.3542,3.9383174634614946
O=c1c2c(nc3nc[nH]n13)c([N+](=O)[O-])cc1nnn([N+](=O)[O-])c12,1.7755945,6.9820905,22.106129,4.4923234,2.4628446,550.4384,300.82773,131.59961,3.7592984268199876
O=[N+]([O-])c1nn([N+](=O)[O-])c2ccn3ncnc3c12,1.7380229,7.106391,22.5256,5.07216,2.8457248,562.77466,382.73166,136.02066,3.597904656761145
O=[N+]([O-])Nc1[nH]nc2c([N+](=O)[O-])cn3cc([N+](=O)[O-])nc3c12,1.8055677,7.449032,25.361015,4.9807167,2.898541,583.48425,248.72217,181.72673,3.8179664341098345
O=c1cc([N+](=O)[O-])nc2c3cnc([N+](=O)[O-])nc3cnn12,1.7544309,6.664586,19.92757,4.227521,2.206336,524.3433,156.34552,258.11847,3.38721709523323
Nc1ccc([N+](=O)[O-])c2nc([N+](=O)[O-])c([N+](=O)[O-])nc12,1.7488936,7.106298,22.525951,4.9040103,2.715523,555.28864,119.56192,226.70032,3.18922493907794
O=[N+]([O-])c1cc([N+](=O)[O-])c2nc3nnn4cc([N+](=O)[O-])nc4c3c([N+](=O)[O-])c2c1,1.7878306,7.179414,23.33062,5.1189923,2.6517823,517.84515,372.22958,231.61644,3.4801243178211276
O=[N+]([O-])c1ncc2c([N+](=O)[O-])c3n[nH]nc3cc2n1,1.7457725,6.829986,20.85996,4.681739,2.5050123,536.81946,345.571,246.48657,3.39651831943163
O=[N+]([O-])c1ccc2cc([N+](=O)[O-])c3nnnn3c2c1[N+](=O)[O-],1.756742,7.170235,22.971304,5.3481865,2.8185976,526.6356,375.41354,225.9165,3.0859364341098336
O=c1nc2c(cnc3ncnn32)c([N+](=O)[O-])[nH]1,1.7377487,6.3571024,18.004597,3.4721918,1.9243674,557.625,128.91821,270.97507,3.363081004917479
O=[N+]([O-])c1cnc2nc3nc([N+](=O)[O-])oc3nc2c1,1.7650211,6.808481,20.831297,4.476714,2.2761326,508.7923,144.35516,270.3392,3.511376084308262
O=c1nc(-c2ncnc3c2ncn3[N+](=O)[O-])c([N+](=O)[O-])c(N[N+](=O)[O-])[nH]1,1.8210658,7.396863,25.185257,4.5827312,2.6695268,584.4667,163.99518,161.50171,3.83183468989703
O=[N+]([O-])c1cnc2c(c1)nc([N+](=O)[O-])n1nnnc21,1.7789209,7.2528815,23.740406,5.062441,2.801409,554.12445,492.1237,263.13834,3.2217380581834423
O=[N+]([O-])N=Cc1c([N+](=O)[O-])ncn2nnnc12,1.810183,7.9087315,28.487051,5.6605287,3.4579515,611.8577,526.758,185.19525,3.8487277929698527
O=[N+]c1cc2c([N+](=O)[O-])c3c(=O)[nH]ncc3c([N+](=O)[O-])c2[nH]1,1.7696766,6.776345,20.670393,4.457997,2.322356,523.0519,73.672134,246.41023,3.910151818725218
O=[N+]([O-])c1cn2c(ncn3c([N+](=O)[O-])c([N+](=O)[O-])cc32)n1,1.7929612,7.2960806,24.105879,4.9910054,2.7515829,552.65826,214.54498,251.26694,3.6525448350070677
O=c1c2cc3nc([N+](=O)[O-])ncc3c([N+](=O)[O-])c2ncn1[N+](=O)[O-],1.8066527,7.100697,23.15352,4.7054276,2.4682007,524.50183,97.50235,158.95175,3.651688898664574
O=c1c2c([N+](=O)[O-])c3cccc([N+](=O)[O-])c3nc2n(C=N[N+](=O)[O-])c(=O)n1[N+](=O)[O-],1.8057647,7.1870456,23.547852,4.6766925,2.4949303,534.5618,-98.71359,162.83847,3.8716830711997297
O=[N+]([O-])c1cc2[nH]c([N+](=O)[O-])nc2cn1,1.7264172,6.8815594,20.960608,4.490323,2.515355,562.1718,92.82724,274.58096,3.2628059143011034
O=c1[nH]c2c(cc([N+](=O)[O-])c3[nH]nnc32)c2c1cnn2[N+](=O)[O-],1.7850841,6.7441196,20.649914,4.2008452,2.2456868,537.0937,197.21231,149.23296,3.717136888358449
O=[N+]([O-])c1c[nH]c2c1nnn1cnc3c1-n32,1.71868,6.528633,18.837193,4.1815853,2.3568199,564.6093,401.15042,304.9364,3.7204471375556896
Nn1cnc2nc([N+](=O)[O-])nc([N+](=O)[O-])c21,1.7747755,7.538959,25.651031,5.036155,3.0966728,617.0939,273.21164,255.58615,3.5625037526291905
Nc1c([N+](=O)[O-])oc2nc3cc([N+](=O)[O-])cc([N+](=O)[O-])c3c([N+](=O)[O-])c12,1.7900255,7.170499,23.221222,4.9553804,2.5748136,520.5789,-65.11843,230.4514,3.372747215216169
O=c1[nH]c2c([N+](=O)[O-])ccc([N+](=O)[O-])c2n2cc([N+](=O)[O-])nc12,1.7943544,6.858061,21.295256,4.311742,2.2470655,523.8442,-87.72156,239.8459,3.1383601203683753
O=[N+]([O-])c1nc2cc3coc([N+](=O)[O-])c3nc2o1,1.7635033,6.8575425,21.066656,4.6802297,2.3044436,492.77905,-41.707775,273.29276,3.918240964453453
Nc1cc2c([N+](=O)[O-])c([N+]=O)n3nnc([N+](=O)[O-])c3c2nn1,1.7721423,7.420312,24.759619,5.2573915,3.0247176,575.9714,525.4576,238.15402,3.9899241264175256
O=c1[nH]c2nc3c(C=N[N+](=O)[O-])c([N+](=O)[O-])cnc3c([N+](=O)[O-])c2[nH]1,1.8174431,7.0835543,22.974367,4.312904,2.3695228,552.17566,26.007784,203.71504,3.8355399239594465
O=[N+]([O-])c1c[nH]n2c([N+](=O)[O-])cnc12,1.780945,7.4862914,25.27126,5.1610417,3.0608819,593.3831,172.2597,303.7903,3.4204518407528663
O=[N+]([O-])c1cn2nccc2c([N+](=O)[O-])c1[N+](=O)[O-],1.7377281,7.3741956,24.100357,5.6363134,3.0829592,547.1633,186.09097,223.59277,3.101668310607299
O=c1nc([N+](=O)[O-])[nH]c2ncn(C=N[N+](=O)[O-])c12,1.7973017,7.2739687,24.009867,4.330727,2.5885475,600.7243,48.569355,180.6142,4.094343526462872
O=[N+]([O-])c1cc2cnnnc2n1[N+](=O)[O-],1.7585018,7.7099032,26.72905,5.9166527,3.4700215,585.84436,432.5245,122.41109,3.6101147323123595
O=c1nc(C=N[N+](=O)[O-])[nH]c2nc(C=N[N+](=O)[O-])nc([N+](=O)[O-])c12,1.7878084,7.4444346,25.05665,4.8246856,2.8077424,583.5738,160.78952,178.34225,4.326812448960432
O=[N+]([O-])c1cc2ncnnc2c([N+](=O)[O-])c1[N+](=O)[O-],1.7984167,7.6075206,26.293499,5.624454,3.0721352,545.1944,303.11673,213.75699,3.104763875651214
O=[N+]([O-])c1ccc2nc3nc4c([N+](=O)[O-])ccc([N+](=O)[O-])c4c([N+](=O)[O-])c3nc2c1[N+](=O)[O-],1.7875731,6.988269,22.13234,5.0021906,2.4581938,490.73444,181.15985,221.5625,3.290677346175995
O=[N+]([O-])c1ccc([N+](=O)[O-])c2c([N+](=O)[O-])c3c([N+](=O)[O-])ccc(O)c3nc12,1.7650604,6.758501,20.553852,4.7181993,2.3198485,491.6999,-126.7998,220.9994,3.0053432695303286
O=[N+]([O-])c1c2nnn([N+](=O)[O-])c2nc2ccoc12,1.7762067,7.3338776,24.30532,5.3345084,2.8738658,539.0706,295.77502,131.62654,3.6109283490688373
O=[N+]([O-])c1ccc2c(c1)c([N+](=O)[O-])nn2[N+](=O)[O-],1.7642418,7.4515624,24.957314,5.622969,3.0974128,549.9775,181.2637,130.53358,3.187367349068838
O=c1oc2c(c([N+](=O)[O-])nn2[N+](=O)[O-])c2cc([N+](=O)[O-])ccc12,1.80026,7.0328465,22.515995,4.727542,2.3853402,504.44122,-137.45265,151.82085,3.3321258771921958
Nc1nnc2c3nc([N+](=O)[O-])ccc3c(N[N+](=O)[O-])c([N+](=O)[O-])n12,1.763613,7.2270007,23.511934,4.832106,2.8251164,585.8217,305.0758,137.56644,3.5332915022148708
Nc1c([N+](=O)[O-])c2nc([N+](=O)[O-])ncc2n2c([N+](=O)[O-])cnc12,1.8022875,7.1837163,23.51002,4.675197,2.6125064,560.15845,214.01138,265.0072,3.6571330732219725
O=[N+]([O-])c1ccc(N2Cc3nnc([N+](=O)[O-])n3-c3nonc32)c([N+](=O)[O-])c1,1.7273282,7.1230555,22.406937,5.287215,2.9071105,549.6728,419.43393,249.24643,3.285684115684176
O=[N+]([O-])c1cnc2nc([N+](=O)[O-])nn2c1,1.7690865,7.4563265,24.97385,5.118553,2.975294,582.75165,261.1896,270.03278,3.1071278655206145
O=[N+]([O-])c1ccc([N+](=O)[O-])c2nc3c(cc([N+](=O)[O-])c4c3cc([N+](=O)[O-])n4[N+](=O)[O-])nc12,1.7934892,7.17237,23.425264,5.19565,2.640749,506.88345,183.587,131.25381,3.5491980572438804
O=[N+]([O-])c1ccc2n[nH]c([N+](=O)[O-])c2n1,1.7295712,7.0035443,21.691635,4.867891,2.7076175,557.8526,180.56485,279.90732,3.255747752950258
O=[N+]([O-])c1cnc2nc3c(nnn4cc([N+](=O)[O-])nc34)nc2n1,1.7733252,6.9795403,22.065422,4.630181,2.502211,539.6549,580.84863,272.66556,3.7428474652815265
N=c1c2cnn([N+](=O)[O-])c2ccn1[N+](=O)[O-],1.7690251,7.3210797,24.207003,5.0901628,3.0291672,596.65607,241.57266,147.28851,4.094463323291087
O=c1[nH]c2c([N+](=O)[O-])ccc([N+](=O)[O-])c2c(O)c1NC=N[N+](=O)[O-],1.7902232,6.923094,21.715733,4.163918,2.3239791,560.64746,-312.3553,206.50615,3.51334362129771
O=[N+]([O-])N=Cc1c([N+](=O)[O-])c2nnc([N+](=O)[O-])cc2c2[nH]nnc12,1.778272,7.3916874,24.661242,5.2903485,2.9594915,559.3006,489.13046,192.09424,4.12631042636764
CN1C(=O)NC2C1N1C(N2[N+](=O)[O-])N1[N+](=O)[O-],1.7273027,7.474418,24.738485,4.591215,3.2355118,708.3261,-72.92725,162.24295,5.43355120322889
O=[N+]([O-])N=Cc1c([N+](=O)[O-])nnn2cc([N+](=O)[O-])c([N+](=O)[O-])c12,1.839362,8.220224,30.968866,6.1726766,3.6092436,583.0442,381.4645,185.27132,3.9729546531755995
NC1=C([N+](=O)[O-])c2nc([N+](=O)[O-])cn2C=NN1,1.7578473,7.269378,23.635399,4.691639,2.9345994,628.72296,209.8428,290.96643,4.06311909020176
Nn1c(=O)n([N+](=O)[O-])c2c3nc[nH]c3ncc21,1.7195385,6.4769096,18.772638,3.713665,2.2060723,597.4542,117.74805,159.5374,3.6984204279944013
O=c1[nH]c(=O)c2nc3c([N+](=O)[O-])cc([N+](=O)[O-])cc3nc2[nH]1,1.7668266,6.2706194,17.637535,3.3638906,1.7142959,515.2922,-246.15814,253.35693,2.8613541264175257
Nc1oc([N+](=O)[O-])c2c([N+](=O)[O-])cnnc12,1.76967,7.334452,24.149122,5.053723,2.861012,567.60077,97.05417,249.21727,3.6316894413590655
O=[N+]([O-])N=c1[nH]c([N+](=O)[O-])nc2[nH]ccc12,1.7243404,6.9834995,21.521017,4.459356,2.6649327,600.4566,122.04697,187.59428,3.7942341396839963
O=[N+]([O-])Nn1c([N+](=O)[O-])nc2cc3[nH]c(O)cc3nc21,1.7317325,6.766337,20.387867,4.23445,2.4102798,573.3901,56.98937,149.93913,3.6959686625243044
O=[N+]([O-])n1ncc2c1ncn1nnnc21,1.7850418,7.4277415,25.12018,5.1558733,3.0938234,602.6563,609.7171,136.91017,3.5237388433119667
Nc1nc(=O)c2cnn([N+](=O)[O-])c2[nH]1,1.7418115,6.7374043,20.279705,3.6462178,2.2743092,627.5351,0.8358637,168.00418,3.3558340269876847
O=[N+]([O-])c1nc2c([nH]c3c([N+](=O)[O-])cccc32)c([N+](=O)[O-])c1[N+](=O)[O-],1.7688626,7.0049024,22.054556,4.973377,2.535146,510.40765,66.640564,218.23819,3.12871139691143
O=c1c2c(C=N[N+](=O)[O-])nn([N+](=O)[O-])c2ccn1[N+](=O)[O-],1.813351,7.774315,27.577852,5.5147963,3.189328,579.0863,175.21173,137.12868,4.4072265874651375
O=[N+]([O-])c1cn2cc([N+](=O)[O-])[nH]c2n1,1.7531502,7.252502,23.415668,4.7173195,2.7951767,595.2844,74.48366,290.61716,3.748252245611166
O=[N+]([O-])c1cnc2c(c1)Oc1cc([N+](=O)[O-])c([N+](=O)[O-])cc1O2,1.7703024,6.743501,20.44459,4.6172915,2.2408879,484.33652,-199.77576,241.91954,3.0058166960507577
O=c1nc(C=N[N+](=O)[O-])n([N+](=O)[O-])c2[nH]cnc12,1.7791682,7.387663,24.63791,4.710271,2.8085527,599.3781,134.0127,145.57918,3.998754201502118
O=c1c([N+](=O)[O-])cnc2[nH]c(O)cn12,1.7679302,6.324035,17.935812,3.1972058,1.776043,561.0348,-260.14218,285.24817,3.421942124153677
O=[N+]([O-])c1cnc([N+](=O)[O-])c2nc3c(nc12)c1cccnc1n3[N+](=O)[O-],1.7388122,6.6882625,20.098196,4.6825805,2.3805542,508.3452,367.63766,147.91718,3.503975643309814
O=[N+]([O-])c1ccc([N+](=O)[O-])c2c1ncc1c2c([N+](=O)[O-])nn1[N+](=O)[O-],1.7997499,7.4592366,25.381088,5.515337,2.9346435,529.8994,247.14322,147.67111,3.448989468093978
NN=c1[nH]cc([N+](=O)[O-])c2c1ncn2[N+](=O)[O-],1.7659535,7.3796263,24.598188,4.925477,3.0796647,628.0681,264.47305,139.10667,4.125038488195072
O=[N+]([O-])c1ccc2nc3nc([N+](=O)[O-])c([N+](=O)[O-])nc3c([N+](=O)[O-])c2c1,1.7679293,7.0851793,22.551311,5.1023464,2.5905988,507.40417,200.4748,220.95564,3.2026688301230006
O=[N+]([O-])N=c1[nH]c([N+](=O)[O-])nc2cncnc12,1.7755898,7.2733307,23.906147,4.738103,2.8004062,593.1447,275.05054,167.64835,3.808243995915843
O=[N+]([O-])c1ncnc2nn[nH]c12,1.6809145,6.9600453,21.116041,4.62173,2.788463,604.58765,339.39944,275.87277,3.5501474437607783
Nc1nc2ncc([N+](=O)[O-])c([N+](=O)[O-])n2n1,1.7778752,7.490711,25.269953,4.8167615,2.9727335,619.7311,247.30176,239.17355,3.1424275451157744
O=[N+]([O-])c1oc2nc3c([N+](=O)[O-])cccc3c([N+](=O)[O-])c2c1[N+](=O)[O-],1.7879695,7.141219,23.038424,5.1933794,2.5636935,491.91183,-18.451445,231.47032,3.2431591581054597
O=[N+]([O-])Nn1c2ncc([N+](=O)[O-])cc2c2nc([N+](=O)[O-])cnc21,1.7606119,7.1327596,22.939075,4.9539366,2.738491,554.43207,294.81958,147.84982,3.5220166960507573
Nn1nnc2cnc([N+](=O)[O-])c([N+](=O)[O-])c21,1.771344,7.7497573,27.018084,5.6074615,3.4469585,616.30786,407.55112,230.78862,3.497149906475345
O=[N+]([O-])c1c2nccnc2c([N+](=O)[O-])c2c1nnn2[N+](=O)[O-],1.811175,7.60256,26.48411,5.5599813,3.049733,547.193,457.64993,121.789856,3.5823672033406027
Nc1nc([N+](=O)[O-])c2c(n1)c([N+](=O)[O-])c([N+](=O)[O-])c1c3cccc([N+](=O)[O-])c3n([N+](=O)[O-])c21,1.7604581,7.097703,22.60084,4.9862475,2.6474295,531.9031,141.6083,130.00441,3.6858443670764416
Nc1nc([N+](=O)[O-])nc2ncnc([N+](=O)[O-])c12,1.7610602,7.0628777,22.480793,4.3235497,2.548987,592.1563,160.6662,244.53038,3.2731960132786835
O=[N+]([O-])c1nn2cnnc2c2cn[nH]c12,1.7146772,6.8030334,20.412643,4.606028,2.6724136,581.2292,484.99368,296.46136,3.31564081111161
O=[N+]([O-])C1=Cc2n[nH]c3c2c(nc2n[nH]nc23)N1,1.7207304,6.3024993,17.602892,3.7329793,2.1074245,566.1588,373.40134,298.61957,4.225858621258186
O=[N+]([O-])c1ccc2nc3c(nc([N+](=O)[O-])c4nc([N+](=O)[O-])nn43)nc2c1,1.7793002,6.901414,21.527279,4.633153,2.3911214,517.2388,384.03067,250.0148,3.2763275663867386
O=c1c2nc([N+](=O)[O-])n(N[N+](=O)[O-])c2ncn1C=N[N+](=O)[O-],1.8257179,7.968024,29.06847,5.276415,3.2530677,619.33563,185.18591,128.06279,4.254261557969025
O=c1c2cc([N+](=O)[O-])oc2oc2cc(O)cc(O)c12,1.6853601,5.442515,12.894762,2.8651218,1.2595254,445.7413,-735.459,296.20612,3.026621132873629
Nc1nc2nc([N+](=O)[O-])cnc2n1[N+](=O)[O-],1.8051586,7.558344,26.141245,4.7768297,2.9520912,620.76855,235.03815,155.14687,3.6532604610370623
O=c1c2c(ncn1[N+](=O)[O-])Oc1c(cc([N+](=O)[O-])cc1[N+](=O)[O-])O2,1.8314238,7.222392,24.047447,4.693084,2.425456,515.4339,-270.03647,157.10718,3.532922981504811
O=[N+]([O-])n1ncc2nc3c(cnn3[N+](=O)[O-])cc21,1.766653,7.248028,23.764898,5.245234,2.939532,561.261,429.94333,140.8982,3.7889289644534534
O=c1[nH]cnc2c1c([N+](=O)[O-])nn2C=N[N+](=O)[O-],1.8022186,7.367874,24.669638,4.5166483,2.6955729,599.8444,98.7077,191.10933,4.011975865552353
NN=c1c2c([N+](=O)[O-])c3[nH]c4cc([N+](=O)[O-])ccc4c3nc2nc([N+](=O)[O-])n1[N+](=O)[O-],1.7769539,7.027239,22.375755,4.724297,2.575037,546.87695,243.01602,141.47128,3.712064692613386
O=[N+]([O-])c1cn2c(n1)c1c([N+](=O)[O-])ccc([N+](=O)[O-])c1n1ncc([N+](=O)[O-])c21,1.7674078,7.0266747,22.18635,4.9693646,2.5845914,519.7027,233.17966,240.19084,3.456989933326632
Nc1cn2nnnc2c2[nH]c([N+](=O)[O-])nc12,1.7238566,6.7404075,20.122803,4.035773,2.4980156,620.566,379.59952,293.81815,3.7540346291944857
O=c1[nH]cc2nn[nH]c2c1[N+](=O)[O-],1.7516332,6.802886,20.598118,3.9993076,2.3326504,587.2413,62.13361,294.53165,3.526801288470365
O=[N+]([O-])N=CN=c1nc[nH]c2nc([N+](=O)[O-])n([N+](=O)[O-])c12,1.7955867,7.8530955,27.968401,5.3403044,3.2981534,618.6323,322.4913,141.02727,4.589523782375489
O=c1c2c([N+](=O)[O-])cccc2[nH]c2c([N+](=O)[O-])cc([N+](=O)[O-])c([N+](=O)[O-])c12,1.7469355,6.6789193,19.892056,4.676092,2.278287,487.77023,-141.25702,223.99518,2.9493298079918677
O=[N+]([O-])c1c2nn[nH]c2c([N+](=O)[O-])c2nc[nH]c12,1.804293,7.153003,23.2887,4.5659866,2.5750353,566.1304,267.19064,294.20877,3.611831118299607
N=c1[nH]cc([N+](=O)[O-])c2nc([N+](=O)[O-])cnc12,1.7658048,6.842602,21.087027,4.274422,2.4152243,568.47687,123.34769,277.742,3.6678174179609577
O=[N+]([O-])c1cc([N+](=O)[O-])c2nc3nc([N+](=O)[O-])ncc3c([N+](=O)[O-])c2c1,1.7954237,7.1349883,23.145163,4.996032,2.5549371,511.0195,160.01016,234.09491,3.255280258694431
O=[N+]([O-])c1ncc2c([N+](=O)[O-])c3cnn([N+](=O)[O-])c3cc2n1,1.7861203,7.224807,23.752525,5.143971,2.765489,536.9025,290.51328,140.90134,3.656811049494449
O=[N+]([O-])c1ccc([N+](=O)[O-])c2nonc12,1.785598,7.576191,25.89286,6.0386515,3.2049892,529.0458,260.3297,270.48944,2.563369141317988
Nc1cc(=O)[nH]c2nnc([N+](=O)[O-])n12,1.7326095,6.662388,19.553354,3.5494268,2.204931,624.51166,8.8587675,291.69937,3.5839894925747293
O=[N+]([O-])c1cc2c3nncn3c([N+](=O)[O-])cn2n1,1.7263954,7.0400076,21.871574,4.9710846,2.7858508,561.7789,375.6307,276.75793,3.4844963490688388
O=[N+]([O-])c1cncc2nnc([N+](=O)[O-])n12,1.7549752,7.55141,25.486809,5.5118275,3.1969872,580.9865,344.71878,247.371,3.3609785221810267
Nc1ncc([N+](=O)[O-])n2c([N+](=O)[O-])ncc12,1.73246,7.025406,21.88807,4.5773683,2.714675,595.45154,149.8028,257.04935,3.311311981609512
Nc1c([N+](=O)[O-])[nH]c2ncn3nnnc3c12,1.7593906,6.805354,20.746155,3.9444888,2.4430714,621.4361,370.3444,316.60126,3.6584007830406398
O=[N+]([O-])c1cc([N+](=O)[O-])c2n[nH]c([N+](=O)[O-])c2c1,1.808163,7.487212,25.492502,5.343072,2.9278738,548.4601,108.53226,261.31296,3.0432952336842227
O=[N+]([O-])c1ccc2c([N+](=O)[O-])cc3c(nnn3[N+](=O)[O-])c2n1,1.7752987,7.2083287,23.513796,5.2236733,2.7856357,533.1076,331.61597,136.33945,3.429706434109834
O=[N+]([O-])c1cc([N+](=O)[O-])c2nc([N+](=O)[O-])c([N+](=O)[O-])nc2c1,1.808953,7.6670675,26.731247,5.59704,3.0113692,536.9636,136.25446,215.39682,3.067116725887023
O=c1[nH]cnc2noc([N+](=O)[O-])c12,1.7619278,6.981745,21.790312,4.3675795,2.3989859,552.7654,-32.55586,276.54633,3.48307436539344
O=[N+]([O-])c1ccc2nc3nonc3c([N+](=O)[O-])c2n1,1.7491031,7.0831842,22.384357,5.3624706,2.734234,509.03677,371.7496,247.08047,3.223564183002021
O=c1[nH]c2cc3cc([N+](=O)[O-])n([N+](=O)[O-])c3nc2[nH]1,1.7729453,6.7085257,20.340488,3.953141,2.1620855,551.64594,-47.827396,158.28476,3.549297464234577
O=[N+]([O-])c1c2c[nH]nc2c(O)c2nn[nH]c12,1.7425334,6.49869,18.791016,3.8359883,2.1560552,563.92194,123.430664,308.80234,3.8906592445791013
O=c1c2cc([N+](=O)[O-])c3nc4ncncc4c([N+](=O)[O-])c3c2cnn1[N+](=O)[O-],1.7646787,6.6780944,20.249933,4.4972363,2.2501783,500.2037,207.18472,169.71364,3.523853298908417
O=c1c2ccc([N+](=O)[O-])c([N+](=O)[O-])c2ncn1[N+](=O)[O-],1.8161174,7.3654337,24.855473,5.041745,2.7043743,535.8457,-24.551573,158.55762,3.1646362598326565
O=[N+]([O-])N=Cn1nnc2c([N+](=O)[O-])cnc([N+](=O)[O-])c21,1.829911,8.053012,29.754427,5.8061905,3.4625225,595.7783,433.6528,179.36961,3.987551692827336
Nn1c([N+](=O)[O-])nc2oc([N+](=O)[O-])cc21,1.7828956,7.661857,26.395277,5.280504,3.1589785,599.62866,60.818714,280.83148,3.735497734188531
Nc1c([N+](=O)[O-])c2c(c([N+](=O)[O-])c3cccnn32)c2nc([N+](=O)[O-])[nH]c(=O)c12,1.7623969,6.4769135,18.836226,3.9574795,2.0451748,520.4539,6.814074,259.35983,3.572663617537156
O=[N+]([O-])N=Cc1nn([N+](=O)[O-])c2cc3c(ncn4nnnc34)c([N+](=O)[O-])c12,1.7905937,7.4030905,24.906412,5.308376,2.9600046,557.1667,625.8142,148.21442,4.147095807991867
O=[N+]([O-])c1ccc2nn3c([N+](=O)[O-])nnc3c([N+](=O)[O-])cc1-2,1.7348623,7.1344676,22.568724,5.369095,2.854245,531.0339,391.73563,251.62242,3.1394933571867574
O=[N+]([O-])c1cn2c(n1)c1c([N+](=O)[O-])c([N+](=O)[O-])ccc1n1ncc([N+](=O)[O-])c21,1.7722169,7.0476675,22.336205,4.9782043,2.5853384,519.795,228.7586,227.2731,3.4660573422335137
O=[N+]([O-])N=c1c2nccnc2ncn1[N+](=O)[O-],1.7454159,7.3107734,23.928114,5.134378,3.0129375,587.94086,369.426,125.1031,3.7761179730025853
CC1([N+](=O)[O-])OC(=O)c2c(c([N+](=O)[O-])c3nc([N+](=O)[O-])oc3c2[N+](=O)[O-])C1=O,1.7972935,7.34092,24.457212,4.821521,2.5527592,527.8227,-504.13705,125.36633,4.497146232020378
O=[N+]([O-])c1ncc2c([N+](=O)[O-])ncnc2n1,1.7616714,7.1107693,22.833189,4.7556663,2.6426845,557.3422,224.01834,241.33165,3.2996432305930874
O=c1c2nc3c(nc2cc([N+](=O)[O-])n1[N+](=O)[O-])c1cc([N+](=O)[O-])ccc1n3N[N+](=O)[O-],1.779412,7.0516753,22.517828,4.817404,2.5393329,528.7172,113.02817,148.06613,3.7044361211848145
O=[N+]([O-])c1ccc2nc3c(nc2c1)c([N+](=O)[O-])c([N+](=O)[O-])n3[N+](=O)[O-],1.7982476,7.4038224,24.976696,5.3827085,2.8477426,527.95874,216.92773,144.48268,3.2221688021927157
O=c1c2c([N+](=O)[O-])cc([N+](=O)[O-])cc2nnn1[N+](=O)[O-],1.8113593,7.6822767,26.940496,5.4969864,3.0410416,551.8401,129.1684,141.10988,3.247047000035849
O=c1[nH]c2nc3ccc(O)c([N+](=O)[O-])c3nc2c(=O)n1C=N[N+](=O)[O-],1.7481142,6.349589,18.023903,3.4524062,1.8284128,533.3445,-305.64044,197.90538,3.6769485212445154
O=[N+]([O-])Nc1ncnc2c1cc([N+](=O)[O-])c1nonc12,1.7719822,7.2685623,23.888273,5.2985754,2.9067585,548.94446,409.7841,128.56442,3.170882004182646
O=c1c2ccc3c(=O)n([N+](=O)[O-])ncc3c2oc2c([N+](=O)[O-])ccc([N+](=O)[O-])c12,1.7499398,6.3719907,18.274944,4.2908835,1.9910334,463.21857,-205.43205,176.61194,3.23554866056699
O=c1c2cccnc2nc([N+](=O)[O-])n1[N+](=O)[O-],1.7241253,6.82069,20.66774,4.583646,2.4594226,537.4925,44.710346,128.02145,3.1450558794994183
O=[N+]([O-])c1ccc(N=c2[nH]c([N+](=O)[O-])c([N+](=O)[O-])c3cc4cnn([N+](=O)[O-])c4nc23)nc1,1.7575696,6.8969593,21.4509,4.745464,2.521866,533.54987,297.62082,169.68376,3.9600696095288033
O=C(O)c1cc2c(cc1O)[nH]c(=O)n2C=N[N+](=O)[O-],1.7072778,5.7394433,14.512461,2.5279515,1.3674449,547.1167,-672.02576,202.98973,3.4066263190901287
Nn1nnc2c(=O)n3cc([N+](=O)[O-])c([N+](=O)[O-])nc3nc21,1.8250698,7.4418697,25.389011,4.6341867,2.7286365,590.4506,265.1791,225.64536,3.612471150796541
O=c1[nH]c2cc3nnc4c(cc([N+](=O)[O-])n4[N+](=O)[O-])c3nc2[nH]1,1.7727953,6.6722493,20.198063,4.0726886,2.1788428,537.95416,175.38464,152.36192,3.624146984512296
O=[N+]([O-])c1cn(O)c2nc3ncc([N+](=O)[O-])n3cc12,1.7536831,6.9282684,21.40141,4.6650205,2.5584552,549.50555,148.5444,293.81555,3.657273499737536
O=[N+]([O-])N=Cn1nc([N+](=O)[O-])c2c1nnn1c([N+](=O)[O-])cnc21,1.8424776,7.977627,29.327301,5.6218333,3.334157,592.5242,564.56177,188.50726,4.094985926819987
O=[N+]([O-])c1cc2n[nH]nc2c2nonc12,1.7712386,7.2191067,23.444233,5.4353833,2.9288056,540.18854,475.84457,274.5211,3.1509456411652756
O=[N+]([O-])c1cn2ncc3nnn([N+](=O)[O-])c3c2n1,1.7689031,7.5652976,25.810326,5.49472,3.202223,583.3621,513.3303,134.79282,3.7400880413765307
O=[N+]([O-])c1nc2c3cc([N+](=O)[O-])n([N+](=O)[O-])c3nnc3c4[nH]c(c(c1[N+](=O)[O-])N32)C=CC=C4,1.7272443,6.7938137,20.56826,4.8767986,2.5713956,526.95685,383.54788,157.40146,4.9527120641900115
Nc1nc2c([N+](=O)[O-])nccc2c(=O)n1[N+](=O)[O-],1.766356,6.943377,21.756683,4.2267447,2.4198165,574.3016,-6.4018073,174.22365,3.3884654259919156
Nc1n[nH]c([N+](=O)[O-])c2ncnc1-2,1.7053764,6.649527,19.441992,3.9025111,2.4668658,633.38196,211.13303,307.43573,3.3914397500088267
O=[N+]([O-])c1nccc2nc3ncnn3c([N+](=O)[O-])c12,1.7138833,6.717385,19.918903,4.611471,2.4719164,538.084,349.17612,225.23264,3.194738058183443
O=[N+]([O-])c1cc([N+](=O)[O-])c2cn[nH]c2c1[N+](=O)[O-],1.7910337,7.4659615,25.189697,5.4078946,2.9693522,548.85986,125.52957,239.82993,2.9794904259919157
O=[N+]([O-])c1cc2nc([N+](=O)[O-])n([N+](=O)[O-])c2cc1[N+](=O)[O-],1.8267343,7.9927564,29.25021,5.9290457,3.3388321,561.06824,149.94415,138.35272,3.3229350889636375
O=c1c([N+](=O)[O-])nn(C=N[N+](=O)[O-])c2ncc([N+](=O)[O-])nc12,1.8388704,7.80424,28.057783,5.2770777,3.0401993,576.3598,228.6777,185.26974,4.020137177264983
O=[N+]([O-])c1ccc2[nH]c3c([N+](=O)[O-])c([N+](=O)[O-])c([N+](=O)[O-])nc3c2c1,1.7725532,7.0008907,22.06892,4.9371305,2.5145802,509.97708,49.39844,220.20345,3.028097390022796
O=c1[nH]c2oc3[nH]c(=O)[nH]c3c2[nH]1,1.7465148,5.3110843,12.829215,1.6910915,0.9334157,556.95996,-484.0511,306.88498,3.814996090965167
O=[N+]([O-])c1nccc2[nH]c3c(O)nnnc3c12,1.6772926,6.0918856,16.178669,3.7125318,1.9783555,533.74023,155.61514,258.61777,3.453026197225171
O=[N+]([O-])c1cc2nc([N+](=O)[O-])n3ncnc3c2cn1,1.730239,6.7318316,20.169157,4.5174136,2.4253638,538.69305,323.17398,244.67001,3.28576998851726
O=[N+]([O-])N=Cc1nc(N[N+](=O)[O-])nc2nc([N+](=O)[O-])[nH]c12,1.8229995,7.8526173,28.288887,5.1233206,3.1637864,619.29675,279.1958,140.5412,4.156688154845124
O=[N+]([O-])c1cc2ncn([N+](=O)[O-])c2c([N+](=O)[O-])c1[N+](=O)[O-],1.8308995,8.0447855,29.63277,5.9939375,3.3877962,563.05786,168.87918,124.16518,3.3996880959566447
O=c1c([N+](=O)[O-])c[nH]c2c([N+](=O)[O-])c3nccnc3c([N+](=O)[O-])c12,1.7749072,6.7595987,20.652689,4.525438,2.2677817,502.23285,32.909184,243.64722,3.328129845410137
O=[N+]([O-])c1c2cccc([N+](=O)[O-])c2nc2nc3[nH]nc([N+](=O)[O-])c3nc12,1.7429047,6.616081,19.543877,4.474699,2.2579348,505.3732,299.28674,243.5258,3.326548720232891
O=c1cc([N+](=O)[O-])nc2cc([N+](=O)[O-])on12,1.7694507,7.296525,23.836733,5.005836,2.6918511,539.59064,-74.224045,265.3856,3.493443645294665
O=[N+]([O-])c1cccc2c1OC([N+](=O)[O-])c1nnc([N+](=O)[O-])n1-2,1.7419606,7.1400394,22.768316,5.0762835,2.7679698,545.4016,73.58795,150.0774,3.8794595050291933
O=[N+]([O-])N=Cc1nn2cc([N+](=O)[O-])nc2n2c([N+](=O)[O-])nnc12,1.7976534,7.8465605,27.933336,5.5542445,3.3141048,596.7069,529.07837,170.00224,4.241937575171635
O=[N+]([O-])c1cc2nc([N+](=O)[O-])n([N+](=O)[O-])c2c2nc[nH]c12,1.791145,7.3160567,24.289028,4.9913483,2.760173,554.15784,196.63425,146.49825,3.6364711507965426
Nc1nc2nc3cc([N+](=O)[O-])oc3nc2nc1[N+](=O)[O-],1.7788463,6.9004774,21.4688,4.291943,2.3190682,542.1107,121.06363,273.53693,3.63422236881801
O=c1[nH]c2cc([N+](=O)[O-])c([N+](=O)[O-])cc2[nH]1,1.7773304,6.631328,19.785353,3.795812,2.0499413,545.04266,-216.98328,248.12025,2.570516990554056
Nc1nc2nc([N+](=O)[O-])n([N+](=O)[O-])c2cc1N[N+](=O)[O-],1.8065828,7.8112144,27.735943,5.229823,3.2464132,622.56744,192.89288,143.69246,3.844615650253556
O=[N+]([O-])N=Cc1cnc([N+](=O)[O-])c2c1c([N+](=O)[O-])c1c([N+](=O)[O-])c3nc4ccccc4nc3c([N+](=O)[O-])n12,1.7260554,6.6661234,19.756567,4.7833524,2.3848033,498.27972,282.40292,208.8337,3.9562065290170016
O=[N+]([O-])N=Cc1nc([N+](=O)[O-])nc2ncc([N+](=O)[O-])nc12,1.8138423,7.641031,26.799538,5.248157,3.0106251,573.05396,340.1865,169.14784,3.9202420009989707
N=c1[nH]c(N[N+](=O)[O-])nc2c1ncn2[N+](=O)[O-],1.824387,7.622637,26.75815,4.607897,2.9756978,648.8283,211.66605,160.06854,4.185410728997747
O=[N+]([O-])N=c1c2cccnc2[nH]c2c1ncn1c([N+](=O)[O-])c([N+](=O)[O-])nc21,1.7398046,6.6865015,19.992315,4.4588413,2.37132,532.81274,306.78595,173.05373,3.7394170387610988
O=[N+]([O-])N=Cc1c([N+](=O)[O-])cn2nnnc2c1[N+](=O)[O-],1.8336557,8.131261,30.28051,6.0305657,3.5810297,592.86395,484.5377,183.23581,3.8316722056478474
O=[N+]([O-])c1cc2[nH]cc([N+](=O)[O-])c2nn1,1.7422636,7.1048822,22.486012,4.9615607,2.7818062,561.7154,193.80615,278.90717,3.250374769835812
O=[N+]([O-])c1nnc2c([N+](=O)[O-])ccc([N+](=O)[O-])c2n1,1.8020225,7.575024,26.103388,5.56427,3.0293858,543.265,285.2671,239.82779,3.0626009797236122
O=c1[nH]c2c(ncn2[N+](=O)[O-])c2nc3cc([N+](=O)[O-])cc([N+](=O)[O-])c3nc12,1.7956337,6.78001,20.985794,4.2638884,2.1896622,515.85114,79.216385,179.39194,3.4839933215053813
O=[N+]([O-])c1cnc2cc([N+](=O)[O-])n3cc([N+](=O)[O-])nc3c2n1,1.7657369,7.0095205,22.05027,4.795512,2.5330179,528.9428,223.57364,269.9455,3.560603357186757
O=C1C=C([N+](=O)[O-])c2cc([N+](=O)[O-])c([N+](=O)[O-])c([N+](=O)[O-])c21,1.8237356,7.532141,25.882408,5.550887,2.808781,503.58783,-88.10918,209.79373,3.184401899696879
Nn1c(=O)[nH]c(=O)c2c([N+](=O)[O-])c[nH]c21,1.7870635,6.4781137,18.971544,3.0769646,1.854325,607.7063,-289.07037,297.25275,3.29894927265007
O=[N+]([O-])c1nn([N+](=O)[O-])c2nc3cccnc3c([N+](=O)[O-])c12,1.7559775,7.1690164,23.137295,5.225224,2.7883577,533.6993,330.74893,139.3115,3.4020487418021403
O=[N+]([O-])c1nn([N+](=O)[O-])c2cnc3ccn4nnnc4c3c12,1.7475125,6.9848347,21.879673,5.039546,2.728347,541.1128,596.03516,153.01865,3.7435826623976745
O=[N+]([O-])c1cc2nc[nH]c2c([N+](=O)[O-])c1[N+](=O)[O-],1.7567546,7.2852364,23.710926,5.13536,2.8190324,550.1912,56.84763,220.45888,3.0103038875303767
O=c1c2ncnn1C([N+](=O)[O-])=CN2,1.7268617,6.840112,20.7237,4.2765193,2.5081592,588.60046,90.482086,294.31992,4.403057641159127
Nc1nnc2c(c3nc4c([N+](=O)[O-])cccc4c-3nn2[N+](=O)[O-])c1[N+](=O)[O-],1.7382711,6.800699,20.784878,4.767622,2.536917,533.36066,417.6647,146.47672,3.490504756016816
O=c1[nH]c2c3nc4cc([N+](=O)[O-])cc([N+](=O)[O-])c4nc3ncc2n1[N+](=O)[O-],1.8052924,6.820867,21.397982,4.255383,2.2015486,519.4032,78.10925,171.7656,3.448988747700807
O=[N+]([O-])Nc1[nH]ncc1[N+](=O)[O-],1.7887943,8.25119,30.748241,5.8362303,3.920006,672.8051,178.35748,153.21278,3.329273292177068
O=[N+]([O-])c1cc2c([N+](=O)[O-])ncnc2o1,1.747962,7.092941,22.41925,4.919764,2.603883,530.5761,9.743472,265.11935,3.282713981843316
Nn1c([N+](=O)[O-])cc2c1-c1cc([N+](=O)[O-])c([N+](=O)[O-])nc1C2=O,1.7569412,6.973042,21.749268,4.887894,2.5548499,523.71594,65.156235,227.69994,3.534671677135247
Nc1ncc([N+](=O)[O-])c2cnn([N+](=O)[O-])c(=O)c12,1.7845737,7.098669,22.918282,4.4867554,2.5778818,576.0066,46.30138,164.55196,3.332391387530376
O=[N+]([O-])c1ccc2nc([N+](=O)[O-])c([N+](=O)[O-])cc2n1,1.727769,7.0045686,21.75555,5.086478,2.6618552,523.55786,112.55469,228.47772,2.868456183343522
O=[N+]([O-])c1cc([N+](=O)[O-])c2nnnn2c1,1.7696594,7.6305013,26.07545,5.665412,3.2755485,578.8032,364.7341,273.81915,2.964708353325493
O=c1ncn2c([N+](=O)[O-])cc([N+](=O)[O-])c2n2cc([N+](=O)[O-])nc12,1.7813609,7.1541023,23.017578,4.737542,2.5569215,541.905,76.37813,264.50073,3.6559784826512525
Nc1cc2nc([N+](=O)[O-])n3nnnc3c2o1,1.7275403,6.8885117,20.953674,4.477427,2.5797496,578.838,292.7425,257.8873,3.6951084753483325
Nc1nc2cc([N+](=O)[O-])ncc2c(=O)n1[N+](=O)[O-],1.7704169,6.92635,21.687897,4.1379223,2.3831716,578.2775,-31.331999,172.85747,3.3609750413765305
Nc1nc(=O)c2ncn([N+](=O)[O-])c2[nH]1,1.7470818,6.699314,20.139704,3.489351,2.1885695,631.0121,-24.238066,171.74791,3.3338477921698715
O=[N+]([O-])N=Cc1nc2nc([N+](=O)[O-])n([N+](=O)[O-])cc2c2ncnc12,1.7771267,7.281589,24.040953,5.011715,2.7984266,559.4025,397.2994,145.85165,4.162503433360647
O=[N+]([O-])c1cnc2c([N+](=O)[O-])cncc2c1[N+](=O)[O-],1.7636224,7.1968226,23.324389,5.3030624,2.7969122,526.39545,161.6518,226.94038,2.949977450311847
Nc1[nH]c2nc[nH]c(=NN[N+](=O)[O-])c2c1[N+](=O)[O-],1.7745701,7.1890492,23.31559,4.2432885,2.7387364,650.20435,138.29407,177.88184,4.111894232899294
O=c1oc2cc([N+](=O)[O-])c([N+](=O)[O-])cc2c2ncc([N+](=O)[O-])n12,1.8038344,6.943592,21.889494,4.48253,2.243894,501.453,-206.70627,238.84752,3.16333679530634
N=c1[nH]c([N+](=O)[O-])nc2nc3nn[nH]c3nc12,1.7733079,6.827188,21.150297,3.7956746,2.3060317,609.63196,374.8906,273.81558,4.233499274148248
O=[N+]([O-])c1nc2occ(O)c2c2oc(O)cc12,1.7334881,5.9163136,15.515084,3.22088,1.5240029,476.33572,-508.54797,278.67734,3.6980492332317185
Nn1c([N+](=O)[O-])cc(=O)n2nc([N+](=O)[O-])cc12,1.7582234,7.2734294,23.533062,4.783564,2.8373418,596.72424,65.01523,280.07352,3.553337351071325
Nc1nc2c([nH]1)c([N+](=O)[O-])c([N+](=O)[O-])n1cnnc21,1.7849857,7.1337776,23.053263,4.428919,2.6246195,594.9901,278.64575,248.84555,3.537291251216825
O=[N+]([O-])Nc1c([N+](=O)[O-])nc2c3occc3nc([N+](=O)[O-])n12,1.7766424,7.4310036,24.904484,5.166442,2.8928788,560.624,148.31396,128.17139,3.8033956648790648
O=[N+]([O-])c1ccc2c([N+](=O)[O-])c3nc4nc([N+](=O)[O-])cc([N+](=O)[O-])c4nc3nc2c1,1.7549685,6.687465,20.07445,4.650631,2.2701237,488.30377,229.32956,235.97162,3.2710224379914745
O=[N+]([O-])c1cnn2c([N+](=O)[O-])c[nH]c12,1.800368,7.5231266,25.649645,5.101557,3.01896,592.9959,160.051,308.9736,3.473052650469466
O=[N+]([O-])N=Cc1nnc2nnc([N+](=O)[O-])nc2c1[N+](=O)[O-],1.8339272,8.168842,30.681585,6.0469356,3.5663424,587.4503,596.1132,191.58424,4.113842810715569
O=[N+]([O-])c1cnc2nc3ccnc([N+](=O)[O-])c3c(O)c2n1,1.6997336,6.2385745,17.116102,3.9487488,1.9885503,505.11118,36.97263,247.89609,3.29950409788575
O=[N+]([O-])c1cc2c(O)c3cc(O)oc3c(O)c2o1,1.7171454,5.7606144,14.593884,3.059908,1.4267563,470.20795,-726.3212,298.98007,3.4444022391787277
O=c1c([N+](=O)[O-])c([N+](=O)[O-])c2cc([N+](=O)[O-])ccc2n1[N+](=O)[O-],1.8298572,7.5987782,26.475418,5.442984,2.8958797,529.6496,-66.39722,143.72498,3.1607413114353715
O=[N+]([O-])c1ccc2c(O)c[nH]c2c1[N+](=O)[O-],1.7152219,6.364297,17.840424,4.1048,2.1326747,522.0798,-183.01813,250.76999,2.865272625616667
O=[N+]([O-])c1cnc2c([N+](=O)[O-])cc([N+](=O)[O-])n2c1,1.7835137,7.4073195,24.753101,5.3502483,2.9278326,547.596,122.67401,284.20715,3.1025279259919145
O=c1c2cccnc2c([N+](=O)[O-])nn1[N+](=O)[O-],1.736438,6.96925,21.668169,4.8707,2.6132836,536.7735,102.34064,147.08441,3.1700782875261746
O=[N+]([O-])N=Cc1cc2c(c(C=N[N+](=O)[O-])nn2[N+](=O)[O-])c2cc([N+](=O)[O-])nnc12,1.7649065,7.41366,24.696547,5.5149784,3.06043,555.00323,478.68082,143.1488,4.582812730674098
O=[N+]([O-])c1cnc2c(c1)nc([N+](=O)[O-])n2[N+](=O)[O-],1.8031971,7.781965,27.595238,5.6430717,3.2118487,569.035,230.19687,130.2799,3.335581772145761
O=[N+]([O-])c1cc2c([N+](=O)[O-])c3c([N+](=O)[O-])ccc([N+](=O)[O-])c3nc2o1,1.8012764,7.174847,23.409409,5.167018,2.5567887,492.9584,-36.720196,224.93097,3.2296891236622915
O=[N+]([O-])N=Cc1ncnc2c([N+](=O)[O-])[nH]nc12,1.7747787,7.404296,24.799479,5.074599,3.006506,593.6337,356.46854,188.87555,4.03570095172599
Nn1c([N+](=O)[O-])cnc1[N+](=O)[O-],1.7872139,8.227565,30.490538,5.820026,3.8925571,670.5246,160.67139,287.16013,3.360137094906598
Nc1cc2oc([N+](=O)[O-])nc2c2nc([N+](=O)[O-])cn12,1.7398604,6.688747,19.821321,4.1556635,2.2692804,548.13947,14.577655,286.9249,3.8674234997375354
O=[N+]([O-])N=Cc1c([N+](=O)[O-])nc2c3ccc([N+](=O)[O-])cc3[nH]c([N+](=O)[O-])c1-2,1.7542692,6.939345,21.586327,4.884106,2.5666234,526.2793,131.72867,178.99916,3.701403517159413
O=[N+]([O-])c1cn2c([N+](=O)[O-])nc3ncn4nnnc4c3c2n1,1.7982749,7.1740875,23.38883,4.680123,2.616133,559.89276,542.18646,268.94647,3.707846185970876
O=[N+]([O-])N=Cn1c([N+](=O)[O-])nc2nc([N+](=O)[O-])c3cc([N+](=O)[O-])cn3c21,1.8168656,7.6529636,26.73638,5.293339,3.0123947,569.2273,282.98996,172.8093,4.135676082870255
O=[N+]([O-])c1cnc2c(cnn2[N+](=O)[O-])n1,1.7901553,7.6681976,26.766962,5.526757,3.2258139,584.412,352.60526,132.43144,3.5429102294981014
Nc1nc2nc([N+](=O)[O-])cc([N+](=O)[O-])c2c2nnnn12,1.7738705,7.197551,23.326626,4.5961804,2.7022045,590.5458,399.08365,242.9204,3.3609068443424865
O=c1c2c([N+](=O)[O-])ncn2ccn1[N+](=O)[O-],1.7614666,7.2421637,23.618996,4.869393,2.7709222,570.2391,36.22295,162.2402,3.716286221323286
O=[N+]([O-])N=Cc1nc2nc3c([N+](=O)[O-])ccc3nc2c([N+](=O)[O-])n1[N+](=O)[O-],1.8019707,7.53051,25.813982,5.4057827,2.9672158,548.4577,360.74405,137.6851,3.8700060461372843
Nn1nc([N+](=O)[O-])c2nc([N+](=O)[O-])ccc21,1.7282646,7.197829,22.937075,5.0672765,3.0020118,594.2099,255.93417,280.63235,3.401917348335809
NC1=CC(=C2NN=Nc3[nH]nnc32)C=C([N+](=O)[O-])N1[N+](=O)[O-],1.7375106,7.1672273,22.953873,4.795962,2.981498,623.6081,489.43918,152.44667,4.705465854034172
N=c1c2c([N+](=O)[O-])cn([N+](=O)[O-])c2ncn1N,1.7831433,7.4101825,24.961859,4.8658643,3.0516875,630.0357,224.56442,151.12971,3.836214274148248
O=[N+]([O-])c1cc([N+](=O)[O-])c2c([N+](=O)[O-])ccn2n1,1.7352905,7.3404975,23.872934,5.5870066,3.05636,546.74176,171.59924,249.3619,3.0825865798380683
O=[N+]([O-])c1nnnc2c([N+](=O)[O-])c3ocnc3cc12,1.7600355,7.0208793,22.080685,5.0395994,2.58675,513.31647,270.38037,240.18524,3.569522093016536
O=[N+]([O-])Nn1c([N+](=O)[O-])c([N+](=O)[O-])c2cccnc21,1.729671,7.3942804,24.226364,5.516214,3.160325,573.98895,213.46289,130.22008,3.368647133569765
O=[N+]([O-])c1cnc([N+](=O)[O-])o1,1.7922046,8.183705,30.205738,5.9393964,3.5349965,594.8377,-44.40881,269.99512,3.63038760420174
Nc1nnnc2c([N+](=O)[O-])c([N+](=O)[O-])cc([N+](=O)[O-])c12,1.8150165,7.721701,27.21256,5.4704404,3.164322,578.5036,285.27838,227.78062,3.194781687989405
O=[N+]([O-])c1nc2ccccc2c2c1c([N+](=O)[O-])nn2[N+](=O)[O-],1.7007987,6.7663116,20.145395,5.0518265,2.6096172,516.3834,254.5604,145.11476,3.244084895648294
O=[N+]([O-])N=Cn1ncc2c3nnc([N+](=O)[O-])c-3cn(N[N+](=O)[O-])c21,1.7657304,7.6241417,26.081871,5.5105777,3.2999332,600.3798,531.20996,143.58174,4.347976859934074
O=[N+]([O-])c1cc([N+](=O)[O-])c2[nH]nc(O)c2c1,1.7602577,6.793214,20.582153,4.3045206,2.3380296,546.10626,-107.053185,291.43256,2.892214664972661
N=c1[nH]c(N)nc2nc([N+](=O)[O-])cc([N+](=O)[O-])c12,1.7333007,6.681546,19.818602,3.8261888,2.2876794,602.269,41.02167,253.21463,3.5249308106073
O=c1[nH][nH]c2[nH]c3nncc([N+](=O)[O-])c3c12,1.7386456,6.4479094,18.586462,3.768186,2.1172056,564.9197,115.18704,266.55048,3.7449146291944864
O=[N+]([O-])c1ncn2nn[nH]c12,1.7676357,7.708633,26.624475,5.210173,3.3799832,650.5561,387.72324,303.01004,3.774296117934947
O=c1[nH]cnc2[nH]nc([N+](=O)[O-])c12,1.7513946,6.6125817,19.515743,3.570827,2.0833032,587.61365,-27.679365,275.87778,3.1805012884703645
Nc1nnc2c([N+](=O)[O-])c([N+](=O)[O-])cn2n1,1.7834103,7.7238717,26.902721,5.342408,3.31841,622.17694,365.93515,269.00003,3.2427058993197093
O=[N+]([O-])c1cc([N+](=O)[O-])c2ncc3c(c([N+](=O)[O-])nn3[N+](=O)[O-])c2c1,1.8061968,7.4699125,25.49592,5.495567,2.9204996,530.38904,241.65253,145.44261,3.4013359663718195
O=[N+]([O-])NC1=NCC=[N+]([O-])N1N[N+](=O)[O-],1.7734184,8.497382,32.39635,6.1926546,4.4350824,719.934,253.23093,130.39706,4.848472349573148
O=[N+]([O-])c1cnnc2cnn([N+](=O)[O-])c12,1.7529191,7.690436,26.510971,5.932753,3.466983,583.1828,437.30972,120.658295,3.5817334940384384
O=[N+]([O-])c1ncnc2nc3ccn([N+](=O)[O-])c3c([N+](=O)[O-])c12,1.7499218,7.1069345,22.61663,5.1101832,2.7368298,535.40485,285.43158,130.23758,3.611312587955987
O=[N+]([O-])c1c2nc[nH]c2c([N+](=O)[O-])c2[nH]nnc12,1.7939432,7.1364403,23.096926,4.628834,2.5985847,563.85706,281.52258,260.45474,3.587641887530376
Nn1nc([N+](=O)[O-])c2nc3ccnc([N+](=O)[O-])c3nc21,1.7292489,6.9271927,21.328344,4.721094,2.6723943,567.3772,399.45175,250.94437,3.509642228957871
Nc1c([N+](=O)[O-])c2[nH]c(=O)[nH]c2c2c(N)nnnc12,1.7592553,6.2537937,17.56069,2.9836254,1.8224715,611.5808,21.335344,314.8973,3.555131487903216
O=[N+]([O-])c1cc2c(o1)c([N+](=O)[O-])cc1c2cnn1[N+](=O)[O-],1.7865118,7.2291374,23.69396,5.286593,2.7362945,516.00726,81.949554,142.18645,3.493756171039456
O=[N+]([O-])c1nc2nc([N+](=O)[O-])c3cnccc3c2o1,1.7125878,6.432997,18.274746,4.386484,2.1525369,490.65155,94.91736,247.08649,3.522118609707391
O=c1[nH]c2c([N+](=O)[O-])ccnc2n1[N+](=O)[O-],1.8243381,7.252016,24.22122,4.401459,2.5091934,572.84845,-57.51746,145.6972,3.2963162749905504
O=[N+]([O-])c1cc2nc3nc4c([N+](=O)[O-])ccc([N+](=O)[O-])c4nc3c([N+](=O)[O-])c2cc1[N+](=O)[O-],1.7914793,6.984949,22.168982,4.9650884,2.438712,490.3514,170.35892,230.8793,3.281454874265881
O=[N+]([O-])c1ccnn2c([N+](=O)[O-])nnc12,1.777085,7.642593,26.309326,5.641585,3.263357,578.9642,382.2806,266.93488,3.177668953700727
Nn1c(=O)n([N+](=O)[O-])c2c([N+](=O)[O-])cncc21,1.7799695,7.4058094,24.863392,4.919965,2.9448907,600.4522,93.04892,129.09264,3.4893711972251715
O=[N+]([O-])c1c2ccoc2c([N+](=O)[O-])c2c([N+](=O)[O-])occ12,1.7765062,6.973198,21.85927,5.1634464,2.4683774,474.98572,-120.042755,238.22018,3.5574994908775137
O=[N+]([O-])c1cc([N+](=O)[O-])c2c(c1)cc([N+](=O)[O-])c1nnc([N+](=O)[O-])nc12,1.767705,7.1329303,22.85689,5.2457514,2.6718006,508.26984,249.51584,228.52577,3.2342301488043192
O=[N+]([O-])c1cc([N+](=O)[O-])c2ncc3c(ncn3[N+](=O)[O-])c2n1,1.7836682,7.1897345,23.564266,5.0267863,2.7024643,537.0554,273.52243,148.86566,3.5475925879559878
O=[N+]([O-])N=Cc1nn2cc([N+](=O)[O-])nc2n1[N+](=O)[O-],1.8150126,8.275387,31.210234,6.0548573,3.7596917,621.0154,406.56186,137.81252,4.335195549859359
Nn1cnc2c([N+](=O)[O-])cc([N+](=O)[O-])nc2c1=NN[N+](=O)[O-],1.8033763,7.716878,27.127043,5.2696037,3.252237,618.91187,319.68945,158.9973,3.885672248972937
N=c1c2nc([N+](=O)[O-])n(N)c2ncn1[N+](=O)[O-],1.8389726,7.821076,28.298378,4.9559917,3.212562,651.1221,284.63965,151.3675,4.06260196645594
O=c1[nH]nc2cc([N+](=O)[O-])cc([N+](=O)[O-])c2c1[N+](=O)[O-],1.8205173,7.349728,24.668482,5.0117617,2.6726773,534.5128,-21.03549,225.32542,2.894385461574311
O=[N+]([O-])c1cc2c3c([N+](=O)[O-])c4cccc([N+](=O)[O-])c4nc3nc([N+](=O)[O-])n2n1,1.7515335,6.8430557,20.952799,4.8614845,2.4454107,503.27676,247.99966,227.52298,3.463889264267088
Nn1nc([N+](=O)[O-])c2cn3nc([N+](=O)[O-])cc3nc21,1.7512342,7.2051406,23.132263,4.8962374,2.899246,594.59283,379.2582,280.9693,3.7057057482582447
O=[N+]([O-])c1nc2c(nnn2[N+](=O)[O-])c2cnccc12,1.7331212,6.914416,21.384724,4.994181,2.6857207,538.1152,443.45908,133.42537,3.488104095919292
O=[N+]([O-])c1nc2cc([N+](=O)[O-])n3ncnc3c2[nH]1,1.760577,6.9442644,21.597221,4.4547596,2.4882135,561.3865,244.4273,281.24142,3.604833272145761
Nn1c([N+](=O)[O-])c([N+](=O)[O-])c2c1ncn1c([N+](=O)[O-])cnc21,1.8240063,7.5236754,25.922146,5.0795603,2.926979,578.5988,271.48947,257.2257,3.5921783767434716
Nn1nc([N+](=O)[O-])c2nc3cc([N+](=O)[O-])oc3nc21,1.7972524,7.353542,24.488438,4.913107,2.7767644,567.42365,218.38852,281.6472,3.7849723163055824
O=[N+]([O-])c1nnc2c([N+](=O)[O-])c3c(cc2n1)ncn3[N+](=O)[O-],1.8042543,7.572786,26.108213,5.436717,3.0097802,553.8183,426.8387,125.06238,3.748837203340603
O=c1c2nnc([N+](=O)[O-])c([N+](=O)[O-])c2ncn1C=N[N+](=O)[O-],1.8347017,7.8144493,28.041494,5.312705,3.058596,576.3295,226.88205,194.38799,3.9495194458438627
O=c1[nH]ncc2c([N+](=O)[O-])cnn12,1.744204,6.848637,20.808098,4.192494,2.4378026,584.0558,97.60831,306.8404,3.0977512884703646
O=[N+]([O-])c1cnc2ncn([N+](=O)[O-])c2n1,1.7788734,7.5450535,25.84308,5.2436266,3.070708,586.3784,289.64795,126.32457,3.6745871525750236
O=[N+]([O-])c1cc([N+](=O)[O-])c2nc3cnn([N+](=O)[O-])c3c([N+](=O)[O-])c2c1,1.7959341,7.447455,25.212307,5.5057344,2.9268355,530.58014,252.86926,130.83244,3.35520967475299
NN=c1c2ncn([N+](=O)[O-])c2nc([N+](=O)[O-])n1N,1.8276459,7.920389,28.88529,5.130315,3.4312332,671.4198,373.31772,151.26097,4.117038502914991
O=[N+]([O-])c1ncn2c1nnc1cc3c(cnn3[N+](=O)[O-])c([N+](=O)[O-])c12,1.788961,7.298675,24.22181,5.254183,2.844661,541.4591,500.31064,153.62193,3.751554915106408
Nn1c([N+](=O)[O-])nc2c([N+](=O)[O-])ncnc21,1.8114679,7.671382,26.900581,5.049235,3.1102567,618.63965,278.45578,256.20142,3.4869649333089754
Nc1[nH]c2onnc2c1[N+](=O)[O-],1.8354697,7.568631,26.229374,4.624704,2.9061759,631.6809,121.22894,327.80896,3.928341561407837
Nn1nc([N+](=O)[O-])c(=O)n2ncnc12,1.7885268,7.526565,25.633389,4.665587,2.9908416,644.17426,233.17877,252.89792,3.57066803508485
O=[N+]([O-])c1nc2c(nc([N+](=O)[O-])c3nccnc32)[nH]1,1.7371334,6.657332,19.79401,4.252775,2.2756062,536.7451,257.8281,249.69214,3.4080785516522383
O=[N+]([O-])c1cccc2c1nc([N+](=O)[O-])c1c([N+](=O)[O-])[nH]nc12,1.7350544,6.750515,20.247324,4.76996,2.4438372,513.1302,183.72012,243.05002,3.2032502802636804
O=c1nc2c([N+](=O)[O-])c([N+](=O)[O-])c3ccc([N+](=O)[O-])cc3nc-2[nH]1,1.751542,6.5986958,19.460815,4.185762,2.1187763,510.23746,-70.961945,226.42392,2.9450877152326225
O=[N+]([O-])c1c2ccoc2c([N+](=O)[O-])c2c(O)[nH]cc12,1.7454437,6.2595468,17.43728,3.951648,1.9264022,489.4887,-261.60526,279.7635,3.446079712755286
O=[N+]([O-])c1c2cnccc2c([N+](=O)[O-])c2c1nnn2[N+](=O)[O-],1.7617145,7.2376976,23.57105,5.434478,2.8959298,531.54535,389.7745,119.555115,3.5198633571867566
O=[N+]([O-])n1ccc2c1cnn2[N+](=O)[O-],1.7493967,7.5792837,25.674934,5.7511806,3.4108346,593.2313,280.19238,138.41841,4.048520666663798
O=[N+]([O-])c1cnc2nc([N+](=O)[O-])ncc2n1,1.758242,7.107848,22.769188,4.7740397,2.643855,554.5624,238.03574,255.06012,3.33850057325043
N=c1nc[nH]c2oc([N+](=O)[O-])nc12,1.7212116,6.61528,19.355246,3.7820313,2.2031853,585.23346,0.008257532,284.01562,4.33923590385498
O=c1c([N+](=O)[O-])nn(C=N[N+](=O)[O-])c2nnc(C=N[N+](=O)[O-])n12,1.8550545,8.213772,31.133205,5.5636487,3.4352458,617.7534,379.14615,171.39043,4.512092874710807
Nc1noc2nnc3nc([N+](=O)[O-])cc([N+](=O)[O-])c3c12,1.7611828,7.1474347,22.975088,5.025136,2.7501311,547.35754,324.13165,244.11284,3.559445585601228
O=[N+]([O-])c1cccc2c([N+](=O)[O-])c3c(nc([N+](=O)[O-])n4nnnc34)nc12,1.7623087,6.933961,21.561712,4.8842554,2.525053,517.1298,462.4152,231.59468,3.3257141048482763
O=[N+]([O-])Nc1nc2ncc([N+](=O)[O-])cn2c1[N+](=O)[O-],1.8047689,7.8264346,27.922033,5.469248,3.2749999,599.234,234.12762,128.21422,3.3284824276874136
O=C1NNc2[nH]c(=O)[nH]c2N1,1.7463912,5.8940244,15.840835,1.9308411,1.3792228,700.44696,-287.0224,304.09338,3.8173040583815965
Nc1nc2c([N+](=O)[O-])ncnc2c2nc3[nH]c([N+](=O)[O-])nc3n12,1.768243,6.682382,20.200716,3.7972744,2.1616287,571.5153,283.7774,255.79582,3.79068376335845
O=c1[nH]c([N+](=O)[O-])nc2c([N+](=O)[O-])c3c([N+](=O)[O-])nccc3cc12,1.7505183,6.59469,19.447664,4.2726793,2.1428745,503.93643,-48.55434,224.07864,3.3597864134574733
O=[N+]([O-])N=Cc1nc([N+](=O)[O-])c2ncn([N+](=O)[O-])c2c1[N+](=O)[O-],1.8522624,8.200579,31.102886,5.9714684,3.5011597,584.49927,330.0113,124.80907,4.175828045357187
O=[N+]([O-])c1nc2ccc([N+](=O)[O-])c([N+](=O)[O-])c2[nH]1,1.7586282,7.254965,23.497265,5.065781,2.7705114,548.0118,42.27808,238.2414,3.0968452336842223
O=c1ccc2c3c4nc5nc[nH]c(=O)c5c([N+](=O)[O-])c4c([N+](=O)[O-])ccc-3nc2o1,1.6808132,5.5058556,13.2705765,3.2594852,1.4326036,443.88956,-189.23924,237.28096,3.323526779990937
O=[N+]([O-])N=Cc1c([N+](=O)[O-])cc([N+](=O)[O-])n2nnnc12,1.8349676,8.099335,30.01112,5.9774847,3.5371876,591.7861,470.8804,186.0935,3.8191516928273357
O=[N+]([O-])c1cnc2cc([N+](=O)[O-])c3oc([N+](=O)[O-])cc3c2n1,1.753296,6.821536,20.78613,4.8371453,2.3758337,490.852,29.481508,270.1769,3.267387972571372
O=[N+]([O-])N=Cc1nc([N+](=O)[O-])nc2nnc([N+](=O)[O-])cc12,1.8056697,7.715241,27.174953,5.4874115,3.1575336,574.52405,396.46164,163.3426,4.078221758083991
O=[N+]([O-])N=Cn1c([N+](=O)[O-])cnc1[N+](=O)[O-],1.8109188,8.408016,32.143524,6.1721964,3.9103491,633.62164,225.85944,179.51694,3.959671552271409
N=c1[nH]cnc2nc([N+](=O)[O-])oc12,1.7439852,6.662112,19.827143,3.776987,2.18988,582.77936,-4.904783,283.4791,4.157620519239595
O=[N+]([O-])c1cnc2nc([N+](=O)[O-])n3c(nnc4c([N+](=O)[O-])cccc43)c1-2,1.7229493,6.621088,19.42669,4.685397,2.3720756,506.56528,369.6088,236.29745,3.2439448740790464
O=[N+]([O-])c1cc([N+](=O)[O-])c2nc3c(nnn3[N+](=O)[O-])nc2c1,1.8037221,7.538096,25.953117,5.4257116,2.9817083,548.6993,425.85,130.03854,3.404139511032911
Nc1c([N+]=C([N+](=O)[O-])[N+](=O)[O-])c([N+](=O)[O-])c([N+](=O)[O-])c2nnn(C=N[N+](=O)[O-])c12,1.8787862,8.439136,32.963196,5.9299526,3.6302223,613.1967,380.5555,198.17427,4.5640315207115085
O=c1[nH]c2ncnn2c2[nH]c([N+](=O)[O-])cc12,1.7195587,6.1250424,16.490885,3.2058103,1.7923442,562.2452,1.7792231,299.2168,3.7464284753483312
O=[N+]([O-])c1c([N+](=O)[O-])c2[nH]cnc2c2[nH]nnc12,1.7830213,7.0983458,22.78553,4.600482,2.5870526,564.31195,276.06046,246.0388,3.587641887530376
Nn1c([N+](=O)[O-])nc2nc3nonc3nc21,1.8216882,7.699114,27.24618,5.2393045,3.1478577,601.6861,521.3774,275.2056,3.593323859963717
O=c1c2c([N+](=O)[O-])nn(C=N[N+](=O)[O-])c2ccn1N[N+](=O)[O-],1.7795961,7.66747,26.473238,5.3174944,3.185812,600.9791,158.55725,141.69978,4.223743696169808
O=c1c2cc(N[N+](=O)[O-])ccc2nc([N+](=O)[O-])n1[N+](=O)[O-],1.7741996,7.2674937,23.811813,4.941288,2.7585142,559.4317,-9.671002,134.5287,3.3555592797728284
C[N+]([O-])([O-])C1([N+](=O)[O-])C=C(N[N+](=O)[O-])N=C1N,1.7051581,7.781963,26.5888,5.3533497,3.7642202,705.85425,0.4007441,144.08205,5.058460171543457
O=[N+]([O-])N=Cc1cnn2c([N+](=O)[O-])c3c(nc12)c([N+](=O)[O-])cn3[N+](=O)[O-],1.8184739,7.80043,27.826824,5.6795197,3.2257867,567.01825,386.03696,135.0495,4.136415863090034
O=[N+]([O-])c1cnc2nc([N+](=O)[O-])c3[nH]cnc3c2n1,1.744184,6.6560235,19.826422,4.195412,2.2470014,537.0466,238.4336,273.3721,3.4339551844533993
O=[N+]([O-])c1ccc([N+](=O)[O-])c2c([N+](=O)[O-])nnnc12,1.7974547,7.642734,26.516068,5.7954926,3.1584332,543.14197,319.1107,218.95624,3.0484426086828886
O=c1[nH]cc([N+](=O)[O-])c2ncnn12,1.7590846,6.694171,19.995974,3.7291288,2.1690276,586.29596,13.755954,303.60406,3.0749666730857497
O=[N+]([O-])c1cc2c(ncn3c([N+](=O)[O-])cnc23)[nH]1,1.721916,6.509441,18.668558,4.1440935,2.2368376,542.0425,148.27643,299.07013,3.5227505029149926
O=[N+]([O-])c1nc2c3ccccc3c([N+](=O)[O-])c([N+](=O)[O-])n2n1,1.7104472,6.70319,19.727242,4.8717217,2.4815586,510.59262,224.93192,227.48561,3.0253664341098334
O=[N+]([O-])c1nnc2ccnn2c1[N+](=O)[O-],1.732354,7.57821,25.40338,5.7963395,3.3589094,580.3217,417.8035,228.08003,3.194122237002791
O=[N+]([O-])Nc1c2c([N+](=O)[O-])c[nH]c2nc2ncc([N+](=O)[O-])n12,1.784169,7.345679,24.433846,4.826098,2.807458,584.875,208.10425,141.01486,3.7624779725713724
O=[N+]([O-])c1cc([N+](=O)[O-])n2c([N+](=O)[O-])c3ncccc3c([N+](=O)[O-])c12,1.7588197,7.0671716,22.344683,5.2275643,2.6744604,511.09412,151.86807,229.95119,3.327081316544037
Nc1c([N+](=O)[O-])c2nnnn2c2nc([N+](=O)[O-])ccc12,1.7637656,6.939785,21.515808,4.5515265,2.5713665,567.1809,368.27347,297.17923,3.208787963223605
O=[N+]([O-])c1nc2[nH]ncc2c2ncnn12,1.6981062,6.5718966,18.963156,4.1589823,2.3977623,578.6546,378.92166,255.06529,3.3258901849935407
O=[N+]([O-])c1cnc2c(n1)c([N+](=O)[O-])cc1c(O)coc12,1.7398549,6.365111,18.052135,4.14301,2.002965,484.27054,-139.33017,259.8326,3.3084475436431857
Nc1nc2nc([N+](=O)[O-])cc(C=N[N+](=O)[O-])n2c1[N+](=O)[O-],1.7844263,7.5309916,25.566628,4.976377,3.0037282,605.81036,206.04956,182.3014,4.0526562577948075
Nn1c([N+](=O)[O-])nc2c(O)c3n[nH]cc3c([N+](=O)[O-])c21,1.7907643,7.021538,22.333246,4.3591166,2.5069947,578.0657,82.588165,284.30865,3.9013029748786163
C[N+](C)([O-])c1nc([N+](=O)[O-])c2[nH]nc(N[N+](=O)[O-])c2n1,1.6518313,7.130471,21.983934,4.853075,3.2571666,671.8738,182.02423,146.1811,4.147676608163572
O=c1[nH]c([N+](=O)[O-])nc2c(C=N[N+](=O)[O-])cnnc12,1.789351,7.1721196,23.298073,4.530131,2.586967,572.8745,146.28482,177.3067,3.9995024938203745
O=[N+]([O-])n1nc(O)c2nc3ccoc3nc21,1.7345597,6.6053886,19.512724,4.1615014,2.217316,535.2467,27.12372,143.1898,3.8305853984252547
Nc1nnc2ccc([N+](=O)[O-])n2c1[N+](=O)[O-],1.7105733,7.1219673,22.240637,5.0083237,2.964959,593.38995,253.60803,257.1116,3.2766740567436816
O=c1[nH]c2ncc3nc([N+](=O)[O-])[nH]c3c2[nH]1,1.747474,6.036175,16.305866,2.857319,1.5898877,560.1542,-80.800674,293.25134,3.440366936886793
O=[N+]([O-])c1cc([N+](=O)[O-])c2[nH]c3c4cn[nH]c4c([N+](=O)[O-])cc3c2n1,1.7445794,6.4592404,18.57743,4.2385483,2.1362014,506.0536,136.08939,280.91922,3.3408940455411917
O=c1nc2nc([N+](=O)[O-])ncc2c[nH]1,1.7217348,6.2162027,17.152634,3.3437207,1.837545,553.5535,-30.024931,259.37448,3.4895326566980547
O=[N+]([O-])Nn1c2cccc([N+](=O)[O-])c2[nH]c2nonc2n1[N+](=O)[O-],1.7502359,7.58257,25.649305,5.6490183,3.330014,590.1409,381.76492,139.23166,3.922727908885123
Nc1ncc2c([N+](=O)[O-])cc([N+](=O)[O-])nc2c1[N+](=O)[O-],1.7851017,7.1861963,23.337732,4.776035,2.6704667,560.7345,74.35115,254.08752,3.132539307728157
O=[N+]([O-])c1nccc2nnn([N+](=O)[O-])c12,1.7259814,7.5028567,24.937551,5.6762357,3.2966917,581.0401,381.36606,113.859604,3.4580468148639545
O=[N+]([O-])c1nc2cncc([N+](=O)[O-])c2o1,1.7341344,7.0795813,22.235445,5.0012054,2.6472,529.0356,31.939302,272.2598,3.4252516929127346
O=[N+]([O-])c1cc([N+](=O)[O-])c2nc3cc4c(c([N+](=O)[O-])cn4[N+](=O)[O-])c([N+](=O)[O-])c3cc2c1,1.7676227,6.9449763,21.714376,5.092209,2.5282385,495.41568,103.06943,165.19038,3.4673994883708925
O=c1c2c([N+](=O)[O-])n(N[N+](=O)[O-])c([N+](=O)[O-])c2nc2ccccn12,1.7447718,6.9141154,21.387972,4.7145367,2.5414753,541.61426,69.81995,136.35928,3.483539076179367
O=c1c2cccc([N+](=O)[O-])c2c([N+](=O)[O-])nn1[N+](=O)[O-],1.7853482,7.3221493,24.245823,5.2431564,2.7927098,532.0566,35.478397,150.78577,3.143443807002467
O=[N+]([O-])c1nc2c(F)c3[nH]cc([N+](=O)[O-])c3c([N+](=O)[O-])c2[nH]1,1.8332157,7.191694,23.770538,4.5761843,2.445169,536.08673,-20.201765,256.2446,3.6096292242010986
O=c1nc([N+](=O)[O-])c2[nH]cnc2[nH]1,1.7371275,6.3802886,18.06371,3.1789198,1.8534133,586.7918,-108.936005,287.5873,3.306458980778057
O=[N+]([O-])c1cc2nn[nH]c2c2c1OCO2,1.6960343,6.3465233,17.542704,3.9518611,2.1198964,538.1303,-87.48125,289.11734,3.372129898768139
O=[N+]([O-])c1cnc([N+](=O)[O-])n2ncc([N+](=O)[O-])c12,1.819383,7.8810678,28.364574,5.7826123,3.2893043,567.7576,260.87048,243.96297,3.180481772145761
O=[N+]([O-])N=Cc1nn([N+](=O)[O-])c2ccnc([N+](=O)[O-])c12,1.7689534,7.6228957,26.167425,5.6844125,3.2720928,575.7287,353.79642,141.03082,4.063567077442721
O=[N+]([O-])N=Cn1nc([N+](=O)[O-])c2c3nc4ccc([N+](=O)[O-])c([N+](=O)[O-])c4cc3ncc21,1.7337679,6.791801,20.498642,4.8587885,2.4872746,512.8595,311.89954,210.43164,3.775414472833166
O=[N+]([O-])c1ccc2nc([N+](=O)[O-])c3nnc([N+](=O)[O-])n3c2c1,1.7569573,7.092044,22.488604,5.0736084,2.6819806,529.03516,303.29865,244.61871,3.0901618187252176
O=C(O)c1oc2cc([N+](=O)[O-])cnc2c1[N+](=O)[O-],1.7597665,6.695897,20.005037,4.084952,2.0590143,506.53943,-418.49017,265.61978,2.8633615798380685
O=c1n([N+](=O)[O-])c2ccc([N+](=O)[O-])cc2n1[N+](=O)[O-],1.8180898,7.5757337,26.306099,5.2332845,2.916083,557.25616,-31.763441,138.95776,3.367660635832209
O=[N+]([O-])N=Cc1c([N+](=O)[O-])c([N+](=O)[O-])nc2nc3ncc([N+](=O)[O-])cn3c12,1.8052975,7.4688277,25.42534,5.2217555,2.866583,548.618,312.05518,187.54716,3.8761211146304344
O=[N+]([O-])Nc1c([N+](=O)[O-])nc2cccc([N+](=O)[O-])c2c1[N+](=O)[O-],1.7418659,7.356751,24.101461,5.4768577,3.0128899,549.3284,121.34619,119.77663,3.1389417906283104
O=[N+]([O-])N=Cc1nnc2c3c([N+](=O)[O-])cc([N+](=O)[O-])nc3nnn12,1.8022552,7.687174,26.91092,5.5580225,3.168968,569.3979,609.5925,200.05937,3.944124412381626
O=c1[nH]c(=O)c2ccc([N+](=O)[O-])nc2[nH]1,1.7279785,5.760622,14.696944,2.5710456,1.3603957,535.7501,-360.5654,272.0668,2.819735745445568
O=[N+]([O-])Nc1ccc([N+](=O)[O-])c2nc([N+](=O)[O-])n3ncnc3c12,1.7800894,7.209802,23.593697,4.9239683,2.7595432,561.362,298.47324,138.14548,3.37919252022658
O=[N+]([O-])c1ccc2n[nH]nc2c1[N+](=O)[O-],1.7288871,7.1069617,22.36931,5.185132,2.8739429,555.8793,236.08893,240.51593,2.7858565709615153
O=c1c2c([N+](=O)[O-])cccc2nc2n([N+](=O)[O-])c([N+](=O)[O-])c([N+](=O)[O-])n12,1.8001472,7.380719,24.781618,5.1242104,2.730226,532.9192,19.499163,137.0323,3.4479679510021217
O=[N+]([O-])N=Cc1c2cc(O)c([N+](=O)[O-])cc2n2cc([N+](=O)[O-])oc12,1.7417386,6.7406163,20.241142,4.5441375,2.3492568,517.3268,-179.9524,190.1665,3.8525433365343966
N=c1c2c(nc([N+](=O)[O-])n1[N+](=O)[O-])nc([N+]=O)n2N,1.8650937,8.193915,31.201878,5.3725777,3.4719148,648.7112,360.30295,127.03827,4.540006174293747
Nc1ccc2nn3c([N+](=O)[O-])cnc3c3nc([N+](=O)[O-])nc-3c2c1[N+](=O)[O-],1.7291766,6.6881013,19.862186,4.4815607,2.3934436,536.02606,333.48453,251.69354,3.5918904109024705
O=[N+]([O-])c1cccc2c1oc1c2c([N+](=O)[O-])nn1[N+](=O)[O-],1.7601689,7.1617136,23.033998,5.294023,2.7408335,515.67566,83.45181,140.09776,3.4844573856143555
O=[N+]([O-])c1ncc2nnc3c([N+](=O)[O-])cnn3c2n1,1.7948204,7.3414373,24.497013,5.086984,2.8428028,558.6723,504.0173,271.90897,3.324871004482427
O=c1nc([N+](=O)[O-])nc2c3c([N+](=O)[O-])c[nH]c3ccn12,1.7352359,6.361631,17.962807,3.7634254,1.9619304,525.2627,-41.692226,263.80493,3.3178679632236054
O=[N+]([O-])c1ccc2nc([N+](=O)[O-])c([N+](=O)[O-])n2c1,1.7406157,7.289711,23.585709,5.371856,2.9328487,546.37134,118.858,258.8188,2.9849769644534536
O=c1c([N+](=O)[O-])nn(C=N[N+](=O)[O-])c2c([N+](=O)[O-])ncn12,1.8704621,8.085591,30.30645,5.3342085,3.2042568,601.72235,184.38724,181.73923,4.103746092959643
O=c1c2nocc2cnn1[N+](=O)[O-],1.7582467,7.3010044,23.973978,5.2381296,2.9014895,554.5169,127.02026,144.99216,3.7502435961626723
O=[N+]([O-])c1cc([N+](=O)[O-])c2cc3c([N+](=O)[O-])nn([N+](=O)[O-])c3cc2c1,1.7553349,7.106669,22.661972,5.3317814,2.7530127,514.6267,147.59653,140.07964,3.3353952086221073
O=c1c2c([N+](=O)[O-])cccc2nc2c([N+](=O)[O-])cc([N+](=O)[O-])c([N+](=O)[O-])n12,1.7681661,6.9130697,21.448826,4.789313,2.3958435,501.02814,-57.59994,221.09064,3.094472115684175
Nc1cc([N+](=O)[O-])nc2c(=O)n([N+](=O)[O-])cnc12,1.7744337,7.013057,22.313719,4.307163,2.484057,579.2288,1.715243,155.264,3.6315894644534525
O=[N+]([O-])c1c(O)[nH]c2[nH]ncc12,1.7622374,6.6179485,19.566637,3.6228492,2.1606169,598.6797,-87.91433,338.33435,3.6369135893798656
O=[N+]([O-])N=Cn1nnc2c([N+](=O)[O-])cc([N+](=O)[O-])nc21,1.8305228,8.012807,29.383308,5.6916122,3.390949,595.86066,406.32687,180.87247,3.9040311800068217
O=[N+]([O-])c1nc2c([N+](=O)[O-])cccc2c([N+](=O)[O-])c1[N+](=O)[O-],1.7778364,7.3795123,24.515388,5.537565,2.8848906,519.8298,86.63663,207.70976,2.924279325356517
O=[N+]([O-])c1cc([N+](=O)[O-])c2[nH]cnc2c1[N+](=O)[O-],1.7988569,7.39588,24.803913,5.102784,2.804128,550.35175,44.718327,232.0094,2.9848356182996074
O=[N+]([O-])c1ccc([N+](=O)[O-])c2nc3nnn([N+](=O)[O-])c3cc12,1.7816896,7.258633,23.918747,5.3002415,2.830469,533.27686,354.82132,136.27269,3.326167203340603
O=[N+]([O-])c1nc2c(cc(O)c3occ(O)c32)o1,1.728738,5.960386,15.738795,3.3415914,1.5763009,474.79828,-490.51553,283.61603,3.6706839304493935
O=[N+]([O-])c1ccc2c([N+](=O)[O-])nc3n[nH]c([N+](=O)[O-])c3c2c1,1.7468392,6.768686,20.438614,4.720375,2.4241292,514.727,171.80682,244.34239,3.2302225879559874
O=c1[nH]c(N[N+](=O)[O-])nc2nc([N+](=O)[O-])ccc12,1.7627934,6.8126574,20.885519,3.979636,2.2704892,573.3428,-66.566765,158.59601,3.218399099461303
O=[N+]([O-])c1cc2n3nnnc3n3cccc([N+](=O)[O-])c3c-2n1,1.7099795,6.5442805,18.858908,4.551931,2.4022362,528.58124,463.4706,247.52441,3.449818642546558
O=[N+]([O-])c1ccc2nonc2c1[N+](=O)[O-],1.7581459,7.481369,24.993336,6.0323825,3.1842675,526.02325,265.00305,235.77512,2.69695075482643
O=[N+]([O-])c1ccnc2c1nnn2[N+](=O)[O-],1.7880006,7.698047,26.883612,5.658122,3.2932832,582.76135,379.233,119.70094,3.3401586347513836
O=c1c2oc([N+](=O)[O-])nc2c2ccc([N+](=O)[O-])cc2n1[N+](=O)[O-],1.8053417,7.073255,22.864117,4.761098,2.4193184,507.24277,-123.31679,137.16623,3.4295335694998883
Nn1ncc2c([N+](=O)[O-])cn([N+](=O)[O-])c2c1=O,1.784378,7.5086865,25.535908,5.114543,3.0738616,601.93866,121.26431,158.79344,3.7300204279944023
O=[N+]([O-])c1ncc([N+](=O)[O-])c2n[nH]cc12,1.7711909,7.1898394,23.304346,4.980882,2.797792,563.27795,190.93939,270.86966,3.4564190475093577
O=C1C(=O)c2[nH]c3ncc([N+](=O)[O-])nc3c2-c2c([N+](=O)[O-])ccnc21,1.7365116,6.038694,16.266884,3.7079046,1.7186822,466.88443,-20.446653,240.50192,3.4063622729659393
O=C1N2C3=NC=CC2=C([N+](=O)[O-])C=C([N+](=O)[O-])C3=C2N1C([N+](=O)[O-])=CN2[N+](=O)[O-],1.8024473,7.2947016,24.368803,5.0065413,2.7127032,541.3618,66.883865,146.79742,5.505845874270506
Nn1c([N+](=O)[O-])nc2nc([N+](=O)[O-])ncc21,1.795055,7.5833435,26.148174,4.9808693,3.0627089,616.8418,265.83295,263.4443,3.6834998170299063
Nc1nc2nn([N+](=O)[O-])cc2c(=O)[nH]1,1.7601415,6.7437043,20.464731,3.5579534,2.2204988,627.73004,-21.50717,168.27335,3.550091921724526
Nc1cn([N+](=O)[O-])c2cc3c([N+](=O)[O-])c(O)cc([N+](=O)[O-])c3nc12,1.7486173,6.7580147,20.495749,4.4647536,2.4039764,539.032,-62.542324,172.9497,3.5670948232207875
O=[N+]([O-])c1nc2n[nH]c([N+](=O)[O-])c2c2cccnc12,1.6977183,6.3830957,17.878242,4.3775773,2.2492852,514.9054,261.95102,250.99338,3.2719891467175497
O=[N+]([O-])N=CN=c1[nH]c([N+](=O)[O-])nc2cc3c(ncn3[N+](=O)[O-])c([N+](=O)[O-])c12,1.8094455,7.525878,25.847525,5.0980663,2.9162695,573.26624,281.53006,155.2908,4.490273738994646
O=c1oc2cc([N+](=O)[O-])c([N+](=O)[O-])cc2c2nc3cc([N+](=O)[O-])cc([N+](=O)[O-])c3nc12,1.7902533,6.6563735,20.080658,4.4358373,2.0704417,467.34015,-173.56761,235.44719,3.07948172558042
O=C1c2nc([N+](=O)[O-])n([N+](=O)[O-])c2-c2c([N+](=O)[O-])ccc([N+](=O)[O-])c21,1.8058453,7.4435396,25.235874,5.3692837,2.780789,515.88873,47.37026,127.63504,3.42303375365916
O=[N+]([O-])c1c[nH]c2nonc12,1.7658644,7.5295067,25.383701,5.521756,3.2080896,581.4473,246.70264,303.6109,3.376554182451075
O=[N+]([O-])c1cnc2c3c(ncn13)N=NN2[N+](=O)[O-],1.8270353,7.6895576,27.31681,5.3751216,3.1414847,584.80975,514.9999,125.138565,4.217564349068837
O=[N+]([O-])c1cc([N+](=O)[O-])c2nc3c([N+](=O)[O-])onc3nc2c1,1.7908701,7.312232,24.184618,5.4159007,2.756662,507.0568,242.56927,245.01758,3.2719502802636793
O=c1n(C=N[N+](=O)[O-])cnc2c([N+](=O)[O-])cc([N+](=O)[O-])n12,1.8164054,7.598111,26.31353,4.958546,2.8851507,583.2051,33.284367,188.98924,3.9749175215310704
O=[N+]([O-])Nc1c2nnc3ccccc3c2nc2c1c([N+](=O)[O-])nn2[N+](=O)[O-],1.7207259,6.7697406,20.403894,4.8399982,2.5705628,531.482,456.47366,137.51784,3.548984423376483
O=[N+]([O-])c1cc2c(c([N+](=O)[O-])c1)Oc1cc([N+](=O)[O-])cc([N+](=O)[O-])c1O2,1.7846467,6.980059,21.958382,4.9144764,2.395634,485.59357,-278.237,259.1736,2.9215959665687947
O=c1[nH]cnc2c1cnn2[N+](=O)[O-],1.7538043,6.8005905,20.820555,4.0255837,2.347564,587.54065,57.130756,139.71632,3.499228211547287
O=[N+]([O-])N=Cc1c2c([N+](=O)[O-])cnnc2nn1[N+](=O)[O-],1.8180255,8.1256485,30.176653,6.1628137,3.6542716,591.674,516.48413,143.38606,4.202056821032462
O=[N+]([O-])c1ccc2c(c1)nc([N+](=O)[O-])n1c([N+](=O)[O-])c([N+](=O)[O-])nc21,1.7805288,7.232039,23.569637,5.133815,2.6885695,524.01245,158.62085,232.16441,3.200798193696734
O=[N+]([O-])c1cnc2nnc3nc([N+](=O)[O-])oc3c2c1,1.758465,6.931352,21.547657,4.8280463,2.471302,510.78574,240.14545,269.75305,3.592859393451949
O=c1[nH]c2nc3c4cc([N+](=O)[O-])ccc4n([N+](=O)[O-])c3c([N+](=O)[O-])c2[nH]1,1.7672619,6.5893416,19.634722,4.0846376,2.1082962,519.4828,-57.391903,140.22147,3.40647304309313
O=[N+]([O-])c1cn2c([N+](=O)[O-])nc3[nH]ccc3c2n1,1.6963971,6.436808,18.072077,4.1249676,2.2299328,542.094,146.48273,282.32483,3.4211058875303753
O=[N+]([O-])c1nc2cc([N+](=O)[O-])c([N+](=O)[O-])cc2[nH]1,1.7780765,7.292525,23.970499,4.9923778,2.7408469,550.33405,23.396975,238.6379,2.966746195222683
O=[N+]([O-])c1cc([N+](=O)[O-])c2nnn([N+](=O)[O-])c2c1,1.8248922,7.947055,28.910835,5.9350004,3.3864925,569.30286,290.7516,122.50552,3.18930004137653
O=c1c2c([N+](=O)[O-])ccc([N+](=O)[O-])c2n([N+](=O)[O-])c2nc([N+](=O)[O-])cn12,1.8222322,7.4657426,25.586626,5.091293,2.7498727,539.41583,0.47351328,108.69284,3.535666278761319
Nc1nc2ccoc2c2nc3c([N+](=O)[O-])c4c([N+](=O)[O-])ccc-4oc3c([N+](=O)[O-])c12,1.7054402,6.122893,16.479605,4.132134,1.9342251,469.39542,-60.646923,246.68073,3.4584757009494975
Nn1c2nc3ccccc3nc2c2c([N+](=O)[O-])c3c(c([N+](=O)[O-])c([N+](=O)[O-])n3[N+](=O)[O-])c([N+](=O)[O-])c21,1.7602701,6.9961343,22.086922,5.042196,2.6237504,520.62067,283.4881,142.6483,3.7430657533966887
O=[N+]([O-])c1cc([N+](=O)[O-])c2nc[nH]c2c1[N+](=O)[O-],1.7953949,7.3962383,24.784803,5.111747,2.8153353,552.01324,52.88889,238.58212,3.0037817721457616
O=[N+]([O-])c1ccc2ncc3c4nncn4c=3nc([N+](=O)[O-])c2c1[N+](=O)[O-],1.7039083,6.592076,19.137024,4.6799054,2.3946157,511.59277,366.84933,225.19264,3.542556412540584
O=[N+]([O-])c1n[nH]c2c(O)cncc12,1.6915157,6.2426605,17.00749,3.7292464,2.0703661,556.6337,-20.628752,299.4289,3.2279743653934414
O=c1[nH]c([N+](=O)[O-])nc2c([N+](=O)[O-])c3cccc([N+](=O)[O-])c3nc12,1.7641295,6.623284,19.72309,4.240717,2.124773,503.51697,-53.451305,239.50851,3.183252212274043
O=c1c2cnc([N+](=O)[O-])cc2nc(C=N[N+](=O)[O-])n1[N+](=O)[O-],1.7899723,7.4161644,24.956543,5.0693135,2.8371654,560.02124,122.334015,145.8894,3.8430284419325194
O=[N+]([O-])c1cccc2oc3c(c([N+](=O)[O-])nn3[N+](=O)[O-])c12,1.7502387,7.1268725,22.722075,5.269066,2.7244682,515.93774,81.37837,154.07054,3.45042256780059
O=[N+]([O-])c1ccc([N+](=O)[O-])c2nn([N+](=O)[O-])cc12,1.7896878,7.540091,25.829775,5.670992,3.1305,550.7674,194.71878,146.1808,3.1989058106072985
N=C(N[N+](=O)[O-])c1cnc2n([N+](=O)[O-])cnn2c1=O,1.8056697,7.47489,25.561218,4.6205034,2.8532565,620.768,142.96506,144.674,4.0321276765561915
O=[N+]([O-])N=Cc1c([N+](=O)[O-])cc2c3c(nnc4c([N+](=O)[O-])cc([N+](=O)[O-])cc43)nnn12,1.7676512,7.1512203,23.051607,5.2838397,2.7760198,524.8005,508.06192,198.51927,3.7969134773580535
O=[N+]([O-])N=Cc1ncnc2c(N[N+](=O)[O-])nc([N+](=O)[O-])nc12,1.7970812,7.669393,26.831406,5.21715,3.1202362,598.8123,367.7769,131.06241,4.016227203340604
O=[N+]([O-])c1cc2[nH]cnc2c([N+](=O)[O-])c1[N+](=O)[O-],1.7732496,7.3369746,24.20952,5.1404586,2.825455,551.0483,60.301075,220.07349,2.9631433106073004
O=[N+]([O-])c1cc2c(ncn3c([N+](=O)[O-])cnc23)nc1[N+](=O)[O-],1.7841713,7.07974,22.709993,4.8519254,2.5680327,529.8169,231.11478,232.04547,3.308238741802141
O=c1nc([N+](=O)[O-])oc2cc([N+](=O)[O-])cc([N+](=O)[O-])c12,1.8081002,7.248171,23.861185,4.8136983,2.4708817,513.74384,-234.9207,235.97118,3.126985171298548
O=[N+]([O-])c1c(O)n([N+](=O)[O-])c2c([N+](=O)[O-])cccc12,1.7654418,7.194869,23.28241,5.0678053,2.7411377,540.407,-99.67321,134.41783,3.137299405062979
O=c1c2c(nc([N+](=O)[O-])n2[N+](=O)[O-])nc2ccc([N+](=O)[O-])cn12,1.7911336,7.1824465,23.424437,4.794353,2.5776203,538.4693,71.517365,150.93773,3.4466358027505084
O=[N+]([O-])c1ncnc2nonc12,1.7698048,7.638646,26.321772,5.7787285,3.2814057,568.53546,389.00198,250.45285,3.2353714256612314
Nc1cc([N+](=O)[O-])c2cnn([N+](=O)[O-])c2c1[N+](=O)[O-],1.7982174,7.5914474,26.17356,5.382928,3.1302347,582.1464,167.23526,130.77156,3.4038184819860557
O=[N+]([O-])c1cc([N+](=O)[O-])c2c([N+](=O)[O-])[nH]nc2c1,1.7600206,7.3566957,24.167896,5.366342,2.93858,548.4493,115.86182,249.10822,3.0347106182996066
O=[N+]([O-])N=Cc1cc2c([N+](=O)[O-])nn(C=N[N+](=O)[O-])c2n2cc([N+](=O)[O-])nc12,1.7764887,7.4933596,25.242182,5.284523,3.0316224,574.38824,363.16684,172.9138,4.492911795674809
O=[N+]([O-])c1nc2c([N+](=O)[O-])c3ncoc3cc2o1,1.7730168,6.8461075,21.062475,4.5702624,2.2525613,493.38855,-76.45298,251.29042,3.6759083490688385
Nc1c([N+](=O)[O-])n2c3c([N+](=O)[O-])cccc3n(N[N+](=O)[O-])n2c1=O,1.7413903,7.1427035,22.763163,4.8081384,2.8006213,585.22943,56.026157,151.82036,3.794870544374634
O=[N+]([O-])c1[nH]c2c([N+](=O)[O-])cccc2c1[N+](=O)[O-],1.7424506,6.9661117,21.543402,4.9980087,2.631912,527.1547,4.3777337,267.30057,2.9679663875303763
O=[N+]([O-])c1cc([N+](=O)[O-])c2c([N+](=O)[O-])c3cccc([N+](=O)[O-])c3nc2n1,1.7480732,6.818336,20.779922,4.927583,2.4368393,493.97076,108.889465,219.56885,3.095066412540583
O=[N+]([O-])c1cc2nc([N+](=O)[O-])cnc2nn1,1.7468467,7.218132,23.301912,5.1584115,2.8545337,553.5381,333.528,257.84988,3.423456167656025
O=c1[nH]nc([N+](=O)[O-])c2c([N+](=O)[O-])c3cccc([N+](=O)[O-])c3nc12,1.7658503,6.7527003,20.501226,4.566548,2.2975328,504.715,43.205433,221.0617,3.0750434548775925
O=c1nc2[nH]cc([N+](=O)[O-])c2n[nH]1,1.7727882,6.686186,20.062742,3.5738313,2.0974298,591.0273,-16.683699,304.45944,3.292689750008827
O=[N+]([O-])N=Cc1noc2ncn3nnc([N+](=O)[O-])c3c12,1.7849141,7.575529,25.924463,5.542874,3.1405513,566.2459,483.15347,174.80757,4.073332278907921
O=[N+]([O-])N=Cc1c[nH]c2nc([N+](=O)[O-])n3nnnc3c12,1.7744122,7.3295074,24.192844,4.970079,2.9191554,588.7077,487.88437,191.57956,3.9753707404463814
Nn1c([N+](=O)[O-])nc2cc3c([N+](=O)[O-])cc([N+](=O)[O-])nc3c([N+](=O)[O-])c21,1.8048459,7.4458904,25.200058,5.224026,2.877851,552.04553,203.7807,241.26997,3.5818662787613196
C[N+](=O)n1c([N+](=O)[O-])nc2c(N)nc([N+](=O)[O-])nc21,1.7483137,7.4612155,24.94952,4.8421583,3.1039128,642.58795,175.10825,183.81842,3.7656627896783625
O=[N+]([O-])NC1=CN([N+](=O)[O-])CN([N+](=O)[O-])C1,1.7750317,8.383721,31.713913,6.110695,4.3123837,707.39,107.708405,142.30034,4.457622101721959
O=c1n([N+](=O)[O-])c2ncc([N+](=O)[O-])cc2c2ncnn12,1.7913786,7.0238485,22.532566,4.4814186,2.4576735,550.62506,168.3537,135.7236,3.2472626485382907
O=c1nc([N+](=O)[O-])nc2oc3cc([N+](=O)[O-])ccc3nc1-2,1.741447,6.3486757,17.972599,3.9400885,1.9004672,484.9089,-116.382904,263.7872,2.8714430899281904
O=[N+]([O-])c1cc([N+](=O)[O-])c2nc([N+](=O)[O-])oc2c1,1.7957464,7.426883,24.93825,5.252994,2.756469,524.13947,-71.16622,257.01636,3.17250004137653
Nc1nc(N[N+](=O)[O-])c2[nH]c([N+](=O)[O-])nc2n1,1.7753867,7.353519,24.451883,4.26969,2.7705555,651.85095,133.27026,152.3144,3.500977284181693
Nc1ncnc2c([N+](=O)[O-])c([N+](=O)[O-])ncc12,1.7103577,6.7178154,19.913904,4.338024,2.4691145,571.4227,147.1948,231.8765,3.029229792542898
O=[N+]([O-])c1cc2c3c([N+](=O)[O-])c[nH]c3ncn2n1,1.7173517,6.5641007,18.955578,4.2791405,2.320911,544.8252,187.06946,291.70248,3.3423268106072985
O=[N+]([O-])N=Cn1c([N+](=O)[O-])nc2c3c([N+](=O)[O-])nn([N+](=O)[O-])c3c3ccccc3c21,1.7163438,6.873808,20.897049,4.98969,2.6314938,527.6611,310.4993,154.78392,4.015720937053388
O=[N+]([O-])c1cnc2c3ncc([N+](=O)[O-])n3ncn12,1.7577498,7.0798044,22.446941,4.830088,2.704794,560.5425,351.8762,293.8831,3.5124074259919142
O=[N+]([O-])c1c2ncccc2c([N+](=O)[O-])n2nnnc12,1.7280173,6.8931026,21.002245,5.073684,2.6870332,530.2667,458.81064,248.65387,3.0923731815506432
Nc1nc(=O)c2nc([N+](=O)[O-])[nH]c2[nH]1,1.7613808,6.513019,19.048618,3.0393398,1.8960319,627.88184,-113.340096,292.33484,3.399893946016025
O=[N+]([O-])c1nnc2c3nc[nH]c3c3[nH]nnc3c2c1[N+](=O)[O-],1.7610172,6.90604,21.514662,4.5877953,2.5044458,546.94354,480.66788,227.99713,3.8108883695937052
O=c1c2nc3cccc([N+](=O)[O-])c3nc2n([N+](=O)[O-])c(=O)n1[N+](=O)[O-],1.8043308,7.1582384,23.439259,4.660736,2.4674134,530.7768,-40.540295,130.71066,3.4219626024223366
O=[N+]([O-])c1coc2ncn3nnnc3c12,1.7524116,6.89792,21.18803,4.6143327,2.514117,546.03796,312.89056,288.0912,3.429742778911251
Oc1occ2c(O)c3c(O)c4c(O)coc4c(O)c3c(O)c12,1.6679372,4.7642903,9.867812,1.9277672,0.831562,449.27402,-1131.3813,305.9614,3.7259033571867572
Nc1nc([N+](=O)[O-])[nH]c2ncnc1-2,1.6789008,6.3220477,17.402348,3.3266501,2.1044173,634.5683,102.00174,283.85992,3.368443596162672
O=c1nc([N+](=O)[O-])[nH]c2nc3c([N+](=O)[O-])cccc3c([N+](=O)[O-])c12,1.7472552,6.5648828,19.249842,4.190059,2.1070743,505.49942,-73.76642,235.79916,3.1998846383095456
O=c1c2cc([N+](=O)[O-])cc([N+](=O)[O-])c2nnn1[N+](=O)[O-],1.8436792,7.778986,27.929453,5.498465,3.0402775,551.37823,127.153625,135.41078,3.147187493504644
O=[N+]([O-])c1cc([N+](=O)[O-])c2cc([N+](=O)[O-])c3c(cc([N+](=O)[O-])c4[nH]cnc43)c2n1,1.7504979,6.582283,19.38741,4.4908624,2.2053568,491.9156,80.62546,242.3065,3.350412146448196
Nc1nc2nc([N+](=O)[O-])ncc2c2nnnn12,1.7513196,6.853506,21.09023,4.036801,2.461917,611.58435,438.96927,260.69006,3.4276761972251713
O=[N+]([O-])c1ccnc2nc3c([N+](=O)[O-])[nH]nc3nc12,1.750992,6.8104033,20.774584,4.5638914,2.4355152,534.27435,339.03268,255.11195,3.3432707142066658
O=[N+]([O-])c1c2ncncc2c([N+](=O)[O-])c2c([N+](=O)[O-])c[nH]c12,1.780863,6.869468,21.398983,4.692704,2.4229116,516.51306,153.37454,243.4572,3.3462210494944493
O=c1n(C=N[N+](=O)[O-])c2nc3c([N+](=O)[O-])ccc([N+](=O)[O-])c3nc2n1[N+](=O)[O-],1.8490484,7.5992603,26.76062,5.0112047,2.7820845,555.0176,115.48505,153.71881,3.9421509292780472
O=[N+]([O-])N=Cn1nc([N+](=O)[O-])c2cc3n[nH]nc3c([N+](=O)[O-])c21,1.7954952,7.589711,26.076584,5.4013567,3.103821,575.09,462.5314,188.95047,4.079722190556251
O=c1oc2cccnc2c2nc3c([N+](=O)[O-])cc([N+](=O)[O-])nc3c([N+](=O)[O-])c12,1.7307441,6.303007,17.692682,4.185893,1.9326947,462.12698,-80.772644,234.70087,3.2872099422650605
O=[N+]([O-])c1cc2c(-c3cc4cccc(O)c4n3O)noc2c2nnnn12,1.6541132,5.8625755,14.776994,4.070013,1.9775256,485.69995,186.39194,284.57483,3.5410109863451584
O=[N+]([O-])c1ccc2c(c1)nc([N+](=O)[O-])c1nc([N+](=O)[O-])oc12,1.7536486,6.767742,20.4854,4.6943827,2.3071733,491.05682,-1.6169714,249.4013,3.2741587418021414
O=c1cc2oc3c(nc2c2cc([N+](=O)[O-])nc2n1)c1oc2c([N+](=O)[O-])cccc2c1n3[N+](=O)[O-],1.7222459,6.1751523,17.014732,4.0995884,1.8747717,458.30545,-72.66433,168.08762,3.9044168818967018
O=[N+]([O-])c1cc([N+](=O)[O-])c2oc([N+](=O)[O-])nc2c1,1.7700492,7.3517327,24.20248,5.2642856,2.7570906,523.1167,-70.04453,264.9676,3.146048118299607
O=[N+]([O-])N=Cn1c([N+](=O)[O-])nc2c([N+](=O)[O-])ncnc21,1.8262502,7.891813,28.562809,5.385866,3.2166796,597.1702,323.31946,179.7025,4.007926051801695
O=[N+]([O-])c1cc2c(c([N+](=O)[O-])c1)Nc1cc([N+](=O)[O-])cc([N+](=O)[O-])c1O2,1.7805829,6.9067483,21.484539,4.766269,2.3971274,502.87848,-172.02951,263.57147,2.9950319070460782
O=c1[nH]c2nc3cc([N+](=O)[O-])c4nonc4c3nc2[nH]1,1.781652,6.5029874,19.061861,3.8781576,1.9899063,517.05884,168.01416,280.71063,3.330868022112085
O=c1[nH]c2c([N+](=O)[O-])cc([N+](=O)[O-])cc2n1[N+](=O)[O-],1.865481,7.5996084,26.846748,4.8222,2.7140112,564.19977,-140.11105,148.36575,3.1946917127552865
O=[N+]([O-])c1cn2ncc([N+](=O)[O-])c2nn1,1.7709671,7.6611667,26.37692,5.662893,3.297352,581.9414,381.0294,275.43597,3.2278528186162996
Nc1c([N+](=O)[O-])nc2cc3cnn(N)c3c([N+](=O)[O-])c2c1[N+](=O)[O-],1.737355,6.9730673,21.598536,4.796459,2.7155929,568.5307,246.44781,232.88155,3.5358782366823256
N=c1nc([N+](=O)[O-])n([N+](=O)[O-])c2cnccc12,1.7055347,6.839718,20.65693,4.699227,2.6815991,571.9899,214.75934,119.271164,3.653992334348917
O=[N+]([O-])c1cnc2oc3cncc([N+](=O)[O-])c3c2c1[N+](=O)[O-],1.7554893,6.8768587,21.183525,4.9083643,2.4266815,493.5417,54.5022,225.58186,3.286283357186756
O=[N+]([O-])c1nc2ncn3nnnc3c2c2nnnn12,1.8135568,7.4308605,25.314812,4.9300523,2.8931792,587.52484,780.0126,260.47473,3.621283908559482
O=c1c2c([N+](=O)[O-])ccc([N+](=O)[O-])c2cnn1[N+](=O)[O-],1.8044178,7.414502,25.10623,5.2792296,2.8341265,535.60626,37.384205,155.20375,3.1055053454640067
O=[N+]([O-])n1ncc2nonc21,1.7777674,8.214608,30.426239,6.6177387,4.045605,609.893,484.59555,118.45778,3.827143760614847
O=[N+]([O-])c1cn([N+](=O)[O-])c2cc3ocnc3c([N+](=O)[O-])c12,1.798291,7.23928,23.829609,5.1235,2.6694121,520.101,46.283756,156.20364,3.6929513127398614
O=[N+]([O-])N=Cn1nnc2cc([N+](=O)[O-])c([N+](=O)[O-])nc21,1.8051752,7.948457,28.66773,5.760584,3.414826,593.34174,427.25748,196.90308,3.890469641545283
O=c1c2nc3c([N+](=O)[O-])cccc3c([N+](=O)[O-])c2nnn1[N+](=O)[O-],1.7791637,7.122739,23.043362,5.0279155,2.6184676,519.6526,204.01276,149.04968,3.339189727066941
O=[N+]([O-])N=Cc1ncnc2c1nc([N+](=O)[O-])n2[N+](=O)[O-],1.8204759,7.9590635,29.051916,5.6357374,3.3518674,594.906,381.99875,132.24445,4.111959385135027
O=[N+]([O-])c1cnc2c(c1)c1onc([N+](=O)[O-])c1c1[nH]nnc21,1.7397771,6.7171264,20.034994,4.759052,2.4089532,505.3391,349.42905,277.82773,3.5798943249286914
O=[N+]([O-])N=Cc1nc2c(o1)c([N+](=O)[O-])nc1cc([N+](=O)[O-])c3nccc([N+](=O)[O-])c3c12,1.7553155,6.846192,21.024935,4.808538,2.4042947,499.78275,152.37622,208.5401,3.8621614411589587
O=[N+]([O-])c1cc2c3nc[nH]c3cc([N+](=O)[O-])n2n1,1.6907691,6.507612,18.448174,4.336052,2.3407745,541.95044,188.93073,283.7791,3.4649012721457613
O=[N+]([O-])c1nc2nc3c([N+](=O)[O-])ccc([N+](=O)[O-])c3cc2o1,1.7709005,6.851908,21.137495,4.7584205,2.340578,490.95132,8.516681,249.00931,3.2606841264175266
Nc1n[nH]n2c(=O)cc([N+](=O)[O-])nc12,1.721296,6.721217,19.923418,3.820412,2.3510647,618.93726,51.039112,283.24762,3.5951866585666306
O=[N+]([O-])c1cc2nc([N+](=O)[O-])c3ccoc3nc-2n1,1.70402,6.4767838,18.430521,4.433743,2.207337,499.0603,103.76227,246.53592,3.431026592290845
O=[N+]([O-])N=Cc1ncc([N+](=O)[O-])c2nc([N+](=O)[O-])c([N+](=O)[O-])n12,1.8373967,8.10824,30.195988,5.85119,3.420398,583.20905,303.20624,175.67696,3.893709255949874
Nc1c([N+](=O)[O-])nc2cc[nH]c2c1N[N+](=O)[O-],1.6863568,6.693077,19.61772,4.286924,2.5944133,606.7496,92.40961,156.17159,3.471524106924168
O=[N+]([O-])c1ccc2c(c1)n([N+](=O)[O-])c1nnc3nc([N+](=O)[O-])cc-3n21,1.7393521,6.8864675,21.240986,4.9162846,2.5930462,528.57983,381.69077,126.436035,3.5526398649391835
O=[N+]([O-])c1cc([N+](=O)[O-])c2c([N+](=O)[O-])c3nn[nH]c3cc2n1,1.7568672,7.113039,22.648762,5.0615144,2.6998947,534.17957,285.51236,223.56947,3.4254902802636806
O=[N+]([O-])c1n[nH]c2cc3[nH]ncc3c(O)c12,1.6708324,5.9035025,15.0514765,3.439633,1.8566093,540.4335,11.86774,307.92914,3.1682284753483314
O=[N+]([O-])c1ncc2c(ncn3nnnc23)n1,1.7521188,6.8801913,21.308306,4.473345,2.5508363,571.67035,508.4172,254.83572,3.3904692111342856
Nc1c2nc([N+](=O)[O-])nnc2c([N+](=O)[O-])c2c1c1nccc([N+](=O)[O-])c1n2N,1.7460034,6.806073,20.708704,4.579573,2.5104935,550.0468,374.76035,252.53021,3.764625965715295
O=[N+]([O-])Nc1nnc2cnc([N+](=O)[O-])cn12,1.750163,7.6218038,26.047178,5.3841863,3.3325632,619.9866,380.3311,132.99849,3.4413019718518285
O=[N+]([O-])c1ccc([N+](=O)[O-])c2c1O2,1.7224534,6.983847,21.546066,5.2485914,2.6688054,505.97995,-101.53889,280.134,2.7702393104483853
O=[N+]([O-])NC1=CN([N+](=O)[O-])C=C([N+](=O)[O-])C1=C1N=NN=N1,1.8362465,8.225804,31.150852,6.0244303,3.7510252,622.8548,536.95496,146.34912,4.471841191282373
Nc1nc2c(nc1[N+](=O)[O-])c(N)c([N+](=O)[O-])c1c(=O)c3cc([N+](=O)[O-])ccc3oc12,1.7336087,6.207441,17.090816,3.7636654,1.8738391,500.98788,-200.85521,258.05878,3.3215971096612673
O=[N+]([O-])c1cnc2nc([N+](=O)[O-])n3cc([N+](=O)[O-])nc3c2c1,1.7682313,6.9794006,21.869638,4.6993036,2.4873896,530.04016,199.289,270.454,3.306597972571372
O=c1c2nc3cccnc3nc2nc([N+](=O)[O-])n1[N+](=O)[O-],1.7434978,6.6731944,20.075087,4.32621,2.259133,523.2611,181.59573,138.90927,3.32545608727567
O=[N+]([O-])c1ccc2nc([N+](=O)[O-])n3nnc([N+](=O)[O-])c3c2c1,1.7426462,7.068043,22.19446,5.1570983,2.718907,527.07605,316.1968,243.34787,3.12291028026368
O=[N+]([O-])N=Cn1ncc2c1nc([N+](=O)[O-])n1cc([N+](=O)[O-])nc21,1.7829033,7.459657,25.084711,5.076752,2.9440935,581.4138,375.8798,185.2765,4.0418870257210875
O=S1(=O)Nc2[nH]nnc2Oc2ncccc21,1.6111252,5.788883,14.229225,3.4454825,1.9089663,554.3893,54.599796,276.71146,3.768351819829938
O=[N+]([O-])c1nc2c([N+](=O)[O-])ccc([N+](=O)[O-])c2[nH]1,1.7950592,7.341692,24.379084,5.0078115,2.7489715,549.9341,32.649982,262.45337,3.0506567721457607
NN1C([N+](=O)[O-])=C([N+](=O)[O-])c2cc(O)ccc2C12C=NO2,1.6713701,6.4944773,18.25522,4.6257005,2.5101926,545.2347,0.9690577,241.472,4.797805806226931
O=[N+]([O-])c1cnc2nonc2n1,1.7721457,7.625798,26.207912,5.7219043,3.2406986,566.3199,393.93588,261.69394,3.3140094347110045
O=[N+]([O-])c1ccc([N+](=O)[O-])c2c1nnn2O,1.7844579,7.5102696,25.45134,5.5068574,3.1060255,564.31177,195.01169,267.867,2.9791588510191733
O=c1[nH]c([N+](=O)[O-])nc2cc([N+](=O)[O-])cc([N+](=O)[O-])c12,1.7979314,7.1151834,22.93712,4.549662,2.4211245,534.7361,-150.94913,239.80965,2.9914130377716983
O=[N+]([O-])c1cc2ccoc2c([N+](=O)[O-])c1[N+](=O)[O-],1.7291393,7.088158,22.187462,5.4121366,2.7356915,504.16357,-74.504074,217.52174,2.917358695222683
O=CN1CNN(N[N+](=O)[O-])c2nc([N+](=O)[O-])c3nc([N+](=O)[O-])cn3c21,1.8035828,7.5611143,26.079935,4.796104,2.9944751,627.1928,130.4159,160.94872,4.418230874185693
O=c1c2c(nc3c([N+](=O)[O-])cccn13)oc1nc3c([N+](=O)[O-])ccc([N+](=O)[O-])c3nc12,1.7470769,6.174666,17.050045,3.9139793,1.8045015,462.3734,-66.17046,251.79477,3.4037437751587483
N=c1[nH]c([N+]([O-])[O-])nc2c1nc([N+](=O)[O-])n2N,1.8366911,7.7098875,27.286669,4.579703,2.9996576,659.3768,196.5033,279.19836,4.359100427994402
O=[N+]([O-])c1nc2c3c([N+](=O)[O-])cccc3nc([N+](=O)[O-])n2c1[N+](=O)[O-],1.7706196,7.22524,23.439764,5.1820717,2.716579,524.44104,180.64911,228.30927,3.3044376885302587
O=[N+]([O-])c1ccc2c(c1)nc([N+](=O)[O-])c1oc([N+](=O)[O-])nc12,1.7537527,6.769906,20.47642,4.6874156,2.3038409,491.26825,2.8116329,266.063,3.23205951103291
O=[N+]([O-])c1ccc2c(O)c([N+](=O)[O-])nn2c1,1.7245274,6.7421613,20.017319,4.4918942,2.4270456,541.6077,-61.637043,289.10938,3.021376740106829
O=[N+]([O-])c1cnc2c(c1)c([N+](=O)[O-])nc1c3cccc([N+](=O)[O-])c3n([N+](=O)[O-])c21,1.7310967,6.6641836,19.813639,4.856866,2.3965304,493.64114,205.71802,130.01096,3.3774840062339813
O=[N+]([O-])c1cnn2c([N+](=O)[O-])cnnc12,1.7939712,7.737743,27.15382,5.7024865,3.3135436,580.53687,391.23672,274.42493,3.211011167584404
Nn1nnc2c([N+](=O)[O-])c3cnn([N+](=O)[O-])c3cc21,1.7769852,7.4086533,24.843178,5.2848134,3.1263235,592.8263,466.64798,144.649,3.853992730506765
O=[N+]([O-])c1nc2c(o1)c([N+](=O)[O-])cc1c2ccn1[N+](=O)[O-],1.7763383,7.139041,23.021437,5.07393,2.6335628,517.86957,27.547289,147.81602,3.7775270212418857
O=[N+]([O-])c1cc2c([N+](=O)[O-])ccnc2nc1[N+](=O)[O-],1.7324256,7.0237384,21.880365,5.1341457,2.6785064,521.66064,129.41818,226.03978,2.932232653931756
O=[N+]([O-])c1cc2cn[nH]c2nc1[N+](=O)[O-],1.7112658,6.9822593,21.45587,4.9022193,2.7360528,559.83685,186.1286,234.81255,3.0252126685224905
Nc1c([N+](=O)[O-])oc2nc[nH]c(=O)c12,1.7498002,6.3252,17.797562,3.2126899,1.8085811,567.20844,-251.98926,313.35748,3.4147566990524627
O=[N+]([O-])c1cc([N+](=O)[O-])c2c(c1)nnn2[N+](=O)[O-],1.7776582,7.7976565,27.358238,5.944797,3.3790772,567.4639,295.81342,113.4619,3.186931772145761
O=[N+]([O-])c1c2ncoc2nc2nn[nH]c12,1.7374814,6.7391543,20.16575,4.2226496,2.3061101,547.712,223.54086,288.0317,3.878181061558836
Nc1[nH]nc2nc3cncc([N+](=O)[O-])c3c([N+](=O)[O-])c12,1.7201039,6.548204,19.03651,4.2513056,2.3427012,553.20026,258.04004,241.3392,3.274597473713115
O=[N+]([O-])c1nc2c3c([N+](=O)[O-])ccc([N+](=O)[O-])c3ncn2c1[N+](=O)[O-],1.8135,7.3684144,24.77256,5.2040033,2.7449608,527.01526,174.30032,241.57446,3.240365128254714
O=[N+]([O-])c1ccc2nc3c(nc2c1)c([N+](=O)[O-])nc1c3c([N+](=O)[O-])cn1[N+](=O)[O-],1.7751219,6.957393,21.946138,4.8894362,2.4883888,508.55386,239.68176,154.10098,3.454671932232034
O=[N+]([O-])c1cccc2nc3c(c([N+](=O)[O-])c12)c1c([N+](=O)[O-])nccc1n3[N+](=O)[O-],1.726745,6.668093,19.809772,4.8290143,2.4041264,497.8675,197.5007,157.73781,3.4427449604696196
O=[N+]([O-])c1nc2[nH]cc([N+](=O)[O-])c2[nH]1,1.7888818,7.2951093,23.988953,4.5342546,2.690355,595.4826,33.177265,303.04138,3.4201093306314094
O=[N+]([O-])c1ncc2c([N+](=O)[O-])c3c([N+](=O)[O-])cccn3c2n1,1.7345845,6.704085,19.95736,4.702589,2.4041781,511.81552,164.60764,249.73222,3.2225887418021415
O=[N+]([O-])c1ccc2c([N+](=O)[O-])[nH]cc2n1,1.6962506,6.507558,18.54393,4.4326806,2.3624558,534.92993,52.057224,283.7192,3.4199428749014764
O=[N+]([O-])N=Cn1cc([N+](=O)[O-])cc2cc3nc([N+](=O)[O-])c([N+](=O)[O-])c3c([N+](=O)[O-])c21,1.7641021,7.338356,24.139267,5.4446573,2.9001315,531.9673,182.15814,190.19318,3.9177336481228053
O=[N+]([O-])c1cccc2nc3c(nc12)c([N+](=O)[O-])c([N+](=O)[O-])n3[N+](=O)[O-],1.788733,7.3882213,24.768023,5.423794,2.8675325,527.36554,236.58624,142.04341,3.3139543360618315
O=c1c2cc([N+](=O)[O-])nc([N+](=O)[O-])c2c(-c2ccc([N+](=O)[O-])cc2)nn1[N+](=O)[O-],1.7376521,6.8560004,21.021502,4.8824325,2.4955306,510.97864,52.592686,161.12671,3.299630601994597
O=[N+]([O-])c1nc2nc3cccnc3nc2c([N+](=O)[O-])c1[N+](=O)[O-],1.7466543,6.848537,21.014057,4.821046,2.4534712,509.21924,294.7136,213.49724,3.202469443303504
O=[N+]([O-])N=Cc1c2cc([N+](=O)[O-])cc([N+](=O)[O-])c2c([N+](=O)[O-])n2nnnc12,1.7963347,7.54915,25.81106,5.5651994,3.05229,547.7629,424.48294,194.46246,3.7063046762742697
O=c1c2cc([N+](=O)[O-])ccc2nc([N+](=O)[O-])n1[N+](=O)[O-],1.7765957,7.1995435,23.412544,4.96983,2.6492846,533.1436,-38.09457,134.77155,2.996653676378374
O=c1c([N+](=O)[O-])nc2c3nc4c(nc3c1=2)NC(c1ccccc1[N+](=O)[O-])Oc1nonc1-4,1.6717192,5.994201,15.574362,4.052016,1.9243672,475.6371,175.7182,270.59464,4.348777746535921
O=[N+]([O-])c1nc2nnn([N+](=O)[O-])c2c2ncccc12,1.7303641,6.8800235,21.176815,4.9410253,2.6541595,537.37616,421.39078,138.05215,3.484862005933806
O=[N+]([O-])c1ccn([N+](=O)[O-])c2ncnc1-2,1.7606257,7.211978,23.510426,5.0985293,2.8920732,568.6821,215.14151,128.46223,3.4190513176782122
Nc1nc2ncc3c(=O)n([N+](=O)[O-])c([N+](=O)[O-])cc3c2[nH]1,1.7469798,6.5645957,19.387917,3.8797612,2.1541731,557.0987,5.8687005,154.47067,3.54974321557387
O=[N+]([O-])c1nc2cccc([N+](=O)[O-])c2c([N+](=O)[O-])c1[N+](=O)[O-],1.7441351,7.275912,23.536669,5.5462914,2.8822317,518.4397,90.16574,208.85852,2.890516195383043
O=c1[nH]c2nc3cc([N+](=O)[O-])cc([N+](=O)[O-])c3c([N+](=O)[O-])c2[nH]1,1.7854115,6.771306,20.687208,4.1250057,2.1499853,525.15704,-145.74425,232.37901,3.0432504429490193
[N-]=[N+]=Nc1c([N+](=O)[O-])c([N+](=O)[O-])n2c([N+](=O)[O-])c([N+](=O)[O-])c3nc4ccccc4nc3c12,1.7394085,6.900503,21.251604,5.05624,2.56083,506.12656,478.49838,225.77039,3.6110598856320113
O=[N+]([O-])c1ccc2nc3nn[nH]c3c([N+](=O)[O-])c2n1,1.7031132,6.6919866,19.634905,4.5917115,2.4572065,536.3605,337.1561,271.71893,3.4561821800992636
N=c1c2nc3c([N+](=O)[O-])cccc3nc2n([N+](=O)[O-])c(=O)n1[N+](=O)[O-],1.7937719,7.1264215,23.191418,4.655497,2.551382,548.991,113.247894,143.93889,3.5928654726864018
O=c1[nH]c([N+](=O)[O-])nc2c([N+](=O)[O-])c3ncccc3nc12,1.705742,6.193412,16.905367,3.8231208,1.909443,503.0829,24.7298,247.44765,3.1432574135356184
O=c1[nH]oc2oc3c([N+](=O)[O-])cc(O)cc3c12,1.7255168,6.030549,16.04667,3.531664,1.6665248,475.69025,-436.67075,287.87866,3.458227956635974
Nc1c([N+](=O)[O-])cc([N+](=O)[O-])c2nnnnc12,1.809729,7.5374403,25.87619,5.19675,3.0565872,589.3803,370.16647,266.5945,3.2131247758204893
O=c1nc2[nH]cnc2c2[nH]c([N+](=O)[O-])cn12,1.7295071,6.044609,16.176445,2.9855783,1.6646149,560.42114,-53.787617,305.90445,3.685960783040639
O=c1c2cccc([N+](=O)[O-])c2[nH]c2nnc([N+](=O)[O-])n12,1.7184002,6.4525347,18.327446,4.0710382,2.1267824,524.44257,41.36095,254.00699,3.162561949237592
O=[N+]([O-])Nc1ncnc2cc3[nH]c([N+](=O)[O-])cc3nc12,1.7014763,6.427697,18.299147,4.1095734,2.2601318,552.112,209.85999,149.2007,3.263614147039789
O=[N+]([O-])c1ccc2oc3c(c([N+](=O)[O-])nn3[N+](=O)[O-])c2c1,1.7608441,7.149069,22.94698,5.244935,2.7144995,515.98157,61.37821,146.87354,3.337588559703425
N=C1C(=C2N=NN=N2)C(N)=C([N+](=O)[O-])C1[N+](=O)[O-],1.7810029,7.6313257,26.515463,5.1843667,3.288012,636.6399,411.62326,150.67656,4.785863689218965
O=c1[nH]cnc2nc3c([N+](=O)[O-])nc4nc5c([N+](=O)[O-])cccc5c([N+](=O)[O-])c4c3cc12,1.7021654,5.905252,15.388028,3.7094734,1.7298425,468.43774,78.50513,231.5025,3.44421550211936
O=c1c2[nH]c3ccccc3c2n([N+](=O)[O-])c(=O)n1[N+](=O)[O-],1.71668,6.35319,17.969158,3.9608216,2.0480006,519.77313,-165.23058,141.37204,3.2960962520111163
O=[N+]([O-])c1nc2nnn([N+](=O)[O-])c2c2cccnc12,1.7184862,6.863665,20.966309,4.9843717,2.6714082,536.1767,430.72244,131.88211,3.4901940814055035
O=[N+]([O-])c1nnc2c([N+](=O)[O-])ccnc2n1,1.7388682,7.185485,23.007637,5.167752,2.8506525,552.3956,331.60715,242.16032,3.0830044194042774
O=[N+]([O-])c1cnc2[nH]cc([N+](=O)[O-])c2n1,1.7401241,6.931528,21.358385,4.531881,2.5289865,559.99994,104.40396,288.93463,3.180688090661328
O=c1cc(O)c2[nH]c([N+](=O)[O-])nc2[nH]1,1.7315855,6.1033998,16.451214,2.90223,1.6188666,562.44995,-338.03387,294.0218,3.2763461727366723
O=[N+]([O-])c1ccc2nc([N+](=O)[O-])c3nc4nnn([N+](=O)[O-])c4nc3c2c1,1.7691193,6.991023,22.166162,4.9167886,2.5632133,521.0271,462.18326,141.4402,3.483639104848276
O=C1OC(=O)c2nc3cc4c(cc3nc21)OCO4,1.6490597,4.8727055,10.26488,2.3223007,0.9286378,416.68085,-559.1492,285.21417,2.7507905739209093
O=[N+]([O-])N=Cc1nc2c(ncn2[N+](=O)[O-])c(=NN[N+](=O)[O-])n1[N+](=O)[O-],1.8787507,8.515635,33.64998,5.983648,3.7796133,632.32416,459.34195,129.15833,4.691105197141051
O=[N+]([O-])c1cc([N+](=O)[O-])c2c([N+](=O)[O-])c3c(cc2n1)ncn3[N+](=O)[O-],1.7742255,7.33992,24.297283,5.3659906,2.8626513,532.61835,209.80328,125.97191,3.5674732798046556
O=c1[nH]c(=O)c2cc3c([N+](=O)[O-])ccc([N+](=O)[O-])c3nc2[nH]1,1.7508945,5.985421,16.00791,3.185344,1.5730604,499.5362,-330.58563,256.73135,2.7807602802636797
Nn1c([N+](=O)[O-])cc2c(=O)n([N+](=O)[O-])cnc21,1.8040754,7.4420943,25.295872,4.804816,2.8835063,602.7418,57.008564,155.60431,3.7269158126097874
O=[N+]([O-])N=Cc1cc(N=c2[nH]c([N+](=O)[O-])nc3c([N+](=O)[O-])c4cc([N+](=O)[O-])ncc4nc23)ccc1[N+](=O)[O-],1.7198629,6.7380233,20.113144,4.6903353,2.451739,523.9412,252.811,214.23277,4.112151499431201
O=c1n([N+](=O)[O-])c2cc([N+](=O)[O-])ccc2c2nnnn12,1.7852651,7.0998735,22.894766,4.751527,2.6066093,549.5412,246.14536,132.31235,3.13176306811871
O=c1oc2cc([N+](=O)[O-])oc2c2ncoc12,1.7492558,6.2475033,17.40751,3.745689,1.7017694,456.42358,-397.11255,289.23865,3.5483884753483323
O=[N+]([O-])c1nc2c(o1)c([N+](=O)[O-])cc1nccc([N+](=O)[O-])c12,1.7406178,6.776049,20.44265,4.7942934,2.3588943,491.8024,31.189516,238.27234,3.376977972571372
O=[N+]([O-])c1cc([N+](=O)[O-])c2c[nH]nc2n1,1.7261662,7.004644,21.727863,4.8581424,2.7129962,560.2266,162.90015,266.8647,3.388924113175399
O=[N+]([O-])c1n[nH]c2c(O)c3ncccc3c([N+](=O)[O-])c12,1.7198371,6.247766,17.253084,3.9863877,2.0148911,507.46353,-15.136304,252.25479,3.1355820890977313
O=[N+]([O-])c1cnc2nncc([N+](=O)[O-])c2n1,1.745851,7.2547398,23.547132,5.255119,2.9084299,553.33765,356.87082,249.60744,3.30732155227141
Nc1nc2c([N+](=O)[O-])c3nnn(N)c3nc2[nH]1,1.7476163,6.857661,21.104548,3.7897432,2.4932342,662.2503,348.68875,267.2256,3.61364072259342
O=[N+]([O-])c1c[nH]c2ncn([N+](=O)[O-])c12,1.7660534,7.4500027,25.02057,5.109784,3.0590467,599.9026,151.79514,132.95013,3.676190302291329
O=[N+]([O-])c1cnc2n[nH]c([N+](=O)[O-])c2c1,1.7388202,7.0336523,21.962595,4.8735867,2.7058578,556.40106,174.24823,287.4991,3.0974389349390012
O=[N+]([O-])c1cn2nncc2nc1[N+](=O)[O-],1.7548515,7.5778666,25.643444,5.57244,3.2484148,584.00323,373.4008,233.76007,3.4934794602673316
O=[N+]([O-])N=Cn1nnc2c([N+](=O)[O-])c3c([N+](=O)[O-])ccc([N+](=O)[O-])c3nc21,1.8121927,7.5754743,26.175602,5.428478,2.9885676,550.6187,398.21115,203.28116,3.754386868055092
O=[N+]([O-])c1cccc2c1-c1nnnn1-c1nonc1O2,1.6893281,6.598613,18.972113,4.8645544,2.4979892,513.0588,431.39243,249.51509,3.2051126123675653
O=[N+]([O-])c1cnc2c(ncn2[N+](=O)[O-])n1,1.7917734,7.578017,26.227047,5.238565,3.066664,586.54016,290.4264,125.983215,3.671692968710108
O=[N+]([O-])c1cnc2nc([N+](=O)[O-])oc2c1,1.7459742,7.047146,22.111887,4.843689,2.5496905,526.88684,-3.3972142,272.5999,3.237545126308607
Nc1cnc2[nH]c(O)c([N+](=O)[O-])c2c1,1.6607573,5.662999,13.77532,2.8144968,1.6302134,580.49115,-178.88835,342.0729,3.1008826099836373
O=[N+]([O-])c1nn([N+](=O)[O-])c2c([N+](=O)[O-])nc3ccccc3c12,1.6937186,6.7548676,20.045206,5.099682,2.6299481,515.00433,272.12405,121.04996,3.257331049494449
O=[N+]([O-])c1nc2cc3c([N+](=O)[O-])c4cccc([N+](=O)[O-])c4nc3c([N+](=O)[O-])c2[nH]1,1.74304,6.5942826,19.394289,4.5666065,2.243083,492.04248,102.655914,241.74551,3.395030062709152
Nc1ncc2c(cc([N+](=O)[O-])c(=O)n2[N+](=O)[O-])n1,1.7513939,6.975043,21.850151,4.3966937,2.5334623,578.16846,17.899355,156.35722,3.1281000413765305
Nn1c([N+](=O)[O-])nc2cc([N+](=O)[O-])c([N+](=O)[O-])cc21,1.7831615,7.5021663,25.432528,5.28005,3.0592427,580.73865,139.96909,237.91264,3.135950789678363
O=[N+]([O-])c1cccc2c([N+](=O)[O-])c3c(nc([N+](=O)[O-])n3[N+](=O)[O-])nc12,1.7807168,7.334035,24.340397,5.3631177,2.8359365,527.29126,219.4924,122.44112,3.4028652430652766
Cn1c2ncccc2c2nnc3c([N+](=O)[O-])c4c(nc3c21)n([N+](=O)[O-])c1cc([N+](=O)[O-])c2c([N+](=O)[O-])cnn2c41,1.6919357,6.32412,17.665945,4.38058,2.2231462,507.63385,420.41983,174.16168,3.9690506026090553
O=[N+]([O-])c1c([N+](=O)[O-])c2c3nc[nH]c3c([N+](=O)[O-])nc2c2ncccc12,1.7178773,6.279375,17.49175,4.2257695,2.0613892,489.01962,196.8588,229.98616,3.3006006433098145
O=c1c2cc([N+](=O)[O-])ccc2[nH]c2nnc([N+](=O)[O-])n12,1.7022371,6.3864226,17.840008,4.0163198,2.098842,524.551,30.749773,256.25037,3.014277193992836
O=[N+]([O-])c1cn2c(cnc3c([N+](=O)[O-])ncc([N+](=O)[O-])c32)n1,1.762698,7.0779176,22.525066,4.959917,2.6367297,532.1834,268.55566,236.84122,3.4650348956482953
O=[N+]([O-])c1nc2c([N+](=O)[O-])ccnc2o1,1.7440474,7.047422,22.07635,4.8503613,2.5572622,528.2769,11.254092,262.24374,3.376915107546882
O=[N+]([O-])c1ccc2nc([N+](=O)[O-])c([N+](=O)[O-])c(O)c2c1,1.7536361,6.837048,20.899258,4.6616783,2.3897767,513.409,-156.94414,231.03877,2.7829578853769235
O=[N+]([O-])c1[nH]nc2ocnc12,1.7787086,7.2106004,23.383636,4.5563803,2.649062,583.1999,73.52516,301.69824,3.852852941756286
O=[N+]([O-])c1cc2c(cc1[N+](=O)[O-])OCO2,1.7172832,6.777629,20.219517,4.6626816,2.4320161,522.6617,-290.23703,244.26137,2.2915387473217397
Nc1c2nnc3nncn3c2n2c([N+](=O)[O-])cc([N+](=O)[O-])c(C=N[N+](=O)[O-])c12,1.7649033,7.1382675,22.96915,4.8581276,2.7707474,571.32263,512.8658,209.51195,4.179813938269056
O=c1nc[nH]n2c([N+](=O)[O-])ncc12,1.7325879,6.7345505,20.112797,4.0396953,2.3464813,583.3957,60.2367,288.5877,3.375793596162673
O=c1c2c([N+](=O)[O-])ccc([N+](=O)[O-])c2[nH]c2ncc([N+](=O)[O-])n12,1.7861273,6.852587,21.237383,4.354853,2.270839,523.57776,-79.448265,248.2831,3.322141013668624
N=c1c2nnc3ccc([N+](=O)[O-])cc3c2nc2oc([N+](=O)[O-])c([N+](=O)[O-])n12,1.7624753,6.7851243,20.662691,4.577563,2.340833,511.8419,201.80875,253.16446,3.5861180616301205
O=[N+]([O-])Nc1cc2cn[nH]c2c2[nH]nc([N+](=O)[O-])c12,1.7283252,6.8113403,20.680435,4.553141,2.6163902,576.8819,279.88324,145.81985,3.6143836314780726
O=[N+]([O-])c1cc([N+](=O)[O-])c2ocnc2n1,1.7371432,7.0245786,21.883413,4.8138204,2.5434458,529.7662,-12.638806,260.54288,3.330939122556263
O=[N+]([O-])c1cc(N=c2[nH]cnc3nc([N+](=O)[O-])c([N+](=O)[O-])cc23)n[nH]1,1.7515261,6.9210024,21.411589,4.5172234,2.5166793,559.46826,249.78973,236.45981,3.963302741193365
O=[N+]([O-])N=Cc1ncc([N+](=O)[O-])n2nc([N+](=O)[O-])cc12,1.767693,7.5930247,25.907343,5.569621,3.213638,577.7317,326.40063,177.23022,3.931631180006823
O=[N+]([O-])c1ccc2c([N+](=O)[O-])c[nH]c2c1[N+](=O)[O-],1.7576421,7.025034,22.096087,5.0077786,2.6455352,528.5672,-9.282071,241.28589,2.9199029259919147
O=[N+]([O-])c1cc2c(ncc3oc([N+](=O)[O-])cc32)[nH]1,1.7075692,6.287416,17.329803,4.1876554,2.0629792,494.20923,-39.59231,292.95255,3.352453887530376
O=[N+]([O-])c1oc2nc3nccc([N+](=O)[O-])c3cc2c1[N+](=O)[O-],1.7508252,6.831709,20.826635,4.860052,2.3878624,490.60724,36.7627,247.9223,3.3295156648790636
O=c1c2c([N+](=O)[O-])c(C=N[N+](=O)[O-])nc([N+](=O)[O-])c2cc([N+](=O)[O-])c2nccn12,1.7638774,7.112857,22.703426,4.9625683,2.6170704,528.1267,117.0867,194.31288,3.7946980576159
Nn1c([N+](=O)[O-])nc2nc([N+](=O)[O-])ccc21,1.7199464,7.0472465,21.932903,4.7615952,2.8069196,591.42834,190.47354,274.85742,3.377403215956562
Nc1c([N+](=O)[O-])ccc2nc3c([N+](=O)[O-])c([N+](=O)[O-])oc3nc12,1.7865101,6.970332,21.964504,4.6460786,2.421203,522.1771,16.025835,260.42084,3.3584045372418236
O=[N+]([O-])c1cnc2cc([N+](=O)[O-])c([N+](=O)[O-])c([N+](=O)[O-])c2c1,1.7793574,7.3812437,24.568518,5.532479,2.8808098,519.1656,70.23027,214.83032,2.7968517391496217
O=[N+]([O-])c1cnc2c([N+](=O)[O-])cnnc2n1,1.7516818,7.2791967,23.78637,5.2522917,2.9139113,554.7226,351.26218,246.69005,3.351984838984695
O=[N+]([O-])c1ccc2nc3c([N+](=O)[O-])c([N+](=O)[O-])c4nnnn4c3nc2c1,1.7828938,7.0182343,22.217937,4.9391465,2.548931,517.0992,480.2415,233.70934,3.0737198740790452
O=[N+]([O-])N=Cn1ncc2c([N+](=O)[O-])c3c([N+](=O)[O-])nn([N+](=O)[O-])c3cc21,1.8049169,7.777859,27.454136,5.7205167,3.251605,568.4573,388.97403,149.04358,4.247315643309815
O=[N+]([O-])c1ccc2nc3c(nnc4c3cc([N+](=O)[O-])n4[N+](=O)[O-])nc2c1,1.7469742,6.7704086,20.640287,4.8665833,2.4780834,508.67017,413.05588,140.77365,3.3617910279251992
O=c1c2nc3cc([N+](=O)[O-])ccc3nc2nc([N+](=O)[O-])n1[N+](=O)[O-],1.7904845,7.0236044,22.509258,4.683217,2.435232,520.41595,96.880035,140.41965,3.1987449933391305
O=[N+]([O-])c1ccc2[nH]nnc2c1[N+](=O)[O-],1.7115644,7.0554266,21.874098,5.108529,2.851094,559.655,226.69064,237.13123,3.000792781092848
Nc1c([N+](=O)[O-])cc2oc3ocnc3c2c1O,1.7177429,5.8402267,15.006994,3.1468768,1.5705589,501.95343,-367.1895,304.97513,3.537168709500131
O=[N+]([O-])c1nc2c3cccnc3cc([N+](=O)[O-])n2c1[N+](=O)[O-],1.6941737,6.6193724,19.133694,4.769959,2.4274845,509.38324,191.06122,241.46321,3.143596434109834
O=c1c2c([N+](=O)[O-])[nH]nc2nc2ccc([N+](=O)[O-])cn12,1.7374984,6.4626446,18.496698,3.9800966,2.0798016,524.7118,20.344973,286.83078,3.157345725461367
O=[N+]([O-])N=Cn1nnc2c([N+](=O)[O-])c([N+](=O)[O-])cc([N+](=O)[O-])c21,1.8445394,8.182998,30.75011,6.040831,3.5215836,581.671,363.79556,190.78587,3.7620731903761033
O=[N+]([O-])c1cc([N+](=O)[O-])c2[nH]cc([N+](=O)[O-])c2c1,1.756172,6.9619884,21.648685,4.857188,2.5672271,529.27966,-42.176754,291.03165,2.7984721567611466
O=[N+]([O-])c1cnc2nc3c([N+](=O)[O-])cn([N+](=O)[O-])c3nc2c1,1.7932978,7.214606,23.800066,5.0418334,2.6990986,534.68866,282.6508,144.46165,3.430227972571373
Nc1c([N+](=O)[O-])oc2c1cnc1nc([N+](=O)[O-])cn12,1.7552693,6.753353,20.358175,4.2218056,2.3135924,549.4605,37.705387,296.84384,3.7153021979623873
Nc1cc([N+](=O)[O-])nn2cc([N+](=O)[O-])nc12,1.7174014,7.046908,21.887873,4.694645,2.7920775,597.5301,176.9494,281.42975,3.2915313018241825
O=[N+]([O-])N=Cc1nc2c([N+](=O)[O-])c3c([N+](=O)[O-])nc4ccccc4c3nc2n1[N+](=O)[O-],1.7260703,6.7644835,20.38169,4.844772,2.4865646,513.7328,318.2288,164.57722,3.828937187765293
O=[N+]([O-])c1nc2nccc([N+](=O)[O-])c2o1,1.7168272,6.971736,21.393345,4.888042,2.5634568,524.7342,14.98511,268.25214,3.4175451263086067
O=c1c2c(cnn2C=N[N+](=O)[O-])nc2ncc([N+](=O)[O-])c([N+](=O)[O-])n12,1.7967174,7.376476,24.696835,4.901221,2.7463923,562.2386,241.27347,200.39468,3.950772503144968
O=[N+]([O-])c1nc2cccc([N+](=O)[O-])n2n1,1.6927058,6.9035187,20.792776,4.9472423,2.7348528,554.7365,193.25815,273.68646,3.0860648261209898
O=c1[nH]nc([N+](=O)[O-])c2nc[nH]c12,1.7682213,6.757128,20.532183,3.7977636,2.215677,586.87683,19.801973,267.62,3.232047442316519
O=[N+]([O-])c1ccc2c(c1)[nH]c1c([N+](=O)[O-])c3c([N+](=O)[O-])[nH]nc3nc12,1.7430433,6.4903116,18.739704,4.320163,2.1754768,505.25815,162.3945,258.68723,3.2251401993873454
O=[N+]([O-])c1ncc2oc([N+](=O)[O-])cc2n1,1.7541062,7.127586,22.737192,4.971865,2.6371794,530.97815,21.730639,259.58258,3.3911192351266184
Nc1cc([N+](=O)[O-])c(N)c2oc([N+](=O)[O-])nc12,1.7480897,6.8076234,20.59486,4.106633,2.3747206,581.07214,-110.5069,294.21494,3.5700388895328636
Nc1cc([N+](=O)[O-])nc2c([N+](=O)[O-])ncnc12,1.7147564,6.7306333,20.01945,4.32529,2.4579418,570.629,142.73007,250.19774,3.3045063811716595
O=[N+]([O-])c1ccc2nc3c([N+](=O)[O-])cc([N+](=O)[O-])nc3nc2n1,1.7455894,6.7794404,20.534487,4.6397076,2.3608696,509.1982,222.88043,242.96889,3.238098014732076
O=[N+]([O-])c1nc2c([N+](=O)[O-])c([N+](=O)[O-])ccc2[nH]1,1.7696476,7.285014,23.812063,5.0477924,2.763732,548.9065,38.521793,234.23312,3.001384656761145
O=[N+]([O-])c1ncc([N+](=O)[O-])c2[nH]cnc12,1.7554023,7.0263805,22.129938,4.6570597,2.6070006,561.7357,121.710754,258.08923,3.2187548824061682
O=[N+]([O-])c1cc2c(O)ccc([N+](=O)[O-])c2[nH]1,1.6860973,6.2228427,16.76171,3.956804,2.0558188,521.8655,-211.46294,306.9355,3.019454378747259
Nc1nc([N+](=O)[O-])nc2cc3n[nH]cc3c(O)c12,1.6642258,5.664794,13.917018,2.95052,1.6375179,556.6357,-40.054104,272.43127,3.5121692721457602
Nn1c(O)cc2ncc([N+](=O)[O-])n2c1=O,1.7193459,6.4913154,18.52821,3.5651886,2.1149607,597.1245,-185.13959,279.24722,3.55281504188084
O=[N+]([O-])c1cn2ncc([N+](=O)[O-])c2[nH]1,1.7559295,7.3901143,24.281284,5.0658097,2.9994879,593.85944,148.20401,308.52124,3.581067225368251
O=c1[nH]c2nccnc2n1[N+](=O)[O-],1.7479777,6.6875734,20.174053,3.789364,2.2104897,586.64734,19.72252,150.72069,3.2852359038549803
O=[N+]([O-])c1ccc([N+](=O)[O-])c2nc3c(cc([N+](=O)[O-])n3[N+](=O)[O-])nc12,1.8053331,7.437784,25.27126,5.3873653,2.8623288,530.3079,219.34628,140.47276,3.405746069701326
O=[N+]([O-])c1cccc2c1c([N+](=O)[O-])nn2[N+](=O)[O-],1.7541746,7.4520583,24.849451,5.6829853,3.131089,550.30853,194.0263,137.7309,3.206001964453452
C[n+]1cc2c([N+](=O)[O-])c3oc([N+](=O)[O-])nc3nc2n1[N+](=O)[O-],1.7691855,7.4891744,25.2732,5.24309,3.019692,576.6475,115.10687,150.61154,4.3222273989077475
O=c1c2c([N+](=O)[O-])cccc2nc([N+](=O)[O-])n1[N+](=O)[O-],1.756422,7.187249,23.151834,5.0652075,2.7063842,534.45966,-13.55911,130.08804,3.1503668839255443
O=[N+]([O-])c1ccc2nc([N+](=O)[O-])[nH]c2n1,1.7187823,6.8187666,20.488121,4.3943696,2.451724,560.60486,74.04094,274.07742,3.308390154451196
Nc1nnnc2c1c([N+](=O)[O-])cc1c2nnn1[N+](=O)[O-],1.7903544,7.472973,25.384253,5.1962624,3.0626879,589.9884,536.75867,142.65446,3.7844355156711584
Nc1c2ncoc2c([N+](=O)[O-])c2nnnn12,1.7912346,7.077548,22.658424,4.3870616,2.5619676,587.3356,277.9339,281.50748,3.529991552271409
O=[N+]([O-])c1cc2nc[nH]c2c2c1nnn2[N+](=O)[O-],1.749628,7.1008677,22.591642,4.898986,2.7567694,564.8131,337.5982,145.72636,3.5979185029149914
O=[N+]([O-])c1nc2c3ccncc3nc([N+](=O)[O-])n2n1,1.7178992,6.7168355,19.94193,4.554484,2.4450831,538.0165,339.63773,264.37683,3.244082615512906
O=[N+]([O-])c1ncc2c([N+](=O)[O-])c3c([N+](=O)[O-])ccc([N+](=O)[O-])c3cc2n1,1.7672895,6.888662,21.3971,4.9462814,2.467464,498.03717,109.76611,220.92923,3.2198578411120113
O=[N+]([O-])N=Cc1ncc2c(cnn2[N+](=O)[O-])c1[N+](=O)[O-],1.7826838,7.702322,26.868553,5.781406,3.331287,575.59717,371.1912,145.50464,4.025620923596566
O=[N+]([O-])c1ccc([N+](=O)[O-])c2nc3nonc3nc12,1.773012,7.1474404,23.012543,5.3431697,2.7390444,510.36096,392.56375,246.1844,3.003830946427275
O=[N+]([O-])N=Cn1c2ccc([N+](=O)[O-])cc2c2c3c(cc([N+](=O)[O-])c21)c([N+](=O)[O-])nn3[N+](=O)[O-],1.7609913,7.146166,22.958376,5.222224,2.7499409,526.34393,219.19513,136.88931,3.9750802848103923
Nc1nc([N+](=O)[O-])c(N[N+](=O)[O-])c2nnc3c([N+](=O)[O-])cncc3c12,1.7648654,7.099326,22.805098,4.812522,2.7253366,566.8651,343.2421,138.03743,3.5928066660408966
O=[N+]([O-])c1ccc2c(c1)nc1c3ncn([N+](=O)[O-])c3nc-1n2[N+](=O)[O-],1.7580394,6.8932734,21.452682,4.813242,2.5281072,525.8553,335.02023,135.12508,3.5197020722970436
O=[N+]([O-])c1ccc([N+](=O)[O-])n2ncnc12,1.7517946,7.109683,22.616488,5.022393,2.7914813,557.9921,212.85663,267.11935,2.8787743946012903
O=[N+]([O-])c1c[nH]c2c1ncn1ncc([N+](=O)[O-])c21,1.7460902,6.6889772,19.933945,4.4054065,2.3855958,543.07465,215.40405,308.19025,3.285150502914991
Nn1ccc2c(c([N+](=O)[O-])cc3c([N+](=O)[O-])c([N+](=O)[O-])oc32)c1=O,1.7551825,6.8185716,20.734938,4.670004,2.3915038,513.4406,-143.05214,247.83516,3.4357813616823263
Nc1nc2c3ncc([N+](=O)[O-])cc3nc([N+](=O)[O-])n2c1[N+](=O)[O-],1.7830544,7.0894814,22.724972,4.594269,2.5490997,556.87164,195.58658,242.47334,3.4367179367455467
O=[N+]([O-])c1cn2c([N+](=O)[O-])nc3occc3c2n1,1.7236593,6.641255,19.418283,4.430945,2.286641,517.52924,51.641407,276.1519,3.504750502914991
O=[N+]([O-])c1cc([N+](=O)[O-])c2n[nH]cc2n1,1.7403029,7.0856695,22.347544,4.952629,2.7695105,561.9314,186.89883,260.71512,3.3615019743386263
O=c1[nH]c([N+](=O)[O-])c([N+](=O)[O-])c2c([N+](=O)[O-])cc3[nH]cnc3c12,1.8020236,6.8485856,21.363747,4.247018,2.2086496,523.1619,-101.71149,227.97818,3.377764586869615
O=c1[nH]c2n[nH]cc2c(=O)n1C=N[N+](=O)[O-],1.7603315,6.6002474,19.558762,3.3709996,2.0145006,601.53217,-145.47856,190.21973,4.269386936886793
O=[N+]([O-])c1ncc2c(cc([N+](=O)[O-])n3ncnc23)n1,1.7439511,6.7470245,20.351429,4.488009,2.403686,537.58936,307.8964,260.11716,3.420223979808987
O=[N+]([O-])c1nn([N+](=O)[O-])c2ncccc12,1.7187458,7.124752,22.4908,5.2839127,2.9504225,559.30383,266.73325,129.35634,3.2520633251829043
O=c1oc2nc3c(ccc4occc43)c([N+](=O)[O-])c2c([N+](=O)[O-])c1[N+](=O)[O-],1.7383271,6.32459,17.812616,4.2801213,1.9203312,449.36746,-260.4159,222.59622,3.243500598012658
O=[N+]([O-])NC1=NC=C([N+](=O)[O-])C1=C1N=NN=N1,1.8249658,8.095748,30.178518,5.8389153,3.6467564,626.1634,572.72437,131.36588,4.334872146488674
O=[N+]([O-])c1ccc2nnc([N+](=O)[O-])n2c1,1.6948626,6.990645,21.311834,5.1319985,2.8567042,557.122,238.02979,280.61456,2.886524863644441
O=[N+]([O-])Nc1c2ncc3c(nc([N+](=O)[O-])n3[N+](=O)[O-])c2nc2cccc([N+](=O)[O-])c12,1.740621,6.9192557,21.40943,4.911352,2.5882146,526.6336,275.79834,141.01329,3.6079381978413796
O=c1nc2n(c(=O)[nH]1)-c1cccc([N+](=O)[O-])c1OC2,1.6966698,5.507466,13.2803135,2.6407268,1.3323764,510.3497,-451.66183,270.73044,3.0399772454113094
O=[N+]([O-])N=Cc1c([N+](=O)[O-])c2ccccc2c2c1nc([N+](=O)[O-])c1nnn([N+](=O)[O-])c12,1.7152426,6.8144693,20.577753,5.0738277,2.6123075,514.43536,391.33646,126.95082,3.937554563330904
O=c1[nH]c2nnc3c([N+](=O)[O-])c[nH]c3c2[nH]1,1.7681466,6.300614,17.86302,3.2546124,1.8264151,563.20905,18.651094,310.66382,3.4217146291944864
O=[N+]([O-])c1cn([N+](=O)[O-])c2nc[nH]c12,1.7769188,7.47832,25.276173,5.0828857,3.040149,599.16547,143.51242,143.97804,3.615259937918859
O=[N+]([O-])c1cnc2oc([N+](=O)[O-])nc2c1,1.7518076,7.0579176,22.212456,4.8106513,2.5387275,528.5956,-3.5140812,270.05838,3.2848415615806523
O=[N+]([O-])c1cccc2c1Cc1cc3c([N+](=O)[O-])c4nnn([N+](=O)[O-])c4c([N+](=O)[O-])c3nc1-2,1.7209866,6.52253,18.944515,4.813731,2.3503442,487.32474,281.6166,136.14594,3.6584909382001323
O=[N+]([O-])N=Cc1nc2c3nc4c([N+](=O)[O-])cccc4c([N+](=O)[O-])c3c([N+](=O)[O-])cc2n1[N+](=O)[O-],1.7633103,7.032751,22.27269,5.1203327,2.6264288,512.3688,242.90512,169.59677,3.867330925198937
Nc1nc2c(=N[N+](=O)[O-])nc[nH]c2cc1[N+](=O)[O-],1.7502532,6.9066124,21.373987,4.236775,2.5394616,601.8282,149.11453,168.30298,3.5340772784251957
Cn1nnc2c(-n3nc([N+](=O)[O-])c4c3=C3N=C([N+](=O)[O-])C([N+](=O)[O-])=C3N=4)ccc([N+](=O)[O-])c21,1.7398859,6.9893894,21.772568,4.9722037,2.6724494,537.4068,437.6901,247.89807,4.105436430013505
O=C1COc2cnc([N+](=O)[O-])nc2N1N[N+](=O)[O-],1.7866142,7.4071646,24.815191,4.6385603,2.7955742,604.8088,-107.20933,143.60088,3.7675629927109098
Nc1[nH]nc2nc3c(C=N[N+](=O)[O-])ncnc3c([N+](=O)[O-])c12,1.754498,6.831096,21.02769,4.3153644,2.4955432,580.3141,376.27798,208.53915,3.9082883004402236
O=[N+]([O-])c1oc2c([N+](=O)[O-])cccc2c1[N+](=O)[O-],1.7404655,7.084203,22.28081,5.3666434,2.6997645,500.9013,-73.56476,253.99194,2.9292865798380685
O=[N+]([O-])c1c(O)oc2c([N+](=O)[O-])cccc12,1.7240392,6.424873,18.184843,4.160536,2.0521054,494.4597,-329.34668,298.20117,2.8489116238277585
O=[N+]([O-])c1cccc2c1nc([N+](=O)[O-])c1c2nnn1[N+](=O)[O-],1.7498288,7.14105,22.834774,5.279164,2.8034775,530.34436,353.76608,119.55789,3.348558741802142
O=[N+]([O-])c1cc([N+](=O)[O-])c2c(n1)c([N+](=O)[O-])cc1c2ncn1[N+](=O)[O-],1.8121345,7.4375668,25.331198,5.2832756,2.8272262,534.0103,185.8591,145.12706,3.5590870570721655
Nn1c([N+]=O)nc2c([N+](=O)[O-])c3cn[nH]c3c([N+](=O)[O-])c21,1.809789,7.3892746,24.904207,5.004535,2.889534,579.80365,360.1052,262.2677,4.085181272254031
O=c1c2cc([N+](=O)[O-])ccc2nc2oc([N+](=O)[O-])nn12,1.749373,6.5529222,19.117428,4.1291647,2.0566292,500.49234,-89.86753,271.96423,3.1469132779089204
O=[N+]([O-])c1cnc2nn([N+](=O)[O-])nc2c1,1.780588,7.6327353,26.359598,5.6199846,3.2438323,577.97723,358.74875,142.86113,3.4445755203048547
O=[N+]([O-])c1cc2nc3ccnc([N+](=O)[O-])c3nc2nc1[N+](=O)[O-],1.7449077,6.8349485,20.87397,4.781127,2.4395425,509.9038,268.09222,227.90245,3.2272958169298773
O=c1n([N+](=O)[O-])cnc2c([N+](=O)[O-])nc(C=N[N+](=O)[O-])n12,1.8706007,8.090577,30.44731,5.3300614,3.2049875,601.59906,165.53403,146.57332,4.246242796256345
O=[N+]([O-])c1cnnc2nn([N+](=O)[O-])cc12,1.7810565,7.779675,27.40285,5.9214077,3.4656389,583.9202,422.1497,139.18806,3.7503121056707087
O=[N+]([O-])c1cc([N+](=O)[O-])c2ncnc-2cn1,1.6863327,6.697403,19.6306,4.739742,2.5471964,538.76154,199.14996,250.53194,2.887263859963717
Nn1c([N+](=O)[O-])nc2nc3nnn(C=N[N+](=O)[O-])c3c([N+](=O)[O-])c21,1.8204752,7.9362655,28.78153,5.4564204,3.3401375,614.4392,556.566,188.93484,4.272667596889427
O=C1c2cc([N+](=O)[O-])n3c([N+](=O)[O-])cnc3c2C(=O)N1N[N+](=O)[O-],1.8212806,7.310777,24.4382,4.6660986,2.5349765,545.1191,-111.93011,153.3739,3.76056237129771
O=c1[nH][nH]c2c([N+](=O)[O-])c([N+](=O)[O-])ccc12,1.7730576,6.8810415,21.301506,4.427141,2.405677,546.8203,-78.08909,241.5876,2.9451101927007475
O=[N+]([O-])c1ccc2nn[nH]c2c1[N+](=O)[O-],1.6895269,6.9883604,21.259035,5.1036086,2.8481777,559.0795,226.17899,241.67111,3.0583894039821526
O=[N+]([O-])c1nccc2nnnc([N+](=O)[O-])c12,1.7167424,7.2176037,23.00143,5.4357953,3.0077338,553.1314,375.84567,220.17393,3.2724166571665148
Nn1cnc2c(nnc3c2c(O)c([N+](=O)[O-])n3N)c1=O,1.7638714,6.6799393,20.076607,3.798556,2.2552872,594.70337,59.890064,306.93542,3.6974132312888734
O=[N+]([O-])c1c([N+](=O)[O-])c2c(nc([N+](=O)[O-])n3nnnc23)c2ccccc12,1.7194294,6.6252556,19.371588,4.8290586,2.4162915,500.12503,420.69614,223.829,3.1800352586944305
O=[N+]([O-])c1cc([N+](=O)[O-])c2nc3c([N+](=O)[O-])ccc([N+](=O)[O-])c3c([N+](=O)[O-])c2c1,1.7965004,7.1564307,23.298824,5.2476525,2.6148121,496.54913,44.828938,220.73407,3.013429357085661
O=[N+]([O-])c1ccc([N+](=O)[O-])c2nc3c(cc12)nnn3[N+](=O)[O-],1.7785788,7.2418165,23.79218,5.291366,2.8238924,532.77,351.806,135.36311,3.250488741802142
O=[N+]([O-])c1cc2c(c([N+](=O)[O-])c3nnnn32)c2cncnc2n1,1.73096,6.6718006,19.787746,4.5927634,2.4139173,526.16656,538.7323,259.8189,3.414148293683893
O=[N+]([O-])N=Cn1nnc2nc3c([N+](=O)[O-])ccc([N+](=O)[O-])c3c([N+](=O)[O-])c21,1.794212,7.51742,25.62257,5.449859,2.9907115,548.1199,392.8422,202.28938,3.789235550879117
C[N+]1([O-])C2CC([N+](=O)[O-])([N+](=O)[O-])C3C1C[N+]3([N+](=O)[O-])C2,1.6464854,7.3024144,22.974745,5.3834605,3.773926,701.3329,-97.69276,154.13838,7.130406467606829
O=c1[nH]cnc2c([N+](=O)[O-])ncnc12,1.7189233,6.2869883,17.558313,3.534112,1.9262881,548.9725,12.343493,250.83264,3.1676663845087063
O=[N+]([O-])c1cnc2[nH]cnc3nnc(c1[N+](=O)[O-])c32,1.7614323,6.8517313,21.141624,4.531955,2.4489653,541.8587,324.12378,236.05412,3.251679712755287
O=[N+]([O-])c1ccc2nc3nc([N+](=O)[O-])c4nc([N+](=O)[O-])cc([N+](=O)[O-])c4c3nc2c1,1.754856,6.682607,20.07543,4.6599846,2.2753773,488.2237,231.34592,232.17035,3.3004539576912872
Nc1nc2cc3[nH]c(O)c([N+](=O)[O-])c3c(O)c2[nH]1,1.6892787,5.535692,13.3238735,2.4485261,1.377995,563.3818,-378.53824,340.144,3.4148929770123235
O=[N+]([O-])c1cc2nc3occ([N+](=O)[O-])c3cc2[nH]1,1.700211,6.258021,17.085768,4.1335206,2.039098,494.41608,-53.113407,297.29626,3.426029579838069
O=[N+]([O-])N=Cc1c([N+](=O)[O-])n([N+](=O)[O-])c2c([N+](=O)[O-])ccc([N+](=O)[O-])c12,1.817707,7.947238,28.828455,6.0373344,3.3833408,558.0236,193.50177,122.92067,3.8029717971559682
O=[N+]([O-])c1c2cc[nH]c2nc2c3cnn([N+](=O)[O-])c3c3ncn([N+](=O)[O-])c3c12,1.7349919,6.6040487,19.57238,4.493864,2.332187,519.57764,332.09888,143.07828,4.067850148212958
O=[N+]([O-])c1ccc(-c2nnn3c([N+](=O)[O-])cc4c5nc6c([N+](=O)[O-])c7c([N+](=O)[O-])cccc7nc6nc5n([N+](=O)[O-])c4c23)c([N+](=O)[O-])c1,1.735542,6.6787395,19.927927,4.797136,2.3696172,494.25314,366.89114,148.2805,4.014837237495227
O=c1ncc2[nH]c([N+](=O)[O-])nc2c2ccn([N+](=O)[O-])c12,1.726555,6.5629168,19.189957,4.213014,2.2333894,532.9321,63.09122,160.9401,3.680914117069759
O=[N+]([O-])c1ncc2ncnc-2c2nc[nH]c12,1.6483543,5.809011,14.602925,3.4188323,1.8515962,542.6093,247.79514,290.113,3.224495966987128
Nc1nn2cc([N+](=O)[O-])cnc2c([N+](=O)[O-])c1=O,1.7509873,6.984328,21.782764,4.489888,2.5470781,570.5555,58.98801,249.53395,3.0771317721457603
Nc1nc2c3cc([N+](=O)[O-])c([N+](=O)[O-])c([N+](=O)[O-])c3ncn2n1,1.7780021,7.151248,23.104692,4.730063,2.6509495,563.3747,234.46185,219.46748,3.11969461168351
O=[N+]([O-])c1nc2c(o1)c([N+](=O)[O-])cc1[nH]ncc12,1.7294452,6.6860127,19.743254,4.523671,2.3184254,513.69214,67.216675,276.70468,3.4484714259919143
Nc1ncc2c([N+](=O)[O-])cc([N+](=O)[O-])n2n1,1.7274475,7.069581,22.047102,4.696567,2.7932353,596.90295,177.1325,298.20038,3.2390769189977053
O=c1oc([N+](=O)[O-])cc2c1OCO2,1.7452308,6.519632,18.867334,3.796419,1.9089028,506.69473,-566.0033,282.48474,3.1005128269319027
O=c1c2c([N+](=O)[O-])c([N+](=O)[O-])n([N+](=O)[O-])c2nc2ccccn12,1.7526411,6.8964596,21.326822,4.740217,2.4708397,523.039,43.898487,147.81047,3.2856720310383487
O=[N+]([O-])c1cc([N+](=O)[O-])c2nc([N+](=O)[O-])n([N+](=O)[O-])c2c1,1.8406206,8.024401,29.616634,5.8997817,3.319198,560.43915,143.85745,131.24927,3.2752715924601414
O=[N+]([O-])c1cc([N+](=O)[O-])c2ncc([N+](=O)[O-])n2c1,1.783648,7.416629,24.83025,5.3504186,2.930885,548.26984,113.40604,266.6626,3.0245279259919142
O=c1[nH][nH]c2c([N+](=O)[O-])cc([N+](=O)[O-])cc12,1.7733072,6.832926,20.967289,4.3220053,2.3497972,546.91815,-102.896866,287.35895,2.8320676166721235
O=[N+]([O-])c1cnc2ncc3nc([N+](=O)[O-])n([N+](=O)[O-])c3c2c1,1.7509958,7.0964565,22.603516,5.086629,2.715517,533.4643,289.83313,139.35857,3.4223218187252176
O=c1[nH]c(=O)n([N+](=O)[O-])c2ccc([N+](=O)[O-])cc12,1.7854927,6.635284,20.009945,3.8017547,2.0230353,536.69464,-307.54538,141.89308,2.8706077336842224
O=[N+]([O-])c1c2nnn([N+](=O)[O-])c2nc2ncc3[nH]cnc3c12,1.7627612,6.901579,21.63017,4.588088,2.4999719,546.4714,470.94968,144.38106,3.7157563596681467
O=[N+]([O-])c1nc2cccc([N+](=O)[O-])c2c2c([N+](=O)[O-])nnnc12,1.7106196,6.87623,20.797806,5.1591277,2.6456752,512.2832,379.37814,222.7284,3.2419749378089984
O=[N+]([O-])Nn1c([N+](=O)[O-])nc2[nH]ccc21,1.6980048,7.308038,23.36034,5.1221175,3.1773279,623.39984,200.97809,129.66768,3.8017961582035413
Nn1ncc2c3nc([N+](=O)[O-])ncc3c([N+](=O)[O-])nc21,1.7545761,6.947227,21.675768,4.5845346,2.6124563,571.67377,355.13254,248.03024,3.7576620890977317
O=[N+]([O-])c1nc2cc3[nH]nnc3c([N+](=O)[O-])c2[nH]1,1.760058,7.0126777,21.964268,4.5564775,2.559618,564.3021,264.12976,284.64948,3.653267118299607
O=[N+]([O-])c1cn2c3ccc(O)cc3n([N+](=O)[O-])c2n1,1.6885387,6.3877645,17.924652,4.191217,2.2356164,536.02924,-18.610838,144.00548,3.387734150625109
O=[N+]([O-])c1cc([N+](=O)[O-])c2nc([N+](=O)[O-])n3ncnc3c2c1,1.7707478,7.075653,22.513662,4.9352646,2.6095464,529.7118,265.23718,241.66125,3.0655872033406038
N=c1nc[nH]c2nc([N+](=O)[O-])oc12,1.7238594,6.621623,19.416243,3.7872808,2.2039566,584.08417,-2.4049962,284.80276,4.18768590385498
O=[N+]([O-])Nn1c([N+](=O)[O-])nc2c([N+](=O)[O-])cc([N+](=O)[O-])cc21,1.8199304,7.9910827,29.184765,5.805518,3.3907483,584.10254,170.02359,122.13599,3.405927335966598
Nn1c2ccnc([N+](=O)[O-])c2c2c[nH]c(=O)nc21,1.6566255,5.767433,14.357133,3.233056,1.7860852,556.13855,42.89957,262.61496,3.5680938875303765
O=c1c2cc3c([N+](=O)[O-])[nH]nc3nc2oc2c([N+](=O)[O-])cccc12,1.7139168,5.922803,15.438754,3.7584434,1.7268244,460.39578,-90.923584,268.59097,3.197480335562923
O=c1c2cc3ncncc3nc2[nH]n1[N+](=O)[O-],1.703244,6.1659236,16.965864,3.729046,1.9896145,535.41516,157.53891,173.0598,3.519078120302094
O=[N+]([O-])c1cc([N+](=O)[O-])c2c(c1)nc([N+](=O)[O-])n2[N+](=O)[O-],1.7991447,7.9019465,28.302895,5.927714,3.3261704,559.438,153.61618,114.96973,3.2938329910615396
Nc1nc([N+](=O)[O-])c2c(nnn2N)n1,1.7107165,7.220981,23.00682,4.410009,3.0160944,686.42664,356.75186,271.35364,3.625072488526146
Nc1cnn2c([N+](=O)[O-])cnc([N+](=O)[O-])c12,1.7586882,7.219096,23.345442,4.8949137,2.8967822,593.81805,226.92105,272.14,3.3848769189977057
O=[N+]([O-])Nn1c2ncc([N+](=O)[O-])cc2c2nc([N+](=O)[O-])cn21,1.7691149,7.374296,24.510515,5.1569242,2.9673197,577.88336,293.9055,156.39166,3.7534110494944484
O=c1[nH]c([N+](=O)[O-])nc2cnc3nc([N+](=O)[O-])ccc3c12,1.7308369,6.2052364,17.133001,3.6985102,1.8496585,503.90833,-12.106458,267.82523,3.2470773074348216
O=[N+]([O-])c1ccc([N+](=O)[O-])c2c1cnn2[N+](=O)[O-],1.7747968,7.510769,25.437115,5.6860857,3.1366885,550.44165,198.93008,121.01726,3.108092349068839
O=[N+]([O-])N=Cc1c(O)[nH]c2[nH]cc([N+](=O)[O-])c12,1.7807401,6.9349732,21.757364,4.1501427,2.4275365,588.4917,-111.8052,196.85857,4.049164575151593
O=[N+]([O-])c1ncc2c([N+](=O)[O-])c3ncn([N+](=O)[O-])c3cc2n1,1.788712,7.209661,23.671923,5.003232,2.699625,540.07544,260.86172,143.1536,3.7262564341098336
O=[N+]([O-])c1cc2c(cn1)cc([N+](=O)[O-])c1nnnn12,1.7370515,6.87813,20.977781,4.9092116,2.6217892,535.45605,408.95303,274.0065,3.133099161231339
O=c1[nH]c2ncnc([N+](=O)[O-])c2[nH]1,1.7570231,6.4234676,18.46364,3.160989,1.8334249,584.50146,-110.56758,287.7594,3.1150205192395948
O=c1[nH]c(N[N+](=O)[O-])nc2[nH]ncc12,1.734397,6.693133,19.975788,3.601774,2.2373657,624.429,7.9654717,166.33873,3.284772893384446
O=[N+]([O-])c1cc2c(cnc3c2cc([N+](=O)[O-])n3[N+](=O)[O-])c2nn[nH]c12,1.7561964,6.8899326,21.3901,4.844669,2.543618,525.144,347.2338,145.31831,3.700069296377311
O=[N+]([O-])c1nc2[nH]cnc2c2nonc12,1.758472,7.023046,22.146585,4.86202,2.6491978,547.17596,364.81894,259.76788,3.482116660843273
O=c1[nH]ccc2nnn(N[N+](=O)[O-])c12,1.69105,6.824267,20.336515,4.367326,2.6509738,611.4749,156.12842,139.98247,3.5699504081773448
O=[N+]([O-])c1cc([N+](=O)[O-])c2c3ncn([N+](=O)[O-])c3n([N+](=O)[O-])c2c1,1.8146439,7.6438923,26.718372,5.5822053,3.0670786,547.7769,213.10162,140.84972,3.683441457836171
O=[N+]([O-])c1cc([N+](=O)[O-])c2c(c1)n[n+]([O-])c1ccc([N+](=O)[O-])c([N+](=O)[O-])c21,1.7714224,7.1441355,22.949175,5.385579,2.7155583,503.06024,131.19931,219.14883,3.3368163464534053
O=[N+]([O-])c1cc2cncc([N+](=O)[O-])n2n1,1.7015083,7.011253,21.525023,5.123157,2.852408,558.3513,224.66052,280.695,3.4192910925374997
O=[N+]([O-])c1cnn2c([N+](=O)[O-])nnc2c1,1.7606987,7.5854926,25.742283,5.590372,3.2376993,580.0796,364.7106,272.23904,3.118488465895849
O=[N+]([O-])c1cc2c(ncn3nnnc23)o1,1.738488,6.86046,20.870037,4.6584945,2.522665,543.1762,314.34143,282.8247,3.3282053907180504
O=[N+]([O-])c1nc2c(nc([N+](=O)[O-])n2[N+](=O)[O-])c2ccccc12,1.7140381,6.7338324,20.112474,4.877469,2.5135682,515.36865,225.32565,134.1684,3.3010964341098337
O=[N+]([O-])N=Cn1nc([N+](=O)[O-])c2cc3nc4cnn([N+](=O)[O-])c4nc3cc21,1.7650447,7.0916295,22.670778,4.968461,2.7098217,546.6533,484.53812,151.2714,4.131567807991868
Nc1cnc([N+](=O)[O-])c2c1nc([N+](=O)[O-])n2N,1.7420353,7.192764,23.04382,4.6669474,2.9090855,625.7338,216.18237,280.692,3.589549658763633
O=c1n([N+](=O)[O-])c(O)c2c([N+](=O)[O-])cccn12,1.7824932,6.936223,21.800306,4.2516227,2.3331776,551.6763,-253.24634,193.71925,3.2974235049174787
O=c1oc2coc(O)c2cc1[N+](=O)[O-],1.7773565,6.268184,17.653437,3.4712925,1.6451718,478.43106,-566.52374,275.12088,3.3348643913601537
O=[N+]([O-])c1ccc([N+](=O)[O-])c2c([N+](=O)[O-])c[nH]c12,1.7775291,7.076927,22.601189,4.987271,2.641415,529.82306,-9.611524,250.71133,2.848041387530376
O=[N+]([O-])c1cn2c([N+](=O)[O-])nc3ccnn3c2n1,1.7218978,6.9236608,21.09906,4.669285,2.6243346,564.06525,314.80945,275.83325,3.5382858875303764
O=[N+]([O-])c1cc([N+](=O)[O-])c2cc([N+](=O)[O-])c([N+](=O)[O-])cc2n1,1.7818456,7.351194,24.390688,5.406795,2.820817,520.7288,37.64574,229.86728,2.868877999096572
O=[N+]([O-])N=Cn1cc2c(nnn3c([N+](=O)[O-])cnc23)c1[N+](=O)[O-],1.8027483,7.630287,26.51906,5.4791026,3.1545756,575.7105,472.304,182.18832,4.0859595531936135
Nc1nnc2c(nc([N+](=O)[O-])c3oc4cc([N+](=O)[O-])ccc4c32)c1[N+](=O)[O-],1.7362089,6.5292325,18.937792,4.4509835,2.2195113,498.77457,124.142365,261.87082,3.345775026287086
O=[N+]([O-])Nc1ccnc2c1cc([N+](=O)[O-])c1nnn([N+](=O)[O-])c12,1.7654387,7.256916,23.720823,5.2129135,2.9046469,557.404,361.86734,133.1359,3.575238674072735
O=[N+]([O-])Nc1nc([N+](=O)[O-])c([N+](=O)[O-])c2nnc3cc([N+](=O)[O-])ccc3c12,1.7653531,7.2545195,23.70236,5.27749,2.8431137,538.68945,291.0035,130.71724,3.359699407570371
O=c1oc([N+](=O)[O-])nc2nccn12,1.7224356,6.560394,18.960842,3.7180533,2.0215602,547.5781,-168.23499,263.89365,3.5375935961626723
O=[N+]([O-])c1cc2c3nccnc3nnc2n1[N+](=O)[O-],1.7291535,6.9352484,21.51942,5.0683928,2.732724,538.82056,465.6683,132.841,3.527468972552094
O=c1cnc2cc([N+](=O)[O-])c([N+](=O)[O-])cc2n1N[N+](=O)[O-],1.7798837,7.343655,24.336786,5.0655293,2.836855,561.64075,27.97803,144.18501,3.249272741311291
Nc1c([N+](=O)[O-])cc(N[N+](=O)[O-])n2nnnc12,1.8249682,7.87396,28.411688,5.2516084,3.3870473,647.3781,369.69986,149.0163,3.4896986888639674
O=[N+]([O-])c1c2cccnc2c([N+](=O)[O-])c2c1nc([N+](=O)[O-])n2[N+](=O)[O-],1.7854449,7.372996,24.656406,5.4275117,2.8717246,527.5783,244.35641,121.015915,3.509579824006723
O=[N+]([O-])c1cccc2nc([N+](=O)[O-])n3nnc([N+](=O)[O-])c3c12,1.7266166,7.025295,21.803364,5.166523,2.7274213,527.7225,332.199,237.73717,3.237556434109833
O=[N+]([O-])N=Cc1c([N+](=O)[O-])cnc2nnn([N+](=O)[O-])c12,1.8166403,8.053852,29.626219,5.985238,3.5396197,591.082,473.30966,119.651825,4.078831180006823
O=[N+]([O-])c1nc2cc3ocnc3c([N+](=O)[O-])c2o1,1.7661746,6.839616,20.97484,4.6087418,2.2703164,493.0764,-71.20751,251.34943,3.726150502914992
Nn1c([N+](=O)[O-])cc2nc3nc4nc([N+](=O)[O-])ccc4c([N+](=O)[O-])c3nc21,1.7431366,6.6918902,20.032366,4.4996343,2.3655162,526.9345,307.7472,245.7777,3.623425961838021
O=[N+]([O-])c1nc2c(o1)c1c([N+](=O)[O-])c([N+](=O)[O-])c([N+](=O)[O-])nc1c1cnc3ccccc3c12,1.7120783,6.306265,17.611797,4.4965386,2.0647829,459.13763,103.10416,217.49791,3.6082393547810447
O=[N+]([O-])c1ccc2c([N+](=O)[O-])c3c(nc([N+](=O)[O-])n4nnnc34)nc2c1,1.7545949,6.897271,21.273167,4.8634176,2.5077963,516.0046,439.75272,233.07492,3.250442951002122
O=[N+]([O-])c1ccc2c(ncc3n[nH]c([N+](=O)[O-])c32)n1,1.7016295,6.378791,17.870283,4.300527,2.2231205,518.3645,235.04764,278.6272,3.3701139652952
Nn1ncc2oc([N+](=O)[O-])nc21,1.738581,7.369111,24.144983,4.9444356,3.079249,623.9787,164.65396,281.24582,4.168937365603641
Nc1ncnc2c([N+](=O)[O-])cc([N+](=O)[O-])nc12,1.7077601,6.69101,19.724455,4.2543545,2.422551,571.98645,123.79993,252.46628,2.9393261136131326
O=c1[nH]nnc2cc3c([N+](=O)[O-])c[nH]c3c([N+](=O)[O-])c12,1.7560455,6.638102,19.73096,4.2239466,2.2207906,528.55035,73.55272,250.03442,3.5035700611257035
Nn1nnc2c1=C([N+](=O)[O-])c1cccc([N+](=O)[O-])c1N=C([N+](=O)[O-])N=2,1.7291213,7.0650983,22.127716,5.044826,2.8319876,562.00476,419.53574,245.71632,3.963983362873474
Nn1c2nc([N+](=O)[O-])c([N+](=O)[O-])c-2c2nc3ccccc3nc2c1[N+](=O)[O-],1.7093658,6.445463,18.345482,4.4633155,2.2922862,515.40436,292.0035,243.26347,3.2963199327319916
O=[N+]([O-])c1ccc2c3nnc([N+](=O)[O-])nc3n([N+](=O)[O-])c2c1,1.7592379,7.168339,23.138098,5.237779,2.8002725,534.1264,340.72464,127.97279,3.3048118187252182
O=[N+]([O-])c1cc2c(cnn2[N+](=O)[O-])c2nn[nH]c12,1.7519767,7.1775146,23.055998,5.1019034,2.87646,564.52136,396.41733,149.06859,3.7128748106072997
O=[N+]([O-])C1=NN([N+](=O)[O-])C2=NC=NC23N=c2cc([N+](=O)[O-])cc([N+](=O)[O-])c2=C13,1.7833232,7.420964,25.002008,5.4253626,2.9542546,544.79816,403.55106,129.46848,5.175907208768587
Nc1nc2c([N+](=O)[O-])ccc([N+](=O)[O-])c2nc1[N+](=O)[O-],1.777806,7.144539,23.0184,4.7578106,2.6410894,556.2808,71.36032,252.51096,3.048059481893615
O=[N+]([O-])Nn1c([N+](=O)[O-])nc2c1N=CNC=N2,1.7533392,7.567964,25.72339,5.0613055,3.2439444,644.04974,333.2958,135.03607,4.577409626030408
O=[N+]([O-])c1cc2c(cn1)nc1c3nc([N+](=O)[O-])oc3c([N+](=O)[O-])cn21,1.7728707,6.813289,20.921501,4.5652065,2.2845633,500.68607,116.82742,271.20844,3.7201040789860063
O=[N+]([O-])c1nc2cc([N+](=O)[O-])c3nc[nH]c3c2o1,1.7583568,6.6764464,19.975172,4.2612624,2.1960287,517.43896,1.1085535,264.482,3.563912349068838
O=[N+]([O-])c1cnc2nc([N+](=O)[O-])cc([N+](=O)[O-])c2c1,1.7436262,7.0218787,21.96741,5.0319858,2.6287112,522.84827,99.63837,252.71342,2.9090226991806247
O=[N+]([O-])c1nc([N+](=O)[O-])c2c(cc([N+](=O)[O-])c3cccn32)n1,1.7077684,6.66493,19.566092,4.7713876,2.4491394,513.6823,177.64313,224.18427,3.2861887418021407
O=Cc1nn2cc([N+](=O)[O-])nc2c(=O)o1,1.7388645,6.710422,19.94012,4.021665,2.1270585,532.15857,-191.53772,283.89697,3.632687340192285
O=[N+]([O-])c1nccc2cnn([N+](=O)[O-])c12,1.6967301,7.0842166,22.044186,5.3591847,2.9994946,560.40656,282.4167,122.09003,3.370785651636937
O=c1c2cc([N+](=O)[O-])cc([N+](=O)[O-])c2cnn1[N+](=O)[O-],1.8129774,7.404721,25.11358,5.208938,2.791108,535.0265,21.389864,149.9244,2.9957523701374473
O=c1[nH]c([N+](=O)[O-])nc2c([N+](=O)[O-])c3[nH]cnc3cc12,1.747846,6.373767,18.114876,3.663861,1.9133447,526.8777,-71.1704,271.68906,3.438591319866963
Nn1c([N+](=O)[O-])c2n3c(cnc13)C(=O)Nc1c(N[N+](=O)[O-])cc([N+](=O)[O-])n1-2,1.7958819,7.2223916,23.719257,4.4659805,2.6369903,593.70807,69.79796,168.81178,4.189002463418634
O=c1oc([N+](=O)[O-])nc2c1[nH]c1c([N+](=O)[O-])cccc12,1.7275625,6.134688,16.6481,3.6859484,1.763196,481.64807,-241.88693,276.90933,3.18757313804878
O=[N+]([O-])c1c2nn[nH]c2cc2[nH]nnc12,1.7019768,6.721832,19.818678,4.459711,2.5818658,581.0386,436.0024,261.53354,3.6767002028826283
O=[N+]([O-])NN=c1c2nc([N+](=O)[O-])[nH]c2ncn2nncc12,1.7698162,7.329258,24.272776,4.7988253,2.9217048,611.7068,493.09293,158.7035,4.216865523952377
O=[N+]([O-])c1cn2c([N+](=O)[O-])ccc2nn1,1.694481,7.055842,21.72079,5.3032994,2.9573631,558.1089,271.44128,277.74826,3.2718160456331855
O=[N+]([O-])c1cc2cnc3nonc3n2n1,1.729787,7.0825567,22.195557,5.3118305,2.884672,543.19684,471.23257,281.6912,3.632646893401412
Nc1nc2c(ncn2[N+](=O)[O-])c(=NC=N[N+](=O)[O-])[nH]1,1.7821807,7.3443193,24.461454,4.385863,2.8442922,651.6099,251.87628,159.88533,4.520618470151736
Nn1nc(C=N[N+](=O)[O-])c2c([N+](=O)[O-])c3c(nc([N+](=O)[O-])c4nc[nH]c43)nc21,1.779303,7.1019406,22.865,4.6262403,2.6338375,571.5483,412.82907,197.72482,4.250186565641684
O=[N+]([O-])c1cnc2ccnc([N+](=O)[O-])c2c1[N+](=O)[O-],1.7112839,7.0134087,21.643877,5.242529,2.7535381,525.0113,157.7992,216.42912,2.958065233117278
O=[N+]([O-])c1cc([N+](=O)[O-])c2c(c1)nnn2O,1.7430443,7.358298,24.026867,5.4593806,3.0652108,562.53253,176.30402,264.19653,2.932207509337598
O=c1cc([N+](=O)[O-])[nH]c2nncn12,1.7155379,6.6229253,19.237486,3.8605735,2.2392254,583.9608,39.75223,283.92438,3.5471589807780575
Nc1nncc2c([N+](=O)[O-])n[nH]c12,1.6941923,6.7715187,20.066288,4.2164974,2.6754017,635.4624,286.23593,297.75467,3.429447442316518
O=[N+]([O-])N=Cn1c2coc(O)c2c2c([N+](=O)[O-])cc3nonc3c21,1.7733974,6.8237476,21.011734,4.627162,2.371278,512.28235,36.800373,190.64154,4.1926282115675155
O=[N+]([O-])c1ccc2c(c1)nc([N+](=O)[O-])n1nnc([N+](=O)[O-])c21,1.743507,7.058931,22.153498,5.1305327,2.7069197,527.36957,314.92746,242.62875,3.1444341264175257
O=[N+]([O-])c1cn(O)cc1[N+](=O)[O-],1.7526435,7.891574,27.792124,5.9676147,3.6436446,609.6694,2.9412105,267.18515,3.2077356060728492
O=[N+]([O-])c1ccc([N+](=O)[O-])c2c([N+](=O)[O-])c3cn[nH]c3nc12,1.7468882,6.808408,20.71337,4.7854285,2.468478,516.275,185.8594,230.71999,3.0518402802636793
O=[N+]([O-])c1cc([N+](=O)[O-])c2c([N+](=O)[O-])c3c([N+](=O)[O-])ccc([N+](=O)[O-])c3nc2c1,1.7778207,7.100522,22.754818,5.2456937,2.609828,496.5873,46.706593,215.36095,2.9954797067360097
O=[N+]([O-])c1cc([N+](=O)[O-])c2nc3cnc([N+](=O)[O-])cc3c([N+](=O)[O-])c2c1,1.7474916,6.8377843,20.915154,4.9704103,2.4639518,494.86902,114.20657,236.86823,3.0889582806724523
O=[N+]([O-])c1cccc2c1c([N+](=O)[O-])cc1c2c([N+](=O)[O-])nn1[N+](=O)[O-],1.7520571,7.1014314,22.572554,5.361766,2.7630079,513.6997,171.78397,147.1847,3.3008624876117736
O=[N+]([O-])c1nnc2cccn2c1[N+](=O)[O-],1.681467,7.046139,21.547476,5.412978,3.0076249,555.84265,304.83786,232.80995,2.983414169460577
Nc1c([N+](=O)[O-])cc([N+](=O)[O-])c2ncoc12,1.7807596,6.8825016,21.324215,4.3329906,2.3687298,549.5292,-102.509056,281.1204,3.088627187334021
O=c1[nH]c2cc3c([N+](=O)[O-])cn4nnnc4c3nc2[nH]1,1.7418598,6.186826,17.017067,3.4126518,1.8290843,538.6965,209.9206,285.35806,3.353408103083746
O=c1c2ccccc2[nH]c2c([N+](=O)[O-])c([N+](=O)[O-])nn12,1.6863763,6.127719,16.359182,3.9451797,1.9813342,505.05753,-11.490918,258.59488,2.843815935251577
O=[N+]([O-])c1nc([N+](=O)[O-])c2cccc([N+](=O)[O-])c2n1,1.7342173,7.014241,21.848688,5.078533,2.6626322,524.4648,114.58557,234.84181,2.9512236041580024
O=[N+]([O-])c1cc([N+](=O)[O-])c2c([N+](=O)[O-])n3ncnc3nc2c1,1.7639967,7.088794,22.530941,4.9627953,2.6382303,533.7837,278.58298,224.553,3.044513357186757
O=[N+]([O-])c1cc2ncc([N+](=O)[O-])n2cn1,1.715615,6.9573045,21.324799,4.816953,2.6933465,561.66003,158.38077,282.09695,3.1957331188039166
O=[N+]([O-])c1ccc2ncnc([N+](=O)[O-])c2c1[N+](=O)[O-],1.7294326,7.040639,21.968992,5.1690063,2.7159863,525.98804,134.62888,217.30106,2.8670987172801734
O=C1OCOc2cc([N+](=O)[O-])cc([N+](=O)[O-])c21,1.7404411,6.579113,19.181017,4.0799146,2.0619144,508.96158,-501.21497,246.45206,2.6621622340144686
O=[N+]([O-])c1cnc2[nH]nc([N+](=O)[O-])c2c1,1.7317674,6.992832,21.629807,4.7561016,2.6598282,560.8756,154.55313,284.5797,2.913177021242941
O=[N+]([O-])c1cc2c(cnc3[nH]ncc32)nc1[N+](=O)[O-],1.7015456,6.407835,18.085846,4.3746905,2.2606187,518.10486,260.30737,234.74226,3.0279337040470136
O=[N+]([O-])c1ccc2c([N+](=O)[O-])c3nnnn3nc2c1,1.7205794,6.8917866,20.973253,5.125457,2.7257533,532.26996,482.77554,248.96367,2.934393791129743
O=[N+]([O-])c1cc2occ([N+](=O)[O-])c2o1,1.7463603,7.174267,22.852837,5.227283,2.67905,510.24203,-187.02345,289.35165,3.351774917675943
O=[N+]([O-])c1ccc([N+](=O)[O-])c2c([N+](=O)[O-])c3nc4c5cccc([N+](=O)[O-])c5n([N+](=O)[O-])c4nc3cc12,1.7437832,6.6318665,19.710377,4.838186,2.328385,481.03116,189.85455,139.57144,3.481183640075548
O=[N+]([O-])c1c2cccnc2c(O)c2cnn([N+](=O)[O-])c12,1.7047237,6.333736,17.766798,4.2903533,2.1854227,510.3652,48.718174,137.59537,3.3028159352515782
O=[N+]([O-])N=Cn1nnc2c([N+](=O)[O-])c([N+](=O)[O-])c3nc4c([N+](=O)[O-])cccc4nc3c21,1.7641232,7.0583916,22.41174,5.0492096,2.640262,522.8825,415.532,206.71742,3.7997364637833932
O=c1nc([N+](=O)[O-])[nH]c2nc3cccc([N+](=O)[O-])c3c([N+](=O)[O-])c12,1.7342753,6.5315557,18.951172,4.2076993,2.1159732,505.46234,-64.02542,225.7124,3.167784993339131
O=c1nc2nc3ccc([N+](=O)[O-])cc3c([N+](=O)[O-])c2c([N+](=O)[O-])[nH]1,1.7381923,6.5304074,18.952908,4.1800895,2.0980577,504.99344,-80.02447,229.05743,3.1310862951142786
O=[N+]([O-])c1cc([N+](=O)[O-])c2c([N+](=O)[O-])c3ncn([N+](=O)[O-])c3cc2n1,1.8102876,7.4402776,25.323366,5.325248,2.8443325,533.1622,189.14346,148.52632,3.616765587496963
O=[N+]([O-])c1cc([N+](=O)[O-])c2c([N+](=O)[O-])ccc([N+](=O)[O-])c2n1,1.788729,7.390102,24.746895,5.4570293,2.8532512,521.20184,56.765934,222.3916,2.896532110502406
Nc1c([N+](=O)[O-])c([N+](=O)[O-])n2c3ccc([N+](=O)[O-])cc3n(N[N+](=O)[O-])c12,1.768114,7.3365912,24.215885,5.1067715,2.936633,576.9868,109.09259,167.22644,3.6047666132094793
Nc1cc([N+](=O)[O-])c2[nH]nnc2c1[N+](=O)[O-],1.7791082,7.2400393,23.520027,4.7146053,2.8087335,597.9156,179.42453,296.35684,3.3134758456524462
O=[N+]([O-])c1cc2c3cccnc3n([N+](=O)[O-])c2nc1[N+](=O)[O-],1.736215,6.8127556,20.741365,4.9151325,2.5308006,515.1705,224.01431,145.6324,3.233718741802142
O=c1nc([N+](=O)[O-])[nH]c2[nH]ccc12,1.6734102,5.931395,15.236354,3.1507447,1.742928,557.03326,-135.74744,277.23578,3.3691628269319036
O=[N+]([O-])Nn1c([N+](=O)[O-])nc2ccc3nonc3c21,1.7429614,7.389438,24.322323,5.6235266,3.1571379,562.08624,432.2014,127.35489,3.5857116430891036
Nc1nc[nH]c(=O)c1[N+](=O)[O-],1.751303,6.6399527,19.613388,3.272336,2.0921738,642.88696,-184.11862,294.39337,2.8948082938569097
O=[N+]([O-])c1cccc2nn([N+](=O)[O-])c([N+](=O)[O-])c12,1.7277219,7.3538556,23.928421,5.7163906,3.1230242,545.65424,215.10861,132.73335,3.190485618299606
O=c1c2cc([N+](=O)[O-])ccc2nc2ncc3c([N+](=O)[O-])cccc3c3n([N+](=O)[O-])c=3n12,1.6735837,5.8503265,14.995059,3.8242235,1.8065841,474.45477,2.4563777,172.16928,3.266368998772344
Nc1nc2nc([N+](=O)[O-])[nH]c(=O)c2[nH]1,1.7669575,6.452237,18.728384,2.9450989,1.8241949,622.59436,-134.32397,282.76456,3.412446577594972
COc1cc([N+](=O)[O-])c([N+](=O)[O-])c2c([N+](=O)[O-])ncn12,1.7172574,7.1444793,22.478542,5.0460415,2.8713894,570.30347,-52.146755,232.67621,3.3438133280474602
O=c1c(SC2N=NN=N2)nc2c([N+](=O)[O-])cnnc2n1[N+](=O)[O-],1.8142058,7.737034,27.594046,5.3388042,3.1704924,593.45294,543.5614,136.77866,4.333178234512295
O=[N+]([O-])N=Cc1c2cc([N+](=O)[O-])cc([N+](=O)[O-])c2nc2c([N+](=O)[O-])ncnc12,1.7579067,7.02038,22.17412,4.9959273,2.6126957,521.9679,252.16245,187.35075,3.637964629682906
O=C(O)Oc1cncc2c1c([N+](=O)[O-])cn1nc([N+](=O)[O-])cc21,1.700947,6.1875186,16.784266,3.698214,1.8598477,506.73938,-330.63138,252.74467,3.361651860885922
O=[N+]([O-])c1cn2c([N+](=O)[O-])nc3cnc4c([N+](=O)[O-])cncc4c3c2n1,1.740345,6.5803657,19.3708,4.4704084,2.2554436,504.89917,299.5389,251.45059,3.558421797155968
O=[N+]([O-])c1cnc2c([N+](=O)[O-])c[nH]c2n1,1.7518704,6.9758935,21.778395,4.562795,2.5519495,561.4011,113.60614,285.3453,3.2582569461960365
O=[N+]([O-])N=c1nc([N+](=O)[O-])[nH]c2c1cc([N+](=O)[O-])c1[nH]cnc12,1.7981824,7.1337914,23.189049,4.555532,2.5554616,562.7628,163.44727,159.39983,3.8223331795672406
O=C1Nc2ccc([N+](=O)[O-])nc2Oc2cc([N+](=O)[O-])c([N+](=O)[O-])cc21,1.7451919,6.462208,18.614765,4.1176515,2.025076,493.90387,-271.55325,239.53168,3.0464109646834308
COc1nccc2cc3c(nc12)c1c(c2ncn([N+](=O)[O-])c32)c2c3nc4c([N+](=O)[O-])c([N+](=O)[O-])cnc4nc3nnc2n1[N+](=O)[O-],1.7065573,6.322389,17.825747,4.2649055,2.1377716,501.15747,376.1315,170.6785,4.312005604922328
O=[N+]([O-])c1cc([N+](=O)[O-])c2nncn2n1,1.7749721,7.658369,26.435593,5.643159,3.294939,584.53406,388.67227,262.6581,3.1239121056707075
O=[N+]([O-])c1nc2c([N+](=O)[O-])nccc2[nH]1,1.7191736,6.8887873,20.973408,4.603152,2.5684593,560.2552,117.72479,254.78105,3.2359815240572
Nc1c([N+](=O)[O-])cc([N+](=O)[O-])c2c([N+](=O)[O-])ncnc12,1.7894924,7.2119703,23.60143,4.837652,2.6992834,559.8299,86.106415,227.88564,3.092657159687519
Nc1ncc([N+](=O)[O-])c2nn([N+](=O)[O-])cc12,1.7423416,7.1839333,23.073782,4.853131,2.9116507,601.9572,201.793,157.54126,3.4878955236488682
O=[N+]([O-])c1c([N+](=O)[O-])c2ncnc([N+](=O)[O-])c2c2c([N+](=O)[O-])cccc12,1.7496479,6.871498,21.08919,5.0252633,2.5004618,497.26038,141.98917,218.03062,3.1721083905625616
O=[N+]([O-])c1ncc2cc(O)[nH]c2n1,1.6784793,6.00791,15.692139,3.313918,1.8299909,555.3674,-97.63345,270.18994,3.4507589807780565
O=c1oc2c(nnn2[N+](=O)[O-])c2c([N+](=O)[O-])cccc12,1.7599956,6.7437305,20.434889,4.517313,2.2649806,502.26196,-7.386762,147.4217,3.325518592594234
O=C1NC(=O)c2oc([N+](=O)[O-])cc21,1.7818252,6.3622456,18.195795,3.3912997,1.664657,496.1618,-437.03198,289.90402,3.282772497261573
O=[N+]([O-])c1cnc2oc([N+](=O)[O-])cc2n1,1.7498292,7.1053114,22.525179,4.965821,2.6149974,527.68756,22.011675,265.94617,3.3213920306238034
O=c1c2cc3ncn([N+](=O)[O-])c3cc2on1[N+](=O)[O-],1.7769908,7.074629,22.644289,4.9293046,2.5851452,524.85046,33.274433,144.46107,3.9451377009209665
Nc1cc2ncoc2c([N+](=O)[O-])c1[N+](=O)[O-],1.732608,6.78432,20.354898,4.4552,2.4164927,545.32306,-78.44998,243.76135,3.1765792445791012
O=[N+]([O-])C1=NN([N+](=O)[O-])C2=NC(=C3C1=C([N+](=O)[O-])c1ncccc13)N([N+](=O)[O-])N=C2,1.7606562,7.259365,23.77774,5.358076,2.9079616,541.9154,469.2238,139.81013,5.128197646214947
O=c1[nH]c2ncc([N+](=O)[O-])nc2[nH]1,1.7580463,6.410022,18.415234,3.1336172,1.8116051,582.5115,-110.26232,279.71097,3.287916673085749
O=[N+]([O-])c1cccc2c([N+](=O)[O-])c3c([N+](=O)[O-])cn([N+](=O)[O-])c3nc12,1.7740505,7.1463614,23.091894,5.2458057,2.7146,515.7644,143.86328,145.60056,3.315006230436115
O=[N+]([O-])N=Cc1ccnc2c1nc([N+](=O)[O-])c1c([N+](=O)[O-])nnn12,1.7684652,7.3033533,23.978546,5.1924725,2.8780315,554.69696,460.5085,191.07333,3.84463140538862
O=[N+]([O-])c1cc([N+](=O)[O-])c2cc([N+](=O)[O-])c3[nH]cnc3c2n1,1.7393214,6.66395,19.749168,4.474547,2.2962613,514.5056,95.18228,259.23605,3.150738741802141
Nc1c2nc3cccc([N+](=O)[O-])c3nc2c([N+](=O)[O-])c2cc([N+](=O)[O-])n3nnnc3c12,1.7254761,6.3780513,18.007038,4.2847,2.173714,508.2132,394.84036,249.90402,3.518655581956601
O=c1nc[nH]c2c1ncn2[N+](=O)[O-],1.7377349,6.729081,20.268345,3.906364,2.2974887,591.663,37.83318,153.22227,3.431620519239596
O=[N+]([O-])c1cnn2cc([N+](=O)[O-])c([N+](=O)[O-])c2c1,1.7652436,7.4241953,24.697739,5.560466,3.0362916,545.88556,162.41183,263.9243,3.019234656761145
O=c1[nH]c2nc3c([N+](=O)[O-])cc([N+](=O)[O-])cc3c([N+](=O)[O-])c2n1C=N[N+](=O)[O-],1.8125776,7.2361283,23.88596,4.642707,2.5209358,545.4517,-35.98022,193.67424,3.7278918523549702
O=[N+]([O-])c1cc2c(cnn2[N+](=O)[O-])n2cnnc12,1.7889484,7.3314567,24.45408,5.2465305,2.960372,565.08124,439.69083,144.55615,3.6282249644534534
O=[N+]([O-])c1ncnc2nc([N+]([O-])[O-])cnc12,1.7522817,7.2010717,23.284975,4.8903313,2.765271,567.27264,263.75616,238.83916,3.590034838984696
O=[N+]([O-])c1cc2nonc2[nH]1,1.7328568,7.393511,24.15259,5.4915166,3.1700563,578.17487,239.59756,291.92807,3.7458400385304804
O=[N+]([O-])c1cccc2c([N+](=O)[O-])c3nnn([N+](=O)[O-])c3nc12,1.766595,7.2238593,23.556742,5.3280287,2.8402102,532.51733,366.94577,130.31323,3.304405664879064
Nc1cc([N+](=O)[O-])c2c(=O)cc([N+](=O)[O-])[nH]c2n1,1.7003263,6.3576283,17.687908,3.7447782,2.0603838,554.51807,-157.09213,250.58469,3.286399079838068
O=[N+]([O-])NC1=NCN1N[N+](=O)[O-],1.7653162,8.668994,33.679794,6.407933,4.755397,746.4182,263.5222,137.0787,4.299157426792453
O=c1c2cc([N+](=O)[O-])cc([N+](=O)[O-])c2nc2[nH]cc([N+](=O)[O-])n12,1.793496,6.833175,21.166925,4.283158,2.2182443,519.93445,-99.77549,256.35098,3.3257722791773077
O=c1nc([N+](=O)[O-])[nH]c2nc3cnccc3c([N+](=O)[O-])c12,1.6998096,6.1755233,16.772472,3.7870572,1.9122881,508.28317,13.5350065,240.24211,3.234035662872488
O=[N+]([O-])c1c([N+](=O)[O-])c2nc3ncccc3cn2c1[N+](=O)[O-],1.7184653,6.7207713,19.947586,4.8327436,2.468497,511.57828,209.11984,249.03088,3.2355810494944492
O=[N+]([O-])c1ncc2c(cc([N+](=O)[O-])c3c2ncn3[N+](=O)[O-])n1,1.7796019,7.1509905,23.205715,4.979772,2.6748695,537.1751,256.0876,126.88765,3.581377203340603
O=[N+]([O-])N=Cc1c2ncnc-2c([N+](=O)[O-])cc2ncc([N+](=O)[O-])nc12,1.7280015,6.8024917,20.615238,4.7391043,2.5143123,531.5963,335.2964,192.41032,3.7176358515612584
O=[N+]([O-])c1nc2ccoc2c2[nH]nnc12,1.676915,6.3111076,17.279217,4.2338095,2.2078426,522.76874,193.52243,262.1002,3.5590143352618773
Nc1c([N+](=O)[O-])c2cncnc2c2[nH]c([N+](=O)[O-])nc12,1.7408824,6.423323,18.413637,3.8347695,2.1109576,552.24554,147.22903,283.30017,3.436043627559269
O=[N+]([O-])N=Cc1oc2nc([N+](=O)[O-])ccc2c1[N+](=O)[O-],1.7580155,7.293077,23.77876,5.2992134,2.8474078,536.2877,51.63323,184.05063,3.751536308211951
O=[N+]([O-])c1cccc2nc3c(nc12)c([N+](=O)[O-])nc1c2nc4c([N+](=O)[O-])cccc4nc2nc([N+](=O)[O-])c31,1.7026577,6.0899777,16.389639,4.1527586,1.9281445,463.77304,324.7146,234.54184,3.5175420626778253
O=[N+]([O-])c1c2nc[nH]c2cc2nnn([N+](=O)[O-])c12,1.7456619,7.081126,22.42104,4.916249,2.7562518,562.878,348.5425,129.13828,3.543749579838069
O=[N+]([O-])Nc1c([N+](=O)[O-])c([N+](=O)[O-])nc2cccnc12,1.720626,7.126136,22.489727,5.1664424,2.8734276,557.0309,195.52692,128.40616,3.1231183594940015
O=[N+]([O-])N=c1[nH]c([N+](=O)[O-])nc2cnccc12,1.7048577,6.780823,20.24443,4.5376487,2.5908656,572.15106,210.19052,180.42749,3.6437428502529947
O=[N+]([O-])N=Cc1c(N[N+](=O)[O-])n(N[N+](=O)[O-])c2c([N+](=O)[O-])c([N+](=O)[O-])ccc12,1.7872101,7.8948674,28.118143,5.870237,3.4706883,591.84125,220.7185,145.94978,4.081438521793641
O=[N+]([O-])Nc1c2nonc2nc2cc([N+](=O)[O-])cc([N+](=O)[O-])c12,1.7937106,7.480888,25.415432,5.5757985,3.022405,540.3192,345.7214,134.25455,3.272098014732075
C[N+]1=c2c([N+](=O)[O-])c([N+](=O)[O-])c([N+](=O)[O-])c([N+](=O)[O-])c2=CC1,1.7206192,7.3947206,24.113914,5.676432,3.2698114,575.99384,46.531635,212.72955,3.7779379320855426
Nc1ccnc2c1nn1c([N+](=O)[O-])cc([N+](=O)[O-])nc21,1.687192,6.4260716,18.016329,4.2506075,2.3206182,548.0827,279.32114,261.3579,3.3836774737131154
O=[N+]([O-])N=Cc1nc2c([N+](=O)[O-])c([N+](=O)[O-])cc([N+](=O)[O-])c2[nH]1,1.8209679,7.780639,27.634296,5.5002184,3.1186697,566.9838,148.63904,199.79817,3.6884910970595843
O=[N+]([O-])c1cc2cn[nH]c2n2nnnc12,1.7234255,6.821115,20.52521,4.676163,2.6792986,575.09973,479.8323,294.69888,3.3668715803423783
O=c1c2cncc([N+](=O)[O-])c2cnn1[N+](=O)[O-],1.7768044,7.1272874,23.05774,4.9350452,2.6679833,540.7978,108.883606,151.09747,3.192235143713466
O=[N+]([O-])c1nc2c(o1)c([N+](=O)[O-])cc1[nH]cnc12,1.729843,6.600646,19.279406,4.26779,2.1909716,515.0324,8.3371,277.99603,3.5321271182996075
O=[N+]([O-])c1cc([N+](=O)[O-])c2nc([N+](=O)[O-])cn2c1,1.7507209,7.298561,23.744482,5.2703285,2.8906763,549.2347,89.2327,268.98868,3.0500308106073
O=Cn1ncc2c([N+](=O)[O-])c([N+](=O)[O-])c([N+](=O)[O-])cc21,1.778515,7.286617,23.902344,5.1213512,2.7443442,536.6316,5.1998773,216.276,3.287067609614951
Nn1nnc2cc([N+](=O)[O-])c([N+](=O)[O-])cc21,1.7276188,7.265702,23.381596,5.237126,3.1121435,596.0616,287.74713,242.73482,3.055328797351909
O=[N+]([O-])N=Cc1noc2c([N+](=O)[O-])occ12,1.7664889,7.627323,26.10689,5.870985,3.227685,546.7506,121.22589,182.52754,4.219386587236443
O=[N+]([O-])c1nc2nocc2c2ncnn12,1.7354428,6.934873,21.386787,4.856842,2.6417823,545.6083,360.0239,249.08083,3.674478378195687
O=[N+]([O-])Nn1c2ccc([N+](=O)[O-])cc2c2c1cc([N+](=O)[O-])n1nnnc21,1.7354875,6.913961,21.299849,4.9857755,2.6955357,541.61066,424.0414,146.09808,3.533939104848276
O=[N+]([O-])c1ncc2c([N+](=O)[O-])ccc([N+](=O)[O-])c2n1,1.764459,7.11169,22.736263,5.0909204,2.679407,526.0548,118.97156,245.5647,2.953737631307323
O=[N+]([O-])Nn1ccnc1[N+](=O)[O-],1.6995174,7.9764256,27.90655,5.992606,3.9920545,668.0623,202.91278,117.480316,3.611734830638606
O=[N+]([O-])c1[nH]c2ccncc2c1[N+](=O)[O-],1.6645095,6.489657,18.157242,4.555811,2.4383368,536.5456,81.29686,275.61545,3.055515482781402
O=[N+]([O-])c1c2ccncc2nc2nc([N+](=O)[O-])n3nnnc3c12,1.7187616,6.628533,19.455814,4.617887,2.4032624,521.0287,550.168,235.38234,3.371442494867326
COc1c2ccoc2c([N+](=O)[O-])c2c([N+](=O)[O-])c([N+](=O)[O-])c3nnnn3c12,1.7446009,6.939019,21.404274,4.97219,2.601745,524.2586,132.64886,223.6566,3.449319932731992
N=c1[nH]nnc2[nH]c([N+](=O)[O-])nc12,1.7787066,7.2570114,23.83255,4.215707,2.746403,654.29565,287.30536,289.06076,4.180305134624211
O=[N+]([O-])c1c([N+](=O)[O-])c2onc([N+](=O)[O-])c2c2c1ccc1[nH]ncc12,1.7312024,6.7135177,19.98992,5.0373354,2.4506843,485.3677,218.90887,228.07852,3.368303410089686
O=[N+]([O-])Nn1ncc2c([N+](=O)[O-])nccc21,1.7011302,7.1383696,22.412506,5.197726,3.064542,591.6849,288.12717,136.18448,3.555114209614066
O=c1[nH]nc([N+](=O)[O-])c2c1oc1ncccc12,1.6745431,5.8235755,14.719128,3.6106417,1.7301513,480.93304,-54.802166,266.58926,3.0593252356867104
Nc1c([N+](=O)[O-])c([N+](=O)[O-])cn2ncnc12,1.742714,7.1223373,22.575539,4.7021575,2.7904913,596.4409,178.17642,254.54723,3.1533531265111225
Nc1nc2nc([N+](=O)[O-])cnc2c(=O)[nH]1,1.731716,6.2451816,17.361355,3.072063,1.8025178,590.11945,-57.54392,272.09293,3.1538974715243677
Nc1c([N+](=O)[O-])c(=O)nc2nc[nH]n12,1.7707886,6.7397118,20.35462,3.4999597,2.1769726,625.0582,-11.948361,293.5763,3.389126739538291
O=[N+]([O-])c1cn([N+](=O)[O-])c2c([N+](=O)[O-])c([N+](=O)[O-])n3c4ccccc4nc3c12,1.7317786,6.7879195,20.506174,4.9357386,2.505745,508.0196,188.00284,145.79384,3.403082848306388
O=[N+]([O-])c1nnn2cnc3c4ccoc4[nH]c3c12,1.6787739,6.004408,15.6252365,3.8382466,1.9565672,510.65067,221.71817,300.1711,3.7525305147493118
O=[N+]([O-])c1cc2nc3cccc([N+](=O)[O-])c3c([N+](=O)[O-])n2c1[N+](=O)[O-],1.7271208,6.953846,21.341621,5.161147,2.637305,511.6928,130.3981,226.7194,3.2178082970262407
O=[N+]([O-])c1cc2[nH]c([N+](=O)[O-])cc2cn1,1.6724316,6.437663,17.956413,4.370669,2.3402894,537.52527,35.58597,281.76785,3.2184137942260547
O=[N+]([O-])c1cnc2c([N+](=O)[O-])cc3nc([N+](=O)[O-])oc3c2c1,1.7614578,6.8234854,20.895933,4.7679725,2.3443558,490.8928,8.906543,249.99191,3.248762587955988
O=c1[nH]c([N+](=O)[O-])nc2c1c([N+](=O)[O-])nc1cc([N+](=O)[O-])ccc12,1.7577713,6.551251,19.244951,4.129087,2.0664878,503.54395,-90.86462,236.04485,3.1017793128657587
Nc1nc2nnc(N[N+](=O)[O-])cn2c1[N+](=O)[O-],1.8041015,7.7625494,27.517105,5.0632696,3.2826807,649.83575,336.38293,149.36917,3.676164240703433
O=[N+]([O-])c1ccc2cc3c([N+](=O)[O-])c([N+](=O)[O-])n([N+](=O)[O-])c3nc2c1,1.755922,7.081642,22.497284,5.242975,2.699174,514.65594,140.0069,145.61768,3.190264783823025
O=c1[nH]c2cc3nc(C=N[N+](=O)[O-])cc([N+](=O)[O-])c3nc2n1[N+](=O)[O-],1.7780838,7.0724945,22.647083,4.571218,2.5088873,551.7534,88.12555,154.56737,3.867259833461709
NN=c1c2c(ncn2[O-])nc([N+](=O)[O-])n1N,1.7624369,7.4074063,24.685514,4.7265005,3.1233153,662.8585,346.84158,251.66083,4.343236847441355
Nc1n[nH]c2c1Oc1cc([N+](=O)[O-])ccc1[N+](=O)O2,1.6814457,6.345482,17.522417,4.106819,2.2326276,545.03143,-66.38936,287.7382,3.789493065440336
O=[N+]([O-])c1[nH]cnc1O,1.7413604,7.020645,21.802809,3.8884325,2.4808319,640.94904,-182.82018,322.8461,3.5548530072255566
O=[N+]([O-])c1cccc2c1nc([N+](=O)[O-])n1nnnc21,1.7222345,6.8184624,20.507463,4.902841,2.60594,532.17554,426.55734,246.39854,2.9238393644243725
O=[N+]([O-])N=c1nc[nH]c2cc([N+](=O)[O-])c3c(nc([N+](=O)[O-])n3N[N+](=O)[O-])c12,1.8210028,7.7027016,27.133774,5.2591496,3.0667145,585.0233,285.20682,136.31056,4.107848828012942
O=c1c([N+](=O)[O-])c([N+](=O)[O-])nc2ncccn12,1.7465829,6.814211,20.663992,4.443204,2.3626595,534.06885,19.983126,233.21182,2.9619103945495855
O=[N+]([O-])N=Cc1cc2c(=N[N+](=O)[O-])nc(N[N+](=O)[O-])[nH]c2[nH]1,1.7807899,7.5706425,25.797918,4.9868937,3.1036005,624.8482,225.0105,159.48048,4.461531049494449
O=[N+]([O-])Nn1ncc2c1ncn1cc([N+](=O)[O-])nc21,1.7359489,7.0889707,22.409628,4.7898192,2.8166103,591.0117,359.24063,146.30847,3.7568788419279997
O=[N+]([O-])c1ccc2c([N+](=O)[O-])c3c([N+](=O)[O-])onc3nc2c1,1.7454727,6.956106,21.511084,5.269965,2.5971048,491.83325,167.24387,234.35803,3.1710972033406026
O=[N+]([O-])c1cncc2ncnc-2c1[N+](=O)[O-],1.6949785,6.759113,20.079096,4.8371444,2.5955188,537.90436,224.18784,230.68271,2.8827701536700108
O=[N+]([O-])c1nc2cc([N+](=O)[O-])c3[nH]cnc3c2o1,1.7466562,6.624117,19.523727,4.2199807,2.1635416,514.3101,-10.802915,284.36633,3.5457240413765296
O=[N+]([O-])c1cnc2oc(O)cc2c1O,1.7313492,6.053074,16.141905,3.2253032,1.6293628,509.31158,-457.769,320.81012,3.293959937918858
O=[N+]([O-])c1cncc2c1cnn2[N+](=O)[O-],1.7410569,7.2411065,23.488726,5.4004474,3.034598,561.86273,276.0111,138.83104,3.3202573214305584
Nc1cc([N+](=O)[O-])c2nc([N+](=O)[O-])cnc2c1[N+](=O)[O-],1.7928026,7.2422967,23.77761,4.8975153,2.7192225,556.7558,108.48468,256.1113,3.2103390174523954
O=[N+]([O-])c1ccc2c([N+](=O)[O-])c([N+](=O)[O-])n3cnnc3c2c1,1.7396396,6.8247824,20.68134,4.948366,2.5385818,513.7078,242.87637,230.88068,2.9917502802636804
Nc1cc2c(cnn2[N+](=O)[O-])c2n[nH]nc12,1.693751,6.506666,18.720829,4.0949483,2.499721,613.8905,373.95047,165.49362,3.7016992445791015
O=[N+]([O-])c1cc([N+](=O)[O-])c2[nH]c(O)nc2c1,1.719928,6.5308433,18.709465,3.9304788,2.1221397,543.6405,-190.97066,288.14746,2.9124751300889393
O=[N+]([O-])c1nc2c(cc([N+](=O)[O-])c3[nH]ncc32)o1,1.7505624,6.7295218,20.15337,4.48684,2.3022256,514.5772,54.744556,287.43112,3.487307118299607
O=c1[nH]c([N+](=O)[O-])nc2occc12,1.703085,6.1602225,16.581549,3.4425778,1.787764,523.9077,-251.325,271.49173,3.2936897500088254
O=c1nc[nH]c2ncn([N+](=O)[O-])c12,1.7257458,6.658673,19.754028,3.860848,2.2592537,588.0094,23.845171,149.54189,3.654358980778058
Nc1c([N+](=O)[O-])c2n[nH]c(N)c2c2nn[nH]c12,1.741692,6.5888834,19.473486,3.5131605,2.3294737,666.75055,295.42972,293.30566,3.7629670728389195
O=c1nc([N+](=O)[O-])[nH]c2nc3nc4cncnc4nc3cc12,1.6912602,5.6790605,14.234566,3.048127,1.5295519,502.90308,175.6918,271.47934,3.343705774769175
O=[N+]([O-])c1cn2c(n1)Oc1c([N+](=O)[O-])cccc1S2(=O)=O,1.7190593,6.5527906,18.920544,4.365975,2.2051163,506.24374,-144.57948,258.60727,3.4439415961406716
O=[N+]([O-])c1cc([N+](=O)[O-])c2nc([N+](=O)[O-])cc([N+](=O)[O-])c2c1,1.7846305,7.3605566,24.467342,5.3980994,2.8197424,521.18256,37.812138,239.0266,2.8451079725713715
O=[N+]([O-])N=Cn1ncc2c1nc([N+](=O)[O-])n1ncnc21,1.752415,7.245442,23.485083,4.892327,2.8856056,591.36835,488.81223,189.96306,3.938497938248581
C[n+]1c2cc([N+](=O)[O-])ccc2c([N+](=O)[O-])c2c3c(c([N+](=O)[O-])c([N+](=O)[O-])c21)=CN=3,1.6957123,6.4689593,18.319122,4.7818537,2.3921108,500.3809,104.07309,230.84329,3.7716335605744797
O=c1nc([N+](=O)[O-])[nH]c2[nH]c3cc(O)ccc3c12,1.6423875,5.2050924,11.607665,2.5458033,1.2634921,501.33087,-317.96396,281.75635,3.121566502914991
O=[N+]([O-])c1[nH]c2ncccc2c1[N+](=O)[O-],1.6715883,6.4618573,18.04202,4.4582176,2.3755836,534.6129,65.780426,274.1303,2.97101004188084
O=[N+]([O-])c1cc([N+](=O)[O-])c2c([N+](=O)[O-])c3ccn([N+](=O)[O-])c3cc2n1,1.7639349,7.112397,22.765278,5.2343006,2.712785,517.19415,126.2558,159.09894,3.564305197141051
O=[N+]([O-])c1cc2c(c([N+](=O)[O-])c1)OC=NO2,1.7424762,7.0605593,22.1342,5.165809,2.6715307,516.61945,-79.67448,264.9352,3.5088806431804995
Nn1ccc2c3nc([N+](=O)[O-])cc([N+](=O)[O-])c3c3nnn([N+](=O)[O-])c3c21,1.7390454,6.9647336,21.677462,4.9790297,2.725393,547.74585,406.25583,153.7684,3.852578568553586
O=[N+]([O-])c1nc2c3c([N+](=O)[O-])cccc3nc([N+](=O)[O-])n2n1,1.7408153,6.9870768,21.709724,4.9302545,2.6025238,529.1244,267.98563,234.43149,3.1846133571867563
O=c1[nH]cnc2c([N+](=O)[O-])nc3n[nH]cc3c12,1.7324575,6.073313,16.462994,3.3924174,1.785395,529.1803,84.09372,256.82712,3.5979810049174805
O=[N+]([O-])c1cc2c3ncc([N+](=O)[O-])n3cc([N+](=O)[O-])n2c1,1.7332788,6.9038763,21.088245,4.8561625,2.5869188,533.3307,144.8222,286.53802,3.4457318795414817
N=c1c2nc(=O)n3cncc3c2c[nH]n1[N+](=O)[O-],1.7322965,6.2475514,17.571407,3.4729323,1.9714057,570.24805,103.16028,182.56711,4.044426502914993
Nc1nc([N+](=O)[O-])nc2nncc([N+](=O)[O-])c12,1.7719543,7.2562222,23.783827,4.6962547,2.775109,593.0041,259.90775,251.93759,3.3969896587636335
O=[N+]([O-])c1cc2c([N+](=O)[O-])c3cccc([N+](=O)[O-])c3nc2nc1[N+](=O)[O-],1.7521051,6.837575,20.924826,4.965042,2.4499917,492.27502,118.99176,224.29561,3.063805753199925
N=c1c2ccc([N+](=O)[O-])cc2[nH]c2cc([N+](=O)[O-])c([N+](=O)[O-])c([N+](=O)[O-])c12,1.7412504,6.6588287,19.76316,4.6626773,2.3583221,506.90573,1.3690974,228.05292,3.1355932695303297
O=[N+]([O-])c1cccc2nc3c([N+](=O)[O-])cc([N+](=O)[O-])n3c([N+](=O)[O-])c12,1.7444506,6.986334,21.729916,5.128047,2.6165252,510.24893,118.577515,221.54082,3.2078679985187772
Nc1ccc2nc3c(oc4cc([N+](=O)[O-])n([N+](=O)[O-])c(=O)c43)c([N+](=O)[O-])c2c1,1.7193236,6.365421,18.019949,4.2057014,2.0814443,496.78452,-132.33662,163.02649,3.4703113908165086
Nc1ncn2c([N+](=O)[O-])cnc2c1[N+](=O)[O-],1.7834185,7.1322765,22.952986,4.4356656,2.6472418,599.3705,121.957275,297.40808,3.224947402003072
O=c1[nH]c2cc([N+](=O)[O-])ccc2c(=O)n1N[N+](=O)[O-],1.7408184,6.605328,19.44887,3.870025,2.1409295,557.174,-276.65753,155.40457,2.861609124519992
O=[N+]([O-])c1c2nc3occc3nc2c([N+](=O)[O-])c2ocnc12,1.7366376,6.3835936,18.13875,4.3153567,2.01451,467.32684,39.448505,247.39856,3.568187625176831
O=c1c2c(nnn1[N+](=O)[O-])c1nc3c([N+](=O)[O-])cccc3nc1n2N[N+](=O)[O-],1.767765,7.106274,22.797964,4.868399,2.6385384,543.4101,330.35986,147.81427,3.727515836370955
Nn1cnc2c([N+](=O)[O-])c([N+](=O)[O-])cc([N+](=O)[O-])c21,1.8011138,7.596792,26.232346,5.4000473,3.1307847,580.9492,173.45734,232.7796,3.1402098666014417
O=C1NC(=O)c2c1cnc1c2c([N+](=O)[O-])c([N+](=O)[O-])c2ccc([N+](=O)[O-])cc21,1.7485231,6.0640845,16.456873,3.7705312,1.7071042,456.3272,-255.96753,227.23035,3.068931431302339
O=[N+]([O-])N=Cc1c([N+](=O)[O-])nnc2ccc([N+](=O)[O-])c([N+](=O)[O-])c12,1.7715858,7.5813756,25.821949,5.7835774,3.1700835,546.6981,310.64325,178.0834,3.611714053990018
O=[N+]([O-])c1cnc2c(c1)ncc1c([N+](=O)[O-])[nH]nc12,1.7061076,6.4080944,18.038631,4.3303366,2.2426987,518.47687,244.24112,286.8183,3.185014400708842
Nc1nc2cc([N+](=O)[O-])cc([N+](=O)[O-])c2c(N[N+](=O)[O-])c1[N+](=O)[O-],1.7772571,7.4342766,24.906395,5.109951,2.9473126,578.1072,39.303776,135.85025,3.0784767600339746
O=[N+]([O-])N=Cn1ncc2c([N+](=O)[O-])c3cc([N+](=O)[O-])c4[nH]nnc4c3nc21,1.7630433,7.0326705,22.19438,4.816477,2.6331856,547.178,462.1932,200.4279,4.053900115684176
Nc1c([N+](=O)[O-])cnc2oc([N+](=O)[O-])cc12,1.7385004,6.7682285,20.280384,4.384825,2.3832693,545.64307,-82.25059,298.38492,3.1526479386757025
O=[N+]([O-])N=c1[nH]cc([N+](=O)[O-])c2nc[nH]c12,1.7754269,7.170632,23.230846,4.5145817,2.707324,602.3295,130.1694,194.79416,3.8253124613623175
O=[N+]([O-])c1nc2c([N+](=O)[O-])c3cc4ncccc4c([N+](=O)[O-])c3c([N+](=O)[O-])c2o1,1.740414,6.6795974,19.868736,4.840734,2.302277,474.7762,56.667454,220.74152,3.5401710558931825
O=[N+]([O-])N=Cn1cc2c([N+](=O)[O-])ncc([N+](=O)[O-])c2n1,1.7872436,7.631649,26.387014,5.503073,3.1926868,579.93646,314.53302,178.89844,4.061944000519642
Nc1c([N+](=O)[O-])c([N+](=O)[O-])n2c(=O)c3ccccc3nc2c1[N+](=O)[O-],1.7162704,6.3722553,17.926243,4.125676,2.09521,510.5354,-77.15271,231.47124,2.936117596681809
O=[N+]([O-])N=Cc1cc([N+](=O)[O-])c2nonc2c1[N+](=O)[O-],1.8202674,7.9876723,29.104532,6.3007064,3.492937,551.67065,365.17795,193.4901,3.559779897955541
COc1nnnc2c([N+](=O)[O-])c(N)c3nnc([N+](=O)[O-])n3c12,1.7486242,7.207983,23.185944,4.758576,2.8692923,604.139,298.25806,258.35962,3.6782125879559864
O=[N+]([O-])c1ccc2c([N+](=O)[O-])c3c(nc([N+](=O)[O-])n4cnnc34)nc2c1,1.7330351,6.5890527,19.291056,4.5273294,2.285201,506.16125,322.10675,234.81941,3.2292544894636617
O=[N+]([O-])c1ccc2nc3c([N+](=O)[O-])c([N+](=O)[O-])[nH]c3nc2c1,1.7453091,6.706444,20.012627,4.547492,2.3256803,512.6846,116.79544,264.1686,3.018007203340604
O=[N+]([O-])N=Cc1nc2c3ccn([N+](=O)[O-])c3nc([N+](=O)[O-])n2n1,1.7834489,7.527301,25.62393,5.310954,3.0562112,576.1232,424.59354,145.60797,4.194763948798009
O=[N+]([O-])N=Cc1cc([N+](=O)[O-])nc2c([N+](=O)[O-])ncn12,1.7808309,7.5431404,25.701727,5.3032494,3.067705,578.8326,257.18054,173.59386,3.925592718468361
O=c1nc(N[N+](=O)[O-])c2nc[nH]c2[nH]1,1.7639256,6.65642,20.020273,3.33671,2.0855691,628.1242,-55.602108,158.20929,3.65443679870989
O=[N+]([O-])c1cncc2cnn([N+](=O)[O-])c12,1.7108289,7.139957,22.5175,5.399901,3.0289562,561.2627,288.0499,124.3186,3.3908051638320593
O=[N+]([O-])N=Cn1ncc2c([N+](=O)[O-])c3nnn([N+](=O)[O-])c3cc21,1.7892904,7.6328473,26.379488,5.5962086,3.2137074,574.5361,498.0942,135.46408,4.202579333413395
Nc1c([N+](=O)[O-])c2nnnn2c2n[nH]cc12,1.7870282,7.037722,22.388697,4.3139877,2.6664762,621.7633,438.8311,325.89774,3.648779244579101
O=[N+]([O-])c1nc2c(cc([N+](=O)[O-])c3[nH]nnc32)[nH]1,1.7542182,6.9613233,21.581026,4.4738483,2.5106444,563.3982,253.72696,288.335,3.566634502914992
O=c1[nH]c([N+](=O)[O-])nc2c1c([N+](=O)[O-])cc1n[nH]cc12,1.7507454,6.4707646,18.70762,3.8870876,2.0344355,527.40967,-15.631436,248.12128,3.501437753433395
O=[N+]([O-])c1cc2nc3c([N+](=O)[O-])ccc([N+](=O)[O-])c3nc2o1,1.7665294,6.8766003,21.227093,4.8466587,2.3847673,491.84146,31.437014,249.07466,3.1477987418021405
O=[N+]([O-])c1cc([N+](=O)[O-])c2nn([N+](=O)[O-])cc2c1,1.7708294,7.482029,25.220575,5.6609383,3.1185582,550.33875,182.62967,142.06395,3.211104849068838
O=[N+]([O-])c1cc2[nH]cnc2cc1[N+](=O)[N+](=O)[O-],1.6903938,6.8914857,20.809372,4.848473,2.7052164,559.8576,79.457214,136.36893,3.326572936355606
O=c1[nH]c2ccc([N+](=O)[O-])c([N+](=O)[O-])c2[nH]1,1.7626667,6.611852,19.523758,3.8480046,2.0742698,544.1494,-211.29305,246.27406,2.7784379207866152
N=c1[nH]cnc2c(N)nc([N+](=O)[O-])nc12,1.7011923,6.2351694,17.159344,3.077479,1.9776324,644.67584,110.06271,276.0709,3.686038934939001
O=[N+]([O-])c1cc([N+](=O)[O-])c2nnc3[nH]cc([N+](=O)[O-])c3c2c1,1.7496557,6.842253,20.922512,4.87093,2.5086758,514.9433,215.65604,251.94508,3.052377972571372
O=[N+]([O-])c1ccc2cnc([N+](=O)[O-])n2n1,1.693257,6.9694085,21.250896,5.097987,2.8332684,556.677,230.47461,269.3922,3.246474206984029
O=c1[nH]c([N+](=O)[O-])nc2nc3ccc([N+](=O)[O-])cc3c([N+](=O)[O-])c12,1.7487481,6.5467534,19.15918,4.1614017,2.082723,503.3836,-92.543564,237.09842,3.0722039282503726
O=c1nc2c([N+](=O)[O-])ccnc2nc2c1cnc1c3c(cc([N+](=O)[O-])c12)OCO3,1.6976174,5.7486897,14.559538,3.4867208,1.5914563,458.68338,-158.65741,245.7229,3.2529163286506826
O=[N+]([O-])c1nc2cccnc2nc1[N+](=O)[O-],1.6673279,6.5827866,18.793653,4.712154,2.4779818,526.6017,210.26514,224.13655,2.9351621117119677
O=[N+]([O-])c1cn2ncc([N+](=O)[O-])c2cn1,1.7161785,7.0384173,21.832794,5.057412,2.8211577,558.5082,217.07333,285.99698,3.084359385220427
Nc1nc([N+](=O)[O-])c2oc(C(=O)c3ccc([N+](=O)[O-])o3)nc2n1,1.7302947,6.5468087,18.96092,3.9774992,2.0600305,521.4738,-191.34212,277.08228,3.3745155971496574
O=[N+]([O-])Nc1ncnc2c([N+](=O)[O-])c([N+](=O)[O-])ccc12,1.7440668,7.19067,23.134775,5.101679,2.8627207,561.8682,157.30835,126.212906,2.9712234876991293
Nc1cc2nc([N+](=O)[O-])n3cc([N+](=O)[O-])nc3c2o1,1.7378643,6.720598,20.020212,4.244123,2.3229008,550.06116,32.663975,272.92188,3.7626107778440447
Nn1c([N+](=O)[O-])nc2nc[nH]c2c1=O,1.7308613,6.7240334,20.071398,3.764036,2.309257,615.8724,26.89641,257.23514,3.307204877190113
O=[N+]([O-])c1nc2c(ccc3c([N+](=O)[O-])c[nH]c32)o1,1.7073435,6.2552047,17.142996,4.083813,2.0081291,492.3728,-64.00518,291.8829,3.453782810607299
NN=c1[nH]c([N+](=O)[O-])nc2c1nn1cnccc21,1.6568384,6.2396264,16.829082,3.6716535,2.2891212,625.5197,379.34274,287.31503,3.902234430516801
NN=c1c2nccnc2nc([N+](=O)[O-])n1[N+](=O)[O-],1.7612252,7.3863716,24.554022,4.9881306,3.0441022,612.8968,376.1472,125.90364,3.7288502768553364
O=[N+]([O-])c1c([N+](=O)[O-])c2n[nH]nc2c2cccnc12,1.7040179,6.473169,18.416712,4.6141577,2.3552263,511.6692,314.16797,237.40698,3.025864618415664
Nc1ncnc2c([N+](=O)[O-])c([N+](=O)[O-])cc([N+](=O)[O-])c12,1.7731763,7.1793556,23.184843,4.8412457,2.7029047,560.6009,87.6918,229.40187,2.888946274346445
Nc1nnc2cc([N+](=O)[O-])n3ncnc3c2c1[N+](=O)[O-],1.7438519,6.938436,21.453617,4.6130385,2.6242259,571.13983,379.4155,248.2869,3.4641160751117166
O=c1c2cc([N+](=O)[O-])c([N+](=O)[O-])nc2cnn1C=N[N+](=O)[O-],1.781626,7.411406,24.771616,5.1493845,2.866231,557.279,142.74634,197.1609,3.7073103193771084
O=[N+]([O-])c1cccc2c([N+](=O)[O-])c3onc([N+](=O)[O-])c3nc12,1.7535857,6.9980836,21.894354,5.326444,2.6282952,490.8965,171.65457,244.15964,3.1266210494944477
Nc1c([N+](=O)[O-])[nH]c2nc[nH]c(=O)c12,1.7294905,6.072421,16.299042,2.835178,1.6945145,600.29095,-158.8378,323.91946,3.4365607476354585
O=c1c2nc3oc4cccnc4c3nc2n(C=N[N+](=O)[O-])c(=O)n1[N+](=O)[O-],1.7530137,6.5119762,19.142561,3.9285445,2.014237,514.8101,-53.82764,159.46217,3.990541961838022
O=[N+]([O-])c1nc2[nH]cc([N+](=O)[O-])c2c2nc[nH]c12,1.7496397,6.5167522,18.977343,3.9226484,2.1221302,544.2205,87.04831,287.6726,3.4012311182996076
Nc1c([N+](=O)[O-])cc([N+](=O)[O-])c2ocnc12,1.7626803,6.82406,20.79472,4.3050585,2.3544722,549.3024,-114.52229,295.49002,3.1101692266900134
O=[N+]([O-])c1cnc2oncc2c1O,1.7307765,6.611908,19.301582,4.2964883,2.2509239,525.2786,-88.23774,311.54092,3.2110128269319036
O=[N+]([O-])N=Cc1nnnc2nc3c(nc12)c(C=N[N+](=O)[O-])cn3[N+](=O)[O-],1.7948053,7.585463,26.227406,5.410534,3.1283796,576.8076,624.82056,141.30128,4.6437160279251986
Nc1nc2cnc([N+](=O)[O-])cn2c1[N+](=O)[O-],1.7483338,7.06474,22.226881,4.494085,2.675427,597.5365,135.24301,300.0006,3.338183180178385
O=[N+]([O-])c1cnc2nc([N+](=O)[O-])c([N+](=O)[O-])cc2c1,1.7379178,7.038992,22.03487,5.1172695,2.6723564,522.21967,118.45914,229.3509,2.916491477461168
O=[N+]([O-])c1cn2c(nnc3c([N+](=O)[O-])c([N+](=O)[O-])ccc32)n1,1.7781478,7.2084093,23.436504,5.170438,2.7512496,532.60925,329.91345,225.59865,3.1622818187252175
O=[N+]([O-])Nc1ncnc2nc([N+](=O)[O-])cnc12,1.7548851,7.226287,23.523924,4.779024,2.8157806,591.1575,279.04358,132.1714,3.2264050433790183
O=[N+]([O-])c1cn2nc([N+](=O)[O-])c3nccnc3c2n1,1.7154056,6.754743,20.180801,4.696828,2.5109432,535.58875,370.36844,250.26181,3.352166214932355
O=[N+]([O-])c1cc2c(ncn3c([N+](=O)[O-])cnc23)o1,1.7405943,6.6931505,19.869553,4.48976,2.3040347,514.53503,63.34696,289.3205,3.373979118299607
O=[N+]([O-])c1nn([N+](=O)[O-])c2c1oc1cccnc12,1.7127926,6.8428206,20.730715,5.0176644,2.6079865,518.789,168.40976,141.65787,3.422227425991915
O=[N+]([O-])c1nc2c(O)c3ncccc3c([N+](=O)[O-])c2o1,1.7268456,6.2952847,17.550707,4.0459814,1.9521043,483.8892,-160.15048,263.063,3.367318872314514
O=[N+]([O-])c1cc2ncc([N+](=O)[O-])n2cc1[N+](=O)[O-],1.7605158,7.36952,24.318825,5.3727164,2.9503155,549.71924,119.41226,240.82498,3.1384760029149925
O=[N+]([O-])c1nc2cccc([N+](=O)[O-])c2nc1[N+](=O)[O-],1.7179679,6.995997,21.590508,5.1793823,2.7014306,521.51355,147.13327,219.831,2.875984690130853
O=c1c2nc3cccc([N+](=O)[O-])c3nc2nc([N+](=O)[O-])n1[N+](=O)[O-],1.7791938,7.008575,22.306889,4.7164364,2.4528265,520.0281,113.74307,138.32814,3.288225230025521
O=[N+]([O-])N=Cc1c([N+](=O)[O-])cnc2c1nnc1cnc([N+](=O)[O-])n12,1.7772866,7.3818893,24.67042,5.2779913,2.953097,558.6934,485.4664,190.88416,3.8389859508431643
O=c1c2c([N+](=O)[O-])cccc2nc2c3c(ccn12)c([N+](=O)[O-])nn3[N+](=O)[O-],1.7235373,6.474474,18.657656,4.3974657,2.1895697,499.68314,81.88922,155.94803,3.3777989348109942
O=[N+]([O-])c1ncc2c(n1)Oc1c(cccc1[N+](=O)[O-])N2,1.6732612,6.1033716,16.152195,3.9607208,2.0009208,506.14594,-22.752516,263.91553,3.2595369492375923
O=[N+]([O-])N=Cc1nc2c([N+](=O)[O-])cc([N+](=O)[O-])nc2[nH]1,1.7851236,7.4987254,25.436975,5.0844965,2.9443803,580.41815,189.86737,183.15593,3.8409029748786168
Nc1nnc2c([N+](=O)[O-])nc3cc([N+](=O)[O-])cc([N+](=O)[O-])c3n12,1.7568829,7.1167717,22.640171,4.8087635,2.6884785,560.5865,263.25116,243.39552,3.2164345620557198
O=[N+]([O-])N=Cc1cc([N+](=O)[O-])n2cc([N+](=O)[O-])nc2n1,1.7583294,7.4791365,25.034918,5.315437,3.0669808,577.5114,250.54797,179.79568,3.957685026160668
O=[N+]([O-])c1cccc2c([N+](=O)[O-])c3c([N+](=O)[O-])[nH]nc3nc12,1.7416382,6.784319,20.494867,4.810205,2.46235,512.1615,193.10297,241.62724,3.1564248956482945
O=[N+]([O-])N=Cc1c([N+](=O)[O-])c([N+](=O)[O-])cc2nc3c4cccc([N+](=O)[O-])c4n([N+](=O)[O-])c3nc12,1.7598159,7.0394206,22.284084,5.1572137,2.6438794,512.69354,266.50848,139.64568,3.8208319285434174
O=c1cc([N+](=O)[O-])c2cc([N+](=O)[O-])cnc2n1[N+](=O)[O-],1.8245342,7.392555,25.1345,5.059301,2.7185016,537.2348,-17.448133,129.47691,3.222413908598984
O=[N+]([O-])N=Cc1nc([N+](=O)[O-])nc2ncnn12,1.7655345,7.6380477,26.22674,5.202023,3.1948671,615.7818,418.15652,161.09377,3.890339904262815
O=[N+]([O-])c1nc2c(cnc3cn[nH]c32)o1,1.6798933,6.212973,16.818851,3.9955182,2.0700364,518.66,150.73285,281.61453,3.72487515815991
O=[N+]([O-])Nc1nn([N+](=O)[O-])c2nc3cccc([N+](=O)[O-])c3nc12,1.755101,7.1910896,23.23469,5.0905476,2.8320613,556.87476,338.73416,142.30347,3.3994013114353727
O=[N+]([O-])N=Cc1cncc2c1nc([N+](=O)[O-])n2[N+](=O)[O-],1.7602746,7.548869,25.584717,5.5530825,3.193194,574.80194,318.8776,138.6156,4.045974769750412
O=c1c2c([N+](=O)[O-])cccc2nc2[nH]nc([N+](=O)[O-])n12,1.7137574,6.399699,18.013735,3.9728386,2.0707703,524.1607,19.448412,250.25945,3.0831806904963326
O=[N+]([O-])c1nn([N+](=O)[O-])c2cccnc12,1.718066,7.1436696,22.619905,5.3430815,2.9869318,559.6769,273.94772,132.77122,3.273896345820802
O=[N+]([O-])N=Cn1ncc2c([N+](=O)[O-])c([N+](=O)[O-])cnc21,1.7799602,7.614333,26.1688,5.506457,3.1761556,577.53723,313.09366,201.27176,3.718579897955541
O=[N+]([O-])n1nc2cn[nH]c2c2ncnc1-2,1.7230617,6.7948627,20.700481,4.516904,2.6314065,584.3669,441.28012,141.41219,3.6938404533298552
O=[N+]([O-])N1C2CC([N+](=O)[O-])([N+](=O)[O-])CC21,1.7191201,7.8572826,27.315079,5.882297,3.9367425,669.722,-50.30678,160.40245,4.786430004037059
Nn1c([N+](=O)[O-])cc2c(cnn2N)c1=O,1.6975174,6.663937,19.435728,4.0825524,2.5693564,632.3142,94.45535,289.79373,3.4824073495731485
O=[N+]([O-])c1nc2cc([N+](=O)[O-])n3nnnc3c2c2nccn12,1.7545943,6.845948,20.96311,4.6362715,2.5009353,540.96783,497.81314,267.854,3.5898925879559878
Nc1cc([N+](=O)[O-])cc2c1nn1c([N+](=O)[O-])cc([N+](=O)[O-])nc21,1.7504508,6.8191495,20.749805,4.57226,2.4687748,542.6851,176.82095,259.99414,3.3260090037430636
O=[N+]([O-])N=Cc1nc2nncc([N+](=O)[O-])c2n1[N+](=O)[O-],1.786544,7.996388,28.967466,6.028551,3.580018,592.7457,483.20157,121.06032,4.12871066718631
O=[N+]([O-])c1c(O)nc2nnccn12,1.7294924,6.81683,20.498499,4.2414203,2.4597135,581.4107,104.132355,321.63266,3.3707205192395957
O=[N+]([O-])c1cc2nncnn2c1[N+](=O)[O-],1.7516832,7.643833,26.04636,5.786193,3.3627043,581.4141,412.23404,258.97018,3.3070460643949104
O=c1[nH]c(=O)c2[nH]cc(O)c2[nH]1,1.6907419,4.963201,10.932098,1.5369991,0.85415465,558.6605,-537.54224,312.22394,3.132695407561683
O=[N+]([O-])c1c([N+](=O)[O-])c2ocnc2c2occc12,1.7468092,6.5492954,19.108747,4.51702,2.1358721,472.47037,-118.80925,237.1503,3.355461272145762
Nc1nc([N+](=O)[O-])nc2ccc([N+](=O)[O-])nc12,1.6994885,6.5980473,19.116793,4.114957,2.3320484,569.4722,94.277405,265.91934,3.0553117323422274
O=[N+]([O-])c1nccn1-c1ncnc2c1cc([N+](=O)[O-])n2[N+](=O)[O-],1.744348,7.145333,22.888617,5.013208,2.8077443,561.73315,316.7293,140.44762,3.603482630116691
O=[N+]([O-])c1ccc2c(c1)nc([N+](=O)[O-])n1c([N+](=O)[O-])nnc21,1.747588,7.017758,21.93904,4.9803376,2.630142,528.70874,274.29953,232.21083,3.0779079725713725
O=[N+]([O-])c1cc2c(cc([N+](=O)[O-])n3cnnc23)o1,1.7233565,6.7494965,20.068417,4.7655888,2.4528675,515.5305,133.66812,280.8262,3.395274502914991
O=[N+]([O-])Nc1cc([N+](=O)[O-])nc2c1nc([N+](=O)[O-])c1c3cnccc3cc([N+](=O)[O-])c21,1.7193049,6.5691366,19.249182,4.6281714,2.3422441,506.04263,215.49567,146.08844,3.6388734773580538
O=[N+]([O-])c1ccc(O)c2cc3c(nnn3[N+](=O)[O-])nc12,1.7324058,6.679496,19.934149,4.550857,2.3935692,526.521,148.18689,146.42007,3.3762886625243045
O=c1[nH]c(=O)n([N+](=O)[O-])c2nc3c([N+](=O)[O-])cccc3nc12,1.756373,6.437183,18.686874,3.754063,1.9399508,520.7451,-141.85205,148.42513,3.1072087418021415
O=[N+]([O-])c1cccc2nc3c(nnn3[N+](=O)[O-])c([N+](=O)[O-])c12,1.7563155,7.194261,23.252285,5.3261027,2.839769,532.8079,367.25424,132.2444,3.2729333571867567
N=C1Oc2n[nH]c3ccc([N+](=O)[O-])c(c23)C(=O)C1[N+](=O)[O-],1.7130672,6.400982,18.21024,4.02054,2.0996616,524.45776,-159.68974,153.66081,4.025448715643025
O=[N+]([O-])c1nc2c([N+](=O)[O-])n[nH]c2c2nc3ccccc3nc12,1.6712589,5.915825,15.248364,3.9029727,1.911072,489.34207,303.40942,257.3982,3.135708530370282
O=[N+]([O-])c1cc2c(ncc3[nH]cnc32)c([N+](=O)[O-])n1,1.6850121,6.2643285,17.173405,4.096853,2.1230266,519.43713,181.31949,245.00703,3.3304669406217595
Nc1ncn2c([N+](=O)[O-])cc3nc([N+](=O)[O-])ncc3c12,1.7086482,6.363566,17.859516,3.9498534,2.172523,552.4867,178.34775,266.73224,3.513514117069759
Nn1nc([N+](=O)[O-])n2c(=O)c3c4ccc([N+](=O)[O-])cc4n([N+](=O)[O-])c3nc12,1.7795025,7.005164,22.1972,4.5330124,2.490917,551.65,121.548584,152.92372,3.6955520946093596
Nn1c([N+](=O)[O-])nc2c3c([N+](=O)[O-])ccc([N+](=O)[O-])c3nnc21,1.7896056,7.3141146,24.283,5.1482472,2.8689685,557.69257,360.76724,241.6981,3.2574281104428158
O=[N+]([O-])Nc1c2cc([N+](=O)[O-])cnc2n2cc([N+](=O)[O-])cnc12,1.7361786,6.836833,20.876951,4.725265,2.5602968,542.4553,199.15967,148.12364,3.1990386740727343
O=[N+]([O-])c1onc2[nH]cnc12,1.7365109,7.269836,23.451712,5.030547,2.9267802,583.1077,162.23206,287.54904,3.688074777984575
O=[N+]([O-])c1nc2c([N+](=O)[O-])ccc([N+](=O)[O-])c2c2[nH]cnc12,1.7582821,6.756076,20.496798,4.56333,2.352251,516.13336,118.229065,247.47708,3.1590579725713726
O=[N+]([O-])c1cnc2nnn([N+](=O)[O-])c2c1,1.7663207,7.6355834,26.246712,5.675672,3.2973943,581.04736,376.70132,125.04509,3.3708903420684564
O=[N+]([O-])c1cccc2nc3c(nnn3[N+](=O)[O-])c(O)c12,1.7199305,6.6428404,19.637354,4.4892035,2.3715534,529.4158,131.65015,147.46335,3.262636914272556
O=[N+]([O-])N=Cc1cnc2c([N+](=O)[O-])ncc([N+](=O)[O-])c2n1,1.751612,7.306936,23.936138,5.293692,2.9386203,554.56604,312.9211,191.31233,3.718989369420023
O=[N+]([O-])c1ccc2c(cnn2[N+](=O)[O-])n1,1.7261392,7.1386676,22.679586,5.269987,2.94948,560.3393,261.3577,137.62639,3.364180023119114
Nc1c2ccoc2c([N+](=O)[O-])c2coc([N+](=O)[O-])c12,1.7150909,6.3256583,17.587637,4.3104835,2.1157024,491.50937,-159.47589,288.13205,3.5438814879032154
NNC(=O)c1c([N+](=O)[O-])cc2c(=O)n([N+](=O)[O-])cnc2c1[N+](=O)[O-],1.8061149,7.3532896,24.67225,4.6893673,2.7038176,577.9285,-120.6256,168.51733,3.421683353440568
O=[N+]([O-])c1ccc2nc([N+](=O)[O-])nc([N+](=O)[O-])c2c1,1.7299685,6.9754806,21.580908,5.014253,2.6276379,524.43964,92.14407,239.38287,2.87195030099058
O=[N+]([O-])c1ccc2[nH]c3c([N+](=O)[O-])c4cnn([N+](=O)[O-])c4nc3c2c1,1.7439687,6.5803547,19.486418,4.507964,2.2904594,509.04282,202.61343,153.78593,3.2784519050729637
O=[N+]([O-])N=Cc1nn([N+](=O)[O-])c2c1ccn1nnnc21,1.7484097,7.413728,24.54052,5.5235147,3.2152374,583.0696,632.47296,140.76512,4.139259751435393
Nc1c([N+](=O)[O-])c2nc3c([N+](=O)[O-])cccc3c([N+](=O)[O-])c2c2nn[nH]c12,1.7274998,6.4705772,18.582829,4.329072,2.2461903,520.16486,254.43146,244.07228,3.4630126562247163
O=[N+]([O-])c1nc2ccccc2c2c1nc([N+](=O)[O-])n2[N+](=O)[O-],1.6970216,6.7120953,19.816616,4.9264207,2.5433996,515.86865,232.04938,134.9101,3.230917203340603
O=[N+]([O-])c1cc([N+](=O)[O-])c2cn[nH]c2n1,1.7151383,6.96486,21.354753,4.8094625,2.6924646,561.83514,157.96011,264.4453,3.0461879030440677
Nn1ncc2c([N+](=O)[O-])cc([N+](=O)[O-])nc21,1.732284,7.1957536,22.973013,4.9937186,2.970134,597.1784,234.30624,266.85782,3.3213745934163104
O=[N+]([O-])c1nc2n[nH]cc2c2ncnn12,1.7105477,6.6047616,19.264326,4.1674247,2.4017117,578.4044,372.09805,256.1139,3.6526851760489976
O=[N+]([O-])c1nc2c([N+](=O)[O-])cc3nc4c([N+](=O)[O-])cccc4nc3c2nc1[N+](=O)[O-],1.7505435,6.7011786,20.140877,4.7353196,2.311076,487.81137,256.86514,224.19533,3.281803863882656
O=[N+]([O-])N=Cc1c2ncn([N+](=O)[O-])c2nc2cnn([N+](=O)[O-])c12,1.8073217,7.6411924,26.69935,5.432847,3.126941,576.43097,457.73373,132.02315,4.344163948798009
Nn1c(=O)[nH]c2[nH]c(O)cc2c1=O,1.6888075,5.3884654,12.757003,1.9199717,1.182023,613.89636,-452.7271,307.27515,3.40398568407476
O=[N+]([O-])c1cccc2nc3c(nc12)c([N+](=O)[O-])nn3[N+](=O)[O-],1.7634114,7.172022,23.217596,5.1928687,2.766785,532.64154,326.25183,142.46217,3.2852287418021415
O=[N+]([O-])c1cnc2c([N+](=O)[O-])ccc(O)c2n1,1.7117896,6.462491,18.374578,4.228825,2.1811163,517.4043,-72.50291,259.76028,2.897847852743567
O=[N+]([O-])N=CN=c1[nH]c([N+](=O)[O-])c([N+](=O)[O-])c2nc3cccc([N+](=O)[O-])c3nc12,1.7588537,7.039978,22.233582,4.831859,2.6136959,542.1408,234.34586,190.88226,3.9515560607617317
O=c1[nH]c2cc([N+](=O)[O-])c3[nH]c(=O)[nH]c3c2[nH]1,1.7671077,5.7144346,14.707094,2.320641,1.251284,546.98517,-386.34235,309.26694,3.154119282331555
O=[N+]([O-])Nn1c([N+](=O)[O-])nc2cc([N+](=O)[O-])c3nccn3c21,1.7523879,7.33646,24.125072,5.1836553,2.9834924,577.54553,298.10135,133.14624,3.7509095110329103
O=c1[nH]ncn2c([N+](=O)[O-])cnc12,1.742599,6.8155,20.615757,4.1321898,2.4028513,584.1423,81.64847,303.38794,3.2746589807780575
Nc1nc2ncc([N+](=O)[O-])cn2c1[N+](=O)[O-],1.7529953,7.03181,22.025175,4.418663,2.6212535,595.44794,124.50513,304.172,3.183544181967294
O=[N+]([O-])Nc1nn([N+](=O)[O-])c2cnccc12,1.7003671,7.1684628,22.596897,5.253101,3.113647,593.5763,301.4462,134.49063,3.510048125697982
O=[N+]([O-])c1ccc([N+](=O)[O-])c2n[nH]nc12,1.7651503,7.2248445,23.466108,5.1940207,2.8926582,558.6387,234.82834,266.50864,2.7912835878470688
O=[N+]([O-])Nc1cc([N+](=O)[O-])nc2ncc([N+](=O)[O-])cc12,1.7431756,7.150942,22.886303,5.0163054,2.804153,559.6225,136.45813,129.26909,3.2429337441093855
Nc1c2cnn(N)c2c([N+](=O)[O-])c2c1c([N+](=O)[O-])cc1nnnn12,1.7388873,6.82083,20.704292,4.57294,2.6363616,578.3698,503.267,261.17017,3.6392216151788297
O=[N+]([O-])c1cccn2nnc([N+](=O)[O-])c12,1.680032,6.993528,21.16976,5.328399,2.9449458,552.92426,272.88553,257.54276,3.059939497790783
O=[N+]([O-])c1cnc2nc([N+](=O)[O-])ccc2n1,1.6859323,6.5832257,18.919712,4.5511765,2.398874,528.1844,166.14853,267.57672,3.051608265558123
O=[N+]([O-])c1cccc2c1OC([N+](=O)[O-])c1nonc1-2,1.7030596,6.781766,20.27378,5.158442,2.631141,508.55118,81.59102,141.84921,3.8108655122668065
O=[N+]([O-])c1ccc2nc([N+](=O)[O-])c([N+](=O)[O-])nc2c1,1.7217737,6.981475,21.549364,5.103925,2.6649208,522.1382,122.876465,222.86636,2.740042608682888
O=[N+]([O-])c1cc([N+](=O)[O-])c2c([N+](=O)[O-])c3c([N+](=O)[O-])cccc3nc2n1,1.7258775,6.7676373,20.254452,4.947113,2.448563,495.5505,118.673004,214.64987,3.083045972980143
O=[N+]([O-])c1[nH]nc2cc3[nH]cnc3c([N+](=O)[O-])c12,1.7335025,6.63137,19.52127,4.334507,2.3384123,542.63654,183.13019,253.73555,3.4059554259919143
Nn1ccc2nc([N+](=O)[O-])nc([N+](=O)[O-])c21,1.7096988,7.0974417,22.157316,4.988429,2.9499986,593.5169,235.60297,258.56964,3.5124708367079025
O=[N+]([O-])c1cccc2nc3c([N+](=O)[O-])nn([N+](=O)[O-])c3nc12,1.7592481,7.1698427,23.149559,5.211012,2.7761962,532.7715,324.3259,135.72655,3.2971202802636785
O=c1[nH]c(=O)n(-c2ccc([N+](=O)[O-])cc2[N+](=O)[O-])c(=O)[nH]1,1.7113022,6.1726975,16.672438,3.120723,1.6801928,545.58875,-551.9025,259.50555,2.5791955435090905
O=[N+]([O-])c1nc2c3c(ccc([N+](=O)[O-])c3n1)C=NN2[N+](=O)[O-],1.7868978,7.204996,23.661066,5.1244116,2.7450628,535.19257,306.03897,132.42227,3.804937203340603
O=[N+]([O-])c1nn([N+](=O)[O-])c2nc3ccccc3c([N+](=O)[O-])c12,1.7130626,6.8123207,20.557663,5.056732,2.6151695,517.0569,256.50458,139.86745,3.162715664879064
Nc1nc2c(n1[N+](=O)[O-])N=c1n(c(=CO)n1[N+](=O)[O-])C2,1.7662927,7.213721,23.490973,4.387926,2.7846568,637.25916,58.231846,152.77885,4.789251692827335
Nn1c(=O)n2c([N+](=O)[O-])nc3c([N+](=O)[O-])cccc3n2c1=O,1.7592381,6.706811,20.15273,4.010354,2.2130208,555.19885,-96.274796,244.66055,3.373751779611789
O=[N+]([O-])Nc1nc2c(o1)c([N+](=O)[O-])nc1cc([N+](=O)[O-])ccc12,1.760851,6.902656,21.466452,4.645812,2.4346552,524.9809,19.844866,148.34709,3.215941970776033
O=c1c2nc3cc([N+](=O)[O-])cc([N+](=O)[O-])c3nc2nc2c([N+](=O)[O-])cccn12,1.7389281,6.253768,17.438187,4.0227447,1.9192582,478.5585,41.747517,250.32664,3.0287579942131124
Nc1nc(N[N+](=O)[O-])nc2n[nH]nc12,1.7614348,7.2598433,23.836012,4.150498,2.847181,689.6478,316.40814,148.17496,3.406633248414032
O=[N+]([O-])c1nnc2cnc3c([N+](=O)[O-])c([N+](=O)[O-])c4[nH]c5ccccc5c4c3c2n1,1.6799672,5.9941745,15.698414,4.155489,1.9640822,472.36252,312.35788,235.37944,3.3958449118590703
Nc1[nH]c2nnncc2c1[N+](=O)[O-],1.7393565,6.8322086,20.751038,4.075308,2.5703444,632.53064,249.84375,332.82974,3.5766089807780572
Nn1c(=O)n([N+](=O)[O-])c(=O)c2ccncc21,1.7095698,6.4019566,18.183346,3.779287,2.148735,570.7678,-83.08318,154.86133,3.2236046470835733
O=[N+]([O-])c1c2cccnc2c([N+](=O)[O-])c2[nH]nnc12,1.7082524,6.491365,18.527384,4.5620933,2.3530731,516.9876,306.75598,255.1507,3.2134120785027465
O=[N+]([O-])c1cc([N+](=O)[O-])c2nn3c([N+](=O)[O-])nnc3cc2c1,1.7468332,7.1294613,22.632313,5.2741313,2.7935338,529.6762,357.3619,251.96472,3.182557203340603
Nc1cc([N+](=O)[O-])c2ncoc2c1[N+](=O)[O-],1.7743124,6.880829,21.271782,4.376589,2.3871648,548.0972,-88.53493,273.66373,3.170084432414522
NN=c1[nH]c2nc3c(c([N+](=O)[O-])cc4ncn(C=N[N+](=O)[O-])c43)c([N+](=O)[O-])c2[nH]1,1.7498163,6.7822495,20.608027,4.241809,2.428135,574.7926,270.81262,212.76657,4.303264536905841
Nc1ccc([N+](=O)[O-])c2c1nnn2[N+](=O)[O-],1.7115396,7.153055,22.525927,5.094825,3.0244715,595.3365,266.1752,128.4105,3.297607509337597
O=[N+]([O-])c1nc2cc(O)oc2c2[nH]cnc12,1.7084453,5.9141145,15.409886,3.27176,1.6517968,508.3578,-183.83334,264.54196,3.5631607830406393
Nc1c(N[N+](=O)[O-])c2nc([N+](=O)[O-])ccc2n1N,1.6945878,6.874871,20.782904,4.491416,2.8411262,634.7657,176.09265,175.39693,3.5358923490688383
O=[N+]([O-])c1cc2[nH]cnc2nc1[N+](=O)[O-],1.6945609,6.799575,20.216827,4.542218,2.5273783,558.0568,101.88373,235.82494,2.9994723308114217
O=c1[nH]cnc2nc([N+](=O)[O-])[nH]c12,1.7321693,6.3987856,18.139793,3.29539,1.9007962,580.03485,-78.68198,285.83008,3.360720519239595
O=[N+]([O-])c1ccc([N+]([O-])=Cn2ncc3c2nc([N+](=O)[O-])n2ncnc32)c([N+](=O)[O-])c1,1.7105373,6.773922,20.173676,4.752574,2.5558965,539.30817,389.85776,246.95665,3.635547990106124
O=[N+]([O-])c1cc([N+](=O)[O-])c2c([N+](=O)[O-])cc([N+](=O)[O-])nc2c1,1.7612977,7.29429,23.839632,5.413087,2.826932,521.5011,40.92043,221.55629,2.87633104949445
Nc1c([N+](=O)[O-])c([N+](=O)[O-])c2ncccc2c1O,1.6928365,6.1912336,16.733932,3.9048316,2.0552309,528.662,-142.39638,244.9061,2.836148118299608
O=c1[nH]c2cc3nc([N+](=O)[O-])oc3cc2[nH]1,1.7069364,5.7898483,14.713729,3.0034444,1.5061159,506.6979,-247.80865,288.8793,3.197406936886794
Nn1nnc2c3c(=O)n([N+](=O)[O-])nnc3ccc21,1.7290723,6.8566775,20.995836,4.554823,2.6480098,582.6709,382.43216,151.60123,3.7377868106072984
O=[N+]([O-])c1nc2cccnc2n1[N+](=O)[O-],1.6956906,6.9811707,21.4049,5.086839,2.8378756,558.9855,236.28821,129.41563,3.15826745276264
O=[N+]([O-])c1cccc2nc3cc([N+](=O)[O-])n4nnnc4c3c([N+](=O)[O-])c12,1.7187284,6.6440754,19.461967,4.8452625,2.4332328,503.1076,409.6863,226.41359,3.2376314125405834
O=c1c2c([N+](=O)[O-])cc([N+](=O)[O-])c([N+](=O)[O-])c2ncn1C=N[N+](=O)[O-],1.8307574,7.628137,26.663168,5.226642,2.883914,552.0212,9.1095,198.46536,3.682409977435384
O=[N+]([O-])c1nn([N+](=O)[O-])c2c1ccc1[nH]cnc12,1.7038921,6.635244,19.426956,4.5716634,2.4759545,543.76483,233.52112,147.72447,3.520011733684223
O=[N+]([O-])n1cc2nc[nH]c2c1O,1.6969701,6.5079923,18.655432,3.8157125,2.2688591,596.2964,-61.596325,192.0259,3.7861625404288164
O=c1nc[nH]c2cc([N+](=O)[O-])oc12,1.6943283,6.2411323,16.9765,3.702643,1.91976,521.5884,-193.16956,290.58096,3.3091782115472865
O=[N+]([O-])c1ccc([N+](=O)[O-])c2c([N+](=O)[O-])ncnc12,1.7629998,7.136926,22.899925,5.1669726,2.7193952,526.3347,131.3457,223.77298,2.8400471335697652
O=[N+]([O-])c1oc2cccc([N+](=O)[O-])c2c1[N+](=O)[O-],1.7190632,7.021121,21.668892,5.3457837,2.686583,500.74872,-76.14696,246.63042,2.864492349068838
O=c1c2occc2nnn1[N+](=O)[O-],1.7319874,7.087583,22.309189,4.910808,2.701851,550.6633,51.027515,137.97646,3.5467666730857488
O=[N+]([O-])c1nn([N+](=O)[O-])c2nnc3ncccc3c12,1.720799,6.9554024,21.548155,5.204301,2.7966962,537.1416,492.92514,127.531845,3.4180530073851854
Nc1nnc2ncc(=O)n([N+](=O)[O-])c2n1,1.7586764,7.123983,22.928333,4.3126187,2.655762,617.75415,230.97336,146.98436,3.4641762707738977
O=[N+]([O-])c1c2ccccc2c([N+](=O)[O-])c2c1nnn2[N+](=O)[O-],1.7171092,6.8672204,20.863157,5.251066,2.7028666,514.59174,318.0714,119.15042,3.252337203340602
O=c1[nH]c(=O)c2c([N+](=O)[O-])c3ccoc3nc2[nH]1,1.7128232,5.690365,14.256321,2.7583768,1.3489861,497.44974,-406.6751,250.06755,3.1791581952226835
O=[N+]([O-])c1nc2c([N+](=O)[O-])nc3ccccc3n2c1[N+](=O)[O-],1.698909,6.657247,19.41772,4.7948976,2.446753,510.901,203.35556,247.04825,3.0524333571867555
O=[N+]([O-])c1cccc2c1nc([N+](=O)[O-])c1c2cnn1[N+](=O)[O-],1.7243316,6.827178,20.723984,5.0618234,2.610327,515.0717,259.9914,127.4418,3.2235279725713717
Nc1c([N+](=O)[O-])cnc2cc([N+](=O)[O-])c([N+](=O)[O-])cc12,1.730503,6.8037047,20.548044,4.677392,2.5211465,540.2548,18.433092,243.43631,2.7268940247092903
Nc1ncnc2c1Oc1cc([N+](=O)[O-])cc([N+](=O)[O-])c1O2,1.7148199,6.316277,17.553032,3.8653724,1.9980052,519.3166,-194.23833,265.12018,3.147494814066121
O=[N+]([O-])c1cc2nncc([N+](=O)[O-])c2cc1[N+](=O)[O-],1.74287,7.1816,22.96568,5.4638224,2.874556,524.8106,209.3378,233.11327,2.867788310040355
O=c1c2nc([N+](=O)[O-])ccc2ncn1[N+](=O)[O-],1.7510265,6.9288373,21.60102,4.566141,2.4778914,544.0235,33.997944,147.32983,3.3165374848505893
O=[N+]([O-])N=Cc1nnc(-c2cc3nc([N+](=O)[O-])cn3nc2[N+](=O)[O-])o1,1.7578167,7.391342,24.417736,5.2512054,2.9338417,559.9735,344.70926,195.56206,3.919711436845538
O=[N+]([O-])N=Cn1c2cc([N+](=O)[O-])ccc2c2nc3c(cc([N+](=O)[O-])c4nnnn43)nc21,1.7411277,6.6238093,19.57622,4.4869113,2.3317082,521.06323,499.66025,197.90067,3.7281121916660567
Nc1nnc2c(N)c([N+](=O)[O-])c([N+](=O)[O-])cc2n1,1.7477357,6.930863,21.458916,4.2952204,2.5849836,604.30334,182.23242,248.17374,3.086111579838068
O=[N+]([O-])c1ccc2c(c1)nc([N+](=O)[O-])n1nnnc21,1.7273226,6.794171,20.410877,4.792427,2.5573173,534.49176,404.96536,265.2927,2.8663752134809766
O=c1c2cnc3cc([N+](=O)[O-])ccc3c2c([N+](=O)[O-])nn1[N+](=O)[O-],1.7453994,6.7666698,20.540255,4.766303,2.4025123,503.81073,82.7489,157.38667,3.2293577744042192
O=c1[nH]c([N+](=O)[O-])nc2cc[nH]c12,1.6745363,5.907661,15.125892,3.1224716,1.7176378,553.2949,-135.69328,280.06436,3.3001089807780577
O=[N+]([O-])c1ccnc2n[nH]c([N+](=O)[O-])c12,1.7051259,6.9614997,21.26024,4.9567075,2.748516,555.9934,197.62521,254.35068,3.144677959329245
O=[N+]([O-])N=Cn1cnc2c(=NN[N+](=O)[O-])[nH]cnc21,1.7567874,7.310088,23.985138,4.641773,2.9587328,640.1588,325.93527,162.52425,4.514114545846724
Nc1c([N+](=O)[O-])c([N+](=O)[O-])cc2c1nnn2C=N[N+](=O)[O-],1.7983177,7.680951,26.729635,5.314514,3.200889,603.7826,310.91898,210.12798,3.9058598292233775
Nc1c(=O)[nH]cc2[nH]c([N+](=O)[O-])nc12,1.7090594,6.0947614,16.354076,3.0045834,1.786963,597.7705,-139.35736,296.42444,3.56260811605651
O=[N+]([O-])c1cc([N+](=O)[O-])c2oc3nc([N+](=O)[O-])cn3c2c1,1.7728559,7.007499,22.01762,4.782997,2.4550395,513.43665,-41.863506,276.13147,3.334367507071846
O=[N+]([O-])c1cc([N+](=O)[O-])c2nc3cnn([N+](=O)[O-])c3nc2c1,1.7779312,7.205496,23.547987,5.1610193,2.755183,533.43896,311.15143,147.62282,3.2153725879559882
Nc1c2cccnc2c([N+](=O)[O-])c2c(=O)n3o[nH]c3c([N+](=O)[O-])c12,1.7223089,6.319252,17.682636,4.23259,2.1255968,504.17865,34.724613,259.60983,3.6619733634305778
Nc1c(O)oc2nc([N+](=O)[O-])ccc12,1.6762149,5.85522,14.852772,3.1707513,1.692124,537.4558,-295.6899,286.6741,3.281829978404689
O=[N+]([O-])c1cn2c(cc([N+](=O)[O-])c3cc4ncn([N+](=O)[O-])c4nc32)n1,1.7651883,6.8359604,21.131538,4.5973425,2.419418,528.45215,270.1828,149.02,3.683811102397378
Nn1c([N+]=O)nc2c([N+](=O)[O-])c3cnc([N+](=O)[O-])cc3c([N+](=O)[O-])c21,1.7907773,7.3291445,24.371058,5.140104,2.8411624,554.03094,297.07074,242.44916,4.019393142031981
Nc1cc([N+](=O)[O-])nn2c([N+](=O)[O-])cnc12,1.7345442,7.1160583,22.448298,4.773631,2.8311439,595.86395,194.67203,284.3105,3.2616719100531615
Nc1c([N+](=O)[O-])cc([N+](=O)[O-])c2nc3nonc2cc13,1.7357771,6.8575354,20.919596,4.9139047,2.6288598,534.64386,248.75507,270.75995,4.1352328643322185
O=c1c2nc3ccccc3nc2n2c([N+](=O)[O-])c([N+](=O)[O-])nc2n1[N+](=O)[O-],1.7461609,6.708889,20.25383,4.4445796,2.285755,515.5259,156.08801,161.8623,3.3576583942704543
O=[N+]([O-])c1c2ncoc2cn2nnnc12,1.7528175,6.9390535,21.491453,4.7286577,2.5623531,544.0273,324.7148,261.11716,3.5569213120060628
O=[N+]([O-])N=Cn1c2cc([N+](=O)[O-])ccc2c2ncc3nc([N+](=O)[O-])n4nnnc4c3c21,1.7256409,6.6013,19.348022,4.538636,2.365419,522.06146,519.3101,188.97449,3.8467609980321065
O=[N+]([O-])c1cn2nnnc2c2[nH]ncc12,1.7110001,6.7731905,20.144304,4.629086,2.6604068,575.9418,474.12247,290.6219,3.410834728821805
O=[N+]([O-])c1ccc2c([N+](=O)[O-])c([N+](=O)[O-])[nH]c2c1,1.7316953,6.925179,21.21886,4.948026,2.6100795,528.4039,-16.918379,266.20514,2.877946195222684
O=[N+]([O-])c1nc2cc[nH]c2c2[nH]nnc12,1.6569375,6.124846,16.192976,3.8527865,2.160511,562.4255,295.63528,266.70132,3.596289469430035
Cn1nnc2c([N+](=O)[O-])c3nc4nonc4nc3c([N+](=O)[O-])c21,1.7505798,7.2065144,23.207033,5.2568107,2.8950598,550.0004,565.02704,237.62704,3.5861436191276788
O=[N+]([O-])c1ccc(S(=O)(=O)Nn2nc([N+](=O)[O-])c3c([N+](=O)[O-])cc([N+](=O)[O-])nc32)cc1,1.7250087,7.055643,22.042,5.0193014,2.7314909,545.45087,102.0318,236.76595,3.263152823157542
O=c1c2c([N+](=O)[O-])cccc2nc2c([N+](=O)[O-])ncc([N+](=O)[O-])n12,1.7265579,6.5846014,19.19478,4.4392843,2.2164009,500.58682,12.628955,238.40768,3.122699786238538
O=c1[nH]c2cc([N+](=O)[O-])[nH]c2[nH]1,1.7461113,6.2297916,17.256916,2.9617567,1.7423882,592.44507,-216.53763,305.71335,3.53913876420504
O=[N+]([O-])N=Cc1c2cc(O)c(O)cc2nc2nn[nH]c12,1.6719927,5.9117684,15.239407,3.4486508,1.84837,537.4919,-27.83119,200.1796,3.804121015171657
O=[N+]([O-])c1nc2cncc([N+](=O)[O-])c2c2nc[nH]c12,1.7016921,6.32439,17.626328,4.1336365,2.1394513,519.0525,196.26324,247.3683,3.265693065440338
O=c1nc[nH]c2c([N+](=O)[O-])ccc([N+](=O)[O-])c12,1.7285331,6.4436646,18.403257,4.0571184,2.0972672,520.07214,-112.15644,250.19196,2.7369916654525976
O=[N+]([O-])c1cnc2[nH]cnc2c1[N+](=O)[O-],1.732992,6.942804,21.421917,4.5942473,2.5690002,562.12396,115.94049,238.53136,3.0122715803423787
O=c1[nH]c([N+](=O)[O-])cc2cc([N+](=O)[O-])cnc12,1.720474,6.373554,17.912342,3.9781196,2.040466,516.35706,-124.07571,276.0879,3.02224350491748
O=[N+]([O-])N=Cn1ncc2c([N+](=O)[O-])c3c([N+](=O)[O-])ccc([N+](=O)[O-])c3nc21,1.7761153,7.256526,23.753525,5.210878,2.8008773,537.86914,281.21198,203.16447,3.68600204192232
O=c1nc([N+](=O)[O-])[nH]c2nc3cc([N+](=O)[O-])ccc3nc12,1.7136151,6.1471047,16.64781,3.6615484,1.8355074,504.48004,-19.993086,274.36313,2.864393487806174
O=[N+]([O-])c1n[nH]c2n[nH]cc12,1.7382249,7.0899363,22.368776,4.542048,2.8370135,626.30524,235.31845,298.39438,3.7625983511855665
O=[N+]([O-])N=Cc1cc([N+](=O)[O-])nc2c1ncn2[N+](=O)[O-],1.7844063,7.5972233,26.143927,5.4119215,3.133271,579.5679,279.48587,133.65329,4.132885026160668
O=[N+]([O-])c1nc2[nH]cc([N+](=O)[O-])c2c2nccnc12,1.7095333,6.3359942,17.728325,4.1253204,2.127621,517.331,193.98376,259.0789,3.258223979808987
O=[N+]([O-])c1cc([N+](=O)[O-])c2oc([N+](=O)[O-])cc2c1,1.7222663,6.994133,21.540571,5.2359467,2.6341543,501.97885,-122.51504,272.94705,2.825284656761145
O=[N+]([O-])c1cccc2nc3nnn([N+](=O)[O-])c3c([N+](=O)[O-])c12,1.7293004,7.112013,22.457653,5.350164,2.8437643,530.4712,372.62088,118.8853,3.3327810494944483
N=c1c2ccc([N+](=O)[O-])cc2nc([N+](=O)[O-])n1[N+](=O)[O-],1.7580404,7.1508083,22.978994,4.9388328,2.7568712,559.3832,112.84204,133.3452,3.256232486247751
O=[N+]([O-])c1c2cccc([N+](=O)[O-])c2[nH]c2nc3c(nc12)nc1c([N+](=O)[O-])ccnc13,1.7109395,6.005354,15.922234,3.9606025,1.8591954,470.91,255.14142,249.73486,3.325493263507422
O=[N+]([O-])c1nc2c(o1)c([N+](=O)[O-])nc1ncccc12,1.7035481,6.3820276,17.89765,4.329339,2.116385,489.0297,88.34436,268.04373,3.4132904529584795
O=[N+]([O-])c1ccc2nnoc2c1[N+](=O)[O-],1.7382098,7.312751,23.706095,5.66571,2.9939022,526.87067,168.5437,233.45818,3.188982274526243
O=[N+]([O-])c1ccc2nc3nc([N+](=O)[O-])n4nnnc4c3nc2c1,1.7410256,6.635353,19.60915,4.493495,2.3312764,519.17615,517.10474,269.3699,3.1043523173525314
O=[N+]([O-])c1cc([N+](=O)[O-])n2nccc2n1,1.6887672,6.942813,20.975855,5.046444,2.8065498,558.7643,219.90656,266.77634,3.1980531938508205
O=[N+]([O-])c1nc2cnccn2c1[N+](=O)[O-],1.7045616,6.9915895,21.466364,5.0334115,2.8058805,558.3933,214.15073,265.47458,3.055826176965268
Nc1ncnc2nc([N+](=O)[O-])n3cc([N+](=O)[O-])nc3c12,1.7348901,6.6345816,19.56221,3.964247,2.2546093,571.05664,204.16776,267.70114,3.4220162149718574
Nn1nnc2c([N+](=O)[O-])c([N+](=O)[O-])ccc21,1.7372758,7.3020067,23.695358,5.291069,3.134292,594.23486,301.33783,240.42227,3.1123749511980634
O=[N+]([O-])c1cn2c(ccc3c2cc([N+](=O)[O-])n3[N+](=O)[O-])n1,1.7340014,6.9801106,21.689777,5.0506477,2.7048461,535.7579,187.21957,142.91591,3.577848478731764
O=c1c2[nH]cnc2n2c([N+](=O)[O-])nc3c4ccccc4nc-3c2n1[N+](=O)[O-],1.6779219,5.8531327,15.096039,3.5815163,1.7740532,497.68353,146.42383,159.28534,3.5328302128501683
O=c1c2cnc([N+](=O)[O-])nc2[nH]c2nc3cccc([N+](=O)[O-])c3c(=O)n12,1.6990838,5.839891,14.981749,3.2749581,1.5921863,489.72064,-145.5618,248.32341,3.255012181771354
O=[N+]([O-])c1cn2cc([N+](=O)[O-])nc2cn1,1.7123173,6.961544,21.357988,4.824685,2.7009735,561.2725,164.69568,281.0562,3.2491184846575756
O=[N+]([O-])c1cc([N+](=O)[O-])c2c([N+](=O)[O-])cc3cnc([N+](=O)[O-])n3c2c1,1.751202,7.0124235,21.97148,5.104117,2.6268847,514.29987,103.09067,228.42987,3.265197275212234
Nn1c([N+](=O)[O-])nc2cc([N+](=O)[O-])c([N+](=O)[O-])cc2c1=NC=N[N+](=O)[O-],1.8063397,7.6523986,26.614082,5.2899094,3.1231375,591.403,231.98373,197.2888,3.946814773744597
O=c1n(O)c2ccc([N+](=O)[O-])cc2n1[N+](=O)[O-],1.7686305,7.1220984,22.90681,4.7981405,2.6585379,555.5577,-122.26093,134.3166,3.1989096587636325
O=[N+]([O-])N=Cc1cc([N+](=O)[O-])nc2c([N+](=O)[O-])cnn12,1.7723829,7.5686226,25.757631,5.4539356,3.1487703,577.4328,299.8387,171.96272,3.765128615904258
O=[N+]([O-])c1ccc(N=c2c3cncnc3[nH]c3nc([N+](=O)[O-])n4c([N+](=O)[O-])cnc4c23)c([N+](=O)[O-])c1,1.6972975,6.3557878,17.736757,4.211782,2.1583009,514.38513,264.46527,241.97902,3.709991417155609
O=[N+]([O-])c1ccc2cc3c([N+](=O)[O-])nn([N+](=O)[O-])c3nc2c1,1.7265372,6.8106055,20.664194,4.9695277,2.568917,516.84,223.34671,137.77724,3.147108741802141
O=[N+]([O-])c1cc2[nH]nnc2o1,1.7074401,7.1303782,22.234362,4.932482,2.8516953,579.04926,128.57803,291.87466,3.7613923958505797
O=[N+]([O-])c1nc2ccccc2c2nc([N+](=O)[O-])n([N+](=O)[O-])c12,1.6889178,6.6593223,19.46924,4.877203,2.51214,515.11194,228.85403,123.63507,3.191947203340604
Nc1nc([N+](=O)[O-])nc2c([N+](=O)[O-])c3cccc([N+](=O)[O-])c3nc12,1.7244141,6.5504584,19.044317,4.312426,2.2608666,525.67175,129.19946,243.0686,3.1176448749959356
O=[N+]([O-])c1cnc2c([N+](=O)[O-])nccc2n1,1.6791683,6.635471,19.203762,4.7297454,2.503509,530.11993,204.59988,243.49936,3.038747076746934
O=c1c2cccc([N+](=O)[O-])c2nc2cc([N+](=O)[O-])c3cc([N+](=O)[O-])oc3n12,1.7279111,6.171748,16.869331,4.029511,1.8568475,461.75336,-190.8787,256.72354,3.247368165580225
O=[N+]([O-])c1cc2ncnc-2[nH]n1,1.6618283,6.438901,17.933073,4.1377745,2.3969524,581.56323,223.66,282.6103,3.0273981224938105
O=[N+]([O-])N=Cc1c([N+](=O)[O-])c([N+](=O)[O-])nc2c([N+](=O)[O-])c3c([N+](=O)[O-])ccc4c3c(c12)NC(=Nc1ccccc1[N+](=O)[O-])N4,1.7171042,6.6131063,19.373728,4.6559944,2.3812492,512.7957,154.85223,204.35669,4.244024479430291
O=[N+]([O-])c1nc2c([nH]1)oc1[nH]cnc12,1.7371756,6.393588,18.206724,3.571949,1.9761722,555.3627,-4.758268,294.20654,4.102553277999831
O=c1[nH]c([N+](=O)[O-])nc2c([N+](=O)[O-])cccc12,1.7250507,6.3320045,17.711607,3.8596833,1.9792712,516.42456,-150.90857,256.27402,2.757249190536209
O=[N+]([O-])c1ccc2nc([N+](=O)[O-])n3nnnc3c2c1,1.7225708,6.781974,20.30346,4.8116846,2.5643706,533.57947,409.60904,267.65048,2.8524715850339515
O=[N+]([O-])c1c2cnccc2c([N+](=O)[O-])c2c1cnn2[N+](=O)[O-],1.73472,6.897493,21.242914,5.165872,2.6768985,516.83997,289.634,126.925415,3.4281995110329113
O=[N+]([O-])N=Cn1c([N+](=O)[O-])cn2nc([N+](=O)[O-])cc12,1.7739607,7.8050265,27.388767,5.6388783,3.410078,605.8096,276.49463,174.32043,4.246705052121802
O=[N+]([O-])N=Cc1c[nH]c2c([N+](=O)[O-])ncnc12,1.7090261,6.813377,20.510624,4.584534,2.6194704,571.9613,205.17426,185.60509,3.80985545254432
O=[N+]([O-])c1ccc([N+](=O)[O-])c2c1ncn1ncc([N+](=O)[O-])c21,1.736467,6.7969475,20.548157,4.888768,2.5150545,514.97485,217.3778,248.04259,3.0039787418021415
O=c1[nH]c2c([N+](=O)[O-])c([N+](=O)[O-])c3ncccc3c2[nH]1,1.7222852,6.076091,16.325449,3.5868764,1.7978095,505.25604,-113.813705,242.37004,2.9107960751117172
O=[N+]([O-])c1ccc([N+](=O)[O-])c2c(O)ncnc12,1.7289973,6.492835,18.724482,4.166981,2.161979,521.2109,-98.771904,252.52191,2.7738073845161413
Nc1c([N+](=O)[O-])c2ccc([N+](=O)[O-])cc2n([N+](=O)[O-])c1=O,1.7928587,7.0889606,22.862648,4.6864676,2.5720067,549.68225,-113.36519,139.20053,3.1249577463062943
O=[N+]([O-])c1ccc2cc([N+](=O)[O-])oc2n1,1.6817797,6.5686336,18.747314,4.684788,2.3580456,504.07477,-64.9205,272.787,3.124813794226055
Nn1nc([N+](=O)[O-])c2c3cccc([N+](=O)[O-])c3nc([N+](=O)[O-])c21,1.734876,6.903009,21.167208,4.9599957,2.6697183,539.2158,273.8899,250.76419,3.338017192328671
Nc1nc(NCC([N+]c2ccc([N+](=O)[O-])n2[N+](=O)[O-])(N[N+](=O)[O-])C([N+](=O)[O-])([N+](=O)[O-])[N+](=O)[O-])cc2cn[nH]c(=O)c12,1.7597592,7.4745927,25.023064,4.9380803,3.0433798,619.3641,56.633396,149.97272,5.0767805989059855
O=[N+]([O-])c1cc2nc3c([N+](=O)[O-])cc4nnn([N+](=O)[O-])c4c3nc2c2ccncc12,1.7108754,6.3543777,17.95926,4.4989405,2.1999364,488.92395,428.8575,153.11201,3.4598602964744556
O=[N+]([O-])Nc1c2ccccc2nc2c1c([N+](=O)[O-])nn2[N+](=O)[O-],1.7041756,6.8287067,20.561432,4.9275646,2.6743097,543.44507,270.5353,134.42445,3.3480364762705372
O=c1[nH]nc2n1-c1cccc([N+](=O)[O-])c1OC2,1.7051868,5.792429,14.727882,3.1998155,1.666701,524.4756,-193.08992,275.38278,2.932981966455941
COc1nccc2c1c([N+](=O)[O-])c([N+](=O)[O-])c1n[nH]nc12,1.6665797,6.342116,17.375685,4.334209,2.3198907,536.93304,117.907166,235.02075,3.1583712066390666
O=[N+]([O-])c1cnc2ocnn12,1.7623718,7.2005353,23.179031,4.7361913,2.738755,579.9817,121.66098,303.47772,3.792698103046609
O=[N+]([O-])Nc1ccnc2c([N+](=O)[O-])ncnc12,1.7084953,6.8562517,20.824745,4.704586,2.682521,571.2088,232.10428,135.62845,3.2836220646556127
O=[N+]([O-])NN1c2cccc([N+](=O)[O-])c2Nc2nc([N+](=O)[O-])nn21,1.752576,7.358318,24.242893,5.051828,3.0181265,599.42914,289.21304,151.67151,3.8634320806661417
O=c1[nH]n([N+](=O)[O-])c(=O)c2cccc([N+](=O)[O-])c12,1.7691746,6.754036,20.578123,4.2993584,2.2531304,526.7327,-187.52159,171.39426,3.0946298490688378
O=c1[nH]c2nc[nH]c(=NN[N+](=O)[O-])c2[nH]1,1.755942,6.6809807,20.07486,3.3321297,2.1436203,646.8851,-32.902905,174.87451,4.017624327595125
Nn1nnc2c3ccncc3c([N+](=O)[O-])c-2c1[N+](=O)[O-],1.6790197,6.565956,18.752302,4.807432,2.5979133,540.43933,399.0753,247.8413,3.3742041869998296
O=c1nc([N+](=O)[O-])[nH]c2nc3ccc([N+](=O)[O-])cc3nc12,1.7178462,6.1544266,16.727928,3.661927,1.8349353,504.29828,-21.69847,273.77432,2.864393487806174
O=[N+]([O-])c1cnn2c1c([N+](=O)[O-])nc1c3ccccc3nc([N+](=O)[O-])c12,1.6801347,6.245689,17.028229,4.454315,2.163455,485.85217,286.1588,236.61324,3.1762679510021217
O=[N+]([O-])c1cnc2c(nnc3nncn32)n1,1.7488326,6.997244,22.057379,4.6976376,2.6967547,573.9835,584.03265,264.77896,3.5692019870540186
O=c1[nH]c2c([N+](=O)[O-])cc3[nH]nnc3c2[nH]1,1.7510402,6.23643,17.32635,3.209961,1.7999003,564.2175,0.45167795,303.48917,3.4044530907329476
COC(=O)c1c2ncn(N)c(=O)c2nc2c([N+](=O)[O-])c3nc([N+](=O)[O-])cc([N+](=O)[O-])c3c([N+](=O)[O-])c12,1.7527113,6.7355328,20.33769,4.2416615,2.2378995,530.7106,-230.92639,225.18402,3.7546335517709943
Nc1c([N+](=O)[O-])ccn2c(=O)c3cc([N+](=O)[O-])oc3nc12,1.7400894,6.2980146,17.562622,3.7262726,1.904251,514.26184,-214.56647,293.2189,3.285490583994923
Nc1c([N+](=O)[O-])ncn(N)c1=O,1.7473563,7.0141997,21.991968,3.9082415,2.6259243,675.1849,-55.47806,305.3292,3.2507122810108156
O=[N+]([O-])c1ccc2nc3c(nc([N+](=O)[O-])c4nc([N+](=O)[O-])cn43)nc2c1,1.7472576,6.5701537,19.313444,4.3964477,2.2045639,502.4929,275.05664,253.64513,3.244437181771353
Nc1c([N+](=O)[O-])c2nc3cccc([N+](=O)[O-])c3nn2c1[N+](=O)[O-],1.7637829,6.9153457,21.431133,4.7205033,2.5441358,540.9001,217.26932,276.5685,3.163301063296414
NN=c1[nH]c([N+](=O)[O-])nc2nc3c(nc12)c([N+](=O)[O-])cc1[nH]nnc13,1.7581811,6.768703,20.569118,4.164517,2.377703,572.53766,473.3696,255.67444,4.047160466945873
O=c1nc(N[N+](=O)[O-])[nH]c2nc[nH]c12,1.7318454,6.569401,19.255657,3.3845441,2.099661,622.7968,-38.992138,167.97176,3.255887686283854
Cn1nnc2c([N+](=O)[O-])c([N+](=O)[O-])c3nc4[nH]c(N[N+](=O)[O-])nc4c(=O)nc3c21,1.768394,7.0789847,22.607449,4.415558,2.5292547,575.3882,208.70529,179.48853,3.752245057840602
O=[N+]([O-])c1cc([N+](=O)[O-])c2nnn(O)c2c1,1.7714041,7.4373217,24.80512,5.412876,3.0506418,564.8588,171.67017,269.59995,2.8873363107687258
O=c1[nH]c([N+](=O)[O-])nc2nc[nH]c12,1.7239814,6.336463,17.739655,3.2037985,1.8535728,581.58093,-102.235855,276.97052,3.3068166730857502
O=[N+]([O-])c1cn2c([N+](=O)[O-])nc3cnc4cc5c(cc4c3c2n1)OCO5,1.6816843,5.8593554,14.964204,3.7112057,1.7705911,478.5863,-34.40437,273.7789,3.297468366802539
O=[N+]([O-])c1cc([N+](=O)[O-])c2c(cnn2[N+](=O)[O-])c1,1.7530812,7.439392,24.741074,5.6844616,3.1282732,549.85913,195.92584,122.01196,3.135715425991915
O=[N+]([O-])c1cc2nn[nH]c2c2ncnn12,1.6973678,6.6232085,19.176546,4.3140864,2.4856904,578.357,404.32578,288.04468,3.653728467641126
O=C1c2cnn([N+](=O)[O-])c2C(=O)c2c([N+](=O)[O-])ccc([N+](=O)[O-])c21,1.7893438,6.933782,21.873644,4.820189,2.3680115,490.3738,-77.21834,155.6457,3.2293568424515566
O=[N+]([O-])c1ncc([N+](=O)[O-])n2ccnc12,1.7230227,7.037635,21.906034,5.0243583,2.7929459,557.5166,212.01407,254.90793,3.2341477529502587
O=c1[nH]n([N+](=O)[O-])c2ccc([N+](=O)[O-])cc12,1.7458568,6.8210626,20.83363,4.4974313,2.4511943,547.74365,-65.43797,142.43031,3.054581749051372
O=c1c2cc3cccc([N+](=O)[O-])c3nc2nc([N+](=O)[O-])n1[N+](=O)[O-],1.7403617,6.6759787,19.970606,4.552994,2.2944698,504.0835,31.184542,139.95927,3.2045603779545155
Nc1nc(=O)[nH]c(=N[N+](N)=O)[nH]1,1.6987432,6.6627526,19.586086,2.6735232,2.154538,804.5532,-104.851166,216.98401,4.255775696023222
O=[N+]([O-])c1nc2c(ccc3n[nH]nc32)o1,1.6756335,6.2413263,16.901743,4.1450305,2.1301126,514.7962,172.55188,280.62793,3.48079644617422
O=[N+]([O-])c1cc(O)c(O)o1,1.7689425,6.950732,21.537287,3.9322069,2.2262645,570.89667,-523.8341,297.63477,3.3676569406400105
O=c1oc2ccc([N+](=O)[O-])cc2n1[N+](=O)[O-],1.7557876,6.860928,21.120815,4.4609485,2.3185892,520.969,-246.42615,145.03773,2.926508046010227
O=[N+]([O-])c1ccc2c(c1)nnc1nnc([N+](=O)[O-])n12,1.708324,6.847285,20.600348,5.011811,2.6853492,536.06006,448.69962,249.77003,2.9576945168191475
O=[N+]([O-])c1ncc2ncn3cnnc3c2c1[N+](=O)[O-],1.7366059,6.8451195,20.92015,4.741774,2.5569913,540.36395,385.55722,226.32632,3.330830075599989
O=c1[nH]nc([N+](=O)[O-])c2c([N+][O-])ccnc12,1.7291898,6.7548485,20.197998,4.4380603,2.4071755,545.6506,118.635345,236.43349,3.6456145592644162
O=[N+]([O-])c1cn2c(nnc3cc4cc([N+](=O)[O-])oc4nc32)n1,1.7331601,6.598363,19.27217,4.4604163,2.2537878,506.37247,265.7228,283.378,3.6181722405614467
O=[N+]([O-])c1nc2c([N+](=O)[O-])ncnc2c2cnccc12,1.6797172,6.1573143,16.568495,4.238872,2.1018999,495.76196,277.26328,242.77483,3.1866641470397887
O=[N+]([O-])c1cn2c([N+](=O)[O-])cncc2n1,1.7089449,6.9644585,21.33523,4.9076076,2.7356546,558.8005,182.59955,284.8116,3.3094404358770877
O=[N+]([O-])c1cccc2c1nnc1c2nc([N+](=O)[O-])n1[N+](=O)[O-],1.7590132,7.203952,23.37211,5.356402,2.8565466,532.09937,384.6362,130.73587,3.225706434109834
O=[N+]([O-])c1ccc2nc3c(ncn4c([N+](=O)[O-])c([N+](=O)[O-])nc34)nc2c1,1.7526947,6.593861,19.486336,4.4335127,2.2274158,502.76218,281.73886,257.7661,3.179781412540585
O=c1[nH]c(=O)c2cc(O)[nH]c2[nH]1,1.6764802,4.8372846,10.328576,1.3796911,0.765719,561.6574,-569.95844,312.49786,3.200285617351893
O=[N+]([O-])c1c([N+](=O)[O-])c2[nH]nc([N+](=O)[O-])c2c2ccccc12,1.6899735,6.422995,18.00585,4.695205,2.326015,495.10422,127.09259,235.53719,2.9416318187252184
O=[N+]([O-])c1ccc2c(O)nn3c([N+](=O)[O-])cnc3c2c1,1.7124202,6.2193937,16.990057,4.005127,2.0256608,506.81122,3.2654598,289.06693,2.9381082429438834
NN[N+]c1c([N+](=O)[O-])nn2c1cc([N+](=O)[O-])c1ccc([N+](=O)[O-])c([N+](=O)[O-])c12,1.7695874,7.3847923,24.455034,5.31549,3.0318093,571.9219,289.6687,229.49393,3.8085281600472785
O=[N+]([O-])c1cc2oc(O)cn2n1,1.7150668,6.679909,19.528358,4.099892,2.2737892,558.37573,-182.88045,293.79303,3.8476646383309143
O=[N+]([O-])c1cc2c(cc([N+](=O)[O-])c3nncn32)o1,1.7489253,6.838779,20.814928,4.7979994,2.470435,516.3592,146.84482,281.37036,3.230142502914992
O=[N+]([O-])c1cc([N+](=O)[O-])c2[nH]c([N+](=O)[O-])cc2c1,1.7105714,6.826414,20.412407,4.862235,2.5594077,527.5197,-42.641857,285.24283,2.95619427214576
O=[N+]([O-])c1cc([N+](=O)[O-])c2nc([N+](=O)[O-])[nH]c2c1,1.7762008,7.2740326,23.782665,4.9693656,2.7272682,550.64514,18.469011,259.03094,2.926263502914992
O=[N+]([O-])c1cnc2cc([N+](=O)[O-])n3cc([N+](=O)[O-])nc3c2c1,1.7214373,6.6444764,19.46967,4.6227913,2.361818,511.53848,139.70105,277.07193,3.1747110494944497
Nn1cnc2c3onc(C=N[N+](=O)[O-])c3nc([N+](=O)[O-])c21,1.7668618,7.2799964,23.91902,5.1329494,2.9483266,574.9949,390.7637,190.75699,4.185593487806175
O=[N+]([O-])c1cccc2[nH]c(O)c([N+](=O)[O-])c12,1.6933956,6.231652,16.908033,3.9373472,2.0389755,521.2666,-204.34402,264.4325,2.749509119355487
O=[N+]([O-])N=Cc1c2cnn([N+](=O)[O-])c2nc2c1c([N+](=O)[O-])nc1ncccc12,1.7149025,6.58003,19.281824,4.6006465,2.3811967,517.5887,406.30228,155.2977,3.977033580165621
O=[N+]([O-])c1ccc2c(c1)nc([N+](=O)[O-])c1cnn([N+](=O)[O-])c12,1.7303994,6.8274536,20.791498,4.973476,2.5801663,518.68933,225.59097,136.92491,3.2064948956482953
O=[N+]([O-])Nc1cc([N+](=O)[O-])c2cnn(O)c2n1,1.7685564,7.4823303,25.236778,5.1827226,3.109494,601.906,164.6825,127.625916,3.5972532039141356
O=[N+]([O-])c1cccc2cc([N+](=O)[O-])n3nnc([N+](=O)[O-])c3c12,1.6903238,6.7051826,19.577124,5.045916,2.5775266,510.35095,260.96738,244.70064,3.18690951103291
O=[N+]([O-])c1cc([N+](=O)[O-])c2[nH]ccc2n1,1.6481063,6.3730235,17.37992,4.4166007,2.3451467,532.40094,41.033207,278.06415,3.0040010362523217
O=[N+]([O-])c1ccc2ncn([N+](=O)[O-])c2n1,1.7152678,7.02188,21.83707,4.9705353,2.7959635,563.98083,201.24496,131.38556,3.35579803437615
Nc1c([N+](=O)[O-])cc([N+](=O)[O-])c2nn([N+](=O)[O-])c(C=N[N+](=O)[O-])c12,1.8385179,7.941067,28.995628,5.669215,3.3353796,588.5185,246.87698,153.5709,3.963514122671337
O=[N+]([O-])c1cc2c(c([N+](=O)[O-])c1)OC([N+](=O)[O-])CO2,1.752499,7.18185,23.067205,4.976953,2.734757,549.9265,-335.54648,208.8931,3.652768304036636
O=[N+]([O-])Nc1cc([N+](=O)[O-])nc2nc3ccc([N+](=O)[O-])cc3c([N+](=O)[O-])c12,1.7406521,6.896555,21.239214,4.879022,2.5523984,524.105,118.44653,136.41809,3.2930254349676327
O=[N+]([O-])c1ccc2nc3c([N+](=O)[O-])cc([N+](=O)[O-])c([N+](=O)[O-])n3c2c1,1.7703967,7.0159316,22.109919,5.030963,2.5567582,508.1824,91.3009,225.95221,2.9882617987484004
Nc1ncn([N+](=O)[O-])c2ncnc1-2,1.7027711,6.6498485,19.620016,3.895234,2.4801726,639.4331,204.58987,144.65492,3.4469089807780575
O=[N+]([O-])c1cccc2c1nc([N+](=O)[O-])n2[N+](=O)[O-],1.7512369,7.367862,24.282549,5.4818854,3.016,549.4925,157.34827,127.53038,3.132683695222684
N=c1ccn([N+](=O)[O-])c2ncc([N+](=O)[O-])nc12,1.7261944,6.900251,21.281012,4.708588,2.6815448,571.4531,216.29797,145.245,3.8851990233121274
N=c1c([N+](=O)[O-])c[nH]c2cc(N)c([N+](=O)[O-])cc12,1.6962306,6.0801344,16.14371,3.6231294,2.0232868,560.0075,-39.77833,312.1224,3.1135240798380686
O=[N+]([O-])c1cnc2c([N+](=O)[O-])ccc([N+](=O)[O-])c2n1,1.75343,7.0974374,22.562551,5.1570187,2.7015147,523.33026,136.95413,245.068,2.9031557308548344
O=[N+]([O-])c1nc2c(nc([N+](=O)[O-])c3nnnn32)c2ccccc12,1.6915541,6.3085513,17.426605,4.44,2.2305348,502.53812,495.25925,245.99309,3.197515630962
COC(=O)n1c2cc([N+](=O)[O-])cnc2c2c3c([N+](=O)[O-])c([N+](=O)[O-])c([N+](=O)[O-])nc3ccc21,1.705254,6.377988,17.898788,4.1697717,2.0810928,501.69266,-224.63321,222.95825,3.3819110540411614
O=[N+]([O-])c1cc2ncc3ncc([N+](=O)[O-])n3c2o1,1.726461,6.7126503,19.892086,4.6375704,2.3767111,513.64856,98.32211,289.99686,3.565341272145762
O=[N+]([O-])c1n[nH]c2cncnc12,1.6725873,6.506405,18.382446,4.224395,2.4385645,578.80206,240.97995,294.792,3.099980475434986
O=[N+]([O-])c1cc([N+](=O)[O-])c2[nH]c3ncc([N+](=O)[O-])n3c2c1,1.775596,6.9332333,21.606167,4.5552607,2.4377453,537.367,61.480305,283.69684,3.3529334989746795
Nc1nnnc2c1c([N+](=O)[O-])cn1c([N+](=O)[O-])cnc21,1.7466303,6.956217,21.605822,4.6309013,2.6448257,571.97687,380.37766,272.68927,3.5322441869998293
Nc1c2cc(C(=O)O)c(=O)n1c1c(O)c([N+](=O)[O-])ccc21,1.6555206,5.138767,11.318363,2.291604,1.1163443,492.28992,-700.45306,311.62036,3.5512323907033494
O=[N+]([O-])c1cc([N+](=O)[O-])c2nonc2c1,1.7523681,7.440183,24.624779,5.95194,3.1437306,526.9248,236.8848,268.07352,2.699767265145379
Nc1c([N+](=O)[O-])nc2ncc([N+](=O)[O-])cn12,1.7584379,7.0614347,22.261724,4.422213,2.6310203,597.2506,124.09668,298.93475,3.186236131877849
O=c1[nH]c([N+](=O)[O-])c2nnc3cccc([N+](=O)[O-])c3n12,1.7287062,6.5104403,18.748096,4.13445,2.1586988,525.51385,66.92557,248.06331,3.177689501685144
Nn1ncc2[nH]c([N+](=O)[O-])cc(=O)c21,1.6825435,6.3942814,17.75906,3.8568866,2.2849355,595.6224,31.452028,296.06647,3.7164898974330294
O=[N+]([O-])N=Cc1c([N+](=O)[O-])cc2c(cnn2[N+](=O)[O-])c1[N+](=O)[O-],1.8182042,7.893545,28.44458,5.9204016,3.357084,566.05304,272.4494,147.35455,3.911371046618222
O=c1c2c([N+](=O)[O-])nnnc2nc2ccc([N+](=O)[O-])cn12,1.7336934,6.6711917,19.761566,4.4317408,2.3022113,520.6697,208.03134,237.27605,3.2322094029255393
O=[N+]([O-])c1cn2cc([N+](=O)[O-])c3[nH]cnc3c2n1,1.7041336,6.46091,18.286758,4.1017113,2.21893,542.6502,139.4963,294.1282,3.4457741952226835
O=c1c2cc([N+](=O)[O-])cnc2nc2[nH]c([N+](=O)[O-])cn12,1.7435274,6.3626027,17.991123,3.7268546,1.9335867,521.3907,-45.263638,287.1789,3.309477193992837
O=[N+]([O-])c1ccc2nc3n[nH]c([N+](=O)[O-])c3c([N+](=O)[O-])c2c1,1.7256427,6.726403,20.0002,4.775709,2.4436674,512.19806,176.20074,244.0392,3.0666556648790646
Cn1c2nc3c([N+](=O)[O-])onc3nc2c2nc3c([N+](=O)[O-])cccc3c([N+](=O)[O-])c21,1.6955261,6.34794,17.682455,4.499128,2.2203434,493.72116,268.78882,242.73964,3.5753005387622867
Nc1cnn2c(N)c([N+](=O)[O-])nnc12,1.7126349,6.940684,21.22248,4.1098194,2.7938876,681.52826,315.8675,304.63776,3.283837670712381
O=[N+]([O-])c1nc2ncccn2c1[N+](=O)[O-],1.6934153,6.9137197,20.864433,4.9500046,2.7426734,555.5307,198.41028,262.69086,3.0617124809052303
O=[N+]([O-])c1ccc2c(O)cc3[nH]ncc3c2c1[N+](=O)[O-],1.6717358,5.8791447,15.001402,3.8684433,1.8838499,488.47488,-73.86534,236.21909,2.8542861450417867
O=[N+]([O-])c1ccc([N+](=O)[O-])c2nnnnc12,1.7722152,7.4368157,24.908606,5.635806,3.1089387,550.74225,420.3829,250.9478,2.9461288949287514
O=[N+]([O-])N=c1cc[nH]cc1[N+](=O)[O-],1.6995355,7.234735,22.956625,5.2735257,3.1826608,605.0963,98.87216,141.72658,3.6692186511077267
O=[N+]([O-])c1cccc2nc([N+](=O)[O-])n3nnnc3c12,1.7028908,6.773442,20.09902,4.922426,2.6183398,532.73615,430.54056,239.98268,3.0138837766159545
O=[N+]([O-])c1cnc2ncc([N+](=O)[O-])n2c1,1.7183493,6.9662685,21.39053,4.846233,2.700577,558.3291,175.86273,288.7558,3.03471248090523
O=c1c2nc3cccc([N+](=O)[O-])c3nc2n(C=N[N+](=O)[O-])c(=O)n1[N+](=O)[O-],1.7840323,6.9535675,21.933647,4.3755355,2.3414576,536.8479,-32.136074,158.34795,3.743366846980276
O=[N+]([O-])c1cc2[nH]cnc2c2nnnn12,1.699343,6.6344004,19.262268,4.3281484,2.483424,575.9917,410.6354,286.29926,3.3743034229184072
Nn1nc([N+](=O)[O-])c2nc(C=N[N+](=O)[O-])cnc21,1.7582378,7.495353,25.22508,5.1916003,3.2233486,622.2189,419.92746,183.35957,4.00573096759317
O=[N+]([O-])c1nc2cc(O)oc2c2cncnc12,1.6801085,5.759877,14.490875,3.438924,1.651535,481.31647,-99.15727,256.7151,3.349272351071325
Nn1nnc2c1c(=NN[N+](=O)[O-])nc1[nH]ccn12,1.7002022,6.940741,21.261518,4.1233926,2.834155,691.2997,475.96585,172.29225,4.618686014227208
O=[N+]([O-])c1cnc2c(n1)nc([N+](=O)[O-])c1nc3c([N+](=O)[O-])cccc3nc12,1.720102,6.399659,18.194832,4.387234,2.1367297,487.04434,317.50058,240.9963,3.3065161156841762
NN=c1[nH]c(C=N[N+](=O)[O-])nc2nc3[nH]c4c([N+](=O)[O-])cc([N+](=O)[O-])cc4c3nc12,1.7424794,6.64346,19.727074,4.167307,2.3209455,559.02716,303.91898,204.56563,4.021381910402695
O=[N+]([O-])Nc1[nH]c(O)c2[nH]cnc12,1.7173784,6.5282826,18.925888,3.462075,2.1879656,634.18225,-96.2998,193.051,3.8644705192395943
O=[N+]([O-])c1cc([N+](=O)[O-])c2nc3c([N+](=O)[O-])[nH]cc3nc2c1,1.7485733,6.745599,20.315142,4.6394043,2.374047,512.636,136.74841,254.23044,3.2868695110329096
O=[N+]([O-])N=Cc1cc2nnn(C=N[N+](=O)[O-])c2c([N+](=O)[O-])c1[N+](=O)[O-],1.7764887,7.8529677,27.668947,5.90727,3.4431462,582.9232,428.90518,185.59659,4.288163520906837
O=c1cc[nH]c2c1cnn2[N+](=O)[O-],1.6589972,6.271859,17.053967,4.0554924,2.2445915,555.93884,43.19977,159.29457,3.537055134624211
O=c1c2c(ccc3c2c([N+](=O)[O-])nn3[N+](=O)[O-])nc2nccnn12,1.7339782,6.5161633,19.012192,4.3103185,2.216975,515.27783,269.82333,160.53542,3.533797212715621
O=[N+]([O-])c1cc2c([N+](=O)[O-])c3c([N+](=O)[O-])cccc3nc2nc1[N+](=O)[O-],1.7288884,6.778575,20.350868,4.9810867,2.456054,492.444,124.64896,219.52829,3.069063335617507
O=c1nc[nH]c2nc([N+](=O)[O-])[nH]c12,1.7267574,6.422336,18.240343,3.350999,1.9404997,582.1731,-66.03053,287.13467,3.273201288470365
Nc1nn(N)c2nc([N+](=O)[O-])cnc12,1.6895449,6.844677,20.577593,4.084106,2.7648804,679.69904,294.07968,281.681,3.461206901481612
O=c1oc([N+](=O)[O-])nc2c1ccc1nc[nH]c12,1.6485087,5.4935913,12.982934,3.0093944,1.4339095,480.1888,-188.90355,266.42178,3.2685175433790175
O=[N+]([O-])N=Cc1nc([N+](=O)[O-])c2nc3c([N+](=O)[O-])cccc3c([N+](=O)[O-])c2n1,1.7418919,6.9988375,21.885916,5.0722933,2.639904,519.8385,278.3591,199.89333,3.6569028887922173
O=[N+]([O-])c1cccc2nc3c(nc([N+](=O)[O-])n4nnnc34)nc12,1.7261436,6.623033,19.44229,4.560547,2.3627696,517.99274,537.74084,246.1091,3.1938325540389227
O=[N+]([O-])c1ccc([N+](=O)[O-])o1,1.7057482,7.525807,24.791397,5.739851,3.2304826,562.14307,-114.3031,282.82318,2.6273913177295896
O=[N+]([O-])c1cn2cc3c([N+](=O)[O-])c[nH]c3nc2n1,1.7188319,6.4944253,18.57732,4.0746593,2.2068982,543.40454,128.74414,295.2772,3.5412711182996066
O=[N+]([O-])c1ccc2nc([N+](=O)[O-])ncc2n1,1.6960822,6.6176643,19.227781,4.548766,2.4128547,531.49255,161.26645,259.51904,3.0678932305930875
O=[N+]([O-])c1cnc2[nH]c([N+](=O)[O-])nc2c1,1.7284526,6.8467937,20.727732,4.4185634,2.4596806,559.7476,80.89227,281.0257,3.0953316178658294
O=[N+]([O-])c1cc([N+](=O)[O-])c2c(ncn3ncnc23)n1,1.7214049,6.701929,19.924349,4.491759,2.4104538,539.2668,311.64304,238.97377,3.2197186097073907
Nc1c([N+](=O)[O-])cc([N+](=O)[O-])c2ncnnc12,1.7475513,6.9422092,21.505919,4.648359,2.636797,568.85986,223.7655,267.07315,3.1056846420412256
O=[N+]([O-])c1ccc2oc3c([N+](=O)[O-])c4cn[nH]c4c([N+](=O)[O-])c3c2c1,1.7294128,6.348392,17.805008,4.4312277,2.094142,472.49396,-8.092664,270.65833,3.130821804738516
O=[N+]([O-])c1cc([N+](=O)[O-])c2[nH]n3cnnc3c2c1,1.7125503,6.699829,19.728407,4.685983,2.545723,544.1867,284.42773,285.95517,3.2140948106072997
O=c1[nH]c2ccncc2nc1[N+](=O)[O-],1.6611328,5.815959,14.607527,3.3763554,1.7492529,520.77655,-34.825207,257.39255,2.7812379821418425
O=[N+]([O-])N=c1[nH]c([N+](=O)[O-])nc2cccc([N+](=O)[O-])c12,1.734217,7.086231,22.267752,4.9261003,2.7484407,559.3392,134.02594,180.36066,3.415372205647847
O=[N+]([O-])Nc1ccnc2nc([N+](=O)[O-])cc([N+](=O)[O-])c12,1.7181072,7.086698,22.214966,5.055996,2.8194575,558.53613,154.60825,124.72841,3.276872205647848
O=[N+]([O-])c1ccc([N+](=O)[O-])c2[nH]nnc12,1.7355189,7.10824,22.363283,5.059103,2.8306513,560.6057,211.28638,277.19244,2.960375520304856
O=[N+]([O-])N=Cc1c2nnn(C=N[N+](=O)[O-])c2nc2c([N+](=O)[O-])ccc([N+](=O)[O-])c12,1.7760965,7.3928227,24.65046,5.3040347,2.9545598,557.06586,441.82443,181.19415,4.127318086078189
Nc1cnc2nonc2c1[N+](=O)[O-],1.7431645,7.1976676,23.040083,5.1287417,2.9779434,582.8304,302.90274,296.0787,3.2349512884703646
Nc1cn2c([N+](=O)[O-])cnc2c(=O)[nH]1,1.7060714,6.2035284,16.862164,3.2363846,1.9254298,598.3886,-92.84763,312.29852,3.381620666663798
Nc1nc([N+](=O)[O-])nc2nc3c([N+](=O)[O-])cccc3c([N+](=O)[O-])c12,1.7153989,6.4940057,18.643824,4.244024,2.2195773,524.6248,109.61255,241.02867,3.1011615613864674
O=[N+]([O-])c1n[nH]c2c1ncn1nccc21,1.6625705,6.1952457,16.553978,4.016034,2.2477748,561.8134,334.72586,295.2373,3.349277304850429
O=c1oc2c([N+](=O)[O-])cc([N+](=O)[O-])cc2c2n[nH]c(C=N[N+](=O)[O-])c12,1.7829708,6.8973703,21.514122,4.519072,2.322273,514.9723,-127.500565,188.4907,3.5540516886653295
O=c1[nH]c2c([nH]c1=O)=C1C=NN=C1C=2,1.6525681,5.227485,11.784416,2.5675406,1.3276167,519.8459,-79.02254,298.9025,3.977349431845985
N=c1[nH]c(N)nc2[nH]c([N+](=O)[O-])nc12,1.7333914,6.436185,18.43874,2.9396102,1.991954,680.18286,45.21755,300.27533,3.9300194520888985
O=[N+]([O-])c1ccnc2nc([N+](=O)[O-])n3ncnc3c12,1.7223346,6.70857,19.938057,4.541138,2.4252903,536.1249,330.4539,238.03476,3.1787548941776373
O=[N+]([O-])c1cc2ncnc-2n([N+](=O)[O-])c1,1.7189772,7.0709596,22.20104,5.069726,2.8629446,566.3113,200.31076,132.53523,3.318832180717612
O=[N+]([O-])NN1C([N+](=O)[O-])=CN2C1=Nc1cccnc1N2N[N+](=O)[O-],1.7304871,7.3894205,24.273914,5.2309637,3.197293,614.0243,395.8466,143.36783,4.280554482311696
O=[N+]([O-])c1nc2nccnc2c2c1ncn2[N+](=O)[O-],1.7502875,6.882055,21.416672,4.694084,2.5405333,541.79584,360.18802,148.56097,3.5892985806798148
O=[N+]([O-])c1ccc2nc3c(nc2c1)c1cnc([N+](=O)[O-])cc1n3[N+](=O)[O-],1.7168425,6.4064493,18.330341,4.4596906,2.2168694,498.14706,244.15414,151.53973,3.231356412540583
O=[N+]([O-])c1cncc2c1oc1c([N+](=O)[O-])ccnc12,1.6655706,6.070695,15.91386,4.303049,2.0255604,469.2118,40.665516,277.14722,2.983187114787217
O=[N+]([O-])Nn1nc([N+](=O)[O-])c2c([N+](=O)[O-])cccc21,1.7263006,7.4119067,24.317375,5.5920835,3.2184453,576.36426,225.10413,133.34134,3.3576788077779103
O=[N+]([O-])c1cccc2cn3nnc([N+](=O)[O-])c3c([N+](=O)[O-])c12,1.6892306,6.7323265,19.741032,5.124481,2.6241016,511.21536,278.2919,230.39838,3.241421818725218
Nc1c([N+](=O)[O-])c([N+](=O)[O-])nc2c([N+](=O)[O-])cccc12,1.7261434,6.787207,20.38855,4.713219,2.5243928,536.9635,32.701786,236.1395,2.8755860421258355
O=[N+]([O-])c1cc2c(cn1)ncn1c([N+](=O)[O-])cnc21,1.7040107,6.3596497,17.792885,4.241793,2.1993258,519.49963,227.48694,284.98492,3.172278551652238
O=[N+]([O-])c1cc2c(o1)c1nc3cccc([N+](=O)[O-])c3nc1n2[N+](=O)[O-],1.72553,6.652691,19.737339,4.7976136,2.363004,491.771,133.69424,146.47382,3.463458594036174
O=[N+]([O-])c1cnc2nc3cc([N+](=O)[O-])ncc3c([N+](=O)[O-])c2c1,1.7183485,6.5205073,18.816982,4.589923,2.268057,494.43594,170.67819,245.07693,3.0773771356111954
Nc1ncc2nn[nH]c2c1[N+](=O)[O-],1.6925476,6.646666,19.202806,3.946872,2.492652,633.1695,228.72552,320.47034,3.33746667308575
O=[N+]([O-])c1nc2c(cnn2[N+](=O)[O-])c2c([N+](=O)[O-])cccc12,1.7413884,6.8824563,21.22133,5.017196,2.6045294,519.5334,252.9964,140.7607,3.3306048956482943
O=[N+]([O-])c1ccc2c([N+](=O)[O-])ncn2n1,1.7219149,7.0457306,21.92807,5.051691,2.8136435,558.029,210.80261,277.02365,3.0797226122373127
Nc1cc2nc([N+](=O)[O-])oc2cc1[N+](=O)[O-],1.7279365,6.720008,19.914381,4.335118,2.3516288,544.99475,-102.89637,291.32104,3.17082826067928
O=[N+]([O-])c1nn2ncc3cccc([O-])c3c2c1[N+](=O)[O-],1.6804371,6.325388,17.396646,4.5709095,2.240679,491.20508,185.88226,255.32416,3.6311636275592694
O=[N+]([O-])c1cccc2ncc3c(c([N+](=O)[O-])nn3[N+](=O)[O-])c12,1.700089,6.792607,20.30098,5.1050463,2.6430414,517.91394,261.8114,146.81535,3.2861264341098337
O=[N+]([O-])c1cc2c3ncncc3ncn2c1[N+](=O)[O-],1.7040008,6.4192824,18.168886,4.39097,2.2761736,519.7539,265.3777,263.4563,3.1867412512168247
O=[N+]([O-])c1nc2cccc([N+](=O)[O-])c2n2nnnc12,1.7033356,6.8046412,20.290833,4.982802,2.6471293,532.3849,445.02536,243.60182,2.960095387646433
N=c1nc([N+](=O)[O-])[nH]c2cocc12,1.6918691,6.2318816,16.993155,3.7006001,2.0635016,560.6183,-35.143993,281.07095,4.029447442316518
Nc1cc([N+](=O)[O-])c2c(c1[N+](=O)[O-])COCO2,1.7113426,6.616348,19.23868,4.190512,2.4013097,575.5737,-335.787,274.09714,3.133172267459285
O=[N+]([O-])N=Cn1cnc2c([N+](=O)[O-])c([N+](=O)[O-])c([N+](=O)[O-])cc21,1.8167664,7.789627,27.67507,5.5905457,3.1731677,568.1053,190.54483,195.76756,3.74006234548329
O=c1[nH]cnc2cc([N+](=O)[O-])c([N+](=O)[O-])cc12,1.7307044,6.40023,18.167004,3.9451134,2.0346358,519.4417,-131.63104,239.6082,2.6449388226432315
O=c1[nH]cnc2c1ncn2[N+](=O)[O-],1.7538978,6.7531843,20.562998,3.8572068,2.2652092,591.2814,28.172472,138.60905,3.501947442316519
O=[N+]([O-])c1cncn2c([N+](=O)[O-])cnc12,1.7513964,7.1003385,22.559261,4.9370604,2.7618678,560.9004,188.9389,286.60468,3.065278709798288
O=[N+]([O-])c1ccc2oc3c4oc(O)cc4nc([N+](=O)[O-])c3c2c1,1.6918826,5.813255,14.779098,3.6987636,1.6457086,446.36884,-345.0305,252.90263,3.190556840281527
O=[N+]([O-])c1nc2cnccc2n1[N+](=O)[O-],1.6854892,6.9948406,21.3793,5.170761,2.8994896,560.71716,246.46118,133.44289,3.305610792349883
O=[N+]([O-])c1cn2c([N+](=O)[O-])nc3cnccc3c2n1,1.6761212,6.2795663,17.11556,4.219002,2.1861095,518.91547,230.83255,277.69168,3.2075601191413536
O=[N+]([O-])n1ncc2c3ncoc3cnc21,1.7163355,6.4475656,18.55764,4.282812,2.2448323,526.0213,202.97913,142.24664,3.694655122381734
O=[N+]([O-])c1coc2cc3cc(O)[nH]c3nc12,1.6480631,5.465665,12.781561,3.1031468,1.4992481,484.88016,-235.16011,312.84195,3.4259238599637154
Nn1c([N+](=O)[O-])nc2c3cnn([N+](=O)[O-])c3ccc21,1.722734,6.845885,20.843569,4.7504106,2.7125757,572.53265,313.82684,151.09131,3.643893322222742
O=[N+]([O-])c1c2nc[nH]c2nc2cc(O)oc12,1.6807675,5.870391,14.978046,3.306539,1.6679273,508.36423,-175.09682,266.05963,3.492613090732947
O=[N+]([O-])c1cc2cc[nH]c2nc1[N+](=O)[O-],1.6427972,6.385262,17.461306,4.47294,2.3783567,533.0237,57.00751,238.77272,2.9195597604549484
O=c1[nH]c2nc3ccc([N+](=O)[O-])cc3c([N+](=O)[O-])c2n1[N+](=O)[O-],1.767308,6.8768272,21.326008,4.458848,2.3544605,530.62537,-57.852123,139.81569,3.1767228995247025
Nc1nc([N+](=O)[O-])nc2ncc([N+](=O)[O-])cc12,1.715826,6.6270437,19.40626,4.101605,2.321973,568.5044,88.64603,271.2214,2.899693003245238
O=c1c2c([N+](=O)[O-])cc([N+](=O)[O-])cc2ncn1[N+](=O)[O-],1.7821088,7.263175,23.897179,5.013978,2.6976743,538.05237,-35.186626,153.5996,3.1516652874088535
O=[N+]([O-])c1cn2c([N+](=O)[O-])nc3[nH]c4cccc([N+](=O)[O-])c4c3c2n1,1.7082083,6.3298287,17.621794,4.163554,2.101781,506.93365,130.75177,251.15878,3.3561127746381816
O=[N+]([O-])c1cnc([N+](=O)[O-])c2nccnc12,1.7055439,6.7413454,20.041912,4.827599,2.5521204,529.1012,227.87671,247.04979,2.9946816921315484
Nc1c(N[N+](=O)[O-])c2ncnnc2n1N[N+](=O)[O-],1.7921993,7.786352,27.575178,5.1490803,3.418078,666.05133,411.298,155.02602,3.9898870115492144
O=[N+]([O-])N=Cc1c([N+](=O)[O-])c2c([N+](=O)[O-])ccnc2c2c1nn1cc([N+](=O)[O-])cnc21,1.7545959,6.8376117,20.991024,4.8593006,2.487191,512.42944,333.63992,199.84161,3.8112662375390496
O=[N+]([O-])c1cnc2cnc([N+](=O)[O-])n2c1,1.7187732,6.9914536,21.58533,4.92156,2.748691,559.7424,198.68942,278.1979,3.060591280154762
Nn1nc(C=N[N+](=O)[O-])c2cc([N+](=O)[O-])nnc21,1.7446177,7.549192,25.441902,5.463705,3.3956153,622.4881,490.01505,176.66125,4.1693444683781
O=[N+]([O-])Nn1nnc2nc3ccc([N+](=O)[O-])cc3c([N+](=O)[O-])c21,1.7300379,7.1376796,22.601227,5.2301326,2.886593,552.3323,376.72202,137.33472,3.3530035092375696
O=[N+]([O-])c1ccc2nc3c(nc([N+](=O)[O-])n3[N+](=O)[O-])nc2c1,1.7652858,7.1033216,22.781506,5.008682,2.6647449,532.5083,273.55487,137.30757,3.175728741802142
O=[N+]([O-])c1c2cn([N+](=O)[O-])nc2nc2c([N+](=O)[O-])cccc12,1.7434175,6.8790197,21.21642,5.052413,2.6065252,514.7474,248.54745,158.2475,3.2861772033406025
O=[N+]([O-])c1nc2nnc3c([N+](=O)[O-])c4c([N+](=O)[O-])cccc4nc3c2[nH]1,1.723755,6.591605,19.270582,4.5684395,2.3077426,505.39136,322.72952,230.00925,3.410237181771354
O=[N+]([O-])c1cnc2oncn12,1.7510834,7.351311,24.085443,5.2522454,3.0264025,577.1727,208.01877,301.1875,3.986253934312118
O=c1[nH]c2c([N+](=O)[O-])ccc([N+](=O)[O-])c2[nH]1,1.7969328,6.665168,20.076128,3.7196326,2.0255325,549.14355,-237.42697,298.03326,2.7740683322356308
O=[N+]([O-])c1nnc2c([N+](=O)[O-])c3c([N+](=O)[O-])cccc3nc2n1,1.732972,6.8596077,20.911911,4.974657,2.5409007,510.4934,332.24585,220.63397,3.1455859268199875
O=[N+]([O-])c1ccc2nc3c([N+](=O)[O-])ccc([N+](=O)[O-])c3nc2c1[N+](=O)[O-],1.7573125,6.872734,21.189835,4.988225,2.466645,493.6731,120.99219,228.33195,2.9223949839691556
O=[N+]([O-])N=Cn1nc([N+](=O)[O-])c2c1c1nc3cnccc3nc1n2N[N+](=O)[O-],1.7382001,7.048017,22.23742,4.8689713,2.751694,566.8061,510.532,151.38148,4.104721745846094
O=c1c2c(nnn1C[N+](=O)[O-])c1cc([N+](=O)[O-])ccc1n2[N+](=O)[O-],1.7354616,6.980703,21.761568,4.862333,2.6630898,548.61896,108.31406,157.4482,3.4827061767710834
O=[N+]([O-])c1cc2ncoc2cc1[N+](=O)[O-],1.7003828,6.6318355,19.251451,4.6543,2.352291,506.66208,-74.7414,242.03978,2.7579920306238037
O=[N+]([O-])c1nn([N+](=O)[O-])c2nc3c(nc12)[nH]c1ccccc13,1.678824,6.1450143,16.630919,4.1380906,2.1058035,510.3498,305.75143,151.69925,3.2904806772860127
O=c1[nH]c2c([N+](=O)[O-])ccc([N+](=O)[O-])c2nc1C=N[N+](=O)[O-],1.7922765,7.106491,22.902676,4.6424775,2.519094,544.52795,-32.51855,193.37393,3.460844087304098
O=[N+]([O-])c1cc[n+]2c([N+](=O)[O-])c3cccc([N+](=O)[O-])c3nc2n1,1.710396,6.517414,18.7104,4.5860033,2.3232439,507.4359,150.26947,243.42854,3.48574416857823
O=c1[nH]c2cccc([N+](=O)[O-])c2n1[N+](=O)[O-],1.7268245,6.698335,19.92352,4.2762384,2.3325145,548.7837,-108.635475,134.97002,2.95975169538411
O=[N+]([O-])c1cnc2cc([N+](=O)[O-])nn2c1,1.7005658,6.975212,21.277067,4.999329,2.7903159,560.2457,209.83258,278.22812,2.940028428372397
O=[N+]([O-])c1cccc2nc3nc([N+](=O)[O-])n4nncc4c3c([N+](=O)[O-])c12,1.7121122,6.593199,19.141539,4.716424,2.3748715,504.27847,381.69125,225.11496,3.395289104848276
Nc1nc2c([N+](=O)[O-])cc([N+](=O)[O-])cc2nc1[N+](=O)[O-],1.7645723,7.0849247,22.504538,4.6996927,2.6046457,556.01337,53.632862,251.89111,2.942726825870391
O=[N+]([O-])c1ccc2c([N+](=O)[O-])c[nH]c2n1,1.6816813,6.430526,17.953962,4.282074,2.2882192,535.98267,20.618776,290.97525,2.99742917884144
Nc1[nH]c2cn[nH]c(=O)c2c1[N+](=O)[O-],1.7274373,6.3478894,17.835897,3.3850696,2.0284278,601.47986,-52.86999,317.59464,3.2581749176759427
O=[N+]([O-])N=Cc1ncnc2c([N+](=O)[O-])ncnc12,1.7307191,7.024983,22.05661,4.8461657,2.7464557,567.45074,351.55942,187.94263,3.770679733684223
Nc1nc2c([N+](=O)[O-])nc3c4ccc([N+](=O)[O-])cc4nc([N+](=O)[O-])c3c2n1N,1.7142633,6.441175,18.360706,4.150588,2.2371862,541.49725,208.17273,244.13614,3.4356850750270365
O=c1c2c[nH]cc2ncn1[N+](=O)[O-],1.7005161,6.2877297,17.542551,3.783741,2.1072817,559.10785,-11.629758,157.78618,3.776124365393441
O=c1c2c([N+](=O)[O-])ccc([N+](=O)[O-])c2cc2[nH]cnn12,1.7038673,6.1812897,16.80273,3.9425924,1.987495,506.87207,-20.900724,248.8065,3.3334964946921373
O=[N+]([O-])N=Cc1c([N+](=O)[O-])cc([N+](=O)[O-])c2nonc12,1.824387,7.9754615,29.046074,6.2342167,3.4572933,552.3201,352.54276,190.07114,3.535141436417078
O=[N+]([O-])N=Cc1c([N+](=O)[O-])cn2ncn3nnnc3c12,1.7664353,7.4447165,24.928835,5.3313684,3.1419296,589.9967,605.79767,183.04991,3.9712539822046242
O=[N+]([O-])c1nc2ccc([N+]([O-])[O-])nc2[nH]1,1.7196699,6.9030023,20.979475,4.447997,2.536619,573.4626,81.54349,274.50107,3.7134070400046673
O=c1[nH]nc([N+](=O)[O-])c2ccc([N+](=O)[O-])cc12,1.7423718,6.5609756,19.158733,4.289011,2.2121406,518.3257,-51.284847,252.8065,2.596973939700087
O=[N+]([O-])c1ccnc2cnn([N+](=O)[O-])c12,1.6929742,7.063196,21.841608,5.3559713,2.9873762,558.0965,285.16788,124.709564,3.254873081280464
O=[N+]([O-])c1n[nH]c2ncncc12,1.6749029,6.4704833,18.159237,4.0880313,2.367754,580.9489,216.08383,293.54837,3.0362474437607787
O=[N+]([O-])c1cnn2nc([N+](=O)[O-])cc2c1,1.6925367,6.986521,21.268597,5.168137,2.852699,553.7722,227.07101,281.4787,3.3457713927251174
Nc1c([N+](=O)[O-])oc2ncnc(C=N[N+](=O)[O-])c12,1.7477278,7.0641947,22.290377,4.633091,2.6647499,576.97577,92.27872,196.771,4.007208832585321
O=[N+]([O-])c1cc2[nH]cc([N+](=O)[O-])c2c2[nH]nnc12,1.7445213,6.70129,19.96484,4.413736,2.3967795,544.86414,210.79758,289.77515,3.374566195222684
O=[N+]([O-])c1cc([N+](=O)[O-])c2nc3c([N+](=O)[O-])ccc([N+](=O)[O-])c3nc2c1,1.7637827,6.8647375,21.175106,4.9281077,2.4341948,493.34488,104.501434,243.95157,2.865708830123001
Nc1c[nH]n2c(=O)cc([N+](=O)[O-])nc12,1.6652031,6.161651,16.379463,3.4361506,2.033116,594.3215,-46.106228,289.52924,3.4436040674735136
O=c1c2cc3c([N+](=O)[O-])cnn3cc2[nH]c2c([N+](=O)[O-])cc([N+](=O)[O-])cc12,1.7199906,6.1852484,16.832178,4.0864487,1.9642669,481.88004,-34.028744,289.0775,3.1444463360583956
O=[N+]([O-])c1ccc([N+](=O)[O-])c2c([N+](=O)[O-])ncc3c4occc4nc-3c12,1.6796184,6.134207,16.40814,4.459865,2.0527608,459.6045,72.67299,232.2888,3.2236660279251987
O=[N+]([O-])c1cc2c(c([N+](=O)[O-])c1)OCO2,1.7207403,6.758851,20.095938,4.5839286,2.3920412,523.28955,-314.579,274.3261,2.485057321430558
Nc1nc([N+](=O)[O-])c([N+](=O)[O-])c2nc3c([N+](=O)[O-])cccc3nc12,1.7162333,6.552241,18.955433,4.39029,2.292633,523.6807,150.70908,235.6228,3.0497049933391303
O=[N+]([O-])c1ccc2c(c1)Oc1nncc([N+](=O)[O-])c1O2,1.699259,6.3575306,17.662617,4.3988175,2.131111,483.47375,-71.43534,275.0656,3.090977333852977
O=[N+]([O-])c1cc([N+](=O)[O-])c2c(c1)nc([N+](=O)[O-])c1[nH]cnc12,1.7376899,6.6651764,19.76421,4.4891176,2.3033376,514.6283,94.6633,240.43425,3.0985318187252178
O=[N+]([O-])N=c1[nH]c([N+](=O)[O-])nc2ccc([N+](=O)[O-])cc12,1.7565886,7.121599,22.679482,4.8531666,2.7134702,560.33606,102.92258,181.09445,3.3613286159042586
O=[N+]([O-])c1ccc2ncc([N+](=O)[O-])n2n1,1.6913102,6.9581094,21.099142,5.073466,2.8136547,555.8282,220.02438,280.30963,2.997331242631308
O=[N+]([O-])c1nc2c([nH]1)c([N+](=O)[O-])cc1[nH]cnc12,1.7119223,6.405763,18.02562,3.912963,2.1086683,541.3947,90.04306,291.1814,3.3549101952226836
O=[N+]([O-])N=Cc1ncnc2cnc([N+](=O)[O-])nc12,1.7301333,7.003316,21.923582,4.7912674,2.7224047,569.10547,342.22403,173.41301,3.8485615798380692
NC1=C2N=NC([N+](=O)[O-])=C3C(=CC([N+](=O)[O-])=NN23)N=C1,1.721075,7.0755677,22.18855,5.021975,2.9335573,585.658,432.5383,271.12735,5.616939997199352
O=[N+]([O-])N=Cc1ncc2ncnc-2n1[N+](=O)[O-],1.7330543,7.341676,24.033142,5.25165,3.1105828,594.2955,382.40225,131.08923,3.927924846979672
O=[N+]([O-])N=Cc1cnn2c([N+](=O)[O-])coc12,1.7442877,7.3735714,24.233652,5.346402,3.0647492,573.082,167.3707,180.57758,4.123807216607073
O=[N+]([O-])N=c1nc[nH]c2cc([N+](=O)[O-])c(N[N+](=O)[O-])cc12,1.7636912,7.2825274,23.831043,4.965769,2.8990245,586.3113,160.19177,132.75166,3.6289747945212385
O=[N+]([O-])c1cn2c(n1)c([N+](=O)[O-])nc1c([N+](=O)[O-])cccc12,1.7275982,6.696716,19.854725,4.69196,2.399826,512.11664,168.02612,250.09302,3.1359118187252175
Nc1ccc2c([N+](=O)[O-])c3c(nnc4c3cc([N+](=O)[O-])n4[N+](=O)[O-])nc2c1,1.6980792,6.4812164,18.547235,4.579652,2.3815184,521.26953,330.61896,145.6574,3.532512864124924
O=[N+]([O-])N=Cn1nc([N+](=O)[O-])c2cncnc21,1.7462533,7.3050365,23.844887,5.049723,2.9918866,593.7249,356.21634,181.3397,3.8867605261940756
O=[N+]([O-])c1cn2cncc([N+](=O)[O-])c2n1,1.7227656,6.9842415,21.554478,4.826716,2.7057,561.9303,162.71591,283.49274,3.131237058766393
O=[N+]([O-])c1cc2nc3c([N+](=O)[O-])ccc([N+](=O)[O-])c3nc2[nH]1,1.7428007,6.700235,20.007124,4.550342,2.3268197,512.6763,114.49567,253.15112,3.256112587955988
O=[N+]([O-])c1cn2nc([N+](=O)[O-])ccc2n1,1.690589,6.9410696,21.007118,4.994189,2.7791944,558.0552,199.61685,278.51938,3.080273081280465
O=[N+]([O-])c1cncc2c1ncn1nnnc21,1.7098393,6.5247316,18.813278,4.4309483,2.4274552,549.642,486.73123,261.76868,3.054368876686124
O=c1[nH][nH]c2c([N+](=O)[O-])cncc12,1.7165436,6.2943025,17.479969,3.7051828,2.057853,557.99615,-22.793348,305.33014,3.0799166730857497
O=[N+]([O-])c1ccc2c([N+](=O)[O-])ncnc2n1,1.6992202,6.61898,19.278322,4.5478816,2.4093287,531.3743,158.36786,244.84178,3.035974699124556
O=[N+]([O-])c1nc2c(ccc3nncn32)n1[N+](=O)[O-],1.7387015,7.0860233,22.398565,5.0018063,2.8086188,562.5586,394.7587,140.2842,3.5112443490688374
Nc1nc([N+](=O)[O-])nc2oc3ccc(O)cc3c12,1.6301076,5.3109417,12.030168,2.8375049,1.417289,501.9376,-252.27312,268.92648,2.9362523490688375
O=[N+]([O-])Nc1c2c(O)c3c(O)ccc(O)c3c(O)c2cc2c1c1ccc([N+](=O)[O-])cc1n2[N+](=O)[O-],1.6872606,5.7419972,14.529344,3.440802,1.6608237,484.79404,-563.61383,161.96654,3.636719730805522
O=[N+]([O-])c1cnc2c([N+](=O)[O-])ncn2c1,1.7426301,7.033724,22.072323,4.830283,2.7042656,560.9851,176.54639,282.1671,3.028893719179152
Nc1ncnc2n[nH]c([N+](=O)[O-])c12,1.6939473,6.507271,18.476772,3.6650577,2.3034062,630.4521,171.11615,315.75137,3.1931012884703645
O=[N+]([O-])N=Cc1c([N+](=O)[O-])c(N[N+](=O)[O-])nc2c1c([N+](=O)[O-])nc1ccccc12,1.7017357,6.7415676,20.065277,4.865744,2.5628486,526.8532,232.548,135.39777,3.6213638504404067
O=c1[nH]cnc2c([N+](=O)[O-])ccc([N+](=O)[O-])c12,1.7308482,6.431183,18.367476,4.0230975,2.0718486,518.7148,-119.45497,248.49815,2.6809719330111257
Nc1cc([N+](=O)[O-])c([N+](=O)[O-])c2n[nH]cc12,1.7328924,6.785365,20.45697,4.4661694,2.5672991,577.85834,98.816895,250.45906,3.292342750840282
O=[N+]([O-])c1cc2nc3c([N+](=O)[O-])c4ccccc4nc3nc2c([N+](=O)[O-])c1[N+](=O)[O-],1.7172507,6.4470053,18.402838,4.6401343,2.206424,475.3346,203.03506,219.11307,3.0921183104117365
O=C1c2c(nc3ccccn3c2=O)-c2nc([N+](=O)[O-])c([N+](=O)[O-])n21,1.7086866,6.028483,16.020393,3.662078,1.7449567,478.63577,-79.203674,256.6745,3.193696440353655
O=[N+]([O-])c1cccc2c1c([N+](=O)[O-])c1c3nccnc3nc([N+](=O)[O-])n21,1.6936704,6.2544065,17.144594,4.356151,2.1254551,488.20786,246.28903,242.21695,3.265148720232892
O=c1c2nnc([N+](=O)[O-])n1-n1cc([N+](=O)[O-])cc1C=C2,1.6790913,6.6013813,18.977615,4.7271695,2.5025332,529.29297,210.68658,263.88596,4.614775994234047
O=[N+]([O-])c1cc([N+](=O)[O-])c2occ(O)c2c1,1.7213029,6.495765,18.583237,4.356357,2.1607482,497.1768,-300.28503,282.32544,2.787006435992339
Nn1c([N+]=O)nc2c1C([N+](=O)[O-])=C1C(=O)N3C(=CC=C1[N+](=O)[O-])N=NN23,1.7756115,7.2720313,23.863018,4.9625826,2.8416188,573.1728,425.7217,262.47516,5.442286871404861
O=Cn1c2ccc([N+](=O)[O-])cc2c2ncc3c(=O)[nH]nc([N+](=O)[O-])c3c21,1.6858135,5.756699,14.502953,3.4836988,1.6511083,477.05133,-103.051834,243.80708,3.2180987202328923
O=[N+]([O-])c1cc([N+](=O)[O-])c2[nH]c([N+](=O)[O-])nc2c1,1.7443395,7.1633425,22.764929,4.940526,2.700051,548.02356,11.749454,275.93796,3.026607733684222
O=[N+]([O-])c1cc2c([N+](=O)[O-])c3cc4c(ccn4[N+](=O)[O-])cc3nc2nc1[N+](=O)[O-],1.7303984,6.67028,19.826328,4.87571,2.4089215,493.08325,185.04474,166.53076,3.5741169176263865
O=[N+]([O-])c1nc2nc3cnc4ccccc4c3nc2c2nc([N+](=O)[O-])n([N+](=O)[O-])c12,1.693251,6.2381854,17.277508,4.304683,2.1094947,490.2185,398.09628,139.82942,3.5096289777931355
O=[N+]([O-])c1cc2nc3nc4ccccc4nc3c([N+](=O)[O-])n2c1[N+](=O)[O-],1.6841902,6.2489963,17.07292,4.3919077,2.1409476,488.02747,248.9855,238.35628,3.1933679510021227
O=c1[nH]c2nc3cc([N+](=O)[O-])cc([N+](=O)[O-])c3nc2[nH]1,1.753323,6.363292,18.080162,3.5847492,1.8695369,526.1823,-93.56573,257.27094,3.040320550636192
O=[N+]([O-])c1ccc2c([N+](=O)[O-])cnn2n1,1.7091058,7.029074,21.686636,5.175244,2.8567522,552.32477,235.90619,284.07593,3.0743834002298076
O=[N+]([O-])c1nn([N+](=O)[O-])c2cc3ncccc3c([N+](=O)[O-])c12,1.7162514,6.8260674,20.62492,5.089436,2.631039,516.34955,257.10684,147.02876,3.312387972571374
COc1cc2c(cn1)c([N+](=O)[O-])nc1nnnn12,1.6459361,6.2746615,16.873203,4.0602436,2.3201768,573.3799,275.19376,256.64554,3.155465199747571
O=[N+]([O-])c1c[nH]c2c1[nH]c1cc(O)[nH]c12,1.672288,5.5105643,13.137404,2.7485933,1.5141214,550.7524,-185.95291,331.6146,3.505138613309411
O=[N+]([O-])N=Cc1cnc2c(ncn2[N+](=O)[O-])c1[N+](=O)[O-],1.8010359,7.691383,26.994638,5.534969,3.2006943,578.4773,319.36514,141.13908,4.021626051801693
O=[N+]([O-])c1nc2ncc3[nH]ccc3c2n1[N+](=O)[O-],1.6886678,6.5701013,18.936344,4.552014,2.456957,541.1201,241.97989,145.44817,3.524683425991915
O=[N+]([O-])N=Cc1cc2c(ncn2[N+](=O)[O-])nc1[N+](=O)[O-],1.7753993,7.586376,25.974203,5.4861455,3.1622427,576.49066,299.08173,140.44757,4.1503542569299
O=[N+]([O-])Nc1nc2nc3cccc([N+](=O)[O-])c3c([N+](=O)[O-])c2c2nc([N+](=O)[O-])cn12,1.736699,6.841409,20.899824,4.6981974,2.4835107,530.2409,220.9054,140.65788,3.5341381978413793
O=c1c2nc3ccccc3nc2c2nnn([N+](=O)[O-])c2n1[N+](=O)[O-],1.7222984,6.519046,18.996082,4.4422417,2.2725124,511.72836,326.72073,141.9353,3.4671558809130953
O=[N+]([O-])N=Cc1c([N+](=O)[O-])nn2nc([N+](=O)[O-])c3cccnc3c12,1.7232434,6.9672613,21.496273,5.0900183,2.7429984,538.106,401.70847,193.34169,3.8061600767172905
Nc1cnc([N+](=O)[O-])c2ccc([N+](=O)[O-])nc12,1.6676521,6.3093877,17.261171,4.167751,2.2723737,546.54004,88.92587,257.55557,3.1370973510713256
O=[N+]([O-])c1cn2nnc3ccoc3c2c1[N+](=O)[O-],1.721367,6.858298,20.736277,5.0802894,2.6166139,514.3552,205.71051,264.43118,3.452464656761146
O=[N+]([O-])c1cc2cnn([N+](=O)[O-])c2c2[nH]ncc12,1.7213212,6.7828164,20.441723,4.8527236,2.6375344,544.2668,304.0613,158.0231,3.51562804137653
Cn1c2nc3c([N+](=O)[O-])c([N+](=O)[O-])ncc3c([N+](=O)[O-])c2c2cncc([N+](=O)[O-])c21,1.7166461,6.657597,19.60321,4.667192,2.414476,517.9818,171.4245,227.10606,3.577783434447592
O=[N+]([O-])c1cc([N+](=O)[O-])c2nncc([N+](=O)[O-])c2c1,1.7545966,7.204226,23.236393,5.451797,2.8631167,523.5255,211.1781,244.52306,2.839235368863884
O=c1[nH]c(=O)c2c([N+](=O)[O-])c3nnc4c5ccccc5n([N+](=O)[O-])c4c3nc2[nH]1,1.6980587,5.872768,15.238969,3.454155,1.684836,491.6484,15.902118,173.0057,3.4384324428887467
O=[N+]([O-])c1nc2c3nc4ccccc4nc3c([N+](=O)[O-])c([N+](=O)[O-])n2n1,1.724241,6.575661,19.190859,4.603844,2.3020349,500.9359,343.31516,229.50401,3.1976660279252
O=[N+]([O-])Nn1cc([N+](=O)[O-])cn1,1.7171204,8.073509,28.762617,6.125457,4.069001,666.27325,219.48724,131.49467,3.5041199267924528
O=C1c2nonc2C(=O)N1c1ccc([N+](=O)[O-])cc1[N+](=O)[O-],1.7125264,6.592425,19.062485,4.5007806,2.2109008,491.27673,-84.695366,248.08754,2.7351972033406025
O=[N+]([O-])c1cc([N+](=O)[O-])c2c([N+](=O)[O-])c[nH]c2c1,1.7246891,6.9232492,21.15537,4.9648485,2.62469,529.6866,-19.846235,252.43117,2.7624808106072987
O=c1oc([N+](=O)[O-])nc2c1c([N+](=O)[O-])nc1ccccc12,1.6701087,5.8977494,15.110968,3.784166,1.7411516,462.26947,-169.15157,235.12135,3.0810452119441063
O=[N+]([O-])N=Cn1ncc2c([N+](=O)[O-])cc([N+](=O)[O-])nc21,1.7745807,7.55487,25.662144,5.3846655,3.1159296,579.0511,285.62762,180.7514,3.809100410776052
Nc1ncnc2c([N+](=O)[O-])onc12,1.7106816,6.9212947,21.060246,4.5794888,2.687858,588.9537,179.18195,288.85846,3.205908980778057
O=[N+]([O-])N=Cn1ncc2cc3nc([N+](=O)[O-])nc([N+](=O)[O-])c3cc21,1.7245955,6.9343157,21.30378,4.886622,2.659727,545.6761,335.20117,186.62198,3.897983153640368
O=[N+]([O-])c1nc2cccnn2c1[N+](=O)[O-],1.6819892,6.9615364,21.052782,5.173834,2.8623471,554.3241,251.18286,264.04593,3.004764263269207
O=[N+]([O-])c1cnc2c([N+](=O)[O-])c3ccc([N+](=O)[O-])nc3nc2c1,1.7127476,6.502912,18.690714,4.578857,2.2587729,493.6776,173.7232,238.74767,3.090194718028778
O=[N+]([O-])c1cc([N+](=O)[O-])c2nc([N+](=O)[O-])ncc2c1,1.7346035,7.0155716,21.860714,5.0693045,2.659356,524.71454,106.942566,245.25722,2.942109577008681
O=[N+]([O-])Nc1nn([N+](=O)[O-])c2nc3ccccc3c([N+](=O)[O-])c12,1.7053189,6.8330226,20.596737,4.937827,2.6730618,542.1569,269.56107,133.96115,3.331849663083723
O=[N+]([O-])c1cc2ccoc2nc1[N+](=O)[O-],1.6798959,6.634373,19.103231,4.8330746,2.4404595,505.4817,-34.86688,233.61197,3.1167661394418147
O=[N+]([O-])N=Cc1ncc([N+](=O)[O-])n1N[N+](=O)[O-],1.7796645,8.401455,31.740807,6.326991,4.1211314,653.10297,312.7676,131.27054,4.205300427994402
O=[N+]([O-])c1ccc2c(c1)nc([N+](=O)[O-])n2[N+](=O)[O-],1.7352135,7.3021717,23.70371,5.442324,2.9884605,548.5772,141.3453,131.73578,3.063539464453453
O=c1c2oc3ccccc3c2nc2oc([N+](=O)[O-])c([N+](=O)[O-])n12,1.7029263,6.059231,16.13592,3.9301007,1.7824148,455.06155,-226.28737,253.75209,3.2460301575892183
O=[N+]([O-])c1cn2c3cccnc3c3oc([N+](=O)[O-])nc3c2n1,1.6957936,6.127094,16.42238,4.012249,1.9463489,485.12625,118.51596,281.76114,3.5871724887004053
Nc1cc(=O)[nH]c2oc(=O)nnc12,1.6912761,5.567982,13.551538,2.3366573,1.2991225,559.18774,-316.68402,304.6124,3.597824365393442
Nc1c2c([N+](=O)[O-])c([N+](=O)[O-])c3cnc4ccccc4c3c2nn1[N+](=O)[O-],1.6801362,6.1831756,16.74003,4.354556,2.1777885,501.92264,234.55429,202.5864,3.365114735226795
O=c1[nH]nc([N+](=O)[O-])c2c([N+](=O)[O-])cccc12,1.7194095,6.512426,18.693996,4.362471,2.2427897,516.6552,-25.827772,226.92917,2.6048481871917275
O=c1c2[nH]cnc2[nH]c2ccc([N+](=O)[O-])n12,1.6373651,5.5721536,13.244579,2.9632869,1.5839638,535.7786,-78.12526,277.8505,3.54417001380987
O=[N+]([O-])c1cc([N+](=O)[O-])c2nc[nH]c2n1,1.7395217,6.9172916,21.298529,4.478858,2.5093775,563.9023,86.12381,259.0581,3.16156013568947
O=c1c2ncc3nc4c([N+](=O)[O-])cccc4nc3c2nc2c3ncc([N+](=O)[O-])[nH]c3nn12,1.6952792,5.74723,14.541006,3.4878705,1.6473739,473.47247,285.46054,262.68658,3.5951478793359204
O=C1Oc2nc([N+](=O)[O-])c([N+](=O)[O-])cc2-c2nc3cc([N+](=O)[O-])ccc3c(C=N[N+](=O)[O-])c2O1,1.753014,6.581131,19.394018,4.29631,2.078182,485.31506,-267.1903,207.95813,3.8573284869639597
O=[N+]([O-])c1cnc2c([N+](=O)[O-])c3nccnc3c([N+](=O)[O-])c2c1,1.7295955,6.5938663,19.3548,4.7468586,2.3370135,491.50952,231.31332,240.23145,3.0645090037430647
Nn1cc([N+](=O)[O-])c2cc([N+](=O)[O-])cc([N+](=O)[O-])c21,1.7410418,7.148434,22.720282,5.216908,2.9235644,561.13763,101.95618,277.1825,3.044973251216825
O=c1[nH]c2nc3ccccc3nc2c(=O)n1[N+](=O)[O-],1.6608899,5.5420938,13.442196,2.9735768,1.4830178,501.6541,-143.06621,176.15015,2.8471525719715416
Nc1n[nH]cc2oc3c1C([N+](=O)[O-])=CNC3=NNC2=O,1.712258,6.187296,16.903809,3.4195335,1.9608635,575.7248,-30.988218,284.3953,4.824369675552729
O=[N+]([O-])c1nc2c(c([N+](=O)[O-])cn3c([N+](=O)[O-])cnc23)c2cnccc12,1.7094485,6.3320007,17.6973,4.420419,2.165007,490.24146,260.5947,240.8557,3.4333775663867367
O=[N+]([O-])N=Cn1ccc2nc([N+](=O)[O-])c3c([N+](=O)[O-])nccc3c21,1.6899916,6.596632,19.059357,4.711916,2.4846582,527.4015,248.03925,190.42293,3.82890133545855
O=[N+]([O-])c1cnc2nc([N+](=O)[O-])cn2c1,1.7100409,6.9184036,21.023857,4.760778,2.6561022,559.4419,154.05328,282.99493,3.07452186176827
O=[N+]([O-])Nc1ncnc2c([N+](=O)[O-])nc3c([N+](=O)[O-])cccc3c12,1.701757,6.611667,19.314888,4.622786,2.4373791,527.5823,222.58115,127.571884,3.186362174619389
O=c1[nH]c2cc([N+](=O)[O-])c3[nH]nnc3c2[nH]1,1.7305826,6.174629,16.802069,3.2226026,1.7957238,561.0454,2.5319698,303.31247,3.352853090732948
O=[N+]([O-])N=Cn1c2cnccc2c2nc([N+](=O)[O-])c([N+](=O)[O-])nc21,1.7314447,6.892664,21.124098,4.804023,2.5857916,539.2191,321.87402,193.91193,3.864830006787221
O=[N+]([O-])c1cnn2c1c([N+](=O)[O-])nc1ccncc12,1.6815627,6.3849964,17.768965,4.508569,2.3181393,515.1437,297.13007,248.46724,3.046145315077492
O=[N+]([O-])c1cnc2c([N+](=O)[O-])cc3c(cnn3[N+](=O)[O-])c2c1,1.7510222,6.903278,21.443026,5.0447583,2.6064854,516.1314,237.84412,149.93903,3.1990225879559873
O=[N+]([O-])c1cc([N+](=O)[O-])c2cnc([N+](=O)[O-])nc2c1,1.7521291,7.0505123,22.23515,5.0154347,2.6403081,526.9363,96.778625,249.48203,2.922961160719087
O=[N+]([O-])c1cc2[nH]c3c(cc[n+]4c([N+](=O)[O-])c[nH]c34)c2cc1O,1.6646314,5.572492,13.385185,3.3447247,1.6473252,493.57236,-155.08377,311.81732,3.506225349896911
O=c1c2cc[nH]c2ncn1[N+](=O)[O-],1.6650467,6.1355524,16.409357,3.6529665,2.0319166,557.62463,-33.803204,157.18613,3.3461859038549804
O=c1[nH]c2cc([N+](=O)[O-])ccc2nc1[N+](=O)[O-],1.7392511,6.421592,18.31492,3.9550424,2.0303977,516.96216,-130.30351,253.15598,2.54057494304457
O=C1Nc2cc([N+](=O)[O-])cc([N+](=O)[O-])c2C1=O,1.7228589,6.4444847,18.303288,4.053625,1.9933196,496.35132,-284.2834,249.97444,2.658383504917479
O=[N+]([O-])N=c1[nH]c([N+](=O)[O-])nc2cc([N+](=O)[O-])ccc12,1.7512234,7.1025143,22.516232,4.8407173,2.7068596,560.4003,101.76648,187.6635,3.3900978466734895
Nc1nc([N+](=O)[O-])nc2nc3cccc([N+](=O)[O-])c3c([N+](=O)[O-])c12,1.7060559,6.474845,18.43912,4.2617683,2.228388,525.33984,115.78943,229.41937,3.088216472629071
O=C1c2cccc3c2c(c([N+](=O)[O-])c2nnn([N+](=O)[O-])c23)C(=O)N1N[N+](=O)[O-],1.7800357,6.8886595,21.402647,4.5814843,2.3530338,514.93854,27.115313,147.54576,3.689836694460233
O=[N+]([O-])c1oc2ncccc2c1[N+](=O)[O-],1.6811991,6.637204,19.119545,4.8842597,2.4513137,501.7489,-15.119641,259.65063,3.019751880529996
O=[N+]([O-])c1cnc(O)c2[nH]cnc12,1.7137101,6.113548,16.472374,3.2825313,1.8307961,560.1767,-111.506775,291.21063,3.247112826931903
O=[N+]([O-])C1=Nc2ncnc3c([N+](=O)[O-])ccc(c23)N1[N+](=O)[O-],1.7809007,7.14927,23.216763,4.990437,2.6827402,537.15717,267.6217,108.03714,3.6791218187252186
O=[N+]([O-])c1cnc2cc3cnoc3c(O)n12,1.6825533,6.1871104,16.638279,4.043652,2.0578747,510.18118,-19.565962,290.06702,3.60188078304064
O=c1[nH]c2ccc([N+](=O)[O-])nc2[nH]1,1.6811975,5.8069334,14.619401,2.8589094,1.5652543,551.4286,-181.73468,287.65863,2.8725512884703654
O=[N+]([O-])c1[nH]nc2nnc3cccnc3c12,1.6369054,6.0033417,15.419627,4.0913477,2.1776867,532.3538,401.5447,294.6668,3.2066825890607067
Nc1nnc2c([N+](=O)[O-])nc3ccc([N+](=O)[O-])cc3n12,1.6936281,6.4337792,18.08954,4.1785374,2.2965512,551.5495,252.83331,261.036,2.892458732454376
O=[N+]([O-])c1cc2cn[nH]c2c2c1ncn1nnc([N+](=O)[O-])c21,1.7225647,6.543029,18.94851,4.489575,2.3517795,524.67773,431.42532,263.54758,3.441140230635889
O=[N+]([O-])N=Cc1cc([N+](=O)[O-])nc2c3c(cc([N+](=O)[O-])c12)OCO3,1.7524956,6.8400497,20.989254,4.666308,2.4276192,519.8759,-134.04813,190.3808,3.6523544823116962
O=[N+]([O-])c1nc2c(cc([N+](=O)[O-])c3[nH]cnc32)[nH]1,1.7203239,6.421307,18.181063,3.8908405,2.0973141,541.71594,83.56235,292.58237,3.3218178875303774
O=c1oc([N+](=O)[O-])nc2ccc([N+](=O)[O-])cc12,1.7278684,6.4251447,18.24706,4.0521173,1.9740454,489.34982,-267.9971,266.96442,2.8147287891984156
O=c1c2cccnc2c([N+](=O)[O-])c2occ([N+](=O)[O-])n12,1.7117606,6.252857,17.178925,4.1090503,1.9636722,478.86218,-131.4961,265.1418,3.216212019167661
O=c1[nH]c2cc([N+](=O)[O-])cc([N+](=O)[O-])c2[nH]1,1.7606615,6.5561314,19.132082,3.7134714,2.007725,546.1214,-245.01295,287.981,2.6613831801783867
O=[N+]([O-])c1cc([N+](=O)[O-])c2nc3c([N+](=O)[O-])c([N+](=O)[O-])ccc3nc2c1,1.754299,6.8558874,21.007761,4.964669,2.45387,494.11618,113.65439,228.99928,2.8709782806724515
O=c1[nH]c(=O)c2c(nc3cccc([N+](=O)[O-])n32)[nH]1,1.6662972,5.461893,12.888206,2.6071362,1.3370539,517.9045,-275.83295,264.98602,3.1320591182996074
O=[N+]([O-])c1cc([N+](=O)[O-])c2c(n1)[nH]c1c3cnccc3c([N+](=O)[O-])cc12,1.6766691,5.9566793,15.425587,4.03967,1.9204774,476.13458,99.80542,254.92183,3.1511006433098148
Nn1c([N+](=O)[O-])nc2c([N+](=O)[O-])cc([N+](=O)[O-])cc21,1.787593,7.486205,25.314085,5.2387547,3.0242314,579.1354,133.55331,262.0728,3.0835209435245163
O=[N+]([O-])c1cc2cnnnc2cc1[N+](=O)[O-],1.6955464,6.8474236,20.55784,5.177534,2.7546115,532.1144,298.1869,237.72554,2.8809984753483313
O=c1[nH]c2ccnc([N+](=O)[O-])c2[nH]1,1.6872038,5.9099264,15.170385,3.0211484,1.6649723,554.56396,-155.29532,293.0897,2.9361359038549804
O=[N+]([O-])n1ncc2nc[nH]c21,1.6894625,6.949903,21.155806,4.613649,2.8682182,623.5972,260.40353,160.98288,3.754371055900208
O=[N+]([O-])c1cccc2c([N+](=O)[O-])c3c(nc([N+](=O)[O-])c4[nH]cnc43)nc12,1.7135859,6.2551804,17.296719,4.15378,2.0328655,490.83197,169.72348,239.15486,3.279804489463661
O=c1ccc2nc3c([N+](=O)[O-])cc([N+](=O)[O-])cc3c([N+](=O)[O-])c2o1,1.7266144,6.417131,18.212051,4.3986073,2.0418956,464.94415,-206.2492,241.43542,2.8789030998480065
O=[N+]([O-])N=Cc1c([N+](=O)[O-])cc([N+](=O)[O-])c2nn[nH]c12,1.7975596,7.6685257,26.657999,5.50406,3.1882849,579.2519,311.83777,186.55197,3.7625670774427196
O=[N+]([O-])c1nc2nc3c([N+](=O)[O-])cccc3c([N+](=O)[O-])c2[nH]1,1.732315,6.646008,19.584404,4.5035057,2.2993479,511.11124,104.95975,252.85025,3.1440764341098326
O=[N+]([O-])N=Cc1ccc2c(c1)c([N+](=O)[O-])nn2[N+](=O)[O-],1.7162826,7.213068,22.959543,5.516036,3.0677547,555.952,265.10596,136.8938,3.751546564622208
O=c1nc[nH]c2oc([N+](=O)[O-])cc12,1.6921437,6.172288,16.596552,3.5538864,1.8478307,523.81006,-224.06082,291.6871,3.41250513462421
O=[N+]([O-])Nc1c([N+](=O)[O-])nc2c3cccnc3c3c([N+](=O)[O-])ccc([N+](=O)[O-])c3n12,1.7005063,6.6198225,19.31913,4.6912255,2.427573,517.99664,196.12326,138.7282,3.3963706556274973
Nc1nnn2cc([N+](=O)[O-])[nH]c12,1.6987413,7.012091,21.469265,4.2699046,2.8615284,672.9692,241.59753,308.73648,3.9533611418274175
O=[N+]([O-])c1ccc2nc([N+](=O)[O-])c3c([N+](=O)[O-])c[nH]c3c2c1,1.7119068,6.3775277,17.92408,4.400273,2.1804314,496.33264,41.100407,245.93523,2.9327379725713723
O=[N+]([O-])c1nc2c([N+](=O)[O-])c3cccnc3cn2n1,1.6656728,6.3196864,17.252485,4.4581056,2.2871163,514.3259,280.04758,253.56158,3.1261264471529637
O=[N+]([O-])c1cc([N+](=O)[O-])c2cnn(O)c2c1,1.7076805,6.906046,20.909513,5.057349,2.7430828,543.5133,60.60863,276.41165,2.9492189583536987
O=[N+]([O-])c1ccc2nc3nc([N+](=O)[O-])[nH]c3c([N+](=O)[O-])c2c1,1.7084892,6.56684,18.914196,4.4637074,2.277703,510.98172,84.606964,276.22897,3.0543072033406036
Nc1c([N+](=O)[O-])c(=O)c2cccnc2n1[N+](=O)[O-],1.7299502,6.6517725,19.702362,4.2632527,2.353863,554.3964,-20.187483,139.65105,3.0949529259919135
O=c1[nH]c([N+](=O)[O-])nc2c([N+](=O)[O-])c3c(cc12)c1ccccc1n3[N+](=O)[O-],1.6955458,6.1386886,16.618155,4.0623016,1.9718357,487.69745,-28.774,137.44066,3.385552780964841
O=[N+]([O-])c1cc([N+](=O)[O-])c2c(n1)[nH]c1cccc([N+](=O)[O-])c12,1.6679746,6.2506857,16.90703,4.349469,2.1561878,497.21762,32.037617,242.21011,2.9485479725713724
Nc1c([N+](=O)[O-])c([N+](=O)[O-])nc2nc3c([N+](=O)[O-])cccc3nc12,1.7374865,6.60213,19.414192,4.387352,2.2802112,521.09106,157.49854,238.96623,3.133985466711912
O=c1nc2ncccn2c(O)c1[N+](=O)[O-],1.7118771,5.9924793,15.710059,3.1671567,1.6767101,531.21826,-229.40683,318.7196,2.912204413363016
O=[N+]([O-])N=Cc1nc2ccc([N+](=O)[O-])nn2c1[N+](=O)[O-],1.74365,7.521407,25.17667,5.5840635,3.2129748,575.2745,329.3816,182.58487,3.772541436417079
O=[N+]([O-])c1cccc2nc3c([N+](=O)[O-])nc4c(ncn4[N+](=O)[O-])c3nc12,1.7409924,6.6641464,19.971935,4.5912223,2.3370597,508.76,328.22794,150.95033,3.4567102586944296
O=[N+]([O-])N=Cn1nnc2c([N+](=O)[O-])c([N+](=O)[O-])ccc21,1.7661507,7.598482,25.888567,5.64696,3.2395368,573.95496,350.58633,199.81323,3.6434337441093856
O=[N+]([O-])c1ccc2ncnn2c1[N+](=O)[O-],1.7028652,6.980369,21.353878,5.050328,2.798166,556.1905,219.307,237.63054,2.9177867773405026
O=[N+]([O-])c1ccc([N+](=O)[O-])c2c1ncn2[N+](=O)[O-],1.7861226,7.5003505,25.531628,5.491703,3.04816,554.27136,151.9827,120.10536,3.176022156761145
O=[N+]([O-])c1ccn2c([N+](=O)[O-])nnc2c1,1.7061294,7.011295,21.538246,5.113254,2.842364,556.75995,229.08035,276.4245,3.0784156703986634
O=[N+]([O-])N=Cc1nc2cc([N+](=O)[O-])cc([N+](=O)[O-])c2n2c([N+](=O)[O-])cnc12,1.739837,7.1333923,22.648256,5.143552,2.763806,537.75183,247.2421,200.74698,3.6837145814375996
N=c1c2[nH]c([N+](=O)[O-])nc2ncn1N,1.7153951,6.7277193,20.053453,3.7037642,2.4845777,672.6146,195.20673,290.86896,3.8234660107933527
O=[N+]([O-])c1ccc2c(ncc3ncc([N+](=O)[O-])n32)n1,1.6859108,6.319782,17.4316,4.2762275,2.2048101,516.74945,234.8815,273.5024,3.264149088662398
O=c1c2c(cnc3cc([N+](=O)[O-])cnc32)nc2[nH]cc([N+](=O)[O-])n12,1.7152327,5.997236,15.894244,3.5369403,1.751319,497.05582,40.53673,284.6988,3.4537602437144734
Nc1nc2c(cc(C=N[N+](=O)[O-])c3nc4nc(c32)NN=N4)nc1[N+](=O)[O-],1.7254778,6.5840054,19.274946,4.0611386,2.313273,569.4285,453.4108,196.38438,5.146988107695101
O=[N+]([O-])c1nc2c(O)nccc2[nH]1,1.6659294,5.992405,15.509717,3.3050203,1.8298793,555.80707,-101.63488,292.545,3.2899474423165183
O=[N+]([O-])c1nc2c([N+](=O)[O-])cncc2[nH]1,1.7358742,6.9488397,21.452955,4.605734,2.5803564,562.4436,115.081055,272.84912,3.1756663270590764
O=[N+]([O-])c1ccc2nc([N+](=O)[O-])c3nc([N+](=O)[O-])cn3c2c1,1.7282577,6.68305,19.778612,4.652406,2.377074,511.87527,150.66367,252.43912,3.021503357186756
Nc1ccc([N+](=O)[O-])n2nnnc12,1.6813227,6.766663,19.86294,4.4974265,2.788129,622.2891,332.3831,296.7415,3.091774365393441
N=c1c2nccnc2c(O)cn1[N+](=O)[O-],1.678639,6.150921,16.665478,3.6528397,2.0713575,568.09656,24.00995,160.5007,3.6371620118620775
O=c1[nH]c(N[N+](=O)[O-])nc2nc[nH]c12,1.7202605,6.499098,18.744364,3.322641,2.0538437,620.2173,-53.52666,168.50671,3.2713953785915457
Nc1c([N+](=O)[O-])c2nnccc2n1[N+](=O)[O-],1.7511059,7.29853,23.882698,5.0916724,3.0395486,598.3882,280.78223,169.35477,3.526426471770515
O=[N+]([O-])Nn1c([N+](=O)[O-])cc2cncnc21,1.6961919,7.0675573,21.93393,5.042536,2.9754086,592.5324,256.18353,133.29604,3.4880233005231567
Nc1nn(N)c2c1cnn2[N+](=O)[O-],1.7051861,7.357525,23.900702,4.7201576,3.3925152,722.4193,366.34195,178.14484,3.992194035723111
O=[N+]([O-])Nc1nc([N+](=O)[O-])c2ncccc2n1,1.676541,6.7119136,19.704273,4.6157093,2.613306,567.5714,225.06369,128.28339,3.0798508698929297
Cn1c2cc3c(=O)nc(N[N+](=O)[O-])oc3nc2c2nc3cccc([N+](=O)[O-])c3c([N+](=O)[O-])c21,1.6729356,6.0147905,15.810693,3.826307,1.9035805,499.8267,-62.482716,167.70795,3.58753250778189
Nc1nnnc2c([N+](=O)[O-])c([N+](=O)[O-])ccc12,1.706943,6.9110675,21.005398,4.854271,2.7725437,572.0019,269.44666,234.64673,2.9587408293321946
O=[N+]([O-])c1cn2c([N+](=O)[O-])nc3ccncc3c2n1,1.6728686,6.2458215,16.900951,4.1736526,2.1610932,518.2894,217.58084,277.82635,3.1986907432342413
O=[N+]([O-])N=c1[nH]ncc2[nH]cc([N+](=O)[O-])c12,1.7675534,7.2939587,23.960375,4.9308968,2.9594054,601.4462,232.66113,197.85667,3.816680643180499
O=[N+]([O-])N=Cc1c2nc3ccccc3nc2c([N+](=O)[O-])c2c1nc([N+](=O)[O-])n2[N+](=O)[O-],1.7261343,6.78258,20.515625,4.87503,2.5090725,515.1907,324.9595,134.94836,3.824407052018687
O=[N+]([O-])c1cnc2ncnn2n1,1.7103921,7.097129,22.230312,4.767788,2.8732252,604.15533,382.85678,270.70236,3.397518031996073
O=c1cc[nH]c2c1c([N+](=O)[O-])cc1nnnn12,1.6799914,6.1628556,16.503956,3.9447467,2.0826433,530.9059,219.1625,256.28592,3.274653120302096
Nc1c2nc3nonc3nc2c([N+](=O)[O-])c2nc[nH]c12,1.7485616,6.5110936,19.027903,4.122049,2.233898,543.1817,410.67667,266.2105,3.5537716658367815
O=[N+]([O-])N=Cc1c2cc([N+](=O)[O-])cnc2nc2c1cnn2[N+](=O)[O-],1.7638429,7.074448,22.613853,5.015368,2.712442,540.9896,364.4921,143.24013,3.8220600767172908
O=c1[nH]c2cc3nncc([N+](=O)[O-])c3nc2[nH]1,1.6998428,5.975602,15.664433,3.2909856,1.7430717,532.7251,65.08688,266.46637,3.171513697225172
O=c1[nH]c2c([N+](=O)[O-])cccc2n1[N+](=O)[O-],1.7702641,6.799189,20.919886,4.2028437,2.3041248,551.45013,-129.54633,150.98143,3.053277634561212
O=[N+]([O-])c1cc(O)c2[nH]c([N+](=O)[O-])nc2c1,1.7222896,6.546975,18.875996,3.984608,2.1503181,543.1193,-181.15585,284.912,3.068698385902894
Nc1ccc([N+](=O)[O-])c2c([N+](=O)[O-])cc([N+](=O)[O-])nc12,1.7105904,6.742519,20.012,4.6840706,2.5184934,539.32385,22.561373,232.66077,2.912944532691874
O=[N+]([O-])N=Cc1cnc2c(oc3nc([N+](=O)[O-])ccc32)c1[N+](=O)[O-],1.7280657,6.7455688,20.195194,4.798115,2.4304674,506.1959,105.63583,199.68909,3.690553083710297
O=c1c([N+](=O)[O-])cc2ccc([N+](=O)[O-])cc2n1[N+](=O)[O-],1.7556533,6.9758863,21.855967,4.9715075,2.577031,518.0506,-76.717186,136.62086,2.8873030232579104
O=[N+]([O-])c1cnc2c(ccn2[N+](=O)[O-])n1,1.7212772,7.0868406,22.31226,5.1357193,2.8802238,561.8943,233.62537,133.68289,3.4733451263086073
O=[N+]([O-])c1c2ccccc2nc2c1nc([N+](=O)[O-])n2[N+](=O)[O-],1.7121197,6.7583537,20.22442,4.926172,2.5434983,516.4473,230.74261,136.51799,3.149547972571373
O=[N+]([O-])c1nn2c([N+](=O)[O-])nnc2c2ccccc12,1.6694645,6.4241533,17.869516,4.754238,2.4425008,513.5376,373.18527,246.34132,3.0016416866304683
O=[N+]([O-])c1nc2c3c(cnn3NC=C2)c1[N+](=O)[O-],1.7177286,6.7441425,20.118847,4.862603,2.6092863,538.09247,311.37073,235.9308,4.017659118299607
Nc1c([N+](=O)[O-])ccc2c1nnn2[N+](=O)[O-],1.7575079,7.276922,23.780247,5.0567594,3.0029361,595.97974,251.35413,142.91911,3.369594629194485
O=[N+]([O-])c1cc([N+](=O)[O-])c2[nH]cnc2n1,1.6773037,6.7090454,19.501986,4.451959,2.4674237,555.9807,74.5495,270.9789,3.0555053514493213
O=[N+]([O-])c1nc2ccncc2n1[N+](=O)[O-],1.6837246,6.9911437,21.339666,5.1724143,2.897588,560.3347,245.09052,136.1392,3.2727683908489453
O=[N+]([O-])N=Cc1cc2c(cc1[N+](=O)[O-])nc([N+](=O)[O-])n2[N+](=O)[O-],1.78268,7.7421026,26.995054,5.7796082,3.2704995,565.7461,232.05179,137.97577,3.820871677135246
Nc1nc([N+](=O)[O-])nc2nc([N+](=O)[O-])c3ncccc3c12,1.6777637,6.09242,16.201464,3.7869449,1.9936885,528.3306,181.06519,245.91653,3.1630216045170494
O=[N+]([O-])c1cccc2nc3c(nc([N+](=O)[O-])n3[N+](=O)[O-])nc12,1.75688,7.097672,22.652456,5.044797,2.6825726,531.58,288.77783,139.06929,3.2726656648790637
O=[N+]([O-])c1cccc2c1Oc1c(O)ccc([N+](=O)[O-])c1O2,1.6806357,5.8298864,14.747877,3.7400641,1.7187619,460.12097,-434.89755,276.86118,2.828784999742515
O=[N+]([O-])c1nc2c3ccccc3nc([N+](=O)[O-])n2c1[N+](=O)[O-],1.6922411,6.5973387,19.013065,4.715759,2.4047575,510.70465,183.5607,236.31781,3.0336672033406034
O=[N+]([O-])c1nc2c3c4nc([N+](=O)[O-])n3N=NN=C(C=CC=C2)c14,1.6667922,6.436459,17.972336,4.787026,2.4869478,519.7717,516.1744,258.18982,5.859767230658495
O=c1[nH]cnc2c([N+](=O)[O-])[nH]cc12,1.723296,6.069024,16.284145,3.1694193,1.7548558,557.1075,-127.03947,307.11703,3.4599589807780564
O=[N+]([O-])c1ncnc2c1[nH]c1c3[nH]ccc3c3c(cnn3O)c21,1.643374,5.4491005,12.79202,3.1916711,1.6419674,516.10034,189.01343,293.11407,3.7768964163304766
O=c1c2c([N+](=O)[O-])cc3ccoc3c2nc2[nH]nnn12,1.692385,5.9809504,15.63534,3.6528394,1.8081471,497.3544,83.87604,253.9977,3.5985408966060133
O=[N+]([O-])c1ccc2nc([N+](=O)[O-])n([N+](=O)[O-])c2c1,1.7328856,7.308014,23.70465,5.4603558,3.0018446,549.10474,142.00266,132.20183,3.072201964453453
O=[N+]([O-])Nc1c2c([N+](=O)[O-])cnc([N+](=O)[O-])c2n2ccccc12,1.6851784,6.5400686,18.76319,4.7313194,2.4978845,528.1222,187.05017,143.48694,3.331396915830976
O=[N+]([O-])c1cccc2nn(O)c([N+](=O)[O-])c12,1.6960598,6.905503,20.804062,5.221558,2.8015206,537.42615,98.96326,251.79448,3.019641140822393
Nc1c2nc3c(=O)cc[nH]c3nc2nc2[nH]c(=O)[nH]c(=O)c12,1.6213676,4.667539,9.319118,1.5931057,0.84646016,538.9109,-296.79483,303.676,3.3354538782785683
N=c1[nH]c([N+](=O)[O-])nc2c1ncn2N,1.7189584,6.7242723,20.053314,3.6495197,2.457749,676.05695,182.0203,283.7141,3.996561152493757
O=[N+]([O-])N=Cc1ccc([N+](=O)[O-])n2nnnc12,1.7380801,7.3934555,24.261677,5.5098963,3.2185094,585.1699,451.44473,183.7257,3.731265272511587
O=[N+]([O-])c1c2cccc([N+](=O)[O-])c2nc2c1cnn2[N+](=O)[O-],1.7447741,6.8959813,21.347435,5.0398183,2.6124554,517.9341,250.72922,139.65096,3.2127418187252186
O=[N+]([O-])c1ccnc2nc3c([N+](=O)[O-])ccc([N+](=O)[O-])c3nc12,1.7243643,6.5510416,19.04781,4.6210685,2.2822375,493.8628,198.44073,244.26314,2.9166716411057028
Nn1c2cc([N+](=O)[O-])ccc2c2nc3c(nc21)c(=O)n([N+](=O)[O-])c(=O)n3C=N[N+](=O)[O-],1.7760395,6.8181973,21.09226,4.2005415,2.2942295,549.14465,27.260988,162.23961,3.981067439866134
O=[N+]([O-])c1nc2nc3cc4cnn([N+](=O)[O-])c4cc3nc2[nH]1,1.7302258,6.5171704,19.01835,4.2569942,2.2522209,530.09125,341.49478,155.12302,3.700141471330677
O=[N+]([O-])c1nc2cccc([N+](=O)[O-])c2c2nonc12,1.7009279,6.7007966,19.66892,5.2458663,2.582861,491.02728,329.72293,242.48167,2.9818547490397567
O=[N+]([O-])c1cc([N+](=O)[O-])c2nc3c([N+](=O)[O-])cc([N+](=O)[O-])cc3nc2c1,1.7509975,6.8220773,20.764336,4.901771,2.4215968,493.7508,97.1026,243.06693,2.787139325412488
Nc1nc([N+](=O)[O-])c([N+](=O)[O-])c2nc3cc([N+](=O)[O-])ccc3nc12,1.7231133,6.554788,19.020277,4.3507385,2.2712953,523.6517,131.61261,237.22469,2.9550952891971196
Nc1cnn2c1nnn1cc([N+](=O)[O-])nc12,1.6988968,6.8279047,20.395086,4.3745465,2.7220592,623.2706,469.1296,294.1486,3.6009792445791007
O=[N+]([O-])c1ncnc2c([N+](=O)[O-])c3[nH]cnc3cc12,1.7039969,6.3326125,17.67034,4.1287093,2.14051,520.3419,181.72488,253.31483,3.3169342845985375
O=[N+]([O-])c1cc([N+](=O)[O-])c2nc3c([N+](=O)[O-])cccc3nc2c1[N+](=O)[O-],1.7478632,6.854016,20.955873,5.011352,2.4765959,493.78058,134.65732,223.70653,2.912633445507616
O=[N+]([O-])c1cccc2c1nnc1n[nH]c([N+](=O)[O-])c12,1.6999347,6.5138273,18.610222,4.7062106,2.4267948,515.97876,345.6196,257.5433,3.124650394903327
O=[N+]([O-])c1cc2c([nH]c3ccc4cn[nH]c4c32)c([N+](=O)[O-])n1,1.6578858,5.713543,14.080377,3.6904697,1.8054327,490.05417,154.4328,280.26553,3.2563968063182713
O=[N+]([O-])c1cc2nc[nH]c2c2ncn([N+](=O)[O-])c12,1.7041743,6.5736146,19.123621,4.379629,2.378144,545.41095,193.6441,137.41159,3.563740656761146
O=[N+]([O-])Nc1nc([N+](=O)[O-])nc2cccc([N+](=O)[O-])c12,1.7265311,7.0772233,22.233171,4.990184,2.783456,558.70184,143.794,126.78905,3.098867077442719
O=C1c2ccccc2-c2n[nH]c3c([N+](=O)[O-])c([N+](=O)[O-])nc1c23,1.680585,5.7403555,14.372402,3.8458765,1.7301933,451.31992,84.92734,238.61299,3.051089292204603
O=c1oc([N+](=O)[O-])nc2c([N+](=O)[O-])cccc12,1.7411438,6.49002,18.700964,4.1299653,2.0115063,488.91177,-250.14897,253.69934,2.9254859798338675
O=[N+]([O-])c1cnc2nc([N+](=O)[O-])ncc2c1,1.7032593,6.6347246,19.375937,4.5490775,2.4099257,530.85205,158.00964,263.19656,2.963682041781899
O=[N+]([O-])c1cn2c([N+](=O)[O-])cc3ncncc3c2n1,1.6825109,6.2666864,17.074862,4.1809797,2.1584053,517.28033,209.50577,282.3723,3.269789436993313
Nc1nn2cc([N+](=O)[O-])nc2cc1[N+](=O)[O-],1.7368048,7.0862393,22.230476,4.6368895,2.7600844,598.1432,163.85132,296.65775,3.219437920786616
O=[N+]([O-])c1cc([N+](=O)[O-])n2ncnc2c1,1.7055846,6.949079,21.146286,4.9341416,2.7362373,557.5453,185.38803,278.00058,3.068243812987781
O=c1[nH]c2nc3cc([N+](=O)[O-])ccc3c(C=N[N+](=O)[O-])c2nc1[N+](=O)[O-],1.7497512,6.573348,19.373886,4.2056766,2.1649606,517.19,18.430498,194.9954,3.5215540831798045
Nc1noc2c1nnc1c([N+](=O)[O-])ccc(=O)n12,1.7133524,6.4800124,18.460869,4.1488423,2.2315948,539.30383,138.07858,276.64786,3.3442514259919154
O=C(O)c1cc2nnn(C=N[N+](=O)[O-])c2cc1[N+](=O)[O-],1.7364311,6.847004,20.798357,4.2926145,2.3959005,560.67676,-73.2987,199.532,3.4607875902632337
O=[N+]([O-])N=Cc1cc2cnnc-2c2[nH]c([N+](=O)[O-])cn12,1.681921,6.5602903,18.811478,4.551209,2.527473,556.8269,334.6494,184.17313,4.20289271846836
O=c1nc[nH]c2c([N+](=O)[O-])cc([N+](=O)[O-])cc12,1.7154403,6.356965,17.758604,3.9427183,2.0376167,519.85394,-137.55167,279.20963,2.599108053412463
O=[N+]([O-])c1cnc2[nH]cc(Nc3c4cc([N+](=O)[O-])cc([N+](=O)[O-])c4nc4nn[nH]c34)c2c1,1.6843361,6.084046,16.129307,3.9188848,2.0109038,514.7562,292.21588,260.29947,3.455732511626705
O=[N+]([O-])ON[N+](=O)c1nc2ccccn2c1[N+](=O)[O-],1.6868765,7.1520977,22.340815,5.2948647,3.065255,580.6793,142.91446,154.66331,3.626854564826292
Nn1nc([N+](=O)[O-])c2cccc([N+](=O)[O-])c2c1=O,1.7063498,6.6742325,19.560583,4.55351,2.4894433,549.3065,39.03374,243.00822,3.0350308106072994
O=[N+]([O-])Nn1c([N+](=O)[O-])nc2cc([N+](=O)[O-])ccc21,1.7169818,7.308218,23.587433,5.3674183,3.0868034,576.55774,170.99188,125.91873,3.193596454836734
O=[N+]([O-])c1cn2nc([N+](=O)[O-])c3nc4c([N+](=O)[O-])cccc4nc3c2n1,1.7219456,6.5965705,19.271921,4.6181965,2.3256583,504.06537,344.74814,244.18315,3.3152314125405837
O=[N+]([O-])c1ccnc2cc3nnn([N+](=O)[O-])c3nc12,1.707608,6.839607,20.723972,4.9646525,2.6701505,538.357,425.05978,132.20134,3.3274521365579
O=c1cc([N+](=O)[O-])n([N+](=O)[O-])c2c([N+](=O)[O-])cccc12,1.7034388,6.828138,20.459684,4.992064,2.5779107,515.99445,-56.740185,108.759125,3.096181397713643
O=[N+]([O-])c1[nH]c2nc3cccc([N+](=O)[O-])c3cc2c1[N+](=O)[O-],1.6987249,6.364982,17.715105,4.438149,2.198822,496.15448,52.07192,264.04013,2.999104895648296
Nc1cncc2oc([N+](=O)[O-])nc12,1.6476929,6.1525545,16.250147,3.7993093,2.111716,556.8923,-0.23885855,287.8328,3.641670519239595
O=[N+]([O-])c1cc([N+](=O)[O-])c2nc3cccc([N+](=O)[O-])c3nc2c1[N+](=O)[O-],1.7486962,6.8561997,20.980597,5.0154448,2.478376,493.7549,135.58102,223.49365,2.912633445507616
O=[N+]([O-])N=Cc1ncnc2ncc([N+](=O)[O-])nc12,1.7313228,6.9909415,21.851732,4.7796063,2.7038772,566.3945,343.43686,175.70927,3.781867425991914
O=[N+]([O-])c1ccc2cnc3c([N+](=O)[O-])c([N+](=O)[O-])c4ncc([N+](=O)[O-])n4c3c2c1,1.7389903,6.6548743,19.724508,4.779136,2.3466601,491.7338,181.85358,232.75896,3.2586559633907486
O=[N+]([O-])N=Cn1ncc2c3c(ncc21)[nH]c1nn[nH]c13,1.6743838,6.2410398,17.020885,3.7498589,2.2156076,591.5432,481.68893,204.88954,4.228617917407353
O=[N+]([O-])n1cc2ncnc-2c2ncoc21,1.7062438,6.382025,18.118334,4.128303,2.186073,530.3253,160.07687,156.92685,3.8011320454586572
O=c1[nH]c2ccc([N+](=O)[O-])cc2nc1[N+](=O)[O-],1.7261229,6.3751855,17.95293,3.9466784,2.0172436,514.6799,-131.27766,252.71236,2.574940494884034
O=[N+]([O-])c1cc([N+](=O)[O-])c2[nH]nnc2c1,1.6567986,6.831974,20.00421,4.9441466,2.757767,558.3296,185.00494,282.19617,2.983052818616299
O=c1cc([N+](=O)[O-])c2c([N+](=O)[O-])c3c([N+](=O)[O-])cccc3nc2o1,1.7130084,6.370059,17.856646,4.361567,2.0338666,467.68393,-201.05994,218.58128,2.9429788394929766
O=[N+]([O-])N=Cc1cc2n(cc([N+](=O)[O-])[n+]2[O-])nn1,1.7453841,7.6834784,26.296053,5.871118,3.493728,594.6464,412.21463,185.03957,4.485124374186577
O=[N+]([O-])c1ccc2nc3[nH]c([N+](=O)[O-])c([N+](=O)[O-])c3cc2c1,1.7008874,6.3561544,17.678684,4.4023523,2.180838,496.2604,36.531178,268.16714,2.9743064341098346
O=c1[nH]nc2oc3c([N+](=O)[O-])cccc3n12,1.712486,5.950959,15.528681,3.318414,1.6753826,508.44745,-162.7137,288.30313,3.201059244579101
Nc1cc([N+](=O)[O-])c2c(ncc3nc([N+](=O)[O-])[nH]c32)n1,1.6805005,6.233445,16.883875,3.7533848,2.0652435,552.7176,126.73755,274.00125,3.3896111800068223
O=c1oc([N+](=O)[O-])nc2cc(O)ccc12,1.6696758,5.638942,13.7556925,3.0574296,1.4490926,479.06107,-445.42706,268.29126,2.926307227621928
O=[N+]([O-])c1c[nH]c2nc3nc4c(cc3cc12)nc([N+](=O)[O-])n1ncnc41,1.6990948,6.0189085,15.949587,3.7571156,1.8808316,501.5445,365.3434,262.65167,3.5260141048482767
O=c1[nH]c2c([N+](=O)[O-])cccc2nc1[N+](=O)[O-],1.7354684,6.420786,18.278175,3.993096,2.045704,515.81616,-125.617615,250.341,2.76500002665661
O=[N+]([O-])C1=CNC(=C2N=NN=N2)C=C1[N+](=O)[O-],1.7756301,7.554028,25.792208,5.418218,3.2236242,596.60095,425.9639,246.78113,4.1536466145737805
Nc1c([N+](=O)[O-])c([N+](=O)[O-])c2cnccn12,1.7143881,6.735449,19.995016,4.4941754,2.5718737,574.8716,108.80817,285.46225,3.0853298706971684
O=[N+]([O-])c1cccc2c1c([N+](=O)[O-])nc1nn[nH]c12,1.6790683,6.3639193,17.621614,4.4312935,2.294103,518.4322,284.88498,230.90694,3.2551360262531084
[N-]=[N+]c1nc(N)c2c(n1)c([N+](=O)[O-])cc1[nH]nnc12,1.713981,6.5309834,18.84941,3.9232838,2.3045928,589.01886,429.35825,261.6257,3.988467521173283
O=[N+]([O-])Nc1ncc2nc3c([N+](=O)[O-])cccc3c([N+](=O)[O-])c2n1,1.7124777,6.6359367,19.55991,4.6237025,2.4331286,526.19604,222.1023,136.25136,3.110617419374633
O=C1c2cccc([N+](=O)[O-])c2C(=O)N1N[N+](=O)[O-],1.7164928,6.5782733,19.101057,4.22697,2.2061248,524.06976,-220.04585,147.9579,2.8172365798380685
O=[N+]([O-])N=Cc1cnn2c([N+](=O)[O-])c3ncc([N+](=O)[O-])cc3nc12,1.7342286,6.9808145,21.684114,4.9809184,2.6891987,540.2148,362.04044,200.04219,3.6092216151788286
Nc1nc([N+](=O)[O-])c([N+](=O)[O-])c2ccc([N+](=O)[O-])cc12,1.7177402,6.7329645,20.006453,4.630141,2.4846742,538.2774,2.054324,233.57407,2.818304764912483
O=c1c([N+](=O)[O-])c([N+](=O)[O-])c2ccccc2n1[N+](=O)[O-],1.7533199,6.9786186,21.785654,5.022112,2.590799,515.4601,-49.576336,143.19452,2.986637420935704
O=[N+]([O-])c1cnc2cncnc2c1[N+](=O)[O-],1.6999662,6.7226086,19.903994,4.791356,2.5415416,531.70233,220.4627,231.66458,2.852248824998682
O=C1Nc2ccc([N+](=O)[O-])cc2N(N[N+](=O)[O-])C(C=N[N+](=O)[O-])=C1[N+](=O)[O-],1.7660624,7.371561,24.374556,5.054419,2.917743,579.87115,5.509127,153.56856,3.8305509618380222
O=c1c2c(c3ccccc3n1N[N+](=O)[O-])c1nonc1n2[N+](=O)[O-],1.7171321,6.6859007,19.807615,4.877288,2.5247142,517.9477,261.4626,137.92284,3.662876432003795
O=[N+]([O-])N=Cc1c([N+](=O)[O-])c2c([N+](=O)[O-])ccn2c2nc3cc([N+](=O)[O-])ccc3nc12,1.7298402,6.580278,19.244415,4.643166,2.3289988,502.72205,219.1734,207.7727,3.5182392692132574
O=[N+]([O-])c1cn2c(ncc3nc[nH]c32)n1,1.662026,5.963007,15.349875,3.4133873,1.9217865,564.3514,210.85303,295.6793,3.4238082529720737
O=c1c([N+](=O)[O-])n[nH]c2nc3ccc([N+](=O)[O-])cc3nc12,1.713669,6.3078675,17.565035,4.076285,2.0399046,502.5498,97.09363,254.8073,2.9595261138008695
O=[N+]([O-])c1cc([N+](=O)[O-])c2nnnnc2c1,1.7434275,7.3301816,23.91854,5.5592504,3.0653234,550.8665,408.75143,251.302,2.9259638599637174
O=c1n([N+](=O)[O-])nc2[nH]c3cccc([N+](=O)[O-])c3n12,1.7335141,6.699131,20.01498,4.1966686,2.3033056,551.51587,12.981357,165.4709,3.4395507186724457
O=C1NNC2=C3C1=CNN3c1nc[nH]c1N=C2[N+](=O)[O-],1.7167761,6.2274723,17.209354,3.4506042,2.0170782,586.9356,149.41708,291.48605,4.296836443164716
O=[N+]([O-])c1ccnc2c([N+](=O)[O-])ncnc12,1.7029927,6.716037,19.88423,4.7508373,2.5206654,531.59155,201.94315,243.43349,2.93199952429938
O=[N+]([O-])N=Cc1c2cnn([N+](=O)[O-])c2nc2c([N+](=O)[O-])ccnc12,1.7447782,7.0482364,22.297249,5.079553,2.7503242,541.44293,379.18973,145.80617,3.929040496297711
O=[N+]([O-])c1ccc(O)c2nc3ccoc3c([N+](=O)[O-])c12,1.6830338,5.9844604,15.608397,4.011113,1.8692734,466.96542,-201.5744,237.32935,2.975185725461367
O=[N+]([O-])N=Cn1cnc2c([N+](=O)[O-])ncnc21,1.762049,7.260813,23.74424,4.8045797,2.8559988,595.867,296.97156,182.30699,3.832074110482127
O=[N+]([O-])N=Cn1c([N+](=O)[O-])cc2nc3nc4cccc([N+](=O)[O-])c4nc3nc21,1.7124772,6.4793677,18.606707,4.3988338,2.2564142,513.36053,350.3486,210.42606,3.7290258878579294
O=[N+]([O-])c1cc2c([N+](=O)[O-])c3c(cc([N+](=O)[O-])c4ccccc43)nc2nc1[N+](=O)[O-],1.6809644,6.163504,16.558054,4.5080614,2.0854545,461.93723,115.25876,224.01332,3.089725627484908
O=c1c2nc3nccc(N[N+](=O)[O-])c3nc2ncn1C=N[N+](=O)[O-],1.7322114,6.6208053,19.618053,4.0917387,2.276072,558.0316,219.71689,146.5496,3.897494342451556
O=c1c2c([N+](=O)[O-])cccc2nnn1[N+](=O)[O-],1.7166164,6.9557276,21.421173,4.9985905,2.6881907,538.0284,140.8292,139.076,3.0502879865228305
O=[N+]([O-])c1ccc2[nH]cc([N+](=O)[O-])c2n1,1.6685027,6.3980327,17.663164,4.3117523,2.298405,534.24677,29.67766,292.0496,2.8779571338132985
O=c1c2c(nc3ccccn32)c([N+](=O)[O-])nn1[N+](=O)[O-],1.7165986,6.5976048,19.347368,4.4860024,2.3478386,525.003,150.6903,159.34076,3.3852156555312973
O=[N+]([O-])c1ccc2nc3c4cc5c([N+](=O)[O-])cccc5nc4n([N+](=O)[O-])c3nc2c1,1.6663394,5.812752,14.829093,4.040115,1.8748868,465.07864,230.4639,165.47983,3.0187877690019276
Nc1nc2[nH]cc([N+](=O)[O-])c2c(=O)[nH]1,1.7181733,5.985215,15.812477,2.7001925,1.6235617,604.9585,-206.42949,310.9466,3.0676372658540814
O=[N+]([O-])c1nc2nnc([N+](=O)[O-])n2c2nc3ccccc3nc12,1.6693058,6.1893873,16.639715,4.1894207,2.1215606,506.94473,418.7332,242.76761,3.104188293683893
c1c2nonc2nc2oc3nn[nH]c3c12,1.703538,6.3246126,17.624321,4.2705116,2.176475,509.28152,374.32333,285.4695,3.981963888034686
Nn1ncc2cc([N+](=O)[O-])c([N+](=O)[O-])cc21,1.6759775,6.7825756,19.99792,4.931066,2.8258061,574.8789,194.96567,246.04198,3.005617885008439
NC1Nn2cc([N+](=O)[O-])nc2O1,1.6866543,6.927368,20.881765,4.0338507,2.747514,684.4387,-29.985365,299.1505,4.564013863096426
Nc1nn2c(C=N[N+](=O)[O-])nnc2c2[nH]cnc12,1.6903185,6.653691,19.479712,3.9760528,2.5538642,644.207,468.43753,198.98929,4.035917688435354
Nc1c([N+](=O)[O-])cc2nnnn2c1N,1.7283767,6.9650397,21.435232,4.103318,2.7747943,680.61945,303.64178,310.74692,3.1909336221293856
O=[N+]([O-])c1cccc2nc([N+](=O)[O-])n([N+](=O)[O-])c12,1.7050345,7.235329,22.991049,5.519008,3.0259213,547.75287,171.49176,114.750885,3.1364336952226832
O=[N+]([O-])n1cncc2ncnc1-2,1.6728833,6.621832,19.26142,4.50114,2.6330621,586.7362,283.88876,127.22797,3.3762723306386073
C=[N+]1C(=O)c2c([N+](=O)[O-])c([N+](=O)[O-])c3nc(N[N+](=O)[O-])[nH]c3c2-c2ccc([N+](=O)[O-])cc21,1.7573148,6.6690693,19.985785,4.361682,2.2554607,520.0472,-67.446815,182.32376,3.9133889338091743
Nc1c([N+](=O)[O-])c([N+](=O)[O-])nc2cc([N+](=O)[O-])ccc12,1.7202247,6.742734,20.08363,4.6385403,2.4845822,537.4278,11.816714,236.97409,2.783571818613499
O=c1[nH]c2nc([N+](=O)[O-])cn2c2ccoc12,1.6979027,5.8854923,15.102037,3.2651684,1.6512947,509.88522,-180.12303,294.30368,3.47824078304064
O=[N+]([O-])c1ccc2cc([N+](=O)[O-])n3nnnc3c2c1,1.6719203,6.3868017,17.616808,4.675286,2.3928683,512.02765,341.0342,277.74652,2.8512620059338065
O=c1[nH]c([N+](=O)[O-])cc2[nH]cnc12,1.6670494,5.8863225,14.965786,3.0927014,1.7052487,554.8299,-140.45786,292.2934,3.2798205192395953
O=[N+]([O-])c1cc([N+](=O)[O-])c2[nH]c(O)cc2c1,1.6795949,6.1824884,16.507122,3.9081438,2.0233643,520.6815,-223.7375,293.96585,2.7765767401068295
O=[N+]([O-])n1ncc2c[nH]nc21,1.7047741,7.1340246,22.453316,5.019739,3.1094992,621.75104,326.75632,142.01636,4.023442023642143
O=c1cnc2cc([N+](=O)[O-])cc([N+](=O)[O-])c2[nH]1,1.7208992,6.380302,17.871946,3.9667227,2.0352027,516.93823,-136.66502,284.5839,2.711710394549586
O=[N+]([O-])c1cc2[nH]cc([N+](=O)[O-])c2cn1,1.6830869,6.4862866,18.302418,4.3915224,2.3591652,538.79083,39.31046,288.23166,2.999985651636937
O=[N+]([O-])c1cc([N+](=O)[O-])c2n[nH]nc2c1,1.7294425,7.0830364,22.197016,5.1181746,2.837365,556.4009,211.07468,266.27606,2.7488164208677066
O=c1[nH]c2nc3nc4cccc([N+](=O)[O-])c4nc3c([N+](=O)[O-])c2[nH]1,1.7118593,5.944792,15.588439,3.4054265,1.6869555,498.9046,6.6593957,260.3973,3.0934977867684337
O=[N+]([O-])c1cn2c(cnc3ccc([N+](=O)[O-])nc32)n1,1.6880288,6.28267,17.20349,4.1476645,2.1439724,518.0734,204.38815,281.14322,3.163014690984604
O=c1[nH][nH]c2nc3cc([N+](=O)[O-])cc([N+](=O)[O-])c3cc12,1.7181468,6.19176,16.921705,3.862232,1.9517305,508.69977,-50.55985,262.72604,2.9199848863005275
O=[N+]([O-])c1cccc2nc3nonc3c([N+](=O)[O-])c12,1.7025652,6.6956377,19.643436,5.234532,2.5711386,489.57965,331.29245,229.82713,2.9146173034664624
O=[N+]([O-])c1ccc2nc([N+](=O)[O-])n3c([N+](=O)[O-])cnc3c2c1,1.7250954,6.6676397,19.68,4.669015,2.3854666,511.8493,152.97989,239.23161,3.0109479725713726
Nc1nc2c([N+](=O)[O-])ccc([N+](=O)[O-])c2cc1[N+](=O)[O-],1.7429339,6.7932835,20.574593,4.583886,2.4633744,538.4572,-8.600553,257.884,2.6480127474959367
O=[N+]([O-])c1ccc2c([N+](=O)[O-])ccc([N+](=O)[O-])c2n1,1.7118582,6.7039676,19.830853,4.9356303,2.49072,504.11432,43.21317,249.86902,2.613192834927231
O=c1c([N+](=O)[O-])cn([N+](=O)[O-])c2c1ccc1oc([N+](=O)[O-])cc12,1.74297,6.7426066,20.298365,4.778859,2.3497279,490.45947,-154.376,128.99232,3.3802211625519973
CN(N[N+](=O)[O-])[N+](=O)c1cc2c(=O)c3ccccc3[nH]c2c(N[N+](=O)[O-])c1[N+](=O)[O-],1.6509511,6.3581133,17.482313,4.3432474,2.413763,556.859,-59.50823,151.33487,3.634487707951866
Nc1nc2c(c3ncccc13)c1c3nc4cnccc4c([N+](=O)[O-])c3nnc1n2[N+](=O)[O-],1.640799,5.592462,13.673413,3.5799987,1.7763709,496.33948,454.7648,179.57683,3.5505297897332158
O=[N+]([O-])Nc1ccn2nnnc2c1,1.6529126,6.8090568,20.050423,4.821102,3.0032947,624.6309,403.15903,136.9395,3.3770572136262897
O=[N+]([O-])c1ccc([N+](=O)[O-])c2nc3nc4c(cc3nc12)oc1nncnc14,1.7092574,6.077059,16.344639,4.080498,1.9085038,467.25162,336.04135,252.65613,3.4803025852146448
O=[N+]([O-])c1cnc2c([N+](=O)[O-])cnn2c1,1.7278625,7.0640626,22.07201,5.0281043,2.8056664,558.7178,218.10025,289.5444,2.7949882782785878
O=c1cc([N+](=O)[O-])nc2nc3c(nn12)[nH]c1c([N+](=O)[O-])cccc13,1.7048024,6.035409,15.98398,3.6930792,1.8276101,497.4901,90.81912,280.53094,3.2516993941163106
O=c1[nH]c2cc([N+](=O)[O-])ccc2n2cc([N+](=O)[O-])nc12,1.7160329,6.070996,16.197842,3.5883582,1.811861,508.18762,-111.57576,286.7823,2.8484229282585716
O=[N+]([O-])c1cccc2c1nnn2[N+](=O)[O-],1.7216333,7.173348,22.798904,5.452058,3.038855,557.6943,297.1431,123.53757,3.039649816740126
O=c1c2c([N+](=O)[O-])cccc2nc2n([N+](=O)[O-])cc([N+](=O)[O-])n12,1.7488499,6.857457,21.087145,4.634856,2.4236128,524.0,0.74928534,151.98523,3.3809760012616747
O=[N+]([O-])c1cc2c3c(c([N+](=O)[O-])nn3c1)NN=C2,1.720295,6.7239504,19.930134,4.778912,2.5740569,539.2192,291.9133,292.33127,3.787452964453453
Nc1cc2nc3coc(O)c3c(N[N+](=O)[O-])c2o1,1.6666254,5.920543,15.2422905,3.34347,1.788709,538.31683,-304.01248,163.6159,3.9569160413765303
Nn1c([N+](=O)[O-])nc2cc([N+](=O)[O-])cc([N+](=O)[O-])c21,1.7535669,7.3861656,24.329248,5.252471,3.0248404,577.63873,140.22357,271.9424,3.103938481986056
O=[N+]([O-])c1nc2ncccc2c2nnnn12,1.6581247,6.3254633,17.254316,4.3659825,2.3624425,541.67755,473.3591,249.89468,2.9889096793617096
O=[N+]([O-])c1cnc2nc3c([N+](=O)[O-])ccc([N+](=O)[O-])c3nc2c1,1.7327045,6.55544,19.127438,4.585729,2.261524,493.0168,186.22723,248.23582,2.8721529597870195
O=[N+]([O-])c1ccc2nc3nc([N+](=O)[O-])cc([N+](=O)[O-])c3nc2c1,1.7116973,6.4692044,18.45835,4.518656,2.2211652,492.1369,162.03842,247.4698,2.8477155971496586
O=[N+]([O-])c1ccc2c(c1)-c1nonc1Nc1ncnc([N+](=O)[O-])c1-2,1.6618102,6.2070794,16.683842,4.4216447,2.2173936,501.90387,316.59006,238.42694,3.3192056546687514
O=[N+]([O-])c1ccc2nc3c([N+](=O)[O-])c4cc([N+](=O)[O-])cnc4c([N+](=O)[O-])c3cc2c1,1.7018995,6.225094,17.03202,4.527029,2.0919516,461.76007,109.30917,240.17224,3.06783350740986
O=[N+]([O-])c1cc([N+](=O)[O-])c2c([N+](=O)[O-])c3[nH]ccc3cc2n1,1.6814529,6.3557363,17.588701,4.5427833,2.2552614,497.03534,74.5634,232.58974,3.1561041264175254
Nc1nc2cc([N+](=O)[O-])c([N+](=O)[O-])cc2c2cnc([N+](=O)[O-])n12,1.7461306,6.7589803,20.393108,4.4263744,2.397533,543.80194,114.21887,243.40878,3.1815020558522455
O=[N+]([O-])c1ccc2c(c1)[nH]c1c2c2ncc([N+](=O)[O-])nc2n1[N+](=O)[O-],1.7238317,6.50838,18.938383,4.4489813,2.2708733,511.637,188.90515,163.04128,3.43962514922012
NNc1nc(=O)c2cc([N+](=O)[O-])cc([N+](=O)[O-])c2[nH]1,1.7250193,6.589554,19.149248,3.897309,2.2596648,583.59534,-108.00654,281.84366,2.8079919299498552
COc1ccc([N+](=O)[O-])c2nc3oc4ccnc-4c([N+](=O)[O-])c3c([N+](=O)[O-])c12,1.6739846,6.1175284,16.257069,4.2376275,2.0428138,483.0332,-129.93808,230.3241,3.184334817389935
O=[N+]([O-])Nc1nc2ccc([N+](=O)[O-])cc2nc1[N+](=O)[O-],1.7217836,7.078399,22.20889,5.033415,2.7937148,555.9121,158.22519,126.326004,2.8950978466734902
O=[N+]([O-])c1cncc2n[nH]nc12,1.6765376,6.645773,19.244177,4.62298,2.6520393,575.4104,307.51944,282.83554,3.088386357787929
N=c1[nH]cnc2[nH]c([N+](=O)[O-])c(N)c12,1.6907064,6.0714936,16.10739,2.7721944,1.8770405,678.3655,22.329271,331.65353,3.969801638323718
O=[N+]([O-])c1ncnc2[nH]ncc12,1.6685609,6.454592,18.073061,4.120208,2.3837504,580.8123,221.57904,272.44662,3.0502279867472035
Nc1c2nn[nH]c2nc2[nH]c(=O)[nH]c12,1.69015,5.7206354,14.546941,2.0834987,1.4524245,692.56836,57.52593,310.5205,3.6896471241536766
Nn1cnc2nc([N+](=O)[O-])cnc2c1=O,1.7300545,6.5845785,19.339333,3.8619103,2.2535636,586.134,102.98285,266.0488,3.283862199479339
O=c1[nH]c2c([N+](=O)[O-])cccc2n2cc([N+](=O)[O-])nc12,1.7186102,6.080298,16.249498,3.605075,1.8176482,507.04495,-108.095055,288.18958,2.9979060051816475
Nn1ncc2c([N+](=O)[O-])c3c([N+](=O)[O-])cc([N+](=O)[O-])cc3nc21,1.7338003,6.9033065,21.170107,4.8629704,2.6435535,545.0266,230.41306,230.71921,3.2071621054800374
O=[N+]([O-])c1cncc2nc3ncn([N+](=O)[O-])c3nc12,1.7411464,6.8732944,21.274231,4.725501,2.559962,542.1223,374.37344,141.62997,3.5460019188510774
O=[N+]([O-])c1cccc2cc3c(ncc4nc([N+](=O)[O-])n([N+](=O)[O-])c43)nc12,1.6893704,6.3350067,17.637108,4.5215163,2.229513,493.64862,268.96033,151.52382,3.3146391048482764
O=[N+]([O-])N=Cc1cc([N+](=O)[O-])c2ncc([N+](=O)[O-])n2n1,1.7822763,7.6466117,26.430302,5.606732,3.230905,576.2966,334.35938,182.60901,3.8145773338529763
O=c1[nH]c([N+](=O)[O-])nc2cnccc12,1.6527096,5.726006,14.116042,3.226631,1.6748757,521.7367,-63.88853,271.41043,2.9998012957513094
O=[N+]([O-])c1cnc2cnc([N+](=O)[O-])nc2c1,1.7059228,6.6696005,19.614113,4.594938,2.441788,532.68774,177.43015,260.76526,2.940609314509171
COc1nn([N+](=O)[O-])c2c1ccc1c2cnn1[N+](=O)[O-],1.6655346,6.601652,18.91467,4.695475,2.6360066,561.85394,142.46802,144.20128,3.7180520191676614
O=[N+]([O-])c1cc([N+](=O)[O-])c2ncn([N+](=O)[O-])c2c1,1.7941829,7.5020337,25.637438,5.422829,3.0106134,555.1389,128.68164,139.79568,3.1752923490688367
Nc1cncc2nc([N+](=O)[O-])oc12,1.6374959,6.122629,16.028736,3.7998226,2.1112795,556.38605,-0.99867,287.41138,3.5360512884703645
O=[N+]([O-])c1cc([N+](=O)[O-])c2nn[nH]c2c1,1.7154181,7.0435896,21.781796,5.0307,2.8140466,561.2787,202.28809,267.8473,2.938613418991533
O=[N+]([O-])c1cc2nn[nH]c2cn1,1.6329539,6.434118,17.676533,4.334119,2.504272,579.6077,263.11792,279.22116,3.3386678057517294
Nc1nc2cc([N+](=O)[O-])c([N+](=O)[O-])cc2[nH]1,1.6932954,6.4905033,18.415302,3.9746547,2.282699,577.9294,-14.46951,253.00925,2.645257241001284
O=[N+]([O-])c1cc2c(c([N+](=O)[O-])c1)Nc1cccc([N+](=O)[O-])c1O2,1.7010628,6.2734833,17.21724,4.324185,2.1111972,488.85806,-158.04895,269.81982,2.8414298828639435
O=[N+]([O-])c1ccc2nc3c(c([N+](=O)[O-])nc4ccc([N+](=O)[O-])cc43)c([N+](=O)[O-])c2c1,1.696714,6.1818585,16.79198,4.4439683,2.0584326,463.63565,80.61073,225.4526,2.9116860402428806
Nc1onc2c([N+](=O)[O-])c3c(cc12)nc([N+]=O)n3N,1.7170876,6.83372,20.623404,4.624702,2.6698856,579.9426,283.96768,265.48752,4.107859298554104
Nc1ccc2nc3nc([N+](=O)[O-])cc([N+](=O)[O-])c3c(=O)n2c1,1.671853,5.9327903,15.274842,3.5855784,1.8392646,516.3266,-42.071484,247.86412,3.0847779725713718
O=[N+]([O-])c1cn2c([N+](=O)[O-])nc3ncccc3c2n1,1.6722997,6.2114563,16.6967,4.113504,2.119927,516.0093,204.46829,276.78876,3.1519142555709623
O=[N+]([O-])n1nc(O)c2cccnc21,1.6693039,6.307862,17.368502,4.0800157,2.2590032,555.84607,51.219364,138.70107,3.2022666730857496
O=[N+]([O-])c1nc([N+]([O-])[O-])nc2c1nc([N+](=O)[O-])c1nc3ccccc3nc12,1.707327,6.4069734,18.165949,4.381071,2.1757417,496.9303,325.45435,232.21504,3.466647807991868
O=[N+]([O-])c1ccc2nc3c(cnn3[N+](=O)[O-])c([N+](=O)[O-])c2c1,1.7403154,6.8681397,21.13469,4.9976225,2.591307,518.2652,232.14328,141.50441,3.105524126417526
O=c1[nH]cc([N+](=O)[O-])c2c3cccc([N+](=O)[O-])c3nn12,1.7319815,6.2105055,17.098349,3.8807197,1.944793,505.12454,-22.061308,270.53073,3.0115910401466834
O=[N+]([O-])c1cnc2[nH]cc([N+](=O)[O-])c2c1,1.6858512,6.446994,18.063032,4.2947073,2.293727,535.3964,23.646593,299.51727,2.7613927810928462
O=[N+]([O-])c1ccc2cc([N+](=O)[O-])c([N+](=O)[O-])cc2n1,1.6849087,6.6220365,19.12502,4.898553,2.4677634,504.10788,31.799944,238.51616,2.6553693055154675
O=c1cccc2c3ccn([N+](=O)[O-])c3nc([N+](=O)[O-])n12,1.6759365,6.182798,16.712332,4.1307974,2.1043208,510.9338,22.444307,150.9178,3.3747202709159128
O=[N+]([O-])c1nc2cc3[nH]ncc3c([N+](=O)[O-])c2[nH]1,1.7062333,6.5181074,18.617664,4.2426357,2.2878222,541.5768,157.63779,287.60986,3.3262541952226847
O=[N+]([O-])c1cnc2c3cnccc3nc([N+](=O)[O-])n12,1.6721556,6.2881794,17.170012,4.3087792,2.2210438,516.7441,246.20135,240.72311,3.171897129301005
O=[N+]([O-])c1ccc2nc3nccn3c([N+](=O)[O-])c2c1[N+](=O)[O-],1.7140521,6.705126,19.822788,4.798632,2.4648712,514.28076,189.81961,219.231,3.0648718187252184
O=[N+]([O-])c1cc([N+](=O)[O-])c2ncc([N+](=O)[O-])nc2c1,1.739081,7.038499,22.046124,5.098744,2.6675608,523.5848,115.98767,245.68832,2.8445131969181823
O=[N+]([O-])c1cn2c(n1)c1c([N+](=O)[O-])cccc1n1ncc([N+](=O)[O-])c21,1.7020872,6.4359674,18.14315,4.479042,2.2662678,507.04678,229.75891,247.27211,3.2854612696214582
O=[N+]([O-])c1n[nH]c2c1c([N+](=O)[O-])nc1nc3ccccc3nc12,1.6787637,5.919165,15.310278,3.8798487,1.8943148,488.97098,289.90314,249.54575,3.1236432049264966
O=c1oc([N+](=O)[O-])nc2cccc([N+](=O)[O-])c12,1.7137715,6.432279,18.208998,4.1557555,2.0272934,490.26883,-245.65887,242.78429,2.956122100235204
Nn1nc([N+](=O)[O-])c2c3cc([N+](=O)[O-])ccc3nnc21,1.6949612,6.635635,19.256319,4.7549486,2.604765,548.52704,388.7549,269.92343,3.0989023688180097
O=[N+]([O-])N=c1c([N+](=O)[O-])c[nH]c2cnccc12,1.6591315,6.4592686,18.065681,4.582424,2.513658,549.32385,176.45502,146.60387,3.2848358126097876
Nc1cn2c([N+](=O)[O-])cnc2cc1[N+](=O)[O-],1.7045817,6.649838,19.34682,4.3589773,2.4929612,574.27484,76.48636,307.52612,3.2153903358134475
O=[N+]([O-])c1ncnc2c1ncn1cnnc21,1.6974872,6.4115386,18.186934,4.1403265,2.285674,553.31726,431.8574,247.1453,3.3041474720038497
O=c1c2c3nc(n1N=CC([N+](=O)[O-])=C2[N+](=O)[O-])C=CC([N+](=O)[O-])=C3,1.720559,6.744793,20.112165,4.8234534,2.4675405,511.40732,111.58017,258.79428,5.133569259697879
O=[N+]([O-])N=Cn1ncc2c3nc4cccc([N+](=O)[O-])c4nc3c([N+](=O)[O-])nc21,1.7034596,6.501389,18.624813,4.485289,2.3148625,516.71155,382.30783,205.4172,3.7112389056094086
O=[N+]([O-])c1c([N+](=O)[O-])[n+]2c([N+](=O)[O-])c[nH]c2c2ccccc12,1.690252,6.3945327,17.865873,4.557198,2.310876,508.17328,56.88692,232.14604,3.4537041264175254
O=[N+]([O-])n1c2cc3c(cc2c2cnc4ccc(O)c(O)c4c21)OCO3,1.5950149,4.979693,10.543868,2.8843634,1.3162214,459.7488,-439.96576,157.19608,3.1147860140748014
O=[N+]([O-])N=Cc1cccn2c([N+](=O)[O-])c([N+](=O)[O-])nc12,1.7145451,7.1233306,22.363626,5.265877,2.9246929,555.5129,211.55722,199.9221,3.6986901543657966
O=[N+]([O-])Nc1ncnc2c1oc1nccc([N+](=O)[O-])c12,1.7219771,6.605,19.43822,4.3862257,2.3187373,529.3836,113.533905,140.97429,3.1968682679189095
Nc1nc([N+](=O)[O-])c2cc([N+](=O)[O-])c3nc4cn[nH]c4c(N)c3c2n1,1.688157,6.0270386,15.896635,3.5102448,1.927872,550.6493,206.30905,259.20218,3.468768293032829
O=[N+]([O-])c1ccc2nonc2n1,1.6892776,6.9464216,21.024734,5.3906302,2.8813272,534.37946,296.93378,269.35123,3.121723009371639
O=[N+]([O-])c1cc([N+](=O)[O-])c2oc3ccccc3c2c1[N+](=O)[O-],1.6767535,6.1911345,16.647968,4.6279726,2.1138182,454.9559,-96.6802,228.89214,2.6556372033406035
Nc1c([N+](=O)[O-])cc2[nH]cnc2c1[N+](=O)[O-],1.7320875,6.627225,19.443949,4.07669,2.332606,575.6739,3.297015,280.97934,2.986014307190908
O=c1[nH]c2nc3ccoc3c([N+](=O)[O-])c2[nH]1,1.692626,5.7834525,14.543634,3.051865,1.5330358,507.27115,-238.78418,304.32596,3.185982321502177
O=c1ncn([N+](=O)[O-])c2nc[nH]c12,1.7463913,6.719124,20.331896,3.8419454,2.2595491,590.8445,13.516238,134.46744,3.5858743653934413
O=[N+]([O-])c1ccn2nnc([N+](=O)[O-])c2c1,1.6903684,6.9928594,21.233822,5.2225966,2.8896189,553.5729,246.14853,283.9488,3.0709590099859048
O=[N+]([O-])c1cccc2nnn([N+](=O)[O-])c12,1.6706436,7.0164504,21.326193,5.4593873,3.0322797,555.4097,307.97476,115.28662,3.0329867773405024
COc1nnnc2c1c([N+](=O)[O-])nc1c([N+](=O)[O-])occ12,1.7218232,6.8667517,20.86656,4.788408,2.569355,537.2548,106.411804,237.7434,3.798218686745167
O=[N+]([O-])N=CN=c1[nH]nnc2c([N+](=O)[O-])ccnc12,1.71642,7.1158485,22.399132,4.9264755,2.929858,595.45685,418.83115,183.85905,4.117380438444691
O=[N+]([O-])c1ccc2nc3c(nc2c1)c([N+](=O)[O-])nn1cc([N+](=O)[O-])nc31,1.7272215,6.588835,19.269985,4.566096,2.299317,504.60544,326.4792,247.06781,3.2298198740790447
Nc1nnnc2c([N+](=O)[O-])ccc([N+](=O)[O-])c12,1.7211593,6.95356,21.381994,4.8624597,2.771183,570.71857,266.98248,255.97508,2.9493766152853738
Nc1nc2nnc3c([N+](=O)[O-])cccc3n2c1[N+](=O)[O-],1.7055037,6.51878,18.642855,4.310125,2.3681638,550.9599,282.04556,272.03555,3.0666030681187104
Nn1nnc2c([N+](=O)[O-])c([N+](=O)[O-])c3ncccc3c21,1.7018026,6.631178,19.303396,4.737908,2.5723345,544.55707,378.32315,236.92337,3.2537653058809477
O=[N+]([O-])c1ncc2[nH]cnc2n1,1.6509583,6.2041616,16.601076,3.6659617,2.1126542,577.69867,140.41309,268.03256,3.169712149643132
O=[N+]([O-])c1cccc2c1nc1c3c([N+](=O)[O-])c[nH]c3cc([N+](=O)[O-])n21,1.6983216,6.1322556,16.48015,4.114794,2.0125835,490.66666,82.10794,258.26352,3.226352239521124
O=[N+]([O-])c1cc2c3nc[nH]c3ncn2n1,1.6532441,6.011432,15.516653,3.5749378,2.014176,564.5812,242.8844,294.80414,3.3898207753334333
O=[N+]([O-])c1ccnc2c1cnn2[N+](=O)[O-],1.7432314,7.1909237,23.154596,5.2528176,2.947153,562.01324,264.4901,131.65703,3.2281162332504456
Nn1nc([N+](=O)[O-])c2nc3cccc([N+](=O)[O-])c3c([N+](=O)[O-])c21,1.7228351,6.89841,21.04834,5.000058,2.693812,539.8448,277.93372,231.48418,3.2586407655296643
O=[N+]([O-])c1nc2c3c(nnn2c1[N+](=O)[O-])nc([N+](=O)[O-])c1cc2ccccc2nc13,1.6910655,6.2285666,17.015127,4.3774214,2.1253686,484.8738,423.17038,248.44699,3.4242756810898385
O=c1c2ccccc2c([N+](=O)[O-])nc2c(C=N[N+](=O)[O-])c([N+](=O)[O-])nn12,1.7091883,6.567394,19.01841,4.515736,2.3210714,514.99646,134.35962,196.63092,3.5164953616196737
O=[N+]([O-])c1nnc2c(n1)[nH]c1cccc([N+](=O)[O-])c12,1.6797338,6.3078547,17.311674,4.271159,2.2066748,518.3816,243.23853,253.88564,3.031374342653689
Cc1noc2nc3c([N+](=O)[O-])c4nnn(C=N[N+](=O)[O-])c4c([N+](=O)[O-])c3nc12,1.731318,7.1782126,22.8204,5.2126164,2.8727498,551.5235,453.19608,194.58797,4.136676875331995
O=[N+]([O-])c1cnc2c(n1)c([N+](=O)[O-])cc1[nH]cnc12,1.6967299,6.288289,17.35289,4.09374,2.1085832,516.851,189.22339,258.5072,3.204743863698682
O=[N+]([O-])N=Cc1c[nH]c2nc([N+](=O)[O-])cnc12,1.700613,6.7894635,20.292858,4.5664673,2.6102593,572.4476,204.05515,186.63934,3.8413746014804913
O=[N+]([O-])c1cc([N+](=O)[O-])c2c(cc([N+](=O)[O-])c3[nH]ccc32)n1,1.6918987,6.356334,17.663187,4.4703684,2.219336,496.87897,54.484394,237.59288,3.081256434109834
O=c1oc2c([N+](=O)[O-])cc([N+](=O)[O-])cc2n1C=N[N+](=O)[O-],1.8079953,7.31229,24.297348,4.720763,2.5638347,544.358,-222.25294,179.86267,3.6487688951574437
O=[N+]([O-])c1ccc2c(c1)[N+]([O-])=[N+]([O-])c1nc[nH]c1N2,1.6776667,6.3769574,17.66077,4.1982718,2.326229,555.4621,142.41553,289.59515,4.006736606804633
O=[N+]([O-])Nc1c2cccnc2nc2nn[nH]c12,1.6095278,6.032506,15.53492,3.8230295,2.2372913,585.4502,380.16354,151.08212,3.3823325159064908
O=c1[nH]nc(C=N[N+](=O)[O-])c2cnn(C=N[N+](=O)[O-])c12,1.7653465,7.325262,24.0866,4.867683,2.91242,600.811,267.97617,176.41791,4.352555795391437
N=c1[nH]cnc2[nH]c([N+](=O)[O-])nc12,1.7191921,6.4125967,18.192,3.3161223,2.070471,627.25806,92.42749,294.53296,3.918439750008826
O=[N+]([O-])c1cc2occ(O)c2cc1O,1.6897645,5.7065935,14.150996,3.2206624,1.5568149,486.0512,-496.46848,319.75375,2.690515403505904
N=c1[nH]c(C=N[N+](=O)[O-])c([N+](=O)[O-])c2[nH]cnc12,1.7500843,6.930188,21.508883,4.267698,2.5654309,604.36993,145.30606,203.99767,4.1662163679071424
Nc1c([N+](=O)[O-])cc([N+](=O)[O-])c2nn3cnnc3nc12,1.7802429,7.0480766,22.45012,4.630641,2.6413944,572.4289,401.92612,270.83484,3.3504366345522776
O=[N+]([O-])c1cccc2nc3c(nc12)c([N+](=O)[O-])cc1c3cnn1[N+](=O)[O-],1.7127904,6.424471,18.343988,4.5889277,2.2650104,493.3753,282.04828,160.81792,3.2472891048482753
O=c1oc2ccc([N+](=O)[O-])cc2nc1[N+](=O)[O-],1.743721,6.5221963,18.89066,4.198672,2.0352335,486.38257,-245.00726,248.90903,2.577718755753599
Nc1c([N+](=O)[O-])nn2cc([N+](=O)[O-])ccc12,1.6838412,6.6233125,19.015886,4.458799,2.5455415,572.7067,101.5549,296.17563,2.993742393058529
Nc1nc2c([N+](=O)[O-])ccnc2n1[N+](=O)[O-],1.7665097,7.1471314,23.07103,4.564583,2.7247663,600.25635,158.73773,166.27655,3.3293248617526263
O=[N+]([O-])c1cc2occ(O)c2c2c(O)occ12,1.7113702,5.6148143,13.882174,3.1414235,1.4157765,454.5159,-553.36774,293.00424,3.456280657126972
O=c1[nH]cnc2c([N+](=O)[O-])cc([N+](=O)[O-])cc12,1.7311287,6.3980665,18.139086,3.9442906,2.0289757,518.1934,-138.26025,254.41716,2.610618421305439
Nn1nc([N+](=O)[O-])c2c([N+](=O)[O-])c3cccnc3nc21,1.6961068,6.5424213,18.75091,4.47911,2.4442961,547.7783,305.2178,246.70177,3.3331541170697596
O=[N+]([O-])c1ccc2nc3[nH]cnc3c([N+](=O)[O-])c2n1,1.6866577,6.251985,17.071253,4.0459023,2.08766,518.2542,169.71481,255.52867,3.205164473277783
O=[N+]([O-])c1cccc2nc3ncc([N+](=O)[O-])n3c([N+](=O)[O-])c12,1.6995707,6.651514,19.344479,4.7641444,2.4396105,513.5977,186.49493,228.09616,3.109015664879064
O=[N+]([O-])N=Cc1ncc([N+](=O)[O-])n2cnnc12,1.736915,7.3793736,24.2279,5.321353,3.1488094,592.69147,417.37686,175.13817,3.913118300334828
O=[N+]([O-])c1cn2c([N+](=O)[O-])nc3cccc([N+](=O)[O-])c3c2n1,1.7142805,6.6398764,19.424364,4.6362166,2.3746297,513.5679,153.15775,240.0711,3.1713856648790637
O=[N+]([O-])N=Cn1cc([N+](=O)[O-])c2ncnnc21,1.759404,7.3944974,24.548153,5.1974845,3.076174,592.39246,391.74765,187.46141,3.98975823486838
O=[N+]([O-])c1ccc2nc3[nH]nc([N+](=O)[O-])c3nc2c1,1.6932529,6.3203325,17.42027,4.171907,2.1606574,518.8249,211.72919,286.85394,2.8733244152226316
O=[N+]([O-])c1cnc2c([N+](=O)[O-])cncc2n1,1.7022893,6.7304726,19.959885,4.796526,2.544833,531.4438,216.63983,253.46152,3.0633649089147656
C[N+]([O-])=c1c2nc[nH]c2nc2nc3c([N+](=O)[O-])c[nH]c3c(N[N+](=O)[O-])n12,1.7153382,6.5876184,19.287647,3.9650772,2.3542788,596.2367,210.0679,167.5041,4.181491027925199
O=[N+]([O-])c1c([N+](=O)[O-])n([N+](=O)[O-])c2nc3ccccc3nc12,1.7133809,6.78661,20.422602,4.998523,2.575706,515.46454,247.04562,146.18239,3.066967203340603
Nc1nn2c(c([N+](=O)[O-])nc3cccnc32)c1C(=O)O,1.6432256,5.584973,13.396502,2.8847,1.5329736,533.5768,-152.78812,258.2784,3.0283071240627653
Nc1ccc2c([N+](=O)[O-])c3c([N+](=O)[O-])[nH]nc3nc2c1,1.653075,6.04855,15.720152,3.9854667,2.1085374,530.9877,163.12247,254.48466,3.1065555156711575
O=c1[nH]c([N+](=O)[O-])nc2ccncc12,1.6523011,5.713845,14.041582,3.1889017,1.6594611,522.9799,-75.70446,271.28342,2.8612225975264582
O=[N+]([O-])c1ccnc2c1ncn2[N+](=O)[O-],1.7556105,7.1793227,23.23725,5.0558176,2.8505666,565.3991,217.11856,128.95874,3.248645689160389
O=[N+]([O-])c1cnc2c([N+](=O)[O-])c[n+]([O-])cc2c1,1.698519,6.74607,19.97644,5.108052,2.6483421,517.96967,129.30618,251.25449,3.225800026656609
O=[N+]([O-])c1ccc2[nH]c3c([N+](=O)[O-])cc([N+](=O)[O-])nc3c2c1,1.6992499,6.293926,17.313847,4.271918,2.1071365,494.83997,4.933047,277.649,2.794364126417525
O=[N+]([O-])c1cn2nccc([N+](=O)[O-])c2n1,1.6956177,6.9744306,21.23312,5.056747,2.8110569,557.3663,214.76804,277.9122,3.062232555952134
O=c1c2ccccc2nc2oc([N+](=O)[O-])c([N+](=O)[O-])n12,1.6877863,6.1301117,16.387049,3.9731913,1.8932961,478.44565,-154.71033,252.10216,2.9990111800068213
O=c1c2ccccc2oc2c([N+](=O)[O-])c([N+](=O)[O-])nn12,1.6996082,6.254124,17.120016,4.1740856,2.0045798,481.5157,-116.4834,254.6229,2.9455750960907388
O=[N+]([O-])N=Cn1nc([N+](=O)[O-])c2nc3cc([N+](=O)[O-])ccc3nc21,1.7422221,6.958234,21.609947,4.83792,2.6182976,542.1891,327.96298,188.41658,3.536825111682326
O=[N+]([O-])c1cccc2nnc3onc([N+](=O)[O-])c3c12,1.6859276,6.632673,19.17327,5.171142,2.5451386,490.05203,299.39584,236.44032,3.1699011931616727
Nc1cc([N+](=O)[O-])c2ncnc-2c([N+](=O)[O-])c1,1.6629069,6.370967,17.554996,4.2967696,2.3609712,551.487,110.26239,255.70677,2.828740494884034
O=[N+]([O-])c1[nH]c2nc3c([N+](=O)[O-])cccc3cc2c1[N+](=O)[O-],1.6963553,6.355889,17.654793,4.429307,2.1920283,495.95938,51.735218,261.91934,3.07120874180214
O=[N+]([O-])c1cc2nc3cccc([N+](=O)[O-])c3nc2c([N+](=O)[O-])c1[N+](=O)[O-],1.7468611,6.84756,20.927011,5.016874,2.4765923,493.09833,135.56393,217.52231,2.9244343246284945
Nc1nnc2c3c([N+](=O)[O-])c[nH]c3nc(N)n12,1.6941069,6.1914315,16.775742,2.9381163,1.9648316,669.5972,174.53897,312.59937,3.3862102806948933
O=[N+]([O-])c1nc2c3ccccc3n([N+](=O)[O-])c2nc1[N+](=O)[O-],1.7159282,6.759526,20.245783,4.9464593,2.544497,514.25684,240.94293,143.87679,3.307276434109834
O=[N+]([O-])c1ccc2nc3c([N+](=O)[O-])c4c([N+](=O)[O-])ccc([N+](=O)[O-])c4cc3nc2c1,1.7174591,6.268855,17.3936,4.5088935,2.0896668,463.95618,103.134735,228.60587,2.929138948310422
O=[N+]([O-])c1cnc2c(O)[nH]nc2c1,1.6968491,6.233653,16.994968,3.686423,2.0370853,555.7754,-16.031843,290.52817,3.0490666730857487
O=[N+]([O-])c1nc2ccccc2n2c([N+](=O)[O-])nnc12,1.6593698,6.354938,17.420727,4.5688095,2.351317,515.4126,316.6559,246.76328,2.9196437185608026
O=[N+]([O-])c1ccc2c(c1)nc([N+](=O)[O-])n1c([N+](=O)[O-])cnc21,1.7225044,6.667824,19.65069,4.6575537,2.3841228,513.25543,153.58002,237.09016,3.023229511032911
O=[N+]([O-])c1cnc2c3nnnnc3cnn12,1.7516932,7.1026177,22.589172,5.0190983,2.8612068,569.65027,631.54926,296.18985,3.505407338224586
O=[N+]([O-])c1ccc2c([N+](=O)[O-])[nH]nc2c1,1.6747552,6.5203815,18.399317,4.6307054,2.467801,534.22266,92.06485,289.18622,2.8245852764024146
O=c1c2nonc2nc2cc([N+](=O)[O-])ccn12,1.7135211,6.39784,17.997887,4.2989845,2.1537662,502.4561,142.95667,275.8236,3.0760617741482488
O=[N+]([O-])c1cccc2nc3cc([N+](=O)[O-])n([N+](=O)[O-])c3nc12,1.7144712,6.7820544,20.368168,4.9576077,2.5595756,516.88873,226.9542,138.64183,3.1970933571867564
O=[N+]([O-])N=Cc1nc2cc([N+](=O)[O-])c([N+](=O)[O-])cc2o1,1.7481518,7.2431097,23.395603,5.2386465,2.8063686,535.27545,28.342607,200.73016,3.35046707744272
O=[N+]([O-])Nc1c2cccc([N+](=O)[O-])c2nc2c([N+](=O)[O-])ccc([N+](=O)[O-])c12,1.7151988,6.6803484,19.792387,4.8601565,2.4862568,510.67984,84.94806,133.32951,2.9553974054628895
O=[N+]([O-])c1ccc2c(c1)[nH]c1c([N+](=O)[O-])c3nc([N+](=O)[O-])ncc3cc12,1.6831524,5.964191,15.515061,4.0238767,1.9126055,476.03696,82.77023,266.07635,3.14451025869443
O=c1nc([N+](=O)[O-])[nH]c2nc3cc([N+](=O)[O-])ccc3cc12,1.6740795,5.7829156,14.50115,3.4583907,1.6740062,487.017,-101.96617,273.8826,2.8270470687080316
O=[N+]([O-])c1ccc2nc3cc([N+](=O)[O-])c4[nH]cc([N+](=O)[O-])c4c3nc2c1,1.708425,6.037202,16.034575,4.0343804,1.9134575,474.57666,94.5166,279.75827,2.9669910279251983
O=[N+]([O-])c1ccc([N+](=O)[O-])c2nc3[nH]nnc3cc12,1.6851621,6.3958445,17.840229,4.4282594,2.3015282,520.2593,281.4473,254.00833,3.1230306561515135
O=[N+]([O-])c1ncc2c([N+](=O)[O-])c3cccc([N+](=O)[O-])c3nc2n1,1.720387,6.5077195,18.775883,4.5446177,2.250352,495.40695,171.2309,238.28845,3.0831551575892195
O=[N+]([O-])N=CN1c2cc([N+](=O)[O-])c([N+](=O)[O-])nc2Sc2c1cccc2[N+](=O)[O-],1.7396395,6.9425054,21.482327,4.9890323,2.6350718,528.00104,161.69385,200.60014,3.8843150345412054
O=[N+]([O-])N=Cn1c([N+](=O)[O-])cc2nc3nccc([N+](=O)[O-])c3nc21,1.739362,6.915769,21.36963,4.777331,2.5790591,540.9147,313.08655,190.02481,3.7929474893047033
Nn1c([N+]=O)nc2cc3cnn([N+](=O)[O-])c3c([N+](=O)[O-])c21,1.7517816,7.307652,23.920237,5.243041,3.0347857,580.108,413.17258,131.6218,4.226220138650793
O=[N+]([O-])c1cccc2nc3c(cnc4c3cc([N+](=O)[O-])n4[N+](=O)[O-])nc12,1.7120163,6.392113,18.187103,4.5258274,2.2341292,493.04623,268.57846,147.19357,3.305512181771353
O=[N+]([O-])c1cnc2c(n1)nc([N+](=O)[O-])c1ncccc12,1.6763948,6.10899,16.293388,4.1845484,2.0545602,491.5223,271.57413,245.49283,3.1590089272595696
O=[N+]([O-])N=Cn1c2ccc([N+](=O)[O-])cc2c2nc3cc([N+](=O)[O-])cc([N+](=O)[O-])c3nc21,1.7211696,6.5021086,18.74883,4.516775,2.2573462,501.14734,178.9382,200.70923,3.4371952873128047
O=c1ccn([N+](=O)[O-])cc1O,1.6712562,6.3981056,17.824028,3.8969154,2.2116065,570.0001,-297.15497,153.89677,3.531062935766726
O=[N+]([O-])c1ccc(O)c2nc3c(ncc4c3ncn4[N+](=O)[O-])nc12,1.7215127,6.1954885,17.195787,3.9007206,1.9606726,503.5364,122.96539,168.44582,3.444993768398744
O=[N+]([O-])Nn1c([N+](=O)[O-])nc2nc3ccccc3c([N+](=O)[O-])c21,1.6854794,6.7405434,19.875572,4.8903255,2.623185,538.378,253.5647,130.93039,3.2982628498969113
O=c1ccc2cc([N+](=O)[O-])cc([N+](=O)[O-])c2n1[N+](=O)[O-],1.7201227,6.8815517,20.923082,4.9928174,2.5782928,516.25354,-70.69469,117.76271,2.9324414847963727
O=[N+]([O-])c1cccc2c1nc([N+](=O)[O-])n2O,1.7117951,6.8701396,20.76968,4.956918,2.6792846,541.9675,47.013416,267.5334,2.935279423469977
O=c1c2ccc([N+](=O)[O-])cc2[nH]n1[N+](=O)[O-],1.7396293,6.811509,20.738783,4.54253,2.4666603,544.8499,-53.42615,165.1672,3.0750032159565617
O=[N+]([O-])c1cc2c(cnc3c([N+](=O)[O-])cc4[nH]nnc4c32)nn1,1.7052954,6.368876,17.87135,4.402588,2.2361338,508.53018,464.08884,253.1206,3.574154447530046
Nc1c([N+](=O)[O-])c2nnnn2c2c([N+](=O)[O-])cccc12,1.7091974,6.579227,18.999138,4.521362,2.4648752,547.17334,336.1606,258.8607,2.994348802384444
O=c1[nH]cnc2c([N+](=O)[O-])c[nH]c12,1.723523,6.057336,16.178127,3.1239405,1.7347068,557.6136,-130.30548,316.494,3.1340128269319028
O=[N+]([O-])c1c2cccc([N+](=O)[O-])c2nc2nonc12,1.7211034,6.755268,20.1384,5.248581,2.5772676,489.64212,326.36804,245.03856,2.9304933557161004
O=[N+]([O-])c1cc([N+](=O)[O-])c2nc3c([N+](=O)[O-])cccc3nc2n1,1.7063973,6.4766073,18.44945,4.5703344,2.2493706,492.56848,181.62405,244.96693,2.945328783962845
O=[N+]([O-])c1cnc2[nH]ncc2n1,1.6655582,6.4574065,18.07813,4.17902,2.398988,576.1821,246.39807,278.83218,3.1836478962494663
O=[N+]([O-])c1nc2cc3nc4cccc([N+](=O)[O-])c4nc3c([N+](=O)[O-])c2o1,1.7057137,6.3462305,17.717552,4.472336,2.1016939,469.3765,98.02243,245.03934,3.3366160279251993
Nc1nc2nc3c([N+](=O)[O-])ccc([N+](=O)[O-])c3cc2c2nnnn12,1.7175254,6.3634553,17.887161,4.059971,2.1698375,535.55646,384.35837,253.35454,3.072575628329858
O=[N+]([O-])c1cnc2c3cn[nH]c3ncn12,1.664079,6.088886,15.991651,3.71198,2.0886395,563.72,273.14923,307.41956,3.238968539197476
O=[N+]([O-])c1oc2ncnc-2c2nccnc12,1.6816761,6.003927,15.779342,3.8739152,1.9102674,493.30594,172.49304,287.30826,3.2713140271877963
O=[N+]([O-])c1ncc2c(cnc3[nH]cnc32)n1,1.6569468,5.7623286,14.425289,3.3373387,1.7852737,535.92017,225.2602,262.38495,3.3245284084586997
O=c1c2c(nc3n([N+](=O)[O-])nc(C=N[N+](=O)[O-])n13)c1ccccc1n2[N+](=O)[O-],1.7343575,6.7827888,20.572674,4.5944424,2.443125,533.9114,218.6896,146.03673,4.08104950270462
O=[N+]([O-])N=Cc1cc2nc3c([N+](=O)[O-])ccc([N+](=O)[O-])c3nc2cc1[N+](=O)[O-],1.7365689,6.78031,20.514675,4.911971,2.4857666,505.63165,184.93134,201.2798,3.3090619981039584
O=[N+]([O-])N=Cc1c([N+](=O)[O-])[nH]c2c1cc([N+](=O)[O-])c1occc12,1.728933,6.6630855,19.709307,4.6709886,2.387098,511.16177,-14.338773,189.01956,3.783392520226581
O=[N+]([O-])c1cc2oc(O)cc2o1,1.7054384,6.317881,17.410751,3.8871365,1.929707,498.55484,-423.64362,298.51508,3.458696806163082
O=[N+]([O-])c1cc2c[nH]nc2nn1,1.6774898,6.690551,19.508451,4.6862445,2.697006,576.4675,321.28806,277.72598,3.7702361315435855
O=c1c2cc([N+](=O)[O-])ccc2oc2ncc([N+](=O)[O-])n12,1.703402,6.1600623,16.610996,3.8982663,1.8733454,482.11185,-198.21416,271.4401,3.018360550636192
O=c1oc2[nH]cnc2c2nc([N+]3=Nc4ccc([N+](=O)[O-])cc43)cc(C=N[N+](=O)[O-])c12,1.6809125,5.841225,14.944639,3.6570644,1.7696005,486.0595,61.700184,200.09357,4.368238014638643
O=[N+]([O-])c1cc2[nH]cc([N+](=O)[O-])n2c1,1.7104993,6.8292446,20.471268,4.653078,2.6356232,569.24927,35.887333,303.18124,3.4800303832629886
O=[N+]([O-])c1c([N+](=O)[O-])n([N+](=O)[O-])c2nnc3ccccc3c12,1.7111198,6.869838,20.872082,5.316088,2.737067,513.7959,348.66794,136.29347,3.1446533571867565
O=[N+]([O-])Nn1c2cccc-2ncc1[N+](=O)[O-],1.6189648,6.5815873,18.440744,4.9391446,2.8060136,569.0169,203.98648,131.27115,3.3171082655581223
Nn1nnc2c([N+](=O)[O-])cc([N+](=O)[O-])cc21,1.7361221,7.2646465,23.389343,5.1991563,3.077028,594.0332,277.5894,272.4678,3.0214057204288327
Nc1nc2cc([N+](=O)[O-])c([N+](=O)[O-])cc2o1,1.7042416,6.628031,19.229586,4.223713,2.3048363,548.57214,-128.12518,248.56876,2.7305366685504797
O=[N+]([O-])c1ccc2nn3c([N+](=O)[O-])cnc3cc2n1,1.6803204,6.3668113,17.631065,4.4666862,2.302696,516.7911,284.7882,283.53717,3.0673586677625435
O=[N+]([O-])c1ccc2nc3c(cc([N+](=O)[O-])n4cc([N+](=O)[O-])nc34)nc2c1,1.7099802,6.2571535,17.215334,4.2207627,2.0594182,488.93817,190.69525,280.97388,3.187662181771353
O=[N+]([O-])c1[nH]c2c(nnc3ccccc32)c1[N+](=O)[O-],1.6543492,6.058568,15.793922,4.3272986,2.1501758,496.99875,236.45468,268.62662,2.921279132203763
O=[N+]([O-])Nn1c2ncn3nnnc3c2c2cccc([N+](=O)[O-])c21,1.701028,6.6037583,19.201746,4.627814,2.5253727,548.0759,510.97006,145.42798,3.4437236782992766
O=[N+]([O-])c1ccc([N+](=O)[O-])c2c1[nH]c1[nH]ncc12,1.6967008,6.2423306,17.020893,4.122377,2.149869,522.9409,106.06433,280.87134,3.1942865029149914
Nc1c([N+](=O)[O-])c2nccnc2n2cc([N+](=O)[O-])nc12,1.730125,6.4644036,18.524342,4.0368085,2.2089353,549.55963,208.88489,284.89282,3.3275023688180116
O=[N+]([O-])c1cccc2nc3cn([N+](=O)[O-])c([N+](=O)[O-])c3nc12,1.717067,6.7836547,20.39589,4.9921575,2.5684323,513.793,238.59052,153.77242,3.258704126417526
Cn1c2ccc([N+](=O)[O-])cc2c2nc3c(C=N[N+](=O)[O-])c([N+](=O)[O-])n([N+](=O)[O-])c3nc21,1.7061771,6.715027,19.92071,4.7182684,2.5353916,538.6341,219.86334,160.30966,3.765194362943056
Nc1c2nc3cc([N+](=O)[O-])c([N+](=O)[O-])cc3nc2nn1N,1.7217969,6.669822,19.737448,4.327564,2.4893868,578.0951,293.4565,246.99283,3.248426616383586
Nc1cc2c(cc1[N+](=O)[O-])ncc1nc([N+](=O)[O-])cc([N+](=O)[O-])c12,1.6885549,6.285165,17.268337,4.3009677,2.1803615,508.5177,95.16339,241.07281,3.013053159019604
O=c1[nH]nc([N+](=O)[O-])c2[nH]c3ccncc3c12,1.6502967,5.6086597,13.507336,3.230843,1.65454,512.9725,39.523075,302.7764,3.0186435049174793
Nc1c2c(O)ccc([N+](=O)[O-])c2nc2nc[nH]c(=O)c12,1.6584121,5.1917663,11.640441,2.434519,1.2423613,512.719,-290.66342,275.7889,2.9941373338529758
O=[N+]([O-])c1cnc2nc3ncccc3c([N+](=O)[O-])c2c1[N+](=O)[O-],1.7031802,6.4942217,18.555521,4.656602,2.2930558,492.61752,205.11783,216.70708,3.017034278468339
O=c1[nH]c2ccoc2n1[N+](=O)[O-],1.7425768,6.700717,20.01771,3.9360175,2.2027824,563.1326,-210.5481,159.46336,3.6757121907784676
N=c1[nH]cnc2c1nc([N+](=O)[O-])n2N,1.7251575,6.756489,20.257141,3.687337,2.4749925,674.1386,196.30081,295.78748,3.9821429338702767
O=[N+]([O-])c1nc2cnccc2c2ncn([N+](=O)[O-])c12,1.6798486,6.4106693,18.042664,4.5037146,2.3530862,522.719,296.90878,130.3168,3.3709813092719774
O=[N+]([O-])c1cnc2ncn3c([N+](=O)[O-])cnc3c2c1,1.7030957,6.312362,17.485281,4.1710234,2.1521943,516.22345,211.24658,289.43243,3.0469917591994085
N=c1c2nc([N+](=O)[O-])n(N)c2ncn1N,1.7279171,7.0222907,21.942745,3.9562562,2.8248463,716.60254,286.82648,294.38052,3.841715041880839
O=[N+]([O-])N=Cc1cc2c([N+](=O)[O-])cccc2nc2c3ncn([N+](=O)[O-])c3c([N+](=O)[O-])c1-2,1.6932214,6.5689883,18.957186,4.863664,2.4523733,504.0576,290.103,149.74167,3.7917936583535283
O=[N+]([O-])c1nn2c(cnc3cccc([N+](=O)[O-])c32)c1[N+](=O)[O-],1.7108111,6.736329,19.952297,4.952492,2.5256095,510.0122,242.71576,243.95657,3.019721818725218
O=[N+]([O-])c1ccc2nc3c([N+](=O)[O-])cnc([N+](=O)[O-])c3nc2c1,1.7113432,6.508165,18.689886,4.6191263,2.277307,493.06784,193.52872,244.19151,2.902396915830977
O=[N+]([O-])c1cnc2c3nc4cccc([N+](=O)[O-])c4nc3c([N+](=O)[O-])n2c1,1.7015836,6.3044524,17.458467,4.4295216,2.156158,486.9648,259.88458,259.12317,3.109575643309814
O=[N+]([O-])c1nn([N+](=O)[O-])c2nc3ccccc3nc12,1.6750238,6.4543953,18.281317,4.668146,2.4258387,520.2625,330.8904,137.81316,3.0277534427988275
O=c1[nH]c([N+](=O)[O-])nc2cnc3cc[nH]c3c12,1.6373069,5.409156,12.519476,2.911103,1.4722476,508.48465,-46.8141,277.12668,3.31616273568671
COc1ccc([N+](=O)[O-])c2c1nc([N+](=O)[O-])n2[N+](=O)[O-],1.6929259,7.1285706,22.219254,5.199594,2.9647465,570.7444,-14.779096,119.42244,3.133994460122932
O=c1[nH]ncc2cnn(C=N[N+](=O)[O-])c12,1.6928952,6.6910887,19.63842,4.3135433,2.5528877,594.58405,204.01752,182.2466,3.895745206716006
O=[N+]([O-])c1cnn2ncc([N+](=O)[O-])c2c1,1.707639,7.0301003,21.641657,5.1713305,2.8525841,552.04767,233.5831,294.05023,2.995619047509358
O=[N+]([O-])c1cccc2c1Oc1c([N+](=O)[O-])ccnc1O2,1.6670184,5.957586,15.337114,4.0804257,1.8940128,463.77475,-179.76755,260.66324,2.9460699162705577
O=[N+]([O-])n1ncc2[nH]cnc21,1.7099221,6.9968786,21.653837,4.5879583,2.8469036,623.09125,253.2143,143.04272,3.7632236613592642
O=[N+]([O-])N=Cn1nnc2ccnc([N+](=O)[O-])c21,1.6987376,7.2421384,22.979467,5.2921357,3.122604,590.81476,418.5438,176.98363,3.8414747651466117
[N-]=[N+]=Nn1ccn2cc([N+](=O)[O-])nc12,1.6445501,6.891948,20.299467,4.9931526,3.000827,601.16406,492.74582,289.63504,4.229772893384445
N=c1[nH]cnc2c1ncn2[N+](=O)[O-],1.7339656,6.7207427,20.29398,3.8637538,2.4323165,633.8937,189.40411,153.69379,4.107047442316519
O=c1c2occc2ncn1[N+](=O)[O-],1.6978573,6.482887,18.5099,4.2199,2.223251,527.8973,-103.726524,148.13676,3.441339750008826
O=c1[nH]c([N+](=O)[O-])nc2cccc([N+](=O)[O-])c12,1.7013136,6.299563,17.38587,3.9031732,2.0050507,517.903,-141.10675,246.88515,2.7849144079275128
O=[N+]([O-])c1occ2nncnc12,1.7099025,6.8811736,20.859282,4.966371,2.6707947,538.1784,213.52457,287.31476,3.6867193894621364
O=[N+]([O-])N=Cn1ncc2c3nc([N+](=O)[O-])[nH]c3cc([N+](=O)[O-])c21,1.7541926,7.1234994,22.666996,4.8321705,2.7152212,563.8184,262.66907,192.6533,3.9302452674793287
O=c1c2cccnc2c([N+](=O)[O-])cn1[N+](=O)[O-],1.715599,6.586068,19.241955,4.5253267,2.3434956,518.2608,-6.2333655,166.62846,2.993997351071327
Nc1c([N+](=O)[O-])cnc2ccc([N+](=O)[O-])nc12,1.6676289,6.2771153,17.016344,4.0643425,2.2142744,546.6527,66.10628,291.9792,2.9166274514057733
O=c1nc([N+](=O)[O-])[nH]c2nc3cccc([N+](=O)[O-])c3cc12,1.6790156,5.8135233,14.703302,3.5046744,1.6980749,487.27548,-89.97471,261.0269,2.847823461280976
O=[N+]([O-])c1cc([N+](=O)[O-])c([N+](=O)[O-])c2nc3cnccc3c-2c1,1.6763272,6.230379,16.929234,4.595689,2.1903703,476.68448,162.91617,226.92462,2.7841705422046026
O=[N+]([O-])Nc1cnc2c3c([N+](=O)[O-])c[nH]c3ncn12,1.7300746,6.6947036,20.024153,4.225742,2.4323468,577.85736,193.58902,156.03665,3.551759828865592
O=[N+]([O-])c1nc2ccccc2c2nc3n([N+](=O)[O-])c([N+](=O)[O-])cn3c12,1.7000976,6.4510984,18.410175,4.50378,2.2895133,509.48172,235.98074,139.5144,3.424498727815438
Nc1c([N+](=O)[O-])cc([N+](=O)[O-])c2c[nH]nc12,1.7388895,6.7617326,20.297817,4.375603,2.5140269,577.35535,68.097015,298.25226,3.24517566676157
O=[N+]([O-])c1ccc2nc3c(O)ccc([N+](=O)[O-])c3cc2n1,1.6513022,5.604591,13.535029,3.5781627,1.6750352,469.02475,-98.84177,272.2853,2.6846513127398612
Nn1c(=O)c2c(=O)n([N+](=O)[O-])c([N+](=O)[O-])nc2c2ccccc21,1.7145681,6.3097763,17.672192,3.9492397,2.0739334,527.09644,-88.03502,146.49059,3.230416944189715
Nc1ccc2c([N+](=O)[O-])c([N+](=O)[O-])oc2c1,1.6458782,6.2941074,16.928234,4.4189796,2.306743,523.2698,-109.78635,267.29474,2.8790736989619283
Cc1c2ncn([N+](=O)[O-])c2nc2c([N+](=O)[O-])c([N+](=O)[O-])c3ncoc3c12,1.7363914,6.719248,20.14613,4.579102,2.3886912,522.8399,98.384796,155.00237,3.858267192605589
O=[N+]([O-])c1ccc2nc([N+]([O-])[O-])cnc2n1,1.6907824,6.678467,19.50308,4.598709,2.4830594,541.5649,174.00562,267.60452,3.411891482341339
O=[N+]([O-])c1cnc2c(cc([N+](=O)[O-])c3[nH]cnc32)n1,1.7022088,6.276423,17.297764,4.025125,2.0758111,517.161,169.44302,282.0519,3.1776158520876523
O=[N+]([O-])c1cc2c(cn1)oc1ocnc12,1.6849355,5.9070888,15.223554,3.7306943,1.7419082,468.1754,-102.41544,279.45547,3.5637574479631287
O=c1[nH]c2cc([N+](=O)[O-])ccc2n1[N+](=O)[O-],1.7593735,6.7534394,20.56224,4.176389,2.2868884,550.84467,-133.13048,153.03508,2.911212876063896
O=c1c2[nH]c3c([N+](=O)[O-])cccc3c2ncn1[N+](=O)[O-],1.7095463,6.20117,17.081278,3.9306204,1.9963124,509.52722,-27.62068,164.43633,3.0808998513354933
O=c1nc([N+](=O)[O-])[nH]c2nc3ccccc3c([N+](=O)[O-])c12,1.6527613,5.777976,14.3937025,3.562972,1.7300243,488.5578,-70.63694,241.60054,2.9194462729520634
O=c1c2cc([N+](=O)[O-])ccc2nc2n1Cc1c(nn(-c3ccc([N+](=O)[O-])cc3)c1C=N[N+](=O)[O-])N2N[N+](=O)[O-],1.6723233,6.2546296,17.074234,4.1563487,2.197369,531.3158,109.92093,165.10211,3.724192237543826
O=[N+]([O-])c1cnc2nc3cccc([N+](=O)[O-])c3c([N+](=O)[O-])c2n1,1.6963292,6.4675817,18.346573,4.6445646,2.284806,492.0445,205.48758,226.71567,3.0234716411057025
O=[N+]([O-])c1cccc2c1c([N+](=O)[O-])cn2[N+](=O)[O-],1.7173679,7.04527,21.936295,5.3899546,2.8757348,532.3537,97.81012,152.41267,3.0693894644534527
O=c1[nH]c2nccn2c(C=N[N+](=O)[O-])c1[N+](=O)[O-],1.7595838,6.9672766,21.702055,4.342633,2.4953315,578.0829,31.068865,203.60037,3.7907962737156193
O=c1[nH]c([N+](=O)[O-])nc2ccc([N+](=O)[O-])cc12,1.7198676,6.2880554,17.42972,3.7756824,1.9408631,517.69507,-170.44968,274.03717,2.6918923343489176
Nc1nn2c([N+](=O)[O-])cccc2c1[N+](=O)[O-],1.7110115,6.6793385,19.607666,4.4746723,2.5353236,568.57336,111.40021,287.4513,3.055360997709691
Nc1c([N+](=O)[O-])ccc2nc([N+](=O)[O-])[nH]c12,1.7006278,6.49948,18.462618,4.0064306,2.2883773,573.9485,2.3473384,299.48157,3.1375974914485116
O=[N+]([O-])c1ccc2c(c1)c([N+](=O)[O-])cn2[N+](=O)[O-],1.718463,7.016985,21.806028,5.313617,2.8326309,531.6723,74.07622,143.67163,3.059440425991915
O=[N+]([O-])C1=CC([N+](=O)[O-])=Nc2c([N+](=O)[O-])ccc3onc1c23,1.769847,7.0488143,22.32905,5.3287506,2.6405964,493.905,173.41031,248.67549,3.624957972571372
O=[N+]([O-])c1cc([N+](=O)[O-])c2nc3cccc([N+](=O)[O-])c3nc2n1,1.7053665,6.478043,18.442192,4.562411,2.248969,493.38324,184.15482,242.40433,2.940036476270537
O=[N+]([O-])c1ccc2c([N+](=O)[O-])c3cnc([N+](=O)[O-])nc3nc2c1,1.7163842,6.486583,18.60091,4.5050707,2.2335646,496.57828,154.49817,239.64641,2.997130981765043
O=[N+]([O-])c1cnc2n[nH]cc2n1,1.6764964,6.525586,18.561203,4.273099,2.4539425,576.43414,254.19421,278.34595,3.4868460862947153
O=[N+]([O-])c1ccc2c([N+](=O)[O-])cc3nnnn3c2c1,1.6863806,6.4329543,17.954893,4.6573677,2.3945997,514.65466,333.7833,275.37024,2.7552219478786544
O=[N+]([O-])c1ccc2c(c1)nnn2[N+](=O)[O-],1.7055852,7.101394,22.199638,5.395521,3.002221,556.80994,286.36966,127.71823,2.9598385597044796
O=[N+]([O-])N=Cc1c([N+](=O)[O-])cc([N+](=O)[O-])c2c1ncn2[N+](=O)[O-],1.8022337,7.812543,27.734066,5.7607207,3.2835104,569.60315,238.02676,125.26219,3.885778360615701
O=c1c2nc3ccccc3c([N+](=O)[O-])c2nnn1[N+](=O)[O-],1.6876919,6.424973,18.188276,4.5474815,2.2932801,504.48254,209.3825,151.50612,3.0912818167186416
O=[N+]([O-])c1cncc2[nH]nnc12,1.6668342,6.5872364,18.77582,4.478834,2.5963821,580.55927,290.2386,284.18698,3.2381284392358918
O=[N+]([O-])Nn1cnc2c([N+](=O)[O-])cncc21,1.7318419,7.194703,23.149849,5.0782413,3.0106556,594.84845,259.33392,140.42805,3.4415631606630175
O=[N+]([O-])N=Cn1c([N+](=O)[O-])c([N+](=O)[O-])c2cc([N+](=O)[O-])ccc21,1.7497149,7.359728,24.168287,5.4817195,3.0087361,548.7319,121.84976,195.51628,3.527312786845208
O=c1c2c(nnn1[N+](=O)[O-])c1ccccc1n2[N+](=O)[O-],1.7024826,6.635581,19.466682,4.750913,2.4805171,522.4627,218.6727,141.46443,3.434505445741088
O=[N+]([O-])c1nc2c([N+](=O)[O-])c3c([N+](=O)[O-])cccc3nc2[nH]1,1.7218577,6.636072,19.46821,4.528227,2.3252316,515.2375,116.7984,231.76447,3.140921818725218
CN1C=C[N+](=[N+]([O-])NC2=C([N+](=O)[O-])N3CC(=NN)N=C3N2)C1=O,1.6558678,6.6276617,19.045498,3.7499921,2.6253693,702.7455,100.386505,238.7475,5.081829882863943
Nc1cc2c([N+](=O)[O-])nc3c(c([N+](=O)[O-])c([N+](=O)[O-])c4oc5c(C=N[N+](=O)[O-])c([N+](=O)[O-])cn5c43)c2c2[nH]c3ccccc3c12,1.6971784,6.104731,16.411077,4.1350656,1.9793314,481.14545,41.636784,222.05629,4.233704544800391
O=c1nc2oc3ncccc3c(O)c-2[nH]1,1.6058409,4.615533,9.018743,1.942953,0.90200263,473.3954,-385.37906,300.8266,3.0575742637055274
O=[N+]([O-])N=Cc1cc2nc([N+](=O)[O-])n3c([N+](=O)[O-])ccc3c2cn1,1.690683,6.611045,19.123594,4.7364025,2.4924293,527.3169,252.67465,197.04744,3.7674474893047023
O=[N+]([O-])N=Cn1nnc2c([N+](=O)[O-])c3cccc([N+](=O)[O-])c3nc21,1.7375709,7.0030603,21.81355,5.016689,2.7123034,541.72894,407.38992,204.6141,3.6291097270669415
C[N+](C)([O-])c1nnc2c([N+](=O)[O-])nc(N)nc(N)c1-2,1.5620215,6.266281,16.282873,3.377714,2.556162,758.6657,148.96445,264.1894,3.7914692512168253
O=c1[nH]cc(C=N[N+](=O)[O-])c2c1ccn2[N+](=O)[O-],1.7128234,6.6634383,19.58334,4.416105,2.4469535,557.3541,3.1026943,145.05498,3.9610304966355567
O=[N+]([O-])c1cccc2c1oc1nc([N+](=O)[O-])n3ncnc3c12,1.697774,6.182259,16.754866,4.157295,2.0111828,484.6701,152.16006,251.24359,3.15636057803043
O=[N+]([O-])N=Cc1ncnc2ncn3c([N+](=O)[O-])cnc3c12,1.7174941,6.621083,19.490335,4.367475,2.3966513,550.18616,361.32144,197.5858,3.8381427077854946
O=[N+]([O-])c1cccc2c1c([N+](=O)[O-])nc1ncnn12,1.6806662,6.3285418,17.437777,4.3512836,2.2463825,518.1516,262.03775,228.5302,2.882562151071687
O=[N+]([O-])c1cn2c(nnc3nccc([N+](=O)[O-])c32)n1,1.7055386,6.7790265,20.231533,4.812867,2.58151,537.2367,406.14316,237.55792,3.3370948070949087
O=[N+]([O-])c1cccc2nc3c([N+](=O)[O-])cnc([N+](=O)[O-])c3nc12,1.70697,6.5237517,18.745043,4.6830764,2.310357,493.2755,210.72028,240.59859,3.000010102644164
O=[N+]([O-])c1ccc2c(c1)cc(O)n2[N+](=O)[O-],1.6704437,6.3487387,17.568716,4.361906,2.2877421,525.6124,-120.6873,166.20326,2.9946890835773115
Nc1nn([N+](=O)[O-])c2cn3nc([N+][O-])nc3cc12,1.7351407,7.039444,22.139536,4.6419497,2.802845,606.7617,405.0054,151.19626,4.377922195222683
O=c1c2ccccc2nc2c([N+](=O)[O-])cc([N+](=O)[O-])c([N+](=O)[O-])n12,1.6989434,6.301496,17.404642,4.324978,2.0867305,484.03055,-50.71526,223.48007,2.7854862951142785
O=[N+]([O-])c1cccc2c1cc([N+](=O)[O-])c1nnnn12,1.694452,6.4778643,18.282541,4.739005,2.4272723,512.60504,358.17447,265.48007,2.7170353005637047
O=[N+]([O-])c1cnc2c([N+](=O)[O-])[nH]cc2c1,1.705041,6.5625496,18.919643,4.487451,2.395286,535.7345,62.742634,289.15628,3.198505726683841
O=c1cc([N+](=O)[O-])n([N+](=O)[O-])c2cccc([N+](=O)[O-])c12,1.7329276,6.9235907,21.292973,5.0072417,2.597236,518.0697,-62.591145,111.26657,3.131374140819595
O=C1c2nc([N+](=O)[O-])nc3cccc(c23)N1N[N+](=O)[O-],1.7119834,6.4946737,18.703342,4.270781,2.2310286,524.634,80.37982,144.89215,3.476408942244584
O=[N+]([O-])Nn1c([N+](=O)[O-])cc2nc3c([N+](=O)[O-])cccc3nc21,1.7109913,6.80963,20.517092,4.8830233,2.6220436,538.2558,239.33832,139.67564,3.294660652094713
NS(=O)(=O)n1nnc2c1COc1cc([N+](=O)[O-])ccc1-2,1.6259947,6.0490603,15.626731,3.8844564,2.1664326,558.76324,-38.144466,237.42636,3.0889960751117176
O=[N+]([O-])c1cncc2c1ncn2[N+](=O)[O-],1.7584313,7.2221103,23.590223,5.1425185,2.9132326,566.951,226.88226,134.00346,3.4320531938508214
Nn1c(=O)c2c(c(C(=O)C=N[N+](=O)[O-])cn2C=N[N+](=O)[O-])n(C=N[N+](=O)[O-])c1=O,1.7868637,7.314661,24.158834,4.487673,2.693298,603.2359,-89.20113,173.69373,4.789844142300447
O=[N+]([O-])c1ccc2nc3nc([N+](=O)[O-])n4ccnc4c3c([N+](=O)[O-])c2c1,1.6981049,6.2428575,17.119772,4.2769737,2.0897484,489.92767,201.57147,239.21725,3.163031412540584
Nc1cc2nc3c(nc2cc1[N+](=O)[O-])c([N+](=O)[O-])cc1nnn(C=N[N+](=O)[O-])c13,1.7247233,6.6205497,19.477177,4.403038,2.3738103,541.12506,375.7913,206.57419,3.711663383059687
O=[N+]([O-])c1cnc2cc([N+](=O)[O-])[nH]c2c1,1.6571233,6.3809266,17.503239,4.366383,2.3217907,533.34265,38.854557,287.78757,2.9440843383161113
O=c1[nH]c2nc3[nH]c4ccc([N+](=O)[O-])cc4c3c([N+](=O)[O-])c2[nH]1,1.6955525,5.6929135,14.162107,3.078278,1.5243721,499.93536,-166.19041,276.54718,2.9692087633584485
O=[N+]([O-])c1cc([N+](=O)[O-])c2cncnc2n1,1.7020408,6.6451116,19.41078,4.5738997,2.4260437,532.0718,159.45285,256.10614,2.9516736501735057
O=c1[nH]c2ccc([N+](=O)[O-])cc2c2nc(C=N[N+](=O)[O-])nc([N+](=O)[O-])c12,1.7342671,6.5289893,18.967335,4.240252,2.175041,515.4451,15.845675,179.23235,3.4115629672534755
O=[N+]([O-])c1cccc2nc3c(nc12)c([N+](=O)[O-])cn3[N+](=O)[O-],1.734625,6.833937,20.877193,4.930726,2.5500963,516.9578,219.02942,151.53609,3.2030448956482953
Nc1cc([N+](=O)[O-])cn2cc([N+](=O)[O-])nc12,1.6653258,6.510674,18.273855,4.274913,2.446995,574.6254,55.02811,292.6791,3.037113054954772
Nc1c([N+](=O)[O-])c2nc3cc([N+](=O)[O-])ccc3nc2n1N[N+](=O)[O-],1.7403283,6.9012504,21.316048,4.6097116,2.5994508,566.37555,190.65671,158.49062,3.2360145791379473
O=[N+]([O-])c1nccc2nc3c([N+](=O)[O-])ccc([N+](=O)[O-])c3nc12,1.7061083,6.5147505,18.689102,4.65319,2.3005877,493.9972,201.09995,241.98499,2.9690276850617465
O=[N+]([O-])N=Cc1nnc2c3cccnc3c([N+](=O)[O-])c([N+](=O)[O-])n12,1.7116951,6.930265,21.14587,5.0771484,2.7226822,536.4457,405.9587,198.15773,3.6116363004935144
O=c1c2ccoc2ncn1[N+](=O)[O-],1.7026582,6.431671,18.246643,4.048556,2.1335077,528.6261,-132.71783,142.93398,3.4992782115472867
CN=[n+]1ncc2ccc([N+](=O)[O-])cc2c1=C1C=C([N+](=O)[O-])N(C=N[N+](=O)[O-])C(=O)N1C=N[N+](=O)[O-],1.6723205,6.6848674,19.421158,4.5540156,2.5987966,571.65765,144.17767,186.08484,4.799194710562607
O=[N+]([O-])c1ccc(NN=C2NNNN2)c2nonc12,1.6726732,6.992654,21.246681,4.8652687,3.173545,654.6522,491.81967,290.16025,3.762343488979062
O=c1[nH]c2cc([N+](=O)[O-])ccc2n2c([N+](=O)[O-])cnc12,1.7157838,6.112141,16.437857,3.6932986,1.8621405,507.49612,-84.634705,271.76117,2.83134432685997
O=[N+]([O-])Nc1nc2nc3ccc([N+](=O)[O-])cc3nc2n1[N+](=O)[O-],1.7625118,7.1273465,22.910385,4.909069,2.7166867,554.5408,288.73526,145.72647,3.29473317956724
O=[N+]([O-])c1cnn2c([N+](=O)[O-])cnc2c1,1.7118043,7.010885,21.613146,5.0634255,2.8112338,556.8825,221.33838,285.6169,2.9587004734005387
Nc1nnc2c([N+](=O)[O-])ccc([N+](=O)[O-])c2n1,1.7114553,6.8259387,20.524517,4.600521,2.6152186,570.05493,219.7215,256.14767,2.788068922977681
O=[N+]([O-])Nc1c([N+](=O)[O-])ccc2nncnc12,1.7008201,6.923559,21.116005,4.9733567,2.8258576,569.55853,316.15378,126.57634,3.110680657126972
O=[N+]([O-])c1cnc2cc3c(cc2n1)nnc1oc([N+](=O)[O-])cc13,1.6860002,6.1078987,16.300701,4.3175874,2.0223918,467.80396,240.6142,273.12564,3.418753737470876
Nc1cc([N+](=O)[O-])c2c(c1N)=NC(=O)N=2,1.7360723,6.081052,16.438566,3.040319,1.7589941,582.51215,-115.804665,296.12222,3.4664911957269933
O=c1ncoc2nonc12,1.7428805,6.815685,20.633104,4.34248,2.3054836,532.84174,-3.5892766,274.19833,3.5870004011582726
N=c1nc2cc([N+](=O)[O-])cnc2nc2c1nc([N+](=O)[O-])n2N,1.7302365,6.6795654,19.828033,4.1473393,2.3745768,574.1454,299.25372,281.27106,3.642734126417526
O=[N+]([O-])N=Cc1cnn2ncc([N+](=O)[O-])nc12,1.7339672,7.332248,23.91043,5.2552743,3.101874,590.834,406.9418,174.27272,3.998057089205531
Nc1c([N+](=O)[O-])ccc2oc(=O)[nH]c12,1.6984135,5.748873,14.373695,2.8101625,1.5015028,539.0398,-367.54144,311.22314,2.8560498164613684
Nn1c([N+](=O)[O-])nc2nc3ccc([N+](=O)[O-])cc3nc2c1=O,1.7321502,6.419179,18.353014,3.99108,2.1032703,529.4291,85.920074,252.26671,3.0141048956482965
O=[N+]([O-])c1ccc2c(c1)nc([N+](=O)[O-])n1cnnc21,1.686652,6.3329415,17.471943,4.3334904,2.2424414,518.27435,265.1367,270.82278,2.8676161423634134
O=[N+]([O-])N=Cn1c2ncccc2c2nc3c([N+](=O)[O-])cc([N+](=O)[O-])cc3c([N+](=O)[O-])c21,1.6930611,6.4591784,18.282179,4.614783,2.304727,500.1738,218.62708,193.12773,3.572718183240407
O=[N+]([O-])c1cc([N+](=O)[O-])c2nc3ccc([N+](=O)[O-])nc3nc2c1,1.7158734,6.4783287,18.532753,4.505704,2.2168846,492.36343,156.0517,248.35281,2.9142452674793287
O=[N+]([O-])N=Cc1c2cnn([N+](=O)[O-])c2cc2cc([N+](=O)[O-])cc([N+](=O)[O-])c12,1.7351539,6.9987683,21.818014,5.2377253,2.7456806,524.14197,233.11322,157.0918,3.751496246348032
O=[N+]([O-])c1nccc2nn[nH]c12,1.6180158,6.4102774,17.37337,4.401832,2.5355484,576.5635,276.77518,285.4597,3.288422556882951
O=[N+]([O-])c1c[nH]c2c(O)c3ccnnc3c(O)c12,1.6720128,5.5430207,13.293066,3.068083,1.5372872,500.909,-200.13539,309.16556,3.38152804137653
O=[N+]([O-])c1cc([N+](=O)[O-])c2ncnn2c1,1.7149423,6.9926424,21.523794,4.9654617,2.760477,557.96954,191.2958,275.48975,2.803826176965268
Nc1nc([N+](=O)[O-])nc2nc3ncccc3c([N+](=O)[O-])c12,1.6616431,6.045531,15.824655,3.7610724,1.9779407,527.72845,170.90952,245.76917,3.104342559424211
O=[N+]([O-])c1cnn2cncc2c1[N+](=O)[O-],1.7249988,7.118888,22.43069,5.2189574,2.91144,559.47003,261.80203,240.31395,3.083430679779527
O=C1c2c(ncc3ocnc23)Oc2cccc(C=N[N+](=O)[O-])c2N1[N+](=O)[O-],1.6800569,6.061376,16.14271,3.9357536,1.918444,489.07483,-98.671234,135.9692,4.014798431473649
Nc1nc2nc3ccc([N+](=O)[O-])cc3nc2c(=O)n1[N+](=O)[O-],1.728855,6.36326,18.160326,3.785568,2.0272057,537.82324,35.375187,183.94507,3.0893402802636807
Nc1nc([N+](=O)[O-])nc2ncn3ncnc3c12,1.6946023,6.250345,17.207886,3.4576905,2.0501676,594.8018,287.067,269.87488,3.287443504917479
O=[N+]([O-])c1cccc2nc3[nH]nc([N+](=O)[O-])c3nc12,1.6828544,6.324726,17.404163,4.261522,2.2023728,517.7037,237.46164,262.39255,2.9893551844534
O=c1c([N+](=O)[O-])c[nH]c2ccnn12,1.672075,6.169455,16.42502,3.7192225,2.0523725,555.4773,-6.618665,280.34726,3.323389750008827
O=c1cnc2cncc([N+](=O)[O-])c2n1O,1.6939563,6.366919,17.744791,4.1438947,2.1900864,531.6269,-15.350278,255.25696,3.050682837378025
Nn1c(N[N+](=O)[O-])nc2cc([N+](=O)[O-])c3c([N+](=O)[O-])nccc3c21,1.7220685,6.914085,21.224455,4.7969112,2.7192175,568.2112,244.12811,161.45702,3.464424993339131
O=[N+]([O-])c1ccc2nc3c(nc2c1)c1cc([N+](=O)[O-])ccc1n3[N+](=O)[O-],1.6876485,6.111456,16.509932,4.3133173,2.0694761,480.88538,172.52701,152.43321,2.888248720232891
O=[N+]([O-])c1cc([N+](=O)[O-])c2nccnc2n1,1.6783941,6.6087875,19.023802,4.670793,2.4588969,527.74713,190.517,247.86174,2.8837614124112676
O=[N+]([O-])Nn1nnc2cc([N+](=O)[O-])ccc21,1.6757401,7.0816827,21.803856,5.3146586,3.112636,587.0957,318.80884,136.7102,3.046913160663016
O=[N+]([O-])c1cnc2nc3c([N+](=O)[O-])cc([N+](=O)[O-])cc3nc2c1,1.724202,6.520523,18.836317,4.561291,2.244929,492.37375,174.15387,249.85048,2.815023289457349
Nc1cc2[nH]c([N+](=O)[O-])nc2cc1[N+](=O)[O-],1.7231292,6.537058,18.854214,3.9453692,2.253556,574.56396,-15.705548,298.3433,2.997123430625612
O=[N+]([O-])c1nc2c(c([N+](=O)[O-])cn2[N+](=O)[O-])c2nc3ccccc3nc12,1.7003566,6.3694706,17.955229,4.4831057,2.2202764,495.10297,272.58713,155.5034,3.3183929510021226
O=[N+]([O-])c1c([N+](=O)[O-])c2c(nnn2[N+](=O)[O-])c2nc3ccccc3nc12,1.7272841,6.7054935,20.07122,4.873449,2.4636903,505.90616,422.17673,132.37015,3.3026198740790447
O=c1[nH]cc([N+](=O)[O-])c2cnncc12,1.686794,6.026078,15.81709,3.6797762,1.9220171,524.04205,27.666445,298.78717,3.028519638946575
O=[N+]([O-])c1cccc2nc3nncn3c([N+](=O)[O-])c12,1.6673721,6.3695507,17.548069,4.5253882,2.3431542,518.5085,311.59683,234.17789,2.9800338491848937
O=[N+]([O-])c1cnc2c(c1)ncc1nc([N+](=O)[O-])cnc12,1.680787,6.1472125,16.50469,4.1982474,2.0775437,495.16824,261.78735,271.9607,2.9987248613255044
O=c1n(N[N+](=O)[O-])c2ccccc2n1[N+](=O)[O-],1.6889781,6.785859,20.166779,4.6506453,2.6449893,570.9572,6.6099267,142.05655,3.415979959766978
O=[N+]([O-])c1ccc2c([N+](=O)[O-])c3cn4c([N+](=O)[O-])cnc4nc3nc2c1,1.7088637,6.2786317,17.382563,4.2933226,2.0967405,489.4355,203.90268,248.77266,3.204404489463661
O=[N+]([O-])N=Cc1c2cnccc2c([N+](=O)[O-])n2nnnc12,1.6945089,6.741007,19.88807,4.931831,2.6844678,544.376,530.7101,195.76994,3.7519844287763675
O=C1N=C2C(=C(C=N[N+](=O)[O-])N3C=CC=NC23[N+](=O)[O-])C(=O)N1,1.716462,6.547219,19.00399,4.0190434,2.2109993,554.97064,-49.70843,136.17072,4.9978054812558295
O=[N+]([O-])Nc1nc2cc3ncccc3nc2n1[N+](=O)[O-],1.6798557,6.464678,18.37217,4.4098067,2.4108837,548.0583,307.94623,147.62515,3.203346289896932
O=[N+]([O-])c1cccc2c([N+](=O)[O-])c3[nH]nnc3nc12,1.6715931,6.3529058,17.468214,4.4518695,2.2994835,516.11615,291.09177,256.29242,3.1174712947581895
O=[N+]([O-])c1ccc2c(c1)ncc1nc([N+](=O)[O-])cc([N+](=O)[O-])c12,1.6632277,6.161632,16.437761,4.4882345,2.1429744,477.6954,117.67117,234.87448,2.791687025721087
Nn1c2ncccc2c2nc3c([N+](=O)[O-])nc4c(nnc5cc6cn[nH]c6c([N+](=O)[O-])c54)c3nc21,1.653057,5.715564,14.173628,3.6761115,1.8355162,499.3767,568.5716,245.41643,3.8084600627893286
O=[N+]([O-])c1ccc2nc([N+](=O)[O-])n3ncnc3c2c1,1.6856602,6.317196,17.415895,4.318746,2.2193797,515.27783,251.73596,250.24348,2.801974923205213
Nc1cc2[nH]cc([N+](=O)[O-])c2cc1[N+](=O)[O-],1.6921375,6.2001,16.741316,3.859955,2.1293838,554.0039,-67.16232,313.1834,2.771856167656024
O=[N+]([O-])c1ccc2c(c1)ncc1nc3c(nc12)c1nccnc1n3[N+](=O)[O-],1.6603266,5.722825,14.4326105,3.8296468,1.8261925,477.15506,399.43857,159.68196,3.2051831046951635
Nc1nncc2cnc([N+](=O)[O-])nc12,1.6417618,6.3224397,17.242443,3.9597397,2.3743806,599.9725,284.05017,264.9545,3.398400112319356
O=c1[nH]c(=O)c2nc3cccc([N+](=O)[O-])c3nc2[nH]1,1.6653084,5.328223,12.278753,2.565893,1.2558781,495.04163,-248.60405,265.59543,2.6642788419280006
O=[N+]([O-])c1cc2nc3cccc([N+](=O)[O-])c3c([N+](=O)[O-])c2cc1[N+](=O)[O-],1.6982882,6.5146008,18.581074,4.8889914,2.3433642,478.36356,55.45261,224.33995,2.790781357595529
O=[N+]([O-])c1ccc2[nH]nc([N+](=O)[O-])c2c1,1.6529275,6.4391723,17.76122,4.5580974,2.42955,533.7374,79.70523,288.77695,2.578552630999038
O=c1c2ncc([N+](=O)[O-])nc2nc2c3cccc([N+](=O)[O-])c3ncn12,1.6938001,5.836295,14.956435,3.5605512,1.7002721,478.87088,92.82602,253.90405,3.0388934339788403
O=[N+]([O-])c1c2cccc([N+](=O)[O-])c2nc2[nH]nnc12,1.6840738,6.4039307,17.85273,4.4567447,2.3134897,520.1237,293.5905,248.46588,3.166528479083298
O=c1[nH]c2[nH]c([N+](=O)[O-])cc2c2ccc3[nH]c([N+](=O)[O-])nc3c12,1.7141364,5.764693,14.625152,3.175116,1.5672189,497.29755,-144.57497,289.34506,3.4646955422046037
O=c1cnn([N+](=O)[O-])c2nc3ccc([N+](=O)[O-])cc3nc12,1.7136513,6.429893,18.421474,4.3412275,2.2027915,508.7911,153.99945,142.01718,3.1106210740130713
Nc1nc2c3c([N+](=O)[O-])cccc3nc([N+](=O)[O-])n2n1,1.6673219,6.3054905,17.192663,4.060916,2.2221203,549.84283,219.81198,245.7094,2.981172298887941
Nn1ncc2cc([N+](=O)[O-])c3cc4c([N+](=O)[O-])cc5nnnn5c4nc3c21,1.7128104,6.3047986,17.512377,4.2283006,2.21691,525.7395,535.7686,265.52515,3.4941885124453087
O=[N+]c1cnn2cc([N+](=O)[O-])cnc12,1.6830829,6.778907,20.013731,4.8746676,2.7231097,559.4402,304.8286,285.1328,3.522994195159594
O=[N+]([O-])c1nc2ccc(Cl)cc2c2nnn([N+](=O)[O-])c12,1.6639761,6.4778395,18.307442,4.7636433,2.4600997,516.03687,349.2695,121.557144,3.2115194317550735
O=[N+]([O-])c1[nH]cc2c1cnc1c([N+](=O)[O-])ccnc12,1.6731949,6.009119,15.717542,4.0589304,2.0158718,497.76395,145.43991,264.7126,3.2727467664563026
N=c1[nH]c(=O)n([N+](=O)[O-])c2nc3cccc([N+](=O)[O-])c3cc12,1.7117869,6.091535,16.509193,3.595911,1.8842856,527.3104,-59.059406,170.75046,3.355463357186757
O=c1[nH]c([N+](=O)[O-])nc2cc([N+](=O)[O-])ccc12,1.7206632,6.2893867,17.432777,3.762909,1.9350228,518.0769,-168.7958,269.08804,2.770080963111459
O=[N+]([O-])Cn1nc([N+](=O)[O-])c2ncncc21,1.7248493,7.131873,22.7006,4.8795857,2.912357,598.5576,231.51303,183.30371,3.5956488249986815
O=c1c2ccccc2nc2c([N+](=O)[O-])c([N+](=O)[O-])cc([N+](=O)[O-])n12,1.6964344,6.2889476,17.29229,4.304167,2.0781343,484.35773,-57.489468,227.21619,2.838091028842088
O=[N+]([O-])c1nc2c(O)c3ccccc3c([N+](=O)[O-])c2o1,1.6863978,5.9339542,15.340015,3.8734553,1.799556,465.4191,-227.7339,263.9799,3.182460131055774
O=[N+]([O-])c1cc([N+](=O)[O-])c2c(c1)ncn2[N+](=O)[O-],1.7422491,7.3483887,24.068596,5.4556427,3.0136402,552.2505,139.05133,120.06294,3.1375269644534534
O=[N+]([O-])c1cc2ccncc2c([N+](=O)[O-])n1,1.6349294,6.21648,16.53333,4.539256,2.3053932,508.64517,126.056854,247.35823,2.924283440383297
O=[N+]([O-])c1ccc(O)c2ccnc([N+](=O)[O-])c12,1.6647347,6.073985,15.950609,4.1296124,2.0443902,496.48657,-118.25778,234.18498,2.6468351437134654
Nc1nc(=O)cc2[nH]onc1-2,1.6301954,5.9380794,15.005051,3.2565818,1.9635856,604.90765,-4.6184363,301.07208,3.688874281706658
Nc1cc2nc3c([N+](=O)[O-])cccn3c(=O)c2c([N+](=O)[O-])n1,1.672086,5.9186144,15.202199,3.5340576,1.8187708,517.1137,-59.42866,247.4215,3.0680864341098335
Cn1c2ccccc2c2c1c([N+](=O)[O-])c([N+](=O)[O-])n1c([N+](=O)[O-])c([N+](=O)[O-])nc21,1.6762756,6.4646335,18.186268,4.64912,2.3873136,515.0259,110.483826,223.72008,3.3467998327638284
NC(N)=Nn1cc([N+](=O)[O-])c2nc([N+](=O)[O-])cnc21,1.6978244,6.8506017,20.519426,4.261011,2.6620429,627.7799,212.05762,293.02396,3.6340208892258747
O=[N+]([O-])Nc1ncnc2c([N+](=O)[O-])ccnc12,1.7041374,6.8331614,20.654222,4.6694417,2.662704,571.55725,224.03305,130.20555,2.967104879712897
O=c1[nH]c2cccc([N+](=O)[O-])c2n2cnc([N+](=O)[O-])c12,1.6931931,6.067926,16.067322,3.7272668,1.8790724,507.28995,-74.97175,249.0477,2.916442788398431
O=C1C([N+](=O)[O-])=Nc2oc3ccccc3c2C2=Nc3c1n(N[N+](=O)[O-])c(=O)n32,1.6856571,6.0958257,16.368164,3.8650715,1.8912226,492.73462,-95.21063,155.86823,5.041653654661317
Nn1ncc2ccc([N+](=O)[O-])c([N+](=O)[O-])c21,1.6710597,6.7737374,19.867542,4.9877725,2.8417575,571.54504,213.60233,243.35063,2.980527366224896
O=[N+]([O-])c1cccc2c1OCc1nnnn1-2,1.6470065,6.09292,15.912677,4.1373353,2.2235048,538.6823,181.59216,271.9525,2.980300983709535
O=[N+]([O-])C1=Cc2nc3ncc([N+](=O)[O-])n3c2=C1,1.6911815,6.493327,18.390877,4.548669,2.3450165,516.2801,209.09436,289.0221,3.847178202135156
Nc1nc2c([N+](=O)[O-])cc([N+](=O)[O-])cn2c1N,1.7274146,6.7196264,19.977686,4.0684433,2.464038,609.56165,37.52161,281.70822,3.097128120302094
O=[N+]([O-])c1cn2c(n1)c1ccccc1n2[N+](=O)[O-],1.6234055,6.2052193,16.484413,4.5740204,2.3955114,524.2904,218.28262,132.19893,3.2690557336842225
O=[N+]([O-])c1nncc2[nH]cnc12,1.6755743,6.564679,18.776007,4.305513,2.498112,581.8766,255.41928,259.59943,3.2535587559779735
O=c1nc([N+](=O)[O-])[nH]c2nc3ccc([N+](=O)[O-])cc3cc12,1.6756285,5.796073,14.562048,3.4717174,1.6815104,487.5037,-105.323845,276.36563,2.8221698803791195
O=[N+]([O-])c1ccc([N+](=O)[O-])c2ocnc12,1.7498316,6.778039,20.49407,4.670749,2.3698537,508.41885,-70.43723,266.7642,2.837641186346131
O=c1oc2c3nc4ccccc4nc3c([N+](=O)[O-])nc2c2nonc12,1.669567,5.663045,13.977114,3.7472384,1.6352898,435.9407,143.72467,249.62718,3.1737031592535647
O=[N+]([O-])N=c1oc(-c2ccc([N+](=O)[O-])cc2)nn1N[N+](=O)[O-],1.7250642,7.3107815,23.657156,5.2719297,3.0505903,579.9767,135.32104,144.60173,3.4322010494944486
O=[N+]([O-])N=Cn1nnc2c([N+](=O)[O-])cc([N+](=O)[O-])cc21,1.7792804,7.6161413,26.119072,5.560284,3.2065978,576.7936,336.30618,179.75713,3.570995282570925
O=[N+]([O-])c1oc2cccnc2c1[N+](=O)[O-],1.6809897,6.6551876,19.225828,4.931998,2.4825048,502.81598,-3.467542,262.70004,2.886460698541253
Nc1nccc2cc3c([N+](=O)[O-])n[nH]c3nc12,1.6011039,5.5273314,12.860403,2.9629352,1.7483242,590.57794,178.49304,300.11414,3.0132694664559407
O=[N+]([O-])c1ccc2c([N+](=O)[O-])c3c(nc([N+](=O)[O-])c4ccncc43)nc2c1,1.6601589,5.8547816,14.8389635,4.1238875,1.9013857,461.1009,179.32742,232.31842,3.0672268849149456
O=c1c([N+](=O)[O-])cc2cc([N+](=O)[O-])ccc2n1O,1.7199365,6.442166,18.307402,4.3979893,2.2030928,503.32666,-183.90213,261.9302,2.6139519644534523
O=[N+]([O-])c1cccc2c1nnc1c2cc([N+](=O)[O-])c2[nH]nnc21,1.659501,6.015755,15.621449,4.2813144,2.0935314,488.03168,414.81088,260.07242,3.0828204830330055
O=[N+]([O-])c1ccc([N+](=O)[O-])c2nc3ncn([N+](=O)[O-])c3cc12,1.7518144,6.86987,21.269619,4.895759,2.5415041,518.19794,201.57877,145.75975,3.2517787418021413
O=C1c2cccnc2Oc2ncc([N+](=O)[O-])cc2N1N[N+](=O)[O-],1.6719033,6.2203875,16.915316,4.0303593,2.0900772,520.0594,-71.949974,153.44513,3.258662609512297
Cn1c(=O)c2nc3c([N+](=O)[O-])c([N+](=O)[O-])nnc3nc2n(C)c1=O,1.7044004,6.481718,18.479317,3.7713861,2.1422486,571.33936,-79.91094,228.13618,3.2294282366823266
O=[N+]([O-])c1cc2c([N+](=O)[O-])cncc2o1,1.695511,6.692172,19.566256,4.9039598,2.4778512,504.59155,-21.295607,280.7513,3.0673353702110466
Nc1ccc2nc([N+](=O)[O-])cnc2c1[N+](=O)[O-],1.6776885,6.3638654,17.592108,4.2293105,2.299498,545.47815,101.91138,269.00833,2.945018086857278
O=[N+]([O-])c1cn2c([N+](=O)[O-])nc3c(c4ccccc4n3[N+](=O)[O-])c2n1,1.7081382,6.472298,18.563843,4.490363,2.2902493,511.80786,229.0372,142.87537,3.481049229487679
O=[N+]([O-])c1cccc2[nH]c3cnnc-3c([N+](=O)[O-])c12,1.6319402,6.025271,15.468113,4.368377,2.1828687,499.91742,229.71521,240.11542,3.0226486532487566
O=c1[nH]c2nc3c([N+](=O)[O-])cccc3c([N+](=O)[O-])c2[nH]1,1.7195172,6.033883,16.069365,3.4572468,1.7399963,507.7509,-148.73499,260.82852,2.8875974737131163
O=[N+]([O-])c1nc2cccnc2c2nnnn12,1.6652884,6.383789,17.657122,4.4187436,2.4052205,544.9832,491.56064,270.12912,3.024611686050674
O=[N+]([O-])N=Cn1nnc2nc3cc4[nH]nnc4cc3nc21,1.6791996,6.4207,18.042513,4.128792,2.3762856,575.7603,656.96967,194.34285,4.0468733808357005
Nc1nnnc2c([N+](=O)[O-])cc([N+](=O)[O-])cc12,1.7069488,6.887333,20.84561,4.787977,2.7333865,571.78705,253.85083,256.17755,2.8427883209709908
O=[N+]([O-])c1cncc2nn[nH]c12,1.6330124,6.482046,17.88086,4.4602585,2.576428,577.978,289.23758,296.2761,3.284040656430463
O=[N+]([O-])c1cccc2n[nH]c([N+](=O)[O-])c12,1.6563299,6.5034733,18.176477,4.7490125,2.5246027,533.03503,125.56134,260.52066,2.8366415615806524
N=c1c(Nc2c(N)c3nnc4ccccc4n3c2[N+](=O)[O-])c(N)nc2oc([N+](=O)[O-])nn12,1.6818843,6.083264,16.087511,3.5613775,2.0150242,567.19714,260.7557,270.53918,3.913662347408901
O=[N+]([O-])C1=CC2=c3c(nc4cc([N+](=O)[O-])cn4c3=N2)N1,1.7000247,6.166633,16.661722,3.9557304,2.020094,511.82758,167.4524,295.06787,4.0850174437430855
O=c1[nH]c(N[N+](=O)[O-])nc2occc12,1.6985323,6.327107,17.557526,3.5215685,1.9872673,567.85565,-203.24077,156.04968,3.338637982141842
O=[N+]([O-])c1cn([N+](=O)[O-])c2c([N+](=O)[O-])cccc12,1.7059646,7.0181003,21.66025,5.422124,2.8834705,530.0798,101.28931,125.90288,3.1069125413765306
O=[N+]([O-])N=Cn1ncc2c([N+](=O)[O-])c([N+](=O)[O-])ccc21,1.7184216,7.1834035,22.76852,5.362876,2.9898944,557.9619,237.70355,201.21521,3.536310667186309
O=[N+]([O-])c1cncc2c1oc1[nH]ncc12,1.6395754,5.81075,14.437086,3.8608992,1.9123309,494.78546,86.31299,295.67975,3.4148823137949726
O=[N+]([O-])c1cc2c(cc1[N+](=O)[O-])Sc1conc1N2,1.711938,6.559304,18.980803,4.749752,2.4044511,505.62473,92.487335,245.53104,3.4093821800992634
O=c1c2cccc([N+](=O)[O-])c2[nH]c2c([N+](=O)[O-])nccc12,1.6507292,5.6014624,13.46881,3.6098814,1.6868432,468.0686,-75.8965,276.8227,2.7346144427133368
O=[N+]([O-])c1cccc2c1nnc1ncc([N+](=O)[O-])n12,1.6891682,6.4694347,18.274124,4.6489315,2.406019,518.17316,335.62704,260.8848,2.9848512657306134
O=[N+]([O-])c1ccc2nc3c(nnc4nc([N+](=O)[O-])cn43)nc2c1,1.7035635,6.29556,17.421162,4.2121105,2.1382449,507.82962,417.84073,281.5353,3.136162258180935
O=[N+]([O-])c1cccc2c1cnc1c3c([N+](=O)[O-])nccc3nc([N+](=O)[O-])c21,1.6571397,5.862824,14.863089,4.1655474,1.9277084,462.4518,192.16055,229.81442,3.0743918079918675
Nc1c2cnccc2c([N+](=O)[O-])c2c1[nH]c1nc([N+](=O)[O-])cn12,1.6594541,5.8040795,14.54775,3.5261793,1.8561033,528.48773,139.31726,264.3041,3.5738486672046026
O=[N+]([O-])c1cnc2[nH]cnc2n1,1.6503812,6.2113485,16.604889,3.677614,2.1091194,575.45605,147.3359,278.87604,3.262110792177068
O=[N+]([O-])N=Cc1nc2c([N+](=O)[O-])c([N+](=O)[O-])ccc2[nH]1,1.7210722,7.0937095,22.21413,5.041693,2.8016324,556.9344,142.54651,204.07863,3.4521311800068233
O=[N+]([O-])c1nc2c(nnn2[N+](=O)[O-])c(=Nc2ccccc2)[nH]1,1.6294769,6.319543,17.172113,4.3766804,2.4384613,558.5389,376.6976,145.7766,3.631801769097427
O=[N+]([O-])c1ccc2c(c1)nc([N+](=O)[O-])n1ncnc21,1.6830958,6.3088336,17.351479,4.3033276,2.2140703,515.9591,249.86844,249.34937,2.815878551652238
O=[N+]([O-])c1ccc2nc3[nH][nH][nH]n-3[nH]c2c1,1.6216916,6.136173,16.113014,3.5855203,2.3607314,659.4181,250.04709,294.43198,3.7546591776894687
Nc1ccc2c([N+](=O)[O-])c([N+](=O)[O-])n(C=N[N+](=O)[O-])c2n1,1.7030858,7.052476,21.767624,4.8521576,2.832423,585.5487,150.22784,207.0849,3.788043895157445
NC1=NC2(Oc3cccc(O)c3O2)N(N)N1,1.5623301,5.388239,12.052384,2.3325427,1.6093755,691.2769,-279.41498,296.628,4.718819232571665
Nc1nc2cnc([N+](=O)[O-])cc2[nH]1,1.6313106,5.87567,14.724656,3.036943,1.8920897,625.4051,50.90256,292.00253,2.9441435961626716
O=[N+]([O-])c1ccc2c([N+](=O)[O-])c3c([N+](=O)[O-])ccc[n+]3cc2n1,1.6718992,6.2414203,16.915098,4.5999513,2.2561252,489.95605,117.22516,237.60294,3.3886254872595476
O=c1c2nc3ccccc3nc2n(C=N[N+](=O)[O-])c2nc3cc([N+](=O)[O-])cc([N+](=O)[O-])c3n12,1.6703713,5.9210877,15.2585745,3.7420838,1.8293794,490.71487,93.90552,212.75032,3.5192445571038062
O=c1[nH]ncc2c1oc1cc3cc([N+](=O)[O-])oc3cc12,1.6462337,5.3886456,12.443881,3.41667,1.483243,434.98135,-205.66336,293.92194,3.152250208346903
O=[N+]([O-])c1cccc2nc([N+](=O)[O-])n3ncnc3c12,1.6762173,6.3167725,17.350418,4.3731017,2.2501695,516.2485,270.9757,240.7889,2.9118715850339516
O=[N+]([O-])N=Cn1nc([N+](=O)[O-])c2ccc3nc4cccc([N+](=O)[O-])c4nc3c21,1.6862931,6.2611737,17.18186,4.368317,2.1943464,501.67307,316.095,192.41223,3.5634613908165083
O=[N+]([O-])c1ccc2c(c1)ncc1c([N+](=O)[O-])nnn12,1.6816514,6.3692365,17.578547,4.511421,2.3132174,512.75055,299.3947,285.51648,2.8885760843082604
O=[N+]([O-])Nn1c([N+](=O)[O-])nc2nc3c([N+](=O)[O-])cccc3cc21,1.6975554,6.7569532,20.115932,4.85352,2.607198,537.90063,233.66327,131.68585,3.3793947180287773
Cc1noc2[nH]c3c(cc([N+](=O)[O-])n3[N+](=O)[O-])c(=N)c12,1.6773626,6.6131554,19.094046,4.5286627,2.569656,569.3565,81.403885,165.23291,4.154351692827335
Nc1c([N+](=O)[O-])oc2nnc3c([N+](=O)[O-])cccc3c12,1.6929299,6.3123827,17.415188,4.3650665,2.2043934,505.98367,98.71796,264.3794,3.218822648538291
O=c1c2cc(O)ccc2cnn1[N+](=O)[O-],1.6549287,5.8365726,14.786488,3.629035,1.8454038,510.2849,-158.07208,161.27258,2.883036308297351
O=[N+]([O-])c1n[nH]c2c([N+](=O)[O-])cccc12,1.6824931,6.5427732,18.562323,4.6172094,2.4632394,534.057,94.763306,292.19,2.7304179218057936
Nc1ncnc2nc([N+](=O)[O-])c3[nH]cnc3c12,1.6641271,5.754929,14.360263,2.886024,1.693153,586.85223,142.20917,292.9749,3.234995427994402
O=[N+]([O-])c1nc([N+](=O)[O-])n2ccccc12,1.6597952,6.4692802,18.01746,4.6725464,2.4800615,531.2541,109.03696,290.34464,2.9699293664587003
O=[N+]([O-])N=Cc1cc2cc([N+](=O)[O-])cc([N+](=O)[O-])c2nc1[N+](=O)[O-],1.7357949,7.167903,22.817738,5.3437896,2.8468363,532.22723,132.80203,186.68057,3.4352296789900185
O=[N+]([O-])c1cc([N+](=O)[O-])c2c(c1O)OCC2CO,1.6755751,6.343722,17.420288,3.8836265,2.202893,569.33624,-583.523,274.66595,3.60214734306512
O=[N+]([O-])c1cc(O)c2cccnc2c1[N+](=O)[O-],1.6629636,6.0639706,15.861183,4.1231046,2.0293121,493.34094,-124.16713,240.33014,2.607277284181693
O=[N+]([O-])c1ccc2c([N+](=O)[O-])c3cccc([N+](=O)[O-])c3nc2n1,1.6797186,6.1792088,16.653627,4.421983,2.1060507,476.08148,104.209656,240.15999,2.8990057070397697
Nc1nnc2n1c(N)c([N+](=O)[O-])c1ccnn12,1.6685654,6.3956776,17.63015,3.5217257,2.3424737,667.40137,319.83865,321.96765,3.331400133395384
O=c1[nH]cc([N+](=O)[O-])c2c1[nH]c1cccc([N+](=O)[O-])c12,1.6670665,5.6997304,14.04191,3.4771283,1.6769402,486.23923,-156.03415,257.7786,2.8760296415452835
O=[N+]([O-])c1cc([N+](=O)[O-])c2ccc3cc4oc([N+](=O)[O-])nc4nc3c2c1,1.6998076,6.0806227,16.202295,4.231642,1.9255571,454.44424,-8.061292,255.64362,3.191639104848276
O=[N+]([O-])Nc1c([N+](=O)[O-])c([N+](=O)[O-])nc2ccccc12,1.6675911,6.742665,19.733759,5.018307,2.7049227,539.22363,120.587616,125.18948,2.851623487699129
Nc1cn2nc([N+](=O)[O-])cc2nn1,1.6444004,6.684559,19.11135,4.4006085,2.776155,632.5572,325.2424,292.50763,3.3060628269319015
O=[N+]([O-])c1nn2ccnc2cc1O,1.640152,6.1510773,16.113117,3.885846,2.147079,554.6435,18.273348,307.19888,3.2035243653934415
Cn1c2c([N+](=O)[O-])cccc2c2c3c(on3[N+](=O)[O-])c3c(nnn3C=N[N+](=O)[O-])c21,1.6801816,6.5506606,18.736267,4.73754,2.5166016,531.81213,290.32745,161.92671,4.235606933572296
Nn1nnc2cc([N+](=O)[O-])cc([N+](=O)[O-])c21,1.6995679,7.1591406,22.381758,5.219883,3.0849073,592.928,287.6151,276.2967,3.018762071054951
Nc1c([N+](=O)[O-])n([N+](=O)[O-])c2nc3c(=O)oc4ccccc4c3nc12,1.698946,5.987549,15.881891,3.727399,1.81709,489.60266,-85.43034,165.38084,3.305191035507746
O=[N+]([O-])c1cn2ncc3c([N+](=O)[O-])ccnc3c2n1,1.6795796,6.3767414,17.6803,4.4674206,2.3108225,517.6393,283.70172,263.47775,3.1100910335100043
Nc1nc2c([N+](=O)[O-])c3nn[nH]c3cc2[nH]1,1.6723672,6.183476,16.594938,3.40555,2.0853283,614.97406,228.53943,271.07516,3.3610315522714087
O=[N+]([O-])Nc1cn([N+](=O)[O-])c2cccc([N+](=O)[O-])c12,1.7260174,7.1216974,22.506145,5.2871194,2.964201,560.5605,122.24509,142.72653,3.4080380837960105
Nc1nc([N+](=O)[O-])c([N+](=O)[O-])c2cnc3c([N+](=O)[O-])cccc3c12,1.6961415,6.2916465,17.362051,4.304747,2.1771352,507.01434,95.92935,235.54173,3.0135750525107294
O=[N+]([O-])N=Cc1cncc2c([N+](=O)[O-])nnnc12,1.7154852,7.125011,22.44149,5.3029957,2.998356,564.6415,447.52695,183.15979,3.86586927214576
Nc1ccc2nnc([N+](=O)[O-])n2n1,1.6432441,6.648968,18.897346,4.4012647,2.7485704,626.0731,330.3903,290.64917,3.096108980778057
O=[N+]([O-])c1cc([N+](=O)[O-])c2c(n1)[nH]c1cccnc12,1.6327772,5.830952,14.506485,3.8771887,1.9180993,496.12747,107.86948,252.49533,2.8852425574577527
Nn1c2cc3nc([N+](=O)[O-])[nH]c3c([N+](=O)[O-])c2c2cn[nH]c21,1.6967008,6.4050684,17.934135,4.1212096,2.3002346,559.968,257.16946,285.81418,3.7660043155726335
O=[N+]([O-])c1ccnc2nc3c(nc12)c1nn[nH]c1c1[nH]nnc31,1.6789224,6.0369425,15.940494,3.7247875,1.985706,532.5526,605.1956,259.13156,3.717320944041573
C[n+]1c2ccc([N+](=O)[O-])cc2c([N+](=O)[O-])c2c1c1cc([N+](=O)[O-])ccc1n2[N+](=O)[O-],1.6615146,6.251288,16.981821,4.59963,2.32631,505.91345,45.334705,138.461,3.4404603575245165
O=[N+]([O-])c1cccc2nc3ncnn3c([N+](=O)[O-])c12,1.6744424,6.331317,17.398643,4.4061913,2.2725937,517.23627,279.42294,232.57855,2.8518132396057947
O=[N+]([O-])n1ncc2ncncc21,1.6806549,6.704903,19.74502,4.7630935,2.7436154,578.05396,344.51712,142.25232,3.3973632808648517
O=[N+]([O-])c1cc2[nH]nnc2c2nc3[nH]c(O)cc3cc12,1.640402,5.4147205,12.552755,3.0428967,1.5458324,509.13553,74.41005,276.8506,3.4850923136100604
O=[N+]([O-])c1cc2nc[nH]c2cc1[N+](=O)[O-],1.6502901,6.364965,17.411938,4.332011,2.314114,536.06036,26.586596,246.14398,2.630127865520615
O=[N+]([O-])c1ncnc2nc[nH]c12,1.6204789,6.1315846,15.982306,3.7162154,2.127984,573.1583,145.01965,281.7929,3.0444818329010506
O=[N+]([O-])c1ccc(-c2n[nH]cc2[N+](=O)[O-])o1,1.6930846,6.79442,20.08779,4.8250628,2.6138246,542.59515,6.482455,297.97803,3.1363561676560234
O=[N+]([O-])c1cc2ncnn2cn1,1.6475742,6.408633,17.619776,4.20458,2.4188163,578.2865,243.16049,283.19202,3.0584501586929056
O=C1c2c(cncc2[N+](=O)[O-])-c2c1c1cccc(O)c1n2N[N+](=O)[O-],1.6338067,5.695334,13.990073,3.782474,1.7990268,477.74597,-108.36727,154.81822,3.3655883599224614
Nn1c2c([N+](=O)[O-])cccc2c2nc([N+](=O)[O-])c3nc4cccc([N+](=O)[O-])c4nc3c21,1.6657648,5.8551526,14.874915,4.027682,1.9346874,481.07428,271.74094,252.7968,3.2662192671086583
O=[N+]([O-])c1ccc([N+](=O)[O-])c2[nH]ncc12,1.6962448,6.5910563,18.953997,4.657901,2.4896967,535.4052,96.7381,291.51923,2.6453687660834664
O=[N+]([O-])c1cc2c(c([N+](=O)[O-])c1[N+](=O)[O-])[N+]1N=CC=CC1=N2,1.717496,6.915535,21.105637,5.252445,2.7424562,522.8039,318.9271,220.84949,4.111984895648295
C[N+](C)([O-])c1nc2nc([N+](=O)[O-])[nH]c(=O)c2[nH]1,1.615561,6.1740646,16.104048,3.295541,2.1636984,658.5004,-180.3482,279.49994,4.111168120302095
O=[N+]([O-])c1ccc([N+](=O)[O-])c2nc3c(nc12)[nH]c1c([N+](=O)[O-])cccc13,1.687174,5.9820194,15.625206,4.041683,1.9086434,472.5623,102.631226,257.12448,2.93950448946366
Nn1cnc2c([N+](=O)[O-])cc([N+](=O)[O-])cc2c1=O,1.7293291,6.639133,19.521088,4.270845,2.34238,551.3177,-35.49319,254.6039,2.7317596567611453
O=[N+]([O-])N=Cc1nn(C=N[N+](=O)[O-])c2c1cnc1c([N+](=O)[O-])cc([N+](=O)[O-])cc12,1.7412659,7.080114,22.361776,5.1254272,2.778661,542.265,338.4609,187.39355,4.044816041287535
O=[N+]([O-])Nn1nnc2ccc([N+](=O)[O-])cc21,1.67678,7.086236,21.832058,5.3160334,3.1154528,587.26117,321.7384,135.29552,3.0607844893343463
O=c1c(O)cc([N+](=O)[O-])c2[nH]ccn12,1.7031366,5.885145,15.115871,3.1304803,1.6604925,533.96106,-315.48007,334.7311,3.357765201076753
O=[N+]([O-])c1nc2nc3ccccc3c([N+](=O)[O-])c2c2c1ncn2[N+](=O)[O-],1.6908311,6.3317556,17.692041,4.474623,2.2201173,496.27313,264.26083,127.973465,3.402842951002122
O=[N+]([O-])c1cc([N+](=O)[O-])c2nc3c([N+](=O)[O-])cncc3nc2c1,1.7139114,6.532265,18.827255,4.6535316,2.3005674,494.34338,202.62405,249.3681,2.909893619127679
O=[N+]([O-])c1c2cnnnc2c([N+](=O)[O-])c2cccnc12,1.6804048,6.3142653,17.391552,4.704882,2.3224251,492.36722,394.46628,242.5038,3.1421784327540756
O=C1c2c(cccc2[N+](=O)[O-])-c2nc3cccc([N+](=O)[O-])c3c([N+](=O)[O-])c21,1.6482474,5.6441913,13.702375,4.047779,1.7282243,426.8041,-48.0134,230.74983,2.7745444649565254
O=C1c2cccc([N+](=O)[O-])c2C(=O)N1c1cc([N+](=O)[O-])on1,1.7067763,6.223077,16.994497,4.1061573,1.9185672,468.07925,-206.32732,249.76526,2.8168295110329105
O=[N+]([O-])c1nnc2cccc([N+](=O)[O-])c2n1,1.6714885,6.6901517,19.382458,4.994308,2.6332865,527.4431,274.1826,248.56778,2.859546377446234
O=[N+]([O-])Nc1cc([N+](=O)[O-])cc2nc([N+](=O)[O-])ccc12,1.6892633,6.767698,20.083096,4.880596,2.6436243,542.40247,65.71141,132.52856,2.9169542569298983
O=[N+]([O-])c1c([N+](=O)[O-])n2nnnc2c2nc3ccccc3nc12,1.6944345,6.3489976,17.658525,4.5166726,2.2634485,501.8956,505.1971,234.33878,2.9844957493051947
Nc1cc([N+](=O)[O-])c2nc3cnn([N+](=O)[O-])c3nc2c1,1.7025476,6.5519867,18.999132,4.4108377,2.430475,552.90076,293.26617,158.51604,3.297108802384444
O=[N+]([O-])c1c2ccccc2nc2nc([N+](=O)[O-])n3nnnc3c12,1.6736877,6.254591,16.988234,4.4221005,2.220764,502.70084,471.9639,237.126,3.0907319623229457
Nn1c(=O)c2c([N+](=O)[O-])c3c([N+](=O)[O-])[nH]nc3nc2c2ccccc21,1.6792142,5.9347258,15.343007,3.8101013,1.918586,505.5957,115.24039,245.40446,3.2642365204575796
O=[N+]([O-])c1ccc2oc3c4ncncc4c([N+](=O)[O-])nc3c2c1,1.6720437,5.704812,14.15596,3.8116906,1.7193366,450.40063,68.58217,259.72888,2.97314616350638
O=c1nn[nH]c2cc([N+](=O)[O-])c3nc4c([N+](=O)[O-])cccc4nc3c12,1.6854048,5.94574,15.439075,3.8474936,1.8463993,481.1125,176.6235,252.41844,3.1119338735392805
O=c1cc([N+](=O)[O-])nc2[nH]ccn12,1.6453078,5.90389,14.89843,3.293171,1.8052754,551.6791,-100.97813,280.67004,3.5043320577011334
NC1=Nc2cnc([N+](=O)[O-])nc2N(N[N+](=O)[O-])N1c1ccc([N+](=O)[O-])cc1[N+](=O)[O-],1.733334,7.2015686,23.07861,4.884163,2.8860593,593.5106,258.73557,161.48325,3.829938990003148
O=[N+]([O-])c1cc([N+](=O)[O-])c2c(c1)nc1c([N+](=O)[O-])nccn12,1.7203957,6.6685734,19.649311,4.6978602,2.3952084,510.71362,168.14505,249.55994,2.97392104949445
O=c1[nH]c2cc3cc([N+](=O)[O-])oc3nc2[nH]1,1.7058392,5.784165,14.647523,3.0033488,1.5014315,505.7363,-248.42418,296.58502,3.2685177061175628
O=[N+]([O-])c1nnn2c([N+](=O)[O-])nc3ccccc3c12,1.6479397,6.3270354,17.171032,4.6463914,2.38122,512.21893,336.3921,247.48575,2.9737116430891035
Nc1c([N+](=O)[O-])c([N+](=O)[O-])cc2c1nnc1c([N+](=O)[O-])c3ccccc3nc12,1.6703672,6.01927,15.726773,4.2023087,2.0485065,487.68433,244.71655,239.17433,3.044134417789536
O=[N+]([O-])c1cnc(O)c2ccoc12,1.6660205,5.854485,14.757435,3.533694,1.7595608,499.03403,-263.81235,308.75513,3.0424012884703657
O=[N+]([O-])c1cc([N+](=O)[O-])c2cccc([N+](=O)[O-])c2n1,1.7011108,6.6801167,19.577993,4.9512854,2.4971886,504.02103,48.50098,246.39073,2.6148625181851504
O=c1c2cc([N+](=O)[O-])ccc2oc2[nH]cc([N+](=O)[O-])c12,1.6893125,5.850427,14.878182,3.6394024,1.6879824,465.33334,-291.72278,292.01105,2.9642220890977313
O=[N+]([O-])c1nnc2c([N+](=O)[O-])cccc2n1,1.68826,6.739022,19.831657,4.9780746,2.6317508,529.3566,266.51373,246.91768,2.8175610627609196
CC1(C)Oc2c(n3nnnc3c3oc([N+](=O)[O-])nc23)O1,1.6078014,6.14876,15.875811,3.872712,2.185306,564.1655,-86.271385,279.60254,4.0619710151716575
O=c1[nH]cnc2nc([N+](=O)[O-])ccc12,1.6590118,5.664845,13.839665,3.0814142,1.5969205,520.9669,-98.27989,271.4703,2.8735634259288236
O=[N+]([O-])Nn1nnc2c([N+](=O)[O-])cccc21,1.6920944,7.145891,22.351185,5.3657165,3.1392183,586.8023,327.9605,131.44379,3.1637872865371417
O=[N+]([O-])c1nc2c([N+](=O)[O-])c3ccccc3c([N+](=O)[O-])c2[nH]1,1.7031081,6.363466,17.756702,4.4329987,2.1932793,495.26498,60.47533,250.07422,3.0957672033406025
O=[N+]([O-])N=Cc1cnc2c(c1)cc([N+](=O)[O-])c1c2cnn1[N+](=O)[O-],1.6903529,6.6900907,19.621185,5.011582,2.625546,523.9461,311.7735,134.24918,3.789167069724284
N=c1[nH]c([N+](=O)[O-])nc2nc3cc([N+](=O)[O-])ccc3nc12,1.7034659,6.12312,16.487337,3.6771138,1.9341316,528.4424,137.11267,280.83865,3.232548394967978
O=[N+]([O-])Nc1ncnc2[nH]cnc12,1.6859798,6.519904,18.721905,3.7470965,2.3577135,632.0457,186.81796,149.49292,3.169398585767662
O=c1ccc2cc([N+](=O)[O-])cnc2n1[N+](=O)[O-],1.7063199,6.5560784,18.995388,4.5170884,2.3423553,520.13007,-8.984876,136.35265,2.9309792908706562
O=[N+]([O-])c1ncc2ncnnc2n1,1.7179111,6.8332715,20.804716,4.5737085,2.608691,571.4456,385.10617,256.79077,3.3888825774516533
O=[N+]([O-])c1cccc2nc3c([N+](=O)[O-])c4[nH]cnc4c([N+](=O)[O-])c3nc12,1.7260319,6.3316083,17.78057,4.242601,2.079782,491.5057,194.69986,249.02644,3.1997314125405847
O=c1c2cc3cnccc3c([N+](=O)[O-])c2cnn1[N+](=O)[O-],1.675957,6.1212583,16.422775,4.3049164,2.09712,487.20535,114.88681,164.88028,3.1742751854189075
O=[N+]([O-])c1ccc([N+](=O)[O-])c2nncnc12,1.7170479,6.8571672,20.78541,5.04563,2.675816,530.50507,277.3595,250.8603,2.8338051187049764
N=C1OC2CC1(C=N[N+](=O)[O-])CN2[N+](=O)[O-],1.6750821,7.175645,22.422417,4.9110203,3.2473114,663.5668,-48.935238,148.01143,6.208742933856449
Nc1c([N+](=O)[O-])c2ccc([N+](=O)[O-])cc2n2cc([N+](=O)[O-])nc12,1.7207009,6.459833,18.370584,4.251295,2.2384477,527.85297,39.57256,280.95316,3.0829598722294174
O=[N+]([O-])Nc1ccc2nc3nonc3nc2c1,1.6809775,6.4502025,18.253372,4.677856,2.4914362,532.2893,396.66898,143.45207,2.995442719988123
Nc1nc2cccc([N+](=O)[O-])c2c([N+](=O)[O-])c1O,1.6578294,6.0698066,15.861969,3.8032806,2.0153189,532.5461,-168.38504,242.94527,2.6638990798380675
O=[N+]([O-])c1ccc2nc3ncc([N+](=O)[O-])nc3nc2c1,1.6779131,6.080971,16.105768,4.064632,2.0001094,492.7709,232.94269,273.97455,2.843556454732097
O=[N+]([O-])c1cc2ccoc2cc1[N+](=O)[O-],1.6226716,6.17407,16.171764,4.658975,2.2446685,481.26172,-108.91873,245.10362,2.5578543195543855
O=c1oc2cc3occc3nc2c2c1ncn1nnnc21,1.6503875,5.2936025,12.0836735,3.1230423,1.3991876,449.42862,106.5318,285.33423,3.256256275519018
O=c1nc([N+](=O)[O-])[nH]c2nc3c([N+](=O)[O-])cccc3cc12,1.6733437,5.8055177,14.612562,3.5136626,1.7003392,486.59225,-85.879875,259.79514,2.9224136469573683
O=[N+]([O-])N=Cn1c([N+](=O)[O-])c([N+](=O)[O-])c2cccnc21,1.7083722,7.0835624,22.017277,5.2044415,2.8843055,554.6395,209.8447,197.78503,3.6133491287247708
O=c1[nH]c2cc3c([N+](=O)[O-])cc4[nH]nnc4c3nc2[nH]1,1.6975565,5.709418,14.2748375,2.9834318,1.5540844,523.6134,79.383484,274.54126,3.34453441887322
Nc1c([N+](=O)[O-])c2nc3c(ccn4c([N+](=O)[O-])cnc34)nc2c2[nH]ncc12,1.7021133,5.903754,15.339883,3.589829,1.8444664,514.6503,316.6172,281.3146,3.6325899294493578
O=[N+]([O-])c1ncnc2[nH]cnc12,1.6792183,6.346541,17.599829,3.7769182,2.1825728,580.65424,155.0911,260.2488,3.1385664482856654
Nc1oc([N+](=O)[O-])c2cc([N+](=O)[O-])ccc12,1.6637592,6.256115,16.82498,4.208162,2.1876624,521.642,-147.62674,288.19623,2.999135952986972
O=[N+]([O-])c1ncc2cncnc2n1,1.649401,6.082497,16.024706,3.8607686,2.100632,545.24713,214.08746,258.72455,3.0879981699672463
O=[N+]([O-])c1nc2c([N+](=O)[O-])nc3ccccc3c2o1,1.656725,6.000589,15.537964,4.16966,1.9617457,469.95795,19.991167,253.93747,3.120569698241499
O=c1c2c(nc([N+](=O)[O-])n2[N+](=O)[O-])nc2c3c4ccccc4n(C=N[N+](=O)[O-])c3ccn12,1.684459,6.111736,16.382568,4.0125256,2.002469,501.04214,135.38223,167.72472,3.936945666337164
O=[N+]([O-])N=Cn1nnc2ccc3nc([N+](=O)[O-])cc([N+](=O)[O-])c3c21,1.704008,6.9051275,20.942215,4.996133,2.7139106,543.1957,384.19113,180.26747,3.712471964829179
O=[N+]([O-])c1ccc2nc([N+](=O)[O-])cc([N+](=O)[O-])c2c1,1.6818511,6.5960646,18.920454,4.8804965,2.4566514,503.5383,26.519518,255.95027,2.556380165243974
Nc1nn([N+](=O)[O-])c2c([N+](=O)[O-])cccc12,1.6611582,6.645533,19.095615,4.708845,2.6963394,573.994,158.72726,133.86592,3.056771373380532
O=[N+]([O-])c1cc2c(cn1)oc1c[nH]nc12,1.6477605,5.8148947,14.525392,3.8018758,1.8877242,496.51074,72.4216,284.01202,3.5434454622743994
O=[N+]([O-])NN1c2cnncc2Oc2ccc([N+](=O)[O-])cc21,1.6551726,6.380372,17.631674,4.529629,2.4335115,537.1235,150.82605,150.97388,3.343231886403486
O=[N+]([O-])N=Cc1nnnc2nc3c([N+](=O)[O-])cccc3c([N+](=O)[O-])c12,1.7199357,6.8413033,20.738907,5.039763,2.638205,522.59686,437.61386,186.22379,3.6689435438689495
O=[N+]([O-])c1cc([N+](=O)[O-])c2c(ccn2[N+](=O)[O-])c1,1.6941073,6.9708934,21.266668,5.3855224,2.867238,531.317,88.45233,126.40283,3.0827538875303766
O=[N+]([O-])c1cccc2c1Oc1cc(S(=O)(=O)N=CN(O)[N+](=O)[O-])ccc1O2,1.6574314,6.237165,16.877087,4.273824,2.1964211,514.1462,-312.39203,184.5261,3.3473748183868777
Nc1c([N+](=O)[O-])oc2nc3cccc([N+](=O)[O-])c3nc12,1.6834294,6.165689,16.543465,4.0410604,2.0316486,504.20505,12.522464,268.64053,3.1228058653215083
O=[N+]([O-])c1cc2cccc([N+](=O)[O-])c2n2nnnc12,1.6631453,6.4165206,17.738844,4.8105326,2.4568357,510.87387,373.31735,248.19621,2.849984502305359
O=[N+]([O-])Nn1cc([N+](=O)[O-])c2cc([N+](=O)[O-])ccc21,1.6987295,7.034904,21.734222,5.2718186,2.9467237,559.38306,106.91235,138.71031,3.1290516584566435
Cc1c2nc([N+](=O)[O-])nc-2c([N+](=O)[O-])c2[nH]ccn12,1.6595064,6.2131085,16.642113,4.004012,2.2217762,557.15094,110.84396,289.62643,3.7074019021043982
O=[N+]([O-])c1cccc2[nH]nc([N+](=O)[O-])c12,1.6464348,6.464393,17.866358,4.6836195,2.495358,533.8844,109.014465,257.1612,2.6347443758395634
O=[N+]([O-])c1cnc2ncc3[nH]cc([N+](=O)[O-])c3c2c1,1.6697109,5.9557514,15.356653,3.9526818,1.9625118,496.97855,125.25339,286.56174,3.009029785324227
O=[N+]([O-])c1nc2cccc([N+](=O)[O-])c2o1,1.6682597,6.5281324,18.384882,4.680488,2.3505309,502.0966,-60.8706,275.01932,3.0017079780909706
Nn1nc([N+](=O)[O-])c2c([N+](=O)[O-])cccc21,1.667851,6.7381687,19.62311,4.9434443,2.8149412,570.93066,199.77002,257.51984,2.9644046470835743
O=[N+]([O-])c1cc2c(cn1)nnc1c([N+](=O)[O-])cncc12,1.6913166,6.304054,17.451641,4.560696,2.266929,496.42392,357.9954,256.09088,3.1351663448419878
O=[N+]([O-])c1cnc2occ([N+](=O)[O-])c2c1,1.7085277,6.671268,19.502163,4.717476,2.3840747,505.35806,-54.46149,287.03903,2.957883212612547
O=[N+]([O-])N=Cc1nc2cc3nc4cccc([N+](=O)[O-])c4nc3c([N+](=O)[O-])c2o1,1.6823101,6.2903905,17.282904,4.4614635,2.1537106,482.80768,158.62918,213.37273,3.545456065372722
O=c1c2cccc([N+](=O)[O-])c2cnn1[N+](=O)[O-],1.7176732,6.6386805,19.555851,4.6799374,2.4212403,517.98157,30.03641,152.64264,2.7719441738138
O=[N+]([O-])c1cnc2cc([N+](=O)[O-])c3c([N+](=O)[O-])cccc3c2n1,1.682087,6.1987906,16.749134,4.486304,2.1343908,475.70215,122.07974,233.2811,2.847205707039768
O=[N+]([O-])Nc1c2cnn([N+](=O)[O-])c2nc2cccc([N+](=O)[O-])c12,1.724119,6.8846707,21.047548,4.923768,2.6733441,543.5363,262.47684,136.76773,3.3049947180287784
O=[N+]([O-])c1ccc2nc3c4nc5ccccc5c([N+](=O)[O-])c4n([N+](=O)[O-])c3nc2c1,1.6427348,5.784708,14.530684,4.1279693,1.917827,464.57864,266.34256,144.66249,3.050063593177751
O=c1[nH]c(=O)c2[nH]cnc2[nH]1,1.6690196,5.073448,11.296289,1.5664281,0.93943447,594.53925,-347.6179,307.8657,2.855621676247601
Nc1ncnc2c([N+](=O)[O-])c([N+](=O)[O-])ccc12,1.66613,6.290973,17.131836,4.102991,2.2449338,549.3647,64.888,238.04442,2.6319806286632996
O=[N+]([O-])c1cccc2nc3c(nc12)oc1c([N+](=O)[O-])occ13,1.694204,6.027306,15.890711,4.179758,1.8769517,447.80914,-18.358961,262.59644,3.3271662852264585
O=C1c2c(c([N+](=O)[O-])cc([N+](=O)[O-])c2[N+](=O)[O-])C2C=CCC2C1(C=N[N+](=O)[O-])N[N+](=O)[O-],1.6984271,7.004028,21.471893,5.19958,2.8925593,556.57874,-56.5136,153.60597,5.082376391021985
O=[N+]([O-])c1c2ncoc2cc2ocnc12,1.6910788,5.9219785,15.320161,3.7272675,1.7386478,468.49472,-102.42563,260.71313,3.3812007395552586
O=[N+]([O-])c1nc2ccc3[nH]cnc3c2c2nn[nH]c12,1.619036,5.5561333,13.098872,3.2496314,1.7425416,536.0415,315.53232,290.96082,3.4030660064615805
O=[N+]([O-])c1c([N+](=O)[O-])c2[nH]nnc2c2ccccc12,1.6320142,5.9812856,15.239555,4.3207493,2.1404378,494.65076,234.01431,238.78267,2.907508740331483
O=C1NC(=N[N+](=O)[O-])C(C=N[N+](=O)[O-])C1=C1Nc2cncnc2S1,1.6900814,6.468822,18.356277,3.9675379,2.260845,571.9758,84.58469,181.10106,4.843469973646462
O=[N+]([O-])c1cccc2c1nc([N+](=O)[O-])n1cnnc21,1.6864104,6.371421,17.674885,4.435674,2.2890692,516.92523,287.67697,256.13214,2.9250802933068094
Nc1nn([N+](=O)[O-])c2nc3c([N+](=O)[O-])cccc3nc12,1.6856841,6.4989057,18.561205,4.3788857,2.4137704,552.75934,282.70157,154.95844,3.1415837674194105
O=[N+]([O-])c1nc2nonc2c2ncccc12,1.6719443,6.286602,17.159061,4.75692,2.3344715,489.7123,382.21378,248.49957,3.051455164311543
O=[N+]([O-])c1cn2c([N+](=O)[O-])nc3cnc4cnccc4c3c2n1,1.6603397,5.892523,15.012198,3.8868968,1.9140933,493.37445,302.04672,278.41043,3.3391575244531246
O=[N+]([O-])N=Cc1nnnc2cc([N+](=O)[O-])cc([N+](=O)[O-])c12,1.739254,7.3688216,24.164616,5.587896,3.1038082,554.46704,386.60178,177.74738,3.6010711507965416
CC1(O)OC(=O)c2c1cnn2[N+](=O)[O-],1.6518587,6.350728,17.3427,3.6622307,2.1343768,585.8959,-432.43494,156.31981,4.390480953908795
O=[N+]([O-])c1ccc2nc3cc([N+](=O)[O-])nnc3nc2c1,1.6694173,6.159309,16.436283,4.32862,2.1352687,493.08026,297.1678,271.75546,2.891120465721107
O=c1c2ccc([N+](=O)[O-])cc2c(C=N[N+](=O)[O-])nn1[N+](=O)[O-],1.7618408,7.1547813,23.007158,5.083586,2.7427511,539.8462,94.77542,149.46675,3.5564646870433405
O=[N+]([O-])c1nc2n[nH]cc2c2nc[nH]c12,1.6673285,6.002285,15.613351,3.479712,1.9519161,561.641,206.39243,291.28983,3.6434468934014124
O=[N+]([O-])c1cc2c([N+](=O)[O-])cccc2nc1[N+](=O)[O-],1.6775712,6.628143,19.082163,5.010159,2.5175622,502.1295,63.645756,227.35371,2.560878807777911
O=[N+]([O-])c1cc2n3c4ccccc4n([N+](=O)[O-])c3c([N+](=O)[O-])cc-2n1,1.6641723,6.1864185,16.69542,4.460718,2.2103753,495.47452,173.61536,128.22556,3.4925997311599204
O=[N+]([O-])c1c[nH]c2c(O)[nH]cc12,1.6951793,5.92918,15.380256,3.1612606,1.7865982,567.301,-188.03127,323.2181,3.458650652316928
Nc1nc2c([N+](=O)[O-])cccc2c(=O)n1[N+](=O)[O-],1.7269311,6.5304,18.98093,3.9783556,2.195013,553.90283,-94.54312,181.89687,2.956872156761145
Cn1c2c([N+](=O)[O-])cncc2c2c([N+](=O)[O-])cc3c(nnn3[N+](=O)[O-])c21,1.7093006,6.6596646,19.680271,4.7377415,2.5429962,537.0823,308.43552,152.82161,3.6614567917388507
O=[N+]([O-])c1nc(O)c2cccnn12,1.6655245,6.1853547,16.506819,3.8987525,2.127781,547.62164,15.923999,283.885,3.1396435961626725
O=[N+]([O-])c1cc2c(cc1O)OCN2,1.6320267,5.6900334,13.708617,3.222306,1.7530261,546.0206,-359.63614,325.40933,2.9651320577011333
O=[N+]([O-])c1ccc2c(n1)[nH]c1nncn12,1.6533806,6.0361304,15.679284,3.6128967,2.0366077,565.1563,248.96814,281.65128,3.521890542775294
Nc1c([N+](=O)[O-])c2[nH]ccc2c2n[nH]nc12,1.6587001,5.908977,15.040861,3.282098,1.9998052,610.7239,200.09576,337.20087,3.3343730907329476
Nc1nc([N+](=O)[O-])cc2ncnn12,1.6606783,6.4423747,17.870937,3.7219837,2.3382292,632.07135,183.98987,286.35806,3.151993596162672
O=[N+]([O-])c1ccc2c([N+](=O)[O-])c(O)cnc2c1,1.6519588,6.0334816,15.64945,4.0848894,2.020276,496.02972,-134.23297,259.20712,2.4799649095997527
O=[N+]([O-])c1ncc2cccn2c1[N+](=O)[O-],1.6450769,6.5172906,18.19989,4.8877573,2.6042893,533.60126,159.07181,239.22607,3.1147905296857186
O=[N+]([O-])c1c([N+](=O)[O-])c2nnnn2c2ccccc12,1.6839178,6.4819617,18.242702,4.827662,2.470153,512.2075,385.83957,236.19786,2.6879244152226303
O=c1[nH]c2ccccc2c(=O)n1[N+](=O)[O-],1.6554204,5.567576,13.473456,2.9784856,1.5190443,512.71014,-284.36688,170.76784,2.612732368334873
Nc1ccc2c(c1)[nH]c1c3nnc4c(ncn4[N+](=O)[O-])c3nc([N+](=O)[O-])c21,1.6800035,5.9720435,15.748743,3.7975533,1.9839625,523.8894,373.15042,165.04587,3.5973496460485475
O=[N+]([O-])c1ccc2c(c1)nnc1ncc([N+](=O)[O-])n12,1.680169,6.4201026,17.902021,4.6003456,2.37739,517.08,324.92975,271.06946,2.8980829057886677
O=c1[nH]cc([N+](=O)[O-])c2nccn12,1.6923536,6.0531435,15.9569645,3.3213599,1.8368344,556.8395,-89.13512,306.24506,2.972539750008826
O=[N+]([O-])c1cnc2c(n1)-c1c([N+](=O)[O-])ccc3cccc(c13)N2[N+](=O)[O-],1.6711009,6.0952883,16.310165,4.3998537,2.122034,481.3202,210.56387,119.66994,3.318050643309814
O=[N+]([O-])c1nc2ccccn2c1[N+](=O)[O-],1.6358027,6.4423733,17.709064,4.7583256,2.5291276,531.9893,129.02048,269.23682,2.7742933439446293
O=c1c2cc3nc4ccccc4nc3c([N+](=O)[O-])c2c(C=N[N+](=O)[O-])nn1[N+](=O)[O-],1.6988834,6.3011255,17.57535,4.3763037,2.1529372,492.66083,213.84985,170.67729,3.673346321894818
N=c1c2cccc([N+](=O)[O-])c2nc([N+](=O)[O-])n1N,1.6927335,6.5207,18.592539,4.2854686,2.4552014,575.2402,134.42554,257.2218,3.1297183106072994
Nc1oc2nc3c([N+](=O)[O-])cccc3nc2c1[N+](=O)[O-],1.7008108,6.176236,16.708666,3.9324272,1.9795412,505.68323,-14.614667,271.22958,3.039474676510319
O=[N+]([O-])c1ccc2oc([N+](=O)[O-])nc2c1,1.6846654,6.5307207,18.532272,4.557892,2.2915223,503.239,-90.12263,276.35168,2.8351725184286813
O=[N+]([O-])N=Cc1c2cc([N+](=O)[O-])ccc2nc2nc([N+](=O)[O-])cc([N+](=O)[O-])c12,1.7214874,6.725877,20.075157,4.8425055,2.456806,508.072,168.20743,181.09518,3.458631431302339
Nc1[nH]c2ncccc2c(=O)c1[N+](=O)[O-],1.6495543,5.497001,12.927174,2.8785872,1.5699183,546.46405,-122.322296,305.95355,2.7867987848451925
Nn1c([N+](=O)[O-])nc2ccc([N+](=O)[O-])cc2c1=O,1.7145416,6.554785,18.93088,4.2041335,2.2918367,548.0185,-46.892094,253.1234,2.697588502914991
O=[N+]([O-])c1cccc2nc3c(cc12)c([N+](=O)[O-])cn3[N+](=O)[O-],1.6999954,6.5026364,18.689024,4.764321,2.3881238,500.8627,138.94934,151.70476,3.085008741802141
Nn1c([N+](=O)[O-])nc2nc3ncccc3c([N+](=O)[O-])c21,1.6824741,6.431088,18.028437,4.351312,2.3563335,543.2942,280.13254,262.47552,3.2656679632236045
O=[N+]([O-])c1ccc2nc3cc4n[nH]c([N+](=O)[O-])c4nc3nc2c1,1.691123,5.9615846,15.510909,3.8813045,1.9000611,489.44043,287.7249,290.93964,3.0784727907253124
O=[N+]([O-])N=Cc1c([N+](=O)[O-])cc([N+](=O)[O-])c2c1cnn2C=N[N+](=O)[O-],1.757943,7.562608,25.569252,5.6487064,3.2248278,570.56067,309.30685,178.62666,4.121052843524518
Nn1nnc2cc3nc([N+](=O)[O-])ccc3nc21,1.6275061,6.0906873,15.865585,3.8798263,2.257551,583.3469,375.40897,282.26535,3.1426790818405568
Nn1c([N+](=O)[O-])nc2cncnc21,1.6916088,6.70033,19.678942,4.1789966,2.6112134,626.8607,272.982,289.74643,3.2609051346242106
O=c1c([N+](=O)[O-])nc2ccccc2n1[N+](=O)[O-],1.6893654,6.51661,18.625944,4.530074,2.3500886,519.91675,7.6452966,144.46263,2.867455545051259
O=[N+]([O-])c1cc([N+](=O)[O-])c2c([N+](=O)[O-])cccc2n1,1.6683184,6.5969954,18.830269,4.9735627,2.5080454,504.25854,55.757923,227.86136,2.65629509737067
O=c1nc[nH]c2nc(C=N[N+](=O)[O-])[nH]c12,1.6833344,6.3353024,17.505669,3.5143278,2.0718532,592.01135,34.658436,196.53079,3.8684287231995214
O=c1cc2c3cnc4[nH]ccc4c3n([N+](=O)[O-])c2c[nH]1,1.5884686,5.0809746,10.944765,2.8602347,1.4522923,508.91962,19.847887,166.74355,3.3558664026788865
O=c1nc([N+](=O)[O-])[nH]c2nc3ccccc3nc12,1.6101991,5.2272825,11.567504,2.904503,1.4145368,488.54785,-6.43144,274.609,2.6679095436389737
C[N+]1=CC2([N+](=O)[O-])C(N2[N+](=O)[O-])[N+]2([O-])Cn3c(nc4cccnc4c3=O)C=C2C1,1.5938112,5.9631543,15.047974,3.900292,2.284524,586.79565,57.298054,172.25435,5.551720294129174
O=[N+]([O-])Nc1cc([N+](=O)[O-])nc2cccnc12,1.6431433,6.363312,17.476667,4.4500146,2.4373887,549.0436,152.59424,136.1813,2.989367727503403
O=[N+]([O-])N=Cc1[nH]c2cc3nn[nH]c3cc2c1[N+](=O)[O-],1.6822193,6.5174384,18.501635,4.4346757,2.454198,554.8341,296.07196,200.79793,3.876927059127701
Nn1c([N+](=O)[O-])nc2cc([N+](=O)[O-])ccc2c1=O,1.7188035,6.5609703,19.005182,4.181562,2.2844334,549.0742,-49.009724,251.41258,2.7095163875303765
O=[N+]([O-])c1cc2c(cnc3c([N+](=O)[O-])cccc32)nc1[N+](=O)[O-],1.6801596,6.2149796,16.8487,4.5369287,2.1593804,475.55264,136.42157,231.06935,2.76250460813867
O=[N+]([O-])Nc1ccc2cc3nnc([N+](=O)[O-])n3nc2c1,1.6823161,6.6121,19.145596,4.7764153,2.6336093,551.4158,394.95438,147.43175,3.2556946415452828
O=[N+]([O-])N=Cn1c2nc3cc([N+](=O)[O-])ccc3nc2c2nccc([N+](=O)[O-])c21,1.6854774,6.2294536,17.032867,4.266481,2.1395118,502.5942,283.05072,194.13785,3.4591856511715386
O=c1[nH]c2c([N+](=O)[O-])cccc2cc1[N+](=O)[O-],1.7064751,6.050917,16.04689,3.8131523,1.8712434,494.35803,-195.21886,268.22937,2.430865244047915
O=[N+]([O-])c1nc2ccccc2c2nnn([N+](=O)[O-])c12,1.6495016,6.3742127,17.575909,4.742816,2.4477673,515.85815,357.33255,122.01807,3.1186103368481746
O=[N+]([O-])c1ccc2[nH]c3c([N+](=O)[O-])ncnc3c2c1,1.6528974,5.845519,14.679986,3.8006468,1.8815119,495.70514,84.39169,286.60602,2.72077114962031
Nc1c([N+](=O)[O-])nc2nc3ccccc3nc2c1[N+](=O)[O-],1.6523091,5.854625,14.77633,3.799265,1.9230505,507.31784,172.8713,262.25198,2.8377372543844235
O=[N+]([O-])c1cnc2c(n1)oc1nc3c([N+](=O)[O-])cccc3nc12,1.6840011,5.9910746,15.686623,4.0100994,1.8690401,465.98135,151.49078,257.40933,3.2105523173525325
Cn1ncc2c3c(ccc21)c(=O)[nH]c1c([N+](=O)[O-])c2c([N+](=O)[O-])[nH]nc2nc13,1.6612289,5.677217,13.943772,3.4350564,1.7211857,502.59406,77.04585,256.59637,3.4860667162602965
O=[N+]([O-])c1coc2[nH]ncc12,1.6865776,6.565445,18.72007,4.4207544,2.427532,550.15326,15.232821,310.69992,3.5377591452302326
O=[N+]([O-])Nc1nc2cc([N+](=O)[O-])ccc2o1,1.6887958,6.6786957,19.53486,4.5294557,2.4679277,545.7639,-47.90282,150.78035,2.761842880942737
O=c1nn[nH]c2c1[nH]c1c([N+](=O)[O-])cccc12,1.6413221,5.617856,13.444531,3.3338213,1.7072853,511.964,58.743885,300.3326,3.0369002356867094
O=c1c([N+](=O)[O-])c[nH]c2c([N+](=O)[O-])cccc12,1.6949425,6.089331,16.193222,4.000412,1.964993,493.29758,-145.99469,273.05243,2.5320264480612913
O=[N+]([O-])N=Cc1c2cnc([N+](=O)[O-])cc2nc2nc3c([N+](=O)[O-])cccc3nc12,1.6767367,6.106091,16.320944,4.209912,2.0588853,489.28973,297.61334,203.63585,3.5432666309229353
O=[N+]([O-])c1nc2ccncc2c2nonc12,1.659869,6.285796,17.067009,4.8226347,2.3793895,492.5269,386.93546,256.64578,3.04797857568278
O=c1[nH]c2cc([N+](=O)[O-])c3cnccc3c2n1[N+](=O)[O-],1.7093194,6.226734,17.230753,3.9268045,2.012733,515.37036,-29.540815,158.46623,3.115396914272557
Nn1c([N+](=O)[O-])nc2c([N+](=O)[O-])nc3nc4ccccc4nc3c2c1=O,1.6963196,6.0185494,15.984801,3.7433329,1.8788447,503.2198,163.3523,245.69136,3.2657910279252
O=[N+]([O-])c1cnc2cc([N+](=O)[O-])oc2c1,1.6797329,6.5985,18.888453,4.788195,2.4061725,502.68417,-48.250263,281.95972,2.802124113175399
C=C1N=C2N=CC(N[N+](=O)[O-])=C([N+](=O)[O-])N2C1=N,1.7003454,7.027226,21.73332,4.809776,2.9318435,611.9707,278.17407,140.50209,4.5545683106073
Nn1[nH]c(=O)c2c3oc4ncccc4c3c([N+]=O)nc21,1.640152,5.460119,12.812691,3.0666282,1.5762599,515.60944,29.806658,280.17218,3.940846969480507
O=[N+]([O-])c1c[nH]c2c([N+](=O)[O-])ccnc12,1.6921858,6.5144777,18.48792,4.4248195,2.361902,534.5942,51.330845,297.6535,2.920262199479339
O=[N+]([O-])c1ccc2cc([N+](=O)[O-])nn2c1,1.6375256,6.4530115,17.751787,4.7636495,2.5343876,532.9619,122.55615,284.66278,2.9299545071716473
O=[N+]([O-])c1ccc2cc([N+](=O)[O-])c(-n3cnc4nonc43)cc2n1,1.666346,6.2363195,16.815762,4.5408087,2.2535207,496.3768,366.8505,254.56168,3.186773301727575
O=[N+]([O-])C1=CN([N+](=O)[O-])c2cccn3nnc1c23,1.7270108,6.84087,20.86566,5.01919,2.7251132,543.27,354.78873,134.85007,3.7840108106073
O=[N+]([O-])c1cc2ccc([N+](=O)[O-])nn2c1,1.6373879,6.4726286,17.867464,4.83228,2.5653353,531.76953,136.58548,284.4737,3.0168137942260547
O=[N+]([O-])c1nc2nc3ccccc3nc2n1[N+](=O)[O-],1.6683056,6.3587446,17.677286,4.4856443,2.32243,518.65283,291.98486,140.22366,3.019821947878654
O=[N+]([O-])c1cc2ocnc2cc1O,1.6621207,5.779401,14.342828,3.4061413,1.6792156,495.01727,-286.49478,317.41855,2.7758089807780575
O=[N+]([O-])c1cccc2nc([N+](=O)[O-])n3nncc3c12,1.6617265,6.3683233,17.500113,4.642609,2.3872423,514.7223,337.43848,241.66853,3.124276809997667
O=[N+]([O-])c1ccc2nc([N+](=O)[O-])c3c4cn[nH]c4[nH]c3c2c1,1.6608545,5.7468534,14.256951,3.7067988,1.8255318,493.5295,160.37466,269.0868,3.2327399824969305
O=[N+]([O-])c1cc2c([N+](=O)[O-])n[nH]c2c2ncccc12,1.6639472,5.981754,15.440212,4.0719013,2.0221663,495.98495,157.81006,276.877,2.8472178840179865
O=[N+]([O-])c1ccc2nc3c(nc2c1)C1=NN=NC3=CN1[N+](=O)[O-],1.6933472,6.4745893,18.528097,4.65496,2.4153237,518.2338,502.8107,139.30989,4.330105060573839
O=[N+]([O-])c1cccc2c1[nH]c1c([N+](=O)[O-])ncnc12,1.654442,5.8741045,14.821416,3.862261,1.9142847,496.09595,105.1637,285.2987,2.84796244134745
O=c1[nH]c2nc3ccc([N+](=O)[O-])cc3c([N+](=O)[O-])c2[nH]1,1.7054087,5.982636,15.656676,3.426611,1.7258366,507.9642,-161.71547,278.3135,2.767030200985843
O=[N+]([O-])c1ccc2nc3nc([N+](=O)[O-])ncc3nc2c1,1.6822057,6.083045,16.16015,4.0462236,1.9972504,494.54572,220.25745,265.64444,2.845969641545283
O=c1nc2[nH]cc(O)c2c[nH]1,1.6119066,4.8023806,9.86538,1.6590972,0.97781736,589.4284,-337.21774,312.67368,3.424756663840654
C[N+]c1nc2cc([N+](=O)[O-])c3nc([N+](=O)[O-])oc3c2n1N,1.6843201,6.7016897,19.562712,4.396781,2.5516794,583.1288,92.901,263.55334,4.24857317508804
O=[N+]([O-])c1[nH]nc2c([N+](=O)[O-])cccc12,1.6954156,6.613505,19.126434,4.733015,2.5187268,533.85724,116.08566,273.35815,2.866765388972773
O=[N+]([O-])N=Cn1cnc2cc3[nH]cc([N+](=O)[O-])c3nc21,1.7045267,6.450748,18.343527,4.1050544,2.2730927,555.6656,223.69879,196.41327,3.757763597589239
O=[N+]([O-])c1cn2cccnc2c1[N+](=O)[O-],1.6549855,6.5047774,18.163363,4.7680397,2.5345874,532.1941,132.62274,273.82196,2.8840663270590756
O=[N+]([O-])c1cc([N+](=O)[O-])c2[nH]ncc2c1,1.6670057,6.488849,18.126118,4.618759,2.459565,533.6787,85.41498,290.94308,2.600014169460577
Nc1nnc2c([N+](=O)[O-])nc3cccc([N+](=O)[O-])c3n12,1.6699287,6.399983,17.724602,4.2515817,2.3348377,550.6873,271.48898,252.63287,3.049275235950878
Nc1c([N+](=O)[O-])oc2occc12,1.6630001,6.2178144,16.590307,3.9284396,2.0943415,534.7647,-227.58018,318.25055,3.6881065963728723
O=[N+]([O-])c1cc([N+](=O)[O-])c2cccnc2c1[N+](=O)[O-],1.7102312,6.743096,20.00633,5.07637,2.5527453,502.40686,80.34897,227.31253,2.556165685605965
Nc1cc2nc([N+](=O)[O-])cn2o1,1.6420015,6.549358,18.282742,4.3229055,2.566564,596.2912,39.85776,299.77835,4.00053876420504
Nn1ncc2c([N+](=O)[O-])c3ncccc3c(O)c21,1.6264586,5.5760174,13.243686,3.3415685,1.8126639,543.9804,53.566273,272.2984,3.0975461952226837
O=[N+]([O-])c1nc2nc3cc([N+](=O)[O-])c4ccccc4c3c([N+](=O)[O-])c2o1,1.6713864,6.0494246,15.876351,4.3242,1.9705231,454.99026,34.26874,232.74084,3.2390121817713533
O=[N+]([O-])c1ccc2nc([N+](=O)[O-])c([N+](=O)[O-])cc2c1,1.6732141,6.594836,18.860952,4.9435515,2.4843307,502.3323,42.52042,231.6472,2.554189215017729
O=c1[nH]c(=O)c2cc3cc([N+](=O)[O-])ccc3nc2[nH]1,1.6332061,4.92806,10.354758,2.2899814,1.0771691,476.97757,-350.82748,293.3215,2.4550477824214685
O=[N+]([O-])N=Cc1ccc2nc([N+](=O)[O-])c([N+](=O)[O-])cc2n1,1.6841145,6.8489532,20.445465,5.0889707,2.7177503,533.98956,209.46014,196.11368,3.322736737841076
O=[N+]([O-])c1nc2c(nnc3c([N+](=O)[O-])cccc32)[nH]1,1.687534,6.3711963,17.711023,4.3759413,2.262966,518.1884,267.69708,258.45425,3.0431618607959248
O=[N+]([O-])c1cccc2c([N+](=O)[O-])occ12,1.6596968,6.267729,16.91043,4.7200556,2.2629147,478.44086,-80.01714,282.76358,2.8822055390665806
Cc1c([N+](=O)[O-])c([N+](=O)[O-])cn1N[N+](=O)[O-],1.6882094,7.7822905,26.443825,5.9591956,3.8539445,647.8876,68.92709,127.509476,3.5181773684064925
Nc1c2c([N+](=O)[O-])n(-c3ccccc3)nc2nc2[nH]nc([N+](=O)[O-])c12,1.6254069,5.7854795,14.216066,3.6254103,1.9511986,539.629,264.28918,282.32697,3.1680978295832354
O=[N+]([O-])c1ccc2nnc3[nH]cc([N+](=O)[O-])c3c2c1,1.656137,6.022881,15.576788,4.216787,2.0997648,498.18726,201.1666,286.98123,2.800982180099263
Nc1oc2c([N+](=O)[O-])cccc2c1[N+](=O)[O-],1.6822963,6.3054705,17.202412,4.163135,2.1710117,522.7815,-156.81465,305.6697,2.8279878313411757
O=[N+]([O-])c1ccc2nc([N+](=O)[O-])oc2c1,1.6827338,6.5398803,18.568998,4.59317,2.307797,502.83734,-86.09492,278.87222,2.84595563287521
O=[N+]([O-])c1cnon1,1.7087513,8.142547,29.05055,6.5164585,4.090505,626.9207,203.2833,274.5054,3.708423714930303
O=[N+]([O-])N=Cn1c([N+](=O)[O-])nc2c([N+](=O)[O-])nc3ccccc3c21,1.6786982,6.537375,18.634907,4.622732,2.4305608,526.529,251.40646,189.96317,3.5878020347592496
O=[N+]([O-])c1cc([N+](=O)[O-])c2ocnc2c1,1.687328,6.5734634,18.760157,4.613041,2.3281822,505.96594,-88.29128,276.74127,2.778082462143505
O=c1nc2nccnc2n[nH]1,1.6409733,5.6954293,14.04485,2.8001406,1.6661038,595.99194,118.509735,278.47556,2.9879229324510757
Nc1c([N+](=O)[O-])c2oc([N+](=O)[O-])nc2c2nc3ccccc3nc12,1.6678507,5.7684402,14.413322,3.6719165,1.7620618,480.9761,64.9232,295.77396,3.2318415295927743
CN=C1N=c2nc([N+](=O)[O-])c([N+](=O)[O-])cc2=NC1=O,1.7105445,6.7205377,19.92241,4.3428254,2.4141667,558.4527,43.554966,228.00818,3.7678344638865084
O=[N+]([O-])c1cc([N+](=O)[O-])c2c(c1)[nH]c1ccc([N+](=O)[O-])cc12,1.6524829,5.964484,15.281307,4.2058268,2.0029056,476.74927,-51.596653,261.69934,2.5157956648790645
O=[N+]([O-])c1cccc2c1[nH]c1c2[nH]c2c([N+](=O)[O-])ccc(O)c21,1.6400914,5.2396855,11.712515,3.0982094,1.448119,469.24326,-220.4223,308.2664,2.879345061435373
O=c1n([N+](=O)[O-])cc2c3[nH]c4ccccc4c3nnn12,1.6182611,5.5478005,13.226017,3.491322,1.7775218,510.56357,183.40033,177.70662,3.246887455310466
Nc1nc2cc3[nH]c([N+](=O)[O-])nc3cc2[nH]1,1.6183214,5.5227165,12.954204,2.617737,1.6106426,616.1718,51.78803,301.37732,3.046225398425255
O=c1[nH]cnc2[nH]cc([N+](=O)[O-])c12,1.6952021,5.9517746,15.468638,3.0495522,1.6938589,558.6211,-147.91367,304.17828,3.0135282115472872
Oc1coc2nc3nonc3cc12,1.6754625,5.878872,15.005392,3.8293626,1.8284869,477.67004,-6.640943,287.04236,3.563169709522996
Nc1c([N+](=O)[O-])on2nccc12,1.6493909,6.7034616,19.216335,4.710301,2.7823043,591.75824,114.5314,311.38486,3.865597505463782
NN=c1[nH]cnc2[nH]cc([N+](=O)[O-])c12,1.6637857,6.279157,17.04683,3.3374598,2.2455363,676.5295,144.73602,308.01886,3.7355078046270496
O=c1[nH]c2cnc3c(cnc4[nH]cc([N+](=O)[O-])c43)c2[nH]1,1.6777157,5.2836175,12.18615,2.5628057,1.3035166,511.56158,-49.596134,293.4988,3.282783001869171
O=[N+]([O-])c1c([N+](=O)[O-])c2ncccc2c2oncc12,1.6803207,6.2621017,17.061327,4.741931,2.2282858,468.15298,157.28284,233.58644,3.0729337040470126
O=[N+]([O-])C1=CC2=[N+]([O-])c3ccccc3CN2c2nc([N+](=O)[O-])c([N+](=O)[O-])n21,1.686714,6.5173984,18.535702,4.651961,2.4488058,527.4511,167.04514,244.74222,3.9496525730646326
Nc1nc2c([N+](=O)[O-])ccc([N+](=O)[O-])c2[nH]1,1.7295499,6.5799913,19.172194,3.9854963,2.2806628,575.8226,-11.776105,276.01694,2.7844400674771332
Nn1ncc2cc([N+](=O)[O-])oc21,1.6590799,6.7686024,19.741735,4.750847,2.8219044,594.87036,104.35928,298.5432,3.704864638330915
O=c1[nH]cc(-c2c([N+](=O)[O-])[nH]c3nc4ccccc4c([N+](=O)[O-])c23)c(=O)[nH]1,1.6326379,5.336965,12.158922,2.92665,1.4076636,486.28333,-266.31955,254.90215,3.1772521156841753
O=[N+]([O-])c1cccn2ncc([N+](=O)[O-])c12,1.6348779,6.480947,17.882307,4.912689,2.6005218,529.01184,158.43842,264.23953,2.695434432124742
O=[N+]([O-])c1cc([N+](=O)[O-])c2nnncc2c1,1.6880574,6.8209,20.308542,5.2030115,2.756065,529.4046,298.20593,254.1186,2.815361412411269
O=[N+]([O-])c1ccc2c(c1)ncc1c2c([N+](=O)[O-])cn1[N+](=O)[O-],1.695357,6.5119348,18.66913,4.817259,2.421147,502.22495,145.08444,156.25592,3.065771818725219
O=[N+]([O-])c1cc2nccnc2cc1[N+](=O)[O-],1.628764,6.1841674,16.297094,4.5116134,2.275008,504.87067,128.93549,243.72047,2.4279428809427372
O=[N+]([O-])c1nc2c3ccccc3nc([N+](=O)[O-])n2n1,1.6544583,6.2463827,16.806618,4.3361053,2.2278528,514.8082,261.7688,247.07123,2.8998149812603664
Nc1cc2c(cc1[N+](=O)[O-])ncn1cc([N+](=O)[O-])c(=O)nc21,1.7211835,6.0554266,16.187777,3.5453286,1.8311204,519.0679,-47.954548,274.04706,3.0973987418021416
Nc1c([N+](=O)[O-])[nH]c2ccc([N+](=O)[O-])cc12,1.6546896,6.078623,15.824362,3.8239093,2.1003635,551.2894,-64.09196,308.57394,2.8155101927007475
O=[N+]([O-])c1ccc2cc(-c3nn[nH]n3)cnc2n1,1.605871,5.7759047,14.0608015,3.6222887,1.9996107,551.70496,360.55814,278.0282,2.8567349526191332
O=[N+]([O-])c1ccc2oncn12,1.6612114,6.659372,19.067703,5.000959,2.7213502,544.5814,133.67511,302.58762,3.990608773021794
O=[N+]([O-])c1cc([N+](=O)[O-])c2c(c1)nnc1[nH]cnc12,1.6764772,6.3575506,17.576303,4.3931932,2.2769783,519.54974,264.35376,242.77339,3.1144956779221946
O=[N+]([O-])c1c([N+](=O)[O-])c2nc3ccccc3nc2c2nonc12,1.6985621,6.295774,17.391981,4.77799,2.229906,465.71616,397.37723,233.38301,2.873279181257857
Nn1cnc2c3ocnc3c([N+](=O)[O-])cc21,1.6802176,6.0298185,15.823882,3.7320805,2.0019333,538.4561,88.62979,285.8557,3.477293090732948
O=[N+]([O-])c1cccc2c(-c3coc(O)c3O)[nH]nc12,1.6521864,5.4089046,12.580927,3.0864203,1.4938098,486.44125,-326.94852,280.54834,3.0509966938873623
O=[N+]([O-])c1cc([N+](=O)[O-])c2ncn(O)c2c1,1.7386435,6.955676,21.530077,4.924352,2.6781309,545.9771,33.55611,263.38858,2.879434342969084
O=[N+]([O-])c1cc([N+](=O)[O-])c2ncnnc2c1,1.6849921,6.742955,19.807924,4.986772,2.6388168,529.6592,260.00305,251.1892,2.7761327410825984
O=c1c([N+](=O)[O-])c[nH]c2cc([N+](=O)[O-])ccc12,1.6836596,6.031934,15.80818,3.9244301,1.9274637,493.43427,-160.00327,273.952,2.4188552106030983
Nc1c([N+](=O)[O-])n2c(=O)c3ccccc3nc2oc1=O,1.6369376,5.2657847,11.846968,2.706479,1.2956463,482.6897,-376.06696,263.69476,2.9213468443424873
Nc1c([N+](=O)[O-])cc([N+](=O)[O-])c2nc3c([N+](=O)[O-])cccc3nc12,1.7025619,6.304812,17.42939,4.24877,2.1532052,507.80753,84.35504,259.5937,2.8512959992562905
O=[N+]([O-])c1cc([N+](=O)[O-])c2cn[nH]c2c1,1.6503733,6.465214,17.89259,4.6382995,2.4773805,535.2304,86.12012,280.94864,2.5660438129877825
O=[N+]([O-])c1cn2c([N+](=O)[O-])nc-2c2ccccc2n1,1.6123803,5.855123,14.509279,4.0636735,2.0325446,500.17914,156.85657,273.47946,2.8728358811152273
O=[N+]([O-])c1cccc2nc3c([N+](=O)[O-])[nH]cc3nc12,1.6670687,5.9768624,15.47119,4.029231,1.9921794,495.43716,143.95963,265.22238,3.1061514108684936
O=c1[nH]c(=O)c2cc([N+](=O)[O-])ccc2[nH]1,1.6687009,5.291671,12.087088,2.4009922,1.2043383,507.8629,-417.9848,293.6202,2.1892460643949114
Nc1ccc([N+](=O)[O-])c2cc3[nH]nnc3c([N+](=O)[O-])c12,1.6665151,6.16077,16.427197,4.1311665,2.1979508,534.2599,206.70645,257.71783,3.217654536650178
O=[N+]([O-])c1ccc([N+](=O)[O-])c2c1[nH]c1[nH]cnc12,1.6977354,6.155707,16.60572,3.879279,2.0185895,523.2235,44.871586,263.8204,3.167491425991914
O=c1[nH]c2cc3c([N+](=O)[O-])c[nH]c3nc2[nH]1,1.7032099,5.565485,13.596296,2.5843048,1.3768939,537.0746,-164.42468,314.59598,3.0912469368867947
O=[N+]([O-])c1cc2c(ncn2[N+](=O)[O-])c2ccoc12,1.7004427,6.4500923,18.342558,4.5842023,2.2963321,500.94547,45.193134,143.34464,3.395664964453453
O=[N+]([O-])N=Cn1c([N+](=O)[O-])nc2c1c1ccccc1n2[N+](=O)[O-],1.6997977,6.811885,20.418283,4.9039063,2.673021,545.4421,261.77893,141.29128,3.871330981765043
Nc1n[nH]c2cncc([N+](=O)[O-])c12,1.6236842,6.1044636,15.82889,3.5985587,2.2418113,624.6849,160.74438,300.63647,2.953482057701134
Nc1c([N+](=O)[O-])cc([N+](=O)[O-])c2nc3ccc([N+](=O)[O-])cc3nc12,1.7102697,6.2979803,17.4503,4.1924515,2.118824,506.87704,61.596684,265.24313,2.756686295114278
O=[N+]([O-])N=Cc1c([N+](=O)[O-])nc2cc([N+](=O)[O-])ccn12,1.7160494,7.117721,22.35142,5.1893687,2.8959281,558.33636,191.95474,177.59393,3.641274769750412
O=c1[nH]c2cccnc2n1[N+](=O)[O-],1.6778408,6.1232624,16.45676,3.5331676,1.9617321,558.2124,-47.853672,153.28572,3.0008897500088256
Nc1coc2c([N+](=O)[O-])ccc([N+](=O)[O-])c12,1.7004025,6.432098,18.108255,4.3743973,2.289817,524.3374,-119.426285,291.55005,2.9218035737383143
O=c1[nH]ccc2nc([N+](=O)[O-])[nH]c12,1.6727593,5.937384,15.247696,3.2142837,1.760532,551.35443,-114.298035,290.61246,3.2948666730857497
O=[N+]([O-])N=Cc1c2cc([N+](=O)[O-])n([N+](=O)[O-])c2c2c3ccccc3nnn12,1.6519791,6.43278,17.889656,4.8531375,2.5138857,517.7669,416.87094,149.95323,3.8276539618380214
O=[N+]([O-])c1nc2c(o1)c([N+](=O)[O-])nc1ccccc12,1.6561433,6.0030026,15.532824,4.1703324,1.9615622,469.8301,21.570787,271.68103,3.072910191710294
O=[N+]([O-])c1c2cccnc2nc2nonc12,1.659015,6.2454643,16.822187,4.7501655,2.3203487,488.14972,377.38785,252.47252,2.957990615816561
O=[N+]([O-])c1ccc2nc3c([N+](=O)[O-])nccc3c([N+](=O)[O-])c2c1,1.6722101,6.1961107,16.67198,4.501769,2.152226,477.9173,123.71936,239.54448,2.805548564182626
O=[N+]([O-])N=c1[nH]c([N+](=O)[O-])nc2ccccc12,1.648579,6.3099775,17.13491,4.267022,2.3438516,550.4024,122.256775,178.4526,3.2555261563086404
Nc1cn2nnnc2cc1[N+](=O)[O-],1.7047644,6.8251143,20.37855,4.4278817,2.7571437,625.8066,325.33398,312.48978,3.156758980778056
O=c1nc([N+](=O)[O-])[nH]c2nc3ccccc3c(C=N[N+](=O)[O-])c12,1.645723,5.8110657,14.591117,3.6166265,1.8205408,505.87317,8.900317,179.02563,3.4276657345122956
CC1(C)Oc2c(c([N+](=O)[O-])c([N+](=O)[O-])c(N)c2[N+](=O)[O-])O1,1.6539084,6.755175,19.555933,4.5006785,2.65758,591.5907,-415.08218,230.18971,3.306371825560375
O=[N+]([O-])c1c([N+](=O)[O-])c2c3cnccc3[nH]c2c2cncnc12,1.636329,5.5834346,13.3635435,3.7270947,1.7618017,473.44824,216.83664,238.68422,3.1202732640980946
O=c1nc2nc[nH]c(=O)c2c[nH]1,1.6473545,4.984571,10.78926,1.807587,0.9954204,554.2722,-262.66394,292.72098,3.159970973172543
O=c1c([N+](=O)[O-])c[nH]c2ccc([N+](=O)[O-])cc12,1.6680416,5.9844713,15.453582,3.9225402,1.9210951,491.91995,-158.90567,276.95923,2.37923715040243
N=c1[nH][nH]c2ccnc([N+](=O)[O-])c12,1.6285436,6.142753,16.138096,3.718827,2.2886717,618.1255,161.23111,266.30154,3.7073897500088258
Nc1nnc2c([N+](=O)[O-])cc([N+](=O)[O-])cc2n1,1.6974969,6.7623367,19.98781,4.531513,2.575466,570.5227,202.1565,257.69608,2.7128752774927314
Nc1cc(O)cc([N+](=O)[O-])c1O,1.64598,5.823045,14.468569,3.0020611,1.74422,584.3901,-437.7293,317.14987,2.544080519224215
O=[N+]([O-])Nc1nc2cccc([N+](=O)[O-])c2c2ncc([N+](=O)[O-])n12,1.7173251,6.7813816,20.379366,4.6654067,2.5381124,545.987,200.07846,144.60472,3.217898014732075
O=[N+]([O-])c1ccc2ncc([N+](=O)[O-])n2c1,1.645304,6.4393435,17.7135,4.6405888,2.472529,533.53705,98.3298,293.9074,2.7984227998545723
Nn1cnc2cnn3cc([N+](=O)[O-])nc3c21,1.6432784,6.3427773,17.26597,4.02568,2.4592214,612.57574,367.4727,296.72266,3.4653177061175633
O=[N+]([O-])c1nc2cccc([N+](=O)[O-])c2n2cnnc12,1.6663417,6.3729954,17.570831,4.552469,2.3500116,516.8555,318.69562,244.00891,2.9199676663111642
O=[N+]([O-])c1cc([N+](=O)[O-])c2ncoc2c1,1.7248999,6.6835904,19.727007,4.613393,2.3349996,507.87836,-86.66053,263.2679,2.781354882406168
O=[N+]([O-])c1n[nH]c2nc3c([N+](=O)[O-])cccc3cc12,1.6362171,5.92628,14.987591,4.0744433,2.022545,496.86234,154.92154,263.27838,2.8458437185608023
O=[N+]([O-])c1ccc2nc3c(nc2c1)c([N+](=O)[O-])cc1nn[nH]c13,1.6621614,5.907126,15.079125,3.9389205,1.9332445,490.75937,303.9785,263.57718,3.0529809564057864
O=[N+]([O-])c1nc2nc3c([N+](=O)[O-])cccc3nc2[nH]1,1.6854178,6.219357,16.857227,3.9978397,2.0558503,515.9544,168.53314,258.84372,3.0919395095622537
O=[N+]([O-])c1ccc([N+](=O)[O-])c2nc3ccn([N+](=O)[O-])c3cc12,1.7000101,6.52781,18.806896,4.8321676,2.4248898,500.80658,145.16373,158.08722,3.1001933571867557
O=[N+]([O-])N=Cc1c2ccc([N+](=O)[O-])cc2nc2c1nnn2[N+](=O)[O-],1.7376827,7.032435,22.078688,5.1200347,2.7673006,541.7529,405.83823,138.06802,3.6691985382557535
Nc1ccc2nonc2c1[N+](=O)[O-],1.6786561,6.6194205,18.949127,4.853799,2.6833825,554.3792,215.9552,304.81613,2.7617666730857486
NN=c1c2nc3cc([N+](=O)[O-])ccc3nc2nc([N+](=O)[O-])n1N,1.7011561,6.4803987,18.445084,4.1477594,2.3754478,575.00055,324.06082,258.32953,3.3352782345122947
Nc1c2c([N+](=O)[O-])cc3nnnn3c2cc2c(=O)n([N+](=O)[O-])c3ccccc3c12,1.6748846,5.758807,14.525154,3.7340393,1.8296119,490.68723,208.49774,162.31433,3.409155519811824
O=c1ncccc2c1[nH]c1nc([N+](=O)[O-])cn12,1.630589,5.4864964,12.7929325,3.0815272,1.5779845,513.7287,3.4025295,297.4359,3.302382927994403
Nc1nc2oc3ncccc3c2c(=O)n1[N+](=O)[O-],1.6756817,5.814083,14.816823,3.2239275,1.67772,522.7033,-122.305336,180.34793,3.4516117336842225
Nn1ncc2c([N+](=O)[O-])cc([N+](=O)[O-])cc21,1.6698985,6.717806,19.506136,4.824857,2.7593381,573.7071,167.71295,281.97394,2.9088139494091543
O=[N+]([O-])c1ccc2nc3[nH]nc([N+](=O)[O-])c3cc2c1,1.6376635,5.896395,14.7998905,3.9885733,1.9847788,497.63837,132.87991,289.7134,2.7361429928713967
O=[N+]([O-])C1=C2OCOc3ccc([N+](=O)[O-])c(c32)CN1,1.7037759,6.190273,16.776932,3.9585435,2.0604234,522.1504,-284.6277,288.55832,3.4377067084011497
O=[N+]([O-])c1cnc2c([N+](=O)[O-])cccc2c1[N+](=O)[O-],1.7043306,6.737209,19.94164,5.083116,2.5645506,503.89963,77.77583,227.64597,2.591614554384247
O=[N+]([O-])c1ccc2cncc([N+](=O)[O-])c2n1,1.6393093,6.215653,16.549421,4.5158844,2.2871885,506.81314,125.578156,259.12567,2.7937079159077722
O=[N+]([O-])c1cccc2nc3c(nc12)c([N+](=O)[O-])nc1ccnn13,1.6514215,5.9331026,15.182286,4.053706,1.9920483,491.91037,359.15512,249.58607,3.0287629682401054
Nc1nnn2cnc3c([N+](=O)[O-])cc([N+](=O)[O-])cc3c12,1.6915816,6.475666,18.315277,4.3266983,2.3777337,551.4596,283.75867,256.8947,3.061177893293536
O=[N+]([O-])c1ccc(O)c2c1ccn2[N+](=O)[O-],1.6875297,6.4381285,18.197363,4.4282646,2.3392265,528.73364,-116.896385,159.75632,3.156396060321498
O=[N+]([O-])n1cnc2cncnc21,1.68492,6.6190376,19.323177,4.421885,2.5714693,583.7753,284.51743,129.94594,3.329863280864851
O=[N+]([O-])c1c[nH]c2[nH]c(O)cc12,1.6877695,5.883823,15.070362,3.1098726,1.757485,567.79474,-202.99777,323.81326,3.4988086942749703
O=[N+]([O-])c1nc2cccc([N+](=O)[O-])c2[nH]1,1.6395342,6.3068285,16.942123,4.2942457,2.2808974,532.36304,26.194857,287.25812,2.8587177341885326
O=[N+]([O-])c1nc2nc3cccc([N+](=O)[O-])c3cc2o1,1.6619161,6.014618,15.615885,4.169271,1.9546874,468.7477,8.194385,262.23895,3.0499229638438203
O=[N+]([O-])c1cc2c3ccccc3[nH]c2c2nnnn12,1.5790986,5.345565,11.903353,3.3852718,1.7902802,529.086,345.1658,295.39783,2.9141583141538874
O=[N+]([O-])c1ccc(O)c2nn[nH]c12,1.6595647,6.203271,16.475441,3.8210797,2.1243155,557.1504,-0.8253149,307.8379,2.995055134624211
Nc1nc(O)c([N+](=O)[O-])c2cccc(O)c12,1.6401519,5.2646875,11.835775,2.6013436,1.3682069,527.29315,-379.25647,289.90073,2.7984246828617483
O=[N+]([O-])c1ccc2ocnc2c1O,1.6867688,5.860057,14.953703,3.419388,1.6916393,497.19977,-286.27567,285.09573,2.7385051346242104
O=[N+]([O-])N=Cn1ncc2c3ncoc3cnc21,1.6676861,6.2056503,16.76004,4.030936,2.1685498,539.7761,237.56952,192.46338,3.988098920930039
O=[N+]([O-])N=Cc1c2ccccc2c([N+](=O)[O-])n2c([N+](=O)[O-])cnc12,1.648977,6.2872095,16.992867,4.61732,2.3490226,509.1197,202.3422,202.51749,3.536290146647361
Cc1nn([N+](=O)[O-])c2cnc(N[N+](=O)[O-])c([N+](=O)[O-])c12,1.7245035,7.458462,24.622189,5.4055967,3.2804532,608.2804,226.90082,125.00595,3.665454256929899
Nc1c([N+](=O)[O-])nc2c3cccnc3on12,1.6475201,6.0115194,15.43184,3.8871987,2.0959826,539.83167,131.6402,314.59683,3.500976167656024
O=c1cc([N+](=O)[O-])[nH]c2ccnn12,1.6266112,6.0123153,15.27361,3.642004,2.0039985,553.42834,-30.44763,293.14227,3.4576551346242095
O=[N+]([O-])c1cc2c3ccccc3n(O)c2c([N+](=O)[O-])n1,1.6277252,5.9082828,14.8947315,4.349759,2.1088092,485.02017,66.243,256.83118,2.938601669517311
O=[N+]([O-])c1cnc2c([N+](=O)[O-])c3cccc([N+](=O)[O-])c3nc2c1,1.6805774,6.220765,16.866512,4.515818,2.154237,477.08063,131.41754,241.26764,2.753399113633174
O=[N+]([O-])c1cnc2ccncc2c1[N+](=O)[O-],1.6279383,6.236748,16.561836,4.6346116,2.3518326,507.69235,151.6708,234.74374,2.6408306431805
O=[N+]([O-])c1cc2c([N+](=O)[O-])c3ccccc3nc2nc1[N+](=O)[O-],1.667859,6.173809,16.514978,4.5065403,2.1419592,475.47903,132.78918,226.75,2.7950584542925156
O=[N+]([O-])c1cc2oc3c([N+](=O)[O-])cccc3c2o1,1.667422,6.037304,15.7279415,4.333284,1.9512852,448.6598,-204.33904,287.0678,2.955625887530376
O=[N+]([O-])N=Cc1nn([N+](=O)[O-])c2c([N+](=O)[O-])cccc12,1.702384,7.1823525,22.639526,5.570464,3.0853527,554.2223,293.4258,122.75215,3.6717619492375917
O=[N+]([O-])c1cc([N+](=O)[O-])c2c([N+](=O)[O-])c3ccccc3nc2n1,1.6604778,6.145145,16.294338,4.462876,2.127919,477.57678,121.69824,222.71922,2.8297925202265812
Nc1nc2cc([N+](=O)[O-])cc([N+](=O)[O-])c2[nH]1,1.6675391,6.382487,17.523396,3.914767,2.2367167,574.4212,-32.922527,291.63406,2.7304304073697985
O=[N+]([O-])Nn1c([N+](=O)[O-])nc2nc3ccccc3nc21,1.6588395,6.4028053,17.846281,4.442255,2.4119897,544.70026,312.37076,137.54987,3.1641320041826466
O=c1nc[nH]c2ncc([N+](=O)[O-])cc12,1.6483968,5.687612,13.856736,3.1599247,1.6462858,523.1052,-86.08811,289.37003,2.5874415324376994
O=[N+]([O-])c1coc2n[nH]cc12,1.6889309,6.591938,18.913408,4.4441,2.443038,550.68286,16.674974,306.6092,3.7329229169423908
O=[N+]([O-])c1cnc2c(c1)ncn2[N+](=O)[O-],1.7318639,7.0890956,22.43114,5.03136,2.825959,563.463,214.30542,132.81612,3.210102724807669
O=[N+]([O-])N=Cn1c2ccc([N+](=O)[O-])cc2c2cnc([N+](=O)[O-])nc21,1.708315,6.5524955,18.94956,4.463932,2.3526018,528.32227,188.62341,179.76671,3.5669908459480597
N=c1[nH]cnc2nc([N+](=O)[O-])ccc12,1.6316122,5.6686387,13.735961,3.0395951,1.7686191,584.29205,68.762314,279.51636,3.3898119466388845
O=[N+]([O-])c1ccc([N+](=O)[O-])c2n[nH]cc12,1.7156094,6.693864,19.773355,4.7620044,2.549444,537.09894,116.42407,271.03632,2.920093343944629
Nc1c([N+](=O)[O-])ccc2c(N[N+](=O)[O-])c3cccc([N+](=O)[O-])c3nc12,1.6669786,6.1378536,16.443369,4.158925,2.177024,524.15796,45.232044,149.8195,2.986542638891576
O=[N+]([O-])c1ccnc2c1ncc1[nH]cc([N+](=O)[O-])c12,1.6683878,5.998241,15.619087,4.05227,2.01377,497.8823,145.03137,263.8326,3.0527366068046327
O=[N+]([O-])c1ccc2c([N+](=O)[O-])c3nc4ncccc4c([N+](=O)[O-])c3nc2c1,1.6556869,5.8430204,14.766112,4.1429033,1.9008809,458.4065,181.41736,240.72276,2.9418951926072534
O=[N+]([O-])c1cccc2nc3cncc([N+](=O)[O-])c3c([N+](=O)[O-])c12,1.652115,6.179521,16.453585,4.61997,2.2130685,478.04242,163.78949,222.20663,2.8651903224243824
Nc1c([N+](=O)[O-])oc2cccc([N+](=O)[O-])c12,1.6590191,6.2815614,16.935263,4.2837205,2.228953,521.4615,-132.99902,296.609,2.851432911842071
CN1CN(c2ncnn3c(N)c([N+](=O)[O-])nc23)C1=O,1.6345155,6.1585054,16.153252,3.1846766,2.137167,672.6469,72.03093,317.8007,3.4853921387907905
O=[N+]([O-])c1cnnc2[nH]cnc12,1.6738806,6.5495167,18.6461,4.246863,2.46957,583.15857,251.95944,279.28873,3.3228954075616848
Nc1ccc([N+](=O)[O-])c2nc3cc([N+](=O)[O-])c4[nH]c5nccnc5c4c3nc12,1.6417572,5.3799,12.4293585,3.1894493,1.5612688,490.4224,206.11789,276.60754,3.223533932199177
O=[N+]([O-])n1nnc(-c2cc3ccccc3n2[N+](=O)[O-])n1,1.6360027,6.4817405,18.061699,4.933596,2.6664004,540.10266,417.12375,139.01823,3.4686460151716574
O=[N+]([O-])c1cc2cccnc2c([N+](=O)[O-])n1,1.6192555,6.1553063,16.096094,4.5089736,2.2748969,505.0798,120.990906,244.33899,2.8287670068168627
O=[N+]([O-])c1cccc2c1cnn2[N+](=O)[O-],1.681065,6.6967044,19.606588,5.072595,2.7212584,536.6315,188.62888,136.88425,2.933554507171646
Nc1nc2c3cc([N+](=O)[O-])cc([N+](=O)[O-])c3ncn2n1,1.6952419,6.378328,17.794907,4.0309258,2.2170644,552.5772,198.88788,258.53857,2.7848111800068214
O=[N+]([O-])c1cc([N+](=O)[O-])c2ccncc2n1,1.6369128,6.2215824,16.559364,4.535352,2.3026288,508.149,128.52032,256.85724,2.7178844893343452
O=[N+]([O-])c1cc([N+](=O)[O-])c2c(cc([N+](=O)[O-])c3cccnc32)n1,1.6767069,6.1961403,16.701584,4.470307,2.1356976,478.25323,118.40347,235.36256,2.8639397729738327
Nc1cnc([N+](=O)[O-])c2nc3c([N+](=O)[O-])cccc3nc12,1.6366014,5.828942,14.539153,3.8235884,1.9460676,509.49887,172.39572,256.9628,2.9848979970899947
O=[N+]([O-])NN=c1[nH]cnc2c1c([N+](=O)[O-])cc1[nH]ncc12,1.6961688,6.5334473,18.787968,4.2439804,2.4206545,572.6051,277.94342,169.75587,3.7959893831440343
Nc1nc2cc([N+](=O)[O-])ccc2nc1[N+](=O)[O-],1.6644325,6.2185354,16.648655,3.9531078,2.144775,544.7381,40.272297,279.53943,2.5982923343489173
O=[N+]([O-])C1=CC2=NNc3cnnc2c3N1,1.6541076,6.3155847,17.243406,4.2470546,2.4228618,571.3054,340.0873,293.8257,5.145719493322842
O=[N+]([O-])N=Cc1[nH]c([N+](=O)[O-])c2c([N+](=O)[O-])cccc12,1.6862864,6.7641864,19.934175,4.9606166,2.6673756,538.5712,96.168335,207.81456,3.5936465646222064
O=[N+]([O-])N=Cc1c2ncnc-2c2ccc3[nH]ncc3c2n1[N+](=O)[O-],1.6560229,6.1238093,16.28231,4.2283607,2.2167356,525.48627,405.4725,147.8173,3.8376076908678467
O=C1c2nonc2C(=O)N1c1cccc([N+](=O)[O-])c1,1.6663898,5.8868375,14.950597,3.8280816,1.7892642,468.00046,-91.54474,275.50943,2.576912223640628
O=[N+]([O-])c1cccc2c1OCc1nncc([N+](=O)[O-])c1-2,1.635154,5.9479837,15.11875,4.334909,2.1113918,486.7066,57.45046,242.66971,3.0767726635233057
O=[N+]([O-])C1=COc2cc3c(cc2C1O)OCO3,1.6333339,5.5309415,12.982286,3.2503767,1.5948312,492.66617,-571.114,318.30234,3.6689956142983764
O=[N+]c1cc2cn[nH]c2cc1[N+](=O)[O-],1.6322116,6.245665,16.633068,4.525262,2.40611,533.4041,197.43268,261.4595,3.380645082733558
O=[N+]([O-])C=C1c2ccc(N[N+](=O)[O-])cc2Oc2cc([N+](=O)[O-])cc([N+](=O)[O-])c21,1.6936101,6.556095,18.853895,4.792416,2.4289095,506.43115,-113.8813,146.52644,3.3185939819096273
O=[N+]([O-])c1cnc2ncn([N+](=O)[O-])c2c1,1.7179745,7.0436153,22.0205,5.0319467,2.8247921,561.896,209.0213,130.80411,3.2935409987288695
O=[N+]([O-])c1cccc2nc3c([N+](=O)[O-])ccc([N+](=O)[O-])c3nc12,1.6783742,6.2053103,16.762142,4.4949703,2.1397374,475.85757,124.40881,247.45663,2.655788124622184
O=[N+]([O-])c1c[nH]c2ncc(O)cc12,1.6313902,5.5570383,13.106794,3.1312463,1.6517603,529.0727,-149.97014,318.6741,2.8377705192395943
O=[N+]([O-])c1ccc2c([N+](=O)[O-])nc3[nH]cnc3c2c1,1.6591899,5.869769,14.893175,3.801239,1.8867916,498.04086,88.20236,252.96721,2.95785387821247
Nc1cnc([N+](=O)[O-])c2ocnc12,1.678228,6.2032294,16.71048,3.7023368,2.0644717,559.31757,-24.371046,295.087,3.421824365393441
O=[N+]([O-])N=Cc1cc([N+](=O)[O-])c2c([N+](=O)[O-])ccnc2n1,1.6868613,6.8478374,20.460766,5.0675287,2.707792,534.317,213.03952,196.61514,3.4761424058572707
O=c1c2c([N+](=O)[O-])cccc2ncn1[N+](=O)[O-],1.6852502,6.478027,18.396215,4.4396706,2.3086069,521.2626,-22.946821,155.53152,2.9798471838472445
O=[N+]([O-])c1ccc2nc3cc([N+](=O)[O-])[nH]c3nc2c1,1.6501713,5.844074,14.626716,3.8142006,1.8820901,494.51532,91.47064,291.12845,2.8928344297364177
Nc1c([N+](=O)[O-])ccc2nn[nH]c12,1.6216506,6.1255136,15.878868,3.6632068,2.287567,625.7148,184.27179,312.5826,3.0923474423165187
O=[N+]([O-])c1nc2ncccc2c2ncnn12,1.6212887,5.7855473,14.234294,3.7035632,1.9557769,528.3573,317.18893,252.55803,2.9307287429068616
O=c1[nH]c(=O)c2cc3nc4cnc5cc([N+](=O)[O-])ccc5c4nc3nc2[nH]1,1.6402967,4.8641477,10.180796,2.3404438,1.0647514,461.3731,-106.94314,284.8091,2.946065821977882
O=C1c2ccccc2-c2nc([N+](=O)[O-])nc([N+](=O)[O-])c21,1.6450075,5.768921,14.31487,3.971206,1.7900407,451.70935,12.71918,233.66026,2.8034355156711577
O=[N+]([O-])Nc1ncnc2c1[nH]c1ccncc12,1.5865946,5.560442,13.111035,3.16031,1.855784,586.78796,228.33405,157.4999,2.9820769429080602
O=[N+]([O-])c1nc2c([N+](=O)[O-])cccc2o1,1.6924281,6.5922117,18.942167,4.6618214,2.3447778,503.5531,-65.79233,267.0368,3.0122175465712706
C[n+]1cc2c(cc([N+](=O)[O-])c3c([N+](=O)[O-])c[nH]c32)c2c([N+](=O)[O-])ccc(O)c21,1.6451967,5.74532,14.158199,3.7914047,1.878546,496.33786,-179.66386,255.07274,3.448922726848897
O=c1n([N+](=O)[O-])nc2c([N+](=O)[O-])cc3ccccc3n12,1.6914896,6.2223625,17.069933,4.1562867,2.1011455,507.53857,38.625675,158.9004,3.0595062849019268
O=[N+]([O-])N=CN=c1c2cnc3c([N+](=O)[O-])cccc3c2ncn1[N+](=O)[O-],1.6987371,6.564361,19.009262,4.61119,2.4527884,533.1652,294.14444,139.15425,3.8283641048482746
O=[N+]([O-])N=Cc1cnc2c3cc([N+](=O)[O-])ccc3n([N+](=O)[O-])c2n1,1.7087977,6.691837,19.82922,4.853269,2.546111,524.8964,283.36533,144.75938,3.6299719648291795
O=c1[nH]cc([N+](=O)[O-])c2nc[nH]c12,1.7196758,6.055186,16.166374,3.1250892,1.7362733,559.2459,-131.97302,306.29095,3.1097666730857494
O=c1[nH]c2cc([N+](=O)[O-])cnc2[nH]1,1.6986358,5.87249,15.05886,2.8945475,1.5877515,552.63837,-174.53693,295.81445,2.6733128269319035
Nc1nc2n(c1[N+](=O)[O-])-c1nc3c([N+](=O)[O-])cccc3cc1CO2,1.6446406,5.6882176,13.834515,3.4807627,1.7837099,514.0882,-39.945568,280.16104,3.371660817767286
O=[N+]([O-])c1ccc2nc3c([N+](=O)[O-])ccc([N+](=O)[O-])c3nc2c1,1.6842991,6.196531,16.755527,4.429831,2.1083903,475.87122,103.0076,251.10687,2.5581749378089995
Nc1ncnc2nc([N+](=O)[O-])cnc12,1.658466,6.1280527,16.265062,3.4446578,2.0506372,596.8909,168.47968,274.8014,2.9192734851004225
O=[N+]([O-])c1ncc2ncncc2n1,1.6653392,6.175697,16.672956,3.9700553,2.159835,545.60077,244.13626,260.71225,3.1064547188237963
O=[N+]([O-])c1cccc2c([N+](=O)[O-])c3ocnc3nc12,1.6827565,6.0931196,16.189875,4.202012,1.9794816,471.26288,22.252428,250.37119,3.020942702595635
O=[N+]([O-])N=Cn1ncc2c3ccnc([N+](=O)[O-])c3ncc21,1.6615634,6.3257284,17.37493,4.456693,2.3710525,531.746,368.06747,196.21866,3.6950438811883624
Nc1c([N+](=O)[O-])oc2c1cnc1occc12,1.6449764,5.6108575,13.435006,3.4296868,1.6728244,487.93167,-153.30864,315.5317,3.4107884753483315
O=[N+]([O-])c1ccc2c(cnn2[N+](=O)[O-])c1,1.6815403,6.6810207,19.547203,5.0508995,2.705145,536.09674,185.8169,140.78217,2.9047578842823416
Nc1nc2nc([N+](=O)[O-])ccc2[nH]1,1.6100804,5.744819,13.89691,2.9273174,1.804087,617.95966,29.312578,291.9412,2.9227782115472873
Nc1ccc2ncc3nc4c(=O)n([N+](=O)[O-])c5c([N+](=O)[O-])cnn5c4nc3c2c1,1.6765908,5.928318,15.505859,3.7204807,1.8862821,508.74057,242.02747,153.15173,3.4203452634015665
O=[N+]([O-])c1ccc2nncn2n1,1.6372246,6.603168,18.641003,4.804663,2.7628825,576.11237,368.33896,278.33548,2.8843917876521825
COc1ccc([N+](=O)[O-])c2onc([N+](=O)[O-])c12,1.6646094,6.7123847,19.425264,5.032377,2.6861758,533.2836,-98.24296,265.9827,2.859457886188382
O=c1c2ccncc2[nH]c2c([N+](=O)[O-])cc([N+](=O)[O-])cc12,1.6466953,5.588269,13.370524,3.6156857,1.6843414,466.67297,-84.38034,284.39932,2.5750661668512667
O=c1[nH]cnc2c([N+](=O)[O-])cncc12,1.6829236,5.8321843,14.849551,3.2968106,1.7127825,522.46594,-61.209698,267.04913,2.8476356152779374
O=c1[nH]c2nc[nH]c(=O)c2[nH]1,1.6807909,5.146103,11.689473,1.6461525,0.9758521,589.78156,-322.02533,300.02216,2.993207780465964
Nn1c([N+](=O)[O-])nc2c([N+](=O)[O-])c3nc4ccccc4nc3c([N+](=O)[O-])c21,1.706218,6.4191284,18.180544,4.447932,2.2714732,511.94165,288.03375,247.33365,3.2734045481166074
O=c1n(C=N[N+](=O)[O-])c2c([N+](=O)[O-])nc3ccc([N+](=O)[O-])cc3c2n1S(=O)(=O)c1ccccc1,1.6283798,5.900942,14.900225,3.862185,1.9340322,502.0109,-125.16474,193.62334,3.4156138467654484
O=[N+]([O-])c1cc2[nH]c3cccc([N+](=O)[O-])c3c2nn1,1.6332548,5.9316273,14.996021,4.14358,2.0561993,496.77286,181.59857,261.88477,2.9541128041921514
O=C(O)c1cc2c3ccc([N+](=O)[O-])cc3n([N+](=O)[O-])c2cn1,1.6653577,5.820316,14.804712,3.6009376,1.7542225,489.396,-255.70589,156.05707,2.8643172033406046
O=[N+]([O-])c1c[nH]c(=Nc2nc3c([N+](=O)[O-])cccc3[nH]2)nc1[N+](=O)[O-],1.6968455,6.4981213,18.498026,4.196622,2.2729292,544.2909,126.9426,244.89917,3.532847891695037
O=[N+]([O-])c1cnc2nc3nncc([N+](=O)[O-])c3cc2c1,1.6702933,6.1879845,16.605124,4.3829145,2.1698189,494.32007,307.54544,264.48514,3.0647042569298995
Nc1nc2ccc([N+](=O)[O-])cc2nc1[N+](=O)[O-],1.6653366,6.224787,16.700212,3.9514465,2.1488056,545.5892,40.255238,280.11087,2.5982923343489173
O=[N+]([O-])c1cnc2nn[nH]c2c1,1.6340508,6.4559164,17.751625,4.3738184,2.5195372,576.68567,284.9914,284.40848,3.132461923398788
O=[N+]([O-])c1ccc2[nH]cnc2c1[N+](=O)[O-],1.6696945,6.42982,17.890617,4.3767676,2.3330076,535.38257,36.77866,241.30063,2.6802239255581384
O=[N+]([O-])c1cc2cnc3cc([N+](=O)[O-])c4ccoc4c3c2o1,1.6540856,5.645511,13.707572,3.921817,1.6978959,431.1903,-133.1611,283.56955,3.2778226127698833
O=[N+]([O-])c1ccnc2c1OCO2,1.6465263,6.1160107,15.999548,3.884621,2.0328104,525.13007,-249.22023,287.45248,2.9273148645752585
O=[N+]([O-])c1cc([N+](=O)[O-])c2c3nc4ccccc4nc3n([N+](=O)[O-])c2c1,1.6715398,6.090734,16.2494,4.3579297,2.0945418,481.25043,200.71683,155.87798,2.933854489463661
O=[N+]([O-])c1cc([N+](=O)[O-])c2nc3cccc([N+](=O)[O-])c3nc2c1,1.6735481,6.16621,16.497322,4.436653,2.1061,474.61432,107.226746,249.03108,2.579610102644164
O=[N+]([O-])c1cc([N+](=O)[O-])c2ncc3nc4c([N+](=O)[O-])cccc4nc3c2c1,1.6683376,5.8744636,14.968943,4.131811,1.8979957,458.80286,176.85553,251.03583,2.788470577222636
COc1c([N+](=O)[O-])ccc2c(N[N+](=O)[O-])onc12,1.6731387,6.85365,20.453056,5.0234747,2.860554,569.3731,-48.61156,145.93446,3.1373538875303764
O=[N+]([O-])c1nc2nc3ccccc3nc2c2ncnc-2c1[N+](=O)[O-],1.6584209,5.77668,14.5301695,3.858698,1.8371383,476.54498,333.2912,236.03273,2.9880850664334577
Cc1nc2cc([N+](=O)[O-])c([N+](=O)[O-])c([N+](=O)[O-])n2n1,1.7076551,7.2845106,23.254992,5.271211,3.0581033,581.8875,150.6307,220.4318,3.1772926358322104
Nc1cnc2c(=O)[nH][nH]c(=O)c2c1,1.6017656,5.1107025,11.100789,2.1098802,1.3043423,618.11365,-172.39417,294.04346,2.86285513462421
Nc1c2ccccc2nc2nn([N+](=O)[O-])c(N[N+](=O)[O-])c12,1.6412766,6.1862903,16.529501,4.1717353,2.3345919,560.78265,249.50842,157.22899,3.318158209291587
O=[N+]([O-])c1ccc2c([N+](=O)[O-])c3[nH]c4ccccc4c3nc2c1[N+](=O)[O-],1.6466036,5.7098346,14.036684,4.0049143,1.8337829,457.79538,58.397526,237.62039,2.8211506433098155
O=[N+]([O-])Nc1nc2ccccn2c1[N+](=O)[O-],1.6435144,6.594187,18.726854,4.7136326,2.6927161,572.3829,167.92975,133.92477,2.8923806431805
Nn1c([N+](=O)[O-])cc2nc3ccc([N+](=O)[O-])cc3nc21,1.6587912,6.1076274,16.063612,4.1318083,2.176119,527.96246,190.0817,292.82413,2.8825322988879414
O=[N+]([O-])c1cc([N+](=O)[O-])c2nc3c([N+](=O)[O-])cccc3nc2c1,1.6754797,6.1838083,16.59022,4.455916,2.1230285,476.50195,113.15485,250.28995,2.598658454292515
O=[N+]([O-])c1ccc2nc3[nH]c([N+](=O)[O-])cc3nc2c1,1.6549883,5.862045,14.753155,3.8203757,1.8868418,495.0984,90.56607,290.71332,2.8928344297364177
O=[N+]([O-])c1ncc2ccoc2n1,1.6331106,6.0320907,15.54084,4.027027,2.054165,511.5576,-1.2872747,262.63168,3.3487958600503713
O=[N+]([O-])c1cc([N+](=O)[O-])c2[nH]c3ccccc3c2n1,1.6013064,5.4630413,12.532156,3.6793587,1.7432741,473.9894,29.517977,282.58582,2.6013964036116004
O=[N+]([O-])c1cncc2c1[nH]c1c2ccc2c1ncn2[N+](=O)[O-],1.6704214,5.8414235,14.973931,3.8644953,1.9132787,495.15015,188.6641,166.90375,3.3801054911817943
O=[N+]([O-])c1cc2c([N+](=O)[O-])cccc2o1,1.6262945,6.134059,15.9572735,4.5875044,2.1948633,477.39783,-118.09228,283.50143,2.5708359330628294
O=c1c([N+](=O)[O-])c[nH]c2[nH]cnc12,1.7043295,6.0882673,16.283634,3.3140688,1.8306686,555.8767,-91.09395,283.1814,3.3493435961626714
Nc1c([N+](=O)[O-])n(C=N[N+](=O)[O-])c2cc([N+](=O)[O-])ccc12,1.7177494,6.880565,20.90206,4.713744,2.6907713,572.2806,80.96318,191.25166,3.510485378673928
O=[N+]([O-])c1cnc2nc3occc3c([N+](=O)[O-])c2c1,1.6848099,6.109458,16.24465,4.2356596,1.9937242,470.79538,23.370836,258.95895,3.0777171583285803
O=[N+]([O-])c1ccc2nc3c([N+](=O)[O-])cc([N+](=O)[O-])cc3nc2c1,1.682431,6.1803885,16.620949,4.3961196,2.0921402,476.27728,91.26022,252.21503,2.501045267479327
Nn1nnc2nc3cccc([N+](=O)[O-])c3c([N+](=O)[O-])c21,1.6638536,6.519019,18.361296,4.6933002,2.5546384,545.4989,369.76102,235.28989,3.18974320797885
Nc1cnc2oc([N+](=O)[O-])c(N)c2c1,1.6462871,5.8724666,14.739197,3.3348222,1.9312003,581.6088,-77.44357,318.7935,3.2641141889310044
O=[N+]([O-])c1cc(O)c2nn[nH]c2c1,1.6560439,6.1785507,16.372469,3.7854576,2.1027973,557.61847,-9.612439,290.8487,3.056155134624211
Nc1c([N+](=O)[O-])cc([N+](=O)[O-])c2ncncc12,1.7025656,6.4187837,18.088175,4.198545,2.2877288,546.88214,86.43814,271.65323,2.7818923343489175
O=[N+]([O-])c1ccc2nc3ccc([N+](=O)[O-])c([N+](=O)[O-])c3nc2c1,1.6841247,6.2053814,16.808758,4.4556785,2.1196105,475.5093,107.59943,234.50052,2.5640298828639434
O=[N+]([O-])c1cn2ccc3nn[nH]c3c2n1,1.6103331,5.9984508,15.135909,3.8541355,2.162651,560.9485,300.00146,297.26828,3.535939558875473
O=c1oc2c([N+](=O)[O-])n[nH]c2c2nc3c(cc([N+](=O)[O-])c4ccccc43)nc12,1.6757557,5.5465603,13.378048,3.465269,1.5320572,443.35077,-44.425426,268.98923,3.1870834940297517
O=[N+]([O-])c1cc2ccon2n1,1.6208025,6.5676494,18.248878,5.0765276,2.748131,541.9169,118.37964,286.45407,4.0848564157016956
O=[N+]([O-])c1ccc2cnn([N+](=O)[O-])c2c1,1.6704396,6.655895,19.289248,5.0377216,2.7060356,537.6354,182.87271,139.66565,2.9119984096106712
O=[N+]([O-])c1cc2nc[nH]c2o1,1.657622,6.3030753,17.049932,3.9897811,2.1745706,547.1189,-65.684204,298.89716,3.6047164653294868
O=[N+]([O-])c1cn2c([N+](=O)[O-])nc3nc4ccccc4cc3c2n1,1.6185839,5.4795957,12.744347,3.5997288,1.7037011,473.07013,193.92065,279.4411,3.0158072285951354
O=[N+]([O-])c1ccc2cc([N+](=O)[O-])oc2c1,1.6218807,6.106101,15.795961,4.53842,2.1735308,478.09012,-133.39284,286.09518,2.490524863644442
O=[N+]([O-])N=CN=c1[nH]c([N+](=O)[O-])nc2cc([N+](=O)[O-])ccc12,1.7336298,6.9156585,21.23125,4.6149426,2.599835,565.2683,136.60098,187.77844,3.8289672033406026
O=c1c2c([N+](=O)[O-])c3ccccc3nc2nc2oc([N+](=O)[O-])cn12,1.6608676,5.7235384,14.150984,3.6328588,1.6566387,458.58493,-110.19159,244.43285,3.226362999167975
COc1c(O)c([N+](=O)[O-])cc2occ(O)c12,1.641678,5.703417,13.870653,3.2332525,1.6775595,520.4563,-631.5588,284.4087,2.903713412736524
Nc1cc2cc([N+](=O)[O-])oc2c2c([N+](=O)[O-])ccnc12,1.6334907,5.8044147,14.387027,3.9340737,1.917617,488.7305,-58.496456,255.19756,3.1631057254613673
O=[N+]([O-])c1c2nnn([N+](=O)[O-])c2cc2[nH]c3ccccc3c12,1.6331617,5.8412275,14.7091465,4.165383,2.0440516,491.37613,278.49466,154.15872,3.1789700073108254
O=[N+]([O-])c1nnc2ncccn12,1.6461757,6.519311,18.212315,4.5534534,2.604799,573.09143,315.5652,285.99863,3.016260113444037
O=[N+]([O-])N=Cc1ccc2nnn(C=N[N+](=O)[O-])c2c1[N+](=O)[O-],1.7038919,7.3092656,23.385004,5.5021524,3.181094,578.5414,427.5566,182.56339,4.129121818725219
O=[N+]([O-])c1cccc2c1Oc1cccc([N+](=O)[O-])c1O2,1.6362724,5.6326275,13.536311,3.9224434,1.7507973,445.3743,-254.91684,270.69168,2.628263597589239
O=[N+]([O-])c1cn2c(nnc3cccc([N+](=O)[O-])c32)n1,1.6556602,6.361304,17.416172,4.6086097,2.3802838,516.96484,328.2927,242.7987,3.0100199159483196
O=[N+]([O-])c1ccc2oc([N+](=O)[O-])cc2c1,1.6259025,6.109784,15.822116,4.5206165,2.1613953,477.42026,-138.51375,287.88422,2.4872862144887193
O=[N+]([O-])c1cccn2c([N+](=O)[O-])cnc12,1.6851424,6.5731325,18.819328,4.7258716,2.5136683,533.1092,116.129,280.29526,2.826354882406168
O=[N+]([O-])c1ccn2cc([N+](=O)[O-])nc2c1,1.6378285,6.3699064,17.292036,4.499972,2.3960543,533.7713,66.24481,286.32492,2.976534994976525
O=[N+]([O-])n1cnc2c3nccnc3ncc21,1.6477007,5.958665,15.515075,3.8692985,2.0714824,536.0186,343.9307,149.20818,3.3832090104653885
O=c1[nH]c2[nH]c([N+](=O)[O-])nc2c2c(=O)[nH]c3ccccc3c12,1.6451598,4.8958945,10.277549,2.3214767,1.0811675,471.24286,-275.01654,288.3773,3.0470965581793124
O=c1c([N+](=O)[O-])coc2cccc([N+](=O)[O-])c12,1.6678541,6.151055,16.347734,4.320371,2.0135612,466.53983,-239.19023,250.78802,2.6737328025763425
O=[N+]([O-])c1cn2c(nnc3c([N+](=O)[O-])cccc32)n1,1.6943138,6.4494743,18.19499,4.5656404,2.3609223,517.9667,312.7374,259.93124,2.931749959489684
O=c1[nH]c2c3nc4ccccc4nc3c([N+](=O)[O-])cc2n1N[N+](=O)[O-],1.6665006,5.8359833,14.924645,3.5944371,1.8166707,508.608,35.97083,162.4893,3.198266620792026
O=[N+]([O-])c1nc2c(c3ncnn13)-c1nc3ccccc3nc1-2,1.587302,5.232672,11.528463,3.3398669,1.6205739,484.44626,438.37668,256.29858,3.0200671071867573
O=[N+]([O-])c1n[nH]c2nc3ccccc3c([N+](=O)[O-])c12,1.6274418,5.920082,14.895489,4.1180143,2.0494068,498.34375,171.6214,249.5593,2.775918029155866
O=[N+]([O-])c1cccc2nc3ocnc3c([N+](=O)[O-])c12,1.675758,6.066035,15.976459,4.1691227,1.9664925,472.30957,17.883043,232.90628,3.001787985614504
O=[N+]c1ccc2c(c1)[nH]c(=O)n2O,1.6389831,5.653504,13.659133,3.231285,1.7300712,538.3407,-145.49998,297.49774,3.660966673085749
O=[N+]([O-])c1cc2c(nc1[N+](=O)[O-])oc1nc3ccccc3nc12,1.6535778,5.6851525,13.995245,3.8566775,1.7350742,449.79514,77.837204,236.85875,2.9465508972341894
O=[N+]([O-])N=Cc1oc2cccc([N+](=O)[O-])c2c1[N+](=O)[O-],1.6858596,6.8722944,20.542929,5.248783,2.7181613,516.5844,12.155307,197.22473,3.3613183594940015
Oc1cc2nnc3cn[nH]c3c2[nH]1,1.580969,5.33434,12.002372,2.5883484,1.6279209,628.30035,144.56616,304.50192,3.576243393733523
O=[N+]([O-])c1ccc2nc3cc([N+](=O)[O-])cc([N+](=O)[O-])c3nc2c1,1.6815087,6.175487,16.582802,4.3896546,2.0881433,476.04358,89.8548,253.31154,2.501045267479327
O=c1[nH]c2c([N+](=O)[O-])cccc2c2ncnn12,1.660525,5.508541,13.042959,2.9977598,1.5281799,511.64545,-28.336622,293.75302,2.722229081840556
O=[N+]([O-])c1cc([N+](=O)[O-])c2[nH]cnc2c1,1.6376587,6.294071,16.86446,4.2521334,2.265777,534.5447,3.1147945,286.16248,2.6853470024812136
O=[N+]([O-])c1nc2cccc([N+](=O)[O-])c2c2nc[nH]c12,1.6468531,5.862735,14.758001,3.8589606,1.9123329,496.84567,101.92996,249.99628,2.9129662149323536
Nc1coc([N+](=O)[O-])c2nccc1-2,1.6114004,5.7643776,14.00914,3.7504084,2.0020823,535.01385,-24.511442,301.379,3.2942897500088257
O=[N+]([O-])N=Cc1c2ccncc2nn1[N+](=O)[O-],1.6720617,6.927924,20.868702,5.297741,2.997127,566.1314,375.29947,144.88336,3.954916009009132
Cc1nn2c([N+](=O)[O-])nnc2c(N)c1[N+](=O)[O-],1.7201241,7.2427998,23.086065,4.9074006,3.0911522,631.9716,275.26596,281.75275,3.2765158126097873
O=[N+]([O-])c1cc([N+](=O)[O-])c2ncccc2n1,1.6238915,6.171924,16.209238,4.507407,2.2738528,505.33328,122.2818,252.3154,2.61984113269099
Oc1c2c(c3noc1c3O)=CC=NN2,1.6439145,5.480104,12.900919,3.1966686,1.6199691,508.23178,-167.57564,302.95337,4.805413476842441
c1cc2c[nH]c3c2c(n1)c1nnnn13,1.5701727,5.3194447,11.885645,2.8649306,1.7532712,612.649,442.9523,304.05453,3.4357586076701603
O=[N+]([O-])c1cc([N+](=O)[O-])c2ccnn2c1,1.6391363,6.4834504,17.904753,4.8507953,2.579383,532.4926,139.36526,281.78033,2.7851811488226783
O=c1cc([N+](=O)[O-])[nH]c2nc3c([N+](=O)[O-])cccc3n12,1.7008606,5.9830756,15.656312,3.5451002,1.7688881,502.82614,-111.615715,269.3445,3.1495264247620662
Cc1c(C(=O)[O-])n(N[N+](=O)[O-])c2cc([N+](=O)[O-])c3ccnc-3c([N+](=O)[O-])c12,1.6802806,6.504675,18.507496,4.485276,2.3734434,531.4532,-63.348324,143.17989,3.7493144233764824
O=[N+]([O-])c1[nH]c2ccccc2c1[N+](=O)[O-],1.6100256,5.995347,15.140304,4.3063316,2.1954112,510.12637,2.714175,279.1991,2.6689106047326234
O=[N+]([O-])c1cccc(S(=O)(=O)Nc2cc(O)oc2O)c1,1.601606,5.649882,13.412634,3.2667356,1.717655,528.35236,-569.5589,277.44196,2.68962348769913
O=[N+]([O-])N=Cn1ncc2cc([N+](=O)[O-])cc([N+](=O)[O-])c21,1.701816,7.127453,22.256432,5.3448358,2.9824293,558.245,237.44168,182.01285,3.5103696415452834
O=[N+]([O-])c1nccn2ncnc12,1.6395248,6.4656453,17.912136,4.4398327,2.5335753,572.7844,283.44785,261.43036,2.947497670005122
O=[N+]([O-])c1cn2ccoc2n1,1.646194,6.3686514,17.305084,4.268548,2.3160784,544.3856,-4.9790473,297.83633,3.6970658449820935
Nn1nc([N+](=O)[O-])c2cnccc21,1.6023746,6.2726517,16.548666,4.217307,2.6082397,620.1312,262.92593,300.58826,3.2142243653934406
O=[N+]([O-])c1ncnc2nnccc12,1.6324353,6.233248,16.657858,4.380946,2.3652513,541.1348,317.21323,248.27724,3.088630602399678
O=c1c2c(nnn2[N+](=O)[O-])nc2ccccn12,1.6725157,6.1494155,16.54435,3.979547,2.1014574,530.1802,207.78882,151.13808,3.299527158763633
O=[N+]([O-])c1nc2ccccc2n2c([N+](=O)[O-])cnc12,1.6354886,5.9448233,15.116891,4.174963,2.0645006,495.32742,188.4299,260.02417,2.827901193161672
O=[N+]([O-])c1cn2ncncc2n1,1.6578563,6.527314,18.380754,4.403981,2.5377045,577.97595,278.08408,297.71875,3.1459293442132674
O=[N+]([O-])n1nc(C(O)=NO)c2nc3ccccc3nc21,1.6428517,6.0087733,15.680228,3.885214,2.0722554,536.2428,114.43921,152.46669,3.263357004182647
O=[N+]([O-])N=Cc1nc2c([N+](=O)[O-])cccc2nc1[N+](=O)[O-],1.7020644,6.8946695,20.896511,5.0786457,2.7155921,534.8737,230.70575,192.7906,3.378556171039457
O=[N+]([O-])c1ccnc2c(O)coc12,1.6517793,5.861474,14.726025,3.7037137,1.8226231,493.3265,-222.55551,294.5127,2.9833359038549805
O=[N+]([O-])n1ncc2nccnc21,1.66692,6.656906,19.342218,4.758879,2.7324462,575.9722,356.6545,138.24416,3.25063477407752
NC1C(=O)C=C=NC1=NN[N+](=O)[O-],1.627507,6.6814876,19.064531,4.371689,2.8083732,644.88635,83.48181,146.71944,5.585658864884229
O=[N+]([O-])Nn1c2nc3c([N+](=O)[O-])cccc3nc2c2cccc([N+](=O)[O-])c21,1.6600139,6.133582,16.356007,4.38549,2.1887875,500.62555,237.42908,152.24994,3.100333961838021
O=[N+]([O-])c1cc2nnc3nc4c([N+](=O)[O-])cccc4nc3c2o1,1.6751474,6.088938,16.136171,4.3363724,2.027487,466.05075,256.68896,256.97238,3.212774092500461
Nc1nc([N+](=O)[O-])nc2cccc([N+](=O)[O-])c12,1.6474942,6.188365,16.445244,3.9887066,2.1735003,547.3194,46.82317,256.15366,2.735035143713466
O=[N+]([O-])Nc1cnc2c([N+](=O)[O-])nc3ccccc3c2n1,1.6186259,5.8554792,14.7049,4.032079,2.0543792,509.27515,236.2286,145.45615,2.953774780797227
Nc1cnnc2cc([N+](=O)[O-])oc12,1.617531,6.2397385,16.46207,4.2206106,2.3525612,557.08685,80.143875,298.2218,3.403782057701134
O=[N+]([O-])c1cn2c([N+](=O)[O-])nc3ccccc3c2n1,1.6259966,5.828664,14.423209,3.9455101,1.9608629,496.89627,143.84326,280.1722,2.863292484888813
O=[N+]([O-])N=Cc1nc2nccc([N+](=O)[O-])c2o1,1.6901343,6.8493233,20.508402,4.8531413,2.6190407,539.75366,108.815735,183.85272,3.7268580712022574
O=[N+]([O-])c1ccc2c(c1)nc([N+](=O)[O-])c1c3cnc4ccccc4c3nc([N+](=O)[O-])c21,1.6149921,5.345655,12.171043,3.7697215,1.641695,435.34784,175.23242,230.85431,3.0533684250878075
C[N+](C)([O-])c1nc2c(nc([N+](=O)[O-])c3[nH]cnc32)[nH]1,1.5697336,5.8503413,14.199744,3.0579922,2.083782,681.50995,66.15376,292.9588,3.9990072275481854
Nn1c(=O)c2cc([N+](=O)[O-])ccc2n(N)c1=O,1.6796733,5.978625,15.535552,3.272331,1.879759,577.46423,-203.87729,287.2508,2.6476481203020956
O=[N+]([O-])c1cc2cccc([N+](=O)[O-])c2o1,1.6219376,6.1325006,15.912876,4.6324134,2.2171926,477.2983,-110.05718,285.59827,2.610425801730745
O=[N+]([O-])c1nc2c([nH]1)-c1nc3cc4ccccc4nc3c([N+](=O)[O-])c1-2,1.597238,5.2734094,11.753799,3.5383673,1.6000547,451.2787,217.80487,255.23099,3.2045246922979853
C[N+](C)(C)C1C(=O)c2c(c([N+](=O)[O-])c3ocnc3c2[N+](=O)[O-])N(O)C1=O,1.606906,6.08668,15.645089,3.8616118,2.239103,580.98224,-451.13596,240.86487,4.437321926898855
O=[N+]([O-])N=Cc1[nH]c2ncccc2c1[N+](=O)[O-],1.6444411,6.3638024,17.376432,4.4463534,2.432208,548.1863,155.68579,197.99062,3.4611739468160057
O=[N+]([O-])N=Cc1ncc([N+](=O)[O-])n2ccnc12,1.6713997,6.826031,20.229856,4.920061,2.80331,571.011,288.67365,174.84445,3.78546854583401
O=[N+]([O-])N=Cn1ncc2c([N+](=O)[O-])cncc21,1.6914842,6.913563,20.936419,5.0215154,2.8660188,571.0972,314.36914,185.94818,3.7063451415786908
Nc1nc2c([N+](=O)[O-])cccc2nc1[N+](=O)[O-],1.6601871,6.2440267,16.792152,4.051061,2.193873,543.37335,64.23692,263.6789,2.7318324681281823
O=[N+]([O-])n1ncc2occc21,1.6523843,6.6449065,19.022236,4.9415727,2.720249,550.55597,107.51898,139.44797,3.705217209746361
O=c1[nH][nH]c(=O)c2c([N+](=O)[O-])cccc12,1.6835179,5.729819,14.3145,3.2854438,1.6391132,503.92078,-227.2466,254.57144,2.5224047885975374
O=[N+]([O-])c1cccn2nnnc12,1.6451194,6.6179824,18.718191,4.9122987,2.7854974,568.41504,371.00247,285.17072,2.77630626729019
O=[N+]([O-])c1c([N+](=O)[O-])n([N+](=O)[O-])c2nc3ccccc3cc12,1.6695958,6.432607,18.042995,4.846937,2.4169357,498.36597,172.80899,146.57845,3.0328802802636794
O=[N+]([O-])c1cccc2c1-c1nonc1C2=NO,1.6477985,6.238237,16.686468,4.966249,2.4124346,483.9353,279.11392,263.29593,3.0757473510713247
Nc1cn2c(=O)c3cc([N+](=O)[O-])c4ccccc4c3nc2c2[nH]c([N+](=O)[O-])nc12,1.6390045,5.1862173,11.518398,2.9417613,1.3935289,475.3035,-65.933685,271.35025,3.305393126649431
O=[N+]([O-])c1ccc2nc([N+](=O)[O-])cnc2c1,1.6374094,6.1458,16.135145,4.368377,2.201715,504.90363,97.671814,274.81256,2.4683044194042747
Nc1[nH]nc2[nH]cc([N+](=O)[O-])c12,1.7077607,6.5260754,18.768295,3.5214162,2.3481574,670.47015,90.19803,327.19208,3.4340044984707747
O=[N+]([O-])c1ccc2c([N+](=O)[O-])c3cnccc3nc2n1,1.6236231,5.720094,13.937894,3.992257,1.8961883,474.76868,183.89783,248.62784,2.9165899712156147
O=[N+]([O-])c1cc2c(cn1)nnc1[nH]c3cccc([N+](=O)[O-])c3c12,1.6190566,5.5966024,13.307884,3.8398001,1.8300412,476.30798,264.7566,254.74794,3.128936696050758
O=[N+]([O-])N=Cn1c([N+](=O)[O-])nc2c1-c1nc3ccccc3nc1-2,1.6301718,5.9311023,15.129598,4.1370406,2.0776725,501.37115,354.29105,195.55377,3.5815823765241293
O=c1c2c(nc3ccccn13)c([N+](=O)[O-])cn2[N+](=O)[O-],1.694729,6.230525,17.127728,4.1236677,2.0931776,509.38812,24.94121,168.1793,3.2507040471396893
O=[N+]([O-])Nc1c2c([N+](=O)[O-])cccc2nn2cnnc12,1.6569988,6.5597916,18.617472,4.782551,2.646076,553.3179,419.3674,137.19464,3.094347388798031
O=[N+]([O-])c1cc2[nH]cnc2o1,1.656825,6.2939367,16.98424,3.9719312,2.1585855,545.31866,-65.785416,296.16376,3.4349804851806045
O=C1NN=C([N+](=O)[O-])c2cc1c([N+](=O)[O-])c1nc3[nH]c4ccccc4c3nc21,1.6430182,5.4661474,12.8476925,3.3908958,1.5834128,469.0032,94.75583,267.65494,4.082052943115788
O=c1c2cccc([N+](=O)[O-])c2ncn1[N+](=O)[O-],1.7187994,6.5626807,19.15268,4.42704,2.3018608,520.8421,-29.526442,152.44429,2.877791999900758
O=[N+]([O-])c1c([N+](=O)[O-])c2[nH]cnc2c2cccnc12,1.6544346,5.9132476,15.063667,3.9607162,1.9546632,494.10974,126.59909,243.87581,2.879952281695779
N=c1[nH]c([N+](=O)[O-])nc2cccnc12,1.6137896,5.6729846,13.64491,3.1342425,1.8231355,583.4814,101.082306,282.286,3.2690344318459834
Cn1nnc2c([N+](=O)[O-])c([N+](=O)[O-])c3nc4c([N+](=O)[O-])cccc4nc3c21,1.6889725,6.4059215,17.95007,4.488918,2.3124733,515.7452,298.93454,235.57726,3.2425294961415556
O=[N+]([O-])c1cn2c([N+](=O)[O-])cc3cccnc3c2n1,1.6313925,5.8744426,14.657122,4.0418067,1.997405,494.33655,160.82089,287.9243,3.1211287693590597
O=c1occ2n1-c1cccc([N+](=O)[O-])c1OC2,1.6513156,5.4239397,12.650208,3.1541045,1.4783908,471.7766,-393.0711,272.81326,3.167042543379017
O=[N+]([O-])c1ccc2[nH]c([N+](=O)[O-])nc2c1,1.6514596,6.2901287,16.958101,4.172217,2.2167137,533.21075,2.9312618,286.19388,2.6753440006050404
Nc1nc([N+](=O)[O-])cc2cncn12,1.6162268,5.939059,14.953104,3.3030877,2.0537724,625.0276,105.0238,285.89835,3.4350397500088263
O=[N+]([O-])N=Cc1nc2ccc([N+](=O)[O-])cc2nc1[N+](=O)[O-],1.7098403,6.9013786,20.993801,5.0257635,2.691647,535.74713,209.14777,186.30827,3.27194321557387
O=[N+]([O-])n1ccc2ncoc21,1.6571136,6.5369644,18.472353,4.5759387,2.5213046,551.6245,42.963596,143.68727,3.914164604287304
O=[N+]([O-])c1cnc2cncnc2n1,1.6498368,6.1099424,16.150255,3.9295967,2.1292322,543.18335,237.87946,269.48065,2.9932156335847093
Cn1ncc2cc([N+](=O)[O-])c3c(c21)Oc1cc([N+](=O)[O-])cc([N+](=O)[O-])c1O3,1.6727905,6.217239,16.747604,4.288131,2.1206245,495.04904,-176.8931,256.36325,3.2687324067444656
O=c1oc2c([N+](=O)[O-])cccc2c2cccc([N+](=O)[O-])c12,1.6377194,5.3531637,12.250235,3.543163,1.4961892,423.01776,-311.72098,250.4827,2.403605424145697
O=[N+]([O-])c1ccc2cn([N+](=O)[O-])nc2c1,1.6623025,6.6164684,19.020512,5.029239,2.6918235,535.42706,176.28348,149.09221,2.9737894039821526
O=[N+]([O-])c1nc2ccccc2nc1[N+](=O)[O-],1.6053264,6.119016,15.81834,4.5262904,2.28105,503.87613,140.92825,226.92926,2.5169358879357446
O=[N+]([O-])c1ccc2nc([N+](=O)[O-])[nH]c2c1,1.656758,6.3243384,17.176565,4.1960325,2.2375994,534.8548,5.086352,286.40417,2.6367875278095454
O=[N+]([O-])N=Cc1cc2n[nH]cc2c2ccc([N+](=O)[O-])n12,1.6469611,6.1878557,16.523024,4.358385,2.3369157,536.9506,252.33981,189.50429,3.960721015171657
O=[N+]([O-])c1ccc2c(c1)c1occc1n2[N+](=O)[O-],1.6489066,6.0447655,15.815871,4.472152,2.14737,478.77975,-8.14108,142.05862,3.1055603490688375
Nc1c([N+](=O)[O-])cc2c(c1N)OCO2,1.6609313,5.930179,15.103754,3.1825397,1.8846341,595.7126,-331.91467,314.7319,2.783641719295378
O=[N+]([O-])c1ccc([N+](=O)[O-])c2ncncc12,1.6796907,6.331814,17.478554,4.531937,2.2980373,507.95544,126.36224,256.17557,2.5158879858378427
O=[N+]([O-])c1ncc2c([N+](=O)[O-])c3c(cc2n1)c1ccccc1n3[N+](=O)[O-],1.6598518,6.062707,15.9953165,4.398082,2.1127186,480.50443,207.3653,127.58475,3.345000643309814
O=[N+]([O-])c1cccc2c1OC([N+](=O)[O-])CO2,1.644344,6.350509,17.311403,4.373953,2.3390083,535.69116,-329.99194,208.02832,3.5478015462676904
O=[N+]([O-])Nn1c([N+](=O)[O-])nc2cc3ccccc3c([N+](=O)[O-])c21,1.6442219,6.422684,17.78209,4.797521,2.502914,522.2783,193.76675,132.76933,3.2739705422046033
O=[N+]([O-])c1[nH]c2nc3ccccc3cc2c1[N+](=O)[O-],1.6049074,5.5285473,12.878366,3.784792,1.8047241,476.991,60.351124,273.7129,2.7988765197219045
O=c1n([N+](=O)[O-])c2ccccc2c2nc([N+](=O)[O-])cn12,1.6867713,6.155886,16.664188,3.9532113,2.018639,512.30804,-16.755598,139.72295,3.137349361825004
O=[N+]([O-])c1[nH]nc2ccncc12,1.6019765,5.9435396,14.801119,3.9891672,2.2102675,554.97217,182.05048,307.48972,3.025235679054896
O=[N+]([O-])c1ncc2cccc([N+](=O)[O-])c2n1,1.6383128,6.1749787,16.31246,4.428344,2.2423527,506.99335,113.22241,254.052,2.7407274963273522
Nc1cc(N)c2nc[nH]c2c1[N+](=O)[O-],1.6165303,5.642026,13.497832,2.5639243,1.7599754,689.17883,-8.459683,345.66196,3.13460892577311
Nc1nnc2c(N[N+](=O)[O-])cccn12,1.6211504,6.34337,17.234,3.7331495,2.5383227,682.13696,240.8913,162.56113,3.1462723016684695
O=[N+]([O-])N=Cc1nc2c([N+](=O)[O-])cccc2n2cc([N+](=O)[O-])nc12,1.6907725,6.594586,19.051075,4.6664624,2.4586039,527.4527,241.56268,173.26265,3.5452481886054033
O=c1[nH]c(=O)c2c([N+](=O)[O-])c3ccccc3nc2[nH]1,1.6039286,4.9073606,10.174162,2.38316,1.1233923,477.61047,-317.94324,249.40672,2.5169505400412078
O=[N+]([O-])c1cnc2ccnn2n1,1.624267,6.4881444,17.869753,4.627587,2.6482294,573.5891,335.34378,273.93,3.174733416611458
Nc1c2c([N+](=O)[O-])cccc2nc2c1c([N+](=O)[O-])cc1nc3ccc([N+](=O)[O-])cc3nc12,1.6293799,5.420889,12.529091,3.597059,1.6479084,458.64395,125.78766,260.64886,2.9585313188868625
Nc1nc(N[N+](=O)[O-])nc2nc3cc([N+](=O)[O-])ccc3nc12,1.6869022,6.2224455,17.077679,3.757339,2.096168,559.6778,189.89828,151.50162,2.8900603054843614
O=[N+]([O-])c1ccc2cnn3c([N+](=O)[O-])cnc3c2c1,1.6546079,6.0097613,15.534156,4.2592835,2.1102705,495.1394,214.12628,290.5877,2.7455035153677674
O=[N+]([O-])c1nc2c(cc([N+](=O)[O-])c3ncccc32)o1,1.6717948,6.0469317,15.866295,4.2069244,1.968689,468.14566,22.709032,257.4099,3.0559238346711055
O=c1[nH]c2cc3c([N+](=O)[O-])cncc3nc2[nH]1,1.6644326,5.4579616,12.895237,2.8322735,1.43988,511.2142,-63.195286,276.03543,2.940816581840556
Cn1cnc2nc([N+](=O)[O-])n3c([N+](=O)[O-])cnc3c21,1.6647377,6.4904184,18.236252,4.211769,2.408181,573.8261,192.36493,249.08739,3.494874091453511
O=[N+]([O-])N=Cc1c([N+](=O)[O-])cc([N+](=O)[O-])c2nc3cccnc3nc12,1.6953715,6.459454,18.345682,4.580889,2.3213272,507.3597,277.51483,196.41731,3.4169816709592515
NN=C1N=NC(=C2NC(=O)N(c3ccccc3)NC2=O)N1N[N+](=O)[O-],1.6294533,6.107865,16.037724,3.470022,2.1735942,629.3628,131.35516,171.33897,3.9212099174953243
O=[N+]([O-])c1coc2c([N+](=O)[O-])cccc12,1.6581352,6.246479,16.767012,4.634599,2.2323987,480.14893,-105.69876,291.22076,2.662017921805793
Nc1cnc2c(cnn2[N+](=O)[O-])c1,1.6271261,6.2519174,16.808535,3.9973023,2.4771516,622.8098,241.47736,152.65018,3.2499051346242096
O=c1c2c(nnn1[N+](=O)[O-])c1ccccc1n2C=N[N+](=O)[O-],1.6837351,6.481717,18.434055,4.497833,2.3926332,532.87665,241.36325,146.37962,3.737472159204412
Nc1c([N+](=O)[O-])ccc2c(=O)n3c(nc12)oc1ccc([N+](=O)[O-])cc13,1.6908422,5.574164,13.543503,3.1624272,1.4949595,475.09348,-276.0448,289.73108,3.051114112430822
Nc1ccc([N+](=O)[O-])c2c1OCO2,1.6258887,5.7402234,13.918683,3.341287,1.8275638,548.50665,-338.1934,314.1256,2.70481667308575
Nc1nc2nnn(N)c2o1,1.6871073,6.8642707,20.745554,3.453996,2.6492052,769.10986,189.17682,297.0349,4.136745740301887
Nc1cc2c(c3nonc13)OCO2,1.6317412,5.794266,14.258989,3.6695783,1.9543505,533.2133,-73.47715,301.62204,2.9429676852314977
Nc1c(N=c2c3nc[nH]c3[nH]c3[nH]nnc23)cc([N+](=O)[O-])cc1[N+](=O)[O-],1.6717972,6.125102,16.209276,3.5652642,2.0527062,577.9359,270.4407,295.46347,3.866458783457338
O=[N+]([O-])n1cnc2[nH]ccc21,1.624496,6.277987,16.882633,4.110203,2.4550862,598.8842,150.53659,145.20659,3.6229353238902817
Nc1nn([N+](=O)[O-])c2nc3cc([N+](=O)[O-])ccc3cc12,1.6514728,6.1154175,16.23361,4.1167603,2.2016468,535.7513,184.84674,154.55103,2.9850769142725557
O=[N+]([O-])c1ccc2c(c1)nnn2O,1.6439074,6.4002314,17.533274,4.6145678,2.531067,549.2205,157.51807,286.7626,2.591508980778057
O=[N+]([O-])c1cnc2cn([N+](=O)[O-])cc2c1,1.6719098,6.6190705,19.13753,4.9352927,2.6484623,536.8149,158.82529,157.83856,3.3242321807176136
O=[N+]([O-])c1cnc2c3ccccc3nc([N+](=O)[O-])n12,1.6213542,5.858139,14.580391,4.0793686,2.0162675,494.86227,169.01733,243.03171,2.8364988709555767
O=[N+]([O-])c1nc2nnn3cnc4ccccc4c3c-2n1,1.5890032,5.5202765,12.810775,3.615498,1.8705045,516.9974,459.84512,273.73972,3.05972799698295
Nn1c([N+]=O)nc2nc3c([N+](=O)[O-])cccc3c([N+](=O)[O-])c21,1.7094952,6.644372,19.467146,4.6076627,2.4801245,540.2234,288.6724,251.32253,3.57570951103291
Nn1ncc2cc3[nH]nnc3nc21,1.5822783,5.969842,15.0934925,3.0960772,2.2702327,733.94037,467.56985,296.16888,3.7176782115472875
O=[N+]([O-])N=CN=c1ccc([N+](=O)[O-])c[nH]1,1.6568831,6.842877,20.180399,4.750431,2.8842678,608.6233,110.69818,192.85056,4.168327490286094
O=[N+]([O-])c1ncnc2c1cnc1c([N+](=O)[O-])cccc12,1.6395799,5.76442,14.246469,4.007611,1.9071708,476.03442,184.69159,250.99324,2.7492740371496804
O=[N+]([O-])c1ccn2c([N+](=O)[O-])cnc2c1,1.6532522,6.4487023,17.837221,4.616434,2.455611,533.1479,90.80585,290.09213,2.9564209236819643
O=[N+]([O-])c1cnc2nnc3ncccc3n12,1.6285561,5.967343,15.1982975,4.070355,2.160747,531.3584,403.196,278.62704,3.111026736217898
O=[N+]([O-])c1cc2nn[nH]c2c2nc[nH]c12,1.6472191,5.997849,15.378683,3.5823176,2.012071,562.41254,233.4219,304.8676,3.4565366966214484
Nc1cnc2nc3ccc([N+](=O)[O-])cc3nc2c1[N+](=O)[O-],1.6578044,5.8571606,14.796777,3.7539313,1.910132,509.93945,158.25827,272.37805,2.776336723880446
O=[N+]([O-])c1ncnc2[nH]c3ccncc3c12,1.583537,5.3001857,11.762195,3.1108005,1.6382197,527.08575,171.20285,261.85135,2.9190468031075287
O=[N+]([O-])c1ccc2nc3ccc([N+](=O)[O-])nc3nc2c1,1.638619,5.698078,13.894361,3.839199,1.8173677,473.34595,143.22214,278.8523,2.6205542569299
O=[N+]([O-])c1ncnc2c1oc1c2c([N+](=O)[O-])nn1[N+](=O)[O-],1.863822,7.948203,29.380997,5.5761995,3.1040735,554.71576,225.60196,137.69385,3.919204754035407
O=[N+]([O-])c1nnc2c([N+](=O)[O-])ncn2c1[N+](=O)[O-],1.8822507,8.401368,32.84823,6.100401,3.5967693,587.96655,374.7686,219.39966,3.4825211952226827
O=[N+]([O-])c1cnc2nn[nH]c2n1,1.7144692,7.1055074,22.295444,4.6746135,2.8406253,609.1694,368.2286,267.05307,3.712456946023222
