smiles,Density,BDE
C1C(CN1[N+](=O)[O-])([N+](=O)[O-])[N+](=O)[O-],1.84,161.27363162352384
C1OC2=NN=C3ON=C(OC1C1=CNN=N1)N23,1.804,308.5662897191307
CC(=O)C(=O)OC1=C(O)N2N=NOC2=NC1=O,1.819,259.61385966946807
CC(=O)C1=NC(=O)N=C2OC3=NOC(O)=C3N12,1.801,260.4861247383452
CC(=O)N1C(=O)C(=O)C2=C1OC(O)=NC(=O)O2,1.8,263.25654269870296
CC(=O)N1C(=O)NC2=C1N=C(C(O)=O)C(=O)O2,1.817,273.16548395248583
CC(=O)N1C(=O)OC2=C(O)OC(=O)C(=O)N=C12,1.819,242.71686725398644
CC(=O)OC1=NOC2=C1NC1=C2C(=O)N=NN1,1.812,304.2406217451381
CC(N=C1OC(=O)NC2=C(O)NN=C12)C(O)=O,1.811,274.5054282345538
CC(O)C1=NC(=O)N=C2OC(O)=C(O)C(=O)N12,1.805,269.1308176071709
CC(OC1=NC(O)=C(C(=O)O1)[N+]([O-])=O)C(O)=O,1.807,273.2735484499338
CC1(OC(=O)C2=C1OC(O)=N2)C(=NO)C(O)=O,1.807,298.8426779782407
CC1(OC(=O)OC2=NOC(=N)N2C1=O)C(O)=O,1.815,290.529380672229
CC1(OC2=C(NC1=O)OC(=O)O2)C(=O)C(O)=O,1.802,262.15815614919427
CC1(OCC(=O)O1)C1=C(OC(O)=C1O)C(O)=O,1.801,290.9856315268785
CC12C3([N+](=O)[O-])C4([N+](=O)[O-])C1([N+](=O)[O-])C1([N+](=O)[O-])C2([N+](=O)[O-])C3([N+](=O)[O-])C41[N+](=O)[O-],1.819,169.87438257348288
CC12OC(=O)C(O)(C3=C(ON=N3)C1O)C(=O)O2,1.8,254.45380798974708
CC12OC(=O)C3=C1N1C(=N3)C(=O)OC(O)=C1O2,1.808,298.87626039270464
CC12OC(=O)OC(C3=C1N=NN3)C2(O)C(O)=O,1.823,295.7143677405614
CC12OC(=O)OC1OC(=O)C1=NON=C1C2=O,1.804,278.60363876345264
CC1=C(C(O)=O)C(O)=C(N1)OC1=NNC(=O)O1,1.815,291.0482352509307
CC1=C(N=C(O)N2C(=O)NN=C2C1=O)C(O)=O,1.81,274.3571931517872
CC1=C(NC2=C(O)OC(O)=N2)OC(N)=NC1=O,1.807,315.32367723455894
CC1=C(O)C(=C(O)OC(O)=NC(=O)O1)[N+]([O-])=O,1.824,300.82496520305415
CC1=C(O)OC(=N1)C1=C(N)OC(=C1O)[N+]([O-])=O,1.827,313.4895582117202
CC1=C(O)OC(=O)OC(O)=C(C=C1O)[N+]([O-])=O,1.815,300.3197493517845
CC1=C(O)OC(O)=C2OC(=N)C(=C12)[N+]([O-])=O,1.916,316.22670664205987
CC1=C(ON=C(C=O)C1=O)N=C1ON=C(O)O1,1.831,284.9608462985777
CC1=C2C(N)=C(C(=O)N=C2N=C(O)O1)[N+]([O-])=O,1.841,326.7639587220534
CC1=C2N3N=NC(=C3N=C2C(O)=NN1)[N+]([O-])=O,1.832,283.25037086927523
CC1=C2N=NN3C2=C(NC(=O)C1=O)ON=C3O,1.833,264.6529235836456
CC1=C2OC(O)=NN2C2=NC(=O)C(=O)N=C2N1,1.844,307.97179379038386
CC1=C2ON=C(O)N2N=C(C(N)=O)C(=O)C1=O,1.805,275.56262117033305
CC1=C[N+](=O)C=CC1=[N+]([O-])[O-],1.8048,275.1487174166525
CC1=NC(=O)NC(O)=C(C(O)=C(O)O1)[N+]([O-])=O,1.823,326.41364869328413
CC1=NC(=O)NC2=C1OC1=NNN=C1C(=O)O2,1.8,292.5610094077509
CC1=NC(=O)OC=NC2=NC(=O)C(O1)=C(O)N2,1.826,310.5148392999877
CC1=NC2=C3N=C(O)NC(=O)N3C(=O)N=C2O1,1.823,288.2705867854451
CC1=NC2=NC(=O)NC(=O)N=C(O)N=C(O1)O2,1.817,303.409493317464
CC1=NC2=NC(OC(=O)O2)=NC(=O)OC(=N)O1,1.814,275.3781977992816
CC1=NN2C(NC3=C2N=C2ON=NN32)=NC1=O,1.803,293.6132473851018
CC1=NOC(=NC2=C(O)NC(=O)O2)C(O)=C1O,1.801,314.13354262378004
CC1OC(=O)OC2OC(=O)OCC2(O)C(=O)O1,1.8,259.1767235103054
CC1OC2(OC(=O)OC22OC(=O)NC12)C(O)=O,1.804,268.4615130355236
CC1OC2=C(OC(=C2[N+]([O-])=O)[N+]([O-])=O)OC1=O,1.8,268.6088894019487
CN1C2=C(OC(O)=N2)N2C(=NC(O)=C12)C(O)=O,1.813,311.1212383583301
CN1C2=C(OC3=C1N=C(N3)[N+]([O-])=O)N=C(O)O2,1.814,309.4134001790227
CN1C2=NNN=C2C(=O)C(=C1C(O)=O)[N+]([O-])=O,1.835,284.5074622354068
C[C@]12[C@]3([N+](=O)[O-])[C@]4([N+](=O)[O-])[C@@]1([N+](=O)[O-])[C@]1([N+](=O)[O-])[C@@]2([N+](=O)[O-])[C@@]3([N+](=O)[O-])[C@]41[N+](=O)[O-],1.8197,229.9877796939393
Cn1c([N+](=O)[O-])c([N+](=O)[O-])c([N+](=O)[O-])c1[N+](=O)[O-],1.8085,249.108311149097
N#Cc1nn2nnc([N+](=O)[O-])c2nc1N,1.8544,274.8400881579988
N#[N+]/N=C1\N=[N+]2N=NC([N+](=O)[O-])=C2N=C1N,1.8257,321.4772385379142
N#[N+][N-]CN1C2C3N(C[N-][N+]#N)C4C1N([N+](=O)[O-])C(C(N2[N+](=O)[O-])N3[N+](=O)[O-])N4[N+](=O)[O-],1.8533,156.1057049369689
N#[N+][N-]CN1C2C3N([N+](=O)[O-])C(C4N([N+](=O)[O-])C1C(N4[N+](=O)[O-])N3[N+](=O)[O-])N2[N+](=O)[O-],1.9254,144.59287512963638
N/C(=N\[N+](=O)[O-])N[N+](=O)[O-],1.8834,160.4761285461306
N=C1C(=NN[N+](=O)[O-])N=C2N(N)C([N+](=O)[O-])=C([N+](=O)[O-])N12,1.847654093789969,187.39746713779107
N=C1N=C2N(C1=N)C([N+](=O)[O-])=C([N+](=O)[O-])N2[N+](=O)[O-],1.8987842045570744,142.83451470465093
N=C1N=C2N(C1=NN)C([N+](=O)[O-])=C([N+](=O)[O-])N2[N+](=O)[O-],1.8918458527739408,149.85161437206256
N=C1N=C2N(N)C([N+](=O)[O-])=C([N+](=O)[O-])N2C1=NN[N+](=O)[O-],1.8472846475352245,185.8400727587633
N=C1N=C2N(N[N+](=O)[O-])C([N+](=O)[O-])=C(C=N[N+](=O)[O-])N2C1=NN[N+](=O)[O-],1.788133370152237,120.83249781316408
N=C1N=C2N(N[N+](=O)[O-])C([N+](=O)[O-])=C(N[N+](=O)[O-])N2C1=N,1.859073522428283,139.3670049065596
N=C1N=C2N(N[N+](=O)[O-])C([N+](=O)[O-])=C([N+](=O)[O-])N2C1=N,1.858174436518777,145.1701835205321
N=C1N=C2N(N[N+](=O)[O-])C([N+](=O)[O-])=C([N+](=O)[O-])N2C1=NN,1.8484241139269493,146.35164509626165
N=C1N=C2NC([N+](=O)[O-])=C([N+](=O)[O-])N2C1=N[N+](=O)[O-],1.8910905107052085,175.90413019141113
N=c1[nH]c(=O)n(N[N+](=O)[O-])c2c1nc([N+](=O)[O-])n2N[N+](=O)[O-],1.8659937616198097,168.09802873838734
N=c1[nH]c(=O)n(N[N+](=O)[O-])c2c1nc([N+](=O)[O-])n2[N+](=O)[O-],1.8600498670369168,144.64589095545995
N=c1[nH]c(=O)n(N[N+](=O)[O-])c2nc([N+](=O)[O-])n(N[N+](=O)[O-])c12,1.8712577290363464,174.49241373696762
N=c1[nH]c(=O)n(N[N+](=O)[O-])c2nc([N+](=O)[O-])n([N+](=O)[O-])c12,1.884207798200484,150.76608122068154
N=c1[nH]c(=O)n([N+](=O)[O-])c2c1nc([N+](=O)[O-])n2N[N+](=O)[O-],1.8747170532688056,150.30072301867918
N=c1[nH]c(=O)n([N+](=O)[O-])c2c1nc([N+](=O)[O-])n2[N+](=O)[O-],1.91963928114182,180.31826906786668
N=c1[nH]c(=O)n([N+](=O)[O-])c2nc([N+](=O)[O-])n(N[N+](=O)[O-])c12,1.885891148480689,164.61372773306408
N=c1[nH]c(=O)n([N+](=O)[O-])c2nc([N+](=O)[O-])n([N+](=O)[O-])c12,1.9123422566614243,179.2667973297128
N=c1[nH]c(C=N[N+](=O)[O-])nc2c1n([N+](=O)[O-])c(=O)n2[N+](=O)[O-],1.8810591717969,139.34721479764264
N=c1[nH]c(N[N+](=O)[O-])nc2c([N+](=O)[O-])nc([N+](=O)[O-])nc12,1.8968951082512544,130.70292692916837
N=c1[nH]c(N[N+](=O)[O-])nc2c1n(N[N+](=O)[O-])c(=O)n2N[N+](=O)[O-],1.859863498953621,146.92049843394852
N=c1[nH]c(N[N+](=O)[O-])nc2c1nc(N[N+](=O)[O-])n2[N+](=O)[O-],1.8342667194200983,117.7414360481759
N=c1[nH]c(N[N+](=O)[O-])nc2c1nc([N+](=O)[O-])n2N[N+](=O)[O-],1.8592733032291169,154.54238541518464
N=c1[nH]c(N[N+](=O)[O-])nc2c1nc([N+](=O)[O-])n2[N+](=O)[O-],1.8705564355194133,131.21013764455452
N=c1[nH]c([N+](=O)[O-])nc2c(N[N+](=O)[O-])nc([N+](=O)[O-])nc12,1.883933687083596,124.824722928988
N=c1[nH]c([N+](=O)[O-])nc2c([N+](=O)[O-])nc(N[N+](=O)[O-])nc12,1.8854856216542413,134.77321596594706
N=c1[nH]c([N+](=O)[O-])nc2c([N+](=O)[O-])nc([N+](=O)[O-])nc12,1.9159524106986392,232.75498980174265
N=c1[nH]c([N+](=O)[O-])nc2c1n(N[N+](=O)[O-])c(=O)n2N[N+](=O)[O-],1.8691279268724104,184.5787373522515
N=c1[nH]c([N+](=O)[O-])nc2c1n(N[N+](=O)[O-])c(=O)n2[N+](=O)[O-],1.872290255216551,150.00266918204682
N=c1[nH]c([N+](=O)[O-])nc2c1n([N+](=O)[O-])c(=O)n2[N+](=O)[O-],1.9316927227921168,177.55808392028803
N=c1[nH]c([N+](=O)[O-])nc2c1nc(N[N+](=O)[O-])n2[N+](=O)[O-],1.8748683169080904,136.46371137791093
N=c1[nH]c([N+](=O)[O-])nc2c1nc([N+](=O)[O-])n2N[N+](=O)[O-],1.8645801118054413,197.72791720345967
N=c1[nH]c([N+](=O)[O-])nc2c1nc([N+](=O)[O-])n2[N+](=O)[O-],1.895575347459645,233.2465058246099
N=c1c2[nH]c(=O)n(N[N+](=O)[O-])c2nc([N+](=O)[O-])n1N[N+](=O)[O-],1.8546243685638968,161.91881163295147
N=c1c2[nH]c(=O)n(N[N+](=O)[O-])c2nc([N+](=O)[O-])n1[N+](=O)[O-],1.8765605246432733,148.64124708317527
N=c1c2[nH]c(=O)n([N+](=O)[O-])c2nc([N+](=O)[O-])n1N[N+](=O)[O-],1.8839668754251024,140.71407983701735
N=c1c2[nH]c(=O)n([N+](=O)[O-])c2nc([N+](=O)[O-])n1[N+](=O)[O-],1.908967096327688,174.67643004344575
N=c1c2[nH]c(C=N[N+](=O)[O-])nc2n([N+](=O)[O-])c(=O)n1[N+](=O)[O-],1.88495966959298,140.00337977073147
N=c1c2[nH]c([N+](=O)[O-])nc2n(N[N+](=O)[O-])c(=O)n1N[N+](=O)[O-],1.8522138754593764,180.0639833426107
N=c1c2[nH]c([N+](=O)[O-])nc2n(N[N+](=O)[O-])c(=O)n1[N+](=O)[O-],1.89495615712742,132.8169544517921
N=c1c2[nH]c([N+](=O)[O-])nc2n([N+](=O)[O-])c(=O)n1N[N+](=O)[O-],1.8783218205272791,133.94047249099978
N=c1c2[nH]c([N+](=O)[O-])nc2n([N+](=O)[O-])c(=O)n1[N+](=O)[O-],1.9496314552109475,168.3457750084271
N=c1c2c(nc(C=N[N+](=O)[O-])n1C=N[N+](=O)[O-])n([N+](=O)[O-])c(=O)n2[N+](=O)[O-],1.8223240501863327,135.0371193142281
N=c1c2c(nc(C=N[N+](=O)[O-])n1N)n([N+](=O)[O-])c(=O)n2[N+](=O)[O-],1.843086430793276,140.13933438412556
N=c1c2c(nc(C=N[N+](=O)[O-])n1[N+](=O)[O-])n(C=N[N+](=O)[O-])c(=O)n2[N+](=O)[O-],1.8414353288797625,134.19798170529162
N=c1c2c(nc(C=N[N+](=O)[O-])n1[N+](=O)[O-])n(N)c(=O)n2[N+](=O)[O-],1.8329014421557688,153.8483840789862
N=c1c2c(nc(C=N[N+](=O)[O-])n1[N+](=O)[O-])n(N[N+](=O)[O-])c(=O)n2N[N+](=O)[O-],1.8079549444290868,125.85172125140846
N=c1c2c(nc(C=N[N+](=O)[O-])n1[N+](=O)[O-])n([N+](=O)[O-])c(=O)n2C=N[N+](=O)[O-],1.8365593179912287,131.85968389630332
N=c1c2c(nc(C=N[N+](=O)[O-])n1[N+](=O)[O-])n([N+](=O)[O-])c(=O)n2N,1.8279275654279563,155.2008094728027
N=c1c2c(nc(C=N[N+](=O)[O-])n2C=N[N+](=O)[O-])n([N+](=O)[O-])c(=O)n1[N+](=O)[O-],1.8111673445085068,136.64940548401017
N=c1c2c(nc(C=N[N+](=O)[O-])n2N)n([N+](=O)[O-])c(=O)n1[N+](=O)[O-],1.846814949351288,144.04389116699028
N=c1c2c(nc(C=N[N+](=O)[O-])n2[N+](=O)[O-])n(C=N[N+](=O)[O-])c(=O)n1[N+](=O)[O-],1.833576091002016,128.3951333668351
N=c1c2c(nc(C=N[N+](=O)[O-])n2[N+](=O)[O-])n(N)c(=O)n1[N+](=O)[O-],1.814633357023296,143.8674447753382
N=c1c2c(nc(C=N[N+](=O)[O-])n2[N+](=O)[O-])n([N+](=O)[O-])c(=O)n1N,1.814365283436944,138.16107652060697
N=c1c2c(nc(N)n1C=N[N+](=O)[O-])n([N+](=O)[O-])c(=O)n2[N+](=O)[O-],1.853556159493642,151.37505642804854
N=c1c2c(nc(N)n1[N+](=O)[O-])n(N[N+](=O)[O-])c(=O)n2N[N+](=O)[O-],1.8467880516104591,174.0873506331608
N=c1c2c(nc(N)n1[N+](=O)[O-])n([N+](=O)[O-])c(=O)n2N[N+](=O)[O-],1.8627032351722024,141.7258854857032
N=c1c2c(nc(N)n1[N+](=O)[O-])n([N+](=O)[O-])c(=O)n2[N+](=O)[O-],1.8933320252604904,150.10576798711213
N=c1c2c(nc(N)n2[N+](=O)[O-])n(N[N+](=O)[O-])c(=O)n1N[N+](=O)[O-],1.8406044272971425,156.91628692479458
N=c1c2c(nc(N)n2[N+](=O)[O-])n([N+](=O)[O-])c(=O)n1[N+](=O)[O-],1.886184782151404,139.72087530539096
N=c1c2c(nc(N[N+](=O)[O-])n1[N+](=O)[O-])[nH]c(=O)n2N[N+](=O)[O-],1.854066710429105,125.83199719759472
N=c1c2c(nc(N[N+](=O)[O-])n1[N+](=O)[O-])n(N)c(=O)n2N[N+](=O)[O-],1.812879689396434,140.32896537437517
N=c1c2c(nc(N[N+](=O)[O-])n1[N+](=O)[O-])n(N[N+](=O)[O-])c(=O)n2N,1.814917084805588,139.46215067720036
N=c1c2c(nc(N[N+](=O)[O-])n1[N+](=O)[O-])n(N[N+](=O)[O-])c(=O)n2N[N+](=O)[O-],1.865825939962649,121.74940870060126
N=c1c2c(nc([N+](=O)[O-])n1C=N[N+](=O)[O-])n(C=N[N+](=O)[O-])c(=O)n2[N+](=O)[O-],1.83702681084964,166.1751250513454
N=c1c2c(nc([N+](=O)[O-])n1C=N[N+](=O)[O-])n(N[N+](=O)[O-])c(=O)n2N[N+](=O)[O-],1.8038360471002808,155.34661950759337
N=c1c2c(nc([N+](=O)[O-])n1C=N[N+](=O)[O-])n([N+](=O)[O-])c(=O)n2C=N[N+](=O)[O-],1.852517993464554,171.96922108862873
N=c1c2c(nc([N+](=O)[O-])n1C=N[N+](=O)[O-])n([N+](=O)[O-])c(=O)n2[N+](=O)[O-],1.8722443049093016,159.07723338721706
N=c1c2c(nc([N+](=O)[O-])n1N)n(N[N+](=O)[O-])c(=O)n2N[N+](=O)[O-],1.8215973773494245,200.64254578781643
N=c1c2c(nc([N+](=O)[O-])n1N)n(N[N+](=O)[O-])c(=O)n2[N+](=O)[O-],1.817286508241316,154.47221507906156
N=c1c2c(nc([N+](=O)[O-])n1N)n([N+](=O)[O-])c(=O)n2[N+](=O)[O-],1.874888273296448,171.3604968906539
N=c1c2c(nc([N+](=O)[O-])n1N[N+](=O)[O-])[nH]c(=O)n2N[N+](=O)[O-],1.855061782228264,169.206862728155
N=c1c2c(nc([N+](=O)[O-])n1N[N+](=O)[O-])n(C=N[N+](=O)[O-])c(=O)n2N[N+](=O)[O-],1.8066788201605688,152.2150065147543
N=c1c2c(nc([N+](=O)[O-])n1N[N+](=O)[O-])n(N)c(=O)n2N[N+](=O)[O-],1.8086160359462864,180.8602710061052
N=c1c2c(nc([N+](=O)[O-])n1N[N+](=O)[O-])n(N)c(=O)n2[N+](=O)[O-],1.828638150234396,143.44021357889946
N=c1c2c(nc([N+](=O)[O-])n1N[N+](=O)[O-])n(N[N+](=O)[O-])c(=O)n2C=N[N+](=O)[O-],1.8009777644555636,138.36327119148407
N=c1c2c(nc([N+](=O)[O-])n1N[N+](=O)[O-])n(N[N+](=O)[O-])c(=O)n2N,1.804054844314658,172.9614678212588
N=c1c2c(nc([N+](=O)[O-])n1N[N+](=O)[O-])n(N[N+](=O)[O-])c(=O)n2N[N+](=O)[O-],1.8609743322664,155.19787002071058
N=c1c2c(nc([N+](=O)[O-])n1N[N+](=O)[O-])n([N+](=O)[O-])c(=O)n2N,1.82031055182918,145.07498490580878
N=c1c2c(nc([N+](=O)[O-])n1[N+](=O)[O-])[nH]c(=O)n2N[N+](=O)[O-],1.8746806473212057,160.04212670161445
N=c1c2c(nc([N+](=O)[O-])n1[N+](=O)[O-])[nH]c(=O)n2[N+](=O)[O-],1.904199616377284,176.1830941032204
N=c1c2c(nc([N+](=O)[O-])n1[N+](=O)[O-])n(C=N[N+](=O)[O-])c(=O)n2C=N[N+](=O)[O-],1.838191222726812,162.38432836720153
N=c1c2c(nc([N+](=O)[O-])n1[N+](=O)[O-])n(C=N[N+](=O)[O-])c(=O)n2N[N+](=O)[O-],1.8147772454755795,130.6400160488863
N=c1c2c(nc([N+](=O)[O-])n1[N+](=O)[O-])n(C=N[N+](=O)[O-])c(=O)n2[N+](=O)[O-],1.858189584574432,148.5990510832549
N=c1c2c(nc([N+](=O)[O-])n1[N+](=O)[O-])n(N)c(=O)n2N[N+](=O)[O-],1.8274247873611464,169.16452801251788
N=c1c2c(nc([N+](=O)[O-])n1[N+](=O)[O-])n(N)c(=O)n2[N+](=O)[O-],1.8724690311955807,181.25232125458277
N=c1c2c(nc([N+](=O)[O-])n1[N+](=O)[O-])n(N[N+](=O)[O-])c(=O)n2C=N[N+](=O)[O-],1.8120246015387944,128.1459867286076
N=c1c2c(nc([N+](=O)[O-])n1[N+](=O)[O-])n(N[N+](=O)[O-])c(=O)n2N,1.828542923555172,167.24881772621376
N=c1c2c(nc([N+](=O)[O-])n1[N+](=O)[O-])n(N[N+](=O)[O-])c(=O)n2N[N+](=O)[O-],1.867969986360304,140.34368245136682
N=c1c2c(nc([N+](=O)[O-])n1[N+](=O)[O-])n([N+](=O)[O-])c(=O)n2C=N[N+](=O)[O-],1.855121072947295,148.3035073405439
N=c1c2c(nc([N+](=O)[O-])n1[N+](=O)[O-])n([N+](=O)[O-])c(=O)n2N,1.870899490173614,186.19978242871707
N=c1c2c(nc([N+](=O)[O-])n1[N+](=O)[O-])n([N+](=O)[O-])c(=O)n2[N+](=O)[O-],1.9214736781440456,130.4603197461571
N=c1c2c(nc([N+](=O)[O-])n2C=N[N+](=O)[O-])n(N[N+](=O)[O-])c(=O)n1N[N+](=O)[O-],1.8102763929964285,150.91002850156212
N=c1c2c(nc([N+](=O)[O-])n2C=N[N+](=O)[O-])n([N+](=O)[O-])c(=O)n1C=N[N+](=O)[O-],1.8416513423225749,167.82958079900655
N=c1c2c(nc([N+](=O)[O-])n2C=N[N+](=O)[O-])n([N+](=O)[O-])c(=O)n1[N+](=O)[O-],1.880524976879578,157.7022501756598
N=c1c2c(nc([N+](=O)[O-])n2N)n(N[N+](=O)[O-])c(=O)n1N[N+](=O)[O-],1.818504173306984,195.9912030357909
N=c1c2c(nc([N+](=O)[O-])n2N)n([N+](=O)[O-])c(=O)n1N[N+](=O)[O-],1.826827975660068,155.00374067793345
N=c1c2c(nc([N+](=O)[O-])n2N)n([N+](=O)[O-])c(=O)n1[N+](=O)[O-],1.886185324444566,176.16983023849906
N=c1c2c(nc([N+](=O)[O-])n2N[N+](=O)[O-])[nH]c(=O)n1N[N+](=O)[O-],1.8639202856389527,175.55639631166648
N=c1c2c(nc([N+](=O)[O-])n2N[N+](=O)[O-])[nH]c(=O)n1[N+](=O)[O-],1.893120205551463,168.30906158207182
N=c1c2c(nc([N+](=O)[O-])n2N[N+](=O)[O-])n(C=N[N+](=O)[O-])c(=O)n1N[N+](=O)[O-],1.809605250979296,153.33958143561307
N=c1c2c(nc([N+](=O)[O-])n2N[N+](=O)[O-])n(N)c(=O)n1N[N+](=O)[O-],1.8109568986088231,184.5234360198574
N=c1c2c(nc([N+](=O)[O-])n2N[N+](=O)[O-])n(N)c(=O)n1[N+](=O)[O-],1.847252579932919,165.67795471164473
N=c1c2c(nc([N+](=O)[O-])n2N[N+](=O)[O-])n(N[N+](=O)[O-])c(=O)n1C=N[N+](=O)[O-],1.8123108238696304,150.87488718666287
N=c1c2c(nc([N+](=O)[O-])n2N[N+](=O)[O-])n(N[N+](=O)[O-])c(=O)n1N,1.8115501311750333,178.62059346618562
N=c1c2c(nc([N+](=O)[O-])n2N[N+](=O)[O-])n(N[N+](=O)[O-])c(=O)n1N[N+](=O)[O-],1.856848891266774,157.18433192804588
N=c1c2c(nc([N+](=O)[O-])n2N[N+](=O)[O-])n([N+](=O)[O-])c(=O)n1N,1.827012246876472,151.15367935520385
N=c1c2c(nc([N+](=O)[O-])n2[N+](=O)[O-])[nH]c(=O)n1N[N+](=O)[O-],1.8647211080275283,145.31849043822348
N=c1c2c(nc([N+](=O)[O-])n2[N+](=O)[O-])[nH]c(=O)n1[N+](=O)[O-],1.907651240046844,185.41188376332823
N=c1c2c(nc([N+](=O)[O-])n2[N+](=O)[O-])n(C=N[N+](=O)[O-])c(=O)n1C=N[N+](=O)[O-],1.8335835746476496,164.12522382290248
N=c1c2c(nc([N+](=O)[O-])n2[N+](=O)[O-])n(C=N[N+](=O)[O-])c(=O)n1[N+](=O)[O-],1.850741007231732,151.40036874359254
N=c1c2c(nc([N+](=O)[O-])n2[N+](=O)[O-])n(N)c(=O)n1N[N+](=O)[O-],1.823653969936508,161.93688430918542
N=c1c2c(nc([N+](=O)[O-])n2[N+](=O)[O-])n(N)c(=O)n1[N+](=O)[O-],1.868273489766565,183.69766796380745
N=c1c2c(nc([N+](=O)[O-])n2[N+](=O)[O-])n(N[N+](=O)[O-])c(=O)n1N,1.837391954911967,165.1129061479018
N=c1c2c(nc([N+](=O)[O-])n2[N+](=O)[O-])n([N+](=O)[O-])c(=O)n1C=N[N+](=O)[O-],1.861211675906912,147.90440240704515
N=c1c2c(nc([N+](=O)[O-])n2[N+](=O)[O-])n([N+](=O)[O-])c(=O)n1N,1.872035847417878,179.3681522800538
N=c1c2c(nc([N+](=O)[O-])n2[N+](=O)[O-])n([N+](=O)[O-])c(=O)n1[N+](=O)[O-],1.9223875505804324,133.81439972104354
N=c1c2c(ncn1N)n([N+](=O)[O-])c(=O)n2[N+](=O)[O-],1.8653906593180527,140.9852360356291
N=c1c2c(ncn1[N+](=O)[O-])n(N[N+](=O)[O-])c(=O)n2N[N+](=O)[O-],1.839298621516232,125.00497409458404
N=c1c2n[nH]nc2c([N+](=O)[O-])nn1[N+](=O)[O-],1.924906538470205,228.66925047632685
N=c1c2nc(C=N[N+](=O)[O-])[nH]c2n([N+](=O)[O-])c(=O)n1[N+](=O)[O-],1.8853685224841543,146.74940250565518
N=c1c2nc(C=N[N+](=O)[O-])n(C=N[N+](=O)[O-])c2n([N+](=O)[O-])c(=O)n1[N+](=O)[O-],1.82339750142382,135.91047346661912
N=c1c2nc(C=N[N+](=O)[O-])n(N)c2n([N+](=O)[O-])c(=O)n1[N+](=O)[O-],1.848130552561989,141.37634830164131
N=c1c2nc(C=N[N+](=O)[O-])n([N+](=O)[O-])c2n(C=N[N+](=O)[O-])c(=O)n1[N+](=O)[O-],1.8260679698701423,131.29250835823757
N=c1c2nc(C=N[N+](=O)[O-])n([N+](=O)[O-])c2n(N)c(=O)n1[N+](=O)[O-],1.820536362701783,146.9673843461957
N=c1c2nc(C=N[N+](=O)[O-])n([N+](=O)[O-])c2n([N+](=O)[O-])c(=O)n1C=N[N+](=O)[O-],1.81057107510059,125.1343892527619
N=c1c2nc(C=N[N+](=O)[O-])n([N+](=O)[O-])c2nc([N+](=O)[O-])n1N[N+](=O)[O-],1.7873112175659616,125.82422911745908
N=c1c2nc(C=N[N+](=O)[O-])n([N+](=O)[O-])c2nc([N+](=O)[O-])n1[N+](=O)[O-],1.8147422856430773,157.1935334039208
N=c1c2nc(C=N[N+](=O)[O-])nc([N+](=O)[O-])c2nc([N+](=O)[O-])n1N[N+](=O)[O-],1.8136386106000355,138.26626266693324
N=c1c2nc(C=N[N+](=O)[O-])nc([N+](=O)[O-])c2nc([N+](=O)[O-])n1[N+](=O)[O-],1.8504656307641327,162.57786981956025
N=c1c2nc(N)n(C=N[N+](=O)[O-])c2n([N+](=O)[O-])c(=O)n1[N+](=O)[O-],1.861521289149464,155.70228660523162
N=c1c2nc(N)n([N+](=O)[O-])c2n(N[N+](=O)[O-])c(=O)n1N[N+](=O)[O-],1.821205118629004,150.5524722279725
N=c1c2nc(N)n([N+](=O)[O-])c2n([N+](=O)[O-])c(=O)n1C=N[N+](=O)[O-],1.8528293420452235,162.41365683301973
N=c1c2nc(N)n([N+](=O)[O-])c2n([N+](=O)[O-])c(=O)n1[N+](=O)[O-],1.9040387360725948,143.71736758088122
N=c1c2nc(N)n([N+](=O)[O-])c2nc(N[N+](=O)[O-])n1[N+](=O)[O-],1.8151926781904504,134.62368042333628
N=c1c2nc(N)n([N+](=O)[O-])c2nc([N+](=O)[O-])n1N[N+](=O)[O-],1.8251846104623304,153.77999062513908
N=c1c2nc(N)n([N+](=O)[O-])c2nc([N+](=O)[O-])n1[N+](=O)[O-],1.8668197825639727,192.4427294977146
N=c1c2nc(N)nc([N+](=O)[O-])c2nc(N[N+](=O)[O-])n1[N+](=O)[O-],1.8473276694594,128.58012728884046
N=c1c2nc(N)nc([N+](=O)[O-])c2nc([N+](=O)[O-])n1N[N+](=O)[O-],1.857071809909181,159.0725566859109
N=c1c2nc(N)nc([N+](=O)[O-])c2nc([N+](=O)[O-])n1[N+](=O)[O-],1.8758585803745464,186.4956366304131
N=c1c2nc(N[N+](=O)[O-])[nH]c2nc(N[N+](=O)[O-])n1[N+](=O)[O-],1.8237449305761924,124.18836127583674
N=c1c2nc(N[N+](=O)[O-])[nH]c2nc([N+](=O)[O-])n1N[N+](=O)[O-],1.8237533903495176,147.43197630900102
N=c1c2nc(N[N+](=O)[O-])[nH]c2nc([N+](=O)[O-])n1[N+](=O)[O-],1.857873753036957,134.38946223843067
N=c1c2nc(N[N+](=O)[O-])n([N+](=O)[O-])c2[nH]c(=O)n1N[N+](=O)[O-],1.841487316717548,114.28157543103444
N=c1c2nc(N[N+](=O)[O-])n([N+](=O)[O-])c2n(N)c(=O)n1N[N+](=O)[O-],1.8028900347558343,127.32685060491828
N=c1c2nc(N[N+](=O)[O-])n([N+](=O)[O-])c2nc(N)n1[N+](=O)[O-],1.8080028108388413,140.54265363320803
N=c1c2nc(N[N+](=O)[O-])n([N+](=O)[O-])c2nc([N+](=O)[O-])n1N,1.8117808949918488,148.56581215532762
N=c1c2nc([N+](=O)[O-])[nH]c2n(N[N+](=O)[O-])c(=O)n1N[N+](=O)[O-],1.8538467563226504,183.10672579961243
N=c1c2nc([N+](=O)[O-])[nH]c2n(N[N+](=O)[O-])c(=O)n1[N+](=O)[O-],1.874461524730932,146.7266399170945
N=c1c2nc([N+](=O)[O-])[nH]c2n([N+](=O)[O-])c(=O)n1N[N+](=O)[O-],1.8862860102082868,147.83245518864618
N=c1c2nc([N+](=O)[O-])[nH]c2n([N+](=O)[O-])c(=O)n1[N+](=O)[O-],1.9245860793644165,175.4863250581982
N=c1c2nc([N+](=O)[O-])[nH]c2nc(N[N+](=O)[O-])n1[N+](=O)[O-],1.8732755295859176,147.18923701578336
N=c1c2nc([N+](=O)[O-])[nH]c2nc([N+](=O)[O-])n1N[N+](=O)[O-],1.8732017777159031,194.21821801095825
N=c1c2nc([N+](=O)[O-])[nH]c2nc([N+](=O)[O-])n1[N+](=O)[O-],1.894309635219836,231.06428301344857
N=c1c2nc([N+](=O)[O-])n(C=N[N+](=O)[O-])c2n(C=N[N+](=O)[O-])c(=O)n1[N+](=O)[O-],1.850807781596397,170.29872055640172
N=c1c2nc([N+](=O)[O-])n(C=N[N+](=O)[O-])c2n(N[N+](=O)[O-])c(=O)n1N[N+](=O)[O-],1.8095431764887,141.7912271937828
N=c1c2nc([N+](=O)[O-])n(C=N[N+](=O)[O-])c2n([N+](=O)[O-])c(=O)n1[N+](=O)[O-],1.8606245893298687,149.47877294759382
N=c1c2nc([N+](=O)[O-])n(C=N[N+](=O)[O-])c2nc([N+](=O)[O-])n1N[N+](=O)[O-],1.791836039402867,139.81961447364552
N=c1c2nc([N+](=O)[O-])n(C=N[N+](=O)[O-])c2nc([N+](=O)[O-])n1[N+](=O)[O-],1.8467731566249463,171.4109035399013
N=c1c2nc([N+](=O)[O-])n(N)c2n(N[N+](=O)[O-])c(=O)n1N[N+](=O)[O-],1.811229672069245,204.5421550434519
N=c1c2nc([N+](=O)[O-])n(N)c2n(N[N+](=O)[O-])c(=O)n1[N+](=O)[O-],1.837950625327328,164.43751913978352
N=c1c2nc([N+](=O)[O-])n(N)c2n([N+](=O)[O-])c(=O)n1N[N+](=O)[O-],1.8240494824159,151.93023635937425
N=c1c2nc([N+](=O)[O-])n(N)c2n([N+](=O)[O-])c(=O)n1[N+](=O)[O-],1.8655788711981,161.09143183238356
N=c1c2nc([N+](=O)[O-])n(N)c2nc(N[N+](=O)[O-])n1[N+](=O)[O-],1.8015178161390333,159.912823837112
N=c1c2nc([N+](=O)[O-])n(N)c2nc([N+](=O)[O-])n1N[N+](=O)[O-],1.8267441732901195,210.39030397167895
N=c1c2nc([N+](=O)[O-])n(N)c2nc([N+](=O)[O-])n1[N+](=O)[O-],1.861310445568128,237.39494960811027
N=c1c2nc([N+](=O)[O-])n(N[N+](=O)[O-])c2[nH]c(=O)n1N[N+](=O)[O-],1.8729919825680128,163.79221362565977
N=c1c2nc([N+](=O)[O-])n(N[N+](=O)[O-])c2[nH]c(=O)n1[N+](=O)[O-],1.872145788318228,154.26172388722324
N=c1c2nc([N+](=O)[O-])n(N[N+](=O)[O-])c2n(C=N[N+](=O)[O-])c(=O)n1N[N+](=O)[O-],1.806210965773384,150.94435073318178
N=c1c2nc([N+](=O)[O-])n(N[N+](=O)[O-])c2n(N)c(=O)n1N[N+](=O)[O-],1.825092203707548,170.21204965550075
N=c1c2nc([N+](=O)[O-])n(N[N+](=O)[O-])c2n(N)c(=O)n1[N+](=O)[O-],1.825320942963225,153.38431395149613
N=c1c2nc([N+](=O)[O-])n(N[N+](=O)[O-])c2n(N[N+](=O)[O-])c(=O)n1C=N[N+](=O)[O-],1.8074112051521165,151.79144137654282
N=c1c2nc([N+](=O)[O-])n(N[N+](=O)[O-])c2n(N[N+](=O)[O-])c(=O)n1N,1.8076255917154431,179.0927949768789
N=c1c2nc([N+](=O)[O-])n(N[N+](=O)[O-])c2n(N[N+](=O)[O-])c(=O)n1N[N+](=O)[O-],1.8473882978348968,154.86511083286
N=c1c2nc([N+](=O)[O-])n(N[N+](=O)[O-])c2n([N+](=O)[O-])c(=O)n1N,1.84170333016036,149.73681060271122
N=c1c2nc([N+](=O)[O-])n(N[N+](=O)[O-])c2nc(C=N[N+](=O)[O-])n1[N+](=O)[O-],1.805192033075104,134.85102887750972
N=c1c2nc([N+](=O)[O-])n(N[N+](=O)[O-])c2nc(N)n1[N+](=O)[O-],1.821664802465884,175.84535436058903
N=c1c2nc([N+](=O)[O-])n(N[N+](=O)[O-])c2nc([N+](=O)[O-])n1C=N[N+](=O)[O-],1.810717241184153,159.75814920747274
N=c1c2nc([N+](=O)[O-])n(N[N+](=O)[O-])c2nc([N+](=O)[O-])n1N,1.8357779820036035,209.2972274267783
N=c1c2nc([N+](=O)[O-])n(N[N+](=O)[O-])c2nc([N+](=O)[O-])n1N[N+](=O)[O-],1.8481831911515687,152.46877040469505
N=c1c2nc([N+](=O)[O-])n(N[N+](=O)[O-])c2nc([N+](=O)[O-])n1[N+](=O)[O-],1.859619105502004,140.69580899547387
N=c1c2nc([N+](=O)[O-])n(N[N+](=O)[O-])c2ncn1[N+](=O)[O-],1.8247061994349267,145.2797028816279
N=c1c2nc([N+](=O)[O-])n([N+](=O)[O-])c2[nH]c(=O)n1N[N+](=O)[O-],1.8698240505278667,149.10228528142875
N=c1c2nc([N+](=O)[O-])n([N+](=O)[O-])c2[nH]c(=O)n1[N+](=O)[O-],1.9085147153720543,184.38351149476136
N=c1c2nc([N+](=O)[O-])n([N+](=O)[O-])c2n(C=N[N+](=O)[O-])c(=O)n1C=N[N+](=O)[O-],1.852198221263437,169.40214142972766
N=c1c2nc([N+](=O)[O-])n([N+](=O)[O-])c2n(C=N[N+](=O)[O-])c(=O)n1N[N+](=O)[O-],1.810313558154456,125.3289479537098
N=c1c2nc([N+](=O)[O-])n([N+](=O)[O-])c2n(C=N[N+](=O)[O-])c(=O)n1[N+](=O)[O-],1.86133445107876,145.88895552042828
N=c1c2nc([N+](=O)[O-])n([N+](=O)[O-])c2n(N)c(=O)n1N[N+](=O)[O-],1.827136648927805,145.90340837700717
N=c1c2nc([N+](=O)[O-])n([N+](=O)[O-])c2n(N)c(=O)n1[N+](=O)[O-],1.8709737843367904,176.6836068311427
N=c1c2nc([N+](=O)[O-])n([N+](=O)[O-])c2n(N[N+](=O)[O-])c(=O)n1C=N[N+](=O)[O-],1.820820415859972,127.19804315368984
N=c1c2nc([N+](=O)[O-])n([N+](=O)[O-])c2n(N[N+](=O)[O-])c(=O)n1N,1.8256768680418003,156.4517478060718
N=c1c2nc([N+](=O)[O-])n([N+](=O)[O-])c2n(N[N+](=O)[O-])c(=O)n1N[N+](=O)[O-],1.858701437013484,129.893302740339
N=c1c2nc([N+](=O)[O-])n([N+](=O)[O-])c2n([N+](=O)[O-])c(=O)n1C=N[N+](=O)[O-],1.8602579629995664,146.9844001407785
N=c1c2nc([N+](=O)[O-])n([N+](=O)[O-])c2n([N+](=O)[O-])c(=O)n1N,1.875321782450048,174.9560016622044
N=c1c2nc([N+](=O)[O-])n([N+](=O)[O-])c2n([N+](=O)[O-])c(=O)n1[N+](=O)[O-],1.924558783941936,130.11244715069574
N=c1c2nc([N+](=O)[O-])n([N+](=O)[O-])c2nc(C=N[N+](=O)[O-])n1[N+](=O)[O-],1.8317657356633,161.55587847396183
N=c1c2nc([N+](=O)[O-])n([N+](=O)[O-])c2nc(N)n1N[N+](=O)[O-],1.8371019003761204,126.76403470366336
N=c1c2nc([N+](=O)[O-])n([N+](=O)[O-])c2nc(N)n1[N+](=O)[O-],1.8579700281496283,200.23425919497376
N=c1c2nc([N+](=O)[O-])n([N+](=O)[O-])c2nc(N[N+](=O)[O-])n1N,1.814002453158774,124.79614749134625
N=c1c2nc([N+](=O)[O-])n([N+](=O)[O-])c2nc([N+](=O)[O-])n1C=N[N+](=O)[O-],1.8415180828162645,190.5946926646328
N=c1c2nc([N+](=O)[O-])n([N+](=O)[O-])c2nc([N+](=O)[O-])n1N,1.863500369967277,226.9678625778463
N=c1c2nc([N+](=O)[O-])n([N+](=O)[O-])c2nc([N+](=O)[O-])n1N[N+](=O)[O-],1.863299143051345,132.3873981157209
N=c1c2nc([N+](=O)[O-])n([N+](=O)[O-])c2nc([N+](=O)[O-])n1[N+](=O)[O-],1.9007227941521343,173.49518644955674
N=c1c2nc([N+](=O)[O-])n([N+](=O)[O-])c2ncn1[N+](=O)[O-],1.8481045586430973,167.03240139161898
N=c1c2nc([N+](=O)[O-])nc(C=N[N+](=O)[O-])c2nc([N+](=O)[O-])n1[N+](=O)[O-],1.8470013535874623,150.68459564538134
N=c1c2nc([N+](=O)[O-])nc(N)c2nc(N[N+](=O)[O-])n1[N+](=O)[O-],1.8492288046734129,125.0988912403054
N=c1c2nc([N+](=O)[O-])nc(N)c2nc([N+](=O)[O-])n1N[N+](=O)[O-],1.861594317961929,161.14923665318872
N=c1c2nc([N+](=O)[O-])nc(N)c2nc([N+](=O)[O-])n1[N+](=O)[O-],1.8886228599014256,183.7350155191533
N=c1c2nc([N+](=O)[O-])nc(N[N+](=O)[O-])c2nc(N)n1[N+](=O)[O-],1.825376509935878,128.0932351231968
N=c1c2nc([N+](=O)[O-])nc(N[N+](=O)[O-])c2nc([N+](=O)[O-])n1N,1.8211930435679324,141.5020907960816
N=c1c2nc([N+](=O)[O-])nc([N+](=O)[O-])c2nc(C=N[N+](=O)[O-])n1[N+](=O)[O-],1.883902161774452,170.87669610383972
N=c1c2nc([N+](=O)[O-])nc([N+](=O)[O-])c2nc(N)n1N[N+](=O)[O-],1.8469879770228028,141.7393607267548
N=c1c2nc([N+](=O)[O-])nc([N+](=O)[O-])c2nc(N)n1[N+](=O)[O-],1.8719690730532128,202.6602649699832
N=c1c2nc([N+](=O)[O-])nc([N+](=O)[O-])c2nc(N[N+](=O)[O-])n1N,1.8365994115323296,124.30661312157484
N=c1c2nc([N+](=O)[O-])nc([N+](=O)[O-])c2nc([N+](=O)[O-])n1C=N[N+](=O)[O-],1.8642603757572016,187.36422820986385
N=c1c2nc([N+](=O)[O-])nc([N+](=O)[O-])c2nc([N+](=O)[O-])n1N,1.86128907921755,233.0878810997996
N=c1c2nc([N+](=O)[O-])nc([N+](=O)[O-])c2nc([N+](=O)[O-])n1N[N+](=O)[O-],1.8764020304284967,143.2371469806602
N=c1c2nc([N+](=O)[O-])nc([N+](=O)[O-])c2nc([N+](=O)[O-])n1[N+](=O)[O-],1.9161865728859355,169.1648450770132
N=c1c2nc([N+](=O)[O-])nc([N+](=O)[O-])c2ncn1[N+](=O)[O-],1.889752058875953,178.56903745814265
N=c1c2ncn(N[N+](=O)[O-])c2nc([N+](=O)[O-])n1N[N+](=O)[O-],1.8083292713222885,158.29788225218158
N=c1c2ncn([N+](=O)[O-])c2nc([N+](=O)[O-])n1N[N+](=O)[O-],1.8306311860629083,129.65290179777443
N=c1c2ncn([N+](=O)[O-])c2nc([N+](=O)[O-])n1[N+](=O)[O-],1.8601928516672643,156.36609415376
N=c1c2ncnc([N+](=O)[O-])c2nc([N+](=O)[O-])n1N[N+](=O)[O-],1.842000470660188,135.4594227999686
N=c1c2ncnc([N+](=O)[O-])c2nc([N+](=O)[O-])n1[N+](=O)[O-],1.8699870638523253,173.65967686753066
N=c1c2nn(C=N[N+](=O)[O-])nc2c([N+](=O)[O-])nn1[N+](=O)[O-],1.8608230686271143,176.1256129524209
NC(=C([N+](=O)[O-])[N+](=O)[O-])N,1.8935,286.7779131965269
NC(=O)c1c([N+](=O)[O-])c(N)c([N+](=O)[O-])c(N)c1[N+](=O)[O-],1.8864,263.974939784283
NC(=O)c1nnc(C(N)=O)nn1,1.8058,292.64739296895294
NC(N)=C([N+](=O)[O-])[N+](=O)[O-],1.8925,286.77791649928207
NC1=C(C(=CN1)[N+]([O-])=O)[N+]([O-])=O,1.828,265.4741676908156
NC1=C(C(=O)C(N1)=CO)[N+]([O-])=O,1.885,329.2735109915827
NC1=C(C(=O)C(O)=CN1)[N+]([O-])=O,1.856,323.85952904562976
NC1=C(C(=O)C=CN1)[N+]([O-])=O,1.841,322.2902513535374
NC1=C(C(=O)C=CN1O)[N+]([O-])=O,1.862,250.3999782333068
NC1=C(C(=O)C=NN1)[N+]([O-])=O,1.858,333.1086636775214
NC1=C(C(=O)N=CN1)[N+]([O-])=O,1.87,316.3697456652715
NC1=C(C(=O)N=CO1)[N+]([O-])=O,1.829,271.2189540064089
NC1=C(C(=O)NN1)[N+]([O-])=O,1.836,335.99278140971285
NC1=C(C(=O)NO1)[N+]([O-])=O,1.865,326.88765350829465
NC1=C(C(=O)OC=N1)[N+]([O-])=O,1.806,248.602675847922
NC1=C(C(=O)ON1)[N+]([O-])=O,1.888,323.72682434331284
NC1=C(C(=O)ON=C1)[N+]([O-])=O,1.817,303.8019531075813
NC1=C(C(C=O)=NN1)[N+]([O-])=O,1.8,325.561716210859
NC1=C(C2=C(N1)N=CO2)[N+]([O-])=O,1.801,338.75495481589763
NC1=C(C2=C(N1)OC=N2)[N+]([O-])=O,1.848,334.2229934518748
NC1=C(C2=C(N1)OCO2)[N+]([O-])=O,1.81,347.0625862454329
NC1=C(C2=C(NC=N2)O1)[N+]([O-])=O,1.838,314.6284836037479
NC1=C(C2=C(O1)N=CO2)[N+]([O-])=O,1.809,310.4939394653371
NC1=C(C2=C(OC=N2)O1)[N+]([O-])=O,1.834,302.00994091027366
NC1=C(C2=NNC=C2O1)[N+]([O-])=O,1.82,322.4466632323907
NC1=C(C=C(O)N1O)[N+]([O-])=O,1.812,308.61969857281827
NC1=C(C=N[N+](=O)[O-])C(=C2N=NN=N2)C([N+](=O)[O-])=C(N[N+](=O)[O-])N1[N+](=O)[O-],1.7905873913212178,115.45425167803916
NC1=C(C=N[N+](=O)[O-])C(=C2N=NN=N2)C([N+](=O)[O-])=C([N+](=O)[O-])N1N[N+](=O)[O-],1.7837575885526529,139.8864886601192
NC1=C(C=N[N+](=O)[O-])N(N[N+](=O)[O-])C([N+](=O)[O-])=C(N[N+](=O)[O-])C1=C1N=NN=N1,1.7822338170735472,139.353529665508
NC1=C(C=N[N+](=O)[O-])N(N[N+](=O)[O-])C([N+](=O)[O-])=C([N+](=O)[O-])C1=C1N=NN=N1,1.7872466485268212,142.73396562656887
NC1=C(N)N(N[N+](=O)[O-])C(N[N+](=O)[O-])=C(N[N+](=O)[O-])C1=C1N=NN=N1,1.8245593102938145,150.01568203737605
NC1=C(N)N(N[N+](=O)[O-])C(N[N+](=O)[O-])=C([N+](=O)[O-])C1=C1N=NN=N1,1.802659777079304,154.4427875305886
NC1=C(N)N(N[N+](=O)[O-])C([N+](=O)[O-])=C(N[N+](=O)[O-])C1=C1N=NN=N1,1.8463098213474431,159.40279256881945
NC1=C(N)N(N[N+](=O)[O-])C([N+](=O)[O-])=C([N+](=O)[O-])C1=C1N=NN=N1,1.8362538984824623,176.6272882501594
NC1=C(N)N([N+](=O)[O-])C(N[N+](=O)[O-])=C([N+](=O)[O-])C1=C1N=NN=N1,1.8443933211605097,140.34900649268425
NC1=C(N)N([N+](=O)[O-])C([N+](=O)[O-])=C(N[N+](=O)[O-])C1=C1N=NN=N1,1.8430056652650344,129.69853266306092
NC1=C(N)N([N+](=O)[O-])C([N+](=O)[O-])=C([N+](=O)[O-])C1=C1N=NN=N1,1.8670270831633184,162.59279166737178
NC1=C(N=CN1O)[N+]([O-])=O,1.817,286.6440574840368
NC1=C(NC(=O)O1)[N+]([O-])=O,1.816,307.44359406595777
NC1=C(NC(O)=C1O)[N+]([O-])=O,1.818,326.26171535042744
NC1=C(N[N+](=O)[O-])C(=C2N=NN=N2)C(N[N+](=O)[O-])=C(N)N1N[N+](=O)[O-],1.8369407308484125,151.20130508460682
NC1=C(N[N+](=O)[O-])C(=C2N=NN=N2)C(N[N+](=O)[O-])=C(N)N1[N+](=O)[O-],1.8503918788941185,139.21336073653015
NC1=C(N[N+](=O)[O-])C(=C2N=NN=N2)C(N[N+](=O)[O-])=C(N[N+](=O)[O-])N1,1.8618127174946533,140.320338577898
NC1=C(N[N+](=O)[O-])C(=C2N=NN=N2)C(N[N+](=O)[O-])=C([N+](=O)[O-])N1,1.869796285117979,141.373653253431
NC1=C(N[N+](=O)[O-])C(=C2N=NN=N2)C(N[N+](=O)[O-])=C([N+](=O)[O-])N1N,1.8360440671816955,151.37365605986082
NC1=C(N[N+](=O)[O-])C(=C2N=NN=N2)C(N[N+](=O)[O-])=C([N+](=O)[O-])N1N[N+](=O)[O-],1.821895891658596,129.31882150786
NC1=C(N[N+](=O)[O-])C(=C2N=NN=N2)C([N+](=O)[O-])=C(N)N1N[N+](=O)[O-],1.82669381233182,160.62814776062146
NC1=C(N[N+](=O)[O-])C(=C2N=NN=N2)C([N+](=O)[O-])=C(N)N1[N+](=O)[O-],1.8244659635642173,149.5089204966916
NC1=C(N[N+](=O)[O-])C(=C2N=NN=N2)C([N+](=O)[O-])=C(N[N+](=O)[O-])N1,1.8431191853002529,156.08967336342369
NC1=C(N[N+](=O)[O-])C(=C2N=NN=N2)C([N+](=O)[O-])=C(N[N+](=O)[O-])N1C=N[N+](=O)[O-],1.7870218499347863,127.20467508605051
NC1=C(N[N+](=O)[O-])C(=C2N=NN=N2)C([N+](=O)[O-])=C(N[N+](=O)[O-])N1N,1.803488075654747,140.8674465756134
NC1=C(N[N+](=O)[O-])C(=C2N=NN=N2)C([N+](=O)[O-])=C([N+](=O)[O-])N1,1.8629162479261856,164.1217229024332
NC1=C(N[N+](=O)[O-])C(=C2N=NN=N2)C([N+](=O)[O-])=C([N+](=O)[O-])N1N,1.8423609510013232,162.55619053469192
NC1=C(N[N+](=O)[O-])C(=C2N=NN=N2)C([N+](=O)[O-])=C([N+](=O)[O-])N1N[N+](=O)[O-],1.8302371196986147,138.203906649518
NC1=C(N[N+](=O)[O-])C(=C2N=NN=N2)C([N+](=O)[O-])=CN1N[N+](=O)[O-],1.8052486846340805,153.76107904909458
NC1=C(N[N+](=O)[O-])C(=C2N=NN=N2)C([N+](=O)[O-])=CN1[N+](=O)[O-],1.818931030331132,137.40390008371372
NC1=C(N[N+](=O)[O-])C(=C2N=NN=N2)C=C(N[N+](=O)[O-])N1[N+](=O)[O-],1.834585804716544,129.73233966487564
NC1=C(N[N+](=O)[O-])C(=C2N=NN=N2)C=C([N+](=O)[O-])N1N[N+](=O)[O-],1.8031633143565404,143.8591086213151
NC1=C(N[N+](=O)[O-])N(C=N[N+](=O)[O-])C([N+](=O)[O-])=C(N[N+](=O)[O-])C1=C1N=NN=N1,1.80623348901604,126.79230628783044
NC1=C(N[N+](=O)[O-])N(N)C(N[N+](=O)[O-])=C([N+](=O)[O-])C1=C1N=NN=N1,1.8011143861794778,139.50712099145488
NC1=C(N[N+](=O)[O-])N(N)C([N+](=O)[O-])=C(N[N+](=O)[O-])C1=C1N=NN=N1,1.823544788246584,150.210201105262
NC1=C(N[N+](=O)[O-])N(N)C([N+](=O)[O-])=C([N+](=O)[O-])C1=C1N=NN=N1,1.8006942535905368,165.0059959633822
NC1=C(N[N+](=O)[O-])N(N[N+](=O)[O-])C(N)=C(N[N+](=O)[O-])C1=C1N=NN=N1,1.8255774476287905,150.59925245205454
NC1=C(N[N+](=O)[O-])N(N[N+](=O)[O-])C(N)=C([N+](=O)[O-])C1=C1N=NN=N1,1.8170691571420376,159.22650470941505
NC1=C(N[N+](=O)[O-])N(N[N+](=O)[O-])C(N[N+](=O)[O-])=C(N)C1=C1N=NN=N1,1.8257542351995608,152.41316521882626
NC1=C(N[N+](=O)[O-])N(N[N+](=O)[O-])C([N+](=O)[O-])=C(N)C1=C1N=NN=N1,1.8404041765089016,164.31872564219924
NC1=C(N[N+](=O)[O-])N(N[N+](=O)[O-])C([N+](=O)[O-])=C(N[N+](=O)[O-])C1=C1N=NN=N1,1.8385418333324008,132.11593806363447
NC1=C(N[N+](=O)[O-])N(N[N+](=O)[O-])C([N+](=O)[O-])=C([N+](=O)[O-])C1=C1N=NN=N1,1.84536887040584,140.18294396325427
NC1=C(N[N+](=O)[O-])N(N[N+](=O)[O-])C([N+](=O)[O-])=CC1=C1N=NN=N1,1.826980179274166,146.38582200665428
NC1=C(N[N+](=O)[O-])N(N[N+](=O)[O-])C=C([N+](=O)[O-])C1=C1N=NN=N1,1.799253778341095,148.4709966602028
NC1=C(N[N+](=O)[O-])N([N+](=O)[O-])C(N)=C([N+](=O)[O-])C1=C1N=NN=N1,1.828713782054039,139.17889318368344
NC1=C(N[N+](=O)[O-])N([N+](=O)[O-])C([N+](=O)[O-])=C(N)C1=C1N=NN=N1,1.848386370322884,130.49176197527748
NC1=C(N[N+](=O)[O-])N([N+](=O)[O-])C=C([N+](=O)[O-])C1=C1N=NN=N1,1.789798354770694,126.71504823913465
NC1=C(N[N+](=O)[O-])NC(N[N+](=O)[O-])=C(N[N+](=O)[O-])C1=C1N=NN=N1,1.8612548424425968,148.61458724352616
NC1=C(N[N+](=O)[O-])NC(N[N+](=O)[O-])=C([N+](=O)[O-])C1=C1N=NN=N1,1.841111254486228,162.5505362178585
NC1=C(N[N+](=O)[O-])NC([N+](=O)[O-])=C(N[N+](=O)[O-])C1=C1N=NN=N1,1.8410562298067368,140.09568517193492
NC1=C(N[N+](=O)[O-])NC([N+](=O)[O-])=C([N+](=O)[O-])C1=C1N=NN=N1,1.8367652086283528,161.6041779654174
NC1=C(O)C(=O)C(=CN1)[N+]([O-])=O,1.815,313.0515666389711
NC1=C(O)C(O)=C(N1)[N+]([O-])=O,1.807,312.506367633738
NC1=C(O)C=C(C(=O)N1)[N+]([O-])=O,1.874,322.50713007385457
NC1=C(O)N=C(O1)[N+]([O-])=O,1.841,257.5022382039782
NC1=C(O)OC(=N1)[N+]([O-])=O,1.813,267.8131797206072
NC1=C(O)ON=C1[N+]([O-])=O,1.804,254.5050428048508
NC1=C(OC(=O)N1)[N+]([O-])=O,1.837,307.95621799705066
NC1=C(OC(O)=C1)[N+]([O-])=O,1.811,306.290873065628
NC1=C(OC2=C1C=NO2)[N+]([O-])=O,1.801,308.97627392812547
NC1=C(OC2=C1N=CO2)[N+]([O-])=O,1.815,291.54060338462915
NC1=C(OC2=C1NC=N2)[N+]([O-])=O,1.816,324.8227974044886
NC1=C(OC2=C1OC=N2)[N+]([O-])=O,1.817,301.50032578913124
NC1=C(OC2=NNC=C12)[N+]([O-])=O,1.8,313.65263505048574
NC1=C([N+](=O)[O-])C(=C2N=NN=N2)C(C=N[N+](=O)[O-])=C(N[N+](=O)[O-])N1[N+](=O)[O-],1.7826749725607305,114.09647582086396
NC1=C([N+](=O)[O-])C(=C2N=NN=N2)C(C=N[N+](=O)[O-])=C([N+](=O)[O-])N1N[N+](=O)[O-],1.7894573246776315,141.37973032292484
NC1=C([N+](=O)[O-])C(=C2N=NN=N2)C(C=N[N+](=O)[O-])=C([N+](=O)[O-])N1[N+](=O)[O-],1.8179380553988669,120.9695621522918
NC1=C([N+](=O)[O-])C(=C2N=NN=N2)C(N[N+](=O)[O-])=C(N[N+](=O)[O-])N1,1.8529350169060337,150.46473783991013
NC1=C([N+](=O)[O-])C(=C2N=NN=N2)C(N[N+](=O)[O-])=C(N[N+](=O)[O-])N1C=N[N+](=O)[O-],1.8081838282962743,131.8346358011721
NC1=C([N+](=O)[O-])C(=C2N=NN=N2)C(N[N+](=O)[O-])=C(N[N+](=O)[O-])N1N,1.8355574494511089,139.92189419543124
NC1=C([N+](=O)[O-])C(=C2N=NN=N2)C(N[N+](=O)[O-])=C([N+](=O)[O-])N1,1.8384846756331392,179.79424072320728
NC1=C([N+](=O)[O-])C(=C2N=NN=N2)C(N[N+](=O)[O-])=C([N+](=O)[O-])N1C=N[N+](=O)[O-],1.7910589694547818,138.3839068057219
NC1=C([N+](=O)[O-])C(=C2N=NN=N2)C(N[N+](=O)[O-])=C([N+](=O)[O-])N1N,1.804948073458016,183.6224576233106
NC1=C([N+](=O)[O-])C(=C2N=NN=N2)C(N[N+](=O)[O-])=C([N+](=O)[O-])N1N[N+](=O)[O-],1.8426868691916083,143.8013104060203
NC1=C([N+](=O)[O-])C(=C2N=NN=N2)C(N[N+](=O)[O-])=C([N+](=O)[O-])N1[N+](=O)[O-],1.8533593793816368,128.32137623860856
NC1=C([N+](=O)[O-])C(=C2N=NN=N2)C(N[N+](=O)[O-])=CN1N[N+](=O)[O-],1.803612550011835,144.5876435654634
NC1=C([N+](=O)[O-])C(=C2N=NN=N2)C(N[N+](=O)[O-])=CN1[N+](=O)[O-],1.8170668433578805,128.76621772555885
NC1=C([N+](=O)[O-])C(=C2N=NN=N2)C([N+](=O)[O-])=C(C=N[N+](=O)[O-])N1N[N+](=O)[O-],1.7811549429044415,146.36950639616532
NC1=C([N+](=O)[O-])C(=C2N=NN=N2)C([N+](=O)[O-])=C(C=N[N+](=O)[O-])N1[N+](=O)[O-],1.8181358116385624,126.8114226346948
NC1=C([N+](=O)[O-])C(=C2N=NN=N2)C([N+](=O)[O-])=C(N)N1N[N+](=O)[O-],1.8299693353352824,193.4267589755073
NC1=C([N+](=O)[O-])C(=C2N=NN=N2)C([N+](=O)[O-])=C(N)N1[N+](=O)[O-],1.8464948156213965,197.73423867683533
NC1=C([N+](=O)[O-])C(=C2N=NN=N2)C([N+](=O)[O-])=C(N[N+](=O)[O-])N1,1.8458621764187564,201.17319285381583
NC1=C([N+](=O)[O-])C(=C2N=NN=N2)C([N+](=O)[O-])=C(N[N+](=O)[O-])N1C=N[N+](=O)[O-],1.805497850265522,137.65472452156234
NC1=C([N+](=O)[O-])C(=C2N=NN=N2)C([N+](=O)[O-])=C(N[N+](=O)[O-])N1N,1.8170411748148847,167.55388661480538
NC1=C([N+](=O)[O-])C(=C2N=NN=N2)C([N+](=O)[O-])=C(N[N+](=O)[O-])N1N[N+](=O)[O-],1.80350239219422,144.41985039232978
NC1=C([N+](=O)[O-])C(=C2N=NN=N2)C([N+](=O)[O-])=C(N[N+](=O)[O-])N1[N+](=O)[O-],1.8522825659265467,135.14222619443055
NC1=C([N+](=O)[O-])C(=C2N=NN=N2)C([N+](=O)[O-])=C([N+](=O)[O-])N1,1.864517567327439,267.4477273851195
NC1=C([N+](=O)[O-])C(=C2N=NN=N2)C([N+](=O)[O-])=C([N+](=O)[O-])N1C=N[N+](=O)[O-],1.8310863507901065,188.9726039175368
NC1=C([N+](=O)[O-])C(=C2N=NN=N2)C([N+](=O)[O-])=C([N+](=O)[O-])N1N,1.817474069369569,210.1784190171633
NC1=C([N+](=O)[O-])C(=C2N=NN=N2)C([N+](=O)[O-])=C([N+](=O)[O-])N1N[N+](=O)[O-],1.847574738223948,159.85671663245896
NC1=C([N+](=O)[O-])C(=C2N=NN=N2)C([N+](=O)[O-])=C([N+](=O)[O-])N1[N+](=O)[O-],1.878361299469464,156.58304553469068
NC1=C([N+](=O)[O-])C(=C2N=NN=N2)C([N+](=O)[O-])=CN1N[N+](=O)[O-],1.8033450910244,172.74197992436547
NC1=C([N+](=O)[O-])C(=C2N=NN=N2)C([N+](=O)[O-])=CN1[N+](=O)[O-],1.7916918978804413,172.03310297892773
NC1=C([N+](=O)[O-])C(=C2N=NN=N2)C=C(N[N+](=O)[O-])N1N[N+](=O)[O-],1.7973419057224764,142.64048444452857
NC1=C([N+](=O)[O-])C(=C2N=NN=N2)C=C(N[N+](=O)[O-])N1[N+](=O)[O-],1.7892051222044834,136.7651340248062
NC1=C([N+](=O)[O-])C(=C2N=NN=N2)C=C([N+](=O)[O-])N1N[N+](=O)[O-],1.818909266298902,170.38331072155208
NC1=C([N+](=O)[O-])C(=[NH2+])C([N+](=O)[O-])=C(N)[N+]1=O,1.8751,323.8672707037241
NC1=C([N+](=O)[O-])N(C=N[N+](=O)[O-])C(N[N+](=O)[O-])=C(N[N+](=O)[O-])C1=C1N=NN=N1,1.8034723491530524,132.46057395903932
NC1=C([N+](=O)[O-])N(C=N[N+](=O)[O-])C(N[N+](=O)[O-])=C([N+](=O)[O-])C1=C1N=NN=N1,1.7913260669134423,140.85922932077605
NC1=C([N+](=O)[O-])N(C=N[N+](=O)[O-])C([N+](=O)[O-])=C(N[N+](=O)[O-])C1=C1N=NN=N1,1.79806821703061,143.77607735660013
NC1=C([N+](=O)[O-])N(C=N[N+](=O)[O-])C([N+](=O)[O-])=C([N+](=O)[O-])C1=C1N=NN=N1,1.842839145111462,195.75428319716465
NC1=C([N+](=O)[O-])N(N)C(N[N+](=O)[O-])=C(N[N+](=O)[O-])C1=C1N=NN=N1,1.830661699091483,159.76619471904178
NC1=C([N+](=O)[O-])N(N)C(N[N+](=O)[O-])=C([N+](=O)[O-])C1=C1N=NN=N1,1.8232439963061324,190.9010958663089
NC1=C([N+](=O)[O-])N(N)C([N+](=O)[O-])=C(N[N+](=O)[O-])C1=C1N=NN=N1,1.828551166411232,213.5896201425368
NC1=C([N+](=O)[O-])N(N)C([N+](=O)[O-])=C([N+](=O)[O-])C1=C1N=NN=N1,1.8429593534290103,253.15929393058963
NC1=C([N+](=O)[O-])N(N)C2=NC(=NN[N+](=O)[O-])C(=NN[N+](=O)[O-])N21,1.833324936962314,187.43101652470332
NC1=C([N+](=O)[O-])N(N[N+](=O)[O-])C(C=N[N+](=O)[O-])=C(N[N+](=O)[O-])C1=C1N=NN=N1,1.781509186874215,141.95565155665352
NC1=C([N+](=O)[O-])N(N[N+](=O)[O-])C(N)=C(N[N+](=O)[O-])C1=C1N=NN=N1,1.8218514597722,163.64852395968168
NC1=C([N+](=O)[O-])N(N[N+](=O)[O-])C(N)=C([N+](=O)[O-])C1=C1N=NN=N1,1.832639261488443,191.572651678442
NC1=C([N+](=O)[O-])N(N[N+](=O)[O-])C(N[N+](=O)[O-])=C(N[N+](=O)[O-])C1=C1N=NN=N1,1.8380512387852936,136.40747206305147
NC1=C([N+](=O)[O-])N(N[N+](=O)[O-])C(N[N+](=O)[O-])=C([N+](=O)[O-])C1=C1N=NN=N1,1.844420471971481,146.4895945737722
NC1=C([N+](=O)[O-])N(N[N+](=O)[O-])C([N+](=O)[O-])=C(C=N[N+](=O)[O-])C1=C1N=NN=N1,1.808286791691275,149.05501624958308
NC1=C([N+](=O)[O-])N(N[N+](=O)[O-])C([N+](=O)[O-])=C(N)C1=C1N=NN=N1,1.8563053689070683,205.9051294372485
NC1=C([N+](=O)[O-])N(N[N+](=O)[O-])C([N+](=O)[O-])=C(N[N+](=O)[O-])C1=C1N=NN=N1,1.866487609925888,151.4569647560092
NC1=C([N+](=O)[O-])N(N[N+](=O)[O-])C([N+](=O)[O-])=C([N+](=O)[O-])C1=C1N=NN=N1,1.879447910354345,164.44154189556804
NC1=C([N+](=O)[O-])N(N[N+](=O)[O-])C([N+](=O)[O-])=CC1=C1N=NN=N1,1.8187339971489849,178.71912125810994
NC1=C([N+](=O)[O-])N(N[N+](=O)[O-])C2=NC(=NC=N[N+](=O)[O-])C(=NN[N+](=O)[O-])N21,1.7950578753833035,137.19446577352653
NC1=C([N+](=O)[O-])N(N[N+](=O)[O-])C=C(N[N+](=O)[O-])C1=C1N=NN=N1,1.837688336201369,171.9523704318039
NC1=C([N+](=O)[O-])N(N[N+](=O)[O-])C=C([N+](=O)[O-])C1=C1N=NN=N1,1.827881036674668,197.88578890009356
NC1=C([N+](=O)[O-])N([N+](=O)[O-])C(N)=C(N[N+](=O)[O-])C1=C1N=NN=N1,1.8506311386371368,132.94728117039404
NC1=C([N+](=O)[O-])N([N+](=O)[O-])C(N)=C([N+](=O)[O-])C1=C1N=NN=N1,1.8494115936218407,170.54996774691077
NC1=C([N+](=O)[O-])N([N+](=O)[O-])C(N[N+](=O)[O-])=C([N+](=O)[O-])C1=C1N=NN=N1,1.8514502543817053,128.09182154398846
NC1=C([N+](=O)[O-])N([N+](=O)[O-])C([N+](=O)[O-])=C(N)C1=C1N=NN=N1,1.8768239345084337,174.89462326031645
NC1=C([N+](=O)[O-])N([N+](=O)[O-])C([N+](=O)[O-])=C(N[N+](=O)[O-])C1=C1N=NN=N1,1.8659961477097216,126.85581166404124
NC1=C([N+](=O)[O-])N([N+](=O)[O-])C([N+](=O)[O-])=C([N+](=O)[O-])C1=C1N=NN=N1,1.882857415921667,147.37560488393518
NC1=C([N+](=O)[O-])N([N+](=O)[O-])C=C([N+](=O)[O-])C1=C1N=NN=N1,1.8096045279217463,160.79088111285046
NC1=C([N+](=O)[O-])N2C(=NC(=NN[N+](=O)[O-])C2=NN[N+](=O)[O-])N1,1.852996982937997,195.4376612710244
NC1=C([N+](=O)[O-])N2C(=NC(=N[N+](=O)[O-])C2=N[N+](=O)[O-])N1,1.8998874457655868,160.87362834062168
NC1=C([N+](=O)[O-])N2C(=NN[N+](=O)[O-])C(=NN[N+](=O)[O-])N=C2N1N,1.8235317732107,173.86084768430828
NC1=C([N+](=O)[O-])N=C([N+](=O)[O-])C(=[NH2+])[N+]1=O,1.9209,268.4988477926933
NC1=C([N+](=O)[O-])NC(N[N+](=O)[O-])=C(N[N+](=O)[O-])C1=C1N=NN=N1,1.843677602645471,148.27816860295863
NC1=C([N+](=O)[O-])NC(N[N+](=O)[O-])=C([N+](=O)[O-])C1=C1N=NN=N1,1.852142365067764,200.3388904784332
NC1=C([N+](=O)[O-])NC([N+](=O)[O-])=C(N[N+](=O)[O-])C1=C1N=NN=N1,1.8680320608509,197.62051160566608
NC1=C([N+](=O)[O-])NC([N+](=O)[O-])=C([N+](=O)[O-])C1=C1N=NN=N1,1.8838893998087096,293.7472467674413
NC1=C([N+](=O)[O-])NC2=NC(=NN[N+](=O)[O-])C(=NN[N+](=O)[O-])N21,1.854335579378762,182.50389371684247
NC1=C2N=COC2=C(O1)[N+]([O-])=O,1.841,264.2121159992785
NC1=C2NC=NC2=C(O1)[N+]([O-])=O,1.854,291.53652117925174
NC1=C2OC=CC2=C(O1)[N+]([O-])=O,1.801,277.3947246868356
NC1=C2OC=NC2=C(N1)[N+]([O-])=O,1.815,301.45725125633834
NC1=C2OC=NC2=C(O1)[N+]([O-])=O,1.852,263.4357138633618
NC1=CC(=C(N1)C(O)=O)[N+]([O-])=O,1.8,270.2943510022048
NC1=CC(=C2N=NN=N2)C(N[N+](=O)[O-])=C([N+](=O)[O-])N1N[N+](=O)[O-],1.828445636161932,138.33437868934698
NC1=CC(=C2N=NN=N2)C([N+](=O)[O-])=C(N[N+](=O)[O-])N1[N+](=O)[O-],1.8150584425564489,130.26651407338565
NC1=CC(=C2N=NN=N2)C([N+](=O)[O-])=C([N+](=O)[O-])N1N[N+](=O)[O-],1.826449093504306,150.83900605460784
NC1=CC(=C2N=NN=N2)C([N+](=O)[O-])=C([N+](=O)[O-])N1[N+](=O)[O-],1.8309251451095203,144.51100643473762
NC1=CC(=NC(=O)O1)[N+]([O-])=O,1.801,236.80607331726767
NC1=CC(=O)C(=C(N)N1)[N+]([O-])=O,1.829,348.5474323046226
NC1=CC(=O)C(=C(O)N1)[N+]([O-])=O,1.87,340.9938661166201
NC1=CC(=O)C(=CN1O)[N+]([O-])=O,1.834,255.1613952092949
NC1=CC(=O)N=C(N1)[N+]([O-])=O,1.808,267.61799308333457
NC1=CC(N)=C(C(=N)O1)[N+]([O-])=O,1.808,360.12268418447354
NC1=CC(N)=C(C(=O)O1)[N+]([O-])=O,1.835,317.126905588389
NC1=CC(O)=C(C(=N)O1)[N+]([O-])=O,1.818,364.3874130230144
NC1=CC2=C(N=CN2O1)[N+]([O-])=O,1.809,284.177137178109
NC1=CC2=C(O1)N=C(O2)[N+]([O-])=O,1.842,253.00036865505984
NC1=CC2=C(O1)OC(=N2)[N+]([O-])=O,1.809,250.69345114853263
NC1=CC2=C(OC=C2O1)[N+]([O-])=O,1.8,280.63325446970464
NC1=CN(N[N+](=O)[O-])C([N+](=O)[O-])=C(N[N+](=O)[O-])C1=C1N=NN=N1,1.826316918584319,162.95192005241742
NC1=CN(N[N+](=O)[O-])C([N+](=O)[O-])=C([N+](=O)[O-])C1=C1N=NN=N1,1.823511455293568,169.75904375779567
NC1=CN(O)C=C(C1=O)[N+]([O-])=O,1.81,240.94545103785464
NC1=CN([N+](=O)[O-])C(N[N+](=O)[O-])=C([N+](=O)[O-])C1=C1N=NN=N1,1.801356032012408,117.0704747319716
NC1=CN2C=C(N=C2O1)[N+]([O-])=O,1.809,301.8901235585899
NC1=CN2C=NC(=C2O1)[N+]([O-])=O,1.801,287.12461826803934
NC1=CN=C(C(=O)O1)[N+]([O-])=O,1.83,223.29287370062232
NC1=CNC(N)=C(C1=O)[N+]([O-])=O,1.807,327.99671869092344
NC1=N/C(=C2/C(C=N[N+](=O)[O-])=NO[N+]2=O)O[N-]1,1.8393030321672816,209.7476736892346
NC1=N/C(=C2/C(N[N+](=O)[O-])=NO[N+]2=O)O[N-]1,1.8889361607374784,174.37007968585215
NC1=N/C(=C2/C([N+](=O)[O-])=NO[N+]2=O)O[N-]1,1.9067259433011805,213.80366509892696
NC1=NC(=C(N)O1)[N+]([O-])=O,1.8,304.2275296236851
NC1=NC(=C(O)N1)[N+]([O-])=O,1.818,331.2973336652846
NC1=NC(=C(O)O1)[N+]([O-])=O,1.884,290.9242399139699
NC1=NC(=NO1)[N+]([O-])=O,1.8,232.6897108460111
NC1=NC(=O)C(=CN1)[N+]([O-])=O,1.84,293.8422736388964
NC1=NC(=O)C(=CO1)[N+]([O-])=O,1.813,262.89561926622804
NC1=NC(=O)C=C(N1)[N+]([O-])=O,1.801,291.6891811282436
NC1=NC(N)=C(O1)[N+]([O-])=O,1.818,323.8949411864521
NC1=NC(O)=C(C=C1O)[N+]([O-])=O,1.813,318.14578904138205
NC1=NC(O)=C(N1)[N+]([O-])=O,1.828,327.3939064246845
NC1=NC(O)=C(O1)[N+]([O-])=O,1.89,309.90423253157184
NC1=NC2=C(C=CN2O1)[N+]([O-])=O,1.803,301.1941768996024
NC1=NC2=C(N1)C=C(O2)[N+]([O-])=O,1.808,316.1796555920548
NC1=NC2=C(NC=C2O1)[N+]([O-])=O,1.8,305.3662172173413
NC1=NC2=C(NC=C2[N+]([O-])=O)O1,1.824,311.97896717606056
NC1=NC2=C(O1)C=C(O2)[N+]([O-])=O,1.825,303.1073407616784
NC1=NC2=C(O1)OC(=C2)[N+]([O-])=O,1.806,296.44154525233904
NC1=NC2=C(OC=C2N1)[N+]([O-])=O,1.843,298.71578942776006
NC1=NC2=C(OC=C2O1)[N+]([O-])=O,1.839,269.7885608843817
NC1=NC2=C(OC=C2[N+]([O-])=O)O1,1.809,291.7788509308296
NC1=NC2=COC(=C2O1)[N+]([O-])=O,1.805,273.68090118875506
NC1=NC=C(C(=O)N1)[N+]([O-])=O,1.821,295.2847618631628
NC1=NC=C(C(=O)O1)[N+]([O-])=O,1.822,243.85376805710123
NC1=NOC(O)=C1[N+]([O-])=O,1.804,347.6272913226392
NC1=NO[N+](=O)/C1=C1\N=C(C=N[N+](=O)[O-])[N-]O1,1.8422050236408465,246.3351114948115
NC1=NO[N+](=O)/C1=C1\N=C(N[N+](=O)[O-])[N-]O1,1.864110052092731,172.34495572661734
NC1=NO[N+](=O)/C1=C1\N=C([N+](=O)[O-])[N-]O1,1.8695278861557296,228.402661988101
NC1=NO[N-]/C1=C1\C(c2nonc2[N+](=O)[O-])=NO[N+]1=O,1.8527,258.88912289375344
NN1C(=O)N=C2N3C1=NC(=O)N([N+](=O)[O-])C3=NC(=O)N2[N+](=O)[O-],1.9080108165660428,145.44840761518563
NN1C(C=N[N+](=O)[O-])=C([N+](=O)[O-])C(=C2N=NN=N2)C([N+](=O)[O-])=C1[N+](=O)[O-],1.8040371294047035,138.46345036098825
NN1C(N[N+](=O)[O-])=C([N+](=O)[O-])C(=C2N=NN=N2)C(N[N+](=O)[O-])=C1[N+](=O)[O-],1.824136321627554,138.84125912921718
NN1C(N[N+](=O)[O-])=C([N+](=O)[O-])C(=C2N=NN=N2)C([N+](=O)[O-])=C1N[N+](=O)[O-],1.8175488696730293,130.12906661465937
NN1C(N[N+](=O)[O-])=C([N+](=O)[O-])C(=C2N=NN=N2)C([N+](=O)[O-])=C1[N+](=O)[O-],1.833988667639568,149.44969549116777
NN1C([N+](=O)[O-])=C(C=N[N+](=O)[O-])C(=C2N=NN=N2)C(N[N+](=O)[O-])=C1[N+](=O)[O-],1.7915529262194922,150.8582941447405
NN1C([N+](=O)[O-])=C(C=N[N+](=O)[O-])C(=C2N=NN=N2)C([N+](=O)[O-])=C1[N+](=O)[O-],1.8256571647235853,161.04924904348383
NN1C([N+](=O)[O-])=C(N[N+](=O)[O-])C(=C2N=NN=N2)C(N[N+](=O)[O-])=C1[N+](=O)[O-],1.8523469903541767,153.9865119052754
NN1C([N+](=O)[O-])=C(N[N+](=O)[O-])C(=C2N=NN=N2)C([N+](=O)[O-])=C1[N+](=O)[O-],1.8516416838678464,168.4004686338718
NN1C([N+](=O)[O-])=C([N+](=O)[O-])C(=C2N=NN=N2)C([N+](=O)[O-])=C1[N+](=O)[O-],1.868524571500512,199.59259992254636
NN1C([N+](=O)[O-])=CC(=C2N=NN=N2)C(N[N+](=O)[O-])=C1N[N+](=O)[O-],1.816085907333809,143.2068937433973
NN1C([N+](=O)[O-])=CC(=C2N=NN=N2)C(N[N+](=O)[O-])=C1[N+](=O)[O-],1.8374020415647776,182.79538167621735
NN1C([N+](=O)[O-])=CC(=C2N=NN=N2)C([N+](=O)[O-])=C1N[N+](=O)[O-],1.803616165299581,166.3873534923977
NN1C([N+](=O)[O-])=CC(=C2N=NN=N2)C([N+](=O)[O-])=C1[N+](=O)[O-],1.8005492443990525,230.00204429347409
NN1C([N+](=O)[O-])=CN2C(=NN[N+](=O)[O-])C(=NN[N+](=O)[O-])N=C12,1.8185852642111224,179.67783181484833
NN1C2=NC(=NN[N+](=O)[O-])C(=NN[N+](=O)[O-])N2C([N+](=O)[O-])=C1[N+](=O)[O-],1.8561572144152447,154.2158882511169
NN1C=C(N[N+](=O)[O-])C(=C2N=NN=N2)C(N[N+](=O)[O-])=C1[N+](=O)[O-],1.8363498843721136,153.86912538138915
NN1C=C(N[N+](=O)[O-])C(=C2N=NN=N2)C([N+](=O)[O-])=C1[N+](=O)[O-],1.825673758894339,156.77266331391965
NN1C=C([N+](=O)[O-])C(=C2N=NN=N2)C(N[N+](=O)[O-])=C1N[N+](=O)[O-],1.81550402677112,132.59067609029043
NN1C=C([N+](=O)[O-])C(=C2N=NN=N2)C(N[N+](=O)[O-])=C1[N+](=O)[O-],1.8178123156910675,188.1402105346364
NN1C=C([N+](=O)[O-])C(=C2N=NN=N2)C([N+](=O)[O-])=C1N[N+](=O)[O-],1.7996303828655762,142.30508305255026
NN1C=C([N+](=O)[O-])C(=C2N=NN=N2)C([N+](=O)[O-])=C1[N+](=O)[O-],1.8165520263828765,206.7102750900813
NN1C=C([N+](=O)[O-])N2C(=NN[N+](=O)[O-])C(=NN[N+](=O)[O-])N=C12,1.825642233585196,174.6513423152526
NN1C=CC(=O)C(=C1N)[N+]([O-])=O,1.807,256.36761010925767
NN1C=CC(=O)C(=C1O)[N+]([O-])=O,1.825,263.9242705660004
NN1OC(=O)C(=C1)[N+]([O-])=O,1.801,260.19580574787466
NN1c2nonc2N(C=N[N+](=O)[O-])c2nonc21,1.827802440319074,197.0180097984121
NN1c2nonc2N(N[N+](=O)[O-])c2nonc21,1.8747880575201337,213.00249266055127
NN1c2nonc2N([N+](=O)[O-])c2nonc21,1.8812768844249523,141.83448007535426
NN=C1C(=NN[N+](=O)[O-])N=C2N(N)C([N+](=O)[O-])=C([N+](=O)[O-])N12,1.85640789846754,189.84937972427323
NN=C1C(=NN[N+](=O)[O-])N=C2N(N[N+](=O)[O-])C(N)=C([N+](=O)[O-])N12,1.829279285363239,148.9728701232509
NN=C1C(=NN[N+](=O)[O-])N=C2N(N[N+](=O)[O-])C([N+](=O)[O-])=C(N)N12,1.8375363856574125,152.67668544750876
NN=C1C(=NN[N+](=O)[O-])N=C2N1C([N+](=O)[O-])=C(N)N2[N+](=O)[O-],1.8369805351664927,144.95415691104614
NN=C1C(=NN[N+](=O)[O-])N=C2NC([N+](=O)[O-])=C([N+](=O)[O-])N21,1.8822640025910693,186.74949960300864
NN=C1C(=N[N+](=O)[O-])N=C2NC([N+](=O)[O-])=C([N+](=O)[O-])N21,1.9065327061711668,170.38172539907544
NN=C1N=C2N(C1=NN[N+](=O)[O-])C(N)=C([N+](=O)[O-])N2[N+](=O)[O-],1.8142951830075524,144.80440999210515
NN=C1N=C2N(N)C([N+](=O)[O-])=C([N+](=O)[O-])N2C1=NN[N+](=O)[O-],1.8402277504669056,183.88261564724053
NN=C1N=C2N(N[N+](=O)[O-])C([N+](=O)[O-])=C(N)N2C1=NN[N+](=O)[O-],1.840078439083004,156.29766106685094
NN=C1N=C2N(N[N+](=O)[O-])C([N+](=O)[O-])=C(N[N+](=O)[O-])N2C1=NN,1.8372368229147944,137.55461140716136
NN=C1N=C2N(N[N+](=O)[O-])C([N+](=O)[O-])=C([N+](=O)[O-])N2C1=NN,1.8503864921153768,147.41686290139023
NN=C1N=C2NC([N+](=O)[O-])=C([N+](=O)[O-])N2C1=NN[N+](=O)[O-],1.865164306152288,180.0784824377618
NN=c1[nH]c(=O)n(N[N+](=O)[O-])c2c1nc([N+](=O)[O-])n2N[N+](=O)[O-],1.8544131273009097,181.86069536051065
NN=c1[nH]c(=O)n(N[N+](=O)[O-])c2c1nc([N+](=O)[O-])n2[N+](=O)[O-],1.8748151721782271,159.47492474150744
NN=c1[nH]c(=O)n(N[N+](=O)[O-])c2nc([N+](=O)[O-])n(N[N+](=O)[O-])c12,1.857777405618532,181.07414421922695
NN=c1[nH]c(=O)n(N[N+](=O)[O-])c2nc([N+](=O)[O-])n([N+](=O)[O-])c12,1.8977825529342192,167.6124973078695
NN=c1[nH]c(=O)n([N+](=O)[O-])c2c1nc(C=N[N+](=O)[O-])n2[N+](=O)[O-],1.8460534251405096,141.74891229467664
NN=c1[nH]c(=O)n([N+](=O)[O-])c2c1nc([N+](=O)[O-])n2N[N+](=O)[O-],1.8655126752794744,149.22110520105429
NN=c1[nH]c(=O)n([N+](=O)[O-])c2c1nc([N+](=O)[O-])n2[N+](=O)[O-],1.930592916106964,192.4377357319131
NN=c1[nH]c(=O)n([N+](=O)[O-])c2nc(C=N[N+](=O)[O-])n([N+](=O)[O-])c12,1.87720758884402,143.2601870006543
NN=c1[nH]c(=O)n([N+](=O)[O-])c2nc([N+](=O)[O-])n(N[N+](=O)[O-])c12,1.878508297069208,159.15004592746791
NN=c1[nH]c(=O)n([N+](=O)[O-])c2nc([N+](=O)[O-])n([N+](=O)[O-])c12,1.9151110609344333,189.6819960927794
NN=c1[nH]c(N)nc2c1n([N+](=O)[O-])c(=O)n2[N+](=O)[O-],1.9052818889168703,183.48563768806468
NN=c1[nH]c([N+](=O)[O-])nc2c([N+](=O)[O-])nc([N+](=O)[O-])nc12,1.9362234737009256,234.32445905363429
NN=c1[nH]c([N+](=O)[O-])nc2c1n(N[N+](=O)[O-])c(=O)n2N[N+](=O)[O-],1.8738732451089328,184.5186470248758
NN=c1[nH]c([N+](=O)[O-])nc2c1n(N[N+](=O)[O-])c(=O)n2[N+](=O)[O-],1.8892453401455,150.24914719410523
NN=c1[nH]c([N+](=O)[O-])nc2c1n([N+](=O)[O-])c(=O)n2[N+](=O)[O-],1.951472251272484,187.4844947362493
NN=c1[nH]c([N+](=O)[O-])nc2c1nc(N[N+](=O)[O-])n2[N+](=O)[O-],1.875463176353787,142.69154503929764
NN=c1[nH]c([N+](=O)[O-])nc2c1nc([N+](=O)[O-])n2N[N+](=O)[O-],1.8915072810765456,203.41612030481252
NN=c1[nH]c([N+](=O)[O-])nc2c1nc([N+](=O)[O-])n2[N+](=O)[O-],1.9081799035739144,232.70642939262956
NN=c1[nH]cnc2c1n([N+](=O)[O-])c(=O)n2[N+](=O)[O-],1.9090783025787488,155.94202699676424
NN=c1[nH]cnc2c1nc(N[N+](=O)[O-])n2[N+](=O)[O-],1.815736417467421,152.15458591186268
NN=c1[nH]nc(N[N+](=O)[O-])c2n[nH]nc12,1.8256112144163363,187.20760495468028
NN=c1c2[nH]c(=O)n(N[N+](=O)[O-])c2nc([N+](=O)[O-])n1N[N+](=O)[O-],1.868583464537891,171.22720429791852
NN=c1c2[nH]c(=O)n(N[N+](=O)[O-])c2nc([N+](=O)[O-])n1[N+](=O)[O-],1.9110569134091555,156.13155890435905
NN=c1c2[nH]c(=O)n([N+](=O)[O-])c2nc(C=N[N+](=O)[O-])n1[N+](=O)[O-],1.875527166946888,142.10887297402252
NN=c1c2[nH]c(=O)n([N+](=O)[O-])c2nc([N+](=O)[O-])n1N[N+](=O)[O-],1.8956011244612727,149.56737926301838
NN=c1c2[nH]c(=O)n([N+](=O)[O-])c2nc([N+](=O)[O-])n1[N+](=O)[O-],1.9529847430538216,184.70189048664656
NN=c1c2[nH]c([N+](=O)[O-])nc2n(N[N+](=O)[O-])c(=O)n1N[N+](=O)[O-],1.8786888083863569,188.4666482491113
NN=c1c2[nH]c([N+](=O)[O-])nc2n([N+](=O)[O-])c(=O)n1C=N[N+](=O)[O-],1.8806923285493315,181.80974705941705
NN=c1c2[nH]c([N+](=O)[O-])nc2n([N+](=O)[O-])c(=O)n1N[N+](=O)[O-],1.89725486553484,140.07524772300664
NN=c1c2[nH]c([N+](=O)[O-])nc2n([N+](=O)[O-])c(=O)n1[N+](=O)[O-],1.9254554837615296,170.33362407292947
NN=c1c2c(nc(C=N[N+](=O)[O-])n1N)n([N+](=O)[O-])c(=O)n2[N+](=O)[O-],1.8452139191730543,139.69066170118998
NN=c1c2c(nc(C=N[N+](=O)[O-])n1[N+](=O)[O-])[nH]c(=O)n2[N+](=O)[O-],1.8319226029985904,136.97621971257325
NN=c1c2c(nc(C=N[N+](=O)[O-])n1[N+](=O)[O-])n(N)c(=O)n2[N+](=O)[O-],1.8048272143886728,141.34090313326735
NN=c1c2c(nc(C=N[N+](=O)[O-])n1[N+](=O)[O-])n([N+](=O)[O-])c(=O)n2C=N[N+](=O)[O-],1.8352771923450533,126.00899845211362
NN=c1c2c(nc(C=N[N+](=O)[O-])n1[N+](=O)[O-])n([N+](=O)[O-])c(=O)n2N,1.820469769101505,142.69490063853988
NN=c1c2c(nc(C=N[N+](=O)[O-])n2[N+](=O)[O-])n(N)c(=O)n1N[N+](=O)[O-],1.8005203220970858,124.45728481196052
NN=c1c2c(nc(C=N[N+](=O)[O-])n2[N+](=O)[O-])n(N)c(=O)n1[N+](=O)[O-],1.8089424241239784,135.9043831861046
NN=c1c2c(nc(C=N[N+](=O)[O-])n2[N+](=O)[O-])n([N+](=O)[O-])c(=O)n1C=N[N+](=O)[O-],1.8336025187554377,125.6214927947358
NN=c1c2c(nc(C=N[N+](=O)[O-])n2[N+](=O)[O-])n([N+](=O)[O-])c(=O)n1N,1.8285489249328293,140.56960411531122
NN=c1c2c(nc(N)n1C=N[N+](=O)[O-])n([N+](=O)[O-])c(=O)n2[N+](=O)[O-],1.847430705160155,140.4365559264577
NN=c1c2c(nc(N)n1N[N+](=O)[O-])n(N[N+](=O)[O-])c(=O)n2N[N+](=O)[O-],1.8550097943904784,159.96665874621522
NN=c1c2c(nc(N)n1[N+](=O)[O-])n(N[N+](=O)[O-])c(=O)n2N[N+](=O)[O-],1.829779460422872,159.08336330079348
NN=c1c2c(nc(N)n1[N+](=O)[O-])n([N+](=O)[O-])c(=O)n2N[N+](=O)[O-],1.8441087257091595,128.91939950986597
NN=c1c2c(nc(N)n1[N+](=O)[O-])n([N+](=O)[O-])c(=O)n2[N+](=O)[O-],1.868068647562887,147.01378145067923
NN=c1c2c(nc(N)n2[N+](=O)[O-])n(N[N+](=O)[O-])c(=O)n1N[N+](=O)[O-],1.8319566951620327,156.09333281614065
NN=c1c2c(nc(N)n2[N+](=O)[O-])n([N+](=O)[O-])c(=O)n1N[N+](=O)[O-],1.832723280775656,118.4854675195335
NN=c1c2c(nc(N)n2[N+](=O)[O-])n([N+](=O)[O-])c(=O)n1[N+](=O)[O-],1.866906549469873,141.73642788017295
NN=c1c2c(nc(N[N+](=O)[O-])n1[N+](=O)[O-])n(N)c(=O)n2N[N+](=O)[O-],1.805258662828259,138.13198585316027
NN=c1c2c(nc(N[N+](=O)[O-])n2[N+](=O)[O-])n(N)c(=O)n1N[N+](=O)[O-],1.8158380070530784,133.39528009127702
NN=c1c2c(nc(N[N+](=O)[O-])n2[N+](=O)[O-])n(N[N+](=O)[O-])c(=O)n1N,1.7953387109353984,139.0979756822707
NN=c1c2c(nc([N+](=O)[O-])n1C=N[N+](=O)[O-])n(C=N[N+](=O)[O-])c(=O)n2[N+](=O)[O-],1.842169159986408,153.21139490235464
NN=c1c2c(nc([N+](=O)[O-])n1C=N[N+](=O)[O-])n(N[N+](=O)[O-])c(=O)n2C=N[N+](=O)[O-],1.81072881010494,135.99526179707905
NN=c1c2c(nc([N+](=O)[O-])n1C=N[N+](=O)[O-])n(N[N+](=O)[O-])c(=O)n2N[N+](=O)[O-],1.7951549820121562,139.96942744768972
NN=c1c2c(nc([N+](=O)[O-])n1C=N[N+](=O)[O-])n([N+](=O)[O-])c(=O)n2C=N[N+](=O)[O-],1.8588956864240664,157.86341141643274
NN=c1c2c(nc([N+](=O)[O-])n1C=N[N+](=O)[O-])n([N+](=O)[O-])c(=O)n2[N+](=O)[O-],1.8716703418267764,142.44320427332912
NN=c1c2c(nc([N+](=O)[O-])n1N)n(N[N+](=O)[O-])c(=O)n2N[N+](=O)[O-],1.8362938835649312,207.65933499624305
NN=c1c2c(nc([N+](=O)[O-])n1N)n(N[N+](=O)[O-])c(=O)n2[N+](=O)[O-],1.82806049955837,172.27746722768396
NN=c1c2c(nc([N+](=O)[O-])n1N)n([N+](=O)[O-])c(=O)n2N[N+](=O)[O-],1.832947320157264,170.3499000503565
NN=c1c2c(nc([N+](=O)[O-])n1N)n([N+](=O)[O-])c(=O)n2[N+](=O)[O-],1.8659236250375408,188.62329132082576
NN=c1c2c(nc([N+](=O)[O-])n1N[N+](=O)[O-])[nH]c(=O)n2N[N+](=O)[O-],1.874030401667244,177.4728992592089
NN=c1c2c(nc([N+](=O)[O-])n1N[N+](=O)[O-])n(C=N[N+](=O)[O-])c(=O)n2N[N+](=O)[O-],1.796405184667536,143.5744243375692
NN=c1c2c(nc([N+](=O)[O-])n1N[N+](=O)[O-])n(N)c(=O)n2N[N+](=O)[O-],1.838127159827956,189.1798385927876
NN=c1c2c(nc([N+](=O)[O-])n1N[N+](=O)[O-])n(N)c(=O)n2[N+](=O)[O-],1.8279377966922767,158.4618970734125
NN=c1c2c(nc([N+](=O)[O-])n1N[N+](=O)[O-])n(N[N+](=O)[O-])c(=O)n2C=N[N+](=O)[O-],1.8146304286402213,136.622124726391
NN=c1c2c(nc([N+](=O)[O-])n1N[N+](=O)[O-])n(N[N+](=O)[O-])c(=O)n2N,1.843163870256791,182.3996191309403
NN=c1c2c(nc([N+](=O)[O-])n1N[N+](=O)[O-])n(N[N+](=O)[O-])c(=O)n2N[N+](=O)[O-],1.8464874042815167,160.6017389303645
NN=c1c2c(nc([N+](=O)[O-])n1N[N+](=O)[O-])n([N+](=O)[O-])c(=O)n2N,1.8307042871811288,155.25192291165428
NN=c1c2c(nc([N+](=O)[O-])n1[N+](=O)[O-])[nH]c(=O)n2N[N+](=O)[O-],1.891147198417063,153.84481710341373
NN=c1c2c(nc([N+](=O)[O-])n1[N+](=O)[O-])[nH]c(=O)n2[N+](=O)[O-],1.9175835923766729,175.05607514354347
NN=c1c2c(nc([N+](=O)[O-])n1[N+](=O)[O-])n(C=N[N+](=O)[O-])c(=O)n2C=N[N+](=O)[O-],1.843876226554226,151.43248473476547
NN=c1c2c(nc([N+](=O)[O-])n1[N+](=O)[O-])n(C=N[N+](=O)[O-])c(=O)n2[N+](=O)[O-],1.8712869405613328,138.84814207096997
NN=c1c2c(nc([N+](=O)[O-])n1[N+](=O)[O-])n(N)c(=O)n2N[N+](=O)[O-],1.8411752812322064,161.16871630312068
NN=c1c2c(nc([N+](=O)[O-])n1[N+](=O)[O-])n(N)c(=O)n2[N+](=O)[O-],1.8703117166919,182.46467019656583
NN=c1c2c(nc([N+](=O)[O-])n1[N+](=O)[O-])n(N[N+](=O)[O-])c(=O)n2N,1.852648107670526,164.5983897381024
NN=c1c2c(nc([N+](=O)[O-])n1[N+](=O)[O-])n(N[N+](=O)[O-])c(=O)n2N[N+](=O)[O-],1.8626700106778185,141.52971504023736
NN=c1c2c(nc([N+](=O)[O-])n1[N+](=O)[O-])n([N+](=O)[O-])c(=O)n2C=N[N+](=O)[O-],1.8858889793080416,148.8360567935153
NN=c1c2c(nc([N+](=O)[O-])n1[N+](=O)[O-])n([N+](=O)[O-])c(=O)n2N,1.893381048562324,188.40863205197596
NN=c1c2c(nc([N+](=O)[O-])n2C=N[N+](=O)[O-])n(C=N[N+](=O)[O-])c(=O)n1[N+](=O)[O-],1.835594542303381,156.26788342633105
NN=c1c2c(nc([N+](=O)[O-])n2C=N[N+](=O)[O-])n(N[N+](=O)[O-])c(=O)n1N[N+](=O)[O-],1.8017151385442,138.1027630755072
NN=c1c2c(nc([N+](=O)[O-])n2C=N[N+](=O)[O-])n([N+](=O)[O-])c(=O)n1C=N[N+](=O)[O-],1.851450109770196,165.06986464266055
NN=c1c2c(nc([N+](=O)[O-])n2C=N[N+](=O)[O-])n([N+](=O)[O-])c(=O)n1[N+](=O)[O-],1.8684993006391684,141.79085728520488
NN=c1c2c(nc([N+](=O)[O-])n2N)n(N[N+](=O)[O-])c(=O)n1N[N+](=O)[O-],1.8351850025075351,203.66631061367048
NN=c1c2c(nc([N+](=O)[O-])n2N)n(N[N+](=O)[O-])c(=O)n1[N+](=O)[O-],1.833629922636551,164.08161424377374
NN=c1c2c(nc([N+](=O)[O-])n2N)n([N+](=O)[O-])c(=O)n1N[N+](=O)[O-],1.833392904371936,165.7557412011661
NN=c1c2c(nc([N+](=O)[O-])n2N)n([N+](=O)[O-])c(=O)n1[N+](=O)[O-],1.8652092080260907,183.13488509010404
NN=c1c2c(nc([N+](=O)[O-])n2N[N+](=O)[O-])[nH]c(=O)n1N[N+](=O)[O-],1.882517000427521,179.3659394340968
NN=c1c2c(nc([N+](=O)[O-])n2N[N+](=O)[O-])[nH]c(=O)n1[N+](=O)[O-],1.8916521095036432,162.26527725471482
NN=c1c2c(nc([N+](=O)[O-])n2N[N+](=O)[O-])n(C=N[N+](=O)[O-])c(=O)n1N[N+](=O)[O-],1.7992334965768408,140.75573418509154
NN=c1c2c(nc([N+](=O)[O-])n2N[N+](=O)[O-])n(N)c(=O)n1N[N+](=O)[O-],1.8402058418231664,184.91837948185488
NN=c1c2c(nc([N+](=O)[O-])n2N[N+](=O)[O-])n(N)c(=O)n1[N+](=O)[O-],1.847741945282192,162.5494066755939
NN=c1c2c(nc([N+](=O)[O-])n2N[N+](=O)[O-])n(N[N+](=O)[O-])c(=O)n1C=N[N+](=O)[O-],1.799041416338906,142.4091330511016
NN=c1c2c(nc([N+](=O)[O-])n2N[N+](=O)[O-])n(N[N+](=O)[O-])c(=O)n1N,1.8243089154645395,186.58008807984675
NN=c1c2c(nc([N+](=O)[O-])n2N[N+](=O)[O-])n(N[N+](=O)[O-])c(=O)n1N[N+](=O)[O-],1.8515001453525977,160.12223172525793
NN=c1c2c(nc([N+](=O)[O-])n2N[N+](=O)[O-])n([N+](=O)[O-])c(=O)n1N,1.829160848536686,155.8566507758859
NN=c1c2c(nc([N+](=O)[O-])n2[N+](=O)[O-])[nH]c(=O)n1N[N+](=O)[O-],1.886135180403532,158.83879428121736
NN=c1c2c(nc([N+](=O)[O-])n2[N+](=O)[O-])[nH]c(=O)n1[N+](=O)[O-],1.9142413673143004,187.50853879381197
NN=c1c2c(nc([N+](=O)[O-])n2[N+](=O)[O-])n(C=N[N+](=O)[O-])c(=O)n1C=N[N+](=O)[O-],1.8375072464381808,162.9082510236958
NN=c1c2c(nc([N+](=O)[O-])n2[N+](=O)[O-])n(C=N[N+](=O)[O-])c(=O)n1[N+](=O)[O-],1.8551740730656483,147.57798450910124
NN=c1c2c(nc([N+](=O)[O-])n2[N+](=O)[O-])n(N)c(=O)n1N[N+](=O)[O-],1.836373275283829,165.18325483280353
NN=c1c2c(nc([N+](=O)[O-])n2[N+](=O)[O-])n(N)c(=O)n1[N+](=O)[O-],1.862668962244372,183.3786482374212
NN=c1c2c(nc([N+](=O)[O-])n2[N+](=O)[O-])n(N[N+](=O)[O-])c(=O)n1N,1.84495213618738,178.152500582911
NN=c1c2c(nc([N+](=O)[O-])n2[N+](=O)[O-])n(N[N+](=O)[O-])c(=O)n1N[N+](=O)[O-],1.8672250563202788,147.81532049487762
NN=c1c2c(nc([N+](=O)[O-])n2[N+](=O)[O-])n([N+](=O)[O-])c(=O)n1C=N[N+](=O)[O-],1.8533727920991745,147.85334181227614
NN=c1c2c(nc([N+](=O)[O-])n2[N+](=O)[O-])n([N+](=O)[O-])c(=O)n1N,1.8590853082663343,186.9471827103376
NN=c1c2c(ncn1N)n([N+](=O)[O-])c(=O)n2[N+](=O)[O-],1.86748730929336,164.7611296958417
NN=c1c2c(ncn2[N+](=O)[O-])n([N+](=O)[O-])c(=O)n1N,1.8481409645906977,154.7940157252922
NN=c1c2n[nH]nc2c([N+](=O)[O-])nn1[N+](=O)[O-],1.895819090159468,233.37516795461136
NN=c1c2nc(C=N[N+](=O)[O-])n(C=N[N+](=O)[O-])c2nc([N+](=O)[O-])n1[N+](=O)[O-],1.795109357080804,152.43851056192182
NN=c1c2nc(C=N[N+](=O)[O-])n([N+](=O)[O-])c2[nH]c(=O)n1N[N+](=O)[O-],1.821466142404251,123.63709180662012
NN=c1c2nc(C=N[N+](=O)[O-])n([N+](=O)[O-])c2[nH]c(=O)n1[N+](=O)[O-],1.8599140768291849,143.08355565471328
NN=c1c2nc(C=N[N+](=O)[O-])n([N+](=O)[O-])c2n(N)c(=O)n1[N+](=O)[O-],1.8111376268432364,136.8206467335305
NN=c1c2nc(C=N[N+](=O)[O-])n([N+](=O)[O-])c2n(N[N+](=O)[O-])c(=O)n1N,1.7905737255335386,127.157947706051
NN=c1c2nc(C=N[N+](=O)[O-])n([N+](=O)[O-])c2n([N+](=O)[O-])c(=O)n1N,1.815072759095922,141.25554672891997
NN=c1c2nc(C=N[N+](=O)[O-])n([N+](=O)[O-])c2nc(C=N[N+](=O)[O-])n1[N+](=O)[O-],1.7817982652823705,136.75718099038164
NN=c1c2nc(C=N[N+](=O)[O-])n([N+](=O)[O-])c2nc([N+](=O)[O-])n1C=N[N+](=O)[O-],1.8048190076854904,172.95913607611604
NN=c1c2nc(C=N[N+](=O)[O-])n([N+](=O)[O-])c2nc([N+](=O)[O-])n1N[N+](=O)[O-],1.799427529070159,122.41856010697808
NN=c1c2nc(C=N[N+](=O)[O-])n([N+](=O)[O-])c2nc([N+](=O)[O-])n1[N+](=O)[O-],1.8482914328666784,157.76217536527747
NN=c1c2nc(C=N[N+](=O)[O-])n([N+](=O)[O-])c2ncn1[N+](=O)[O-],1.8078529933146548,117.36160599378924
NN=c1c2nc(C=N[N+](=O)[O-])nc(C=N[N+](=O)[O-])c2nc([N+](=O)[O-])n1[N+](=O)[O-],1.82797004505897,147.1313199013028
NN=c1c2nc(C=N[N+](=O)[O-])nc([N+](=O)[O-])c2nc([N+](=O)[O-])n1[N+](=O)[O-],1.853123301091836,146.64701709570434
NN=c1c2nc(N)n(N[N+](=O)[O-])c2n(N[N+](=O)[O-])c(=O)n1N[N+](=O)[O-],1.837569790916184,161.98546123207433
NN=c1c2nc(N)n(N[N+](=O)[O-])c2nc([N+](=O)[O-])n1N[N+](=O)[O-],1.835141185220056,168.43052370582512
NN=c1c2nc(N)n([N+](=O)[O-])c2n(N[N+](=O)[O-])c(=O)n1N[N+](=O)[O-],1.8136554578409307,148.93902348837423
NN=c1c2nc(N)n([N+](=O)[O-])c2n([N+](=O)[O-])c(=O)n1[N+](=O)[O-],1.8987369527462368,145.6554507306372
NN=c1c2nc(N)n([N+](=O)[O-])c2nc(N[N+](=O)[O-])n1[N+](=O)[O-],1.7973246969528065,140.4398983146793
NN=c1c2nc(N)n([N+](=O)[O-])c2nc([N+](=O)[O-])n1N[N+](=O)[O-],1.8257744808109373,162.38262414553913
NN=c1c2nc(N)n([N+](=O)[O-])c2nc([N+](=O)[O-])n1[N+](=O)[O-],1.8635125896398577,181.12437251969575
NN=c1c2nc(N)nc([N+](=O)[O-])c2nc([N+](=O)[O-])n1N[N+](=O)[O-],1.8525198011084272,161.46790628752797
NN=c1c2nc(N)nc([N+](=O)[O-])c2nc([N+](=O)[O-])n1[N+](=O)[O-],1.8649462681483373,172.99622601655952
NN=c1c2nc(N[N+](=O)[O-])n([N+](=O)[O-])c2n(N)c(=O)n1N[N+](=O)[O-],1.8010482264137295,135.1348016008315
NN=c1c2nc(N[N+](=O)[O-])n([N+](=O)[O-])c2n(N[N+](=O)[O-])c(=O)n1N,1.8201617465855613,136.4036144450249
NN=c1c2nc(N[N+](=O)[O-])n([N+](=O)[O-])c2nc(N)n1[N+](=O)[O-],1.8070928067603425,137.00011844890886
NN=c1c2nc(N[N+](=O)[O-])n([N+](=O)[O-])c2nc([N+](=O)[O-])n1N,1.814876376665569,176.41963082224817
NN=c1c2nc(N[N+](=O)[O-])nc([N+](=O)[O-])c2nc([N+](=O)[O-])n1N,1.83796212194236,160.58142038062198
NN=c1c2nc([N+](=O)[O-])[nH]c2n(N[N+](=O)[O-])c(=O)n1N[N+](=O)[O-],1.8730783879451385,184.82050563545215
NN=c1c2nc([N+](=O)[O-])[nH]c2n([N+](=O)[O-])c(=O)n1N[N+](=O)[O-],1.8781513235571865,147.23400916472832
NN=c1c2nc([N+](=O)[O-])[nH]c2n([N+](=O)[O-])c(=O)n1[N+](=O)[O-],1.9369605585665424,185.16139620650597
NN=c1c2nc([N+](=O)[O-])[nH]c2nc([N+](=O)[O-])n1N[N+](=O)[O-],1.885304098056524,203.2219183014219
NN=c1c2nc([N+](=O)[O-])[nH]c2nc([N+](=O)[O-])n1[N+](=O)[O-],1.9120432000590908,229.19445460182308
NN=c1c2nc([N+](=O)[O-])n(C=N[N+](=O)[O-])c2n(C=N[N+](=O)[O-])c(=O)n1[N+](=O)[O-],1.8366366851489893,158.06355837911084
NN=c1c2nc([N+](=O)[O-])n(C=N[N+](=O)[O-])c2n(N[N+](=O)[O-])c(=O)n1N[N+](=O)[O-],1.800957446538432,141.5887418804516
NN=c1c2nc([N+](=O)[O-])n(C=N[N+](=O)[O-])c2n([N+](=O)[O-])c(=O)n1C=N[N+](=O)[O-],1.8378079660728777,159.337226273389
NN=c1c2nc([N+](=O)[O-])n(C=N[N+](=O)[O-])c2n([N+](=O)[O-])c(=O)n1[N+](=O)[O-],1.8677831121367228,145.0126420994142
NN=c1c2nc([N+](=O)[O-])n(C=N[N+](=O)[O-])c2nc([N+](=O)[O-])n1C=N[N+](=O)[O-],1.800375529822866,188.1744468946219
NN=c1c2nc([N+](=O)[O-])n(C=N[N+](=O)[O-])c2nc([N+](=O)[O-])n1N[N+](=O)[O-],1.8093836338404767,143.04257506869166
NN=c1c2nc([N+](=O)[O-])n(C=N[N+](=O)[O-])c2nc([N+](=O)[O-])n1[N+](=O)[O-],1.845942001972184,167.1396484571649
NN=c1c2nc([N+](=O)[O-])n(N)c2n(N[N+](=O)[O-])c(=O)n1N[N+](=O)[O-],1.832693093122978,207.7644418764455
NN=c1c2nc([N+](=O)[O-])n(N)c2n(N[N+](=O)[O-])c(=O)n1[N+](=O)[O-],1.8274119892425265,171.42658502139955
NN=c1c2nc([N+](=O)[O-])n(N)c2n([N+](=O)[O-])c(=O)n1N[N+](=O)[O-],1.831950115338336,165.59082803053172
NN=c1c2nc([N+](=O)[O-])n(N)c2n([N+](=O)[O-])c(=O)n1[N+](=O)[O-],1.8750432245292328,184.31439143477905
NN=c1c2nc([N+](=O)[O-])n(N)c2nc(N[N+](=O)[O-])n1[N+](=O)[O-],1.8092124861185903,168.68775548868356
NN=c1c2nc([N+](=O)[O-])n(N)c2nc([N+](=O)[O-])n1N[N+](=O)[O-],1.8465747134805788,224.4349334072966
NN=c1c2nc([N+](=O)[O-])n(N)c2nc([N+](=O)[O-])n1[N+](=O)[O-],1.8656391741977003,237.70714253958133
NN=c1c2nc([N+](=O)[O-])n(N[N+](=O)[O-])c2[nH]c(=O)n1N[N+](=O)[O-],1.8913281797216184,171.22694668301608
NN=c1c2nc([N+](=O)[O-])n(N[N+](=O)[O-])c2n(C=N[N+](=O)[O-])c(=O)n1N[N+](=O)[O-],1.7984145254437818,140.06156110562483
NN=c1c2nc([N+](=O)[O-])n(N[N+](=O)[O-])c2n(N)c(=O)n1N[N+](=O)[O-],1.85376783459116,185.3250080916074
NN=c1c2nc([N+](=O)[O-])n(N[N+](=O)[O-])c2n(N)c(=O)n1[N+](=O)[O-],1.842567637001752,161.97571149884288
NN=c1c2nc([N+](=O)[O-])n(N[N+](=O)[O-])c2n(N[N+](=O)[O-])c(=O)n1C=N[N+](=O)[O-],1.798280940561574,146.44429398400166
NN=c1c2nc([N+](=O)[O-])n(N[N+](=O)[O-])c2n(N[N+](=O)[O-])c(=O)n1N,1.8205833614424785,193.09324015397
NN=c1c2nc([N+](=O)[O-])n(N[N+](=O)[O-])c2n(N[N+](=O)[O-])c(=O)n1N[N+](=O)[O-],1.84942186103904,162.94709802988424
NN=c1c2nc([N+](=O)[O-])n(N[N+](=O)[O-])c2n([N+](=O)[O-])c(=O)n1N,1.8224745184623128,158.34021036230834
NN=c1c2nc([N+](=O)[O-])n(N[N+](=O)[O-])c2nc(N)n1N[N+](=O)[O-],1.8445116495284304,161.02988168722732
NN=c1c2nc([N+](=O)[O-])n(N[N+](=O)[O-])c2nc(N)n1[N+](=O)[O-],1.8407219603017584,162.89124844013364
NN=c1c2nc([N+](=O)[O-])n(N[N+](=O)[O-])c2nc([N+](=O)[O-])n1N,1.851330262981422,224.683954540828
NN=c1c2nc([N+](=O)[O-])n(N[N+](=O)[O-])c2nc([N+](=O)[O-])n1N[N+](=O)[O-],1.8732952329041324,171.01315273601807
NN=c1c2nc([N+](=O)[O-])n(N[N+](=O)[O-])c2nc([N+](=O)[O-])n1[N+](=O)[O-],1.868791777417805,136.8045424993718
NN=c1c2nc([N+](=O)[O-])n(N[N+](=O)[O-])c2ncn1N[N+](=O)[O-],1.804069522382906,169.51678666683134
NN=c1c2nc([N+](=O)[O-])n([N+](=O)[O-])c2[nH]c(=O)n1N[N+](=O)[O-],1.89517007370334,153.5742686117514
NN=c1c2nc([N+](=O)[O-])n([N+](=O)[O-])c2[nH]c(=O)n1[N+](=O)[O-],1.914234606726216,184.14698138124396
NN=c1c2nc([N+](=O)[O-])n([N+](=O)[O-])c2n(C=N[N+](=O)[O-])c(=O)n1C=N[N+](=O)[O-],1.8353101999221728,160.76825063449616
NN=c1c2nc([N+](=O)[O-])n([N+](=O)[O-])c2n(C=N[N+](=O)[O-])c(=O)n1N,1.827094603131321,186.71717884101577
NN=c1c2nc([N+](=O)[O-])n([N+](=O)[O-])c2n(C=N[N+](=O)[O-])c(=O)n1[N+](=O)[O-],1.8633506970546003,144.6372905810241
NN=c1c2nc([N+](=O)[O-])n([N+](=O)[O-])c2n(N)c(=O)n1N[N+](=O)[O-],1.8500163951088384,155.7790558461638
NN=c1c2nc([N+](=O)[O-])n([N+](=O)[O-])c2n(N)c(=O)n1[N+](=O)[O-],1.8641026045999745,177.3646679726254
NN=c1c2nc([N+](=O)[O-])n([N+](=O)[O-])c2n(N[N+](=O)[O-])c(=O)n1N,1.8299648162256,168.32767591015192
NN=c1c2nc([N+](=O)[O-])n([N+](=O)[O-])c2n(N[N+](=O)[O-])c(=O)n1N[N+](=O)[O-],1.867257015463952,143.20559906337468
NN=c1c2nc([N+](=O)[O-])n([N+](=O)[O-])c2n([N+](=O)[O-])c(=O)n1C=N[N+](=O)[O-],1.868261197788229,145.8698920176465
NN=c1c2nc([N+](=O)[O-])n([N+](=O)[O-])c2n([N+](=O)[O-])c(=O)n1N,1.870457015106404,186.1866176466505
NN=c1c2nc([N+](=O)[O-])n([N+](=O)[O-])c2nc(C=N[N+](=O)[O-])n1C=N[N+](=O)[O-],1.780469177048377,164.17078202757546
NN=c1c2nc([N+](=O)[O-])n([N+](=O)[O-])c2nc(C=N[N+](=O)[O-])n1[N+](=O)[O-],1.8284969370950448,152.06913703037077
NN=c1c2nc([N+](=O)[O-])n([N+](=O)[O-])c2nc(N)n1[N+](=O)[O-],1.8615781937785827,183.7003498009971
NN=c1c2nc([N+](=O)[O-])n([N+](=O)[O-])c2nc([N+](=O)[O-])n1C=N[N+](=O)[O-],1.8544223462846607,175.776260722648
NN=c1c2nc([N+](=O)[O-])n([N+](=O)[O-])c2nc([N+](=O)[O-])n1N,1.8672243694156072,241.39198188406917
NN=c1c2nc([N+](=O)[O-])n([N+](=O)[O-])c2nc([N+](=O)[O-])n1N[N+](=O)[O-],1.8660406880547504,140.35557236994174
NN=c1c2nc([N+](=O)[O-])n([N+](=O)[O-])c2nc([N+](=O)[O-])n1[N+](=O)[O-],1.908672052694752,172.28013585385298
NN=c1c2nc([N+](=O)[O-])n([N+](=O)[O-])c2ncn1[N+](=O)[O-],1.843978900726207,161.75073442287413
NN=c1c2nc([N+](=O)[O-])nc(C=N[N+](=O)[O-])c2nc([N+](=O)[O-])n1[N+](=O)[O-],1.848684486950403,134.0163301715079
NN=c1c2nc([N+](=O)[O-])nc(N)c2nc([N+](=O)[O-])n1N[N+](=O)[O-],1.863157387618832,165.19663759671067
NN=c1c2nc([N+](=O)[O-])nc(N)c2nc([N+](=O)[O-])n1[N+](=O)[O-],1.87730230938296,177.92882479247515
NN=c1c2nc([N+](=O)[O-])nc(N[N+](=O)[O-])c2nc([N+](=O)[O-])n1N,1.8316758596099387,153.09548801277995
NN=c1c2nc([N+](=O)[O-])nc([N+](=O)[O-])c2nc(C=N[N+](=O)[O-])n1C=N[N+](=O)[O-],1.8278606464517817,174.0629036394687
NN=c1c2nc([N+](=O)[O-])nc([N+](=O)[O-])c2nc(C=N[N+](=O)[O-])n1[N+](=O)[O-],1.846967803717181,150.46336389376367
NN=c1c2nc([N+](=O)[O-])nc([N+](=O)[O-])c2nc(N)n1N[N+](=O)[O-],1.8642265728167784,149.10459721004054
NN=c1c2nc([N+](=O)[O-])nc([N+](=O)[O-])c2nc(N)n1[N+](=O)[O-],1.869034941671588,180.3716812243094
NN=c1c2nc([N+](=O)[O-])nc([N+](=O)[O-])c2nc([N+](=O)[O-])n1C=N[N+](=O)[O-],1.8654958641914563,172.14522491108937
NN=c1c2nc([N+](=O)[O-])nc([N+](=O)[O-])c2nc([N+](=O)[O-])n1N,1.8699316053383048,244.80240521060256
NN=c1c2nc([N+](=O)[O-])nc([N+](=O)[O-])c2nc([N+](=O)[O-])n1N[N+](=O)[O-],1.857922342504261,149.61170223726162
NN=c1c2nc([N+](=O)[O-])nc([N+](=O)[O-])c2nc([N+](=O)[O-])n1[N+](=O)[O-],1.901789810177434,166.13463327308742
NN=c1c2nc([N+](=O)[O-])nc([N+](=O)[O-])c2ncn1N[N+](=O)[O-],1.8578410708357351,151.58085770756006
NN=c1c2nc([N+](=O)[O-])nc([N+](=O)[O-])c2ncn1[N+](=O)[O-],1.871090738895368,162.70700094079436
NN=c1c2nc([N+](=O)[O-])ncc2nc([N+](=O)[O-])n1N[N+](=O)[O-],1.806032009029966,137.2067652337413
NN=c1c2nc([N+](=O)[O-])ncc2nc([N+](=O)[O-])n1[N+](=O)[O-],1.8412691702549648,158.18918197436537
NN=c1c2nc[nH]c2n([N+](=O)[O-])c(=O)n1[N+](=O)[O-],1.8771833664161224,148.75741158765243
NN=c1c2ncn(N[N+](=O)[O-])c2nc([N+](=O)[O-])n1N[N+](=O)[O-],1.8346582550829704,174.74384588176562
NN=c1c2ncn([N+](=O)[O-])c2nc(C=N[N+](=O)[O-])n1[N+](=O)[O-],1.799288665867842,117.38286252599708
NN=c1c2ncn([N+](=O)[O-])c2nc([N+](=O)[O-])n1[N+](=O)[O-],1.8756187783383669,169.454800557994
NN=c1c2ncn([N+](=O)[O-])c2ncn1[N+](=O)[O-],1.818948817546841,140.1383964016602
NN=c1c2ncnc([N+](=O)[O-])c2nc([N+](=O)[O-])n1N[N+](=O)[O-],1.8236531022674487,142.04929127094147
NN=c1c2ncnc([N+](=O)[O-])c2nc([N+](=O)[O-])n1[N+](=O)[O-],1.8534995440875424,169.286069402395
NN=c1c2nn(C=N[N+](=O)[O-])nc2c([N+](=O)[O-])nn1C=N[N+](=O)[O-],1.8077282658874243,183.95926598898697
NN=c1c2nn(C=N[N+](=O)[O-])nc2c([N+](=O)[O-])nn1[N+](=O)[O-],1.830248833230911,166.1073657264889
NNC(=C([N+](=O)[O-])[N+](=O)[O-])N,1.8204,145.47418231645196
NNC(N)=C([N+](=O)[O-])[N+](=O)[O-],1.8194,145.47416910543132
NNC1=CC=C(C(=O)N1)[N+]([O-])=O,1.803,294.82877357754853
Nc1[nH][nH]c(=O)c1[N+](=O)[O-],1.8322,335.9927748042025
Nc1[nH]c(=O)n2c(N[N+](=O)[O-])nnc2c1[N+](=O)[O-],1.8661706938020897,210.2039559200581
Nc1[nH]c(=O)n2c([N+](=O)[O-])nnc2c1[N+](=O)[O-],1.947191822887195,278.10523319332225
Nc1[nH]c2nc([N+](=O)[O-])nn2c(=O)c1N[N+](=O)[O-],1.889622993103428,143.06904995405188
Nc1[nH]c2nc([N+](=O)[O-])nn2c(=O)c1[N+](=O)[O-],1.9439594302665404,282.6241305093109
Nc1[nH]nc([N+](=O)[O-])c1[N+](=O)[O-],1.8707,261.6215929714095
Nc1[nH]nc2c(=O)n([N+](=O)[O-])nc(N[N+](=O)[O-])c12,1.8774810130562352,138.18506773408706
Nc1[nH]nc2c(=O)n([N+](=O)[O-])nc([N+](=O)[O-])c12,1.9286492289561816,205.55444289439103
Nc1[nH]nc2nc([N+](=O)[O-])nc([N+](=O)[O-])c12,1.8616891831123792,242.50662046602997
Nc1c(C=N[N+](=O)[O-])c(=O)n(N[N+](=O)[O-])c2nnc([N+](=O)[O-])n12,1.848104630948852,142.86838776156884
Nc1c(C=N[N+](=O)[O-])c(=O)n(N[N+](=O)[O-])c2nnnn12,1.831948849987625,141.17643913733474
Nc1c(C=N[N+](=O)[O-])c(=O)n([N+](=O)[O-])c2nc([N+](=O)[O-])nn12,1.8798295762816708,154.37680508800798
Nc1c(C=N[N+](=O)[O-])c(=O)n([N+](=O)[O-])c2nnc([N+](=O)[O-])n12,1.868994848130487,165.61596199729706
Nc1c(C=N[N+](=O)[O-])c(=O)n([N+](=O)[O-])c2nnnn12,1.8329684695905768,154.90607160235066
Nc1c(C=N[N+](=O)[O-])c(=O)n2nc([N+](=O)[O-])nc2n1[N+](=O)[O-],1.8692130668988245,174.39204961317452
Nc1c(C=N[N+](=O)[O-])c([N+](=O)[O-])c([N+](=O)[O-])c2nnnn12,1.81143668344557,196.99956060809
Nc1c(C=N[N+](=O)[O-])c([N+](=O)[O-])c([N+](=O)[O-])n2nnnc12,1.8310016084453444,193.5478511906827
Nc1c(C=N[N+](=O)[O-])c([N+](=O)[O-])c2nnnn2c1[N+](=O)[O-],1.859570913716352,220.0147504888988
Nc1c(C=N[N+](=O)[O-])c([N+](=O)[O-])n2nnnc2c1[N+](=O)[O-],1.859940106900955,224.2061416491184
Nc1c(C=N[N+](=O)[O-])c([N+](=O)[O-])nc2c1nnn2N[N+](=O)[O-],1.820858340228425,144.51728166954106
Nc1c(C=N[N+](=O)[O-])c([N+](=O)[O-])nc2c1nnn2[N+](=O)[O-],1.845443345333404,158.15904763628822
Nc1c(C=N[N+](=O)[O-])c([N+](=O)[O-])nc2nc([N+](=O)[O-])nn12,1.86721366816388,178.65272266837923
Nc1c(C=N[N+](=O)[O-])c([N+](=O)[O-])nc2nnc([N+](=O)[O-])n12,1.853702940176122,185.3792063037781
Nc1c(C=N[N+](=O)[O-])c([N+](=O)[O-])nc2nnn(N[N+](=O)[O-])c12,1.8053500934553504,146.69547511940755
Nc1c(C=N[N+](=O)[O-])c([N+](=O)[O-])nc2nnn([N+](=O)[O-])c12,1.845917092639616,153.35849301165757
Nc1c(C=N[N+](=O)[O-])c([N+](=O)[O-])nn2c([N+](=O)[O-])nnc12,1.87783737196934,192.3749437508168
Nc1c(C=N[N+](=O)[O-])c2c(nc([N+](=O)[O-])n3nnnc23)n1[N+](=O)[O-],1.8482081004841373,170.28638146312505
Nc1c(C=N[N+](=O)[O-])c2nnc([N+](=O)[O-])n2c(=O)n1[N+](=O)[O-],1.8572308102642416,145.39387252198858
Nc1c(C=N[N+](=O)[O-])n([N+](=O)[O-])c(=O)n2c([N+](=O)[O-])nnc12,1.8568105692166683,134.95613575771216
Nc1c(C=N[N+](=O)[O-])n([N+](=O)[O-])c2nc([N+](=O)[O-])n3nnnc3c12,1.8474831991382243,162.4401581404212
Nc1c(C=N[N+](=O)[O-])n([N+](=O)[O-])c2nc([N+](=O)[O-])nn2c1=O,1.8669081040436035,160.58217340879838
Nc1c(C=N[N+](=O)[O-])n2c([N+](=O)[O-])nnc2n([N+](=O)[O-])c1=O,1.8633539146606937,161.5150432091673
Nc1c(C=N[N+](=O)[O-])n2nc([N+](=O)[O-])nc2n([N+](=O)[O-])c1=O,1.862264050016841,151.27298808259303
Nc1c(C=N[N+](=O)[O-])n2nnnc2n([N+](=O)[O-])c1=O,1.8271537492388423,151.79987000771038
Nc1c(C=N[N+](=O)[O-])nc([N+](=O)[O-])c2c1nnn2[N+](=O)[O-],1.8131770468135275,140.23030547224445
Nc1c(C=N[N+](=O)[O-])nc([N+](=O)[O-])c2nnn(N[N+](=O)[O-])c12,1.81425241415352,145.35948423526574
Nc1c(C=N[N+](=O)[O-])nc([N+](=O)[O-])c2nnn([N+](=O)[O-])c12,1.8438849755505708,145.72546914002294
Nc1c(C=N[N+](=O)[O-])nc([N+](=O)[O-])n2c([N+](=O)[O-])nnc12,1.8304787655315449,173.8200586580859
Nc1c(C=N[N+](=O)[O-])nc([N+](=O)[O-])n2nc([N+](=O)[O-])nc12,1.86414107126159,175.58565211687113
Nc1c(C=N[N+](=O)[O-])nc2c([N+](=O)[O-])nn([N+](=O)[O-])c(=O)n12,1.850627234126371,149.62620793792303
Nc1c(C=N[N+](=O)[O-])nc2c3nc([N+](=O)[O-])n([N+](=O)[O-])c3nc([N+](=O)[O-])n12,1.8299170944273555,174.0938504553151
Nc1c(C=N[N+](=O)[O-])nc2n([N+](=O)[O-])c([N+](=O)[O-])nn2c1=O,1.858488279647991,158.7542305381083
Nc1c(C=N[N+](=O)[O-])nc2n([N+](=O)[O-])nc([N+](=O)[O-])n2c1=O,1.8640428438935364,155.35993621639727
Nc1c(C=N[N+](=O)[O-])nc2nc([N+](=O)[O-])nc([N+](=O)[O-])n12,1.806136418540065,192.78986888153048
Nc1c(C=N[N+](=O)[O-])nc2nc([N+](=O)[O-])nn2c1[N+](=O)[O-],1.857868980857133,197.3507293532008
Nc1c(C=N[N+](=O)[O-])nc2nnc([N+](=O)[O-])n2c1[N+](=O)[O-],1.858575155012523,192.1829611988935
Nc1c(C=N[N+](=O)[O-])nc2nnn(N[N+](=O)[O-])c2c1[N+](=O)[O-],1.797987089973594,159.7388413008091
Nc1c(C=N[N+](=O)[O-])nn2c(=O)n([N+](=O)[O-])nc([N+](=O)[O-])c12,1.8670727080946703,152.4692327904174
Nc1c(C=N[N+](=O)[O-])nn2c([N+](=O)[O-])c([N+](=O)[O-])nnc12,1.860172461444378,194.2269835231521
Nc1c(C=N[N+](=O)[O-])nn2c([N+](=O)[O-])nn([N+](=O)[O-])c12,1.862904787464032,169.8650423818912
Nc1c(C=N[N+](=O)[O-])nn2c([N+](=O)[O-])nnc2c1[N+](=O)[O-],1.84746732802502,205.56939116424388
Nc1c(C=N[N+](=O)[O-])nnc2c([N+](=O)[O-])c([N+](=O)[O-])nn12,1.8143809014800056,191.97547551425052
Nc1c(N)c([N+](=O)[O-])n2nnnc2c1N[N+](=O)[O-],1.8768897327454075,175.40736939335028
Nc1c(N)c([N+](=O)[O-])n2nnnc2c1[N+](=O)[O-],1.9037667941283547,311.5890339936404
Nc1c(N)n(N[N+](=O)[O-])c(=O)n2c([N+](=O)[O-])nnc12,1.8482690180826544,160.15675872769748
Nc1c(N)n(N[N+](=O)[O-])c2nc([N+](=O)[O-])nn2c1=O,1.8363039340648648,162.6496651112219
Nc1c(N)n([N+](=O)[O-])c(=O)n2c([N+](=O)[O-])nnc12,1.8588116671368533,182.893916073652
Nc1c(N)n([N+](=O)[O-])c2nc(N[N+](=O)[O-])nn2c1=O,1.8301904824866937,130.33319009454976
Nc1c(N)n([N+](=O)[O-])c2nc([N+](=O)[O-])nn2c1=O,1.8893208635065104,215.76965322702725
Nc1c(N)n2c([N+](=O)[O-])nnc2n(N[N+](=O)[O-])c1=O,1.8495887427213864,172.42533157618394
Nc1c(N)n2c([N+](=O)[O-])nnc2n([N+](=O)[O-])c1=O,1.8752306771988536,207.97513453634852
Nc1c(N)n2nc([N+](=O)[O-])nc2n(N[N+](=O)[O-])c1=O,1.867031493814368,167.47090158866263
Nc1c(N)n2nc([N+](=O)[O-])nc2n([N+](=O)[O-])c1=O,1.8933685758196008,197.0765676473937
Nc1c(N[N+](=O)[O-])[nH]c(=O)n2c(N[N+](=O)[O-])nnc12,1.8532855913587447,150.42875101968997
Nc1c(N[N+](=O)[O-])[nH]c(=O)n2c([N+](=O)[O-])nnc12,1.8745881321077904,137.8820861867564
Nc1c(N[N+](=O)[O-])[nH]c2nc([N+](=O)[O-])nn2c1=O,1.8992891879494096,156.24211533057502
Nc1c(N[N+](=O)[O-])c(=O)[nH]c2nnc([N+](=O)[O-])n12,1.8624557687260013,146.85296369644288
Nc1c(N[N+](=O)[O-])c(N)c2nnnn2c1[N+](=O)[O-],1.837496400574944,170.1724496211359
Nc1c(N[N+](=O)[O-])c(N[N+](=O)[O-])nc2[nH]nnc12,1.8464276074222017,149.11964456254816
Nc1c(N[N+](=O)[O-])c([N+](=O)[O-])c(N)n2nnnc12,1.824547596761518,177.80592266747226
Nc1c(N[N+](=O)[O-])c([N+](=O)[O-])c2nnnn2c1[N+](=O)[O-],1.8934608379628737,154.2092298967149
Nc1c(N[N+](=O)[O-])c([N+](=O)[O-])cn2nnnc12,1.7924169076849867,140.91441175398438
Nc1c(N[N+](=O)[O-])c([N+](=O)[O-])n2nnnc2c1N,1.833385782255076,169.2270557732014
Nc1c(N[N+](=O)[O-])c([N+](=O)[O-])n2nnnc2c1[N+](=O)[O-],1.8942422462562536,153.45193456063592
Nc1c(N[N+](=O)[O-])c([N+](=O)[O-])nn2c(N)nnc12,1.7860959024373289,155.1060600327811
Nc1c(N[N+](=O)[O-])c([N+](=O)[O-])nn2c([N+](=O)[O-])nnc12,1.897729335898601,119.35957470010092
Nc1c(N[N+](=O)[O-])c([N+](=O)[O-])nn2cnnc12,1.7811640715059998,139.89146921490004
Nc1c(N[N+](=O)[O-])n([N+](=O)[O-])c2nc3c(c([N+](=O)[O-])nn3[N+](=O)[O-])c(=O)n12,1.8553590311867243,101.75237556738536
Nc1c(N[N+](=O)[O-])n2c(=O)c3c([N+](=O)[O-])nn([N+](=O)[O-])c3nc2n1[N+](=O)[O-],1.850353665302645,108.05721626807572
Nc1c(N[N+](=O)[O-])n2c([N+](=O)[O-])nnc2[nH]c1=O,1.8688254357467184,170.95056552574167
Nc1c(N[N+](=O)[O-])n2c([N+](=O)[O-])nnc2n(N)c1=O,1.8185646209180937,159.30481303425165
Nc1c(N[N+](=O)[O-])nc(N[N+](=O)[O-])c2c1nnn2N,1.7883162675592976,141.0637227092443
Nc1c(N[N+](=O)[O-])nc([N+](=O)[O-])c2[nH]nnc12,1.867764204181812,174.84936230360785
Nc1c(N[N+](=O)[O-])nc([N+](=O)[O-])c2c1nnn2N,1.8114825975999416,153.3557583303853
Nc1c(N[N+](=O)[O-])nc([N+](=O)[O-])c2nnn(N)c12,1.8129672516656377,152.57941270254514
Nc1c(N[N+](=O)[O-])nc2[nH]nc([N+](=O)[O-])n2c1=O,1.9051826131153704,150.17856071083202
Nc1c(N[N+](=O)[O-])nc2c([N+](=O)[O-])n[nH]c(=O)n12,1.8806586702204184,156.23916927297256
Nc1c(N[N+](=O)[O-])nc2c([N+](=O)[O-])nn(N)c(=O)n12,1.8081992655749488,156.38467545428853
Nc1c(N[N+](=O)[O-])nc2c3nc([N+](=O)[O-])n(N[N+](=O)[O-])c3nc([N+](=O)[O-])n12,1.8313236582777408,135.42745213002263
Nc1c(N[N+](=O)[O-])nc2c3nc([N+](=O)[O-])n([N+](=O)[O-])c3nc([N+](=O)[O-])n12,1.8485747991201955,122.93466183925416
Nc1c(N[N+](=O)[O-])nc2n(N)nc([N+](=O)[O-])n2c1=O,1.836771210006011,141.69440362352088
Nc1c(N[N+](=O)[O-])nc2nc([N+](=O)[O-])nn2c1[N+](=O)[O-],1.874904650549936,126.56404627323292
Nc1c(N[N+](=O)[O-])nc2nn[nH]c2c1N[N+](=O)[O-],1.837201067718988,152.53703835384613
Nc1c(N[N+](=O)[O-])nc2nn[nH]c2c1[N+](=O)[O-],1.8318212664830755,171.79314460555457
Nc1c(N[N+](=O)[O-])nc2nnc(N)n2c1[N+](=O)[O-],1.8042440323223965,152.60530630299723
Nc1c(N[N+](=O)[O-])nc2nnc([N+](=O)[O-])n2c1N,1.8066793263008536,163.01197074673115
Nc1c(N[N+](=O)[O-])nn2c(=O)[nH]nc([N+](=O)[O-])c12,1.902978010647973,148.12028369530412
Nc1c(N[N+](=O)[O-])nn2c(=O)n(N)nc([N+](=O)[O-])c12,1.824703054134588,146.9874650975667
Nc1c(N[N+](=O)[O-])nn2c([N+](=O)[O-])n[nH]c12,1.8512356147482367,158.93090151711118
Nc1c(N[N+](=O)[O-])nn2c([N+](=O)[O-])nn(N)c12,1.811508555365957,160.96453337363738
Nc1c(N[N+](=O)[O-])nn2c([N+](=O)[O-])nnc2c1N,1.813748515347508,154.40470015808688
Nc1c(N[N+](=O)[O-])nn2c([N+](=O)[O-])nnc2c1[N+](=O)[O-],1.858676238457896,143.03353873057472
Nc1c(N[N+](=O)[O-])nnc2c([N+](=O)[O-])c([N+](=O)[O-])nn12,1.8388504704472608,129.22367573721922
Nc1c([N+](=O)[O-])[nH]c(=O)n2c(N[N+](=O)[O-])nnc12,1.887288204124304,185.1618916197799
Nc1c([N+](=O)[O-])[nH]c(=O)n2c([N+](=O)[O-])nnc12,1.922322511553885,251.4238678374332
Nc1c([N+](=O)[O-])[nH]c2nc([N+](=O)[O-])nn2c1=O,1.9510751480664832,268.75118654378264
Nc1c([N+](=O)[O-])c(=O)[nH]c2nc([N+](=O)[O-])nn12,1.933161903426261,285.20219843462826
Nc1c([N+](=O)[O-])c(=O)[nH]c2nnc([N+](=O)[O-])n12,1.9200135357292665,284.3639360558091
Nc1c([N+](=O)[O-])c(=O)n(C=N[N+](=O)[O-])c2nc([N+](=O)[O-])nn12,1.8614299669810044,194.63221837022724
Nc1c([N+](=O)[O-])c(=O)n(N)c2nnc([N+](=O)[O-])n12,1.866175646746301,280.62086418372303
Nc1c([N+](=O)[O-])c(=O)n(N[N+](=O)[O-])c2nc([N+](=O)[O-])nn12,1.877013664809334,165.54026945454697
Nc1c([N+](=O)[O-])c(=O)n(N[N+](=O)[O-])c2nnc(C=N[N+](=O)[O-])n12,1.813309691720921,151.42410894768045
Nc1c([N+](=O)[O-])c(=O)n(N[N+](=O)[O-])c2nnc([N+](=O)[O-])n12,1.8610331168451464,176.33664579610542
Nc1c([N+](=O)[O-])c(=O)n(N[N+](=O)[O-])c2nnnn12,1.880372122513685,183.57069684444767
Nc1c([N+](=O)[O-])c(=O)n([N+](=O)[O-])c2nc([N+](=O)[O-])nn12,1.9243418305243087,189.9383229207241
Nc1c([N+](=O)[O-])c(=O)n([N+](=O)[O-])c2nnc(C=N[N+](=O)[O-])n12,1.8394015126054777,183.8656923298022
Nc1c([N+](=O)[O-])c(=O)n([N+](=O)[O-])c2nnc([N+](=O)[O-])n12,1.8945792633799183,196.78432005433208
Nc1c([N+](=O)[O-])c(=O)n([N+](=O)[O-])c2nnnn12,1.90633993902856,207.0344074814547
Nc1c([N+](=O)[O-])c(=O)n2nc([N+](=O)[O-])nc2n1C=N[N+](=O)[O-],1.8754036325646133,202.00346586790369
Nc1c([N+](=O)[O-])c(=O)n2nc([N+](=O)[O-])nc2n1N[N+](=O)[O-],1.9041419163848603,167.42710705524496
Nc1c([N+](=O)[O-])c(=O)n2nc([N+](=O)[O-])nc2n1[N+](=O)[O-],1.900486245874926,203.1566954925281
Nc1c([N+](=O)[O-])c(C=N[N+](=O)[O-])c([N+](=O)[O-])n2nnnc12,1.862622578102593,215.81190207103015
Nc1c([N+](=O)[O-])c(C=N[N+](=O)[O-])c2nnnn2c1[N+](=O)[O-],1.8281656321260185,216.31642434371636
Nc1c([N+](=O)[O-])c(C=N[N+](=O)[O-])nc2nc([N+](=O)[O-])nn12,1.8227091867898944,207.424859196435
Nc1c([N+](=O)[O-])c(C=N[N+](=O)[O-])nn2c([N+](=O)[O-])nnc12,1.8145684626082583,193.98324019236597
Nc1c([N+](=O)[O-])c(N)c([N+](=O)[O-])c(-c2c([N+](=O)[O-])c(N)c([N+](=O)[O-])c(N)c2[N+](=O)[O-])c1[N+](=O)[O-],1.8179,252.86933597254247
Nc1c([N+](=O)[O-])c(N)c([N+](=O)[O-])c(-n2cc([N+](=O)[O-])nc2[N+](=O)[O-])c1[N+](=O)[O-],1.8413,256.6622014199495
Nc1c([N+](=O)[O-])c(N)c([N+](=O)[O-])c(-n2cnc([N+](=O)[O-])c2[N+](=O)[O-])c1[N+](=O)[O-],1.8266,262.48781693986064
Nc1c([N+](=O)[O-])c(N)c([N+](=O)[O-])c(C(=O)O)c1[N+](=O)[O-],1.8621,273.1429401714545
Nc1c([N+](=O)[O-])c(N)c([N+](=O)[O-])c(N)c1[N+](=O)[O-],1.9363,344.1049227613452
Nc1c([N+](=O)[O-])c(N)c([N+](=O)[O-])c(O)c1[N+](=O)[O-],1.8895,276.4563970835653
Nc1c([N+](=O)[O-])c(N)c(c(c1[N+](=O)[O-])N)[N+](=O)[O-],1.9374,344.1049227613452
Nc1c([N+](=O)[O-])c(N)c2nnnn2c1N[N+](=O)[O-],1.833964915199078,191.3466903814356
Nc1c([N+](=O)[O-])c(N)c2nnnn2c1[N+](=O)[O-],1.8909722907959203,322.54978845949734
Nc1c([N+](=O)[O-])c(N)n2nnnc2c1N[N+](=O)[O-],1.8351500788279107,190.26666302217092
Nc1c([N+](=O)[O-])c(N)nc(c1[N+](=O)[O-])N,1.8192,381.88237132438246
Nc1c([N+](=O)[O-])c(N[N+](=O)[O-])c(N)n2nnnc12,1.832755962976878,162.59779203868356
Nc1c([N+](=O)[O-])c(N[N+](=O)[O-])c([N+](=O)[O-])c2nnnn12,1.851321803208097,173.29274737479778
Nc1c([N+](=O)[O-])c(N[N+](=O)[O-])c([N+](=O)[O-])n2nnnc12,1.883520821223024,169.15535956419455
Nc1c([N+](=O)[O-])c(N[N+](=O)[O-])c2nnnn2c1N,1.835032075835888,166.99477640483963
Nc1c([N+](=O)[O-])c(N[N+](=O)[O-])c2nnnn2c1[N+](=O)[O-],1.870068227062219,178.0215463408287
Nc1c([N+](=O)[O-])c(N[N+](=O)[O-])n2nnnc2c1[N+](=O)[O-],1.8689518623591888,200.67679535882257
Nc1c([N+](=O)[O-])c(N[N+](=O)[O-])nc2nc([N+](=O)[O-])nn12,1.8488412819799391,166.43137921867657
Nc1c([N+](=O)[O-])c(N[N+](=O)[O-])nc2nnc([N+](=O)[O-])n12,1.8442987813859568,183.59906090575925
Nc1c([N+](=O)[O-])c(N[N+](=O)[O-])nc2nnn(N[N+](=O)[O-])c12,1.8073221967678144,165.86041872319777
Nc1c([N+](=O)[O-])c(N[N+](=O)[O-])nn2c([N+](=O)[O-])nnc12,1.86187421353921,164.86674520033873
Nc1c([N+](=O)[O-])c([N+](=O)[O-])c(C=N[N+](=O)[O-])c2nnnn12,1.814227721738216,206.6294434603027
Nc1c([N+](=O)[O-])c([N+](=O)[O-])c(C=N[N+](=O)[O-])n2nnnc12,1.8124898890716803,205.4037447819641
Nc1c([N+](=O)[O-])c([N+](=O)[O-])c(N)n2nnnc12,1.8529876916484904,287.1193437680493
Nc1c([N+](=O)[O-])c([N+](=O)[O-])c(N[N+](=O)[O-])c2nnnn12,1.866081070818871,138.34238456785408
Nc1c([N+](=O)[O-])c([N+](=O)[O-])c([N+](=O)[O-])c2nnnn12,1.880699233748926,238.8198902942132
Nc1c([N+](=O)[O-])c([N+](=O)[O-])c([N+](=O)[O-])n2nnnc12,1.932862557600908,244.7233339493241
Nc1c([N+](=O)[O-])c([N+](=O)[O-])c2nnnn2c1N,1.851974904939378,272.7355032123766
Nc1c([N+](=O)[O-])c([N+](=O)[O-])c2nnnn2c1[N+](=O)[O-],1.9228851587857665,262.2290852933153
Nc1c([N+](=O)[O-])c([N+](=O)[O-])n2nnnc2c1C=N[N+](=O)[O-],1.826534161224965,198.9778250771189
Nc1c([N+](=O)[O-])c([N+](=O)[O-])n2nnnc2c1N,1.870899345562104,279.47590961215127
Nc1c([N+](=O)[O-])c([N+](=O)[O-])n2nnnc2c1N[N+](=O)[O-],1.899102205267196,135.9049512599921
Nc1c([N+](=O)[O-])c([N+](=O)[O-])n2nnnc2c1[N+](=O)[O-],1.9258714587695631,264.4530945111516
Nc1c([N+](=O)[O-])c([N+](=O)[O-])nc2c1nnn2N[N+](=O)[O-],1.882209447898985,163.17746520227365
Nc1c([N+](=O)[O-])c([N+](=O)[O-])nc2c1nnn2[N+](=O)[O-],1.9008264082989297,193.75607008697116
Nc1c([N+](=O)[O-])c([N+](=O)[O-])nc2nc(N[N+](=O)[O-])nn12,1.852766725261466,140.9144778090876
Nc1c([N+](=O)[O-])c([N+](=O)[O-])nc2nc([N+](=O)[O-])nn12,1.907733126314287,237.46344544736735
Nc1c([N+](=O)[O-])c([N+](=O)[O-])nc2nnc(C=N[N+](=O)[O-])n12,1.8229699936478767,192.33970335326276
Nc1c([N+](=O)[O-])c([N+](=O)[O-])nc2nnc([N+](=O)[O-])n12,1.8810096423547813,228.81290050924304
Nc1c([N+](=O)[O-])c([N+](=O)[O-])nc2nnn(N[N+](=O)[O-])c12,1.8678246879458,174.47405702378998
Nc1c([N+](=O)[O-])c([N+](=O)[O-])nc2nnn([N+](=O)[O-])c12,1.8987569814403484,186.31364821560305
Nc1c([N+](=O)[O-])c([N+](=O)[O-])nn2c(C=N[N+](=O)[O-])nnc12,1.820513803306249,201.5605069513944
Nc1c([N+](=O)[O-])c([N+](=O)[O-])nn2c(N[N+](=O)[O-])nnc12,1.857483591183429,157.58455979829887
Nc1c([N+](=O)[O-])c([N+](=O)[O-])nn2c([N+](=O)[O-])nnc12,1.9172559388482693,241.3466598263901
Nc1c([N+](=O)[O-])c2[n-]o[n+](=O)c2c2[n-]o[n+](=O)c12,1.9314,291.07779160685493
Nc1c([N+](=O)[O-])c2c(nc([N+](=O)[O-])n3nnnc23)n1N[N+](=O)[O-],1.889562690103828,184.2411693528884
Nc1c([N+](=O)[O-])c2c(nc([N+](=O)[O-])n3nnnc23)n1[N+](=O)[O-],1.90255748037738,215.8462044861189
Nc1c([N+](=O)[O-])c2nnc(C=N[N+](=O)[O-])n2c(=O)n1[N+](=O)[O-],1.82747977588776,169.36701332584903
Nc1c([N+](=O)[O-])c2nnc(N)n2c(=O)n1[N+](=O)[O-],1.8475677968714763,242.4438483014646
Nc1c([N+](=O)[O-])c2nnc(N[N+](=O)[O-])n2c(=O)n1N,1.8122477009455884,194.18155082317523
Nc1c([N+](=O)[O-])c2nnc([N+](=O)[O-])n2c(=O)n1C=N[N+](=O)[O-],1.8767659452929908,203.7042262429039
Nc1c([N+](=O)[O-])c2nnc([N+](=O)[O-])n2c(=O)n1N,1.8757420958033764,269.329378834528
Nc1c([N+](=O)[O-])c2nnc([N+](=O)[O-])n2c(=O)n1N[N+](=O)[O-],1.908905708741764,168.42574131635388
Nc1c([N+](=O)[O-])c2nnc([N+](=O)[O-])n2c(=O)n1[N+](=O)[O-],1.888224816720612,193.98945597757648
Nc1c([N+](=O)[O-])cc([N+](=O)[O-])c(N)[n+]1[O-],1.8869,326.99881103594964
Nc1c([N+](=O)[O-])cc([N+](=O)[O-])c(N)c1[N+](=O)[O-],1.8529,300.7029548219444
Nc1c([N+](=O)[O-])cc([N+](=O)[O-])c([N+](=O)[O-])c1[N+](=O)[O-],1.8599,206.48284736978405
Nc1c([N+](=O)[O-])cn2nnnc2c1N[N+](=O)[O-],1.8058977010902089,159.53405066437645
Nc1c([N+](=O)[O-])n(C=N[N+](=O)[O-])c(=O)n2c([N+](=O)[O-])nnc12,1.867681269480923,178.4475357013274
Nc1c([N+](=O)[O-])n(C=N[N+](=O)[O-])c2nc([N+](=O)[O-])nn2c1=O,1.8511504747218228,184.53290832165544
Nc1c([N+](=O)[O-])n(N)c(=O)n2c([N+](=O)[O-])nnc12,1.8662555084526065,255.72988606960303
Nc1c([N+](=O)[O-])n(N)c2nc([N+](=O)[O-])nn2c1=O,1.871647746278365,285.3639013272474
Nc1c([N+](=O)[O-])n(N[N+](=O)[O-])c(=O)n2c(N)nnc12,1.8422403088492447,181.5381152640623
Nc1c([N+](=O)[O-])n(N[N+](=O)[O-])c(=O)n2c([N+](=O)[O-])nnc12,1.897826008692924,147.41455097277844
Nc1c([N+](=O)[O-])n(N[N+](=O)[O-])c2nc(N[N+](=O)[O-])nn2c1=O,1.8704908180468272,142.90584100507988
Nc1c([N+](=O)[O-])n(N[N+](=O)[O-])c2nc([N+](=O)[O-])n3nnnc3c12,1.8915168254361947,186.07830048843283
Nc1c([N+](=O)[O-])n(N[N+](=O)[O-])c2nc([N+](=O)[O-])nn2c1=O,1.9030882046184647,166.2718495389525
Nc1c([N+](=O)[O-])n(N[N+](=O)[O-])c2nc3c(c(N[N+](=O)[O-])nn3[N+](=O)[O-])c(=O)n12,1.8333732372065985,133.86514325131725
Nc1c([N+](=O)[O-])n(N[N+](=O)[O-])c2nc3c(c([N+](=O)[O-])nn3[N+](=O)[O-])c(=O)n12,1.8523787325805847,147.26773690041924
Nc1c([N+](=O)[O-])n([N+](=O)[O-])c(=O)n2c([N+](=O)[O-])nnc12,1.923249182108892,152.057022524445
Nc1c([N+](=O)[O-])n([N+](=O)[O-])c(=O)n2cnnc12,1.8437965456123084,159.38979292451086
Nc1c([N+](=O)[O-])n([N+](=O)[O-])c2nc([N+](=O)[O-])n3nnnc3c12,1.906298218607973,181.1107915904791
Nc1c([N+](=O)[O-])n([N+](=O)[O-])c2nc([N+](=O)[O-])nn2c1=O,1.9176568742592808,177.31081324699124
Nc1c([N+](=O)[O-])n([N+](=O)[O-])c2nc3c(c(N[N+](=O)[O-])nn3[N+](=O)[O-])c(=O)n12,1.8541833396117853,109.65898646542928
Nc1c([N+](=O)[O-])n([N+](=O)[O-])c2nc3c(c([N+](=O)[O-])nn3[N+](=O)[O-])c(=O)n12,1.8967744660991763,171.81652150657493
Nc1c([N+](=O)[O-])n2c(=O)c3c(N[N+](=O)[O-])nn([N+](=O)[O-])c3nc2n1N[N+](=O)[O-],1.8552765303203649,121.7587753142342
Nc1c([N+](=O)[O-])n2c(=O)c3c(N[N+](=O)[O-])nn([N+](=O)[O-])c3nc2n1[N+](=O)[O-],1.8496730512316184,112.5720957824126
Nc1c([N+](=O)[O-])n2c(=O)c3c([N+](=O)[O-])nn(C=N[N+](=O)[O-])c3nc2n1N[N+](=O)[O-],1.835389700099704,143.06568114378896
Nc1c([N+](=O)[O-])n2c(=O)c3c([N+](=O)[O-])nn(N)c3nc2n1N[N+](=O)[O-],1.8466022619732017,175.2362272264847
Nc1c([N+](=O)[O-])n2c(=O)c3c([N+](=O)[O-])nn([N+](=O)[O-])c3nc2n1N[N+](=O)[O-],1.858385967004784,124.25433711290702
Nc1c([N+](=O)[O-])n2c(=O)c3c([N+](=O)[O-])nn([N+](=O)[O-])c3nc2n1[N+](=O)[O-],1.8913555112969769,181.6446687510247
Nc1c([N+](=O)[O-])n2c(C=N[N+](=O)[O-])nnc2n([N+](=O)[O-])c1=O,1.8368294161387184,159.6827935457489
Nc1c([N+](=O)[O-])n2c(N)nnc2n(N[N+](=O)[O-])c1=O,1.8652701979303623,203.35649896866957
Nc1c([N+](=O)[O-])n2c(N)nnc2n([N+](=O)[O-])c1=O,1.8697544923916367,230.39691509485803
Nc1c([N+](=O)[O-])n2c(N[N+](=O)[O-])nnc2[nH]c1=O,1.8624054077677024,191.6095698756172
Nc1c([N+](=O)[O-])n2c(N[N+](=O)[O-])nnc2n(N)c1=O,1.8326712567849937,188.169360651676
Nc1c([N+](=O)[O-])n2c([N+](=O)[O-])nnc2[nH]c1=O,1.916742170306712,259.33788887952227
Nc1c([N+](=O)[O-])n2c([N+](=O)[O-])nnc2n(C=N[N+](=O)[O-])c1=O,1.863039131556666,185.7387838635255
Nc1c([N+](=O)[O-])n2c([N+](=O)[O-])nnc2n(N)c1=O,1.880057267103902,262.91609965097336
Nc1c([N+](=O)[O-])n2c([N+](=O)[O-])nnc2n(N[N+](=O)[O-])c1=O,1.9076985641634367,160.81764003515437
Nc1c([N+](=O)[O-])n2c([N+](=O)[O-])nnc2n([N+](=O)[O-])c1=O,1.9258149156692184,185.95004129456083
Nc1c([N+](=O)[O-])n2cnnc2n(N[N+](=O)[O-])c1=O,1.839568755816599,188.466952102586
Nc1c([N+](=O)[O-])n2nc(C=N[N+](=O)[O-])nc2n(N[N+](=O)[O-])c1=O,1.8257777345699084,146.75769902661636
Nc1c([N+](=O)[O-])n2nc(C=N[N+](=O)[O-])nc2n([N+](=O)[O-])c1=O,1.8366908783122988,154.94203860603983
Nc1c([N+](=O)[O-])n2nc(N[N+](=O)[O-])nc2n(N[N+](=O)[O-])c1=O,1.8658761201565608,135.16866144672883
Nc1c([N+](=O)[O-])n2nc([N+](=O)[O-])nc2[nH]c1=O,1.928573886359559,272.6067345685213
Nc1c([N+](=O)[O-])n2nc([N+](=O)[O-])nc2n(N)c1=O,1.8907205221573016,270.5982358530716
Nc1c([N+](=O)[O-])n2nc([N+](=O)[O-])nc2n(N[N+](=O)[O-])c1=O,1.90837154997732,171.19719546453746
Nc1c([N+](=O)[O-])n2nc([N+](=O)[O-])nc2n([N+](=O)[O-])c1=O,1.940582245371666,187.0869817307376
Nc1c([N+](=O)[O-])n2nnc(N[N+](=O)[O-])c2c2nc3c(nc12)c(=O)n([N+](=O)[O-])c(=O)n3[N+](=O)[O-],1.9075210896879948,126.99609949220483
Nc1c([N+](=O)[O-])n2nnc([N+](=O)[O-])c2c2nc3c(nc12)c(=O)n(N[N+](=O)[O-])c(=O)n3[N+](=O)[O-],1.9166931831577565,141.4485861624944
Nc1c([N+](=O)[O-])n2nnnc2n(C=N[N+](=O)[O-])c1=O,1.846163257582228,204.4807964580949
Nc1c([N+](=O)[O-])n2nnnc2n(N[N+](=O)[O-])c1=O,1.911964676009252,189.7233730094202
Nc1c([N+](=O)[O-])n2nnnc2n([N+](=O)[O-])c1=O,1.9260182394520435,193.99778552608927
Nc1c([N+](=O)[O-])n[nH]c1[N+](=O)[O-],1.8991,306.76818063579816
Nc1c([N+](=O)[O-])nc(C=N[N+](=O)[O-])c2c1nnn2[N+](=O)[O-],1.8453038675321705,147.99743441438375
Nc1c([N+](=O)[O-])nc(C=N[N+](=O)[O-])c2nnn(N[N+](=O)[O-])c12,1.809526040024785,152.419466875671
Nc1c([N+](=O)[O-])nc(C=N[N+](=O)[O-])c2nnn([N+](=O)[O-])c12,1.8394976792595163,149.25197935628722
Nc1c([N+](=O)[O-])nc(C=N[N+](=O)[O-])n2c([N+](=O)[O-])nnc12,1.827842642318808,181.9784319764438
Nc1c([N+](=O)[O-])nc(C=N[N+](=O)[O-])n2nc([N+](=O)[O-])nc12,1.844980480043308,174.7138568649155
Nc1c([N+](=O)[O-])nc(N)n2c(N[N+](=O)[O-])nnc12,1.7862301380713308,189.50988291589687
Nc1c([N+](=O)[O-])nc(N)n2c([N+](=O)[O-])nnc12,1.8331896528948657,271.5398761197671
Nc1c([N+](=O)[O-])nc(N)n2nc([N+](=O)[O-])nc12,1.8510777712852544,263.4866027148625
Nc1c([N+](=O)[O-])nc(N[N+](=O)[O-])c2nnn(N)c12,1.815533672130636,179.70770193251272
Nc1c([N+](=O)[O-])nc(N[N+](=O)[O-])c2nnn(N[N+](=O)[O-])c12,1.8711067546200808,139.58854051165193
Nc1c([N+](=O)[O-])nc(N[N+](=O)[O-])n2c(N)nnc12,1.8097005499642755,194.21406314496733
Nc1c([N+](=O)[O-])nc([N+](=O)[O-])c2c1nnn2C=N[N+](=O)[O-],1.8571976219227355,194.8083609084046
Nc1c([N+](=O)[O-])nc([N+](=O)[O-])c2c1nnn2N[N+](=O)[O-],1.89361506613811,174.01558836905076
Nc1c([N+](=O)[O-])nc([N+](=O)[O-])c2c1nnn2[N+](=O)[O-],1.899151300874784,180.0872677664866
Nc1c([N+](=O)[O-])nc([N+](=O)[O-])c2nn[nH]c12,1.8928783066483907,283.199833761199
Nc1c([N+](=O)[O-])nc([N+](=O)[O-])c2nnn(C=N[N+](=O)[O-])c12,1.8379612542733004,196.78386427412
Nc1c([N+](=O)[O-])nc([N+](=O)[O-])c2nnn(N)c12,1.859022980705597,273.3992694764655
Nc1c([N+](=O)[O-])nc([N+](=O)[O-])c2nnn(N[N+](=O)[O-])c12,1.8963692284957483,169.3431410115547
Nc1c([N+](=O)[O-])nc([N+](=O)[O-])c2nnn([N+](=O)[O-])c12,1.908480587055733,183.29108559262716
Nc1c([N+](=O)[O-])nc([N+](=O)[O-])n2c(C=N[N+](=O)[O-])nnc12,1.812217621751543,184.0862503193673
Nc1c([N+](=O)[O-])nc([N+](=O)[O-])n2c(N)nnc12,1.8266571533140776,277.8441982878974
Nc1c([N+](=O)[O-])nc([N+](=O)[O-])n2c([N+](=O)[O-])nnc12,1.884021393964309,217.2792897664457
Nc1c([N+](=O)[O-])nc([N+](=O)[O-])n2nc([N+](=O)[O-])nc12,1.924491648048496,238.36474421116463
Nc1c([N+](=O)[O-])nc2[nH]c([N+](=O)[O-])nn2c1=O,1.926088665257332,270.63410790254994
Nc1c([N+](=O)[O-])nc2[nH]nc([N+](=O)[O-])n2c1=O,1.9503920032940345,261.34539429135765
Nc1c([N+](=O)[O-])nc2c([N+](=O)[O-])n[nH]c(=O)n12,1.9289463333031325,268.58620484097867
Nc1c([N+](=O)[O-])nc2c([N+](=O)[O-])nn(C=N[N+](=O)[O-])c(=O)n12,1.853580707297436,189.184871991651
Nc1c([N+](=O)[O-])nc2c([N+](=O)[O-])nn([N+](=O)[O-])c(=O)n12,1.91522646091928,199.74477106377455
Nc1c([N+](=O)[O-])nc2c(nnn2N)c1[N+](=O)[O-],1.855786322045402,304.8893092805454
Nc1c([N+](=O)[O-])nc2c(nnn2N[N+](=O)[O-])c1C=N[N+](=O)[O-],1.833541095016636,160.29307664415913
Nc1c([N+](=O)[O-])nc2c(nnn2N[N+](=O)[O-])c1[N+](=O)[O-],1.8671447607794445,202.4208152209046
Nc1c([N+](=O)[O-])nc2c(nnn2[N+](=O)[O-])c1C=N[N+](=O)[O-],1.8384944369100529,164.01224317439932
Nc1c([N+](=O)[O-])nc2c(nnn2[N+](=O)[O-])c1N,1.8834336927883493,221.9695984238454
Nc1c([N+](=O)[O-])nc2c(nnn2[N+](=O)[O-])c1[N+](=O)[O-],1.8761828355324688,210.4888086443172
Nc1c([N+](=O)[O-])nc2c3c(N[N+](=O)[O-])nn([N+](=O)[O-])c3nnn12,1.832619992004758,142.76514363527647
Nc1c([N+](=O)[O-])nc2c3c([N+](=O)[O-])nn([N+](=O)[O-])c3nnn12,1.855375661510355,234.62906555650352
Nc1c([N+](=O)[O-])nc2c3nc(N[N+](=O)[O-])n([N+](=O)[O-])c3nc(N[N+](=O)[O-])n12,1.813100294254684,143.57759498252256
Nc1c([N+](=O)[O-])nc2c3nc(N[N+](=O)[O-])n([N+](=O)[O-])c3nc([N+](=O)[O-])n12,1.8336558804025656,141.5660057139322
Nc1c([N+](=O)[O-])nc2c3nc([N+](=O)[O-])[nH]c3nc([N+](=O)[O-])n12,1.8969153177097533,257.8269452747494
Nc1c([N+](=O)[O-])nc2c3nc([N+](=O)[O-])n(C=N[N+](=O)[O-])c3nc([N+](=O)[O-])n12,1.8550368367428167,200.4186586210504
Nc1c([N+](=O)[O-])nc2c3nc([N+](=O)[O-])n(N)c3nc([N+](=O)[O-])n12,1.8558740650789929,266.2598295652725
Nc1c([N+](=O)[O-])nc2c3nc([N+](=O)[O-])n(N[N+](=O)[O-])c3nc(N[N+](=O)[O-])n12,1.831689380786108,158.31314758652974
Nc1c([N+](=O)[O-])nc2c3nc([N+](=O)[O-])n(N[N+](=O)[O-])c3nc([N+](=O)[O-])n12,1.8716640512260987,180.40216565443347
Nc1c([N+](=O)[O-])nc2c3nc([N+](=O)[O-])n([N+](=O)[O-])c3nc(N[N+](=O)[O-])n12,1.84856250714186,145.55869321547848
Nc1c([N+](=O)[O-])nc2c3nc([N+](=O)[O-])n([N+](=O)[O-])c3nc([N+](=O)[O-])n12,1.8850175503497908,200.06342088158289
Nc1c([N+](=O)[O-])nc2n(C=N[N+](=O)[O-])c([N+](=O)[O-])nn2c1=O,1.8537156298361093,198.01793873954364
Nc1c([N+](=O)[O-])nc2n(C=N[N+](=O)[O-])nc([N+](=O)[O-])n2c1=O,1.8713111268363525,180.277929216346
Nc1c([N+](=O)[O-])nc2n(N)nc([N+](=O)[O-])n2c1=O,1.8915976271173136,262.6254018757704
Nc1c([N+](=O)[O-])nc2n(N[N+](=O)[O-])c(N)nn2c1=O,1.840874236221612,182.59755985317173
Nc1c([N+](=O)[O-])nc2n(N[N+](=O)[O-])c([N+](=O)[O-])nn2c1=O,1.8964942089931207,166.77997181476275
Nc1c([N+](=O)[O-])nc2n([N+](=O)[O-])c(N[N+](=O)[O-])nn2c1=O,1.877391570837404,136.95031290110052
Nc1c([N+](=O)[O-])nc2n([N+](=O)[O-])c([N+](=O)[O-])nn2c1=O,1.939012885114086,208.5362759407375
Nc1c([N+](=O)[O-])nc2n([N+](=O)[O-])nc([N+](=O)[O-])n2c1=O,1.9255932985304005,196.44278874877733
Nc1c([N+](=O)[O-])nc2nc(C=N[N+](=O)[O-])nc([N+](=O)[O-])n12,1.815567294306672,198.51267825144677
Nc1c([N+](=O)[O-])nc2nc(C=N[N+](=O)[O-])nn2c1[N+](=O)[O-],1.8410819345026093,206.1157197117416
Nc1c([N+](=O)[O-])nc2nc(N[N+](=O)[O-])nn2c1[N+](=O)[O-],1.8745652473363592,155.39905404850882
Nc1c([N+](=O)[O-])nc2nc([N+](=O)[O-])nc(C=N[N+](=O)[O-])n12,1.8187062678919743,193.84793291898316
Nc1c([N+](=O)[O-])nc2nc([N+](=O)[O-])nc(N[N+](=O)[O-])n12,1.8568427452776064,173.7667587953186
Nc1c([N+](=O)[O-])nc2nc([N+](=O)[O-])nc([N+](=O)[O-])n12,1.893267203151208,244.7908356592781
Nc1c([N+](=O)[O-])nc2nc([N+](=O)[O-])nn2c1C=N[N+](=O)[O-],1.8676663744954105,184.24223944556013
Nc1c([N+](=O)[O-])nc2nc([N+](=O)[O-])nn2c1N,1.868207402306572,262.04233012551543
Nc1c([N+](=O)[O-])nc2nc([N+](=O)[O-])nn2c1[N+](=O)[O-],1.9295535931857968,259.420545694371
Nc1c([N+](=O)[O-])nc2nn[nH]c2c1[N+](=O)[O-],1.8949124844514504,294.13907903407835
Nc1c([N+](=O)[O-])nc2nnc(C=N[N+](=O)[O-])n2c1[N+](=O)[O-],1.8190113981777207,192.61581368461407
Nc1c([N+](=O)[O-])nc2nnc(N)n2c1N[N+](=O)[O-],1.8028999406442576,170.32218332905626
Nc1c([N+](=O)[O-])nc2nnc(N)n2c1[N+](=O)[O-],1.870598336704388,293.3961572884544
Nc1c([N+](=O)[O-])nc2nnc(N[N+](=O)[O-])n2c1N,1.786215315391573,179.89118319265495
Nc1c([N+](=O)[O-])nc2nnc(N[N+](=O)[O-])n2c1[N+](=O)[O-],1.8902078020491904,164.30415388643462
Nc1c([N+](=O)[O-])nc2nnc([N+](=O)[O-])n2c1C=N[N+](=O)[O-],1.8543874587579143,190.011901700172
Nc1c([N+](=O)[O-])nc2nnc([N+](=O)[O-])n2c1N,1.852572114322109,268.0019404348722
Nc1c([N+](=O)[O-])nc2nnc([N+](=O)[O-])n2c1[N+](=O)[O-],1.93178570799294,252.3893622532696
Nc1c([N+](=O)[O-])nc2nncn2c1N[N+](=O)[O-],1.7869828771328868,148.6276397319173
Nc1c([N+](=O)[O-])nc2nncn2c1[N+](=O)[O-],1.843990650411381,273.5391915244952
Nc1c([N+](=O)[O-])nc2nnn(N)c2c1[N+](=O)[O-],1.846302590771952,298.948029262325
Nc1c([N+](=O)[O-])nc2nnn(N[N+](=O)[O-])c2c1[N+](=O)[O-],1.880367133416596,200.3487458998297
Nc1c([N+](=O)[O-])nc2nnn([N+](=O)[O-])c2c1C=N[N+](=O)[O-],1.84642037684671,160.0781465493862
Nc1c([N+](=O)[O-])nc2nnn([N+](=O)[O-])c2c1N,1.878283606935806,219.07374600257157
Nc1c([N+](=O)[O-])nc2nnn([N+](=O)[O-])c2c1[N+](=O)[O-],1.874813689910252,198.6934776743993
Nc1c([N+](=O)[O-])nc2onc(N[N+](=O)[O-])n12,1.84144020951822,196.7847824400544
Nc1c([N+](=O)[O-])nc2onc([N+](=O)[O-])n12,1.8993332221541537,260.71739046656023
Nc1c([N+](=O)[O-])nn2c(=O)[nH]nc(N[N+](=O)[O-])c12,1.909144606956008,167.28612564849777
Nc1c([N+](=O)[O-])nn2c(=O)[nH]nc([N+](=O)[O-])c12,1.941976553396594,263.1137749142588
Nc1c([N+](=O)[O-])nn2c(=O)n(C=N[N+](=O)[O-])nc([N+](=O)[O-])c12,1.877893192012136,185.36295014288208
Nc1c([N+](=O)[O-])nn2c(=O)n(N)nc(N[N+](=O)[O-])c12,1.834976111181582,165.05934867023203
Nc1c([N+](=O)[O-])nn2c(=O)n(N)nc([N+](=O)[O-])c12,1.8764885442642545,259.5925131371821
Nc1c([N+](=O)[O-])nn2c(=O)n([N+](=O)[O-])nc(C=N[N+](=O)[O-])c12,1.8669072725274216,144.94379947086532
Nc1c([N+](=O)[O-])nn2c(=O)n([N+](=O)[O-])nc([N+](=O)[O-])c12,1.9320455748761087,177.51117158599956
Nc1c([N+](=O)[O-])nn2c(C=N[N+](=O)[O-])c([N+](=O)[O-])nnc12,1.8228011958630248,195.6553590746212
Nc1c([N+](=O)[O-])nn2c(C=N[N+](=O)[O-])nn([N+](=O)[O-])c12,1.83891420797022,158.1861302285978
Nc1c([N+](=O)[O-])nn2c(C=N[N+](=O)[O-])nnc2c1[N+](=O)[O-],1.805187405506789,216.95041461866293
Nc1c([N+](=O)[O-])nn2c(N)c([N+](=O)[O-])nnc12,1.8539359093184624,294.00140698800124
Nc1c([N+](=O)[O-])nn2c(N)nn([N+](=O)[O-])c12,1.8669115024140843,233.7711649955048
Nc1c([N+](=O)[O-])nn2c(N)nnc2c1N[N+](=O)[O-],1.7942061497432675,166.6240487436731
Nc1c([N+](=O)[O-])nn2c(N)nnc2c1[N+](=O)[O-],1.833028700284422,306.3142962052206
Nc1c([N+](=O)[O-])nn2c(N[N+](=O)[O-])c([N+](=O)[O-])nnc12,1.8766720924231093,156.39288610361552
Nc1c([N+](=O)[O-])nn2c(N[N+](=O)[O-])n[nH]c12,1.858565936028771,190.66638226812935
Nc1c([N+](=O)[O-])nn2c(N[N+](=O)[O-])nn(N)c12,1.825436234489439,196.5842853853294
Nc1c([N+](=O)[O-])nn2c(N[N+](=O)[O-])nnc2c1C=N[N+](=O)[O-],1.812250990857437,150.85006367888252
Nc1c([N+](=O)[O-])nn2c(N[N+](=O)[O-])nnc2c1N,1.815632080263077,193.97313376157723
Nc1c([N+](=O)[O-])nn2c(N[N+](=O)[O-])nnc2c1[N+](=O)[O-],1.842985564265168,183.88225234417297
Nc1c([N+](=O)[O-])nn2c([N+](=O)[O-])c(C=N[N+](=O)[O-])nnc12,1.848766770899498,210.74024409187032
Nc1c([N+](=O)[O-])nn2c([N+](=O)[O-])c(N[N+](=O)[O-])nnc12,1.878925609733708,160.73283188816347
Nc1c([N+](=O)[O-])nn2c([N+](=O)[O-])c([N+](=O)[O-])nnc12,1.927720895368812,240.71426478218564
Nc1c([N+](=O)[O-])nn2c([N+](=O)[O-])n[nH]c12,1.9029415685474955,288.0379275009749
Nc1c([N+](=O)[O-])nn2c([N+](=O)[O-])nn(C=N[N+](=O)[O-])c12,1.8400158222992464,195.5157714305514
Nc1c([N+](=O)[O-])nn2c([N+](=O)[O-])nn(N)c12,1.8772913189082123,301.343544
Nc1c([N+](=O)[O-])nn2c([N+](=O)[O-])nn([N+](=O)[O-])c12,1.9301305931100288,234.63389418454705
Nc1c([N+](=O)[O-])nn2c([N+](=O)[O-])nnc2c1C=N[N+](=O)[O-],1.8463765595592307,188.62758490253336
Nc1c([N+](=O)[O-])nn2c([N+](=O)[O-])nnc2c1N,1.8814509966827904,280.45697486718814
Nc1c([N+](=O)[O-])nn2c([N+](=O)[O-])nnc2c1N[N+](=O)[O-],1.8903137661330205,130.8835480033423
Nc1c([N+](=O)[O-])nn2c([N+](=O)[O-])nnc2c1[N+](=O)[O-],1.9241377113781808,273.65334712814644
Nc1c([N+](=O)[O-])nn2cnn([N+](=O)[O-])c12,1.8534459655231497,200.10606605620495
Nc1c([N+](=O)[O-])nnc2c(C=N[N+](=O)[O-])c([N+](=O)[O-])nn12,1.828998305199634,200.73330549960517
Nc1c([N+](=O)[O-])nnc2c([N+](=O)[O-])c(N[N+](=O)[O-])nn12,1.8383981256445048,169.84435392357085
Nc1c([N+](=O)[O-])nnc2c([N+](=O)[O-])c([N+](=O)[O-])nn12,1.907794369288701,250.9027673852229
Nc1c2[n-]o[n-]c-2c(C=N[N+](=O)[O-])[n+](=O)[n+]1=O,1.878553885847683,262.9043121178084
Nc1c2[n-]o[n-]c-2c(N)[n+](=O)[n+]1=O,1.8565814322793388,343.9113350704142
Nc1c2[n-]o[n-]c-2c(N[N+](=O)[O-])[n+](=O)[n+]1=O,1.918623023756472,211.0823831043745
Nc1c2[n-]o[n-]c-2c([N+](=O)[O-])[n+](=O)[n+]1=O,1.9558627290167545,297.1470996260861
Nc1c2c(C=N[N+](=O)[O-])nc([N+](=O)[O-])nc2nn1[N+](=O)[O-],1.8369839335369744,150.97011222342746
Nc1c2c(N[N+](=O)[O-])n[nH]c(=O)c2nn1[N+](=O)[O-],1.8618899761937813,138.33658492979367
Nc1c2c(N[N+](=O)[O-])nn([N+](=O)[O-])c2nc2c1c([N+](=O)[O-])nn2[N+](=O)[O-],1.8985770124163617,106.644191922589
Nc1c2c([N+](=O)[O-])n[nH]c(=O)c2nn1[N+](=O)[O-],1.888058875013079,212.5759913730028
Nc1c2c([N+](=O)[O-])nc([N+](=O)[O-])nc2nn1[N+](=O)[O-],1.892270540625442,185.58404317878305
Nc1c2c([N+](=O)[O-])nn(C=N[N+](=O)[O-])c(=O)c2nn1[N+](=O)[O-],1.839907219055362,148.71337925586323
Nc1c2c([N+](=O)[O-])nn(N)c(=O)c2nn1[N+](=O)[O-],1.84514244493432,205.3997418427105
Nc1c2c([N+](=O)[O-])nn([N+](=O)[O-])c(=O)c2nn1C=N[N+](=O)[O-],1.8615086717952307,154.79595774532612
Nc1c2c([N+](=O)[O-])nn([N+](=O)[O-])c(=O)c2nn1N,1.8783940178235632,195.33502485168145
Nc1c2c([N+](=O)[O-])nn([N+](=O)[O-])c(=O)c2nn1[N+](=O)[O-],1.9027692639335296,138.25964394559318
Nc1c2c([N+](=O)[O-])nn([N+](=O)[O-])c2nc2c1c([N+](=O)[O-])nn2[N+](=O)[O-],1.9298673278563787,178.8386281508087
Nc1c2onc([N+](=O)[O-])c2nn1[N+](=O)[O-],1.8846693981398688,170.94903304734757
Nc1cc(=O)n(N[N+](=O)[O-])c2nnc([N+](=O)[O-])n12,1.832143750150002,154.2746046323461
Nc1cc(=O)n2c([N+](=O)[O-])nn([N+](=O)[O-])c2n1,1.860197298471192,222.0111867168164
Nc1cc([N+](=O)[O-])c2nnnn2c1[N+](=O)[O-],1.865341419098955,303.1208853605883
Nc1cc([N+](=O)[O-])n2c([N+](=O)[O-])nnc2n1,1.826233333131636,262.1652683227974
Nc1cc([N+](=O)[O-])n2nnnc2c1N[N+](=O)[O-],1.8444683745341128,146.50589697324048
Nc1cc([N+](=O)[O-])n2nnnc2c1[N+](=O)[O-],1.8651275386759127,308.1751014897498
Nc1cc([N+](=O)[O-])nn2c([N+](=O)[O-])nnc12,1.8569815723270453,263.9869750240849
Nc1cc2n([N+](=O)[O-])nc([N+](=O)[O-])n2n1,1.836145584461598,191.6993651828992
Nc1cc2nnc([N+](=O)[O-])n2c([N+](=O)[O-])n1,1.8187300203324648,250.8697670813559
Nc1cc2nnc([N+](=O)[O-])n2nc1[N+](=O)[O-],1.8366193317678088,271.388545529727
Nc1cn([N+](=O)[O-])c(=O)n2c([N+](=O)[O-])nnc12,1.812220767051882,156.48573315666516
Nc1cn([N+](=O)[O-])c2nc([N+](=O)[O-])nn2c1=O,1.8666386928007848,180.04939177031514
Nc1cn2c([N+](=O)[O-])nnc2n(N[N+](=O)[O-])c1=O,1.8449423749104663,158.66808147252254
Nc1cn2c([N+](=O)[O-])nnc2n([N+](=O)[O-])c1=O,1.8728354767614968,183.4462226079888
Nc1cn2c([N+](=O)[O-])nnc2nc1[N+](=O)[O-],1.8460641263922373,260.36678215771565
Nc1cn2nnnc2c(N[N+](=O)[O-])c1[N+](=O)[O-],1.8087399680102128,170.91052952769573
Nc1cnc([N+](=O)[O-])c2nnn([N+](=O)[O-])c12,1.8511332659521529,185.01369699576395
Nc1cnc([N+](=O)[O-])n2c([N+](=O)[O-])nnc12,1.816496350951591,239.24999819039607
Nc1cnc([N+](=O)[O-])n2nc([N+](=O)[O-])nc12,1.8475124106632104,251.11375233895757
Nc1cnc2n([N+](=O)[O-])nc([N+](=O)[O-])n2c1=O,1.860207818958532,198.07272484213283
Nc1cnc2nnc(N[N+](=O)[O-])n2c1[N+](=O)[O-],1.793805937389806,178.15043966369137
Nc1cnc2nnc([N+](=O)[O-])n2c1[N+](=O)[O-],1.8652677395346955,271.02418392913086
Nc1cnn2c([N+](=O)[O-])c([N+](=O)[O-])nnc12,1.845335139771172,269.3664266648432
Nc1cnn2c([N+](=O)[O-])nn([N+](=O)[O-])c12,1.8514221635959207,222.89054527808776
Nc1cnn2c([N+](=O)[O-])nnc2c1[N+](=O)[O-],1.831347410718232,292.16629053310425
Nc1n[nH]c(=O)c2c1c([N+](=O)[O-])nn2[N+](=O)[O-],1.8762982716701924,184.4918220474687
Nc1n[nH]c(=O)c2nn([N+](=O)[O-])c(N[N+](=O)[O-])c12,1.8507830168753383,129.03527337188905
Nc1n[nH]c(=O)c2nn([N+](=O)[O-])c([N+](=O)[O-])c12,1.938511480856619,205.33298655542256
Nc1n[nH]c(=O)n2c([N+](=O)[O-])c([N+](=O)[O-])nc12,1.9298211244789871,248.0950110037014
Nc1n[nH]c(=O)n2nc(N[N+](=O)[O-])c([N+](=O)[O-])c12,1.8593322685722509,168.75049462569729
Nc1n[nH]c(=O)n2nc([N+](=O)[O-])c(N[N+](=O)[O-])c12,1.8916080391460213,150.7907329851936
Nc1n[nH]c(=O)n2nc([N+](=O)[O-])c([N+](=O)[O-])c12,1.922680244276333,239.4424563390624
Nc1n[nH]c2c(=O)n([N+](=O)[O-])c(=O)n([N+](=O)[O-])c12,1.971793313704295,142.5625262117389
Nc1n[nH]c2c(=O)n([N+](=O)[O-])nc([N+](=O)[O-])c12,1.9269803759798363,204.24646597951389
Nc1n[nH]c2c(N[N+](=O)[O-])c([N+](=O)[O-])nn12,1.83941713064854,160.9646060342509
Nc1n[nH]c2c([N+](=O)[O-])c(N[N+](=O)[O-])nn12,1.8203797484366344,200.36934188100565
Nc1n[nH]c2c([N+](=O)[O-])c([N+](=O)[O-])nn12,1.90127499320243,256.1434190890169
Nc1n[nH]c2c([N+](=O)[O-])nn([N+](=O)[O-])c12,1.9074169694009155,230.41871658166724
Nc1n[nH]c2c1c(=O)n(N[N+](=O)[O-])c(=O)n2[N+](=O)[O-],1.9265256089342908,125.342766681298
Nc1n[nH]c2c1c(=O)n([N+](=O)[O-])c(=O)n2[N+](=O)[O-],1.95973556986158,158.13093458436882
Nc1n[nH]c2c1c(N[N+](=O)[O-])nn2[N+](=O)[O-],1.836943586925732,142.40812901353303
Nc1n[nH]c2c1c([N+](=O)[O-])nn2[N+](=O)[O-],1.9028172749547945,228.19428125680972
Nc1n[nH]c2nc([N+](=O)[O-])nn12,1.8372616237887305,268.852805301692
Nc1n[nH]c2nnc3n(C=N[N+](=O)[O-])nc(N[N+](=O)[O-])n1-n23,1.8005504374440084,191.6572286325717
Nc1n[nH]c2nnc3n(C=N[N+](=O)[O-])nc([N+](=O)[O-])n1-n23,1.837137980947824,267.34939363006083
Nc1n[nH]c2nnc3n([N+](=O)[O-])nc(N[N+](=O)[O-])n1-n23,1.866492743634487,177.27686092394947
Nc1n[nH]c2nnc3n([N+](=O)[O-])nc([N+](=O)[O-])n1-n23,1.9354234466756548,264.3851584888941
Nc1nc(-c2c([N+](=O)[O-])c(N)c([N+](=O)[O-])c(N)c2[N+](=O)[O-])nc(N)c1[N+](=O)[O-],1.802,268.2384560988358
Nc1nc(-c2nonc2N[N+](=O)[O-])no1,1.8188,150.56445462369192
Nc1nc(=O)c2c(nc([N+](=O)[O-])n2N[N+](=O)[O-])n1N[N+](=O)[O-],1.880073861274656,149.66679219332548
Nc1nc(=O)c2c(nc([N+](=O)[O-])n2N[N+](=O)[O-])n1[N+](=O)[O-],1.859726009560648,154.03611268226382
Nc1nc(=O)c2c(nc([N+](=O)[O-])n2[N+](=O)[O-])n1[N+](=O)[O-],1.8815246762470503,164.49423405138594
Nc1nc(=O)n2nc([N+](=O)[O-])n(N[N+](=O)[O-])c2n1,1.8880193960708944,165.7978711459833
Nc1nc(=O)n2nc([N+](=O)[O-])n([N+](=O)[O-])c2n1,1.9086937082683493,206.85103851498792
Nc1nc(=O)n2nnn(N[N+](=O)[O-])c2n1,1.842851581701308,171.16179653473574
Nc1nc(=O)n2nnn([N+](=O)[O-])c2n1,1.8741831837273817,182.07803646655017
Nc1nc(C=N[N+](=O)[O-])c([N+](=O)[O-])c2c1nnn2[N+](=O)[O-],1.8168060364998968,164.86327070191072
Nc1nc(C=N[N+](=O)[O-])c([N+](=O)[O-])c2nc([N+](=O)[O-])nn12,1.8391635182131707,195.3203209857104
Nc1nc(C=N[N+](=O)[O-])c([N+](=O)[O-])c2nnn([N+](=O)[O-])c12,1.8231717628569712,169.19623446205105
Nc1nc(C=N[N+](=O)[O-])c2c(=O)n([N+](=O)[O-])c([N+](=O)[O-])nn12,1.85863350575674,151.53086720546276
Nc1nc(C=N[N+](=O)[O-])c2c([N+](=O)[O-])n([N+](=O)[O-])nc2n1,1.8229656191497048,149.74805318127486
Nc1nc(C=N[N+](=O)[O-])c2c([N+](=O)[O-])nn([N+](=O)[O-])c2n1,1.8089837107100355,143.45280368156824
Nc1nc(C=N[N+](=O)[O-])c2c(n1)c([N+](=O)[O-])nn2[N+](=O)[O-],1.8320959560460024,149.53695428248716
Nc1nc(C=N[N+](=O)[O-])c2nc([N+](=O)[O-])n(C=N[N+](=O)[O-])c(=NN[N+](=O)[O-])c2n1,1.8084679537602173,133.90192273277572
Nc1nc(C=N[N+](=O)[O-])c2nc([N+](=O)[O-])n(C=N[N+](=O)[O-])c(=N[N+](=O)[O-])c2n1,1.8428631144692167,130.79159929969612
Nc1nc(C=N[N+](=O)[O-])c2nc([N+](=O)[O-])n([N+](=O)[O-])c2n1,1.7984217921721508,164.41799325127934
Nc1nc(C=N[N+](=O)[O-])c2nc([N+](=O)[O-])nc-2n1[N+](=O)[O-],1.841843458713388,182.2037789609905
Nc1nc(C=N[N+](=O)[O-])c2nnn([N+](=O)[O-])c2c1[N+](=O)[O-],1.813171009282992,173.41588069266191
Nc1nc(C=N[N+](=O)[O-])n([N+](=O)[O-])c2nc([N+](=O)[O-])nc1-2,1.843474423474156,173.16561772319045
Nc1nc(C=N[N+](=O)[O-])n2c([N+](=O)[O-])nnc2c1[N+](=O)[O-],1.810019635260721,207.1187664537439
Nc1nc(C=N[N+](=O)[O-])n2nc([N+](=O)[O-])n([N+](=O)[O-])c(=O)c12,1.8572139630233464,154.8977156317966
Nc1nc(C=N[N+](=O)[O-])n2nc([N+](=O)[O-])nc2c1[N+](=O)[O-],1.8291487734756149,204.05134581018885
Nc1nc(C=N[N+](=O)[O-])nc2c(=NN[N+](=O)[O-])n(C=N[N+](=O)[O-])c([N+](=O)[O-])nc12,1.804476169948555,135.54222947733268
Nc1nc(C=N[N+](=O)[O-])nc2c(=NN[N+](=O)[O-])n(N[N+](=O)[O-])c([N+](=O)[O-])nc12,1.812540069265592,136.43607392273452
Nc1nc(C=N[N+](=O)[O-])nc2c(=N[N+](=O)[O-])n(C=N[N+](=O)[O-])c([N+](=O)[O-])nc12,1.8404620211128344,133.0382390474923
Nc1nc(C=N[N+](=O)[O-])nc2c(=N[N+](=O)[O-])n([N+](=O)[O-])c(C=N[N+](=O)[O-])nc12,1.8091641858743064,121.6508941196976
Nc1nc(C=N[N+](=O)[O-])nc2c(=N[N+](=O)[O-])n([N+](=O)[O-])c([N+](=O)[O-])nc12,1.8855218106845768,120.26700007471943
Nc1nc(C=N[N+](=O)[O-])nc2c([N+](=O)[O-])nn([N+](=O)[O-])c12,1.83255795366704,152.78055049177118
Nc1nc(C=N[N+](=O)[O-])nc2c1c([N+](=O)[O-])nn2[N+](=O)[O-],1.8226701778351169,155.61452579512795
Nc1nc(C=N[N+](=O)[O-])nc2c1nc([N+](=O)[O-])n2[N+](=O)[O-],1.798923377194005,164.7458247284316
Nc1nc(C=N[N+](=O)[O-])nc2nc([N+](=O)[O-])c([N+](=O)[O-])n12,1.8169720866660624,197.705630211642
Nc1nc(C=N[N+](=O)[O-])nc2nn([N+](=O)[O-])c([N+](=O)[O-])c12,1.825304601862614,161.8830229780409
Nc1nc(N)c([N+](=O)[O-])c(N)c1[N+](=O)[O-],1.8181,381.88237132438246
Nc1nc(N)c([N+](=O)[O-])nc1[N+](=O)[O-],1.8106,272.34823205061514
Nc1nc(N)c(nc1[N+](=O)[O-])[N+](=O)[O-],1.8116,272.3482270964824
Nc1nc(N)c2nc([N+](=O)[O-])n(N[N+](=O)[O-])c(=NN[N+](=O)[O-])c2n1,1.8339481764168148,165.8278535573231
Nc1nc(N)c2nc([N+](=O)[O-])n([N+](=O)[O-])c(=NN[N+](=O)[O-])c2n1,1.858224978241464,144.37869806303985
Nc1nc(N)c2nc([N+](=O)[O-])n([N+](=O)[O-])c(=N[N+](=O)[O-])c2n1,1.895554921083881,146.29010816212605
Nc1nc(N)n2c([N+](=O)[O-])c([N+](=O)[O-])nc2n1,1.8350321119887647,272.80516327282754
Nc1nc(N)n2c([N+](=O)[O-])nnc2c1[N+](=O)[O-],1.8315928526032947,296.17070281546745
Nc1nc(N[N+](=O)[O-])c(N)c2c1nnn2[N+](=O)[O-],1.833891524857838,110.0738785685914
Nc1nc(N[N+](=O)[O-])c(N[N+](=O)[O-])c2[nH]nnc12,1.8358149663972432,149.0185802546612
Nc1nc(N[N+](=O)[O-])c(N[N+](=O)[O-])c2nn[nH]c12,1.8374145504603785,146.60896935626454
Nc1nc(N[N+](=O)[O-])c([N+](=O)[O-])c2nc([N+](=O)[O-])nn12,1.847631064407028,152.28836731236166
Nc1nc(N[N+](=O)[O-])c([N+](=O)[O-])c2nnn(N[N+](=O)[O-])c12,1.807884157095024,152.59319840258178
Nc1nc(N[N+](=O)[O-])c2[nH]nc([N+](=O)[O-])c2n1,1.849394601769436,161.3352940623555
Nc1nc(N[N+](=O)[O-])c2c([N+](=O)[O-])n[nH]c2n1,1.8389240054000109,160.83236371765634
Nc1nc(N[N+](=O)[O-])c2c(nnn2N[N+](=O)[O-])c1[N+](=O)[O-],1.8030287533466407,165.0945230126829
Nc1nc(N[N+](=O)[O-])c2c(nnn2[N+](=O)[O-])c1N,1.8338095662846403,117.44877230796412
Nc1nc(N[N+](=O)[O-])c2nc([N+](=O)[O-])[nH]c(=NN[N+](=O)[O-])c2n1,1.860888975322721,158.39939573477025
Nc1nc(N[N+](=O)[O-])c2nc([N+](=O)[O-])nc-2n1[N+](=O)[O-],1.881665744774892,140.97507676075784
Nc1nc(N[N+](=O)[O-])c2nn[nH]c2c1N[N+](=O)[O-],1.829322704969066,150.0974846771716
Nc1nc(N[N+](=O)[O-])c2nnn([N+](=O)[O-])c2c1N,1.8374700089743992,116.69487220418932
Nc1nc(N[N+](=O)[O-])n([N+](=O)[O-])c2nc(C=N[N+](=O)[O-])nc1-2,1.808005847680548,140.16713037154963
Nc1nc(N[N+](=O)[O-])n([N+](=O)[O-])c2nc(N[N+](=O)[O-])nc1-2,1.838322638436372,138.34237135683347
Nc1nc(N[N+](=O)[O-])n([N+](=O)[O-])c2nc([N+](=O)[O-])nc1-2,1.8823309577201213,160.98784421955455
Nc1nc(N[N+](=O)[O-])n([N+](=O)[O-])c2ncnc1-2,1.822038080925639,160.72750124133572
Nc1nc(N[N+](=O)[O-])n2c([N+](=O)[O-])c([N+](=O)[O-])nc2n1,1.854355355002732,154.11232706032916
Nc1nc(N[N+](=O)[O-])n2c([N+](=O)[O-])nnc2c1[N+](=O)[O-],1.855951576848263,172.11181423989382
Nc1nc(N[N+](=O)[O-])n2nc([N+](=O)[O-])nc2c1[N+](=O)[O-],1.872932330320208,167.49147114779726
Nc1nc(N[N+](=O)[O-])n2nc([N+](=O)[O-])nc2n1,1.842917741467056,151.33921492905543
Nc1nc([N+](=O)[O-])[nH]c2nc([N+](=O)[O-])nc1-2,1.8800170289512912,288.1954821331134
Nc1nc([N+](=O)[O-])c(C=N[N+](=O)[O-])c2c1nnn2[N+](=O)[O-],1.8145540376101528,145.28918839444657
Nc1nc([N+](=O)[O-])c(C=N[N+](=O)[O-])c2nc([N+](=O)[O-])nn12,1.8465013954450933,168.3462241831288
Nc1nc([N+](=O)[O-])c(C=N[N+](=O)[O-])c2nnc([N+](=O)[O-])n12,1.8310441965349904,174.19504026789815
Nc1nc([N+](=O)[O-])c(C=N[N+](=O)[O-])c2nnn([N+](=O)[O-])c12,1.8188339960080344,141.9291370382314
Nc1nc([N+](=O)[O-])c([N+](=O)[O-])c2c1nnn2N[N+](=O)[O-],1.86511293291342,168.21739030985907
Nc1nc([N+](=O)[O-])c([N+](=O)[O-])c2c1nnn2[N+](=O)[O-],1.883884229947233,171.791664971243
Nc1nc([N+](=O)[O-])c([N+](=O)[O-])c2nc(C=N[N+](=O)[O-])nn12,1.804304913768036,185.75917507388152
Nc1nc([N+](=O)[O-])c([N+](=O)[O-])c2nc([N+](=O)[O-])nn12,1.9150528909546032,236.87772824183503
Nc1nc([N+](=O)[O-])c([N+](=O)[O-])c2nnc(C=N[N+](=O)[O-])n12,1.8115368269161287,184.53536557149425
Nc1nc([N+](=O)[O-])c([N+](=O)[O-])c2nnc([N+](=O)[O-])n12,1.9023248727638145,236.7010572628321
Nc1nc([N+](=O)[O-])c([N+](=O)[O-])c2nnn(N[N+](=O)[O-])c12,1.86740141005652,172.11077056926334
Nc1nc([N+](=O)[O-])c([N+](=O)[O-])c2nnn([N+](=O)[O-])c12,1.874051587253434,175.5644418232355
Nc1nc([N+](=O)[O-])c2[nH]nc([N+](=O)[O-])c2n1,1.9106643293128376,269.49919989932965
Nc1nc([N+](=O)[O-])c2c(=O)[nH]c([N+](=O)[O-])nn12,1.89946170948064,255.6403772763311
Nc1nc([N+](=O)[O-])c2c(=O)n(C=N[N+](=O)[O-])c([N+](=O)[O-])nn12,1.8264536849197432,187.63560239031608
Nc1nc([N+](=O)[O-])c2c(=O)n(N[N+](=O)[O-])c([N+](=O)[O-])nn12,1.8805267845234508,164.32594546497836
Nc1nc([N+](=O)[O-])c2c(=O)n([N+](=O)[O-])c([N+](=O)[O-])nn12,1.9094242856160235,183.2861975149908
Nc1nc([N+](=O)[O-])c2c(C=N[N+](=O)[O-])n([N+](=O)[O-])nc2n1,1.837214480436525,162.50038718351357
Nc1nc([N+](=O)[O-])c2c(C=N[N+](=O)[O-])nn([N+](=O)[O-])c2n1,1.815162743607916,133.75929655395902
Nc1nc([N+](=O)[O-])c2c(N)n([N+](=O)[O-])nc2n1,1.838502968989133,217.11543017470723
Nc1nc([N+](=O)[O-])c2c([N+](=O)[O-])[nH]nc2n1,1.8794488141762813,255.09050487254703
Nc1nc([N+](=O)[O-])c2c([N+](=O)[O-])n([N+](=O)[O-])nc2n1,1.8772225922881645,158.87618807513553
Nc1nc([N+](=O)[O-])c2c([N+](=O)[O-])n[nH]c2n1,1.890877967938632,244.54697342930612
Nc1nc([N+](=O)[O-])c2c([N+](=O)[O-])nn(C=N[N+](=O)[O-])c2n1,1.828160462264541,171.02530026949546
Nc1nc([N+](=O)[O-])c2c([N+](=O)[O-])nn(N)c2n1,1.850920614726944,249.53570005209463
Nc1nc([N+](=O)[O-])c2c([N+](=O)[O-])nn([N+](=O)[O-])c2n1,1.876678238412277,178.5652789227709
Nc1nc([N+](=O)[O-])c2c(n1)c([N+](=O)[O-])nn2C=N[N+](=O)[O-],1.8286928495379904,182.38976370954373
Nc1nc([N+](=O)[O-])c2c(n1)c([N+](=O)[O-])nn2N,1.8487839073634127,266.83220363995963
Nc1nc([N+](=O)[O-])c2c(n1)c([N+](=O)[O-])nn2[N+](=O)[O-],1.8874687877472072,185.57364610554023
Nc1nc([N+](=O)[O-])c2c(n1)nc([N+](=O)[O-])n2N[N+](=O)[O-],1.85848047062646,177.6041639602762
Nc1nc([N+](=O)[O-])c2c(n1)nc([N+](=O)[O-])n2[N+](=O)[O-],1.876486845079014,184.39631957927068
Nc1nc([N+](=O)[O-])c2c(nnn2C=N[N+](=O)[O-])c1[N+](=O)[O-],1.8143546906438488,214.06312293876303
Nc1nc([N+](=O)[O-])c2c(nnn2N)c1[N+](=O)[O-],1.8437786499379665,308.6597411763745
Nc1nc([N+](=O)[O-])c2c(nnn2N[N+](=O)[O-])c1C=N[N+](=O)[O-],1.8176775739167808,145.45905569782053
Nc1nc([N+](=O)[O-])c2c(nnn2N[N+](=O)[O-])c1N,1.8053473096837864,191.8088118833815
Nc1nc([N+](=O)[O-])c2c(nnn2N[N+](=O)[O-])c1[N+](=O)[O-],1.884699694251179,207.48981778491608
Nc1nc([N+](=O)[O-])c2c(nnn2[N+](=O)[O-])c1C=N[N+](=O)[O-],1.806979612101021,142.39098110874386
Nc1nc([N+](=O)[O-])c2c(nnn2[N+](=O)[O-])c1N,1.851764133663797,199.75205033614657
Nc1nc([N+](=O)[O-])c2c(nnn2[N+](=O)[O-])c1[N+](=O)[O-],1.883514566775224,196.62496872338664
Nc1nc([N+](=O)[O-])c2nc(C=N[N+](=O)[O-])n([N+](=O)[O-])c(=O)n12,1.840934973055742,153.8175495568152
Nc1nc([N+](=O)[O-])c2nc(C=N[N+](=O)[O-])n([N+](=O)[O-])c2n1,1.8042286673494767,164.2422404382108
Nc1nc([N+](=O)[O-])c2nc(C=N[N+](=O)[O-])nc-2n1[N+](=O)[O-],1.8620162943476204,200.50542860460612
Nc1nc([N+](=O)[O-])c2nc(N)n(N[N+](=O)[O-])c(=NN[N+](=O)[O-])c2n1,1.8284566989424336,165.97316157332943
Nc1nc([N+](=O)[O-])c2nc(N)n([N+](=O)[O-])c(=NN[N+](=O)[O-])c2n1,1.8251260789537256,154.22388752411368
Nc1nc([N+](=O)[O-])c2nc(N)n([N+](=O)[O-])c(=N[N+](=O)[O-])c2n1,1.863423653561311,153.07532799528514
Nc1nc([N+](=O)[O-])c2nc(N[N+](=O)[O-])n([N+](=O)[O-])c(=O)n12,1.8753829169658296,115.6019640998018
Nc1nc([N+](=O)[O-])c2nc(N[N+](=O)[O-])nc-2n1[N+](=O)[O-],1.8704001466301623,157.97664967983837
Nc1nc([N+](=O)[O-])c2nc([N+](=O)[O-])[nH]c(=NN[N+](=O)[O-])c2n1,1.8819225025106,188.7011702874916
Nc1nc([N+](=O)[O-])c2nc([N+](=O)[O-])[nH]c(=N[N+](=O)[O-])c2n1,1.9242200676330303,187.87176920076595
Nc1nc([N+](=O)[O-])c2nc([N+](=O)[O-])n(C=N[N+](=O)[O-])c(=O)n12,1.8446263987614824,185.4302668985472
Nc1nc([N+](=O)[O-])c2nc([N+](=O)[O-])n(N)c(=NN[N+](=O)[O-])c2n1,1.822226545875828,200.21053220190643
Nc1nc([N+](=O)[O-])c2nc([N+](=O)[O-])n(N)c(=N[N+](=O)[O-])c2n1,1.8551703131663928,170.95437690519597
Nc1nc([N+](=O)[O-])c2nc([N+](=O)[O-])n(N[N+](=O)[O-])c(=NN[N+](=O)[O-])c2n1,1.8449460263510893,153.29283423908262
Nc1nc([N+](=O)[O-])c2nc([N+](=O)[O-])n(N[N+](=O)[O-])c(=O)n12,1.8954807715322144,152.297700898443
Nc1nc([N+](=O)[O-])c2nc([N+](=O)[O-])n(N[N+](=O)[O-])c2n1,1.8814380539526607,173.2974108650833
Nc1nc([N+](=O)[O-])c2nc([N+](=O)[O-])n([N+](=O)[O-])c(=NC=N[N+](=O)[O-])c2n1,1.855317816906422,136.87504971652118
Nc1nc([N+](=O)[O-])c2nc([N+](=O)[O-])n([N+](=O)[O-])c(=O)n12,1.92169052310304,190.7138032267124
Nc1nc([N+](=O)[O-])c2nc([N+](=O)[O-])n([N+](=O)[O-])c2n1,1.8961008656863765,196.8157490724318
Nc1nc([N+](=O)[O-])c2nc([N+](=O)[O-])nc-2[nH]1,1.890425876206018,278.0655538928336
Nc1nc([N+](=O)[O-])c2nc([N+](=O)[O-])nc-2n1C=N[N+](=O)[O-],1.8690158529522904,204.27013352298832
Nc1nc([N+](=O)[O-])c2nc([N+](=O)[O-])nc-2n1N,1.865371968280407,274.8410046725556
Nc1nc([N+](=O)[O-])c2nc([N+](=O)[O-])nc-2n1N[N+](=O)[O-],1.9176136354178404,182.9793847716749
Nc1nc([N+](=O)[O-])c2nc([N+](=O)[O-])nc-2n1[N+](=O)[O-],1.939711973305494,226.12696129765453
Nc1nc([N+](=O)[O-])c2nn[nH]c2c1[N+](=O)[O-],1.8865748355463,303.14128647920984
Nc1nc([N+](=O)[O-])c2nnn(C=N[N+](=O)[O-])c2c1[N+](=O)[O-],1.816384493948736,211.46315444398164
Nc1nc([N+](=O)[O-])c2nnn(N)c2c1[N+](=O)[O-],1.8468687086800684,301.38618917632215
Nc1nc([N+](=O)[O-])c2nnn(N[N+](=O)[O-])c2c1[N+](=O)[O-],1.880596957258597,200.5888429889196
Nc1nc([N+](=O)[O-])c2nnn([N+](=O)[O-])c2c1C=N[N+](=O)[O-],1.8390198828310296,153.08466158136645
Nc1nc([N+](=O)[O-])c2nnn([N+](=O)[O-])c2c1N,1.8518853542619145,197.99332660809355
Nc1nc([N+](=O)[O-])c2nnn([N+](=O)[O-])c2c1[N+](=O)[O-],1.8838191909206856,191.0369712135792
Nc1nc([N+](=O)[O-])c2oc(N[N+](=O)[O-])nn12,1.8398347325360584,157.5706750156075
Nc1nc([N+](=O)[O-])c2oc([N+](=O)[O-])nn12,1.9161539991433456,261.74614853821424
Nc1nc([N+](=O)[O-])cc2nnc([N+](=O)[O-])n12,1.8215630321158391,257.4162707899263
Nc1nc([N+](=O)[O-])n(C=N[N+](=O)[O-])c2nc([N+](=O)[O-])nc1-2,1.8435585512200008,206.0744352722453
Nc1nc([N+](=O)[O-])n(N[N+](=O)[O-])c2nc([N+](=O)[O-])nc1-2,1.9001959744218144,183.6953824572369
Nc1nc([N+](=O)[O-])n([N+](=O)[O-])c2nc(C=N[N+](=O)[O-])nc1-2,1.8373517890651112,194.35995244588185
Nc1nc([N+](=O)[O-])n([N+](=O)[O-])c2nc(N[N+](=O)[O-])nc1-2,1.8743867605803484,140.05983046192114
Nc1nc([N+](=O)[O-])n([N+](=O)[O-])c2nc([N+](=O)[O-])nc1-2,1.9072071742530257,206.10587089585536
Nc1nc([N+](=O)[O-])n2c(=O)n(N[N+](=O)[O-])c([N+](=O)[O-])nc12,1.8838071158596148,154.9404863111148
Nc1nc([N+](=O)[O-])n2c(=O)n([N+](=O)[O-])c([N+](=O)[O-])nc12,1.894309490608326,167.77859947036134
Nc1nc([N+](=O)[O-])n2c(C=N[N+](=O)[O-])c([N+](=O)[O-])nc2n1,1.8238728756095168,206.94058281287784
Nc1nc([N+](=O)[O-])n2c(C=N[N+](=O)[O-])nnc2c1[N+](=O)[O-],1.8074730627254472,209.37071703183688
Nc1nc([N+](=O)[O-])n2c(N)c([N+](=O)[O-])nc2n1,1.8402080833015688,286.6883292655751
Nc1nc([N+](=O)[O-])n2c(N)nnc2c1[N+](=O)[O-],1.8373330980274647,302.3474560655542
Nc1nc([N+](=O)[O-])n2c(N[N+](=O)[O-])nnc2c1[N+](=O)[O-],1.8341370028957789,181.7688523450296
Nc1nc([N+](=O)[O-])n2c([N+](=O)[O-])c(C=N[N+](=O)[O-])nc2n1,1.8239778635656552,210.27474387139608
Nc1nc([N+](=O)[O-])n2c([N+](=O)[O-])c(N)nc2n1,1.8456419330892813,295.83272527446456
Nc1nc([N+](=O)[O-])n2c([N+](=O)[O-])c([N+](=O)[O-])nc2n1,1.8981841752499016,243.42992548745636
Nc1nc([N+](=O)[O-])n2c([N+](=O)[O-])nnc2c1C=N[N+](=O)[O-],1.826402022457856,176.94049512746454
Nc1nc([N+](=O)[O-])n2c([N+](=O)[O-])nnc2c1N,1.8252604591992367,248.79022445104343
Nc1nc([N+](=O)[O-])n2c([N+](=O)[O-])nnc2c1[N+](=O)[O-],1.9058444638429963,254.5380810904021
Nc1nc([N+](=O)[O-])n2nc(N[N+](=O)[O-])n([N+](=O)[O-])c(=O)c12,1.85908523596058,128.78960123208955
Nc1nc([N+](=O)[O-])n2nc(N[N+](=O)[O-])nc2c1[N+](=O)[O-],1.8503764777683216,165.90966940813928
Nc1nc([N+](=O)[O-])n2nc(N[N+](=O)[O-])oc12,1.827708225920418,156.53180659114304
Nc1nc([N+](=O)[O-])n2nc([N+](=O)[O-])n(N[N+](=O)[O-])c(=O)c12,1.8838891828914448,165.97316157332943
Nc1nc([N+](=O)[O-])n2nc([N+](=O)[O-])n([N+](=O)[O-])c(=O)c12,1.907159307843272,184.61970472725247
Nc1nc([N+](=O)[O-])n2nc([N+](=O)[O-])nc2c1C=N[N+](=O)[O-],1.858410948643108,179.52252966172873
Nc1nc([N+](=O)[O-])n2nc([N+](=O)[O-])nc2c1N,1.8611977932019683,254.39460775488692
Nc1nc([N+](=O)[O-])n2nc([N+](=O)[O-])nc2c1[N+](=O)[O-],1.9067132536411928,257.5627905042318
Nc1nc([N+](=O)[O-])n2nc([N+](=O)[O-])nc2n1,1.8723701530757333,256.8415649700964
Nc1nc([N+](=O)[O-])n2nc([N+](=O)[O-])oc12,1.8631410465182203,238.3576763151229
Nc1nc([N+](=O)[O-])n[nH]1,1.8178,287.41487429973967
Nc1nc([N+](=O)[O-])nc2[nH]nc([N+](=O)[O-])c12,1.8576129461789743,242.38424678185257
Nc1nc([N+](=O)[O-])nc2c(=NC=N[N+](=O)[O-])n([N+](=O)[O-])c(C=N[N+](=O)[O-])nc12,1.831205799897228,141.0157006492222
Nc1nc([N+](=O)[O-])nc2c(=NC=N[N+](=O)[O-])n([N+](=O)[O-])c([N+](=O)[O-])nc12,1.8533524380291653,131.60822532946403
Nc1nc([N+](=O)[O-])nc2c(=NN[N+](=O)[O-])[nH]c([N+](=O)[O-])nc12,1.8963170960464537,189.91352583498505
Nc1nc([N+](=O)[O-])nc2c(=NN[N+](=O)[O-])n(C=N[N+](=O)[O-])c(C=N[N+](=O)[O-])nc12,1.7948656505338587,131.22873876161398
Nc1nc([N+](=O)[O-])nc2c(=NN[N+](=O)[O-])n(N)c([N+](=O)[O-])nc12,1.8509797608344647,195.6045098561824
Nc1nc([N+](=O)[O-])nc2c(=NN[N+](=O)[O-])n(N[N+](=O)[O-])c([N+](=O)[O-])nc12,1.8588074734030688,153.91721349651448
Nc1nc([N+](=O)[O-])nc2c(=NN[N+](=O)[O-])n([N+](=O)[O-])c(N)nc12,1.824060183667628,140.8009158756763
Nc1nc([N+](=O)[O-])nc2c(=N[N+](=O)[O-])[nH]c([N+](=O)[O-])nc12,1.9166202989568009,181.53306204866797
Nc1nc([N+](=O)[O-])nc2c(=N[N+](=O)[O-])n(C=N[N+](=O)[O-])c([N+](=O)[O-])nc12,1.856615669054292,130.47082250756498
Nc1nc([N+](=O)[O-])nc2c(=N[N+](=O)[O-])n(N)c([N+](=O)[O-])nc12,1.8478375334901915,156.85829054419014
Nc1nc([N+](=O)[O-])nc2c(=N[N+](=O)[O-])n([N+](=O)[O-])c(C=N[N+](=O)[O-])nc12,1.87261953562444,118.3567525454495
Nc1nc([N+](=O)[O-])nc2c(=N[N+](=O)[O-])n([N+](=O)[O-])c(N)nc12,1.8628481359050544,141.64327697364865
Nc1nc([N+](=O)[O-])nc2c([N+](=O)[O-])nn(C=N[N+](=O)[O-])c12,1.8147872598226351,167.9423897042414
Nc1nc([N+](=O)[O-])nc2c([N+](=O)[O-])nn(N)c12,1.8229079914630368,257.8013654360375
Nc1nc([N+](=O)[O-])nc2c([N+](=O)[O-])nn([N+](=O)[O-])c12,1.8738724858985063,175.8818299885728
Nc1nc([N+](=O)[O-])nc2c1c(C=N[N+](=O)[O-])nn2[N+](=O)[O-],1.8316558309158268,144.15157419621727
Nc1nc([N+](=O)[O-])nc2c1c([N+](=O)[O-])nn2C=N[N+](=O)[O-],1.8215300968444748,161.57465133428963
Nc1nc([N+](=O)[O-])nc2c1c([N+](=O)[O-])nn2N,1.828977914976748,237.00750174894773
Nc1nc([N+](=O)[O-])nc2c1c([N+](=O)[O-])nn2[N+](=O)[O-],1.9024904890954504,190.308872233112
Nc1nc([N+](=O)[O-])nc2c1nc(C=N[N+](=O)[O-])n2[N+](=O)[O-],1.8255425239491656,165.84747852848204
Nc1nc([N+](=O)[O-])nc2c1nc(N[N+](=O)[O-])n2[N+](=O)[O-],1.8453001076329147,126.27374730571552
Nc1nc([N+](=O)[O-])nc2c1nc([N+](=O)[O-])n2N[N+](=O)[O-],1.8709517672344185,167.09606530007744
Nc1nc([N+](=O)[O-])nc2c1nc([N+](=O)[O-])n2[N+](=O)[O-],1.873927221354978,186.0635239618483
Nc1nc([N+](=O)[O-])nc2n[nH]c([N+](=O)[O-])c12,1.859368963742871,252.0131024772106
Nc1nc([N+](=O)[O-])nc2nc(C=N[N+](=O)[O-])c([N+](=O)[O-])n12,1.8233161936024165,201.05430687908716
Nc1nc([N+](=O)[O-])nc2nc([N+](=O)[O-])c([N+](=O)[O-])n12,1.9112591526056564,239.39933556769728
Nc1nc([N+](=O)[O-])nc2nc([N+](=O)[O-])n(N[N+](=O)[O-])c12,1.867972444755971,176.07660006585093
Nc1nc([N+](=O)[O-])nc2nc([N+](=O)[O-])n([N+](=O)[O-])c12,1.8625378357578315,179.56870217886137
Nc1nc([N+](=O)[O-])nc2nc([N+](=O)[O-])nn12,1.8859990286670243,250.1353243339157
Nc1nc([N+](=O)[O-])nc2nn(C=N[N+](=O)[O-])c([N+](=O)[O-])c12,1.8226041626808784,168.74013058000617
Nc1nc([N+](=O)[O-])nc2nn([N+](=O)[O-])c(C=N[N+](=O)[O-])c12,1.8408661018241843,151.52534499883575
Nc1nc([N+](=O)[O-])nc2nn([N+](=O)[O-])c([N+](=O)[O-])c12,1.9085273327262875,173.7952747833675
Nc1nc2[nH]c(=O)c([N+](=O)[O-])c([N+](=O)[O-])n2n1,1.903280321009278,252.74200072442645
Nc1nc2[nH]c(=O)n(N[N+](=O)[O-])c(=NN[N+](=O)[O-])c2n1[N+](=O)[O-],1.8512947970086355,166.53313049963674
Nc1nc2[nH]c(=O)n(N[N+](=O)[O-])c2c(=NN[N+](=O)[O-])n1[N+](=O)[O-],1.833167816556881,162.06687414676105
Nc1nc2[nH]c(=O)n([N+](=O)[O-])c2c(=N[N+](=O)[O-])n1C=N[N+](=O)[O-],1.862424713404265,141.8410195305705
Nc1nc2[nH]c(N[N+](=O)[O-])nc2c(=NN[N+](=O)[O-])n1[N+](=O)[O-],1.8315188115102603,165.47606389424232
Nc1nc2[nH]c([N+](=O)[O-])c([N+](=O)[O-])c(=O)n2n1,1.9034274993734104,256.63352731249734
Nc1nc2[nH]c([N+](=O)[O-])nc2c(=NN[N+](=O)[O-])n1N[N+](=O)[O-],1.8247335671631624,183.79647318716516
Nc1nc2[nH]c([N+](=O)[O-])nc2c(=NN[N+](=O)[O-])n1[N+](=O)[O-],1.8403606122915648,172.99357720692143
Nc1nc2[nH]c([N+](=O)[O-])nc2c(=N[N+](=O)[O-])n1[N+](=O)[O-],1.8630394930854408,175.7308544447124
Nc1nc2[nH]nnc2c(N[N+](=O)[O-])c1N[N+](=O)[O-],1.8588858166885205,160.57589156848462
Nc1nc2[nH]nnc2c([N+](=O)[O-])c1N[N+](=O)[O-],1.8299770720510584,162.73406371657296
Nc1nc2c(=NC=N[N+](=O)[O-])[nH]c(=O)n([N+](=O)[O-])c2n1[N+](=O)[O-],1.85882139226089,171.03910578606303
Nc1nc2c(=NC=N[N+](=O)[O-])n(C=N[N+](=O)[O-])c(=O)n([N+](=O)[O-])c2n1[N+](=O)[O-],1.845030804848729,143.46431048054467
Nc1nc2c(=NC=N[N+](=O)[O-])n([N+](=O)[O-])c(=O)[nH]c2n1[N+](=O)[O-],1.8612977197552625,164.0917470966037
Nc1nc2c(=NC=N[N+](=O)[O-])n([N+](=O)[O-])c(=O)n(C=N[N+](=O)[O-])c2n1[N+](=O)[O-],1.8395645620828136,135.98416453974244
Nc1nc2c(=NC=N[N+](=O)[O-])n([N+](=O)[O-])c(=O)n([N+](=O)[O-])c2[nH]1,1.900212568592568,151.57271971884654
Nc1nc2c(=NC=N[N+](=O)[O-])n([N+](=O)[O-])c(=O)n([N+](=O)[O-])c2n1N,1.8491793475370504,131.14031740047838
Nc1nc2c(=NC=N[N+](=O)[O-])n([N+](=O)[O-])c([N+](=O)[O-])nc2n1C=N[N+](=O)[O-],1.809545381814225,141.06760674931212
Nc1nc2c(=NC=N[N+](=O)[O-])n([N+](=O)[O-])c([N+](=O)[O-])nc2n1[N+](=O)[O-],1.8376253217359595,141.99302553404073
Nc1nc2c(=NN[N+](=O)[O-])[nH]c(=O)n(N[N+](=O)[O-])c2n1[N+](=O)[O-],1.8378331284755889,148.67336307434823
Nc1nc2c(=NN[N+](=O)[O-])[nH]c(=O)n([N+](=O)[O-])c2n1[N+](=O)[O-],1.8770193769639725,142.38975248382445
Nc1nc2c(=NN[N+](=O)[O-])[nH]c(N[N+](=O)[O-])nc2n1[N+](=O)[O-],1.8179907662942003,166.90833669679984
Nc1nc2c(=NN[N+](=O)[O-])[nH]c([N+](=O)[O-])nc2n1N[N+](=O)[O-],1.8541158783424487,184.24336238231444
Nc1nc2c(=NN[N+](=O)[O-])[nH]c([N+](=O)[O-])nc2n1[N+](=O)[O-],1.8503034851087328,180.9632377009641
Nc1nc2c(=NN[N+](=O)[O-])n(N)c(=O)n(N[N+](=O)[O-])c2n1N[N+](=O)[O-],1.8195369525573304,155.96957858030652
Nc1nc2c(=NN[N+](=O)[O-])n(N)c(=O)n(N[N+](=O)[O-])c2n1[N+](=O)[O-],1.7953150308006631,148.74706735849222
Nc1nc2c(=NN[N+](=O)[O-])n(N)c(=O)n([N+](=O)[O-])c2n1[N+](=O)[O-],1.8347560124636169,135.52029918307227
Nc1nc2c(=NN[N+](=O)[O-])n(N)c([N+](=O)[O-])nc2n1N[N+](=O)[O-],1.8021081926279243,199.2325203440147
Nc1nc2c(=NN[N+](=O)[O-])n(N)c([N+](=O)[O-])nc2n1[N+](=O)[O-],1.7976213313123504,192.4866363248077
Nc1nc2c(=NN[N+](=O)[O-])n(N[N+](=O)[O-])c(=O)[nH]c2n1[N+](=O)[O-],1.837131943417288,169.02970954689874
Nc1nc2c(=NN[N+](=O)[O-])n(N[N+](=O)[O-])c(=O)n(C=N[N+](=O)[O-])c2n1[N+](=O)[O-],1.8028480612651048,129.9364235117041
Nc1nc2c(=NN[N+](=O)[O-])n(N[N+](=O)[O-])c(=O)n(N)c2n1N[N+](=O)[O-],1.785756173847855,153.36659136730916
Nc1nc2c(=NN[N+](=O)[O-])n(N[N+](=O)[O-])c(=O)n(N)c2n1[N+](=O)[O-],1.7937680491742296,158.80861370456796
Nc1nc2c(=NN[N+](=O)[O-])n(N[N+](=O)[O-])c(=O)n(N[N+](=O)[O-])c2[nH]1,1.833343700305715,182.84479089340653
Nc1nc2c(=NN[N+](=O)[O-])n(N[N+](=O)[O-])c(=O)n(N[N+](=O)[O-])c2n1C=N[N+](=O)[O-],1.790312774064046,148.89142418101258
Nc1nc2c(=NN[N+](=O)[O-])n(N[N+](=O)[O-])c(=O)n(N[N+](=O)[O-])c2n1N,1.8004767578797487,178.12614459673657
Nc1nc2c(=NN[N+](=O)[O-])n(N[N+](=O)[O-])c(=O)n(N[N+](=O)[O-])c2n1[N+](=O)[O-],1.8313719585220256,141.19744466015044
Nc1nc2c(=NN[N+](=O)[O-])n(N[N+](=O)[O-])c(=O)n([N+](=O)[O-])c2[nH]1,1.881350780906477,145.48711590565736
Nc1nc2c(=NN[N+](=O)[O-])n(N[N+](=O)[O-])c(=O)n([N+](=O)[O-])c2n1N,1.8320548502243323,139.23547598507952
Nc1nc2c(=NN[N+](=O)[O-])n(N[N+](=O)[O-])c([N+](=O)[O-])nc2[nH]1,1.8609244774483849,194.69124521044148
Nc1nc2c(=NN[N+](=O)[O-])n(N[N+](=O)[O-])c([N+](=O)[O-])nc2n1N,1.787135189205618,182.0848533531998
Nc1nc2c(=NN[N+](=O)[O-])n(N[N+](=O)[O-])c([N+](=O)[O-])nc2n1[N+](=O)[O-],1.8125594833607872,143.87422202892594
Nc1nc2c(=NN[N+](=O)[O-])n([N+](=O)[O-])c(=O)[nH]c2n1[N+](=O)[O-],1.8723195028944144,138.2540292618217
Nc1nc2c(=NN[N+](=O)[O-])n([N+](=O)[O-])c(=O)n(N)c2n1[N+](=O)[O-],1.8156111477470285,121.75331916271035
Nc1nc2c(=NN[N+](=O)[O-])n([N+](=O)[O-])c(N[N+](=O)[O-])nc2[nH]1,1.843821057263225,154.72183731403203
Nc1nc2c(=NN[N+](=O)[O-])n([N+](=O)[O-])c([N+](=O)[O-])nc2[nH]1,1.8942867866012825,179.8489937982449
Nc1nc2c(=NN[N+](=O)[O-])n([N+](=O)[O-])c([N+](=O)[O-])nc2n1N,1.823051662998055,165.490596016945
Nc1nc2c(=NN[N+](=O)[O-])n([N+](=O)[O-])c([N+](=O)[O-])nc2n1[N+](=O)[O-],1.838445594372607,125.94418518485956
Nc1nc2c(=N[N+](=O)[O-])[nH]c(=O)n(C=N[N+](=O)[O-])c2n1[N+](=O)[O-],1.8472215246111825,152.96399211885148
Nc1nc2c(=N[N+](=O)[O-])[nH]c(=O)n([N+](=O)[O-])c2n1C=N[N+](=O)[O-],1.8663624125112503,151.41865279615664
Nc1nc2c(=N[N+](=O)[O-])[nH]c(=O)n([N+](=O)[O-])c2n1[N+](=O)[O-],1.902285755350405,150.5359320301327
Nc1nc2c(=N[N+](=O)[O-])[nH]c([N+](=O)[O-])nc2n1[N+](=O)[O-],1.911222204364894,180.60188986445115
Nc1nc2c(=N[N+](=O)[O-])n(C=N[N+](=O)[O-])c(=O)[nH]c2n1[N+](=O)[O-],1.861017462649207,155.45325226067956
Nc1nc2c(=N[N+](=O)[O-])n(C=N[N+](=O)[O-])c(=O)n(C=N[N+](=O)[O-])c2n1[N+](=O)[O-],1.838033343110952,131.18145651874767
Nc1nc2c(=N[N+](=O)[O-])n(C=N[N+](=O)[O-])c(=O)n([N+](=O)[O-])c2[nH]1,1.8937996265775336,143.67087799925324
Nc1nc2c(=N[N+](=O)[O-])n(C=N[N+](=O)[O-])c(=O)n([N+](=O)[O-])c2n1N,1.832670967561974,124.1448838069144
Nc1nc2c(=N[N+](=O)[O-])n(C=N[N+](=O)[O-])c([N+](=O)[O-])nc2n1[N+](=O)[O-],1.8369534205084,136.0888750893257
Nc1nc2c(=N[N+](=O)[O-])n(N)c([N+](=O)[O-])nc2n1[N+](=O)[O-],1.836265792779146,166.88043502121064
Nc1nc2c(=N[N+](=O)[O-])n([N+](=O)[O-])c(=O)[nH]c2n1C=N[N+](=O)[O-],1.8837166252073367,144.62842598617544
Nc1nc2c(=N[N+](=O)[O-])n([N+](=O)[O-])c(=O)[nH]c2n1[N+](=O)[O-],1.9052423376689311,149.91933406385715
Nc1nc2c(=N[N+](=O)[O-])n([N+](=O)[O-])c(=O)n(C=N[N+](=O)[O-])c2[nH]1,1.9076141833474496,145.90599773705236
Nc1nc2c(=N[N+](=O)[O-])n([N+](=O)[O-])c(=O)n(C=N[N+](=O)[O-])c2n1N,1.837591410336904,120.83528533851889
Nc1nc2c(=N[N+](=O)[O-])n([N+](=O)[O-])c(=O)n(N)c2n1[N+](=O)[O-],1.845240780761006,121.14508377249916
Nc1nc2c(=N[N+](=O)[O-])n([N+](=O)[O-])c(=O)n([N+](=O)[O-])c2[nH]1,1.9618598767881423,134.3661579980238
Nc1nc2c(=N[N+](=O)[O-])n([N+](=O)[O-])c(C=N[N+](=O)[O-])nc2[nH]1,1.8457373405328927,151.65160272308094
Nc1nc2c(=N[N+](=O)[O-])n([N+](=O)[O-])c(C=N[N+](=O)[O-])nc2n1C=N[N+](=O)[O-],1.8013593580771343,126.2874867671799
Nc1nc2c(=N[N+](=O)[O-])n([N+](=O)[O-])c([N+](=O)[O-])nc2[nH]1,1.9305520272025585,177.05732678848392
Nc1nc2c(=N[N+](=O)[O-])n([N+](=O)[O-])c([N+](=O)[O-])nc2n1N,1.8549942125002945,143.42475668475203
Nc1nc2c(=N[N+](=O)[O-])n([N+](=O)[O-])c([N+](=O)[O-])nc2n1[N+](=O)[O-],1.8753608998634577,129.16201990389786
Nc1nc2c(=O)n(C=N[N+](=O)[O-])c(=O)n([N+](=O)[O-])c2n1[N+](=O)[O-],1.870485358962331,141.0071927519308
Nc1nc2c(=O)n(N[N+](=O)[O-])c(=O)n(N[N+](=O)[O-])c2n1[N+](=O)[O-],1.8559202684563845,132.66954588350416
Nc1nc2c(=O)n(N[N+](=O)[O-])c(=O)n([N+](=O)[O-])c2n1N,1.8603091554740472,131.85350113864436
Nc1nc2c(=O)n(N[N+](=O)[O-])c([N+](=O)[O-])nc2n1[N+](=O)[O-],1.842184416500695,134.49179480429896
Nc1nc2c(=O)n([N+](=O)[O-])c(=O)n(C=N[N+](=O)[O-])c2n1[N+](=O)[O-],1.8508044916845483,135.36899336369586
Nc1nc2c(=O)n([N+](=O)[O-])c(=O)n([N+](=O)[O-])c2[nH]1,1.9518329846837603,163.26275555151784
Nc1nc2c(=O)n([N+](=O)[O-])c(=O)n([N+](=O)[O-])c2n1N,1.8927077373725432,143.36060396852994
Nc1nc2c(=O)n([N+](=O)[O-])c([N+](=O)[O-])nc2n1C=N[N+](=O)[O-],1.850841078396536,143.7134042746896
Nc1nc2c(=O)n([N+](=O)[O-])c([N+](=O)[O-])nc2n1[N+](=O)[O-],1.876126437043634,156.1045225506217
Nc1nc2c(C=N[N+](=O)[O-])nc(N[N+](=O)[O-])n([N+](=O)[O-])c-2n1,1.804357552357615,137.95350496432985
Nc1nc2c(C=N[N+](=O)[O-])nc([N+](=O)[O-])n([N+](=O)[O-])c-2n1,1.836747457565521,188.77598429736923
Nc1nc2c(C=N[N+](=O)[O-])nc([N+](=O)[O-])nc2c(=NN[N+](=O)[O-])n1C=N[N+](=O)[O-],1.7965067742531933,129.79433898473363
Nc1nc2c(C=N[N+](=O)[O-])nc([N+](=O)[O-])nc2n1[N+](=O)[O-],1.8135887919348976,161.8902229842891
Nc1nc2c(N)nc(N[N+](=O)[O-])n([N+](=O)[O-])c-2n1,1.843931540456737,186.90732506107025
Nc1nc2c(N)nn([N+](=O)[O-])c(=O)n2c1[N+](=O)[O-],1.877811884190732,237.95086440245905
Nc1nc2c(N[N+](=O)[O-])nc([N+](=O)[O-])n([N+](=O)[O-])c-2n1,1.8732102736421057,141.68995150956562
Nc1nc2c(N[N+](=O)[O-])nn([N+](=O)[O-])c(=O)n2c1N,1.8293740059021792,126.73224898800638
Nc1nc2c([N+](=O)[O-])c(N[N+](=O)[O-])nc([N+](=O)[O-])n2n1,1.851017612897164,165.78294269266144
Nc1nc2c([N+](=O)[O-])c([N+](=O)[O-])nc([N+](=O)[O-])n2n1,1.890627645415112,229.9709521564006
Nc1nc2c([N+](=O)[O-])n[nH]c(=O)n2c1N[N+](=O)[O-],1.8916233318131863,172.7296078035372
Nc1nc2c([N+](=O)[O-])n[nH]c(=O)n2c1[N+](=O)[O-],1.91896980215705,273.7862532985281
Nc1nc2c([N+](=O)[O-])nc(C=N[N+](=O)[O-])n([N+](=O)[O-])c-2n1,1.850843609097958,190.30116360256923
Nc1nc2c([N+](=O)[O-])nc(N[N+](=O)[O-])n(C=N[N+](=O)[O-])c-2n1,1.8300222269950035,163.580533441964
Nc1nc2c([N+](=O)[O-])nc(N[N+](=O)[O-])n(N)c-2n1,1.842861089908079,206.39021829857492
Nc1nc2c([N+](=O)[O-])nc(N[N+](=O)[O-])n([N+](=O)[O-])c-2n1,1.8927683657480403,167.14406093805826
Nc1nc2c([N+](=O)[O-])nc(N[N+](=O)[O-])nc2c(=NN[N+](=O)[O-])[nH]1,1.868826664944552,155.3156660862366
Nc1nc2c([N+](=O)[O-])nc(N[N+](=O)[O-])nc2c(=NN[N+](=O)[O-])n1N,1.8187029418272485,140.97436336564334
Nc1nc2c([N+](=O)[O-])nc([N+](=O)[O-])n(C=N[N+](=O)[O-])c-2n1,1.8618964114059693,224.9198373143341
Nc1nc2c([N+](=O)[O-])nc([N+](=O)[O-])n(N[N+](=O)[O-])c-2n1,1.8874043994724543,192.56619309109465
Nc1nc2c([N+](=O)[O-])nc([N+](=O)[O-])n([N+](=O)[O-])c-2n1,1.9194907289683445,227.46152539156736
Nc1nc2c([N+](=O)[O-])nc([N+](=O)[O-])n2c(=O)n1N[N+](=O)[O-],1.8916733673955888,152.27581023724446
Nc1nc2c([N+](=O)[O-])nc([N+](=O)[O-])n2c(=O)n1[N+](=O)[O-],1.887805804870872,185.5572512289275
Nc1nc2c([N+](=O)[O-])nc([N+](=O)[O-])nc2c(=NC=N[N+](=O)[O-])n1C=N[N+](=O)[O-],1.8449908197662603,151.92865103689758
Nc1nc2c([N+](=O)[O-])nc([N+](=O)[O-])nc2c(=NC=N[N+](=O)[O-])n1[N+](=O)[O-],1.8513717303318664,137.80897639854118
Nc1nc2c([N+](=O)[O-])nc([N+](=O)[O-])nc2c(=NN[N+](=O)[O-])[nH]1,1.91936932760584,182.11801301500324
Nc1nc2c([N+](=O)[O-])nc([N+](=O)[O-])nc2c(=NN[N+](=O)[O-])n1C=N[N+](=O)[O-],1.8440237664471328,129.08301800047772
Nc1nc2c([N+](=O)[O-])nc([N+](=O)[O-])nc2c(=NN[N+](=O)[O-])n1N,1.844099940559937,165.5457190005605
Nc1nc2c([N+](=O)[O-])nc([N+](=O)[O-])nc2c(=N[N+](=O)[O-])[nH]1,1.9285639081653805,168.60675872114695
Nc1nc2c([N+](=O)[O-])nc([N+](=O)[O-])nc2c(=N[N+](=O)[O-])n1N,1.8683333589316355,134.1706745256312
Nc1nc2c([N+](=O)[O-])nc([N+](=O)[O-])nc2c(=N[N+](=O)[O-])n1[N+](=O)[O-],1.8855784260906765,115.0864436524338
Nc1nc2c([N+](=O)[O-])nc([N+](=O)[O-])nc2n1C=N[N+](=O)[O-],1.8194400628457423,172.48832172258983
Nc1nc2c([N+](=O)[O-])nc([N+](=O)[O-])nc2n1[N+](=O)[O-],1.857458645697983,187.63582037215664
Nc1nc2c([N+](=O)[O-])ncnc2c(=N[N+](=O)[O-])n1[N+](=O)[O-],1.8273601460162512,123.64478062063192
Nc1nc2c([N+](=O)[O-])nn(C=N[N+](=O)[O-])c(=O)n2c1[N+](=O)[O-],1.8417622955034936,200.1412007655939
Nc1nc2c([N+](=O)[O-])nn(N)c(=O)n2c1N[N+](=O)[O-],1.81836711774854,176.04580517674182
Nc1nc2c([N+](=O)[O-])nn(N)c(=O)n2c1[N+](=O)[O-],1.8497985740221528,279.4379229736819
Nc1nc2c([N+](=O)[O-])nn([N+](=O)[O-])c(=O)n2c1C=N[N+](=O)[O-],1.8511679004087576,149.59862332682917
Nc1nc2c([N+](=O)[O-])nn([N+](=O)[O-])c(=O)n2c1N,1.874986862193276,199.35315677897808
Nc1nc2c([N+](=O)[O-])nn([N+](=O)[O-])c(=O)n2c1[N+](=O)[O-],1.907533345513453,215.330789726916
Nc1nc2c([N+](=O)[O-])nn([N+](=O)[O-])c2c(=O)n1C=N[N+](=O)[O-],1.845672988411018,141.6199859442624
Nc1nc2c([N+](=O)[O-])nn([N+](=O)[O-])c2c(=O)n1N,1.86592875874614,205.7156635847569
Nc1nc2c([N+](=O)[O-])nn([N+](=O)[O-])c2c(=O)n1[N+](=O)[O-],1.902966007892657,136.18096911419894
Nc1nc2c([N+](=O)[O-])nnn2nc1[N+](=O)[O-],1.884751682088964,261.93794469089323
Nc1nc2c([n-]o[n+]2=O)n(N[N+](=O)[O-])c1=O,1.8411454912611809,184.2089476735503
Nc1nc2c([n-]o[n+]2=O)n([N+](=O)[O-])c1=O,1.8591690383305275,178.62030282373158
Nc1nc2c([nH]1)c(=NN[N+](=O)[O-])n(N[N+](=O)[O-])c(=O)n2N[N+](=O)[O-],1.8452610986781373,177.23876034042712
Nc1nc2c([nH]c(=O)n2N[N+](=O)[O-])c(=NN[N+](=O)[O-])n1[N+](=O)[O-],1.8417097292196696,155.7440730635122
Nc1nc2c(c(=NC=N[N+](=O)[O-])[nH]1)n([N+](=O)[O-])c(=O)n2[N+](=O)[O-],1.8908455749604296,150.32690726158532
Nc1nc2c(c(=NC=N[N+](=O)[O-])n(N[N+](=O)[O-])c(=O)n2N[N+](=O)[O-])n1[N+](=O)[O-],1.821026053426953,143.3130442942302
Nc1nc2c(c(=NC=N[N+](=O)[O-])n([N+](=O)[O-])c(=O)n2[N+](=O)[O-])n1N,1.836791057935736,129.8823375932088
Nc1nc2c(c(=NC=N[N+](=O)[O-])n1N)n([N+](=O)[O-])c(=O)n2[N+](=O)[O-],1.8322231780217773,139.60274235883867
Nc1nc2c(c(=NN[N+](=O)[O-])[nH]1)n(N[N+](=O)[O-])c(=O)n2N[N+](=O)[O-],1.8677427655254792,185.85101808936255
Nc1nc2c(c(=NN[N+](=O)[O-])[nH]c(=O)n2N[N+](=O)[O-])n1[N+](=O)[O-],1.863313821119593,157.6037686223077
Nc1nc2c(c(=NN[N+](=O)[O-])[nH]c(=O)n2[N+](=O)[O-])n1[N+](=O)[O-],1.853197884478032,138.17870002213914
Nc1nc2c(c(=NN[N+](=O)[O-])n(N)c(=O)n2N[N+](=O)[O-])n1[N+](=O)[O-],1.819495268289621,154.62321043945292
Nc1nc2c(c(=NN[N+](=O)[O-])n(N)c(=O)n2[N+](=O)[O-])n1[N+](=O)[O-],1.810691898017055,131.24859492563414
Nc1nc2c(c(=NN[N+](=O)[O-])n(N[N+](=O)[O-])c(=O)n2C=N[N+](=O)[O-])n1[N+](=O)[O-],1.8078824217569056,142.98066822597815
Nc1nc2c(c(=NN[N+](=O)[O-])n(N[N+](=O)[O-])c(=O)n2N)n1[N+](=O)[O-],1.7883571564637029,164.23721364485775
Nc1nc2c(c(=NN[N+](=O)[O-])n(N[N+](=O)[O-])c(=O)n2N[N+](=O)[O-])n1N,1.793428899030795,168.21634663922862
Nc1nc2c(c(=NN[N+](=O)[O-])n(N[N+](=O)[O-])c(=O)n2N[N+](=O)[O-])n1[N+](=O)[O-],1.838617537457798,150.90075436507368
Nc1nc2c(c(=NN[N+](=O)[O-])n(N[N+](=O)[O-])c(=O)n2[N+](=O)[O-])n1N,1.8190586861414364,137.82146081304484
Nc1nc2c(c(=NN[N+](=O)[O-])n([N+](=O)[O-])c(=O)n2N)n1[N+](=O)[O-],1.8136159065929915,127.8475894054386
Nc1nc2c(c(=NN[N+](=O)[O-])n1N)n(N[N+](=O)[O-])c(=O)n2N[N+](=O)[O-],1.826962717434354,177.55303731040397
Nc1nc2c(c(=NN[N+](=O)[O-])n1N[N+](=O)[O-])n(N[N+](=O)[O-])c(=O)n2N,1.8114931903930367,167.344551387273
Nc1nc2c(c(=NN[N+](=O)[O-])n1[N+](=O)[O-])n(N)c(=O)n2N[N+](=O)[O-],1.7889496659723645,152.9255744708338
Nc1nc2c(c(=NN[N+](=O)[O-])n1[N+](=O)[O-])n(N)c(=O)n2[N+](=O)[O-],1.8144827802886827,128.72329511950335
Nc1nc2c(c(=NN[N+](=O)[O-])n1[N+](=O)[O-])n(N[N+](=O)[O-])c(=O)n2N,1.79088120575632,154.26657893730803
Nc1nc2c(c(=N[N+](=O)[O-])[nH]1)n([N+](=O)[O-])c(=O)n2C=N[N+](=O)[O-],1.8769691967700608,138.2250707045814
Nc1nc2c(c(=N[N+](=O)[O-])[nH]c(=O)n2[N+](=O)[O-])n1[N+](=O)[O-],1.8820542797489344,145.65893844008582
Nc1nc2c(c(=N[N+](=O)[O-])n(C=N[N+](=O)[O-])c(=O)n2[N+](=O)[O-])n1N,1.82059529189204,124.00131964563236
Nc1nc2c(c(=N[N+](=O)[O-])n(N)c(=O)n2[N+](=O)[O-])n1[N+](=O)[O-],1.846425510555309,120.50209018698725
Nc1nc2c(c(=N[N+](=O)[O-])n([N+](=O)[O-])c(=O)n2N)n1[N+](=O)[O-],1.8504217050180216,122.73738166805468
Nc1nc2c(c(=N[N+](=O)[O-])n1[N+](=O)[O-])n(N)c(=O)n2[N+](=O)[O-],1.8534212369549683,129.3437374927848
Nc1nc2c(c(=N[N+](=O)[O-])n1[N+](=O)[O-])n([N+](=O)[O-])c(=O)n2N,1.8614435604629287,126.2427278292556
Nc1nc2c(c(=O)n(N[N+](=O)[O-])c(=O)n2N[N+](=O)[O-])n1[N+](=O)[O-],1.8626689260914948,140.92902314281093
Nc1nc2c(c(=O)n([N+](=O)[O-])c(=O)n2[N+](=O)[O-])n1[N+](=O)[O-],1.905224911981996,116.56861447994412
Nc1nc2c(c(=O)n1N)n([N+](=O)[O-])c(=O)n2[N+](=O)[O-],1.883881916163076,162.83086747030393
Nc1nc2c(c(=O)n1[N+](=O)[O-])n(N[N+](=O)[O-])c(=O)n2N[N+](=O)[O-],1.8652155347796453,145.63995420342786
Nc1nc2c(c(=O)nc(N[N+](=O)[O-])n2[N+](=O)[O-])n1[N+](=O)[O-],1.8235456559156435,109.64775709788628
Nc1nc2c(c(=O)nc([N+](=O)[O-])n2N[N+](=O)[O-])n1[N+](=O)[O-],1.85811337430875,137.16636593262774
Nc1nc2c(c(=O)nc([N+](=O)[O-])n2[N+](=O)[O-])n1C=N[N+](=O)[O-],1.8438893862016208,157.1699517320805
Nc1nc2c(c(=O)nc([N+](=O)[O-])n2[N+](=O)[O-])n1N[N+](=O)[O-],1.8887652660857333,121.91749251618896
Nc1nc2c(c(=O)nc([N+](=O)[O-])n2[N+](=O)[O-])n1[N+](=O)[O-],1.8819779610246203,155.43080673661422
Nc1nc2c(c([N+](=O)[O-])c(C=N[N+](=O)[O-])n2[N+](=O)[O-])c2nnnn12,1.831526042085752,175.68629367209763
Nc1nc2c(c([N+](=O)[O-])c([N+](=O)[O-])n2N[N+](=O)[O-])c2nnnn12,1.865058052845438,166.69253467466473
Nc1nc2c(c([N+](=O)[O-])c([N+](=O)[O-])n2[N+](=O)[O-])c2nnnn12,1.882670144016434,195.9973923989602
Nc1nc2c(c([N+](=O)[O-])nn2[N+](=O)[O-])c(=O)n1[N+](=O)[O-],1.8982069877155776,137.3512805885093
Nc1nc2c(c([N+](=O)[O-])nn2[N+](=O)[O-])n2c(=O)n(N[N+](=O)[O-])c(=O)n12,1.882319533410845,123.36197230181672
Nc1nc2c(c([N+](=O)[O-])nn2[N+](=O)[O-])n2c(=O)n([N+](=O)[O-])c(=O)n12,1.919850992392215,151.18110543405004
Nc1nc2c(nc(C=N[N+](=O)[O-])n2[N+](=O)[O-])c2nc([N+](=O)[O-])c([N+](=O)[O-])n12,1.853893971980611,179.76867079276087
Nc1nc2c(nc(N)n2[N+](=O)[O-])c(=NN[N+](=O)[O-])n1N[N+](=O)[O-],1.7898990405344148,158.25414716835675
Nc1nc2c(nc(N)n2[N+](=O)[O-])c(=NN[N+](=O)[O-])n1[N+](=O)[O-],1.8104098332671263,160.37031487632396
Nc1nc2c(nc(N)n2[N+](=O)[O-])c(=N[N+](=O)[O-])n1[N+](=O)[O-],1.8440724643730688,154.06750206730166
Nc1nc2c(nc(N)n3c([N+](=O)[O-])c([N+](=O)[O-])nc23)n1N[N+](=O)[O-],1.8349716643776548,177.89957559278082
Nc1nc2c(nc(N[N+](=O)[O-])n2[N+](=O)[O-])c(=NN[N+](=O)[O-])[nH]1,1.8315461069327408,158.30773767357812
Nc1nc2c(nc(N[N+](=O)[O-])n2[N+](=O)[O-])c(=NN[N+](=O)[O-])n1N,1.797162515144529,148.305185140165
Nc1nc2c(nc(N[N+](=O)[O-])n2[N+](=O)[O-])c2nc([N+](=O)[O-])c(N[N+](=O)[O-])n12,1.8259036188892177,129.9778004283449
Nc1nc2c(nc(N[N+](=O)[O-])n2[N+](=O)[O-])c2nc([N+](=O)[O-])c([N+](=O)[O-])n12,1.856829079489927,135.19187320999123
Nc1nc2c(nc(N[N+](=O)[O-])n3c(N[N+](=O)[O-])c([N+](=O)[O-])nc23)n1[N+](=O)[O-],1.8353510165208229,137.66487058541293
Nc1nc2c(nc(N[N+](=O)[O-])n3c([N+](=O)[O-])c([N+](=O)[O-])nc23)n1[N+](=O)[O-],1.842688749141236,140.3171415109034
Nc1nc2c(nc([N+](=O)[O-])n2C=N[N+](=O)[O-])c(=N[N+](=O)[O-])n1[N+](=O)[O-],1.8327061081588631,127.41235233049277
Nc1nc2c(nc([N+](=O)[O-])n2N)c(=NN[N+](=O)[O-])n1N[N+](=O)[O-],1.805035744185852,192.184771108721
Nc1nc2c(nc([N+](=O)[O-])n2N)c(=NN[N+](=O)[O-])n1[N+](=O)[O-],1.810190276842324,182.5476948557705
Nc1nc2c(nc([N+](=O)[O-])n2N)c(=N[N+](=O)[O-])n1[N+](=O)[O-],1.8399074359726268,170.73595249546406
Nc1nc2c(nc([N+](=O)[O-])n2N)c2nc([N+](=O)[O-])c([N+](=O)[O-])n12,1.848996052448337,260.43314606851715
Nc1nc2c(nc([N+](=O)[O-])n2N[N+](=O)[O-])c(=NN[N+](=O)[O-])[nH]1,1.8470251421808297,195.15195973868933
Nc1nc2c(nc([N+](=O)[O-])n2N[N+](=O)[O-])c(=NN[N+](=O)[O-])n1N,1.8153759009734085,188.15664504431112
Nc1nc2c(nc([N+](=O)[O-])n2N[N+](=O)[O-])c2nc([N+](=O)[O-])c(N[N+](=O)[O-])n12,1.842324075066316,147.03227687957357
Nc1nc2c(nc([N+](=O)[O-])n2N[N+](=O)[O-])c2nc([N+](=O)[O-])c([N+](=O)[O-])n12,1.891303812682212,178.41131108273578
Nc1nc2c(nc([N+](=O)[O-])n2[N+](=O)[O-])c(=NC=N[N+](=O)[O-])n1[N+](=O)[O-],1.8369913448768536,139.73584339177478
Nc1nc2c(nc([N+](=O)[O-])n2[N+](=O)[O-])c(=NN[N+](=O)[O-])[nH]1,1.8540342812980253,174.67572985935186
Nc1nc2c(nc([N+](=O)[O-])n2[N+](=O)[O-])c(=NN[N+](=O)[O-])n1N,1.8119645877622137,167.84077713899796
Nc1nc2c(nc([N+](=O)[O-])n2[N+](=O)[O-])c(=NN[N+](=O)[O-])n1N[N+](=O)[O-],1.8723201174933315,140.80587000841587
Nc1nc2c(nc([N+](=O)[O-])n2[N+](=O)[O-])c(=N[N+](=O)[O-])[nH]1,1.8917184861866565,161.45741673714076
Nc1nc2c(nc([N+](=O)[O-])n2[N+](=O)[O-])c(=N[N+](=O)[O-])n1N,1.8427176714432023,139.09401237607904
Nc1nc2c(nc([N+](=O)[O-])n2[N+](=O)[O-])c(=O)n1[N+](=O)[O-],1.88903370120086,153.96178748014984
Nc1nc2c(nc([N+](=O)[O-])n2[N+](=O)[O-])c2nc(N[N+](=O)[O-])c([N+](=O)[O-])n12,1.8404151669836488,128.50021382499625
Nc1nc2c(nc([N+](=O)[O-])n2[N+](=O)[O-])c2nc([N+](=O)[O-])c(N[N+](=O)[O-])n12,1.8437670448643024,133.62837533942837
Nc1nc2c(nc([N+](=O)[O-])n2[N+](=O)[O-])c2nc([N+](=O)[O-])c([N+](=O)[O-])n12,1.89349004948786,208.9818308228023
Nc1nc2c(nc([N+](=O)[O-])n3c(N[N+](=O)[O-])c([N+](=O)[O-])nc23)n1C=N[N+](=O)[O-],1.811099485557518,143.41648658583216
Nc1nc2c(nc([N+](=O)[O-])n3c(N[N+](=O)[O-])c([N+](=O)[O-])nc23)n1[N+](=O)[O-],1.837879621,136.37894946949226
Nc1nc2c(nc([N+](=O)[O-])n3c([N+](=O)[O-])c(N[N+](=O)[O-])nc23)n1[N+](=O)[O-],1.8476304136552333,139.17848364204366
Nc1nc2c(nc([N+](=O)[O-])n3c([N+](=O)[O-])c([N+](=O)[O-])nc23)[nH]1,1.9124214314630577,248.67837664756
Nc1nc2c(nc([N+](=O)[O-])n3c([N+](=O)[O-])c([N+](=O)[O-])nc23)n1C=N[N+](=O)[O-],1.859634976615208,188.0220379550222
Nc1nc2c(nc([N+](=O)[O-])n3c([N+](=O)[O-])c([N+](=O)[O-])nc23)n1N,1.848525305830955,244.200904138162
Nc1nc2c(nc([N+](=O)[O-])n3c([N+](=O)[O-])c([N+](=O)[O-])nc23)n1N[N+](=O)[O-],1.8816132146439453,169.86477816147843
Nc1nc2c(nc([N+](=O)[O-])n3c([N+](=O)[O-])c([N+](=O)[O-])nc23)n1[N+](=O)[O-],1.877984875709369,202.2099210929368
Nc1nc2c(nnn2N)c([N+](=O)[O-])c1[N+](=O)[O-],1.8423854988051167,278.2006101568242
Nc1nc2c(nnn2N[N+](=O)[O-])c([N+](=O)[O-])c1[N+](=O)[O-],1.856844408309969,186.3990046199505
Nc1nc2c(nnn2[N+](=O)[O-])c(=O)n1[N+](=O)[O-],1.875580853969913,128.2111963264808
Nc1nc2c(nnn2[N+](=O)[O-])c([N+](=O)[O-])c1[N+](=O)[O-],1.85095622531124,188.885067694784
Nc1nc2c3c(N[N+](=O)[O-])nn([N+](=O)[O-])c3nnn2c1[N+](=O)[O-],1.818590614836986,154.97430652395016
Nc1nc2c3c([N+](=O)[O-])nn([N+](=O)[O-])c3nnn2c1[N+](=O)[O-],1.845355168465284,239.99760984834683
Nc1nc2c3nc(N[N+](=O)[O-])n([N+](=O)[O-])c3nc(N[N+](=O)[O-])n2c1[N+](=O)[O-],1.8133669940316923,143.48005801714612
Nc1nc2c3nc(N[N+](=O)[O-])n([N+](=O)[O-])c3nc([N+](=O)[O-])n2c1[N+](=O)[O-],1.838105251184216,151.17095937019943
Nc1nc2c3nc([N+](=O)[O-])n(N[N+](=O)[O-])c3nc(N[N+](=O)[O-])n2c1[N+](=O)[O-],1.8367444207238144,159.4138898261561
Nc1nc2c3nc([N+](=O)[O-])n(N[N+](=O)[O-])c3nc([N+](=O)[O-])n2c1[N+](=O)[O-],1.8618537510105688,183.20976515508488
Nc1nc2c3nc([N+](=O)[O-])n([N+](=O)[O-])c3nc(N[N+](=O)[O-])n2c1[N+](=O)[O-],1.842278233217699,142.55726822552467
Nc1nc2c3nc([N+](=O)[O-])n([N+](=O)[O-])c3nc([N+](=O)[O-])n2c1C=N[N+](=O)[O-],1.83094918677303,175.34974952683407
Nc1nc2c3nc([N+](=O)[O-])n([N+](=O)[O-])c3nc([N+](=O)[O-])n2c1[N+](=O)[O-],1.8764692024748144,214.76161271922348
Nc1nc2cnc(N[N+](=O)[O-])n([N+](=O)[O-])c-2n1,1.827366761992826,145.68919167734873
Nc1nc2cnc([N+](=O)[O-])nc2c(=N[N+](=O)[O-])n1[N+](=O)[O-],1.8385416887208907,126.7530563455125
Nc1nc2n(C=N[N+](=O)[O-])nc([N+](=O)[O-])n2n1,1.7962212388270289,197.01909970761483
Nc1nc2n(N)c(=O)c([N+](=O)[O-])c([N+](=O)[O-])n2n1,1.856098899823905,247.7843934864415
Nc1nc2n(N)c([N+](=O)[O-])c([N+](=O)[O-])c(=O)n2n1,1.8505441909668496,261.6170566371976
Nc1nc2n(N[N+](=O)[O-])c(=O)c([N+](=O)[O-])c([N+](=O)[O-])n2n1,1.8526859235803472,145.03545753205742
Nc1nc2n(N[N+](=O)[O-])c([N+](=O)[O-])c([N+](=O)[O-])c(=O)n2n1,1.86006092981742,149.9495344570375
Nc1nc2n(N[N+](=O)[O-])c([N+](=O)[O-])nn2c(=O)c1N,1.860950507520155,189.8974017842953
Nc1nc2n(N[N+](=O)[O-])c([N+](=O)[O-])nn2c(=O)c1[N+](=O)[O-],1.877855520713824,184.4171533588181
Nc1nc2n([N+](=O)[O-])c(=O)c(C=N[N+](=O)[O-])c([N+](=O)[O-])n2n1,1.845960439939688,152.3508620454936
Nc1nc2n([N+](=O)[O-])c(=O)c([N+](=O)[O-])c(C=N[N+](=O)[O-])n2n1,1.819315841558796,159.37817383185904
Nc1nc2n([N+](=O)[O-])c(=O)c([N+](=O)[O-])c([N+](=O)[O-])n2n1,1.886072202,166.3187156346687
Nc1nc2n([N+](=O)[O-])c(=O)nc-2n([N+](=O)[O-])n1,1.9056075540370128,176.05651931447989
Nc1nc2n([N+](=O)[O-])c(C=N[N+](=O)[O-])c([N+](=O)[O-])c(=O)n2n1,1.8293194150572167,168.12528307396522
Nc1nc2n([N+](=O)[O-])c(N[N+](=O)[O-])nn2c(=O)c1N,1.827853452029168,151.14272741909429
Nc1nc2n([N+](=O)[O-])c(N[N+](=O)[O-])nn2c(=O)c1[N+](=O)[O-],1.8508079623607845,137.05888106871032
Nc1nc2n([N+](=O)[O-])c([N+](=O)[O-])c(C=N[N+](=O)[O-])c(=O)n2n1,1.837421527965728,151.02752731912378
Nc1nc2n([N+](=O)[O-])c([N+](=O)[O-])c(N)c(=O)n2n1,1.848369378470478,218.29952734905424
Nc1nc2n([N+](=O)[O-])c([N+](=O)[O-])c([N+](=O)[O-])c(=O)n2n1,1.8892955926451669,181.83174340878068
Nc1nc2n([N+](=O)[O-])c([N+](=O)[O-])nn2c(=O)c1C=N[N+](=O)[O-],1.863872853063728,166.53803178829372
Nc1nc2n([N+](=O)[O-])c([N+](=O)[O-])nn2c(=O)c1[N+](=O)[O-],1.9016498623887936,226.89590545118185
Nc1nc2n([N+](=O)[O-])nc(C=N[N+](=O)[O-])n2n1,1.807557949681719,157.06184595019306
Nc1nc2n([N+](=O)[O-])nc(N)n2n1,1.797686984937814,252.0926856655388
Nc1nc2n([N+](=O)[O-])nc(N[N+](=O)[O-])n2c(=O)c1[N+](=O)[O-],1.8664869591740936,129.4433882214634
Nc1nc2n([N+](=O)[O-])nc([N+](=O)[O-])c(=O)n2n1,1.8873708496021733,214.512796356512
Nc1nc2n([N+](=O)[O-])nc([N+](=O)[O-])n2c(=O)c1C=N[N+](=O)[O-],1.868730570596268,158.6645607355223
Nc1nc2n([N+](=O)[O-])nc([N+](=O)[O-])n2c(=O)c1N,1.879939589487776,207.38589989657112
Nc1nc2n([N+](=O)[O-])nc([N+](=O)[O-])n2c(=O)c1[N+](=O)[O-],1.8922899185677595,211.0081834069565
Nc1nc2n([N+](=O)[O-])nc([N+](=O)[O-])n2n1,1.8859299405182013,212.89396742875851
Nc1nc2nc(N[N+](=O)[O-])nc([N+](=O)[O-])n2c1[N+](=O)[O-],1.856115819370556,166.809115326292
Nc1nc2nc(N[N+](=O)[O-])nn2c([N+](=O)[O-])c1[N+](=O)[O-],1.8471291178563995,138.34288658663837
Nc1nc2nc([N+](=O)[O-])c(C=N[N+](=O)[O-])c([N+](=O)[O-])n2n1,1.8328704229869104,179.20827250828285
Nc1nc2nc([N+](=O)[O-])c(N)c([N+](=O)[O-])n2n1,1.839678045965155,290.6020346802322
Nc1nc2nc([N+](=O)[O-])c([N+](=O)[O-])c(C=N[N+](=O)[O-])n2n1,1.803737530509208,188.33751052236684
Nc1nc2nc([N+](=O)[O-])c([N+](=O)[O-])c(N)n2n1,1.835806036636511,274.3982241048249
Nc1nc2nc([N+](=O)[O-])c([N+](=O)[O-])c([N+](=O)[O-])n2n1,1.8780930812716008,226.24325130682772
Nc1nc2nc([N+](=O)[O-])n(N[N+](=O)[O-])c(=O)c2n1[N+](=O)[O-],1.8546451926213128,140.75080647439327
Nc1nc2nc([N+](=O)[O-])n(N[N+](=O)[O-])c(=O)n2n1,1.853638696512879,155.69252366097953
Nc1nc2nc([N+](=O)[O-])n(N[N+](=O)[O-])c2c(=O)n1[N+](=O)[O-],1.861517131568556,144.3874569697234
Nc1nc2nc([N+](=O)[O-])n([N+](=O)[O-])c(=O)c2n1[N+](=O)[O-],1.8785582964987328,149.82935380228614
Nc1nc2nc([N+](=O)[O-])n([N+](=O)[O-])c(=O)n2n1,1.895910882315334,184.1697637863356
Nc1nc2nc([N+](=O)[O-])n([N+](=O)[O-])c2c(=O)n1[N+](=O)[O-],1.889657266031258,153.79768018177444
Nc1nc2nc([N+](=O)[O-])nc(C=N[N+](=O)[O-])n2c1[N+](=O)[O-],1.8257303743004385,205.8015352189092
Nc1nc2nc([N+](=O)[O-])nc(N)n2c1[N+](=O)[O-],1.8408568105346768,292.4099975335837
Nc1nc2nc([N+](=O)[O-])nc(N[N+](=O)[O-])n2c1[N+](=O)[O-],1.8536576406206668,171.97878586757122
Nc1nc2nc([N+](=O)[O-])nc([N+](=O)[O-])c2n1[N+](=O)[O-],1.8749523361953035,190.8090678965389
Nc1nc2nc([N+](=O)[O-])nc([N+](=O)[O-])n2c1C=N[N+](=O)[O-],1.820942504127148,197.6807472542688
Nc1nc2nc([N+](=O)[O-])nc([N+](=O)[O-])n2c1[N+](=O)[O-],1.8917111471525323,255.3554948272756
Nc1nc2nc([N+](=O)[O-])nc([N+](=O)[O-])n2n1,1.8381807383923487,237.31384219827584
Nc1nc2nc([N+](=O)[O-])nn2c(=O)n1N[N+](=O)[O-],1.8809137649237628,141.4358639496192
Nc1nc2nc([N+](=O)[O-])nn2c(=O)n1[N+](=O)[O-],1.8871358920515728,182.02278797823865
Nc1nc2nc([N+](=O)[O-])nn2c(C=N[N+](=O)[O-])c1[N+](=O)[O-],1.8199511199214904,206.1514951556315
Nc1nc2nc([N+](=O)[O-])nn2c(N[N+](=O)[O-])c1[N+](=O)[O-],1.8447836999313028,165.8799644282329
Nc1nc2nc([N+](=O)[O-])nn2c([N+](=O)[O-])c1C=N[N+](=O)[O-],1.8602183032929949,194.9549966319852
Nc1nc2nc([N+](=O)[O-])nn2c([N+](=O)[O-])c1N,1.8719177721201,274.8747902064618
Nc1nc2nc([N+](=O)[O-])nn2c([N+](=O)[O-])c1[N+](=O)[O-],1.892900974502557,246.99490619582087
Nc1nc2nc3oc([N+](=O)[O-])nc3c([N+](=O)[O-])n2n1,1.8710329665971888,243.58262176675493
Nc1nc2nn([N+](=O)[O-])c(=O)nc2n1[N+](=O)[O-],1.87981522358932,154.6593425809001
Nc1nc2nn[nH]c2c(N[N+](=O)[O-])c1N[N+](=O)[O-],1.832107308049524,152.92436566244533
Nc1nc2nn[nH]c2c([N+](=O)[O-])c1N[N+](=O)[O-],1.84237009767932,167.76729744220484
Nc1nc2nnc(N)n2c([N+](=O)[O-])c1[N+](=O)[O-],1.825147842985956,278.21659714317474
Nc1nc2nnc(N[N+](=O)[O-])n2c([N+](=O)[O-])c1N,1.8098696008192696,180.0872677664866
Nc1nc2nnc([N+](=O)[O-])n2c(C=N[N+](=O)[O-])c1[N+](=O)[O-],1.8116798476993528,216.83124460699045
Nc1nc2nnc([N+](=O)[O-])n2c(N[N+](=O)[O-])c1[N+](=O)[O-],1.85468919067318,175.84265931237871
Nc1nc2nnc([N+](=O)[O-])n2c([N+](=O)[O-])c1C=N[N+](=O)[O-],1.860643388826148,193.5620728544004
Nc1nc2nnc([N+](=O)[O-])n2c([N+](=O)[O-])c1N,1.880387451333727,263.8731620812815
Nc1nc2nnc([N+](=O)[O-])n2c([N+](=O)[O-])c1[N+](=O)[O-],1.9044847179689184,245.8824259643569
Nc1nc2nnn(N[N+](=O)[O-])c2c(=O)n1[N+](=O)[O-],1.82888315828493,137.5213724792341
Nc1nc2nnn(N[N+](=O)[O-])c2c(N[N+](=O)[O-])c1[N+](=O)[O-],1.813392192587281,166.11860830505253
Nc1nc2nnn(N[N+](=O)[O-])c2c([N+](=O)[O-])c1[N+](=O)[O-],1.8545487005913777,190.2205961932034
Nc1nc2nnn([N+](=O)[O-])c2c(=O)n1[N+](=O)[O-],1.859833022077924,134.35062183775256
Nc1nc2nnn([N+](=O)[O-])c2c(N[N+](=O)[O-])c1N,1.8269535346034795,123.9960220263562
Nc1nc2nnn([N+](=O)[O-])c2c([N+](=O)[O-])c1[N+](=O)[O-],1.8552180349646377,192.04550052914655
Nc1nc2noc([N+](=O)[O-])c2n1N[N+](=O)[O-],1.8185355540046173,202.5279830203267
Nc1nc2noc([N+](=O)[O-])c2n1[N+](=O)[O-],1.836995068623232,213.70135234958963
Nc1nc2onc(N[N+](=O)[O-])n2c1[N+](=O)[O-],1.832127264437881,196.6594759092952
Nc1nc2onc([N+](=O)[O-])n2c1[N+](=O)[O-],1.9038387383544964,271.941444908615
Nc1ncc2nc([N+](=O)[O-])n(N[N+](=O)[O-])c(=NN[N+](=O)[O-])c2n1,1.829478560023788,157.06591494454983
Nc1ncc2nc([N+](=O)[O-])n([N+](=O)[O-])c(=NN[N+](=O)[O-])c2n1,1.8488784109850889,135.05194207938484
Nc1ncc2nc([N+](=O)[O-])n([N+](=O)[O-])c(=N[N+](=O)[O-])c2n1,1.8880200468226889,133.6740326267561
Nc1ncnc2c(=NN[N+](=O)[O-])n(N[N+](=O)[O-])c([N+](=O)[O-])nc12,1.8278372555400664,157.31325167294978
Nc1ncnc2c(=NN[N+](=O)[O-])n([N+](=O)[O-])c([N+](=O)[O-])nc12,1.8565340358569915,136.02879136746037
Nc1ncnc2c(=N[N+](=O)[O-])n([N+](=O)[O-])c([N+](=O)[O-])nc12,1.8966291676846725,132.0978785984212
Nc1ncnc2c([N+](=O)[O-])nn([N+](=O)[O-])c12,1.840130860755318,184.51444592031268
Nc1ncnc2c1c([N+](=O)[O-])nn2[N+](=O)[O-],1.836813870401412,184.7401033638444
Nc1nn(C=N[N+](=O)[O-])c(=O)c2c1c([N+](=O)[O-])nn2[N+](=O)[O-],1.84564536761264,151.58324890229568
Nc1nn(C=N[N+](=O)[O-])c(=O)c2nn([N+](=O)[O-])c([N+](=O)[O-])c12,1.8665665678102563,159.55872885092975
Nc1nn(C=N[N+](=O)[O-])c(=O)n2c([N+](=O)[O-])c([N+](=O)[O-])nc12,1.8622121706376888,179.90006760403458
Nc1nn(C=N[N+](=O)[O-])c(=O)n2nc([N+](=O)[O-])c([N+](=O)[O-])c12,1.8461493387244063,179.90145476120165
Nc1nn(C=N[N+](=O)[O-])c2c(=O)n([N+](=O)[O-])c([N+](=O)[O-])nc12,1.8674479749626856,140.0384153974656
Nc1nn(C=N[N+](=O)[O-])c2c(=O)n([N+](=O)[O-])nc([N+](=O)[O-])c12,1.869114658766384,156.76922184304323
Nc1nn(C=N[N+](=O)[O-])c2c([N+](=O)[O-])c([N+](=O)[O-])nn12,1.8235764581672376,190.59943542104213
Nc1nn(C=N[N+](=O)[O-])c2c([N+](=O)[O-])nc([N+](=O)[O-])nc12,1.8429982177722777,169.45692753231685
Nc1nn(C=N[N+](=O)[O-])c2c([N+](=O)[O-])nn(C=N[N+](=O)[O-])c12,1.7892140158123382,178.87407331918263
Nc1nn(C=N[N+](=O)[O-])c2c([N+](=O)[O-])nn([N+](=O)[O-])c12,1.8491522328789567,168.63601452635163
Nc1nn(C=N[N+](=O)[O-])c2c1c([N+](=O)[O-])nn2[N+](=O)[O-],1.826453793378376,160.91955645387253
Nc1nn(C=N[N+](=O)[O-])c2nc([N+](=O)[O-])nc([N+](=O)[O-])c12,1.8301536788574413,160.05640120941467
Nc1nn(C=N[N+](=O)[O-])c2nc([N+](=O)[O-])nn12,1.804926634801684,186.8459334481617
Nc1nn(C=N[N+](=O)[O-])c2nnc3[nH]nc(N[N+](=O)[O-])n1-n32,1.807476497248805,184.82142380138657
Nc1nn(C=N[N+](=O)[O-])c2nnc3n(C=N[N+](=O)[O-])nc([N+](=O)[O-])n1-n23,1.832601300967112,210.9852523778827
Nc1nn(C=N[N+](=O)[O-])c2nnc3n([N+](=O)[O-])nc(C=N[N+](=O)[O-])n1-n23,1.8166379256197167,172.01500388065256
Nc1nn(C=N[N+](=O)[O-])c2nnc3n([N+](=O)[O-])nc([N+](=O)[O-])n1-n23,1.845775807194509,212.01373694012503
Nc1nn(N)c(=O)c2c1c(N[N+](=O)[O-])nn2[N+](=O)[O-],1.8196479418911269,132.61910620670517
Nc1nn(N)c(=O)c2c1c([N+](=O)[O-])nn2[N+](=O)[O-],1.854936331743484,210.0382104551235
Nc1nn(N)c(=O)c2nn([N+](=O)[O-])c([N+](=O)[O-])c12,1.8621964079831168,211.5152488011157
Nc1nn(N)c(=O)n2c([N+](=O)[O-])c([N+](=O)[O-])nc12,1.8794618292121663,250.77495736605263
Nc1nn(N)c(=O)n2nc([N+](=O)[O-])c(N[N+](=O)[O-])c12,1.8312530878609432,149.76970604410187
Nc1nn(N)c(=O)n2nc([N+](=O)[O-])c([N+](=O)[O-])c12,1.8572342809404776,247.9741697979181
Nc1nn(N)c2c(=O)n([N+](=O)[O-])c(=O)n([N+](=O)[O-])c12,1.9036652045426967,149.0516870723821
Nc1nn(N)c2c(=O)n([N+](=O)[O-])nc([N+](=O)[O-])c12,1.8752424991897825,206.37568617587223
Nc1nn(N)c2c(N[N+](=O)[O-])c([N+](=O)[O-])nn12,1.805355769457112,160.14692312283188
Nc1nn(N)c2c([N+](=O)[O-])c(N[N+](=O)[O-])nn12,1.7870550021234155,188.03734292243223
Nc1nn(N)c2c([N+](=O)[O-])c([N+](=O)[O-])nn12,1.8383976556570976,270.519047343985
Nc1nn(N)c2c([N+](=O)[O-])nn([N+](=O)[O-])c12,1.854844286517476,231.91617586281183
Nc1nn(N)c2c1c(=O)n(N[N+](=O)[O-])c(=O)n2[N+](=O)[O-],1.8668317853192893,114.19450159400398
Nc1nn(N)c2c1c(=O)n([N+](=O)[O-])c(=O)n2[N+](=O)[O-],1.8995002484480104,139.02071763357486
Nc1nn(N)c2c1c([N+](=O)[O-])nn2[N+](=O)[O-],1.834476261497846,229.64465976315276
Nc1nn(N)c2nc([N+](=O)[O-])n([N+](=O)[O-])c(=O)c12,1.855213335090568,170.5764162102297
Nc1nn(N)c2nc([N+](=O)[O-])nc([N+](=O)[O-])c12,1.808480354197186,230.83382336391472
Nc1nn(N)c2nc3n([N+](=O)[O-])c(N[N+](=O)[O-])c([N+](=O)[O-])n3c(=O)c12,1.8535187774183504,137.6524390149918
Nc1nn(N)c2nc3n([N+](=O)[O-])c([N+](=O)[O-])c([N+](=O)[O-])n3c(=O)c12,1.8755034145063976,215.730148972562
Nc1nn(N)c2nnc3n([N+](=O)[O-])nc(N[N+](=O)[O-])n1-n23,1.8444723875035107,173.2107201476514
Nc1nn(N)c2nnc3n([N+](=O)[O-])nc([N+](=O)[O-])n1-n23,1.8683024482214088,269.9529039169066
Nc1nn([N+](=O)[O-])c(=O)c2[nH]nc([N+](=O)[O-])c12,1.8977544621484344,174.07516346662152
Nc1nn([N+](=O)[O-])c(=O)c2c1c(N)nn2[N+](=O)[O-],1.8444072400183311,153.8611062918614
Nc1nn([N+](=O)[O-])c(=O)c2c1c([N+](=O)[O-])nn2N,1.8451071235730432,182.02640779789368
Nc1nn([N+](=O)[O-])c(=O)c2c1c([N+](=O)[O-])nn2[N+](=O)[O-],1.907650372377785,132.49954646992384
Nc1nn([N+](=O)[O-])c(=O)c2n[nH]c([N+](=O)[O-])c12,1.8841721514633096,186.59823341669411
Nc1nn([N+](=O)[O-])c(=O)c2nn(C=N[N+](=O)[O-])c([N+](=O)[O-])c12,1.8368492279155653,141.77685360332777
Nc1nn([N+](=O)[O-])c(=O)c2nn([N+](=O)[O-])c(C=N[N+](=O)[O-])c12,1.833653747382796,132.70735582457246
Nc1nn([N+](=O)[O-])c(=O)c2nn([N+](=O)[O-])c([N+](=O)[O-])c12,1.9124484015096417,131.5987133946041
Nc1nn([N+](=O)[O-])c(=O)n2c(C=N[N+](=O)[O-])c([N+](=O)[O-])nc12,1.852849479197968,155.34800666476042
Nc1nn([N+](=O)[O-])c(=O)n2c([N+](=O)[O-])c(C=N[N+](=O)[O-])nc12,1.852532020781008,160.29628692217435
Nc1nn([N+](=O)[O-])c(=O)n2c([N+](=O)[O-])c([N+](=O)[O-])nc12,1.924978771919367,191.4236247601258
Nc1nn([N+](=O)[O-])c(=O)n2c([N+](=O)[O-])cnc12,1.886009223778468,208.9776924705872
Nc1nn([N+](=O)[O-])c(=O)n2nc([N+](=O)[O-])c(C=N[N+](=O)[O-])c12,1.8604876060771809,146.89147382160505
Nc1nn([N+](=O)[O-])c(=O)n2nc([N+](=O)[O-])c([N+](=O)[O-])c12,1.9033182453777315,174.45460379589937
Nc1nn([N+](=O)[O-])c2[nH]nc(N[N+](=O)[O-])c12,1.8213833884677493,150.98815847762012
Nc1nn([N+](=O)[O-])c2[nH]nc([N+](=O)[O-])c12,1.8899417891768533,208.64747310145444
Nc1nn([N+](=O)[O-])c2c(=O)[nH]c(=O)n([N+](=O)[O-])c12,1.90668556053706,150.36914289456763
Nc1nn([N+](=O)[O-])c2c(=O)[nH]c([N+](=O)[O-])nc12,1.9085350332891853,194.10782011699
Nc1nn([N+](=O)[O-])c2c(=O)[nH]n([N+](=O)[O-])c(=O)c12,1.8886340672934376,151.55325988544556
Nc1nn([N+](=O)[O-])c2c(=O)[nH]nc([N+](=O)[O-])c12,1.8827870624221337,194.35588345152507
Nc1nn([N+](=O)[O-])c2c(=O)n(C=N[N+](=O)[O-])n([N+](=O)[O-])c(=O)c12,1.8625189639557984,125.7690598952714
Nc1nn([N+](=O)[O-])c2c(=O)n(C=N[N+](=O)[O-])nc([N+](=O)[O-])c12,1.8410884058676744,142.41875067412667
Nc1nn([N+](=O)[O-])c2c(=O)n(N)c(=O)n(N[N+](=O)[O-])c12,1.8396932663265648,133.67112620221556
Nc1nn([N+](=O)[O-])c2c(=O)n(N)nc([N+](=O)[O-])c12,1.838365804972057,194.3805880601197
Nc1nn([N+](=O)[O-])c2c(=O)n([N+](=O)[O-])[nH]c(=O)c12,1.901760309429428,157.00725801291347
Nc1nn([N+](=O)[O-])c2c(=O)n([N+](=O)[O-])c([N+](=O)[O-])nc12,1.917310240470212,126.26959904523494
Nc1nn([N+](=O)[O-])c2c(=O)n([N+](=O)[O-])n(C=N[N+](=O)[O-])c(=O)c12,1.866141988417388,126.24949187182268
Nc1nn([N+](=O)[O-])c2c(=O)n([N+](=O)[O-])nc([N+](=O)[O-])c12,1.9061697312814871,134.41691473931814
Nc1nn([N+](=O)[O-])c2c(C=N[N+](=O)[O-])c([N+](=O)[O-])nn12,1.838884671069336,159.40888284933396
Nc1nn([N+](=O)[O-])c2c(C=N[N+](=O)[O-])nc([N+](=O)[O-])nc12,1.8392540088654483,138.6445206098639
Nc1nn([N+](=O)[O-])c2c(N)nc([N+](=O)[O-])nc12,1.8573047790515207,210.64907483844183
Nc1nn([N+](=O)[O-])c2c(N)nn([N+](=O)[O-])c12,1.8568112199684628,176.02712479355853
Nc1nn([N+](=O)[O-])c2c([N+](=O)[O-])c(C=N[N+](=O)[O-])nn12,1.819020617161473,180.12799073760578
Nc1nn([N+](=O)[O-])c2c([N+](=O)[O-])c([N+](=O)[O-])nn12,1.92168795624874,220.1198507635909
Nc1nn([N+](=O)[O-])c2c([N+](=O)[O-])cnn12,1.841786698695778,231.3853669618096
Nc1nn([N+](=O)[O-])c2c([N+](=O)[O-])n[nH]c12,1.8852829486232108,199.9250156238603
Nc1nn([N+](=O)[O-])c2c([N+](=O)[O-])nc([N+](=O)[O-])nc12,1.8865305482714136,164.98884805859302
Nc1nn([N+](=O)[O-])c2c([N+](=O)[O-])nn(C=N[N+](=O)[O-])c12,1.8224043818800448,150.65472552771695
Nc1nn([N+](=O)[O-])c2c([N+](=O)[O-])nn(N)c12,1.8492293831194524,220.76023847528185
Nc1nn([N+](=O)[O-])c2c([N+](=O)[O-])nn([N+](=O)[O-])c12,1.901358867878133,156.47215883295877
Nc1nn([N+](=O)[O-])c2c1c(=O)[nH]c(=O)n2[N+](=O)[O-],1.927569848646792,168.0865879945141
Nc1nn([N+](=O)[O-])c2c1c(=O)n(C=N[N+](=O)[O-])c(=O)n2[N+](=O)[O-],1.8883237309933367,128.69905289663112
Nc1nn([N+](=O)[O-])c2c1c(N)nn2[N+](=O)[O-],1.8596164663419488,183.66004297702804
Nc1nn([N+](=O)[O-])c2c1c([N+](=O)[O-])nn2N,1.8378727520292828,225.08122974796825
Nc1nn([N+](=O)[O-])c2c1c([N+](=O)[O-])nn2[N+](=O)[O-],1.8985662388588795,161.51863660678106
Nc1nn([N+](=O)[O-])c2c1cnn2[N+](=O)[O-],1.84458149688768,142.25256924551095
Nc1nn([N+](=O)[O-])c2cc([N+](=O)[O-])nn12,1.8464295235247068,205.73040047827948
Nc1nn([N+](=O)[O-])c2nc(C=N[N+](=O)[O-])nn12,1.8046797829543992,157.56669189288488
Nc1nn([N+](=O)[O-])c2nc(N[N+](=O)[O-])c([N+](=O)[O-])c(=O)n12,1.8531890270230549,118.01696509461908
Nc1nn([N+](=O)[O-])c2nc([N+](=O)[O-])c([N+](=O)[O-])c(=O)n12,1.9147761768305387,195.3397742136011
Nc1nn([N+](=O)[O-])c2nc([N+](=O)[O-])n(N[N+](=O)[O-])c(=O)c12,1.8806700583768168,102.55860452391052
Nc1nn([N+](=O)[O-])c2nc([N+](=O)[O-])n([N+](=O)[O-])c(=O)c12,1.9136067035505229,126.6366276206226
Nc1nn([N+](=O)[O-])c2nc([N+](=O)[O-])n3c(=O)n(N[N+](=O)[O-])c(=O)n3c12,1.8845177729718088,114.0597095504261
Nc1nn([N+](=O)[O-])c2nc([N+](=O)[O-])n3c(=O)n([N+](=O)[O-])c(=O)n3c12,1.9162565648566945,134.46024688701343
Nc1nn([N+](=O)[O-])c2nc([N+](=O)[O-])nc(C=N[N+](=O)[O-])c12,1.8219520370772888,141.78277214057394
Nc1nn([N+](=O)[O-])c2nc([N+](=O)[O-])nc([N+](=O)[O-])c12,1.8774849175670008,167.38611325820267
Nc1nn([N+](=O)[O-])c2nc([N+](=O)[O-])nn12,1.9149347795039475,216.08892726556076
Nc1nn([N+](=O)[O-])c2nc([N+](=O)[O-])nn2c1=O,1.89849881374242,208.70550250961043
Nc1nn([N+](=O)[O-])c2nc3c(c([N+](=O)[O-])nn3[N+](=O)[O-])c([N+](=O)[O-])c12,1.9029925802575889,159.05593061643697
Nc1nn([N+](=O)[O-])c2nc3n(N[N+](=O)[O-])c([N+](=O)[O-])c(N[N+](=O)[O-])n3c(=O)c12,1.829612831810668,130.31803705387702
Nc1nn([N+](=O)[O-])c2nc3n(N[N+](=O)[O-])c([N+](=O)[O-])c([N+](=O)[O-])n3c(=O)c12,1.857927548518615,122.36683896117712
Nc1nn([N+](=O)[O-])c2nc3n([N+](=O)[O-])c([N+](=O)[O-])c(N[N+](=O)[O-])n3c(=O)c12,1.852378551816198,109.1007812103773
Nc1nn([N+](=O)[O-])c2nc3n([N+](=O)[O-])c([N+](=O)[O-])c([N+](=O)[O-])n3c(=O)c12,1.898510021134432,158.5809151583476
Nc1nn([N+](=O)[O-])c2nnc([N+](=O)[O-])nc12,1.8699562977536088,182.7363085974309
Nc1nn([N+](=O)[O-])c2nnc3[nH]nc(N[N+](=O)[O-])n1-n32,1.876794289148918,182.7820913894547
Nc1nn([N+](=O)[O-])c2nnc3[nH]nc([N+](=O)[O-])n1-n32,1.9247276540325424,273.5824419290003
Nc1nn([N+](=O)[O-])c2nnc3n(C=N[N+](=O)[O-])nc([N+](=O)[O-])n1-n32,1.8554458703983787,203.39074853967568
Nc1nn([N+](=O)[O-])c2nnc3n(N)nc(N[N+](=O)[O-])n1-n32,1.8637590076526125,175.63932849372665
Nc1nn([N+](=O)[O-])c2nnc3n(N)nc([N+](=O)[O-])n1-n32,1.8910004177345827,275.08778901515507
Nc1nn([N+](=O)[O-])c2nnc3n([N+](=O)[O-])nc(C=N[N+](=O)[O-])n1-n23,1.8817104297314304,182.29254380866269
Nc1nn([N+](=O)[O-])c2nnc3n([N+](=O)[O-])nc(N)n1-n23,1.9056468160619329,235.78574986302496
Nc1nn([N+](=O)[O-])c2nnc3n([N+](=O)[O-])nc([N+](=O)[O-])n1-n23,1.9326748518611447,227.4732997137117
Nc1nn([N+](=O)[O-])c2nnc3n([N+](=O)[O-])ncn1-n32,1.8684548325998949,212.10466509242684
Nc1nn([N+](=O)[O-])c2nnn3c([N+](=O)[O-])c(N[N+](=O)[O-])nc3c12,1.8313127762616264,148.23130911275274
Nc1nn([N+](=O)[O-])c2nnn3c([N+](=O)[O-])c([N+](=O)[O-])nc3c12,1.8815789778689924,207.2298248987441
Nc1nn([N+](=O)[O-])c2nnnc([N+](=O)[O-])c12,1.862833493989684,180.98530010543092
Nc1nn2c(=O)[nH]nc(N[N+](=O)[O-])c2c1[N+](=O)[O-],1.8768531821862973,172.97887994646075
Nc1nn2c(=O)[nH]nc([N+](=O)[O-])c2c1N[N+](=O)[O-],1.905049787443589,146.36549024589112
Nc1nn2c(=O)[nH]nc([N+](=O)[O-])c2c1[N+](=O)[O-],1.9005442712432463,269.3623320741339
Nc1nn2c(=O)c([N+](=O)[O-])c([N+](=O)[O-])nc2[nH]1,1.9095529898597745,241.79907783367676
Nc1nn2c(=O)c([N+](=O)[O-])c([N+](=O)[O-])nc2n1C=N[N+](=O)[O-],1.8408669333403656,182.83052299111665
Nc1nn2c(=O)c([N+](=O)[O-])c([N+](=O)[O-])nc2n1N[N+](=O)[O-],1.882922997241376,146.92775128427922
Nc1nn2c(=O)c([N+](=O)[O-])c([N+](=O)[O-])nc2n1[N+](=O)[O-],1.871323563426198,183.59301025830663
Nc1nn2c(=O)n(N)nc(N[N+](=O)[O-])c2c1[N+](=O)[O-],1.8148925370017928,182.2816050835737
Nc1nn2c(=O)n(N)nc([N+](=O)[O-])c2c1N[N+](=O)[O-],1.8273484324839544,147.19543298446297
Nc1nn2c(=O)n([N+](=O)[O-])nc([N+](=O)[O-])c2c1C=N[N+](=O)[O-],1.8669402077987864,153.27977514518113
Nc1nn2c(=O)n([N+](=O)[O-])nc([N+](=O)[O-])c2c1N,1.8795981978659384,203.13705070483812
Nc1nn2c(=O)n([N+](=O)[O-])nc([N+](=O)[O-])c2c1[N+](=O)[O-],1.883443887899793,200.70659281587345
Nc1nn2c(=O)nc([N+](=O)[O-])nc2n1N[N+](=O)[O-],1.8876017580304985,138.3137959191917
Nc1nn2c(=O)nc([N+](=O)[O-])nc2n1[N+](=O)[O-],1.870913228267048,182.22433530910445
Nc1nn2c(C=N[N+](=O)[O-])nn([N+](=O)[O-])c2c1[N+](=O)[O-],1.8104633395257643,176.39294456055774
Nc1nn2c(N)nn([N+](=O)[O-])c2c1[N+](=O)[O-],1.866695778194292,265.3345821109678
Nc1nn2c(N)nnc2c(N[N+](=O)[O-])c1[N+](=O)[O-],1.7962750704615642,192.02841867946057
Nc1nn2c(N)nnc2c([N+](=O)[O-])c1[N+](=O)[O-],1.8099168887829848,279.5888720955011
Nc1nn2c(N[N+](=O)[O-])c([N+](=O)[O-])nnc2c1[N+](=O)[O-],1.8386942900166416,165.0377882845495
Nc1nn2c(N[N+](=O)[O-])n[nH]c2c1[N+](=O)[O-],1.846181840161241,214.130809603006
Nc1nn2c(N[N+](=O)[O-])nn(N)c2c1[N+](=O)[O-],1.7900914099953695,210.66799301999663
Nc1nn2c(N[N+](=O)[O-])nn([N+](=O)[O-])c2c1[N+](=O)[O-],1.875088017944404,143.6603488158041
Nc1nn2c(N[N+](=O)[O-])nnc2c([N+](=O)[O-])c1[N+](=O)[O-],1.822236162541232,155.6766175921304
Nc1nn2c([N+](=O)[O-])c(C=N[N+](=O)[O-])nnc2c1[N+](=O)[O-],1.80125715389256,221.21297684981897
Nc1nn2c([N+](=O)[O-])c(N)nnc2c1N[N+](=O)[O-],1.8105686167049224,181.692902187377
Nc1nn2c([N+](=O)[O-])c(N)nnc2c1[N+](=O)[O-],1.8299089961828048,322.4234184415767
Nc1nn2c([N+](=O)[O-])c(N[N+](=O)[O-])nnc2c1N,1.7894552278107387,185.2418381111757
Nc1nn2c([N+](=O)[O-])c(N[N+](=O)[O-])nnc2c1[N+](=O)[O-],1.8360134456944883,187.94028155379883
Nc1nn2c([N+](=O)[O-])c([N+](=O)[O-])nnc2c1C=N[N+](=O)[O-],1.8644671702162623,196.6904161196313
Nc1nn2c([N+](=O)[O-])c([N+](=O)[O-])nnc2c1N,1.863999785816484,265.52874076569697
Nc1nn2c([N+](=O)[O-])c([N+](=O)[O-])nnc2c1N[N+](=O)[O-],1.8926246580601445,127.57809779542735
Nc1nn2c([N+](=O)[O-])c([N+](=O)[O-])nnc2c1[N+](=O)[O-],1.903753562175205,257.6265134494388
Nc1nn2c([N+](=O)[O-])n[nH]c2c1N[N+](=O)[O-],1.845545296447836,149.05668083818358
Nc1nn2c([N+](=O)[O-])n[nH]c2c1[N+](=O)[O-],1.91650652585144,302.742779344395
Nc1nn2c([N+](=O)[O-])nc(N[N+](=O)[O-])c2c(=O)n1[N+](=O)[O-],1.861084779307034,132.75812577688745
Nc1nn2c([N+](=O)[O-])nc(N[N+](=O)[O-])c2o1,1.8496509618234915,154.03840479434467
Nc1nn2c([N+](=O)[O-])nc([N+](=O)[O-])c2c(=O)[nH]1,1.90194049537068,260.3683210351979
Nc1nn2c([N+](=O)[O-])nc([N+](=O)[O-])c2c(=O)n1C=N[N+](=O)[O-],1.844443682118809,180.88932204048996
Nc1nn2c([N+](=O)[O-])nc([N+](=O)[O-])c2c(=O)n1N,1.859319506606508,256.35577509898724
Nc1nn2c([N+](=O)[O-])nc([N+](=O)[O-])c2c(=O)n1N[N+](=O)[O-],1.8976867839618323,154.5566665284952
Nc1nn2c([N+](=O)[O-])nc([N+](=O)[O-])c2c(=O)n1[N+](=O)[O-],1.902457553824085,185.93305192201933
Nc1nn2c([N+](=O)[O-])nc([N+](=O)[O-])c2o1,1.913997407697213,252.89989388896885
Nc1nn2c([N+](=O)[O-])nn(C=N[N+](=O)[O-])c2c1[N+](=O)[O-],1.83437792567116,219.91127516974524
Nc1nn2c([N+](=O)[O-])nn(N)c2c1N[N+](=O)[O-],1.8072135935239304,152.96209633738982
Nc1nn2c([N+](=O)[O-])nn(N)c2c1[N+](=O)[O-],1.8606852177053668,310.6475572133253
Nc1nn2c([N+](=O)[O-])nn([N+](=O)[O-])c2c1C=N[N+](=O)[O-],1.838110782574468,160.40295270281217
Nc1nn2c([N+](=O)[O-])nn([N+](=O)[O-])c2c1N,1.8779801758353,236.58343954608472
Nc1nn2c([N+](=O)[O-])nn([N+](=O)[O-])c2c1[N+](=O)[O-],1.9236014195939668,247.91130185345315
Nc1nn2c([N+](=O)[O-])nnc2c(C=N[N+](=O)[O-])c1[N+](=O)[O-],1.817597169917314,197.95830419238
Nc1nn2c([N+](=O)[O-])nnc2c(N)c1N[N+](=O)[O-],1.7912437106585928,144.13245784935293
Nc1nn2c([N+](=O)[O-])nnc2c(N[N+](=O)[O-])c1N,1.7922746822650666,145.6778830436819
Nc1nn2c([N+](=O)[O-])nnc2c(N[N+](=O)[O-])c1[N+](=O)[O-],1.8568104246051589,151.30842003994633
Nc1nn2c([N+](=O)[O-])nnc2c([N+](=O)[O-])c1C=N[N+](=O)[O-],1.8491677063105088,200.79266261533533
Nc1nn2c([N+](=O)[O-])nnc2c([N+](=O)[O-])c1N,1.86728449165082,286.76757557287704
Nc1nn2c([N+](=O)[O-])nnc2c([N+](=O)[O-])c1N[N+](=O)[O-],1.873008757503154,133.89871245476047
Nc1nn2c([N+](=O)[O-])nnc2c([N+](=O)[O-])c1[N+](=O)[O-],1.89703129614064,250.396793551644
Nc1nn2cnn([N+](=O)[O-])c2c1[N+](=O)[O-],1.8156990353921287,221.3846408519998
Nc1nnc2[nH]c(=O)c([N+](=O)[O-])c([N+](=O)[O-])n12,1.933696532178112,255.4500857350496
Nc1nnc2c(C=N[N+](=O)[O-])c([N+](=O)[O-])c([N+](=O)[O-])nn12,1.8036540896680344,194.90248282494588
Nc1nnc2c(C=N[N+](=O)[O-])c([N+](=O)[O-])n([N+](=O)[O-])c(=O)n12,1.8479993899225715,138.8838118266948
Nc1nnc2c(C=N[N+](=O)[O-])c([N+](=O)[O-])nc([N+](=O)[O-])n12,1.820841854516304,184.80896580892417
Nc1nnc2c(C=N[N+](=O)[O-])c([N+](=O)[O-])nn2c1[N+](=O)[O-],1.8480162733163443,213.8872082906917
Nc1nnc2c(N)c([N+](=O)[O-])nn2c1[N+](=O)[O-],1.8554791671985176,314.75768408284034
Nc1nnc2c(N[N+](=O)[O-])c([N+](=O)[O-])[nH]c(=O)n12,1.8959625447772217,144.7809868525125
Nc1nnc2c(N[N+](=O)[O-])c([N+](=O)[O-])n(N)c(=O)n12,1.8283945882989607,160.0193310855022
Nc1nnc2c(N[N+](=O)[O-])c([N+](=O)[O-])nc(N)n12,1.8060527969345044,152.513707691398
Nc1nnc2c(N[N+](=O)[O-])c([N+](=O)[O-])ncn12,1.7969617943688814,130.9404875022956
Nc1nnc2c(N[N+](=O)[O-])c([N+](=O)[O-])nn2c1N,1.8120936535347392,161.86342442892322
Nc1nnc2c(N[N+](=O)[O-])c([N+](=O)[O-])nn2c1[N+](=O)[O-],1.8530339311787591,150.52566706709635
Nc1nnc2c([N+](=O)[O-])c(C=N[N+](=O)[O-])c([N+](=O)[O-])nn12,1.8160982716178995,202.7480654131488
Nc1nnc2c([N+](=O)[O-])c(C=N[N+](=O)[O-])n([N+](=O)[O-])c(=O)n12,1.8504734036327868,169.59851664601337
Nc1nnc2c([N+](=O)[O-])c(C=N[N+](=O)[O-])nc([N+](=O)[O-])n12,1.8011511898087302,200.51151227961032
Nc1nnc2c([N+](=O)[O-])c(C=N[N+](=O)[O-])nn2c1[N+](=O)[O-],1.818299511867693,228.77042047237893
Nc1nnc2c([N+](=O)[O-])c(N[N+](=O)[O-])[nH]c(=O)n12,1.854676464860315,192.05447081216036
Nc1nnc2c([N+](=O)[O-])c(N[N+](=O)[O-])n(N)c(=O)n12,1.8075101194248413,165.93195639995696
Nc1nnc2c([N+](=O)[O-])c(N[N+](=O)[O-])nn2c1[N+](=O)[O-],1.8508168198157613,181.62754066276648
Nc1nnc2c([N+](=O)[O-])c([N+](=O)[O-])[nH]c(=O)n12,1.896187632592276,258.21279129765946
Nc1nnc2c([N+](=O)[O-])c([N+](=O)[O-])c([N+](=O)[O-])nn12,1.878456815371708,240.99182667442963
Nc1nnc2c([N+](=O)[O-])c([N+](=O)[O-])n(N[N+](=O)[O-])c(=O)n12,1.866348891335081,149.21533198503514
Nc1nnc2c([N+](=O)[O-])c([N+](=O)[O-])n([N+](=O)[O-])c(=O)n12,1.9048086477509432,183.81969816144817
Nc1nnc2c([N+](=O)[O-])c([N+](=O)[O-])nc(C=N[N+](=O)[O-])n12,1.8068833008354728,180.61520657325508
Nc1nnc2c([N+](=O)[O-])c([N+](=O)[O-])nc(N)n12,1.8278896410595031,259.4259663412769
Nc1nnc2c([N+](=O)[O-])c([N+](=O)[O-])nc([N+](=O)[O-])n12,1.878345536814892,233.91430970688157
Nc1nnc2c([N+](=O)[O-])c([N+](=O)[O-])nn2c1C=N[N+](=O)[O-],1.8173286263435549,192.2427807003461
Nc1nnc2c([N+](=O)[O-])c([N+](=O)[O-])nn2c1N,1.8199417924791064,268.5829883702975
Nc1nnc2c([N+](=O)[O-])c([N+](=O)[O-])nn2c1[N+](=O)[O-],1.8908895007065407,260.34414342247345
Nc1nnc2c([N+](=O)[O-])cc([N+](=O)[O-])nn12,1.8022252194922568,283.1263226882319
Nc1nnc2c([N+](=O)[O-])cn([N+](=O)[O-])c(=O)n12,1.8304219332081808,200.71544419970144
Nc1nnc2c(n1)c(=O)n(N[N+](=O)[O-])c(=O)n2N[N+](=O)[O-],1.864210123257535,150.0003968864969
Nc1nnc2c(n1)c([N+](=O)[O-])nn2[N+](=O)[O-],1.843390801868596,204.345403313078
Nc1nnc2n(C=N[N+](=O)[O-])c(=O)c([N+](=O)[O-])c([N+](=O)[O-])n12,1.847870360302924,191.2723057297288
Nc1nnc2n(N)c(=O)c([N+](=O)[O-])c([N+](=O)[O-])n12,1.8687665427093387,260.6827881200186
Nc1nnc2n(N[N+](=O)[O-])c(=O)c([N+](=O)[O-])c(C=N[N+](=O)[O-])n12,1.8143013651495976,143.91759380968318
Nc1nnc2n(N[N+](=O)[O-])c(=O)c([N+](=O)[O-])c([N+](=O)[O-])n12,1.8833440698051311,158.81719426247287
Nc1nnc2n(N[N+](=O)[O-])c(=O)cc([N+](=O)[O-])n12,1.8471744174118545,182.52359134861496
Nc1nnc2n([N+](=O)[O-])c(=O)c(C=N[N+](=O)[O-])c([N+](=O)[O-])n12,1.8618566432407653,164.10598197134203
Nc1nnc2n([N+](=O)[O-])c(=O)c(N[N+](=O)[O-])c(N)n12,1.8258065484132424,121.34581202008536
Nc1nnc2n([N+](=O)[O-])c(=O)c([N+](=O)[O-])c(C=N[N+](=O)[O-])n12,1.8330713606798228,172.29758100660655
Nc1nnc2n([N+](=O)[O-])c(=O)c([N+](=O)[O-])c(N)n12,1.861460226939437,244.8411283634725
Nc1nnc2n([N+](=O)[O-])c(=O)c([N+](=O)[O-])c([N+](=O)[O-])n12,1.9055736426379573,183.78020381524843
Nc1nnc2n([N+](=O)[O-])c(=O)c([N+](=O)[O-])cn12,1.8400751130182773,190.8084205565276
Nc1nnc2n([N+](=O)[O-])c(=O)cc([N+](=O)[O-])n12,1.8354098734053248,201.10729628286944
Nc1nnc2n1c1nnc(N[N+](=O)[O-])n1c1nnc(N[N+](=O)[O-])n21,1.784818548970978,199.3962973668741
Nc1nnc2n1c1nnc(N[N+](=O)[O-])n1c1nnc([N+](=O)[O-])n21,1.8182170833070883,227.0098769262329
Nc1nnc2n1c1nnc([N+](=O)[O-])n1c1nnc(N[N+](=O)[O-])n21,1.8175913493040432,226.91736345145443
Nc1nnc2n1c1nnc([N+](=O)[O-])n1c1nnc([N+](=O)[O-])n21,1.8778100765468595,277.70870936298087
Nc1nnc2nc(C=N[N+](=O)[O-])c([N+](=O)[O-])c([N+](=O)[O-])n12,1.8114588090065744,195.8182443535875
Nc1nnc2nc([N+](=O)[O-])c(C=N[N+](=O)[O-])c([N+](=O)[O-])n12,1.8639195264285269,184.00574896510463
Nc1nnc2nc([N+](=O)[O-])c(N[N+](=O)[O-])c(N)n12,1.8037874214801,137.1301016809742
Nc1nnc2nc([N+](=O)[O-])c([N+](=O)[O-])c(C=N[N+](=O)[O-])n12,1.825707381070375,190.12450583458696
Nc1nnc2nc([N+](=O)[O-])c([N+](=O)[O-])c(N)n12,1.833267236969891,271.192639304674
Nc1nnc2nc([N+](=O)[O-])c([N+](=O)[O-])c([N+](=O)[O-])n12,1.911221951294752,245.72475738716537
Nc1nnc2nc([N+](=O)[O-])c([N+](=O)[O-])cn12,1.8167736073688168,253.9346297410397
Nc1nnc2nc([N+](=O)[O-])cc([N+](=O)[O-])n12,1.839479024374748,282.2142387774606
Nc1nnc2ncc([N+](=O)[O-])c([N+](=O)[O-])n12,1.810112909684563,271.6916889120605
Nc1nnc2nnc([N+](=O)[O-])n2n1,1.7911931327830288,274.0961450353417
Nc1nnc2nnc([N+](=O)[O-])nn12,1.792511628223927,272.159530785943
Nc1nnn2c([N+](=O)[O-])c(N[N+](=O)[O-])c3nc4c(=O)n(N[N+](=O)[O-])c(=O)n([N+](=O)[O-])c4nc3c12,1.8951039139375911,127.32138124237385
Nc1nnn2c([N+](=O)[O-])c(N[N+](=O)[O-])c3nc4c(=O)n([N+](=O)[O-])c(=O)n([N+](=O)[O-])c4nc3c12,1.917379943217951,117.7963014168889
Nc1nnn2c([N+](=O)[O-])c([N+](=O)[O-])c3nc4c(=O)n(N[N+](=O)[O-])c(=O)n([N+](=O)[O-])c4nc3c12,1.9230397123369,141.12704313116618
Nc1nnn2nc(N[N+](=O)[O-])c([N+](=O)[O-])nc12,1.8255279181866728,158.16158415225087
Nc1nnn2nc([N+](=O)[O-])c([N+](=O)[O-])nc12,1.8712689002754808,259.40729297644833
Nc1nnnc2c1c([N+](=O)[O-])nn2C=N[N+](=O)[O-],1.7947445745472514,202.97805607145
Nc1nnnc2c1c([N+](=O)[O-])nn2[N+](=O)[O-],1.8393027067913843,195.3988935309598
Nc1noc2c([N+](=O)[O-])n([N+](=O)[O-])nc12,1.885693139170851,201.30976177966969
Nc1noc2nc([N+](=O)[O-])c([N+](=O)[O-])n12,1.9089973201332429,262.8672758471362
Nc1nonc1C1=NOC(c2nonc2N[N+](=O)[O-])=NO1,1.7878689841593856,210.7937024868853
Nc1onc2nc([N+](=O)[O-])n(N[N+](=O)[O-])c12,1.8521934129307351,204.32778641705613
Nc1onc2nc([N+](=O)[O-])n([N+](=O)[O-])c12,1.8679346288461496,192.72636350531968
Nn1c(-c2nc([N+](=O)[O-])c([N+](=O)[O-])n2N)nc([N+](=O)[O-])c1[N+](=O)[O-],1.9493,254.63239291536505
Nn1c(=NC=N[N+](=O)[O-])c2c(nc(C=N[N+](=O)[O-])n2[N+](=O)[O-])n([N+](=O)[O-])c1=O,1.813889547722472,123.46655074119364
Nn1c(=NC=N[N+](=O)[O-])c2c(nc([N+](=O)[O-])n2N[N+](=O)[O-])n(N[N+](=O)[O-])c1=O,1.7873491057815376,151.97372703931725
Nn1c(=NC=N[N+](=O)[O-])c2c(nc([N+](=O)[O-])n2[N+](=O)[O-])n(N[N+](=O)[O-])c1=O,1.810338684404289,134.7040298508616
Nn1c(=NC=N[N+](=O)[O-])c2c(nc([N+](=O)[O-])n2[N+](=O)[O-])n([N+](=O)[O-])c1=O,1.847268125670226,145.39490298159842
Nn1c(=NC=N[N+](=O)[O-])c2nc([N+](=O)[O-])n(N[N+](=O)[O-])c2n(N[N+](=O)[O-])c1=O,1.7864811474995226,157.60792348829864
Nn1c(=NC=N[N+](=O)[O-])c2nc([N+](=O)[O-])n([N+](=O)[O-])c2n(C=N[N+](=O)[O-])c1=O,1.813330009638053,159.43696287370176
Nn1c(=NC=N[N+](=O)[O-])c2nc([N+](=O)[O-])n([N+](=O)[O-])c2n(N[N+](=O)[O-])c1=O,1.801796374059848,129.1289262971976
Nn1c(=NC=N[N+](=O)[O-])c2nc([N+](=O)[O-])n([N+](=O)[O-])c2n([N+](=O)[O-])c1=O,1.845106255903984,144.49306586871012
Nn1c(=NN[N+](=O)[O-])c2[nH]c([N+](=O)[O-])nc2n(N[N+](=O)[O-])c1=O,1.8765710089777363,192.147608507664
Nn1c(=NN[N+](=O)[O-])c2[nH]c([N+](=O)[O-])nc2n([N+](=O)[O-])c1=O,1.8788780325469725,158.63548327909626
Nn1c(=NN[N+](=O)[O-])c2c(nc(C=N[N+](=O)[O-])n2N)n([N+](=O)[O-])c1=O,1.787484389848986,127.708252770761
Nn1c(=NN[N+](=O)[O-])c2c(nc(C=N[N+](=O)[O-])n2[N+](=O)[O-])n(N)c1=O,1.785279570464324,137.3198383593889
Nn1c(=NN[N+](=O)[O-])c2c(nc(N[N+](=O)[O-])n2[N+](=O)[O-])n(N)c1=O,1.8038185491075915,147.03441706491708
Nn1c(=NN[N+](=O)[O-])c2c(nc([N+](=O)[O-])n2C=N[N+](=O)[O-])n(N[N+](=O)[O-])c1=O,1.7808596281249247,144.8614287571823
Nn1c(=NN[N+](=O)[O-])c2c(nc([N+](=O)[O-])n2C=N[N+](=O)[O-])n([N+](=O)[O-])c1=O,1.8199535783171576,129.45033721831945
Nn1c(=NN[N+](=O)[O-])c2c(nc([N+](=O)[O-])n2N)n(N[N+](=O)[O-])c1=O,1.8372736265440464,202.52834632339423
Nn1c(=NN[N+](=O)[O-])c2c(nc([N+](=O)[O-])n2N)n([N+](=O)[O-])c1=O,1.824587364926722,180.25069469729917
Nn1c(=NN[N+](=O)[O-])c2c(nc([N+](=O)[O-])n2N[N+](=O)[O-])n(C=N[N+](=O)[O-])c1=O,1.79584900880072,162.3965353502718
Nn1c(=NN[N+](=O)[O-])c2c(nc([N+](=O)[O-])n2N[N+](=O)[O-])n(N)c1=O,1.8397417111823584,206.8565541161046
Nn1c(=NN[N+](=O)[O-])c2c(nc([N+](=O)[O-])n2N[N+](=O)[O-])n(N[N+](=O)[O-])c1=O,1.8361368716181303,163.70998823320377
Nn1c(=NN[N+](=O)[O-])c2c(nc([N+](=O)[O-])n2N[N+](=O)[O-])n([N+](=O)[O-])c1=O,1.835039523328644,149.1233964924096
Nn1c(=NN[N+](=O)[O-])c2c(nc([N+](=O)[O-])n2[N+](=O)[O-])n(C=N[N+](=O)[O-])c1=O,1.8006890114233054,139.94393017785677
Nn1c(=NN[N+](=O)[O-])c2c(nc([N+](=O)[O-])n2[N+](=O)[O-])n(N)c1=O,1.8393302914368848,188.55838557642727
Nn1c(=NN[N+](=O)[O-])c2c(nc([N+](=O)[O-])n2[N+](=O)[O-])n(N[N+](=O)[O-])c1=O,1.861765068002164,153.225134363819
Nn1c(=NN[N+](=O)[O-])c2c(nc([N+](=O)[O-])n2[N+](=O)[O-])n([N+](=O)[O-])c1=O,1.878237439711292,130.05299755782104
Nn1c(=NN[N+](=O)[O-])c2nc(C=N[N+](=O)[O-])[nH]c2n([N+](=O)[O-])c1=O,1.820680395765576,122.18974522951372
Nn1c(=NN[N+](=O)[O-])c2nc(C=N[N+](=O)[O-])n(N)c2n([N+](=O)[O-])c1=O,1.7902678721902427,129.6539454684049
Nn1c(=NN[N+](=O)[O-])c2nc(C=N[N+](=O)[O-])n([N+](=O)[O-])c2n(N)c1=O,1.7855158656713903,138.5651355868452
Nn1c(=NN[N+](=O)[O-])c2nc(C=N[N+](=O)[O-])n([N+](=O)[O-])c2n(N[N+](=O)[O-])c1=O,1.7958709535973372,122.32608296250636
Nn1c(=NN[N+](=O)[O-])c2nc(N[N+](=O)[O-])n([N+](=O)[O-])c2n(N)c1=O,1.8063399230872768,147.50981564260496
Nn1c(=NN[N+](=O)[O-])c2nc([N+](=O)[O-])[nH]c2n(N[N+](=O)[O-])c1=O,1.8613530698106509,186.48465166675192
Nn1c(=NN[N+](=O)[O-])c2nc([N+](=O)[O-])[nH]c2n([N+](=O)[O-])c1=O,1.8657088769454395,172.46501087667264
Nn1c(=NN[N+](=O)[O-])c2nc([N+](=O)[O-])n(C=N[N+](=O)[O-])c2n(N[N+](=O)[O-])c1=O,1.7800588599656657,149.88519678652642
Nn1c(=NN[N+](=O)[O-])c2nc([N+](=O)[O-])n(C=N[N+](=O)[O-])c2n([N+](=O)[O-])c1=O,1.804820959940873,132.09297730976422
Nn1c(=NN[N+](=O)[O-])c2nc([N+](=O)[O-])n(N)c2n(N[N+](=O)[O-])c1=O,1.8445774839182816,205.32104379276507
Nn1c(=NN[N+](=O)[O-])c2nc([N+](=O)[O-])n(N)c2n([N+](=O)[O-])c1=O,1.823376207378997,179.16972275005875
Nn1c(=NN[N+](=O)[O-])c2nc([N+](=O)[O-])n(N[N+](=O)[O-])c2n(C=N[N+](=O)[O-])c1=O,1.7950318453115337,161.54368470191224
Nn1c(=NN[N+](=O)[O-])c2nc([N+](=O)[O-])n(N[N+](=O)[O-])c2n(N)c1=O,1.8401605784205888,208.5266550149573
Nn1c(=NN[N+](=O)[O-])c2nc([N+](=O)[O-])n(N[N+](=O)[O-])c2n(N[N+](=O)[O-])c1=O,1.8387014121335008,167.10797503518333
Nn1c(=NN[N+](=O)[O-])c2nc([N+](=O)[O-])n([N+](=O)[O-])c2n(C=N[N+](=O)[O-])c1=O,1.8071764283659035,134.63101253979082
Nn1c(=NN[N+](=O)[O-])c2nc([N+](=O)[O-])n([N+](=O)[O-])c2n(N)c1=O,1.8381117587021585,183.01971801768516
Nn1c(=NN[N+](=O)[O-])c2nc([N+](=O)[O-])n([N+](=O)[O-])c2n(N[N+](=O)[O-])c1=O,1.8588109802321824,147.52574813349537
Nn1c(=NN[N+](=O)[O-])c2nc([N+](=O)[O-])n([N+](=O)[O-])c2n([N+](=O)[O-])c1=O,1.8620864670827664,126.407786321117
Nn1c(=NN[N+](=O)[O-])c2ncn([N+](=O)[O-])c2n(N[N+](=O)[O-])c1=O,1.846760286200572,133.94155579469216
Nn1c(=N[N+](=O)[O-])c2[nH]c([N+](=O)[O-])nc2n([N+](=O)[O-])c1=O,1.879498090548257,146.89069437138735
Nn1c(=N[N+](=O)[O-])c2c(nc(C=N[N+](=O)[O-])n2[N+](=O)[O-])n(N)c1=O,1.7917595399141657,129.80568725146236
Nn1c(=N[N+](=O)[O-])c2c(nc([N+](=O)[O-])n2C=N[N+](=O)[O-])n([N+](=O)[O-])c1=O,1.849160475735017,127.85284739165286
Nn1c(=N[N+](=O)[O-])c2c(nc([N+](=O)[O-])n2N)n(N[N+](=O)[O-])c1=O,1.820209829912581,158.31781768232554
Nn1c(=N[N+](=O)[O-])c2c(nc([N+](=O)[O-])n2N)n([N+](=O)[O-])c1=O,1.8431132562283488,162.94497766107173
Nn1c(=N[N+](=O)[O-])c2c(nc([N+](=O)[O-])n2N[N+](=O)[O-])n(N)c1=O,1.8365356740093712,158.01947980874942
Nn1c(=N[N+](=O)[O-])c2c(nc([N+](=O)[O-])n2[N+](=O)[O-])n(C=N[N+](=O)[O-])c1=O,1.8432837170455647,133.6507548083905
Nn1c(=N[N+](=O)[O-])c2c(nc([N+](=O)[O-])n2[N+](=O)[O-])n(N)c1=O,1.8445594797853075,170.6703069339098
Nn1c(=N[N+](=O)[O-])c2nc(C=N[N+](=O)[O-])n([N+](=O)[O-])c2n(N)c1=O,1.795336939444403,131.26438209529752
Nn1c(=N[N+](=O)[O-])c2nc([N+](=O)[O-])[nH]c2n([N+](=O)[O-])c1=O,1.8913362779661689,161.36811023762235
Nn1c(=N[N+](=O)[O-])c2nc([N+](=O)[O-])n(N)c2n(N[N+](=O)[O-])c1=O,1.8136694490045069,159.9889193159916
Nn1c(=N[N+](=O)[O-])c2nc([N+](=O)[O-])n(N)c2n([N+](=O)[O-])c1=O,1.8540471155695235,162.90193615583044
Nn1c(=N[N+](=O)[O-])c2nc([N+](=O)[O-])n(N[N+](=O)[O-])c2n(N)c1=O,1.8383724571015088,151.0152807029916
Nn1c(=N[N+](=O)[O-])c2nc([N+](=O)[O-])n([N+](=O)[O-])c2n(C=N[N+](=O)[O-])c1=O,1.837245318840997,131.606032300038
Nn1c(=N[N+](=O)[O-])c2nc([N+](=O)[O-])n([N+](=O)[O-])c2n(N)c1=O,1.850170948659972,164.1855057100774
Nn1c(=O)[nH]c(=NN[N+](=O)[O-])c2c1nc([N+](=O)[O-])n2N[N+](=O)[O-],1.871033617348984,206.1272529327593
Nn1c(=O)[nH]c(=NN[N+](=O)[O-])c2c1nc([N+](=O)[O-])n2[N+](=O)[O-],1.8746891070945304,183.50419256655192
Nn1c(=O)[nH]c(=NN[N+](=O)[O-])c2nc(C=N[N+](=O)[O-])n([N+](=O)[O-])c21,1.8135214752770707,134.03948909068774
Nn1c(=O)[nH]c(=NN[N+](=O)[O-])c2nc(N[N+](=O)[O-])n([N+](=O)[O-])c21,1.834964939942448,141.78012993644617
Nn1c(=O)[nH]c(=NN[N+](=O)[O-])c2nc([N+](=O)[O-])n(N[N+](=O)[O-])c21,1.8687862460275533,203.10196223402144
Nn1c(=O)[nH]c(=NN[N+](=O)[O-])c2nc([N+](=O)[O-])n([N+](=O)[O-])c21,1.874959892146692,179.02129693318165
Nn1c(=O)[nH]c(=N[N+](=O)[O-])c2c1nc(C=N[N+](=O)[O-])n2[N+](=O)[O-],1.8518569019473547,132.67369414398476
Nn1c(=O)[nH]c(=N[N+](=O)[O-])c2c1nc([N+](=O)[O-])n2N[N+](=O)[O-],1.881818779905172,167.80882628558297
Nn1c(=O)[nH]c(=N[N+](=O)[O-])c2c1nc([N+](=O)[O-])n2[N+](=O)[O-],1.8987372419692563,177.83036966116438
Nn1c(=O)[nH]c(=N[N+](=O)[O-])c2nc(C=N[N+](=O)[O-])n([N+](=O)[O-])c21,1.8584722277704,136.29391012964018
Nn1c(=O)[nH]c(=N[N+](=O)[O-])c2nc([N+](=O)[O-])n(N[N+](=O)[O-])c21,1.8770873805264712,158.7930709387864
Nn1c(=O)[nH]c(=N[N+](=O)[O-])c2nc([N+](=O)[O-])n([N+](=O)[O-])c21,1.9007367853157109,171.45274944777475
Nn1c(=O)[nH]c(=O)c2c1c([N+](=O)[O-])nn2[N+](=O)[O-],1.9250716848144345,212.70435295228475
Nn1c(=O)[nH]c(=O)c2c1n([N+](=O)[O-])c(=O)n2[N+](=O)[O-],1.8999687174341129,154.5474056030274
Nn1c(=O)[nH]c2c(=NN[N+](=O)[O-])n(N[N+](=O)[O-])c([N+](=O)[O-])nc21,1.84170929538514,208.27311240961225
Nn1c(=O)[nH]c2c(=NN[N+](=O)[O-])n([N+](=O)[O-])c([N+](=O)[O-])nc21,1.878795893209388,183.3450460064264
Nn1c(=O)[nH]c2c(=N[N+](=O)[O-])n([N+](=O)[O-])c(C=N[N+](=O)[O-])nc21,1.846213473929017,131.19456185122135
Nn1c(=O)[nH]c2c(=N[N+](=O)[O-])n([N+](=O)[O-])c([N+](=O)[O-])nc21,1.9123455827261504,172.3180911161483
Nn1c(=O)[nH]c2c(=O)n(N[N+](=O)[O-])c(=O)n([N+](=O)[O-])c21,1.9175214817332,126.4725203222472
Nn1c(=O)[nH]c2c(=O)n([N+](=O)[O-])c(=O)n([N+](=O)[O-])c21,1.9351337536685824,145.50709096886325
Nn1c(=O)[nH]c2c(c1=O)n([N+](=O)[O-])c(=O)n2[N+](=O)[O-],1.9198351212790103,161.64208038363017
Nn1c(=O)[nH]c2c(nc(C=N[N+](=O)[O-])n2[N+](=O)[O-])c1=N[N+](=O)[O-],1.8385339881579923,128.14422966286264
Nn1c(=O)[nH]c2c(nc(N[N+](=O)[O-])n2[N+](=O)[O-])c1=NN[N+](=O)[O-],1.8415707214058432,147.9704971433012
Nn1c(=O)[nH]c2c(nc([N+](=O)[O-])n2N[N+](=O)[O-])c1=NN[N+](=O)[O-],1.8718418149245604,200.5329471605968
Nn1c(=O)[nH]c2c(nc([N+](=O)[O-])n2[N+](=O)[O-])c1=NN[N+](=O)[O-],1.8724904698519145,183.5051833930998
Nn1c(=O)[nH]c2c(nc([N+](=O)[O-])n2[N+](=O)[O-])c1=N[N+](=O)[O-],1.900544596619144,165.6018724437858
Nn1c(=O)[nH]c2c1c(=O)n(N[N+](=O)[O-])c(=O)n2[N+](=O)[O-],1.915951434570948,135.15654694080305
Nn1c(=O)[nH]c2c1c(=O)n([N+](=O)[O-])c(=O)n2[N+](=O)[O-],1.9400627646754705,162.95224372242308
Nn1c(=O)[nH]c2nc(C=N[N+](=O)[O-])n([N+](=O)[O-])c(=N[N+](=O)[O-])c21,1.856416358240865,140.69645633548515
Nn1c(=O)[nH]c2nc(C=N[N+](=O)[O-])n([N+](=O)[O-])c2c1=NN[N+](=O)[O-],1.8148759066781623,130.2077250315429
Nn1c(=O)[nH]c2nc([N+](=O)[O-])n(N[N+](=O)[O-])c(=NN[N+](=O)[O-])c21,1.8391278353231195,204.374500586035
Nn1c(=O)[nH]c2nc([N+](=O)[O-])n(N[N+](=O)[O-])c(=N[N+](=O)[O-])c21,1.875413249230017,144.03017812756718
Nn1c(=O)[nH]c2nc([N+](=O)[O-])n(N[N+](=O)[O-])c2c1=NN[N+](=O)[O-],1.8709131921141704,205.3672691539803
Nn1c(=O)[nH]c2nc([N+](=O)[O-])n(N[N+](=O)[O-])c2c1=N[N+](=O)[O-],1.8773917516017915,157.5292980989667
Nn1c(=O)[nH]c2nc([N+](=O)[O-])n([N+](=O)[O-])c(=NN[N+](=O)[O-])c21,1.8934893264303103,189.28917299959448
Nn1c(=O)[nH]c2nc([N+](=O)[O-])n([N+](=O)[O-])c(=N[N+](=O)[O-])c21,1.9440657558791448,183.4308449799652
Nn1c(=O)[nH]c2nc([N+](=O)[O-])n([N+](=O)[O-])c2c1=NN[N+](=O)[O-],1.873781163730047,184.35016027315865
Nn1c(=O)[nH]c2nc([N+](=O)[O-])n([N+](=O)[O-])c2c1=N[N+](=O)[O-],1.895708896188976,167.53574788346828
Nn1c(=O)c(C=N[N+](=O)[O-])c([N+](=O)[O-])n2c([N+](=O)[O-])nnc12,1.8525619553635435,196.35185729372037
Nn1c(=O)c(C=N[N+](=O)[O-])c([N+](=O)[O-])n2nc([N+](=O)[O-])nc12,1.858505596876293,199.7404510600257
Nn1c(=O)c([N+](=O)[O-])c(C=N[N+](=O)[O-])n2c([N+](=O)[O-])nnc12,1.8258674660117595,213.95814816876697
Nn1c(=O)c([N+](=O)[O-])c(N[N+](=O)[O-])c2n[nH]nc21,1.8723512812737004,158.29656115011767
Nn1c(=O)c([N+](=O)[O-])c(N[N+](=O)[O-])n2c([N+](=O)[O-])nnc12,1.8814480682997168,156.31866658966663
Nn1c(=O)c([N+](=O)[O-])c(N[N+](=O)[O-])n2nc([N+](=O)[O-])nc12,1.868518280899834,143.3715162715776
Nn1c(=O)c([N+](=O)[O-])c([N+](=O)[O-])c2n[nH]nc21,1.9098391037319784,250.36562957964583
Nn1c(=O)c([N+](=O)[O-])c([N+](=O)[O-])n2c([N+](=O)[O-])nnc12,1.896071003409596,240.6687792381262
Nn1c(=O)c([N+](=O)[O-])c([N+](=O)[O-])n2cnnc12,1.8369248958880853,257.17741182117686
Nn1c(=O)c([N+](=O)[O-])c([N+](=O)[O-])n2nc(N[N+](=O)[O-])nc12,1.8740646384421964,127.40350094666474
Nn1c(=O)c([N+](=O)[O-])c([N+](=O)[O-])n2nc([N+](=O)[O-])nc12,1.8856575285865549,232.69332075740064
Nn1c(=O)c([N+](=O)[O-])c([N+](=O)[O-])n2nnnc12,1.9040007032455089,251.66235813613787
Nn1c(=O)c([N+](=O)[O-])cn2nc([N+](=O)[O-])nc12,1.8366494109618543,263.7798279234514
Nn1c(=O)c([N+](=O)[O-])nc2c1[n-]o[n+]2=O,1.867917817758132,252.1410957992922
Nn1c(=O)c2[nH]c(=O)n([N+](=O)[O-])c2n([N+](=O)[O-])c1=O,1.916006386944684,152.5453216637867
Nn1c(=O)c2[nH]nc([N+](=O)[O-])c2n([N+](=O)[O-])c1=O,1.94581439825604,180.27820664777943
Nn1c(=O)c2c([N+](=O)[O-])n[nH]c2n([N+](=O)[O-])c1=O,1.9197333147760884,196.1429910574206
Nn1c(=O)c2c([N+](=O)[O-])nn(C=N[N+](=O)[O-])c2n([N+](=O)[O-])c1=O,1.8577008699769528,151.5355703288102
Nn1c(=O)c2c([N+](=O)[O-])nn(N)c2n([N+](=O)[O-])c1=O,1.8792269801201984,209.85442534150656
Nn1c(=O)c2c([N+](=O)[O-])nn([N+](=O)[O-])c2c(=O)n1C=N[N+](=O)[O-],1.857750941712232,175.91127735357674
Nn1c(=O)c2c([N+](=O)[O-])nn([N+](=O)[O-])c2n(N[N+](=O)[O-])c1=O,1.874446159758012,122.04693409640812
Nn1c(=O)c2c([N+](=O)[O-])nn([N+](=O)[O-])c2n([N+](=O)[O-])c1=O,1.930946021261097,150.41976752565557
Nn1c(=O)c2c([nH]c(=O)n2[N+](=O)[O-])n([N+](=O)[O-])c1=O,1.9309473227646847,158.20860217470442
Nn1c(=O)c2c(c([N+](=O)[O-])nn2C=N[N+](=O)[O-])n([N+](=O)[O-])c1=O,1.8748784758666568,150.48360317738235
Nn1c(=O)c2c(c([N+](=O)[O-])nn2N)n(N[N+](=O)[O-])c1=O,1.815715268034108,186.48246524283616
Nn1c(=O)c2c(c([N+](=O)[O-])nn2[N+](=O)[O-])n(C=N[N+](=O)[O-])c1=O,1.8769209326786536,167.65903973358004
Nn1c(=O)c2c(c([N+](=O)[O-])nn2[N+](=O)[O-])n(N)c1=O,1.8777395422829384,227.02840538267884
Nn1c(=O)c2c(c([N+](=O)[O-])nn2[N+](=O)[O-])n(N[N+](=O)[O-])c1=O,1.869976796435128,122.6139511022262
Nn1c(=O)c2c(c([N+](=O)[O-])nn2[N+](=O)[O-])n([N+](=O)[O-])c1=O,1.9238432823441616,138.5376302418752
Nn1c(=O)c2c(cnn2[N+](=O)[O-])n([N+](=O)[O-])c1=O,1.8918505164951327,105.53392453708204
Nn1c(=O)c2c(n(C=N[N+](=O)[O-])c(=O)n2[N+](=O)[O-])n([N+](=O)[O-])c1=O,1.874789033647825,130.52994182492367
Nn1c(=O)c2c(n(C=N[N+](=O)[O-])c1=O)n([N+](=O)[O-])c(=O)n2[N+](=O)[O-],1.8699962466832,133.51524936969813
Nn1c(=O)c2c(n(N)c(=O)n2[N+](=O)[O-])n([N+](=O)[O-])c1=O,1.892975087901346,156.5386036612617
Nn1c(=O)c2c(n(N)c1=O)n(N[N+](=O)[O-])c(=O)n2[N+](=O)[O-],1.855974136243797,153.54308399753344
Nn1c(=O)c2c(n(N)c1=O)n([N+](=O)[O-])c(=O)n2N[N+](=O)[O-],1.857332689072919,156.02898193460896
Nn1c(=O)c2c(n(N)c1=O)n([N+](=O)[O-])c(=O)n2[N+](=O)[O-],1.8892518476634423,166.81785441644456
Nn1c(=O)c2c(n(N[N+](=O)[O-])c(=O)n2N)n([N+](=O)[O-])c1=O,1.860786807291024,142.93955552975018
Nn1c(=O)c2c(n(N[N+](=O)[O-])c(=O)n2N[N+](=O)[O-])n([N+](=O)[O-])c1=O,1.891048645673112,127.80597469042632
Nn1c(=O)c2c(n(N[N+](=O)[O-])c1=O)n(N[N+](=O)[O-])c(=O)n2C=N[N+](=O)[O-],1.819326470504769,144.06912421641042
Nn1c(=O)c2c(n(N[N+](=O)[O-])c1=O)n(N[N+](=O)[O-])c(=O)n2N[N+](=O)[O-],1.858249272975115,144.22663921548707
Nn1c(=O)c2c(n(N[N+](=O)[O-])c1=O)n([N+](=O)[O-])c(=O)n2N,1.8652668357127589,139.078211995395
Nn1c(=O)c2c(n([N+](=O)[O-])c1=O)n([N+](=O)[O-])c(=O)n2N,1.8802539026043967,169.2908914249282
Nn1c(=O)c2c(nc(C=N[N+](=O)[O-])n2[N+](=O)[O-])n([N+](=O)[O-])c1=O,1.8515343821275507,122.77710720711562
Nn1c(=O)c2c(nc([N+](=O)[O-])n2N[N+](=O)[O-])n(N[N+](=O)[O-])c1=O,1.8567509169688623,165.04624333775837
Nn1c(=O)c2c(nc([N+](=O)[O-])n2N[N+](=O)[O-])n([N+](=O)[O-])c1=O,1.863837748619716,138.6335686737543
Nn1c(=O)c2c(nc([N+](=O)[O-])n2[N+](=O)[O-])n(N[N+](=O)[O-])c1=O,1.874775801694676,142.82377414487155
Nn1c(=O)c2c(nc([N+](=O)[O-])n2[N+](=O)[O-])n([N+](=O)[O-])c1=O,1.9206783148399664,163.06464969152847
Nn1c(=O)c2c(ncn2[N+](=O)[O-])n([N+](=O)[O-])c1=O,1.8694869972513248,124.75672580576
Nn1c(=O)c2nc([N+](=O)[O-])n(N[N+](=O)[O-])c2n(N[N+](=O)[O-])c1=O,1.8568327309305503,168.62665451822903
Nn1c(=O)c2nc([N+](=O)[O-])n([N+](=O)[O-])c2n(N[N+](=O)[O-])c1=O,1.869528066920117,132.3396402761116
Nn1c(=O)c2nc([N+](=O)[O-])n([N+](=O)[O-])c2n([N+](=O)[O-])c1=O,1.9012022536129844,156.26999058412292
Nn1c(=O)c2nc([N+](=O)[O-])nnc2n(N[N+](=O)[O-])c1=O,1.824781180502775,154.62234511760107
Nn1c(=O)c2nc([N+](=O)[O-])nnc2n([N+](=O)[O-])c1=O,1.881056496483968,163.67295113684287
Nn1c(=O)c2nc3c(nc2n([N+](=O)[O-])c1=O)c(=O)n([N+](=O)[O-])c(=O)n3[N+](=O)[O-],1.930271408567728,121.97905587236583
Nn1c(=O)cc([N+](=O)[O-])n2c([N+](=O)[O-])nnc12,1.8416575244646205,251.36285604136796
Nn1c(=O)n(C=N[N+](=O)[O-])c(=NC=N[N+](=O)[O-])c2c1nc([N+](=O)[O-])n2[N+](=O)[O-],1.8099546323870512,160.31328950573652
Nn1c(=O)n(C=N[N+](=O)[O-])c(=NN[N+](=O)[O-])c2c1nc([N+](=O)[O-])n2N[N+](=O)[O-],1.799587577858666,160.309577208937
Nn1c(=O)n(C=N[N+](=O)[O-])c(=NN[N+](=O)[O-])c2c1nc([N+](=O)[O-])n2[N+](=O)[O-],1.810390853006461,136.25292954361856
Nn1c(=O)n(C=N[N+](=O)[O-])c(=NN[N+](=O)[O-])c2nc([N+](=O)[O-])n(N[N+](=O)[O-])c21,1.799526190272742,160.94735244129663
Nn1c(=O)n(C=N[N+](=O)[O-])c(=NN[N+](=O)[O-])c2nc([N+](=O)[O-])n([N+](=O)[O-])c21,1.7992066349888896,134.06595076502728
Nn1c(=O)n(C=N[N+](=O)[O-])c(=N[N+](=O)[O-])c2c1nc([N+](=O)[O-])n2[N+](=O)[O-],1.8312535578483504,137.8731423257839
Nn1c(=O)n(C=N[N+](=O)[O-])c(=N[N+](=O)[O-])c2nc([N+](=O)[O-])n([N+](=O)[O-])c21,1.8359980807215688,133.17185531023333
Nn1c(=O)n(C=N[N+](=O)[O-])c2c(=NC=N[N+](=O)[O-])n([N+](=O)[O-])c([N+](=O)[O-])nc21,1.81203703812864,157.88369693862364
Nn1c(=O)n(C=N[N+](=O)[O-])c2c(=NN[N+](=O)[O-])n(N[N+](=O)[O-])c([N+](=O)[O-])nc21,1.7853259907589805,154.1749935367294
Nn1c(=O)n(C=N[N+](=O)[O-])c2c(=N[N+](=O)[O-])n([N+](=O)[O-])c([N+](=O)[O-])nc21,1.8460094632415207,137.03056985148137
Nn1c(=O)n(C=N[N+](=O)[O-])c2c1c(=O)n([N+](=O)[O-])c(=O)n2[N+](=O)[O-],1.8767152589587943,132.7983004906501
Nn1c(=O)n(C=N[N+](=O)[O-])c2nc(C=N[N+](=O)[O-])n([N+](=O)[O-])c(=N[N+](=O)[O-])c21,1.8078310485180376,127.68514669566368
Nn1c(=O)n(C=N[N+](=O)[O-])c2nc([N+](=O)[O-])n(N[N+](=O)[O-])c(=NN[N+](=O)[O-])c21,1.781915960974935,160.43870833017115
Nn1c(=O)n(C=N[N+](=O)[O-])c2nc([N+](=O)[O-])n([N+](=O)[O-])c(=NC=N[N+](=O)[O-])c21,1.813000259242757,158.92481784210702
Nn1c(=O)n(C=N[N+](=O)[O-])c2nc([N+](=O)[O-])n([N+](=O)[O-])c(=NN[N+](=O)[O-])c21,1.814218755824606,134.22943714543266
Nn1c(=O)n(C=N[N+](=O)[O-])c2nc([N+](=O)[O-])n([N+](=O)[O-])c(=N[N+](=O)[O-])c21,1.853512559123428,139.2711325297837
Nn1c(=O)n(N)c2c(=NN[N+](=O)[O-])n(N[N+](=O)[O-])c([N+](=O)[O-])nc21,1.8029460717158945,208.6828357009494
Nn1c(=O)n(N)c2c(=NN[N+](=O)[O-])n([N+](=O)[O-])c(N[N+](=O)[O-])nc21,1.832115117071055,156.1995362110561
Nn1c(=O)n(N)c2c(=NN[N+](=O)[O-])n([N+](=O)[O-])c([N+](=O)[O-])nc21,1.844948050912228,188.69755046783652
Nn1c(=O)n(N)c2c(=N[N+](=O)[O-])n(N[N+](=O)[O-])c([N+](=O)[O-])nc21,1.8222077463795496,155.18633019418257
Nn1c(=O)n(N)c2c(=N[N+](=O)[O-])n([N+](=O)[O-])c(C=N[N+](=O)[O-])nc21,1.8173765289061867,142.12413170286038
Nn1c(=O)n(N)c2c(=N[N+](=O)[O-])n([N+](=O)[O-])c([N+](=O)[O-])nc21,1.866340070032981,178.8913797562195
Nn1c(=O)n(N)c2c1c(=O)n(N[N+](=O)[O-])c(=O)n2[N+](=O)[O-],1.886967275031108,137.2344158999383
Nn1c(=O)n(N)c2c1c(=O)n([N+](=O)[O-])c(=O)n2[N+](=O)[O-],1.8986278072091904,161.99955739109595
Nn1c(=O)n(N[N+](=O)[O-])c(=NC=N[N+](=O)[O-])c2c1nc([N+](=O)[O-])n2N[N+](=O)[O-],1.7885522012375894,162.88567338942406
Nn1c(=O)n(N[N+](=O)[O-])c(=NC=N[N+](=O)[O-])c2c1nc([N+](=O)[O-])n2[N+](=O)[O-],1.7974434591552562,134.3918534331663
Nn1c(=O)n(N[N+](=O)[O-])c(=NC=N[N+](=O)[O-])c2nc([N+](=O)[O-])n(N[N+](=O)[O-])c21,1.788403974440011,154.87015083723372
Nn1c(=O)n(N[N+](=O)[O-])c(=NN[N+](=O)[O-])c2[nH]c([N+](=O)[O-])nc21,1.8549341264179589,205.0052343443941
Nn1c(=O)n(N[N+](=O)[O-])c(=NN[N+](=O)[O-])c2c1nc([N+](=O)[O-])n2C=N[N+](=O)[O-],1.782624665831747,154.83760548789
Nn1c(=O)n(N[N+](=O)[O-])c(=NN[N+](=O)[O-])c2c1nc([N+](=O)[O-])n2N[N+](=O)[O-],1.820883791854156,175.04879587117148
Nn1c(=O)n(N[N+](=O)[O-])c(=NN[N+](=O)[O-])c2c1nc([N+](=O)[O-])n2[N+](=O)[O-],1.8248094882058248,157.21926847212524
Nn1c(=O)n(N[N+](=O)[O-])c(=NN[N+](=O)[O-])c2nc(C=N[N+](=O)[O-])n([N+](=O)[O-])c21,1.7839718124280308,123.49467700413368
Nn1c(=O)n(N[N+](=O)[O-])c(=NN[N+](=O)[O-])c2nc(N[N+](=O)[O-])[nH]c21,1.7981856415765942,162.7818876112855
Nn1c(=O)n(N[N+](=O)[O-])c(=NN[N+](=O)[O-])c2nc([N+](=O)[O-])[nH]c21,1.837455403211906,198.0208055310223
Nn1c(=O)n(N[N+](=O)[O-])c(=NN[N+](=O)[O-])c2nc([N+](=O)[O-])n(N[N+](=O)[O-])c21,1.8380791126538136,167.94301062221143
Nn1c(=O)n(N[N+](=O)[O-])c(=NN[N+](=O)[O-])c2nc([N+](=O)[O-])n([N+](=O)[O-])c21,1.8606924482808584,152.37880335414468
Nn1c(=O)n(N[N+](=O)[O-])c(=NN[N+](=O)[O-])c2ncn([N+](=O)[O-])c21,1.826478919628209,134.54053025943557
Nn1c(=O)n(N[N+](=O)[O-])c(=N[N+](=O)[O-])c2[nH]c([N+](=O)[O-])nc21,1.841487461329057,136.4596952276367
Nn1c(=O)n(N[N+](=O)[O-])c(=N[N+](=O)[O-])c2nc([N+](=O)[O-])[nH]c21,1.837041814293785,136.12579989201123
Nn1c(=O)n(N[N+](=O)[O-])c(=O)c2[nH]nc([N+](=O)[O-])c21,1.9085207890554672,174.9444288081248
Nn1c(=O)n(N[N+](=O)[O-])c(=O)c2c([N+](=O)[O-])nn([N+](=O)[O-])c21,1.8889692767732296,116.04381989608773
Nn1c(=O)n(N[N+](=O)[O-])c(=O)c2c1c([N+](=O)[O-])nn2[N+](=O)[O-],1.88978098117792,116.1081443555781
Nn1c(=O)n(N[N+](=O)[O-])c(=O)c2c1n(N)c(=O)n2[N+](=O)[O-],1.8481719837595567,143.69436719394906
Nn1c(=O)n(N[N+](=O)[O-])c(=O)c2c1n(N[N+](=O)[O-])c(=O)n2N[N+](=O)[O-],1.8538219554487143,139.30740999245788
Nn1c(=O)n(N[N+](=O)[O-])c(=O)c2c1nc([N+](=O)[O-])n2N[N+](=O)[O-],1.8367768137020168,163.27728767422056
Nn1c(=O)n(N[N+](=O)[O-])c(=O)c2c1nc([N+](=O)[O-])n2[N+](=O)[O-],1.8577660897678872,135.6213634909592
Nn1c(=O)n(N[N+](=O)[O-])c(=O)c2nc([N+](=O)[O-])n(N[N+](=O)[O-])c21,1.865411881057121,161.0781415456209
Nn1c(=O)n(N[N+](=O)[O-])c(=O)c2nc([N+](=O)[O-])n([N+](=O)[O-])c21,1.867814239764214,128.30293365379677
Nn1c(=O)n(N[N+](=O)[O-])c2c(=NC=N[N+](=O)[O-])n(N[N+](=O)[O-])c([N+](=O)[O-])nc21,1.7858709592337842,164.53188546020658
Nn1c(=O)n(N[N+](=O)[O-])c2c(=NC=N[N+](=O)[O-])n([N+](=O)[O-])c([N+](=O)[O-])nc21,1.79661761897548,128.36040159357563
Nn1c(=O)n(N[N+](=O)[O-])c2c(=NN[N+](=O)[O-])[nH]c([N+](=O)[O-])nc21,1.8560586616712944,205.15832365155677
Nn1c(=O)n(N[N+](=O)[O-])c2c(=NN[N+](=O)[O-])n(C=N[N+](=O)[O-])c([N+](=O)[O-])nc21,1.7847007628962193,150.00354110940896
Nn1c(=O)n(N[N+](=O)[O-])c2c(=NN[N+](=O)[O-])n(N[N+](=O)[O-])c([N+](=O)[O-])nc21,1.81758100958109,176.345695345243
Nn1c(=O)n(N[N+](=O)[O-])c2c(=NN[N+](=O)[O-])n(N[N+](=O)[O-])cnc21,1.806064727384065,163.08527209474565
Nn1c(=O)n(N[N+](=O)[O-])c2c(=NN[N+](=O)[O-])n([N+](=O)[O-])c([N+](=O)[O-])nc21,1.827167198109257,152.1087172482047
Nn1c(=O)n(N[N+](=O)[O-])c2c(=N[N+](=O)[O-])[nH]c([N+](=O)[O-])nc21,1.8725350101969425,168.20286479266667
Nn1c(=O)n(N[N+](=O)[O-])c2c(=O)n(N[N+](=O)[O-])c(=O)n(N[N+](=O)[O-])c21,1.8474352604227149,143.6485777964149
Nn1c(=O)n(N[N+](=O)[O-])c2c(=O)n(N[N+](=O)[O-])c(=O)n([N+](=O)[O-])c21,1.8733810598352176,125.1776421343334
Nn1c(=O)n(N[N+](=O)[O-])c2c(=O)n(N[N+](=O)[O-])c([N+](=O)[O-])nc21,1.83165792778272,164.51615113462577
Nn1c(=O)n(N[N+](=O)[O-])c2c(=O)n([N+](=O)[O-])c([N+](=O)[O-])nc21,1.851152282365696,135.35344399240398
Nn1c(=O)n(N[N+](=O)[O-])c2c1c(=O)n(N[N+](=O)[O-])c(=O)n2N[N+](=O)[O-],1.8258639230297689,148.30753670183873
Nn1c(=O)n(N[N+](=O)[O-])c2nc([N+](=O)[O-])[nH]c(=NN[N+](=O)[O-])c21,1.8569822953845947,203.11127600357185
Nn1c(=O)n(N[N+](=O)[O-])c2nc([N+](=O)[O-])[nH]c(=N[N+](=O)[O-])c21,1.856310068781138,155.28348403996043
Nn1c(=O)n(N[N+](=O)[O-])c2nc([N+](=O)[O-])n(C=N[N+](=O)[O-])c(=NN[N+](=O)[O-])c21,1.7987642322274344,151.4508348424328
Nn1c(=O)n(N[N+](=O)[O-])c2nc([N+](=O)[O-])n(N[N+](=O)[O-])c(=NC=N[N+](=O)[O-])c21,1.7843991755924635,154.73090667970058
Nn1c(=O)n(N[N+](=O)[O-])c2nc([N+](=O)[O-])n(N[N+](=O)[O-])c(=NN[N+](=O)[O-])c21,1.8243536004210776,174.40670063506298
Nn1c(=O)n(N[N+](=O)[O-])c2nc([N+](=O)[O-])n(N[N+](=O)[O-])c(=O)c21,1.852959853932848,159.75669599520245
Nn1c(=O)n(N[N+](=O)[O-])c2nc([N+](=O)[O-])n([N+](=O)[O-])c(=NC=N[N+](=O)[O-])c21,1.8129590449624544,128.8777187397505
Nn1c(=O)n(N[N+](=O)[O-])c2nc([N+](=O)[O-])n([N+](=O)[O-])c(=NN[N+](=O)[O-])c21,1.8289728897267807,150.93518228485846
Nn1c(=O)n(N[N+](=O)[O-])c2nc([N+](=O)[O-])n([N+](=O)[O-])c(=O)c21,1.8682510026767856,140.30509306008082
Nn1c(=O)n(N[N+](=O)[O-])c2nc3c(nc21)n(N[N+](=O)[O-])c(=O)n3N[N+](=O)[O-],1.829514640595492,155.43800013735205
Nn1c(=O)n(N[N+](=O)[O-])c2nc3c(nc21)n(N[N+](=O)[O-])c(=O)n3[N+](=O)[O-],1.851779679401104,134.5398961304449
Nn1c(=O)n(N[N+](=O)[O-])c2nc3c(nc21)n([N+](=O)[O-])c(=O)n3N[N+](=O)[O-],1.8504638231202604,134.72267060098295
Nn1c(=O)n([N+](=O)[O-])c(=NC=N[N+](=O)[O-])c2c1nc([N+](=O)[O-])n2[N+](=O)[O-],1.84264034043832,143.8291856595682
Nn1c(=O)n([N+](=O)[O-])c(=NC=N[N+](=O)[O-])c2nc(C=N[N+](=O)[O-])n([N+](=O)[O-])c21,1.8090944469736896,122.65708508461194
Nn1c(=O)n([N+](=O)[O-])c(=NC=N[N+](=O)[O-])c2nc([N+](=O)[O-])n([N+](=O)[O-])c21,1.849391022634568,139.95778853850692
Nn1c(=O)n([N+](=O)[O-])c(=NN[N+](=O)[O-])c2[nH]c([N+](=O)[O-])nc21,1.85937850810252,154.82957979285192
Nn1c(=O)n([N+](=O)[O-])c(=NN[N+](=O)[O-])c2nc([N+](=O)[O-])[nH]c21,1.859580819604776,155.08695029142706
Nn1c(=O)n([N+](=O)[O-])c(=N[N+](=O)[O-])c2[nH]c([N+](=O)[O-])nc21,1.896916619213342,149.69096836109452
Nn1c(=O)n([N+](=O)[O-])c(=N[N+](=O)[O-])c2c1nc([N+](=O)[O-])n2C=N[N+](=O)[O-],1.8357526749893829,131.6334715899048
Nn1c(=O)n([N+](=O)[O-])c(=N[N+](=O)[O-])c2nc([N+](=O)[O-])[nH]c21,1.897001216946594,152.44348451119237
Nn1c(=O)n([N+](=O)[O-])c(=O)c2[nH]c(=O)n([N+](=O)[O-])c21,1.9235427073209748,140.1999201247752
Nn1c(=O)n([N+](=O)[O-])c(=O)c2[nH]nc([N+](=O)[O-])c21,1.951915557855875,181.1506492397464
Nn1c(=O)n([N+](=O)[O-])c(=O)c2c([N+](=O)[O-])nn([N+](=O)[O-])c21,1.936843857078108,143.85031008156966
Nn1c(=O)n([N+](=O)[O-])c(=O)c2c1[nH]c(=O)n2[N+](=O)[O-],1.924763445381226,141.40742062218382
Nn1c(=O)n([N+](=O)[O-])c(=O)c2c1c([N+](=O)[O-])nn2C=N[N+](=O)[O-],1.865392213891784,147.91324057985253
Nn1c(=O)n([N+](=O)[O-])c(=O)c2c1c([N+](=O)[O-])nn2[N+](=O)[O-],1.9377972084566784,145.46509313425247
Nn1c(=O)n([N+](=O)[O-])c(=O)c2c1n(N)c(=O)n2[N+](=O)[O-],1.88745353123292,153.1590462330733
Nn1c(=O)n([N+](=O)[O-])c(=O)c2c1nc([N+](=O)[O-])n2[N+](=O)[O-],1.8913666463832337,150.41461522760642
Nn1c(=O)n([N+](=O)[O-])c(=O)c2c1ncn2[N+](=O)[O-],1.877673020988416,119.9315590496792
Nn1c(=O)n([N+](=O)[O-])c(=O)c2nc(C=N[N+](=O)[O-])n([N+](=O)[O-])c21,1.8443519622686977,118.87433391203712
Nn1c(=O)n([N+](=O)[O-])c(=O)c2nc([N+](=O)[O-])n([N+](=O)[O-])c21,1.8956804800272933,143.04474167607643
Nn1c(=O)n([N+](=O)[O-])c(=O)c2nc([N+](=O)[O-])nnc21,1.885287720803036,149.722040681637
Nn1c(=O)n([N+](=O)[O-])c(=O)c2ncn([N+](=O)[O-])c21,1.875369287331028,116.13944126347148
Nn1c(=O)n([N+](=O)[O-])c2c(=NC=N[N+](=O)[O-])n([N+](=O)[O-])c(C=N[N+](=O)[O-])nc21,1.8219196079462088,122.60735880292742
Nn1c(=O)n([N+](=O)[O-])c2c(=NC=N[N+](=O)[O-])n([N+](=O)[O-])c([N+](=O)[O-])nc21,1.834254282830253,146.26462410331374
Nn1c(=O)n([N+](=O)[O-])c2c(=NN[N+](=O)[O-])[nH]c([N+](=O)[O-])nc21,1.8694147276492856,175.9856950328352
Nn1c(=O)n([N+](=O)[O-])c2c(=N[N+](=O)[O-])[nH]c([N+](=O)[O-])nc21,1.891962301192234,171.89654065858426
Nn1c(=O)n([N+](=O)[O-])c2c(=N[N+](=O)[O-])n(C=N[N+](=O)[O-])c([N+](=O)[O-])nc21,1.8351265794575629,138.3990070023121
Nn1c(=O)n([N+](=O)[O-])c2c(=O)n([N+](=O)[O-])c(=O)[nH]c21,1.93353001202454,143.3464021213432
Nn1c(=O)n([N+](=O)[O-])c2c(=O)n([N+](=O)[O-])c(C=N[N+](=O)[O-])nc21,1.8530246398892525,120.90041567026825
Nn1c(=O)n([N+](=O)[O-])c2c(=O)n([N+](=O)[O-])c([N+](=O)[O-])nc21,1.8850501240923805,149.92138177205615
Nn1c(=O)n([N+](=O)[O-])c2c(=O)n([N+](=O)[O-])cnc21,1.8731086840564484,122.58176905595003
Nn1c(=O)n([N+](=O)[O-])c2c1c(=O)n(N[N+](=O)[O-])c(=O)n2N,1.8573966073602648,140.4820943145997
Nn1c(=O)n([N+](=O)[O-])c2c1c(=O)n([N+](=O)[O-])c(=O)n2N,1.8895629070210924,155.75678206536674
Nn1c(=O)n([N+](=O)[O-])c2nc(C=N[N+](=O)[O-])[nH]c(=N[N+](=O)[O-])c21,1.876480916007111,129.44439225903196
Nn1c(=O)n([N+](=O)[O-])c2nc(C=N[N+](=O)[O-])n([N+](=O)[O-])c(=NC=N[N+](=O)[O-])c21,1.8172082734144968,122.395665408211
Nn1c(=O)n([N+](=O)[O-])c2nc(C=N[N+](=O)[O-])n([N+](=O)[O-])c(=O)c21,1.8379630619171727,125.4784967073412
Nn1c(=O)n([N+](=O)[O-])c2nc([N+](=O)[O-])[nH]c(=NN[N+](=O)[O-])c21,1.8801965279878707,173.5510228282867
Nn1c(=O)n([N+](=O)[O-])c2nc([N+](=O)[O-])[nH]c(=N[N+](=O)[O-])c21,1.915692616121225,181.69552457497383
Nn1c(=O)n([N+](=O)[O-])c2nc([N+](=O)[O-])n(C=N[N+](=O)[O-])c(=NC=N[N+](=O)[O-])c21,1.8289335192432288,167.53605834245326
Nn1c(=O)n([N+](=O)[O-])c2nc([N+](=O)[O-])n(C=N[N+](=O)[O-])c(=N[N+](=O)[O-])c21,1.8536039535976416,148.30040275069376
Nn1c(=O)n([N+](=O)[O-])c2nc([N+](=O)[O-])n(N[N+](=O)[O-])c(=NN[N+](=O)[O-])c21,1.8404188545771496,143.1150110948543
Nn1c(=O)n([N+](=O)[O-])c2nc([N+](=O)[O-])n(N[N+](=O)[O-])c(=O)c21,1.86950398910373,129.38872101805998
Nn1c(=O)n([N+](=O)[O-])c2nc([N+](=O)[O-])n([N+](=O)[O-])c(=NC=N[N+](=O)[O-])c21,1.853219142369977,155.5795496179867
Nn1c(=O)n([N+](=O)[O-])c2nc([N+](=O)[O-])n([N+](=O)[O-])c(=N[N+](=O)[O-])c21,1.910261586257954,141.8889094803862
Nn1c(=O)n([N+](=O)[O-])c2nc([N+](=O)[O-])n([N+](=O)[O-])c(=O)c21,1.913287799018465,159.97796737988205
Nn1c(=O)n([N+](=O)[O-])c2nc3c(nc21)n(N[N+](=O)[O-])c(=O)n3N[N+](=O)[O-],1.8579693412449567,139.04503912257093
Nn1c(=O)n2c(N[N+](=O)[O-])nc3c(c([N+](=O)[O-])nn3[N+](=O)[O-])n2c1=O,1.871647927042752,115.98843929756978
Nn1c(=O)n2c([N+](=O)[O-])nc3[nH]nc([N+](=O)[O-])c3n2c1=O,1.9290217482055103,241.11817192168652
Nn1c(=O)n2c([N+](=O)[O-])nc3c(c(N[N+](=O)[O-])nn3[N+](=O)[O-])n2c1=O,1.8965425453902829,105.98912346421318
Nn1c(=O)n2c([N+](=O)[O-])nc3c(c([N+](=O)[O-])nn3N)n2c1=O,1.8720831715344708,256.1229911355098
Nn1c(=O)n2c([N+](=O)[O-])nc3c(c([N+](=O)[O-])nn3[N+](=O)[O-])n2c1=O,1.901403697446181,191.4308379773946
Nn1c(=O)nc2n([N+](=O)[O-])nc([N+](=O)[O-])nc-2c1=O,1.9136344689604108,207.3803182403512
Nn1c(C=N[N+](=O)[O-])c([N+](=O)[O-])c(=O)n2nc([N+](=O)[O-])nc12,1.8522638387360235,199.5877250559306
Nn1c(C=N[N+](=O)[O-])c([N+](=O)[O-])c2nnc([N+](=O)[O-])n2c1=O,1.847788257118216,209.67141967810736
Nn1c(C=N[N+](=O)[O-])nc([N+](=O)[O-])c2nc([N+](=O)[O-])nc1-2,1.841018703119935,219.67549808440424
Nn1c(C=N[N+](=O)[O-])nc2[nH]c(=O)n([N+](=O)[O-])c(=N[N+](=O)[O-])c21,1.8814487190515108,144.5769558497666
Nn1c(C=N[N+](=O)[O-])nc2c(=NN[N+](=O)[O-])[nH]c(=O)n([N+](=O)[O-])c21,1.818607968218166,128.45726479689944
Nn1c(C=N[N+](=O)[O-])nc2c(=N[N+](=O)[O-])[nH]c(=O)n([N+](=O)[O-])c21,1.8568884425147127,138.76073795842356
Nn1c(C=N[N+](=O)[O-])nc2c(=N[N+](=O)[O-])n(C=N[N+](=O)[O-])c([N+](=O)[O-])nc21,1.7845117194999909,149.9859968740006
Nn1c(C=N[N+](=O)[O-])nc2c(=N[N+](=O)[O-])n([N+](=O)[O-])c(=O)[nH]c21,1.8852642937384425,141.53600348606145
Nn1c(C=N[N+](=O)[O-])nc2c(=N[N+](=O)[O-])n([N+](=O)[O-])c([N+](=O)[O-])nc21,1.8356292852186185,132.8424120885631
Nn1c(C=N[N+](=O)[O-])nc2c(=O)n([N+](=O)[O-])c([N+](=O)[O-])nc21,1.8307105054760515,151.73682701722194
Nn1c(C=N[N+](=O)[O-])nc2c(C=N[N+](=O)[O-])nc([N+](=O)[O-])nc2c1=N[N+](=O)[O-],1.7853230985287838,132.6769440550619
Nn1c(C=N[N+](=O)[O-])nc2c([N+](=O)[O-])nc([N+](=O)[O-])nc21,1.799117518145955,185.35967380976365
Nn1c(C=N[N+](=O)[O-])nc2c([N+](=O)[O-])nc([N+](=O)[O-])nc2c1=NC=N[N+](=O)[O-],1.8178420333563376,163.66358452320992
Nn1c(C=N[N+](=O)[O-])nc2c([N+](=O)[O-])nc([N+](=O)[O-])nc2c1=NN[N+](=O)[O-],1.816588504636232,131.62244038767142
Nn1c(C=N[N+](=O)[O-])nc2c([N+](=O)[O-])nc([N+](=O)[O-])nc2c1=N[N+](=O)[O-],1.835390495463008,130.27914380911636
Nn1c(C=N[N+](=O)[O-])nc2c([N+](=O)[O-])nn([N+](=O)[O-])c2c1=O,1.8526357072335573,161.88703912831514
Nn1c(C=N[N+](=O)[O-])nc2c(c([N+](=O)[O-])nn2[N+](=O)[O-])c1=O,1.8275558053890544,153.93813314769602
Nn1c(C=N[N+](=O)[O-])nc2c(c1=NC=N[N+](=O)[O-])n([N+](=O)[O-])c(=O)n2[N+](=O)[O-],1.8237815895939349,127.60811323431876
Nn1c(C=N[N+](=O)[O-])nc2c(c1=NN[N+](=O)[O-])n(N)c(=O)n2[N+](=O)[O-],1.7851795354523974,130.41343383390995
Nn1c(C=N[N+](=O)[O-])nc2c(c1=NN[N+](=O)[O-])n(N[N+](=O)[O-])c(=O)n2N[N+](=O)[O-],1.7856904117637584,149.76605980240555
Nn1c(C=N[N+](=O)[O-])nc2c(c1=NN[N+](=O)[O-])n([N+](=O)[O-])c(=O)n2N,1.789948931505307,132.43420476184426
Nn1c(C=N[N+](=O)[O-])nc2c(c1=O)n([N+](=O)[O-])c(=O)n2[N+](=O)[O-],1.8523131151079988,122.50119504107388
Nn1c(C=N[N+](=O)[O-])nc2c(nc([N+](=O)[O-])n2N[N+](=O)[O-])c1=NN[N+](=O)[O-],1.788371762226196,162.53636079271303
Nn1c(C=N[N+](=O)[O-])nc2c(nc([N+](=O)[O-])n2[N+](=O)[O-])c1=NN[N+](=O)[O-],1.7864476337821191,135.43496920076612
Nn1c(C=N[N+](=O)[O-])nc2c(nc([N+](=O)[O-])n2[N+](=O)[O-])c1=N[N+](=O)[O-],1.8121533419354223,127.74628729918015
Nn1c(C=N[N+](=O)[O-])nc2c1c(=NC=N[N+](=O)[O-])n([N+](=O)[O-])c(=O)n2[N+](=O)[O-],1.8236516561523504,120.70461513338032
Nn1c(C=N[N+](=O)[O-])nc2c1c(=N[N+](=O)[O-])[nH]c(=O)n2[N+](=O)[O-],1.8569468294118083,143.9730404633043
Nn1c(C=N[N+](=O)[O-])nc2c1c(=N[N+](=O)[O-])n(C=N[N+](=O)[O-])c(=O)n2[N+](=O)[O-],1.7977426242162222,121.49685361904898
Nn1c(C=N[N+](=O)[O-])nc2c1c(=N[N+](=O)[O-])n([N+](=O)[O-])c(=O)n2C=N[N+](=O)[O-],1.8111752258357927,126.9899563676078
Nn1c(C=N[N+](=O)[O-])nc2c1c(=N[N+](=O)[O-])n([N+](=O)[O-])c(=O)n2N,1.8418755263156927,134.71157334364634
Nn1c(C=N[N+](=O)[O-])nc2c1c(=O)n([N+](=O)[O-])c(=O)n2[N+](=O)[O-],1.8602076381941448,118.57416631210252
Nn1c(C=N[N+](=O)[O-])nc2c1c(=O)nc([N+](=O)[O-])n2[N+](=O)[O-],1.835421948466396,172.1084322186103
Nn1c(C=N[N+](=O)[O-])nc2c1nc([N+](=O)[O-])n1c(N[N+](=O)[O-])c([N+](=O)[O-])nc21,1.7907913658558363,133.5788208010121
Nn1c(C=N[N+](=O)[O-])nc2c1nc([N+](=O)[O-])n1c([N+](=O)[O-])c([N+](=O)[O-])nc21,1.8258164543016664,200.19422980243812
Nn1c(C=N[N+](=O)[O-])nn2c([N+](=O)[O-])nc([N+](=O)[O-])c2c1=O,1.8200415744208909,194.2893593570983
Nn1c(N[N+](=O)[O-])c([N+](=O)[O-])c2c1nc([N+](=O)[O-])n1nnnc21,1.885044954230904,148.77741307289958
Nn1c(N[N+](=O)[O-])c([N+](=O)[O-])c2nnc([N+](=O)[O-])n2c1=O,1.8634713753595555,130.62450631065633
Nn1c(N[N+](=O)[O-])c([N+](=O)[O-])n2c(=O)c3c([N+](=O)[O-])nn([N+](=O)[O-])c3nc12,1.843558804290144,107.1099728772518
Nn1c(N[N+](=O)[O-])nc([N+](=O)[O-])c2nc(C=N[N+](=O)[O-])nc1-2,1.8148786904497267,152.5726222379368
Nn1c(N[N+](=O)[O-])nc([N+](=O)[O-])c2nc([N+](=O)[O-])nc1-2,1.89088013711128,171.84001070127076
Nn1c(N[N+](=O)[O-])nc([N+](=O)[O-])c2ncnc1-2,1.8307992969430888,183.1884491732841
Nn1c(N[N+](=O)[O-])nc2[nH]c([N+](=O)[O-])nc2c1=NN[N+](=O)[O-],1.805778541206107,167.32384971793192
Nn1c(N[N+](=O)[O-])nc2[nH]nc([N+](=O)[O-])c2c1=O,1.879273725790752,156.6432481557418
Nn1c(N[N+](=O)[O-])nc2c(=NN[N+](=O)[O-])[nH]c([N+](=O)[O-])nc21,1.8081511099421743,172.46425124298588
Nn1c(N[N+](=O)[O-])nc2c(c1=NN[N+](=O)[O-])n(N)c(=O)n2N[N+](=O)[O-],1.7869039554013957,154.970270557145
Nn1c(N[N+](=O)[O-])nc2c(nc([N+](=O)[O-])n2N)c1=NN[N+](=O)[O-],1.7998671119071723,179.07707386231874
Nn1c(N[N+](=O)[O-])nc2c1nc([N+](=O)[O-])n1c([N+](=O)[O-])c([N+](=O)[O-])nc21,1.848367028533444,142.80950624258162
Nn1c(N[N+](=O)[O-])nc2noc([N+](=O)[O-])c21,1.7864379809638378,164.4829914728223
Nn1c(N[N+](=O)[O-])nn2c(=O)c([N+](=O)[O-])c([N+](=O)[O-])nc12,1.873960698919504,124.7883133561074
Nn1c(N[N+](=O)[O-])nn2c([N+](=O)[O-])nc([N+](=O)[O-])c2c1=O,1.855873631244464,140.78108613369744
Nn1c([N+](=O)[O-])c(C=N[N+](=O)[O-])c(=O)n2nc([N+](=O)[O-])nc12,1.859264988067301,215.33442606034689
Nn1c([N+](=O)[O-])c(C=N[N+](=O)[O-])c2nnc([N+](=O)[O-])n2c1=O,1.838528999060903,197.6678929311872
Nn1c([N+](=O)[O-])c(N[N+](=O)[O-])c(=O)n2nc([N+](=O)[O-])nc12,1.870157560822418,137.89266821428808
Nn1c([N+](=O)[O-])c(N[N+](=O)[O-])c2c1nc([N+](=O)[O-])n1nnnc21,1.8704219468152687,156.8549613669892
Nn1c([N+](=O)[O-])c(N[N+](=O)[O-])c2nnc([N+](=O)[O-])n2c1=O,1.881473447619692,128.13256433163858
Nn1c([N+](=O)[O-])c(N[N+](=O)[O-])c2nncn2c1=O,1.8130712996469625,145.70788527155264
Nn1c([N+](=O)[O-])c(N[N+](=O)[O-])n2c(=O)c3c([N+](=O)[O-])nn([N+](=O)[O-])c3nc12,1.837530673502774,142.39318734919055
Nn1c([N+](=O)[O-])c([N+](=O)[O-])c(=O)n2nc(N[N+](=O)[O-])nc12,1.859817114811842,134.70967095667436
Nn1c([N+](=O)[O-])c([N+](=O)[O-])c(=O)n2nc([N+](=O)[O-])nc12,1.890895646695709,241.9461742916021
Nn1c([N+](=O)[O-])c([N+](=O)[O-])c2c1nc([N+](=O)[O-])n1nnnc21,1.883772734473152,249.84007783916903
Nn1c([N+](=O)[O-])c([N+](=O)[O-])c2nnc(N[N+](=O)[O-])n2c1=O,1.85535028219038,148.15542501020337
Nn1c([N+](=O)[O-])c([N+](=O)[O-])c2nnc([N+](=O)[O-])n2c1=O,1.909452412554686,242.3804254941328
Nn1c([N+](=O)[O-])c([N+](=O)[O-])n2c(=O)c3c(N[N+](=O)[O-])nn([N+](=O)[O-])c3nc12,1.8611082063716269,123.07689168745168
Nn1c([N+](=O)[O-])c([N+](=O)[O-])n2c(=O)c3c([N+](=O)[O-])nn([N+](=O)[O-])c3nc12,1.8759899599312293,205.30525001759136
Nn1c([N+](=O)[O-])nc(=O)c2c1nc([N+](=O)[O-])n2N[N+](=O)[O-],1.8771822456769207,185.46046729172755
Nn1c([N+](=O)[O-])nc(=O)c2c1nc([N+](=O)[O-])n2[N+](=O)[O-],1.89623622205958,214.19702323844777
Nn1c([N+](=O)[O-])nc2[nH]c(=O)n(N[N+](=O)[O-])c(=NN[N+](=O)[O-])c21,1.85770958282042,206.5316422745135
Nn1c([N+](=O)[O-])nc2[nH]c(=O)n(N[N+](=O)[O-])c(=N[N+](=O)[O-])c21,1.8554840478369743,154.70343436228217
Nn1c([N+](=O)[O-])nc2[nH]c(=O)n(N[N+](=O)[O-])c2c1=NN[N+](=O)[O-],1.8564564156290888,210.81954654601
Nn1c([N+](=O)[O-])nc2[nH]c(=O)n(N[N+](=O)[O-])c2c1=N[N+](=O)[O-],1.8599038094119864,158.59960214704122
Nn1c([N+](=O)[O-])nc2[nH]c(=O)n([N+](=O)[O-])c(=NN[N+](=O)[O-])c21,1.873530262760488,176.4956007964317
Nn1c([N+](=O)[O-])nc2[nH]c(=O)n([N+](=O)[O-])c(=N[N+](=O)[O-])c21,1.8936758752779943,169.48718076957974
Nn1c([N+](=O)[O-])nc2[nH]c(=O)n([N+](=O)[O-])c2c1=NN[N+](=O)[O-],1.863357638407072,187.81177795604503
Nn1c([N+](=O)[O-])nc2[nH]c(=O)n([N+](=O)[O-])c2c1=N[N+](=O)[O-],1.884593910931736,163.92083612259933
Nn1c([N+](=O)[O-])nc2[nH]c([N+](=O)[O-])nc2c1=NN[N+](=O)[O-],1.88362812296332,231.99223831413985
Nn1c([N+](=O)[O-])nc2[nH]c([N+](=O)[O-])nc2c1=N[N+](=O)[O-],1.8993790640027703,209.44021030315224
Nn1c([N+](=O)[O-])nc2[nH]nc([N+](=O)[O-])c2c1=O,1.897249551061854,252.7151798754633
Nn1c([N+](=O)[O-])nc2c(=NC=N[N+](=O)[O-])n(N[N+](=O)[O-])c([N+](=O)[O-])nc21,1.7904848617607465,171.3346363177534
Nn1c([N+](=O)[O-])nc2c(=NC=N[N+](=O)[O-])n([N+](=O)[O-])c(=O)n([N+](=O)[O-])c21,1.833628259604188,144.95846370377438
Nn1c([N+](=O)[O-])nc2c(=NC=N[N+](=O)[O-])n([N+](=O)[O-])c([N+](=O)[O-])nc21,1.820520672352966,174.41076962941975
Nn1c([N+](=O)[O-])nc2c(=NN[N+](=O)[O-])[nH]c(=O)n(N[N+](=O)[O-])c21,1.8687904036084613,197.8853000923299
Nn1c([N+](=O)[O-])nc2c(=NN[N+](=O)[O-])[nH]c(=O)n([N+](=O)[O-])c21,1.870589009262004,174.89922069549877
Nn1c([N+](=O)[O-])nc2c(=NN[N+](=O)[O-])[nH]c([N+](=O)[O-])nc21,1.8737127263330189,241.02460156525697
Nn1c([N+](=O)[O-])nc2c(=NN[N+](=O)[O-])n(C=N[N+](=O)[O-])c([N+](=O)[O-])nc21,1.8149611190103312,171.53233924161333
Nn1c([N+](=O)[O-])nc2c(=NN[N+](=O)[O-])n(N[N+](=O)[O-])c(=O)[nH]c21,1.858003867242929,204.2910994127421
Nn1c([N+](=O)[O-])nc2c(=NN[N+](=O)[O-])n(N[N+](=O)[O-])c(=O)n(N)c21,1.8153317221571543,213.6164418171888
Nn1c([N+](=O)[O-])nc2c(=NN[N+](=O)[O-])n(N[N+](=O)[O-])c(=O)n(N[N+](=O)[O-])c21,1.8329763509178627,192.92592257757937
Nn1c([N+](=O)[O-])nc2c(=NN[N+](=O)[O-])n(N[N+](=O)[O-])c(=O)n([N+](=O)[O-])c21,1.854530262623874,152.44181992259186
Nn1c([N+](=O)[O-])nc2c(=NN[N+](=O)[O-])n(N[N+](=O)[O-])c([N+](=O)[O-])nc21,1.838722380802427,200.6225839356312
Nn1c([N+](=O)[O-])nc2c(=NN[N+](=O)[O-])n([N+](=O)[O-])c(=O)[nH]c21,1.8564652369311885,162.88083155035991
Nn1c([N+](=O)[O-])nc2c(=NN[N+](=O)[O-])n([N+](=O)[O-])c(=O)n(N)c21,1.8283934675597595,174.38425511099763
Nn1c([N+](=O)[O-])nc2c(=NN[N+](=O)[O-])n([N+](=O)[O-])c(=O)n(N[N+](=O)[O-])c21,1.856197380262101,151.70407689705831
Nn1c([N+](=O)[O-])nc2c(=NN[N+](=O)[O-])n([N+](=O)[O-])c([N+](=O)[O-])nc21,1.8768537244794592,178.73818476089176
Nn1c([N+](=O)[O-])nc2c(=NN[N+](=O)[O-])n([N+](=O)[O-])cnc21,1.809334140551237,169.05963250864568
Nn1c([N+](=O)[O-])nc2c(=N[N+](=O)[O-])[nH]c(=O)n(N[N+](=O)[O-])c21,1.862065353802331,162.76755365389238
Nn1c([N+](=O)[O-])nc2c(=N[N+](=O)[O-])[nH]c(=O)n([N+](=O)[O-])c21,1.9024185448693085,179.15358548834843
Nn1c([N+](=O)[O-])nc2c(=N[N+](=O)[O-])[nH]c([N+](=O)[O-])nc21,1.8949086883993167,226.517809343254
Nn1c([N+](=O)[O-])nc2c(=N[N+](=O)[O-])n(C=N[N+](=O)[O-])c(=O)n([N+](=O)[O-])c21,1.8344522559872136,135.260755471602
Nn1c([N+](=O)[O-])nc2c(=N[N+](=O)[O-])n(C=N[N+](=O)[O-])c([N+](=O)[O-])nc21,1.83421791303553,164.05539697331602
Nn1c([N+](=O)[O-])nc2c(=N[N+](=O)[O-])n(N[N+](=O)[O-])c(=O)[nH]c21,1.855794058761178,149.2329819086086
Nn1c([N+](=O)[O-])nc2c(=N[N+](=O)[O-])n(N[N+](=O)[O-])c(=O)n(N)c21,1.814087050892026,154.38445426895788
Nn1c([N+](=O)[O-])nc2c(=N[N+](=O)[O-])n(N[N+](=O)[O-])c(=O)n(N[N+](=O)[O-])c21,1.8537215950608903,142.22383527562152
Nn1c([N+](=O)[O-])nc2c(=N[N+](=O)[O-])n([N+](=O)[O-])c(=O)[nH]c21,1.895146068192708,162.33411327775335
Nn1c([N+](=O)[O-])nc2c(=N[N+](=O)[O-])n([N+](=O)[O-])c(=O)n(N)c21,1.856100092868861,168.1461696975952
Nn1c([N+](=O)[O-])nc2c(=N[N+](=O)[O-])n([N+](=O)[O-])c(C=N[N+](=O)[O-])nc21,1.8172645995975765,136.55957054366618
Nn1c([N+](=O)[O-])nc2c(=N[N+](=O)[O-])n([N+](=O)[O-])c([N+](=O)[O-])nc21,1.877406646587304,158.8157410502026
Nn1c([N+](=O)[O-])nc2c(=O)n(N[N+](=O)[O-])c(=O)n(N[N+](=O)[O-])c21,1.8523784433575656,179.91147532035615
Nn1c([N+](=O)[O-])nc2c(=O)n(N[N+](=O)[O-])c(=O)n([N+](=O)[O-])c21,1.860037538905704,124.75055625912168
Nn1c([N+](=O)[O-])nc2c(=O)n(N[N+](=O)[O-])c([N+](=O)[O-])nc21,1.870160778428512,184.1052807945975
Nn1c([N+](=O)[O-])nc2c(=O)n([N+](=O)[O-])c(=O)n([N+](=O)[O-])c21,1.8613677840317764,145.55472990928683
Nn1c([N+](=O)[O-])nc2c(=O)n([N+](=O)[O-])c([N+](=O)[O-])nc21,1.9040858071190447,209.96531534599367
Nn1c([N+](=O)[O-])nc2c(C=N[N+](=O)[O-])nc(C=N[N+](=O)[O-])nc2c1=N[N+](=O)[O-],1.8046205645411229,142.86717234767008
Nn1c([N+](=O)[O-])nc2c(C=N[N+](=O)[O-])nc([N+](=O)[O-])nc2c1=NN[N+](=O)[O-],1.7861548316275857,141.89256893310315
Nn1c([N+](=O)[O-])nc2c(C=N[N+](=O)[O-])nc([N+](=O)[O-])nc2c1=N[N+](=O)[O-],1.8262187996748973,133.61319587671434
Nn1c([N+](=O)[O-])nc2c(N[N+](=O)[O-])nc([N+](=O)[O-])n2c1=O,1.868858660241102,152.8297086995682
Nn1c([N+](=O)[O-])nc2c(N[N+](=O)[O-])ncnc2c1=NN[N+](=O)[O-],1.810640777848329,147.45973266336318
Nn1c([N+](=O)[O-])nc2c([N+](=O)[O-])nc(C=N[N+](=O)[O-])nc2c1=NN[N+](=O)[O-],1.789778796063989,148.82725825376986
Nn1c([N+](=O)[O-])nc2c([N+](=O)[O-])nc(C=N[N+](=O)[O-])nc2c1=N[N+](=O)[O-],1.824228439159317,151.4481133721812
Nn1c([N+](=O)[O-])nc2c([N+](=O)[O-])nc(N[N+](=O)[O-])n2c1=O,1.862901750622325,164.48702083411715
Nn1c([N+](=O)[O-])nc2c([N+](=O)[O-])nc([N+](=O)[O-])n2c1=O,1.8981459616584284,244.74026056951757
Nn1c([N+](=O)[O-])nc2c([N+](=O)[O-])nc([N+](=O)[O-])nc21,1.8731894857375675,253.47230429396276
Nn1c([N+](=O)[O-])nc2c([N+](=O)[O-])nc([N+](=O)[O-])nc2c1=NC=N[N+](=O)[O-],1.8325014467195728,180.16732655155784
Nn1c([N+](=O)[O-])nc2c([N+](=O)[O-])nc([N+](=O)[O-])nc2c1=NN[N+](=O)[O-],1.8623839691113693,181.96510866212955
Nn1c([N+](=O)[O-])nc2c([N+](=O)[O-])nc([N+](=O)[O-])nc2c1=N[N+](=O)[O-],1.856670476816518,151.77171732272905
Nn1c([N+](=O)[O-])nc2c([N+](=O)[O-])ncnc2c1=NN[N+](=O)[O-],1.8321719855472969,192.5398106828789
Nn1c([N+](=O)[O-])nc2c([N+](=O)[O-])ncnc2c1=N[N+](=O)[O-],1.843259133088893,158.22683998869633
Nn1c([N+](=O)[O-])nc2c([N+](=O)[O-])nn([N+](=O)[O-])c2c1=O,1.890572042289581,189.65577221681133
Nn1c([N+](=O)[O-])nc2c([nH]c(=O)n2N[N+](=O)[O-])c1=NN[N+](=O)[O-],1.862874274435457,209.29418228652105
Nn1c([N+](=O)[O-])nc2c([nH]c(=O)n2N[N+](=O)[O-])c1=N[N+](=O)[O-],1.876582433287013,149.16509047354572
Nn1c([N+](=O)[O-])nc2c([nH]c(=O)n2[N+](=O)[O-])c1=NN[N+](=O)[O-],1.875801097299388,178.13970570942232
Nn1c([N+](=O)[O-])nc2c([nH]c(=O)n2[N+](=O)[O-])c1=N[N+](=O)[O-],1.936074415387166,173.53704556845082
Nn1c([N+](=O)[O-])nc2c(c([N+](=O)[O-])nn2N)c1=O,1.848439442746992,267.31843608026014
Nn1c([N+](=O)[O-])nc2c(c([N+](=O)[O-])nn2[N+](=O)[O-])c1=O,1.9052372401132087,203.6947275190646
Nn1c([N+](=O)[O-])nc2c(c1=NC=N[N+](=O)[O-])n(C=N[N+](=O)[O-])c(=O)n2[N+](=O)[O-],1.828264076411337,161.55051479958252
Nn1c([N+](=O)[O-])nc2c(c1=NC=N[N+](=O)[O-])n(N[N+](=O)[O-])c(=O)n2N[N+](=O)[O-],1.7821255030526826,168.76953170643785
Nn1c([N+](=O)[O-])nc2c(c1=NC=N[N+](=O)[O-])n([N+](=O)[O-])c(=O)n2[N+](=O)[O-],1.8319885096941968,152.57298554100436
Nn1c([N+](=O)[O-])nc2c(c1=NN[N+](=O)[O-])n(C=N[N+](=O)[O-])c(=O)n2N[N+](=O)[O-],1.785608633954948,162.24258732676765
Nn1c([N+](=O)[O-])nc2c(c1=NN[N+](=O)[O-])n(C=N[N+](=O)[O-])c(=O)n2[N+](=O)[O-],1.81149286501714,141.71770786392776
Nn1c([N+](=O)[O-])nc2c(c1=NN[N+](=O)[O-])n(N)c(=O)n2N[N+](=O)[O-],1.818590759448496,218.73222460528228
Nn1c([N+](=O)[O-])nc2c(c1=NN[N+](=O)[O-])n(N)c(=O)n2[N+](=O)[O-],1.8291379276123776,189.06261720665933
Nn1c([N+](=O)[O-])nc2c(c1=NN[N+](=O)[O-])n(N[N+](=O)[O-])c(=O)n2N,1.8211228346799089,221.6440458477533
Nn1c([N+](=O)[O-])nc2c(c1=NN[N+](=O)[O-])n(N[N+](=O)[O-])c(=O)n2N[N+](=O)[O-],1.823355238710071,191.35493405831423
Nn1c([N+](=O)[O-])nc2c(c1=NN[N+](=O)[O-])n(N[N+](=O)[O-])c(=O)n2[N+](=O)[O-],1.8421366947024505,156.57527084904473
Nn1c([N+](=O)[O-])nc2c(c1=NN[N+](=O)[O-])n([N+](=O)[O-])c(=O)n2C=N[N+](=O)[O-],1.7990915965328176,154.7935004954873
Nn1c([N+](=O)[O-])nc2c(c1=NN[N+](=O)[O-])n([N+](=O)[O-])c(=O)n2N,1.826344286312555,197.86591291954244
Nn1c([N+](=O)[O-])nc2c(c1=NN[N+](=O)[O-])n([N+](=O)[O-])c(=O)n2N[N+](=O)[O-],1.8308158549609648,161.07111328264108
Nn1c([N+](=O)[O-])nc2c(c1=N[N+](=O)[O-])n(C=N[N+](=O)[O-])c(=O)n2N[N+](=O)[O-],1.809755502338012,129.248446400917
Nn1c([N+](=O)[O-])nc2c(c1=N[N+](=O)[O-])n(C=N[N+](=O)[O-])c(=O)n2[N+](=O)[O-],1.858328267012361,146.49535457877073
Nn1c([N+](=O)[O-])nc2c(c1=N[N+](=O)[O-])n(N)c(=O)n2N[N+](=O)[O-],1.8317709416776533,153.75983060764423
Nn1c([N+](=O)[O-])nc2c(c1=N[N+](=O)[O-])n(N)c(=O)n2[N+](=O)[O-],1.8650255152557256,182.4453292623506
Nn1c([N+](=O)[O-])nc2c(c1=N[N+](=O)[O-])n(N[N+](=O)[O-])c(=O)n2N,1.822560490004909,165.12546322301904
Nn1c([N+](=O)[O-])nc2c(c1=N[N+](=O)[O-])n(N[N+](=O)[O-])c(=O)n2N[N+](=O)[O-],1.854772486902844,141.99858737372966
Nn1c([N+](=O)[O-])nc2c(c1=N[N+](=O)[O-])n([N+](=O)[O-])c(=O)n2C=N[N+](=O)[O-],1.847025720626869,132.10569952263938
Nn1c([N+](=O)[O-])nc2c(c1=N[N+](=O)[O-])n([N+](=O)[O-])c(=O)n2N,1.837072725004012,175.54804034111245
Nn1c([N+](=O)[O-])nc2c(c1=O)n(N[N+](=O)[O-])c(=O)n2N[N+](=O)[O-],1.8508705791445417,180.09602667317017
Nn1c([N+](=O)[O-])nc2c(c1=O)n(N[N+](=O)[O-])c(=O)n2[N+](=O)[O-],1.874965170466801,142.85838701894528
Nn1c([N+](=O)[O-])nc2c(c1=O)n([N+](=O)[O-])c(=O)n2[N+](=O)[O-],1.8858576347632847,154.2696703161375
Nn1c([N+](=O)[O-])nc2c(nc(C=N[N+](=O)[O-])n2[N+](=O)[O-])c1=NN[N+](=O)[O-],1.7878339158682512,154.7991151792588
Nn1c([N+](=O)[O-])nc2c(nc(C=N[N+](=O)[O-])n2[N+](=O)[O-])c1=N[N+](=O)[O-],1.8278925694425767,148.22746470574685
Nn1c([N+](=O)[O-])nc2c(nc(N[N+](=O)[O-])n2[N+](=O)[O-])c1=NN[N+](=O)[O-],1.8264472135546783,141.88798470894147
Nn1c([N+](=O)[O-])nc2c(nc(N[N+](=O)[O-])n2[N+](=O)[O-])c1=O,1.838975487097511,130.8982122362514
Nn1c([N+](=O)[O-])nc2c(nc([N+](=O)[O-])n2C=N[N+](=O)[O-])c1=NN[N+](=O)[O-],1.807063884458376,172.61228072924385
Nn1c([N+](=O)[O-])nc2c(nc([N+](=O)[O-])n2C=N[N+](=O)[O-])c1=N[N+](=O)[O-],1.8203321712498992,162.62077921459513
Nn1c([N+](=O)[O-])nc2c(nc([N+](=O)[O-])n2N)c1=NN[N+](=O)[O-],1.8389126533964888,262.8815255842728
Nn1c([N+](=O)[O-])nc2c(nc([N+](=O)[O-])n2N)c1=N[N+](=O)[O-],1.8400804997970188,219.9061955323096
Nn1c([N+](=O)[O-])nc2c(nc([N+](=O)[O-])n2N[N+](=O)[O-])c1=NC=N[N+](=O)[O-],1.7998459263209816,170.97365838981833
Nn1c([N+](=O)[O-])nc2c(nc([N+](=O)[O-])n2N[N+](=O)[O-])c1=NN[N+](=O)[O-],1.8551246882350407,204.7816378200821
Nn1c([N+](=O)[O-])nc2c(nc([N+](=O)[O-])n2N[N+](=O)[O-])c1=O,1.8631399980847745,189.9398025550356
Nn1c([N+](=O)[O-])nc2c(nc([N+](=O)[O-])n2[N+](=O)[O-])c1=NC=N[N+](=O)[O-],1.8222683024492925,181.19991313570853
Nn1c([N+](=O)[O-])nc2c(nc([N+](=O)[O-])n2[N+](=O)[O-])c1=NN[N+](=O)[O-],1.871231409741557,183.0938780820412
Nn1c([N+](=O)[O-])nc2c(nc([N+](=O)[O-])n2[N+](=O)[O-])c1=N[N+](=O)[O-],1.859543220612219,149.57887285097414
Nn1c([N+](=O)[O-])nc2c(nc([N+](=O)[O-])n2[N+](=O)[O-])c1=O,1.8867646743058328,219.8445595155192
Nn1c([N+](=O)[O-])nc2c(ncn2N[N+](=O)[O-])c1=NN[N+](=O)[O-],1.7933834910167077,217.78810562083945
Nn1c([N+](=O)[O-])nc2c(ncn2[N+](=O)[O-])c1=NN[N+](=O)[O-],1.8206212135051767,180.07901087858735
Nn1c([N+](=O)[O-])nc2c(ncn2[N+](=O)[O-])c1=N[N+](=O)[O-],1.863235477834141,154.73551732590352
Nn1c([N+](=O)[O-])nc2c(nnn2N[N+](=O)[O-])c1=O,1.8477859433340589,181.75654627930453
Nn1c([N+](=O)[O-])nc2c(nnn2[N+](=O)[O-])c1=O,1.857383050031218,182.2278362295737
Nn1c([N+](=O)[O-])nc2c1c(=NC=N[N+](=O)[O-])n(C=N[N+](=O)[O-])c(=O)n2[N+](=O)[O-],1.8318274124722431,156.43872173972193
Nn1c([N+](=O)[O-])nc2c1c(=NC=N[N+](=O)[O-])n([N+](=O)[O-])c(=O)n2[N+](=O)[O-],1.8434601430875603,138.03684008251952
Nn1c([N+](=O)[O-])nc2c1c(=NN[N+](=O)[O-])[nH]c(=O)n2N[N+](=O)[O-],1.8716793800461409,193.2536285500356
Nn1c([N+](=O)[O-])nc2c1c(=NN[N+](=O)[O-])[nH]c(=O)n2[N+](=O)[O-],1.872130712568328,178.95147668910548
Nn1c([N+](=O)[O-])nc2c1c(=NN[N+](=O)[O-])n(N[N+](=O)[O-])c(=O)n2N,1.8174905550816896,209.3520597679397
Nn1c([N+](=O)[O-])nc2c1c(=NN[N+](=O)[O-])n(N[N+](=O)[O-])c(=O)n2N[N+](=O)[O-],1.841032043531717,182.17423251333173
Nn1c([N+](=O)[O-])nc2c1c(=NN[N+](=O)[O-])n(N[N+](=O)[O-])c(=O)n2[N+](=O)[O-],1.849803273896223,152.02816965536982
Nn1c([N+](=O)[O-])nc2c1c(=NN[N+](=O)[O-])n([N+](=O)[O-])c(=O)n2N,1.8311024388205752,175.84349821218927
Nn1c([N+](=O)[O-])nc2c1c(=N[N+](=O)[O-])[nH]c(=O)n2N[N+](=O)[O-],1.8661500866619387,164.09168104150052
Nn1c([N+](=O)[O-])nc2c1c(=N[N+](=O)[O-])[nH]c(=O)n2[N+](=O)[O-],1.8927732825393748,182.127128619244
Nn1c([N+](=O)[O-])nc2c1c(=N[N+](=O)[O-])n(C=N[N+](=O)[O-])c(=O)n2[N+](=O)[O-],1.8430983612428369,130.87749735588972
Nn1c([N+](=O)[O-])nc2c1c(=N[N+](=O)[O-])n(N[N+](=O)[O-])c(=O)n2N,1.8177867917595816,158.35334211682334
Nn1c([N+](=O)[O-])nc2c1c(=N[N+](=O)[O-])n([N+](=O)[O-])c(=O)n2N,1.8448443283068,166.79630724178264
Nn1c([N+](=O)[O-])nc2c1c(=N[N+](=O)[O-])n([N+](=O)[O-])c(=O)n2[N+](=O)[O-],1.8924058969986453,130.2525896576323
Nn1c([N+](=O)[O-])nc2c1c(=O)n(N[N+](=O)[O-])c(=O)n2N[N+](=O)[O-],1.8600112919166696,173.3953639776098
Nn1c([N+](=O)[O-])nc2c1c(=O)n(N[N+](=O)[O-])c(=O)n2[N+](=O)[O-],1.864192336041825,127.3073511384554
Nn1c([N+](=O)[O-])nc2c1c(=O)n([N+](=O)[O-])c(=O)n2[N+](=O)[O-],1.8637418711886973,149.93165994611314
Nn1c([N+](=O)[O-])nc2c1c(=O)nc(N[N+](=O)[O-])n2[N+](=O)[O-],1.838835575461748,135.73164909125205
Nn1c([N+](=O)[O-])nc2c1c(=O)nc([N+](=O)[O-])n2N[N+](=O)[O-],1.847016393184485,178.7871646199102
Nn1c([N+](=O)[O-])nc2c1c(=O)nc([N+](=O)[O-])n2[N+](=O)[O-],1.883318654332278,199.56966559071736
Nn1c([N+](=O)[O-])nc2c1nc(N[N+](=O)[O-])n1c(N[N+](=O)[O-])c([N+](=O)[O-])nc21,1.8200104467933995,154.54167202007014
Nn1c([N+](=O)[O-])nc2c1nc(N[N+](=O)[O-])n1c([N+](=O)[O-])c(N[N+](=O)[O-])nc21,1.8289638153545391,157.37529723138
Nn1c([N+](=O)[O-])nc2c1nc(N[N+](=O)[O-])n1c([N+](=O)[O-])c([N+](=O)[O-])nc21,1.8482394450288937,161.24831270246955
Nn1c([N+](=O)[O-])nc2c1nc([N+](=O)[O-])n1c(C=N[N+](=O)[O-])c([N+](=O)[O-])nc21,1.837274421907351,228.64473742753157
Nn1c([N+](=O)[O-])nc2c1nc([N+](=O)[O-])n1c(N[N+](=O)[O-])c([N+](=O)[O-])nc21,1.865176453519113,158.34604302792036
Nn1c([N+](=O)[O-])nc2c1nc([N+](=O)[O-])n1c([N+](=O)[O-])c(N[N+](=O)[O-])nc21,1.8479462813455856,166.01984271475672
Nn1c([N+](=O)[O-])nc2c1nc([N+](=O)[O-])n1c([N+](=O)[O-])c([N+](=O)[O-])nc21,1.8929937427861143,254.38482169134875
Nn1c([N+](=O)[O-])nc2nc(N[N+](=O)[O-])n([N+](=O)[O-])c2c1=O,1.8309283627156143,129.4434146435047
Nn1c([N+](=O)[O-])nc2nc(N[N+](=O)[O-])nn2c1=O,1.8481571249269213,146.2178835122936
Nn1c([N+](=O)[O-])nc2nc([N+](=O)[O-])n(N[N+](=O)[O-])c(=O)c21,1.845041976087864,180.32034319810697
Nn1c([N+](=O)[O-])nc2nc([N+](=O)[O-])n(N[N+](=O)[O-])c2c1=O,1.8635548523536063,190.42720334497383
Nn1c([N+](=O)[O-])nc2nc([N+](=O)[O-])n([N+](=O)[O-])c(=O)c21,1.8805565744944763,189.5454271669256
Nn1c([N+](=O)[O-])nc2nc([N+](=O)[O-])n([N+](=O)[O-])c2c1=O,1.885374957696342,214.30689599434567
Nn1c([N+](=O)[O-])nc2nc([N+](=O)[O-])nc([N+](=O)[O-])c21,1.8669072725274216,251.57479053721104
Nn1c([N+](=O)[O-])nc2nc([N+](=O)[O-])nn2c1=O,1.8841021594925509,249.47510357749076
Nn1c([N+](=O)[O-])nc2nn([N+](=O)[O-])c(=O)nc21,1.8845020826229928,219.83839327163605
Nn1c([N+](=O)[O-])nc2nnn(N[N+](=O)[O-])c2c1=O,1.858619912274816,199.01595868819288
Nn1c([N+](=O)[O-])nc2nnn([N+](=O)[O-])c2c1=O,1.850719966257052,186.0863261834709
Nn1c([N+](=O)[O-])nc2noc([N+](=O)[O-])c21,1.835858277544438,282.62220995718553
Nn1c([N+](=O)[O-])nn2c(=O)c(N[N+](=O)[O-])c([N+](=O)[O-])nc12,1.868238493781185,137.51695999834072
Nn1c([N+](=O)[O-])nn2c(=O)c([N+](=O)[O-])c(N[N+](=O)[O-])nc12,1.864992833054504,163.8565116631089
Nn1c([N+](=O)[O-])nn2c(=O)c([N+](=O)[O-])c([N+](=O)[O-])nc12,1.8938356709963595,247.59477405583496
Nn1c([N+](=O)[O-])nn2c(=O)nc([N+](=O)[O-])nc12,1.8887874639524929,249.47602669755787
Nn1c([N+](=O)[O-])nn2c(N[N+](=O)[O-])nc([N+](=O)[O-])c2c1=O,1.8462274650925927,168.51392487911798
Nn1c([N+](=O)[O-])nn2c([N+](=O)[O-])nc(N[N+](=O)[O-])c2c1=O,1.845523930097258,160.0551395569437
Nn1c([N+](=O)[O-])nn2c([N+](=O)[O-])nc([N+](=O)[O-])c2c1=O,1.9014459601599296,247.90696038179573
Nn1c2nc(N[N+](=O)[O-])nc-2c([N+](=O)[O-])nc1[N+](=O)[O-],1.872123192769817,178.22465917764023
Nn1c2nc(N[N+](=O)[O-])nn([N+](=O)[O-])c-2nc1=O,1.8586218645301984,143.37948251702284
Nn1c2nc([N+](=O)[O-])nc-2c(C=N[N+](=O)[O-])nc1[N+](=O)[O-],1.8181479590053888,230.5322190654857
Nn1c2nc([N+](=O)[O-])nc-2c(N[N+](=O)[O-])nc1[N+](=O)[O-],1.8836210731522152,180.78988268814152
Nn1c2nc([N+](=O)[O-])nc-2c([N+](=O)[O-])nc1[N+](=O)[O-],1.9142737241396253,272.6186492577599
Nn1c2nc([N+](=O)[O-])nn([N+](=O)[O-])c-2nc1=O,1.8967247197397945,235.41374403561164
Nn1cc([N+](=O)[O-])c2nnc([N+](=O)[O-])n2c1=O,1.855647278078698,258.827774216662
Nn1cnc2c(=NN[N+](=O)[O-])n(N[N+](=O)[O-])c(=O)n(N[N+](=O)[O-])c21,1.8106186522873249,169.76385917481852
Nn1cnc2c(=NN[N+](=O)[O-])n(N[N+](=O)[O-])c([N+](=O)[O-])nc21,1.8143227315001755,194.7430059893044
Nn1cnc2c(=NN[N+](=O)[O-])n([N+](=O)[O-])c([N+](=O)[O-])nc21,1.8378760057882544,166.58176687211855
Nn1cnc2c(=N[N+](=O)[O-])n([N+](=O)[O-])c(C=N[N+](=O)[O-])nc21,1.784545667051924,119.19800391768815
Nn1cnc2c(=N[N+](=O)[O-])n([N+](=O)[O-])c([N+](=O)[O-])nc21,1.861753715998642,141.36884444191847
Nn1cnc2c([N+](=O)[O-])nc([N+](=O)[O-])nc2c1=NN[N+](=O)[O-],1.857358791450444,176.9754382770542
Nn1cnc2c([N+](=O)[O-])nc([N+](=O)[O-])nc2c1=N[N+](=O)[O-],1.8629779608880068,135.1322650848689
Nn1cnc2c([N+](=O)[O-])nn([N+](=O)[O-])c2c1=O,1.858030222690596,205.3169747984083
Nn1cnc2c(c1=NN[N+](=O)[O-])n(N[N+](=O)[O-])c(=O)n2N[N+](=O)[O-],1.841707198518248,167.88712800490924
Nn1cnc2c(c1=O)n([N+](=O)[O-])c(=O)n2[N+](=O)[O-],1.8761311007648256,128.51082227456922
Nn1cnc2c(nc([N+](=O)[O-])n2N[N+](=O)[O-])c1=NN[N+](=O)[O-],1.819559041965457,199.81854800853205
Nn1cnc2c(nc([N+](=O)[O-])n2[N+](=O)[O-])c1=NN[N+](=O)[O-],1.80393619057084,168.15960530558488
Nn1cnc2c1c(=NN[N+](=O)[O-])n(N[N+](=O)[O-])c(=O)n2N[N+](=O)[O-],1.809662770207332,163.74100770966373
Nn1cnc2c1c(=O)n([N+](=O)[O-])c(=O)n2[N+](=O)[O-],1.8870005718312468,122.3029636763884
Nn1cnc2c1nc([N+](=O)[O-])n1c([N+](=O)[O-])c([N+](=O)[O-])nc21,1.847386562496779,244.49074071995705
Nn1nc(C=N[N+](=O)[O-])c2c(=O)n([N+](=O)[O-])c([N+](=O)[O-])nc21,1.833544240316975,137.02153351336435
Nn1nc(C=N[N+](=O)[O-])c2c([N+](=O)[O-])c([N+](=O)[O-])nn2c1=O,1.8372014292477628,200.39512318778236
Nn1nc(C=N[N+](=O)[O-])c2c([N+](=O)[O-])n([N+](=O)[O-])nc2c1=O,1.8500118036934008,173.2802893823354
Nn1nc(C=N[N+](=O)[O-])c2c([N+](=O)[O-])nc([N+](=O)[O-])nc21,1.806580990474168,171.2762964506124
Nn1nc(C=N[N+](=O)[O-])c2c([N+](=O)[O-])nn([N+](=O)[O-])c(=O)c21,1.8476326189807588,169.42765191058123
Nn1nc(C=N[N+](=O)[O-])c2c([N+](=O)[O-])nn([N+](=O)[O-])c21,1.8009506859503477,174.4949634639509
Nn1nc(C=N[N+](=O)[O-])c2c([N+](=O)[O-])nn([N+](=O)[O-])c2c1=O,1.8431101109280104,165.40539814484526
Nn1nc(C=N[N+](=O)[O-])c2c1c([N+](=O)[O-])nn2[N+](=O)[O-],1.825074271880328,179.39405909152651
Nn1nc(C=N[N+](=O)[O-])c2nc([N+](=O)[O-])c([N+](=O)[O-])n2c1=O,1.8394414976879463,194.53452947811348
Nn1nc(C=N[N+](=O)[O-])c2nc([N+](=O)[O-])n([N+](=O)[O-])c(=O)c21,1.8523460865322408,147.17807370334356
Nn1nc(C=N[N+](=O)[O-])c2nc([N+](=O)[O-])nc([N+](=O)[O-])c21,1.827566578946537,187.07478795868792
Nn1nc(C=N[N+](=O)[O-])n2c(C=N[N+](=O)[O-])nn([N+](=O)[O-])c3nnc1n3-2,1.8012625768241788,169.7436793407927
Nn1nc(C=N[N+](=O)[O-])n2c(N[N+](=O)[O-])n[nH]c3nnc1n3-2,1.7813559529031089,185.90555978806992
Nn1nc(C=N[N+](=O)[O-])n2c([N+](=O)[O-])nn(C=N[N+](=O)[O-])c3nnc1n3-2,1.810979385698602,213.3698515114549
Nn1nc(C=N[N+](=O)[O-])n2c([N+](=O)[O-])nn([N+](=O)[O-])c3nnc1n3-2,1.8296962003460864,219.9484113487609
Nn1nc(C=N[N+](=O)[O-])n2nc([N+](=O)[O-])c([N+](=O)[O-])c12,1.7924313326830923,204.49318178994383
Nn1nc(C=N[N+](=O)[O-])n2nc([N+](=O)[O-])nc12,1.8016563178125755,209.3994014603989
Nn1nc(N[N+](=O)[O-])c2[nH]nc([N+](=O)[O-])c21,1.8523309384765856,164.0507004554789
Nn1nc(N[N+](=O)[O-])c2c(=O)[nH]n([N+](=O)[O-])c(=O)c21,1.9011975898917923,119.50324454954809
Nn1nc(N[N+](=O)[O-])c2c(=O)n([N+](=O)[O-])[nH]c(=O)c21,1.8908094582358488,116.57659393640998
Nn1nc(N[N+](=O)[O-])c2c(=O)n3c([N+](=O)[O-])c([N+](=O)[O-])n(N[N+](=O)[O-])c3nc21,1.8467897146428225,130.94386952357914
Nn1nc(N[N+](=O)[O-])c2c(=O)n3c([N+](=O)[O-])c([N+](=O)[O-])n([N+](=O)[O-])c3nc21,1.854073796393088,126.53457248618771
Nn1nc(N[N+](=O)[O-])c2c(N[N+](=O)[O-])[nH]nc2c1=O,1.8270429406694333,159.8683357251108
Nn1nc(N[N+](=O)[O-])c2c(N[N+](=O)[O-])n[nH]c2c1=O,1.8346615811476965,152.24276947462678
Nn1nc(N[N+](=O)[O-])c2c(N[N+](=O)[O-])nn(N)c21,1.783688988467676,163.60328942501437
Nn1nc(N[N+](=O)[O-])c2c([N+](=O)[O-])[nH]nc2c1=O,1.887723087087248,160.06383901403433
Nn1nc(N[N+](=O)[O-])c2c([N+](=O)[O-])c([N+](=O)[O-])nn2c1=O,1.8634574203488563,128.33730872949897
Nn1nc(N[N+](=O)[O-])c2c([N+](=O)[O-])c3c([N+](=O)[O-])nn([N+](=O)[O-])c3nc21,1.8843949977999617,117.89167177488054
Nn1nc(N[N+](=O)[O-])c2c([N+](=O)[O-])cnn2c1=O,1.8032321494352208,147.48371066582263
Nn1nc(N[N+](=O)[O-])c2c([N+](=O)[O-])n[nH]c(=O)c21,1.8886294397251235,156.02758817193157
Nn1nc(N[N+](=O)[O-])c2c([N+](=O)[O-])n[nH]c21,1.849762421144695,160.85823750157746
Nn1nc(N[N+](=O)[O-])c2c([N+](=O)[O-])n[nH]c2c1=O,1.879239633627309,148.23611792426527
Nn1nc(N[N+](=O)[O-])c2c([N+](=O)[O-])nn(N)c21,1.8187432161327368,178.12752514839332
Nn1nc(N[N+](=O)[O-])c2c([N+](=O)[O-])nn(N)c2c1=O,1.8269902297741,160.16460607395692
Nn1nc(N[N+](=O)[O-])c2c1c(N[N+](=O)[O-])nn2N,1.7927852332005303,154.13018836023286
Nn1nc(N[N+](=O)[O-])c2c1nnn1c([N+](=O)[O-])c([N+](=O)[O-])nc21,1.8485333317697508,163.23890965926478
Nn1nc(N[N+](=O)[O-])c2n[nH]nc2c1=NC=N[N+](=O)[O-],1.7880457355772783,163.9989264655954
Nn1nc(N[N+](=O)[O-])c2n[nH]nc2c1=NN[N+](=O)[O-],1.8300233115813271,176.70514079478397
Nn1nc(N[N+](=O)[O-])c2nc([N+](=O)[O-])c([N+](=O)[O-])n2c1=O,1.8742677091548787,134.90812690871067
Nn1nc(N[N+](=O)[O-])n2c(C=N[N+](=O)[O-])n[nH]c3nnc1n3-2,1.7852110246086634,187.7285881590824
Nn1nc(N[N+](=O)[O-])n2c(N[N+](=O)[O-])n[nH]c3nnc1n3-2,1.8605953054991284,191.91946739225227
Nn1nc(N[N+](=O)[O-])n2c(N[N+](=O)[O-])nn(N)c3nnc1n3-2,1.8438661760542927,190.10099021784987
Nn1nc(N[N+](=O)[O-])n2c([N+](=O)[O-])n[nH]c3nnc1n3-2,1.877343379051752,242.54392343418124
Nn1nc(N[N+](=O)[O-])n2c([N+](=O)[O-])nn(N)c3nnc1n3-2,1.8383361596125407,231.807937970718
Nn1nc(N[N+](=O)[O-])n2c([N+](=O)[O-])nn([N+](=O)[O-])c3nnc1n3-2,1.8753761925306227,161.42111285242527
Nn1nc(N[N+](=O)[O-])n2cnn([N+](=O)[O-])c3nnc1n3-2,1.8324109922201723,155.2027118597747
Nn1nc(N[N+](=O)[O-])n2nc([N+](=O)[O-])cc12,1.8033783516716613,167.02817386501454
Nn1nc(N[N+](=O)[O-])nc2c(=O)n(N[N+](=O)[O-])c(=O)nc1-2,1.8748185343958308,141.88374397131642
Nn1nc(N[N+](=O)[O-])nc2n(C=N[N+](=O)[O-])c(=O)nc1-2,1.813996054099464,162.35793274796518
Nn1nc(N[N+](=O)[O-])nc2n(N[N+](=O)[O-])c(=O)nc1-2,1.8669869534693395,163.75106129636987
Nn1nc([N+](=O)[O-])c(=O)n2nc([N+](=O)[O-])nc12,1.8789135708255136,260.1070124139392
Nn1nc([N+](=O)[O-])c([N+](=O)[O-])n1,1.8672,253.916296972837
Nn1nc([N+](=O)[O-])c2[nH]nc(N[N+](=O)[O-])c21,1.859701714826996,177.98603511735158
Nn1nc([N+](=O)[O-])c2[nH]nc([N+](=O)[O-])c21,1.9071284694387995,285.3359468075757
Nn1nc([N+](=O)[O-])c2c(=O)[nH]c([N+](=O)[O-])nc21,1.905759251510828,249.267864773796
Nn1nc([N+](=O)[O-])c2c(=O)[nH]n([N+](=O)[O-])c(=O)c21,1.9330007338985529,209.15622290074504
Nn1nc([N+](=O)[O-])c2c(=O)n(C=N[N+](=O)[O-])c(=O)n([N+](=O)[O-])c21,1.86900945389298,159.21324745020402
Nn1nc([N+](=O)[O-])c2c(=O)n(C=N[N+](=O)[O-])c([N+](=O)[O-])nc21,1.8317736169905847,180.2188495320493
Nn1nc([N+](=O)[O-])c2c(=O)n(C=N[N+](=O)[O-])n([N+](=O)[O-])c(=O)c21,1.850882581899858,158.63763006995006
Nn1nc([N+](=O)[O-])c2c(=O)n(N[N+](=O)[O-])c(=O)n(C=N[N+](=O)[O-])c21,1.847969925327443,145.013527237797
Nn1nc([N+](=O)[O-])c2c(=O)n(N[N+](=O)[O-])c(=O)n(N[N+](=O)[O-])c21,1.8747211023910813,151.52994243401804
Nn1nc([N+](=O)[O-])c2c(=O)n(N[N+](=O)[O-])c([N+](=O)[O-])nc21,1.8769775480847533,148.69767135232365
Nn1nc([N+](=O)[O-])c2c(=O)n([N+](=O)[O-])[nH]c(=O)c21,1.93056977826539,206.48186314874644
Nn1nc([N+](=O)[O-])c2c(=O)n([N+](=O)[O-])c(=O)n(C=N[N+](=O)[O-])c21,1.8820837804969404,158.8634460457294
Nn1nc([N+](=O)[O-])c2c(=O)n([N+](=O)[O-])c(=O)n(N[N+](=O)[O-])c21,1.9018050666917208,120.625216899341
Nn1nc([N+](=O)[O-])c2c(=O)n([N+](=O)[O-])c(=O)n([N+](=O)[O-])c21,1.9043677634103413,143.20876970832802
Nn1nc([N+](=O)[O-])c2c(=O)n([N+](=O)[O-])c([N+](=O)[O-])nc21,1.920470725017602,173.63441739606924
Nn1nc([N+](=O)[O-])c2c(=O)n([N+](=O)[O-])n(C=N[N+](=O)[O-])c(=O)c21,1.8543808066284624,156.8081679318865
Nn1nc([N+](=O)[O-])c2c(=O)n3c(N[N+](=O)[O-])c([N+](=O)[O-])n(N[N+](=O)[O-])c3nc21,1.823052747584379,155.81061697446995
Nn1nc([N+](=O)[O-])c2c(=O)n3c(N[N+](=O)[O-])c([N+](=O)[O-])n([N+](=O)[O-])c3nc21,1.841304744686384,133.83866836595703
Nn1nc([N+](=O)[O-])c2c(=O)n3c([N+](=O)[O-])c(C=N[N+](=O)[O-])n(N[N+](=O)[O-])c3nc21,1.7991156381963274,153.04576833660576
Nn1nc([N+](=O)[O-])c2c(=O)n3c([N+](=O)[O-])c(C=N[N+](=O)[O-])n([N+](=O)[O-])c3nc21,1.857757485383052,188.20107370671943
Nn1nc([N+](=O)[O-])c2c(=O)n3c([N+](=O)[O-])c(N[N+](=O)[O-])n([N+](=O)[O-])c3nc21,1.858518756523688,116.56017263775593
Nn1nc([N+](=O)[O-])c2c(=O)n3c([N+](=O)[O-])c([N+](=O)[O-])[nH]c3nc21,1.9212629430213424,247.3544870583234
Nn1nc([N+](=O)[O-])c2c(=O)n3c([N+](=O)[O-])c([N+](=O)[O-])n(C=N[N+](=O)[O-])c3nc21,1.8449031128855469,200.74635798799628
Nn1nc([N+](=O)[O-])c2c(=O)n3c([N+](=O)[O-])c([N+](=O)[O-])n(N)c3nc21,1.8684933715672647,260.2195490482956
Nn1nc([N+](=O)[O-])c2c(=O)n3c([N+](=O)[O-])c([N+](=O)[O-])n(N[N+](=O)[O-])c3nc21,1.867758600485806,167.04224360199487
Nn1nc([N+](=O)[O-])c2c(=O)n3c([N+](=O)[O-])c([N+](=O)[O-])n([N+](=O)[O-])c3nc21,1.894355585527085,207.6776487736036
Nn1nc([N+](=O)[O-])c2c(C=N[N+](=O)[O-])c([N+](=O)[O-])nn2c1=O,1.843072656546964,212.57909596285293
Nn1nc([N+](=O)[O-])c2c(C=N[N+](=O)[O-])c3c([N+](=O)[O-])nn([N+](=O)[O-])c3nc21,1.8518942840226464,191.1201477995212
Nn1nc([N+](=O)[O-])c2c(C=N[N+](=O)[O-])n([N+](=O)[O-])nc2c1=O,1.8301769613105243,167.41375731888942
Nn1nc([N+](=O)[O-])c2c(C=N[N+](=O)[O-])nc([N+](=O)[O-])nc21,1.8238942419600943,176.26839105797495
Nn1nc([N+](=O)[O-])c2c(C=N[N+](=O)[O-])nn([N+](=O)[O-])c(=O)c21,1.846347998786039,155.32674352704225
Nn1nc([N+](=O)[O-])c2c(C=N[N+](=O)[O-])nn([N+](=O)[O-])c21,1.8164105601733829,156.3331128407352
Nn1nc([N+](=O)[O-])c2c(C=N[N+](=O)[O-])nn([N+](=O)[O-])c2c1=O,1.8324810203438089,161.09927917864303
Nn1nc([N+](=O)[O-])c2c(N[N+](=O)[O-])[nH]nc2c1=O,1.8701896645776008,160.77487596134654
Nn1nc([N+](=O)[O-])c2c(N[N+](=O)[O-])c([N+](=O)[O-])nn2c1=O,1.8714290213697435,131.80271797530872
Nn1nc([N+](=O)[O-])c2c(N[N+](=O)[O-])c3c([N+](=O)[O-])nn(C=N[N+](=O)[O-])c3nc21,1.843684760915208,142.0864670830191
Nn1nc([N+](=O)[O-])c2c(N[N+](=O)[O-])c3c([N+](=O)[O-])nn(N)c3nc21,1.866798018531744,169.9668597179546
Nn1nc([N+](=O)[O-])c2c(N[N+](=O)[O-])c3c([N+](=O)[O-])nn([N+](=O)[O-])c3nc21,1.885086855415878,114.2252700610718
Nn1nc([N+](=O)[O-])c2c(N[N+](=O)[O-])n[nH]c21,1.8472033758666984,160.23474998803874
Nn1nc([N+](=O)[O-])c2c(N[N+](=O)[O-])n[nH]c2c1=O,1.870208355615247,154.7614439539072
Nn1nc([N+](=O)[O-])c2c(N[N+](=O)[O-])nn(N)c2c1=O,1.8308062021426832,161.99829573862496
Nn1nc([N+](=O)[O-])c2c([N+](=O)[O-])[nH]nc2c1=O,1.91929365963332,255.0170829739692
Nn1nc([N+](=O)[O-])c2c([N+](=O)[O-])c(C=N[N+](=O)[O-])nn2c1=O,1.817089185836149,219.375399842328
Nn1nc([N+](=O)[O-])c2c([N+](=O)[O-])c(N[N+](=O)[O-])nn2c1=O,1.845765069789904,153.97441721588055
Nn1nc([N+](=O)[O-])c2c([N+](=O)[O-])c([N+](=O)[O-])nn2c1=O,1.8780996972481765,236.14812981052532
Nn1nc([N+](=O)[O-])c2c([N+](=O)[O-])c3c(N[N+](=O)[O-])nn([N+](=O)[O-])c3nc21,1.868058850133096,117.620726952599
Nn1nc([N+](=O)[O-])c2c([N+](=O)[O-])c3c([N+](=O)[O-])nn(C=N[N+](=O)[O-])c3nc21,1.8544460264193965,214.94621691612
Nn1nc([N+](=O)[O-])c2c([N+](=O)[O-])c3c([N+](=O)[O-])nn(N)c3nc21,1.873820859589496,274.505851812903
Nn1nc([N+](=O)[O-])c2c([N+](=O)[O-])c3c([N+](=O)[O-])nn([N+](=O)[O-])c3nc21,1.906721568803008,224.52934926904703
Nn1nc([N+](=O)[O-])c2c([N+](=O)[O-])n(C=N[N+](=O)[O-])nc2c1=O,1.828794149900628,192.8456854437295
Nn1nc([N+](=O)[O-])c2c([N+](=O)[O-])n([N+](=O)[O-])nc2c1=O,1.900393369132736,193.43187824600483
Nn1nc([N+](=O)[O-])c2c([N+](=O)[O-])n[nH]c(=O)c21,1.91713121142104,259.66805189539514
Nn1nc([N+](=O)[O-])c2c([N+](=O)[O-])n[nH]c21,1.898256119476044,260.7097652305853
Nn1nc([N+](=O)[O-])c2c([N+](=O)[O-])n[nH]c2c1=O,1.918923707238291,241.39850647688712
Nn1nc([N+](=O)[O-])c2c([N+](=O)[O-])nc(C=N[N+](=O)[O-])nc21,1.803234933206785,176.5997829051894
Nn1nc([N+](=O)[O-])c2c([N+](=O)[O-])nc([N+](=O)[O-])nc21,1.882039023234648,221.15672102118373
Nn1nc([N+](=O)[O-])c2c([N+](=O)[O-])ncnc21,1.834472248528448,250.5601734181955
Nn1nc([N+](=O)[O-])c2c([N+](=O)[O-])nn(C=N[N+](=O)[O-])c(=O)c21,1.858991997689615,191.0928009867988
Nn1nc([N+](=O)[O-])c2c([N+](=O)[O-])nn(C=N[N+](=O)[O-])c21,1.8431738846038468,199.6028516745621
Nn1nc([N+](=O)[O-])c2c([N+](=O)[O-])nn(C=N[N+](=O)[O-])c2c1=O,1.83760113546094,192.6897161340676
Nn1nc([N+](=O)[O-])c2c([N+](=O)[O-])nn(N)c21,1.839492834773937,281.5821921739255
Nn1nc([N+](=O)[O-])c2c([N+](=O)[O-])nn(N)c2c1=O,1.866027239184336,274.20754036136816
Nn1nc([N+](=O)[O-])c2c([N+](=O)[O-])nn([N+](=O)[O-])c(=O)c21,1.9105419518226416,198.65895067195976
Nn1nc([N+](=O)[O-])c2c([N+](=O)[O-])nn([N+](=O)[O-])c21,1.883922877373236,213.00695468277203
Nn1nc([N+](=O)[O-])c2c([N+](=O)[O-])nn([N+](=O)[O-])c2c1=O,1.9021401315600035,203.72789378637836
Nn1nc([N+](=O)[O-])c2c([N+](=O)[O-])nnnc21,1.8711615262294303,263.1754450939229
Nn1nc([N+](=O)[O-])c2c1c(=O)[nH]c(=O)n2[N+](=O)[O-],1.9132967649320745,205.25185107216925
Nn1nc([N+](=O)[O-])c2c1c(=O)n(C=N[N+](=O)[O-])c(=O)n2[N+](=O)[O-],1.86551885742152,148.45516985747753
Nn1nc([N+](=O)[O-])c2c1c(=O)n(N[N+](=O)[O-])c(=O)n2C=N[N+](=O)[O-],1.849424897880746,142.0394358495449
Nn1nc([N+](=O)[O-])c2c1c(=O)n(N[N+](=O)[O-])c(=O)n2N[N+](=O)[O-],1.8711111291182536,150.57209059362117
Nn1nc([N+](=O)[O-])c2c1c(=O)n([N+](=O)[O-])c(=O)n2C=N[N+](=O)[O-],1.8795848213012791,156.87381349344076
Nn1nc([N+](=O)[O-])c2c1c(=O)n([N+](=O)[O-])c(=O)n2[N+](=O)[O-],1.9084429519103,137.54017176160312
Nn1nc([N+](=O)[O-])c2c1c(C=N[N+](=O)[O-])nn2[N+](=O)[O-],1.815082628831468,156.80541343408328
Nn1nc([N+](=O)[O-])c2c1c(N[N+](=O)[O-])nn2N,1.821540617331815,181.82529643070893
Nn1nc([N+](=O)[O-])c2c1c([N+](=O)[O-])nn2C=N[N+](=O)[O-],1.8459791671302108,216.3190665478441
Nn1nc([N+](=O)[O-])c2c1c([N+](=O)[O-])nn2N,1.8525996266618543,304.41203473792683
Nn1nc([N+](=O)[O-])c2c1c([N+](=O)[O-])nn2[N+](=O)[O-],1.8934878080094573,221.20182014288952
Nn1nc([N+](=O)[O-])c2c1cnn2[N+](=O)[O-],1.8182319059868464,191.359333328187
Nn1nc([N+](=O)[O-])c2c1nc([N+](=O)[O-])n1c(=O)n(N[N+](=O)[O-])c(=O)n21,1.8702399893830224,169.3470911067257
Nn1nc([N+](=O)[O-])c2c1nc([N+](=O)[O-])n1c(=O)n([N+](=O)[O-])c(=O)n21,1.916517588631942,183.5478615952735
Nn1nc([N+](=O)[O-])c2c1nnn1c(N[N+](=O)[O-])c([N+](=O)[O-])nc21,1.832833149370251,164.52458637130366
Nn1nc([N+](=O)[O-])c2c1nnn1c([N+](=O)[O-])c(N[N+](=O)[O-])nc21,1.8137553482413475,189.3435957991161
Nn1nc([N+](=O)[O-])c2c1nnn1c([N+](=O)[O-])c([N+](=O)[O-])nc21,1.876630191238136,265.5913927925434
Nn1nc([N+](=O)[O-])c2cnn([N+](=O)[O-])c21,1.8226434247057977,207.071266229037
Nn1nc([N+](=O)[O-])c2cnn([N+](=O)[O-])c2c1=O,1.8551972109072217,194.2983296401121
Nn1nc([N+](=O)[O-])c2n[nH]nc2c1=NN[N+](=O)[O-],1.8719013587137336,223.74011629057367
Nn1nc([N+](=O)[O-])c2n[nH]nc2c1=N[N+](=O)[O-],1.8903731291578063,199.4967539678117
Nn1nc([N+](=O)[O-])c2nc(C=N[N+](=O)[O-])n([N+](=O)[O-])c(=O)c21,1.8529762673392127,164.31739132911474
Nn1nc([N+](=O)[O-])c2nc(C=N[N+](=O)[O-])nc([N+](=O)[O-])c21,1.80368387963906,189.47911444882908
Nn1nc([N+](=O)[O-])c2nc(N[N+](=O)[O-])c([N+](=O)[O-])n2c1=O,1.8420386842516607,154.1447336939562
Nn1nc([N+](=O)[O-])c2nc(N[N+](=O)[O-])n([N+](=O)[O-])c(=O)c21,1.880891675515636,101.584939091809
Nn1nc([N+](=O)[O-])c2nc(N[N+](=O)[O-])nc([N+](=O)[O-])c21,1.8691183825127613,132.2914861058831
Nn1nc([N+](=O)[O-])c2nc([N+](=O)[O-])[nH]c(=O)c21,1.9095690417373656,251.35046823245267
Nn1nc([N+](=O)[O-])c2nc([N+](=O)[O-])c(N[N+](=O)[O-])n2c1=O,1.8366978558176483,160.3438796240257
Nn1nc([N+](=O)[O-])c2nc([N+](=O)[O-])c([N+](=O)[O-])n2c1=O,1.900703813891469,242.2458283131093
Nn1nc([N+](=O)[O-])c2nc([N+](=O)[O-])n(C=N[N+](=O)[O-])c(=O)c21,1.8325303328686613,178.07503115788498
Nn1nc([N+](=O)[O-])c2nc([N+](=O)[O-])n(N[N+](=O)[O-])c(=O)c21,1.8830551360084853,145.77966074668336
Nn1nc([N+](=O)[O-])c2nc([N+](=O)[O-])n([N+](=O)[O-])c(=O)c21,1.9134266983736588,171.91274397539777
Nn1nc([N+](=O)[O-])c2nc([N+](=O)[O-])nc(C=N[N+](=O)[O-])c21,1.80670412717479,176.42619669950562
Nn1nc([N+](=O)[O-])c2nc([N+](=O)[O-])nc([N+](=O)[O-])c21,1.8845862465217151,234.5445645657425
Nn1nc([N+](=O)[O-])c2nc([N+](=O)[O-])nnc21,1.8479356885524905,247.57220798120628
Nn1nc([N+](=O)[O-])c2ncc(N[N+](=O)[O-])n2c1=O,1.8071023872728689,171.0273942162667
Nn1nc([N+](=O)[O-])c2ncnc(N[N+](=O)[O-])c21,1.804906316884552,145.29209481898712
Nn1nc([N+](=O)[O-])c2ncnc([N+](=O)[O-])c21,1.840577493403436,260.1493101800029
Nn1nc([N+](=O)[O-])c2nn(C=N[N+](=O)[O-])nc2c1=NC=N[N+](=O)[O-],1.7942501116422565,185.54522920014617
Nn1nc([N+](=O)[O-])c2nn(C=N[N+](=O)[O-])nc2c1=NN[N+](=O)[O-],1.8223513456088136,166.45649336891097
Nn1nc([N+](=O)[O-])c2nn(C=N[N+](=O)[O-])nc2c1=N[N+](=O)[O-],1.8339829554849296,145.34319504681807
Nn1nc([N+](=O)[O-])n2c(=O)c(C=N[N+](=O)[O-])c([N+](=O)[O-])nc12,1.877471215626444,199.65483704077585
Nn1nc([N+](=O)[O-])n2c(=O)c([N+](=O)[O-])c(N[N+](=O)[O-])nc12,1.861677252662818,144.79892741854002
Nn1nc([N+](=O)[O-])n2c(=O)c([N+](=O)[O-])c([N+](=O)[O-])nc12,1.9086013738193213,230.00142998101435
Nn1nc([N+](=O)[O-])n2c(C=N[N+](=O)[O-])nn(C=N[N+](=O)[O-])c3nnc1n3-2,1.8036085731953144,223.7246032495886
Nn1nc([N+](=O)[O-])n2c(C=N[N+](=O)[O-])nn([N+](=O)[O-])c3nnc1n3-2,1.8599007002645247,221.45475173853
Nn1nc([N+](=O)[O-])n2c(N[N+](=O)[O-])n[nH]c3nnc1n3-2,1.882754741749686,230.7750079000307
Nn1nc([N+](=O)[O-])n2c(N[N+](=O)[O-])nn([N+](=O)[O-])c3nnc1n3-2,1.8921912935180536,173.23140200046146
Nn1nc([N+](=O)[O-])n2c([N+](=O)[O-])n[nH]c3nnc1n3-2,1.9202159556901544,297.7260626973168
Nn1nc([N+](=O)[O-])n2c([N+](=O)[O-])nn(C=N[N+](=O)[O-])c3nnc1n3-2,1.8561317627895144,240.7793224533215
Nn1nc([N+](=O)[O-])n2c([N+](=O)[O-])nn(N)c3nnc1n3-2,1.8656223631096824,311.35844883941047
Nn1nc([N+](=O)[O-])n2c([N+](=O)[O-])nn([N+](=O)[O-])c3nnc1n3-2,1.917859366525924,259.7011258919866
Nn1nc([N+](=O)[O-])n2cnn([N+](=O)[O-])c3nnc1n3-2,1.863947653367189,268.32462787086325
Nn1nc([N+](=O)[O-])n2nc(C=N[N+](=O)[O-])c([N+](=O)[O-])c12,1.827005847817161,226.10557926075063
Nn1nc([N+](=O)[O-])n2nc(C=N[N+](=O)[O-])nc12,1.808384693683432,231.6003565061754
Nn1nc([N+](=O)[O-])n2nc(N[N+](=O)[O-])c([N+](=O)[O-])c12,1.8874186075532955,163.40395494010556
Nn1nc([N+](=O)[O-])n2nc(N[N+](=O)[O-])cc12,1.7949811589773377,145.4386314599129
Nn1nc([N+](=O)[O-])n2nc(N[N+](=O)[O-])nc12,1.8692234066217768,165.04930829454656
Nn1nc([N+](=O)[O-])n2nc([N+](=O)[O-])c(C=N[N+](=O)[O-])c12,1.8435711685742344,205.6974323762753
Nn1nc([N+](=O)[O-])n2nc([N+](=O)[O-])c(N[N+](=O)[O-])c12,1.8880538859159897,138.61302553666093
Nn1nc([N+](=O)[O-])n2nc([N+](=O)[O-])c([N+](=O)[O-])c12,1.9096070022586968,269.5546465529508
Nn1nc([N+](=O)[O-])n2nc([N+](=O)[O-])cc12,1.8242092781342647,279.14994914579694
Nn1nc([N+](=O)[O-])n2nc([N+](=O)[O-])nc12,1.887692935587448,277.7248763494876
Nn1nc([N+](=O)[O-])n2ncc([N+](=O)[O-])c12,1.81871642685054,294.89244739427244
Nn1nc([N+](=O)[O-])nc1[N+](=O)[O-],1.854,267.784083273339
Nn1nc([N+](=O)[O-])nc2c(=O)n(N[N+](=O)[O-])c(=O)nc1-2,1.8647860385954431,168.61925634667128
Nn1nc([N+](=O)[O-])nc2c(=O)n([N+](=O)[O-])c(=O)nc1-2,1.9338215488283623,169.47150589359177
Nn1nc([N+](=O)[O-])nc2n(N[N+](=O)[O-])c(=O)nc1-2,1.8714465555153104,212.55062291062117
Nn1nc([N+](=O)[O-])nc2n([N+](=O)[O-])c(=O)nc1-2,1.9096046161687847,221.28970315493407
Nn1nc(c(n1)[N+](=O)[O-])[N+](=O)[O-],1.868,253.916296972837
Nn1nc(c2c1c(nn2N)[N+](=O)[O-])[N+](=O)[O-],1.8353,304.41203473792683
Nn1nc2c(=O)[nH]nc(N[N+](=O)[O-])c2c1[N+](=O)[O-],1.8678374499115424,157.93969184960127
Nn1nc2c(=O)[nH]nc([N+](=O)[O-])c2c1N[N+](=O)[O-],1.892533480503195,148.6718173849335
Nn1nc2c(=O)[nH]nc([N+](=O)[O-])c2c1[N+](=O)[O-],1.9363988151565976,268.24277445120714
Nn1nc2c(=O)n(C=N[N+](=O)[O-])nc([N+](=O)[O-])c2c1[N+](=O)[O-],1.8604870637840187,198.07542649585343
Nn1nc2c(=O)n(N)nc(N[N+](=O)[O-])c2c1[N+](=O)[O-],1.8209733063787417,177.26486531720943
Nn1nc2c(=O)n(N)nc([N+](=O)[O-])c2c1N[N+](=O)[O-],1.833946766454594,156.45625276410965
Nn1nc2c(=O)n(N)nc([N+](=O)[O-])c2c1[N+](=O)[O-],1.8744498111986352,278.03192523979743
Nn1nc2c(=O)n([N+](=O)[O-])nc(C=N[N+](=O)[O-])c2c1[N+](=O)[O-],1.844726831455061,162.6020988314118
Nn1nc2c(=O)n([N+](=O)[O-])nc([N+](=O)[O-])c2c1C=N[N+](=O)[O-],1.850144123224898,169.66424807920183
Nn1nc2c(=O)n([N+](=O)[O-])nc([N+](=O)[O-])c2c1[N+](=O)[O-],1.913999070729576,199.27389065514515
Nn1nc2c([N+](=O)[O-])noc2c1[N+](=O)[O-],1.8721578633792992,244.95802773097267
Nn1nc2nc(C=N[N+](=O)[O-])nc([N+](=O)[O-])c2c1[N+](=O)[O-],1.797049898931247,187.2332673622712
Nn1nc2nc(N[N+](=O)[O-])nc([N+](=O)[O-])c2c1[N+](=O)[O-],1.8712709609894964,127.31147297689472
Nn1nc2nc([N+](=O)[O-])n(N[N+](=O)[O-])c2nc1=O,1.8610070506204992,199.3097717872002
Nn1nc2nc([N+](=O)[O-])n([N+](=O)[O-])c2nc1=O,1.8794657698758093,222.39199438673035
Nn1nc2nc([N+](=O)[O-])nc(C=N[N+](=O)[O-])c2c1[N+](=O)[O-],1.814924134616692,186.46542963172243
Nn1nc2nc([N+](=O)[O-])nc(N[N+](=O)[O-])c2c1[N+](=O)[O-],1.8514643178510368,133.44301150884507
Nn1nc2nc([N+](=O)[O-])nc([N+](=O)[O-])c2c1C=N[N+](=O)[O-],1.81084316165634,184.2818460854353
Nn1nc2nc([N+](=O)[O-])nc([N+](=O)[O-])c2c1[N+](=O)[O-],1.886698080705555,225.19224195439625
Nn1nc2ncnc(N[N+](=O)[O-])c2c1[N+](=O)[O-],1.7954439158088016,157.40704991948542
Nn1ncc2c(=O)n3c([N+](=O)[O-])c(N[N+](=O)[O-])n([N+](=O)[O-])c3nc21,1.8451668842794813,121.83757905234476
Nn1ncc2c([N+](=O)[O-])nn([N+](=O)[O-])c21,1.829260196643941,230.9228524319997
Nn1ncc2c([N+](=O)[O-])nn([N+](=O)[O-])c2c1=O,1.8338523351386733,216.6626356533324
Nn1ncc2c1c(=O)n([N+](=O)[O-])c(=O)n2[N+](=O)[O-],1.91917717506215,124.4215357901119
Nn1ncc2c1c([N+](=O)[O-])nn2[N+](=O)[O-],1.851829787289261,223.7948132187736
Nn1ncn2c([N+](=O)[O-])nn([N+](=O)[O-])c3nnc1n3-2,1.861625409436543,261.9887041156761
Nn1ncn2nc(N[N+](=O)[O-])c([N+](=O)[O-])c12,1.7819006140784543,167.66078358830435
Nn1ncn2nc([N+](=O)[O-])c([N+](=O)[O-])c12,1.804352527107648,261.0016815160199
O=C(NCC([N+](=O)[O-])([N+](=O)[O-])[N+](=O)[O-])NCC([N+](=O)[O-])([N+](=O)[O-])[N+](=O)[O-],1.8612,149.3987670066051
O=C(O)c1c([N+](=O)[O-])n[nH]c1[N+](=O)[O-],1.8169,263.62003897744734
O=C1CN(C(=O)CN1[N+](=O)[O-])[N+](=O)[O-],1.8385,147.70745251136168
O=C1CN([N+](=O)[O-])C(=O)CN1[N+](=O)[O-],1.8376,147.70745251136168
O=C1N([N+](=O)[O-])CN([N+](=O)[O-])CN1[N+](=O)[O-],1.9365,134.37355616958152
O=C1N([N+](=O)[O-])[C@H]2[C@H](N([N+](=O)[O-])CCN2[N+](=O)[O-])N1[N+](=O)[O-],1.9691,137.2019035781462
O=C1N=C2N(N[N+](=O)[O-])C(=O)N=C3N(N[N+](=O)[O-])C(=O)N=C(N1N[N+](=O)[O-])N32,1.8669879295970309,170.81922155855054
O=C1N=C2N3C(=NC(=O)N(N[N+](=O)[O-])C3=NC(=O)N2[N+](=O)[O-])N1N[N+](=O)[O-],1.87995332758121,156.51973832378945
O=C1N=C2N3C(=NC(=O)N([N+](=O)[O-])C3=NC(=O)N2[N+](=O)[O-])N1C=N[N+](=O)[O-],1.8899155421878189,122.53671947557166
O=C1N=C2N3C(=NC(=O)N([N+](=O)[O-])C3=NC(=O)N2[N+](=O)[O-])N1N[N+](=O)[O-],1.8928800419865088,138.6656318208447
O=C1N=C2N3C(=NC(=O)N([N+](=O)[O-])C3=NC(=O)N2[N+](=O)[O-])N1[N+](=O)[O-],1.9097289820672407,121.206356486222
O=C1N=C2NC(=O)N=C3NC(=O)N=C(N1)N32,1.8878,307.00570487861864
O=C1N=C2OC3=C(N=CO3)C2=N1,1.802,273.3005534274971
O=C1N=C2OC3=C(OC=N3)C2=N1,1.811,273.93441654637
O=C1NC(=O)C(=O)C(=O)N1,1.9309,304.45046229421
O=C1NC(=O)C(=O)NC1=O,1.9422,303.0924552441736
O=C1NC(=O)C(O)(O)C(=O)N1,1.8671,292.5817672239296
O=C1N[C@@H]2[C@H](N1[N+](=O)[O-])N([N+](=O)[O-])[C@H]1[C@H](NC(=O)N1[N+](=O)[O-])N2[N+](=O)[O-],1.9454,139.10892761838028
O=C1N[C@H]2[C@@H](N1[N+](=O)[O-])N([N+](=O)[O-])[C@@H]1[C@H](N2[N+](=O)[O-])N(C(=O)N1)[N+](=O)[O-],1.9704,143.08943455889755
O=C1N[C@H]2[C@@H](N1[N+](=O)[O-])N([N+](=O)[O-])[C@H]1NC(=O)N([N+](=O)[O-])[C@H]1N2[N+](=O)[O-],1.9704,144.18524908782564
O=C1N[C@H]2[C@@H](N1[N+](=O)[O-])NC(=O)N2[N+](=O)[O-],1.9924,162.50680773954403
O=C1N[C@H]2[C@H](NC(=O)N2[N+](=O)[O-])N1[N+](=O)[O-],1.9924,160.73030858322147
O=C1OC2=NC3=NN=CC3=C2O1,1.806,272.51629935242704
O=C1O[C@@H]2[C@H](O1)N(CN2[N+](=O)[O-])[N+](=O)[O-],1.9526,150.7642316777921
O=C1c2c([N+](=O)[O-])cc([N+](=O)[O-])c(O)c2C(=O)c2c(O)c([N+](=O)[O-])cc([N+](=O)[O-])c21,1.8412,244.8388824899639
O=C1c2c(cc(c(c2C(=O)c2c1c(cc(c2O)[N+](=O)[O-])[N+](=O)[O-])O)[N+](=O)[O-])[N+](=O)[O-],1.8412,244.83888414134148
O=[N+]([O-])/N=[N+]1/C=N[NH+]=C1,1.8176,248.5542475490153
O=[N+]([O-])/N=c1\[nH]c(Cn2nc([N+](=O)[O-])c([N+](=O)[O-])c2[N+](=O)[O-])no1,1.842,205.08780322338671
O=[N+]([O-])/N=c1\[nH]nc(-c2n[nH]/c(=N\[N+](=O)[O-])o2)o1,1.9888,173.1393674251811
O=[N+]([O-])/N=c1\[nH]nc2nncnn12,1.8128,180.9375422658216
O=[N+]([O-])C(=C1N[C@H](O)[C@@H](O)N1)[N+](=O)[O-],1.8563,276.4279834809264
O=[N+]([O-])C(CC([N+](=O)[O-])([N+](=O)[O-])[N+](=O)[O-])CC([N+](=O)[O-])([N+](=O)[O-])[N+](=O)[O-],1.9073,124.269992172364
O=[N+]([O-])C(CNc1nonc1NCC([N+](=O)[O-])([N+](=O)[O-])[N+](=O)[O-])([N+](=O)[O-])[N+](=O)[O-],1.8328,141.31187852092387
O=[N+]([O-])C([C@H](O)[C@H](O)C([N+](=O)[O-])[N+](=O)[O-])[N+](=O)[O-],1.8177,171.35694312610204
O=[N+]([O-])C(c1nonc1Oc1nonc1C([N+](=O)[O-])[N+](=O)[O-])[N+](=O)[O-],1.8389,131.00810150592508
O=[N+]([O-])C1([N+](=O)[O-])C2C3C4C1C1C2C([N+](=O)[O-])([N+](=O)[O-])C3C4C1([N+](=O)[O-])[N+](=O)[O-],1.827,97.36679231204062
O=[N+]([O-])C1([N+](=O)[O-])CC([N+](=O)[O-])([N+](=O)[O-])C1,1.8305,169.77183863128437
O=[N+]([O-])C1([N+](=O)[O-])[C@H]2[C@H]3[C@H]4[C@@H]1[C@@H]1[C@@H]([C@H]3[C@H]2C1([N+](=O)[O-])[N+](=O)[O-])C4([N+](=O)[O-])[N+](=O)[O-],1.828,133.8649186639664
O=[N+]([O-])C12C3C4([N+](=O)[O-])C1([N+](=O)[O-])C1([N+](=O)[O-])C2([N+](=O)[O-])C3([N+](=O)[O-])C41[N+](=O)[O-],2.0235,180.89022038989336
O=[N+]([O-])C12C3C4([N+](=O)[O-])C1C1([N+](=O)[O-])C2C3([N+](=O)[O-])C41[N+](=O)[O-],1.9583,181.6694394147225
O=[N+]([O-])C1=C([N+](=O)[O-])C(=C2N=NN=N2)C([N+](=O)[O-])=C([N+](=O)[O-])N1,1.883841858774852,248.8107081385439
O=[N+]([O-])C1=CC(=[N+]([O-])[O-])[N+](=O)C([N+](=O)[O-])=C1,1.8746,250.5471432234017
O=[N+]([O-])C1=CN([N+](=O)[O-])C=C([N+](=O)[O-])C1=C1N=NN=N1,1.7837852997332244,150.1145004717544
O=[N+]([O-])C1=CNC([N+](=O)[O-])=C([N+](=O)[O-])C1=C1N=NN=N1,1.8366069674837189,245.05590818288567
O=[N+]([O-])C1=N/C(=C2/C=NO[N+]2=O)O[N-]1,1.813326647420449,223.8477960170456
O=[N+]([O-])C1=NC2=NC([N+](=O)[O-])=NC3=NC([N+](=O)[O-])=NC(=N1)N23,1.888740067530145,211.78853197405024
O=[N+]([O-])C1=NO[N+](=O)/C1=C1\N=C[N-]O1,1.8595428590834449,224.75960414776105
O=[N+]([O-])N(CCN(CC([N+](=O)[O-])([N+](=O)[O-])[N+](=O)[O-])[N+](=O)[O-])CC([N+](=O)[O-])([N+](=O)[O-])[N+](=O)[O-],1.875,142.14285171910558
O=[N+]([O-])N1C2C3N([N+](=O)[O-])C1C1N([N+](=O)[O-])C(C(N1[N+](=O)[O-])N3[N+](=O)[O-])N2CC([N+](=O)[O-])([N+](=O)[O-])[N+](=O)[O-],1.9052,116.296850574383
O=[N+]([O-])N1C2C3N([N+](=O)[O-])C1C1N([N+](=O)[O-])C(C(N1[N+](=O)[O-])N3[N+](=O)[O-])N2[N+](=O)[O-],2.0622,139.9915162741978
O=[N+]([O-])N1C2OC3C1N([N+](=O)[O-])C1OC2N([N+](=O)[O-])C1N3[N+](=O)[O-],1.9662,138.84415234273706
O=[N+]([O-])N1CC([N+](=O)[O-])([N+](=O)[O-])C1,1.861,161.27362501801352
O=[N+]([O-])N1CC([N+](=O)[O-])([N+](=O)[O-])CN([N+](=O)[O-])CC([N+](=O)[O-])([N+](=O)[O-])C1,1.8697,146.55775022924786
O=[N+]([O-])N1CC2(CN=C1C([N+](=O)[O-])([N+](=O)[O-])[N+](=O)[O-])CN=C(C([N+](=O)[O-])([N+](=O)[O-])[N+](=O)[O-])N([N+](=O)[O-])C2,1.8058,121.9309413351993
O=[N+]([O-])N1CCN([N+](=O)[O-])[C@H]2[C@H]1N([N+](=O)[O-])CCN2[N+](=O)[O-],1.8217,141.4737531568113
O=[N+]([O-])N1CCN([N+](=O)[O-])c2nonc21,1.8291,99.11352703886394
O=[N+]([O-])N1CCN=C1C([N+](=O)[O-])([N+](=O)[O-])[N+](=O)[O-],1.8122,102.95308560018566
O=[N+]([O-])N1CN([N+](=O)[O-])C2C1C1C2N([N+](=O)[O-])CN1[N+](=O)[O-],1.829,134.50719885436382
O=[N+]([O-])N1CN([N+](=O)[O-])CC([N+](=O)[O-])([N+](=O)[O-])C1,1.8007,147.931366100169
O=[N+]([O-])N1CN([N+](=O)[O-])CN([N+](=O)[O-])C1,1.8051,153.76512822692038
O=[N+]([O-])N1CN([N+](=O)[O-])CN([N+](=O)[O-])CN([N+](=O)[O-])C1,1.9352,157.11577333644072
O=[N+]([O-])N1CN([N+](=O)[O-])[C@H]2[C@@H]1N([N+](=O)[O-])CN2[N+](=O)[O-],1.8614,141.64606449900344
O=[N+]([O-])N1CN([N+](=O)[O-])[C@H]2[C@@H]1[C@H]1[C@@H]2N([N+](=O)[O-])CN1[N+](=O)[O-],1.83,140.3770006454179
O=[N+]([O-])N1CN([N+](=O)[O-])c2nonc2N([N+](=O)[O-])C1,1.8911,99.1185208046654
O=[N+]([O-])N1C[C@]2([N+](=O)[O-])CN([N+](=O)[O-])C[C@]2([N+](=O)[O-])C1,1.8078,155.46165446980586
O=[N+]([O-])N1[C@@H]2N[C@@H]3[C@@H]4N([N+](=O)[O-])[C@H]1[C@H](N([N+](=O)[O-])[C@H]2N3[N+](=O)[O-])N4[N+](=O)[O-],1.9071,149.60409268937366
O=[N+]([O-])N1[C@H]2O[C@@H]3O[C@H]2N([N+](=O)[O-])[C@H]2O[C@@H]3O[C@H]21,1.9868,181.86818600921288
O=[N+]([O-])N1[C@H]2O[C@H]3[C@@H]1N([N+](=O)[O-])[C@H]1O[C@@H]2N([N+](=O)[O-])[C@H]1N3[N+](=O)[O-],1.9671,153.9314615822734
O=[N+]([O-])N1[C@H]2O[C@H]3[C@H]4O[C@@H]1[C@H](N4[N+](=O)[O-])N([N+](=O)[O-])[C@@H]2N3[N+](=O)[O-],2.0142,153.2939043317544
O=[N+]([O-])N1c2nonc2-c2nonc2-c2nonc21,1.879377918383586,139.76774800661752
O=[N+]([O-])N=C1N[C@H]2NC(=N[N+](=O)[O-])N[C@H]2N1,1.8384,195.46550349702076
O=[N+]([O-])N=CC1=C(C=N[N+](=O)[O-])N(N[N+](=O)[O-])C([N+](=O)[O-])=C([N+](=O)[O-])C1=C1N=NN=N1,1.7824330375047803,122.50425999786208
O=[N+]([O-])N=CC1=C(N[N+](=O)[O-])C(=C2N=NN=N2)C(N[N+](=O)[O-])=C([N+](=O)[O-])N1,1.7887890025849402,122.1321451795285
O=[N+]([O-])N=CC1=C(N[N+](=O)[O-])C(=C2N=NN=N2)C(N[N+](=O)[O-])=C([N+](=O)[O-])N1N[N+](=O)[O-],1.811448686200886,127.42002793348388
O=[N+]([O-])N=CC1=C(N[N+](=O)[O-])C(=C2N=NN=N2)C([N+](=O)[O-])=C([N+](=O)[O-])N1,1.787609478804991,129.35665787096957
O=[N+]([O-])N=CC1=C([N+](=O)[O-])C(=C2N=NN=N2)C(N[N+](=O)[O-])=C([N+](=O)[O-])N1,1.7911697780241909,131.42570186831813
O=[N+]([O-])N=CC1=C([N+](=O)[O-])C(=C2N=NN=N2)C(N[N+](=O)[O-])=C([N+](=O)[O-])N1N[N+](=O)[O-],1.8014179257386165,119.61349051677902
O=[N+]([O-])N=CC1=C([N+](=O)[O-])C(=C2N=NN=N2)C([N+](=O)[O-])=C(C=N[N+](=O)[O-])N1C=N[N+](=O)[O-],1.8104985885812863,138.50108855878824
O=[N+]([O-])N=CC1=C([N+](=O)[O-])C(=C2N=NN=N2)C([N+](=O)[O-])=C(N[N+](=O)[O-])N1,1.7830391766482434,140.2619326556538
O=[N+]([O-])N=CC1=C([N+](=O)[O-])C(=C2N=NN=N2)C([N+](=O)[O-])=C([N+](=O)[O-])N1,1.8335162579898223,189.7706816743278
O=[N+]([O-])N=CC1=C([N+](=O)[O-])C(=C2N=NN=N2)C([N+](=O)[O-])=C([N+](=O)[O-])N1C=N[N+](=O)[O-],1.8238626081923184,147.3475975201809
O=[N+]([O-])N=CC1=C([N+](=O)[O-])C(=C2N=NN=N2)C([N+](=O)[O-])=C([N+](=O)[O-])N1N[N+](=O)[O-],1.822749967235667,119.00990540583268
O=[N+]([O-])N=CC1=C([N+](=O)[O-])N(C=N[N+](=O)[O-])C(N[N+](=O)[O-])=C([N+](=O)[O-])C1=C1N=NN=N1,1.784572817862895,113.43747047833776
O=[N+]([O-])N=CC1=C([N+](=O)[O-])N(C=N[N+](=O)[O-])C([N+](=O)[O-])=C(C=N[N+](=O)[O-])C1=C1N=NN=N1,1.8066544531211628,136.08740866603483
O=[N+]([O-])N=CC1=C([N+](=O)[O-])N(C=N[N+](=O)[O-])C([N+](=O)[O-])=C(N[N+](=O)[O-])C1=C1N=NN=N1,1.7850368038921929,114.94031655314784
O=[N+]([O-])N=CC1=C([N+](=O)[O-])N(C=N[N+](=O)[O-])C([N+](=O)[O-])=C([N+](=O)[O-])C1=C1N=NN=N1,1.8296040828143227,144.37530283073568
O=[N+]([O-])N=CC1=C([N+](=O)[O-])N(N[N+](=O)[O-])C(C=N[N+](=O)[O-])=C([N+](=O)[O-])C1=C1N=NN=N1,1.7814403879484122,116.11765629043808
O=[N+]([O-])N=CC1=C([N+](=O)[O-])N(N[N+](=O)[O-])C(N[N+](=O)[O-])=C([N+](=O)[O-])C1=C1N=NN=N1,1.805429738244391,120.6879956694167
O=[N+]([O-])N=CC1=C([N+](=O)[O-])N(N[N+](=O)[O-])C([N+](=O)[O-])=C(C=N[N+](=O)[O-])C1=C1N=NN=N1,1.8159923075340696,120.18974202602364
O=[N+]([O-])N=CC1=C([N+](=O)[O-])N(N[N+](=O)[O-])C([N+](=O)[O-])=C(N[N+](=O)[O-])C1=C1N=NN=N1,1.816380661743725,124.38395043639446
O=[N+]([O-])N=CC1=C([N+](=O)[O-])N(N[N+](=O)[O-])C([N+](=O)[O-])=C([N+](=O)[O-])C1=C1N=NN=N1,1.833145763301632,124.99326913029805
O=[N+]([O-])N=CC1=C([N+](=O)[O-])NC(N[N+](=O)[O-])=C([N+](=O)[O-])C1=C1N=NN=N1,1.7889499551953838,142.30978617589767
O=[N+]([O-])N=CC1=C([N+](=O)[O-])NC([N+](=O)[O-])=C(N[N+](=O)[O-])C1=C1N=NN=N1,1.805853196898058,143.62407135312992
O=[N+]([O-])N=CC1=C([N+](=O)[O-])NC([N+](=O)[O-])=C([N+](=O)[O-])C1=C1N=NN=N1,1.8422132664969064,206.1940346420885
O=[N+]([O-])N=CC1=N/C(=C2/C(C=N[N+](=O)[O-])=NO[N+]2=O)O[N-]1,1.811772688288666,159.24163132804654
O=[N+]([O-])N=CC1=N/C(=C2/C([N+](=O)[O-])=NO[N+]2=O)O[N-]1,1.875558041504237,164.2908041500791
O=[N+]([O-])N=CC1=NO[N+](=O)/C1=C1\N=C([N+](=O)[O-])[N-]O1,1.8542765778827504,138.47818064900054
O=[N+]([O-])N=CN1C(N[N+](=O)[O-])=C([N+](=O)[O-])C(=C2N=NN=N2)C(N[N+](=O)[O-])=C1[N+](=O)[O-],1.824283536144564,114.89831871853704
O=[N+]([O-])N=CN1C([N+](=O)[O-])=C(N[N+](=O)[O-])C(=C2N=NN=N2)C(N[N+](=O)[O-])=C1[N+](=O)[O-],1.838496027636661,119.35814790987196
O=[N+]([O-])N=CN1C([N+](=O)[O-])=C(N[N+](=O)[O-])C(=C2N=NN=N2)C([N+](=O)[O-])=C1[N+](=O)[O-],1.848027661472744,122.33037654421396
O=[N+]([O-])N=CN1C([N+](=O)[O-])=C([N+](=O)[O-])C(=C2N=NN=N2)C([N+](=O)[O-])=C1[N+](=O)[O-],1.8916992528558485,165.961839728642
O=[N+]([O-])N=CN1C=C([N+](=O)[O-])C(=C2N=NN=N2)C([N+](=O)[O-])=C1[N+](=O)[O-],1.8178165094248524,165.4840961947907
O=[N+]([O-])N=CN1c2nonc2-c2nonc2-c2nonc21,1.8705640999294348,221.916648653125
O=[N+]([O-])N=CN1c2nonc2N(C=N[N+](=O)[O-])c2nonc21,1.831713603214005,161.5073543951555
O=[N+]([O-])N=CN1c2nonc2Nc2nonc21,1.8342216729347856,217.82466712045735
O=[N+]([O-])N=CN=c1[nH]c(C=N[N+](=O)[O-])nc2c([N+](=O)[O-])nc([N+](=O)[O-])nc12,1.8707802941366345,172.86522553590498
O=[N+]([O-])N=CN=c1[nH]c(C=N[N+](=O)[O-])nc2c1nc([N+](=O)[O-])n2[N+](=O)[O-],1.8295917908359869,171.87570687903684
O=[N+]([O-])N=CN=c1[nH]c([N+](=O)[O-])nc2c(C=N[N+](=O)[O-])nc([N+](=O)[O-])nc12,1.853345352065184,181.3566420790572
O=[N+]([O-])N=CN=c1[nH]c([N+](=O)[O-])nc2c([N+](=O)[O-])nc([N+](=O)[O-])nc12,1.879697654431826,180.23365908618536
O=[N+]([O-])N=CN=c1[nH]c([N+](=O)[O-])nc2c1nc(C=N[N+](=O)[O-])n2[N+](=O)[O-],1.8167676059911595,181.9404172645556
O=[N+]([O-])N=CN=c1[nH]c([N+](=O)[O-])nc2c1nc([N+](=O)[O-])n2N[N+](=O)[O-],1.817119698864724,157.3859783415665
O=[N+]([O-])N=CN=c1[nH]c([N+](=O)[O-])nc2c1nc([N+](=O)[O-])n2[N+](=O)[O-],1.8500636107667987,185.82371751521248
O=[N+]([O-])N=CN=c1[nH]nc(N[N+](=O)[O-])c2n[nH]nc12,1.8060130287693004,143.8605618335854
O=[N+]([O-])N=CN=c1[nH]nc([N+](=O)[O-])c2nn(C=N[N+](=O)[O-])nc12,1.841235475773174,188.91164826830925
O=[N+]([O-])N=CN=c1c2n[nH]nc2c(C=N[N+](=O)[O-])nn1[N+](=O)[O-],1.810596852102217,145.3907415100972
O=[N+]([O-])N=CN=c1c2n[nH]nc2c([N+](=O)[O-])nn1C=N[N+](=O)[O-],1.8407357345480704,180.0408706620031
O=[N+]([O-])N=CN=c1c2n[nH]nc2c([N+](=O)[O-])nn1[N+](=O)[O-],1.857574407211604,159.43222672280274
O=[N+]([O-])N=CN=c1c2nc(C=N[N+](=O)[O-])[nH]c2nc([N+](=O)[O-])n1[N+](=O)[O-],1.843551826784794,169.40976418863625
O=[N+]([O-])N=CN=c1c2nc(C=N[N+](=O)[O-])n(C=N[N+](=O)[O-])c2nc([N+](=O)[O-])n1[N+](=O)[O-],1.805953412674372,148.20212596816157
O=[N+]([O-])N=CN=c1c2nc(C=N[N+](=O)[O-])n([N+](=O)[O-])c2nc(C=N[N+](=O)[O-])n1[N+](=O)[O-],1.7850860802641682,131.72863057156624
O=[N+]([O-])N=CN=c1c2nc(C=N[N+](=O)[O-])n([N+](=O)[O-])c2nc([N+](=O)[O-])n1C=N[N+](=O)[O-],1.823845074046752,161.9161562178031
O=[N+]([O-])N=CN=c1c2nc(C=N[N+](=O)[O-])n([N+](=O)[O-])c2nc([N+](=O)[O-])n1N[N+](=O)[O-],1.80395368856353,126.06395629797107
O=[N+]([O-])N=CN=c1c2nc(C=N[N+](=O)[O-])n([N+](=O)[O-])c2nc([N+](=O)[O-])n1[N+](=O)[O-],1.8563273498565631,145.9846429429153
O=[N+]([O-])N=CN=c1c2nc(C=N[N+](=O)[O-])nc(C=N[N+](=O)[O-])c2nc([N+](=O)[O-])n1[N+](=O)[O-],1.8158474068012176,134.58799745659084
O=[N+]([O-])N=CN=c1c2nc(C=N[N+](=O)[O-])nc([N+](=O)[O-])c2nc(C=N[N+](=O)[O-])n1[N+](=O)[O-],1.8245276765260383,136.95316648155853
O=[N+]([O-])N=CN=c1c2nc(C=N[N+](=O)[O-])nc([N+](=O)[O-])c2nc([N+](=O)[O-])n1C=N[N+](=O)[O-],1.8453574099436856,153.27193440443202
O=[N+]([O-])N=CN=c1c2nc(C=N[N+](=O)[O-])nc([N+](=O)[O-])c2nc([N+](=O)[O-])n1N[N+](=O)[O-],1.7999102422899798,134.28541223987932
O=[N+]([O-])N=CN=c1c2nc(C=N[N+](=O)[O-])nc([N+](=O)[O-])c2nc([N+](=O)[O-])n1[N+](=O)[O-],1.85417531367299,139.81973337283125
O=[N+]([O-])N=CN=c1c2nc([N+](=O)[O-])[nH]c2nc([N+](=O)[O-])n1N[N+](=O)[O-],1.8246144072790609,160.8942177162873
O=[N+]([O-])N=CN=c1c2nc([N+](=O)[O-])[nH]c2nc([N+](=O)[O-])n1[N+](=O)[O-],1.851665580919846,175.13473356042698
O=[N+]([O-])N=CN=c1c2nc([N+](=O)[O-])n(C=N[N+](=O)[O-])c2nc(C=N[N+](=O)[O-])n1N[N+](=O)[O-],1.780824776751055,142.18282826755865
O=[N+]([O-])N=CN=c1c2nc([N+](=O)[O-])n(C=N[N+](=O)[O-])c2nc(C=N[N+](=O)[O-])n1[N+](=O)[O-],1.8199263913533088,149.695486530153
O=[N+]([O-])N=CN=c1c2nc([N+](=O)[O-])n(C=N[N+](=O)[O-])c2nc([N+](=O)[O-])n1C=N[N+](=O)[O-],1.8456826412293,159.60140044759316
O=[N+]([O-])N=CN=c1c2nc([N+](=O)[O-])n(C=N[N+](=O)[O-])c2nc([N+](=O)[O-])n1N[N+](=O)[O-],1.81167847389001,131.21884370715551
O=[N+]([O-])N=CN=c1c2nc([N+](=O)[O-])n(C=N[N+](=O)[O-])c2nc([N+](=O)[O-])n1[N+](=O)[O-],1.8570461775190632,145.30048381709275
O=[N+]([O-])N=CN=c1c2nc([N+](=O)[O-])n(N[N+](=O)[O-])c2nc([N+](=O)[O-])n1C=N[N+](=O)[O-],1.812396108507554,141.1261315707421
O=[N+]([O-])N=CN=c1c2nc([N+](=O)[O-])n([N+](=O)[O-])c2nc(C=N[N+](=O)[O-])n1C=N[N+](=O)[O-],1.8026182735759813,152.11834147674006
O=[N+]([O-])N=CN=c1c2nc([N+](=O)[O-])n([N+](=O)[O-])c2nc(C=N[N+](=O)[O-])n1[N+](=O)[O-],1.8483550619310047,135.35888693290718
O=[N+]([O-])N=CN=c1c2nc([N+](=O)[O-])n([N+](=O)[O-])c2nc([N+](=O)[O-])n1C=N[N+](=O)[O-],1.8585336153563232,158.17498012717863
O=[N+]([O-])N=CN=c1c2nc([N+](=O)[O-])n([N+](=O)[O-])c2nc([N+](=O)[O-])n1[N+](=O)[O-],1.8728093743839724,143.34805349892306
O=[N+]([O-])N=CN=c1c2nc([N+](=O)[O-])nc(C=N[N+](=O)[O-])c2nc(C=N[N+](=O)[O-])n1[N+](=O)[O-],1.842065328922348,139.60250456046717
O=[N+]([O-])N=CN=c1c2nc([N+](=O)[O-])nc(C=N[N+](=O)[O-])c2nc([N+](=O)[O-])n1C=N[N+](=O)[O-],1.853934969343648,158.2010388653887
O=[N+]([O-])N=CN=c1c2nc([N+](=O)[O-])nc(C=N[N+](=O)[O-])c2nc([N+](=O)[O-])n1[N+](=O)[O-],1.851876858335712,133.06097521401173
O=[N+]([O-])N=CN=c1c2nc([N+](=O)[O-])nc([N+](=O)[O-])c2nc(C=N[N+](=O)[O-])n1C=N[N+](=O)[O-],1.838057927067624,160.01275199722403
O=[N+]([O-])N=CN=c1c2nc([N+](=O)[O-])nc([N+](=O)[O-])c2nc(C=N[N+](=O)[O-])n1[N+](=O)[O-],1.8884707285930824,143.1706162807231
O=[N+]([O-])N=CN=c1c2nc([N+](=O)[O-])nc([N+](=O)[O-])c2nc([N+](=O)[O-])n1C=N[N+](=O)[O-],1.8750836072933537,153.2138719687244
O=[N+]([O-])N=CN=c1c2nc([N+](=O)[O-])nc([N+](=O)[O-])c2nc([N+](=O)[O-])n1[N+](=O)[O-],1.8854666775464533,137.45153902413728
O=[N+]([O-])N=CN=c1c2nc([N+](=O)[O-])nc([N+](=O)[O-])c2ncn1[N+](=O)[O-],1.873812797497823,132.15746030150228
O=[N+]([O-])N=CN=c1c2ncn([N+](=O)[O-])c2nc([N+](=O)[O-])n1C=N[N+](=O)[O-],1.7915182917628871,152.4899278542481
O=[N+]([O-])N=CN=c1c2ncn([N+](=O)[O-])c2nc([N+](=O)[O-])n1[N+](=O)[O-],1.844291153128813,133.59846558870206
O=[N+]([O-])N=CN=c1c2ncnc([N+](=O)[O-])c2nc([N+](=O)[O-])n1[N+](=O)[O-],1.8499512837765364,132.46950460899117
O=[N+]([O-])N=CN=c1c2nn(C=N[N+](=O)[O-])nc2c([N+](=O)[O-])nn1C=N[N+](=O)[O-],1.8149640473934048,148.561994170363
O=[N+]([O-])N=Cc1c(C=N[N+](=O)[O-])c([N+](=O)[O-])n2nnnc2c1[N+](=O)[O-],1.816543928138326,181.9221728450534
O=[N+]([O-])N=Cc1c(C=N[N+](=O)[O-])n([N+](=O)[O-])c2nc([N+](=O)[O-])n3nnnc3c12,1.81963695141638,142.7567678481915
O=[N+]([O-])N=Cc1c(N[N+](=O)[O-])nc(N[N+](=O)[O-])c2[nH]nnc12,1.8280475929811173,132.7575973360619
O=[N+]([O-])N=Cc1c(N[N+](=O)[O-])nc([N+](=O)[O-])c2[nH]nnc12,1.8693239477739885,144.99812318773212
O=[N+]([O-])N=Cc1c(N[N+](=O)[O-])nc([N+](=O)[O-])c2nn[nH]c12,1.8478443302311536,140.87137024874312
O=[N+]([O-])N=Cc1c(N[N+](=O)[O-])nc2nn[nH]c2c1[N+](=O)[O-],1.839355345380964,136.4979411323861
O=[N+]([O-])N=Cc1c([N+](=O)[O-])c(C=N[N+](=O)[O-])c2nnnn2c1[N+](=O)[O-],1.8059162836692224,166.43036197008735
O=[N+]([O-])N=Cc1c([N+](=O)[O-])c(C=N[N+](=O)[O-])n2nnnc2c1[N+](=O)[O-],1.8009061817581964,166.65418308175023
O=[N+]([O-])N=Cc1c([N+](=O)[O-])c([N+](=O)[O-])c(C=N[N+](=O)[O-])n2nnnc12,1.804344284251588,176.21267357843072
O=[N+]([O-])N=Cc1c([N+](=O)[O-])c([N+](=O)[O-])c([N+](=O)[O-])c2nnnn12,1.8471843233002776,172.20576441316678
O=[N+]([O-])N=Cc1c([N+](=O)[O-])c([N+](=O)[O-])c([N+](=O)[O-])n2nnnc12,1.840972138213769,182.90924746310336
O=[N+]([O-])N=Cc1c([N+](=O)[O-])c([N+](=O)[O-])c2nnnn2c1C=N[N+](=O)[O-],1.787646173975611,158.50085637327638
O=[N+]([O-])N=Cc1c([N+](=O)[O-])c([N+](=O)[O-])c2nnnn2c1[N+](=O)[O-],1.8710461623974617,200.1658393190853
O=[N+]([O-])N=Cc1c([N+](=O)[O-])c([N+](=O)[O-])n2nnnc2c1C=N[N+](=O)[O-],1.793717724368808,161.61863082199625
O=[N+]([O-])N=Cc1c([N+](=O)[O-])c([N+](=O)[O-])n2nnnc2c1[N+](=O)[O-],1.871897237285704,199.69559964495687
O=[N+]([O-])N=Cc1c([N+](=O)[O-])c([N+](=O)[O-])nc2c1nnn2C=N[N+](=O)[O-],1.7921077644298422,156.1639391159448
O=[N+]([O-])N=Cc1c([N+](=O)[O-])c([N+](=O)[O-])nc2c1nnn2N[N+](=O)[O-],1.8343434358260648,146.55092013157758
O=[N+]([O-])N=Cc1c([N+](=O)[O-])c([N+](=O)[O-])nc2c1nnn2[N+](=O)[O-],1.8551055995157428,158.1767371929236
O=[N+]([O-])N=Cc1c([N+](=O)[O-])c([N+](=O)[O-])nc2nc([N+](=O)[O-])nn12,1.8558975644493407,176.10248045528235
O=[N+]([O-])N=Cc1c([N+](=O)[O-])c([N+](=O)[O-])nc2nnc([N+](=O)[O-])n12,1.8619473146574304,171.51135353532857
O=[N+]([O-])N=Cc1c([N+](=O)[O-])c([N+](=O)[O-])nc2nnn(C=N[N+](=O)[O-])c12,1.8036344586555744,178.24079643935056
O=[N+]([O-])N=Cc1c([N+](=O)[O-])c([N+](=O)[O-])nc2nnn(N[N+](=O)[O-])c12,1.8092355878072863,137.6813315171289
O=[N+]([O-])N=Cc1c([N+](=O)[O-])c([N+](=O)[O-])nc2nnn([N+](=O)[O-])c12,1.8600733664072653,162.19430104633278
O=[N+]([O-])N=Cc1c([N+](=O)[O-])c([N+](=O)[O-])nn2c(C=N[N+](=O)[O-])nnc12,1.808137263390108,161.30512009121645
O=[N+]([O-])N=Cc1c([N+](=O)[O-])c([N+](=O)[O-])nn2c([N+](=O)[O-])nnc12,1.839652413575037,169.70666206096274
O=[N+]([O-])N=Cc1c([N+](=O)[O-])c2c(nc(C=N[N+](=O)[O-])n3nnnc23)n1[N+](=O)[O-],1.828045893795877,153.27743018901776
O=[N+]([O-])N=Cc1c([N+](=O)[O-])c2c(nc([N+](=O)[O-])n3nnnc23)n1C=N[N+](=O)[O-],1.828266715571392,176.4597725084592
O=[N+]([O-])N=Cc1c([N+](=O)[O-])c2c(nc([N+](=O)[O-])n3nnnc23)n1[N+](=O)[O-],1.8672066545056527,158.5343859436577
O=[N+]([O-])N=Cc1c([N+](=O)[O-])n(C=N[N+](=O)[O-])c2nc([N+](=O)[O-])n3nnnc3c12,1.841707704658532,162.10002720305417
O=[N+]([O-])N=Cc1c([N+](=O)[O-])n(N[N+](=O)[O-])c2nc([N+](=O)[O-])n3nnnc3c12,1.8499335327137043,140.1909762638027
O=[N+]([O-])N=Cc1c([N+](=O)[O-])n([N+](=O)[O-])c2nc(C=N[N+](=O)[O-])n3nnnc3c12,1.8196151873841493,142.9327650651418
O=[N+]([O-])N=Cc1c([N+](=O)[O-])n([N+](=O)[O-])c2nc([N+](=O)[O-])n3nnnc3c12,1.8658879783003672,151.74863766967303
O=[N+]([O-])N=Cc1c([N+](=O)[O-])nc(C=N[N+](=O)[O-])c2c1nnn2[N+](=O)[O-],1.8108476446131443,139.21898863132225
O=[N+]([O-])N=Cc1c([N+](=O)[O-])nc(C=N[N+](=O)[O-])n2c([N+](=O)[O-])nnc12,1.7891829604906015,141.37175086645902
O=[N+]([O-])N=Cc1c([N+](=O)[O-])nc(C=N[N+](=O)[O-])n2nc([N+](=O)[O-])nc12,1.802830744036803,144.59140870634548
O=[N+]([O-])N=Cc1c([N+](=O)[O-])nc(N[N+](=O)[O-])c2[nH]nnc12,1.8610616776183384,143.2294317446071
O=[N+]([O-])N=Cc1c([N+](=O)[O-])nc(N[N+](=O)[O-])c2nn[nH]c12,1.8606207932777363,141.87078396006973
O=[N+]([O-])N=Cc1c([N+](=O)[O-])nc([N+](=O)[O-])c2c1nnn2C=N[N+](=O)[O-],1.8245499466985529,165.0136913829043
O=[N+]([O-])N=Cc1c([N+](=O)[O-])nc([N+](=O)[O-])c2c1nnn2N[N+](=O)[O-],1.85805777118322,146.08904963902387
O=[N+]([O-])N=Cc1c([N+](=O)[O-])nc([N+](=O)[O-])c2c1nnn2[N+](=O)[O-],1.850185662881097,137.40663476498594
O=[N+]([O-])N=Cc1c([N+](=O)[O-])nc([N+](=O)[O-])c2nnn(C=N[N+](=O)[O-])c12,1.828016139977729,158.0515627723708
O=[N+]([O-])N=Cc1c([N+](=O)[O-])nc([N+](=O)[O-])c2nnn(N[N+](=O)[O-])c12,1.8534720317477968,138.12615979305855
O=[N+]([O-])N=Cc1c([N+](=O)[O-])nc([N+](=O)[O-])c2nnn([N+](=O)[O-])c12,1.8742642384786428,147.98805458973015
O=[N+]([O-])N=Cc1c([N+](=O)[O-])nc([N+](=O)[O-])n2c(C=N[N+](=O)[O-])nnc12,1.8204592486141649,156.25427607507305
O=[N+]([O-])N=Cc1c([N+](=O)[O-])nc([N+](=O)[O-])n2c([N+](=O)[O-])nnc12,1.8401415620070456,151.79334376351483
O=[N+]([O-])N=Cc1c([N+](=O)[O-])nc([N+](=O)[O-])n2cnnc12,1.816624404443548,179.3547430941054
O=[N+]([O-])N=Cc1c([N+](=O)[O-])nc([N+](=O)[O-])n2nc([N+](=O)[O-])nc12,1.874743336410718,169.98088982187303
O=[N+]([O-])N=Cc1c([N+](=O)[O-])nc2c(nnn2C=N[N+](=O)[O-])c1[N+](=O)[O-],1.8254808109873448,165.87974644639235
O=[N+]([O-])N=Cc1c([N+](=O)[O-])nc2c(nnn2N[N+](=O)[O-])c1C=N[N+](=O)[O-],1.7978763175570625,139.36127132360235
O=[N+]([O-])N=Cc1c([N+](=O)[O-])nc2c(nnn2N[N+](=O)[O-])c1[N+](=O)[O-],1.831356521243351,136.21519886867412
O=[N+]([O-])N=Cc1c([N+](=O)[O-])nc2c(nnn2[N+](=O)[O-])c1C=N[N+](=O)[O-],1.81314230389829,144.5731114427607
O=[N+]([O-])N=Cc1c([N+](=O)[O-])nc2c(nnn2[N+](=O)[O-])c1[N+](=O)[O-],1.843934721909953,146.2296281096415
O=[N+]([O-])N=Cc1c([N+](=O)[O-])nc2c3c([N+](=O)[O-])nn(C=N[N+](=O)[O-])c3nnn12,1.809617976792161,188.01921079660548
O=[N+]([O-])N=Cc1c([N+](=O)[O-])nc2c3c([N+](=O)[O-])nn([N+](=O)[O-])c3nnn12,1.818801639182709,183.47289565865856
O=[N+]([O-])N=Cc1c([N+](=O)[O-])nc2c3nc([N+](=O)[O-])[nH]c3nc([N+](=O)[O-])n12,1.8851581850431027,222.2985858653036
O=[N+]([O-])N=Cc1c([N+](=O)[O-])nc2c3nc([N+](=O)[O-])n(C=N[N+](=O)[O-])c3nc(N[N+](=O)[O-])n12,1.819851193368196,130.00274283531098
O=[N+]([O-])N=Cc1c([N+](=O)[O-])nc2c3nc([N+](=O)[O-])n(C=N[N+](=O)[O-])c3nc([N+](=O)[O-])n12,1.868296772219648,182.4811839723644
O=[N+]([O-])N=Cc1c([N+](=O)[O-])nc2c3nc([N+](=O)[O-])n(N[N+](=O)[O-])c3nc([N+](=O)[O-])n12,1.8486045890912208,149.53163024116972
O=[N+]([O-])N=Cc1c([N+](=O)[O-])nc2c3nc([N+](=O)[O-])n([N+](=O)[O-])c3nc([N+](=O)[O-])n12,1.9015241949867487,173.71234920681763
O=[N+]([O-])N=Cc1c([N+](=O)[O-])nc2c3ncn([N+](=O)[O-])c3nc([N+](=O)[O-])n12,1.844999713374115,171.81851637069138
O=[N+]([O-])N=Cc1c([N+](=O)[O-])nc2nc([N+](=O)[O-])nc([N+](=O)[O-])n12,1.8452056040112392,176.78679811335252
O=[N+]([O-])N=Cc1c([N+](=O)[O-])nc2nc([N+](=O)[O-])nn2c1C=N[N+](=O)[O-],1.8188692089106784,154.72156648810892
O=[N+]([O-])N=Cc1c([N+](=O)[O-])nc2nc([N+](=O)[O-])nn2c1[N+](=O)[O-],1.884647164120232,177.99242925134075
O=[N+]([O-])N=Cc1c([N+](=O)[O-])nc2nnc(C=N[N+](=O)[O-])n2c1[N+](=O)[O-],1.7971986318691098,142.2890977175773
O=[N+]([O-])N=Cc1c([N+](=O)[O-])nc2nnc([N+](=O)[O-])n2c1C=N[N+](=O)[O-],1.809532041402443,152.80352445666205
O=[N+]([O-])N=Cc1c([N+](=O)[O-])nc2nnc([N+](=O)[O-])n2c1[N+](=O)[O-],1.885016465763467,174.5079631082595
O=[N+]([O-])N=Cc1c([N+](=O)[O-])nc2nncn2c1[N+](=O)[O-],1.8221099528460256,160.64706594217623
O=[N+]([O-])N=Cc1c([N+](=O)[O-])nc2nnn(C=N[N+](=O)[O-])c2c1[N+](=O)[O-],1.8197151500903213,169.37834838155717
O=[N+]([O-])N=Cc1c([N+](=O)[O-])nc2nnn(N[N+](=O)[O-])c2c1[N+](=O)[O-],1.8464345487746736,150.8947301396624
O=[N+]([O-])N=Cc1c([N+](=O)[O-])nc2nnn([N+](=O)[O-])c2c1C=N[N+](=O)[O-],1.81156227854186,144.65062050084865
O=[N+]([O-])N=Cc1c([N+](=O)[O-])nc2nnn([N+](=O)[O-])c2c1[N+](=O)[O-],1.842422808574654,145.65427494980034
O=[N+]([O-])N=Cc1c([N+](=O)[O-])nc2onc([N+](=O)[O-])n12,1.835856144524668,181.6153667072478
O=[N+]([O-])N=Cc1c([N+](=O)[O-])ncn2nc([N+](=O)[O-])nc12,1.8172062850062365,145.5907695735895
O=[N+]([O-])N=Cc1c([N+](=O)[O-])nn2c(C=N[N+](=O)[O-])c([N+](=O)[O-])nnc12,1.8241121353525347,156.21958393487552
O=[N+]([O-])N=Cc1c([N+](=O)[O-])nn2c(C=N[N+](=O)[O-])nn(C=N[N+](=O)[O-])c12,1.7807080210333042,145.07995224956898
O=[N+]([O-])N=Cc1c([N+](=O)[O-])nn2c(C=N[N+](=O)[O-])nn([N+](=O)[O-])c12,1.783950590688963,141.68921169240983
O=[N+]([O-])N=Cc1c([N+](=O)[O-])nn2c(C=N[N+](=O)[O-])nnc2c1[N+](=O)[O-],1.7969583236926454,153.56157942642778
O=[N+]([O-])N=Cc1c([N+](=O)[O-])nn2c([N+](=O)[O-])c([N+](=O)[O-])nnc12,1.880678951984672,184.12069805568305
O=[N+]([O-])N=Cc1c([N+](=O)[O-])nn2c([N+](=O)[O-])cnnc12,1.808355373699813,190.3437889606604
O=[N+]([O-])N=Cc1c([N+](=O)[O-])nn2c([N+](=O)[O-])n[nH]c12,1.8779155344904048,204.5212221812497
O=[N+]([O-])N=Cc1c([N+](=O)[O-])nn2c([N+](=O)[O-])nn(C=N[N+](=O)[O-])c12,1.817394930720813,139.13784654255863
O=[N+]([O-])N=Cc1c([N+](=O)[O-])nn2c([N+](=O)[O-])nn([N+](=O)[O-])c12,1.896346199112808,165.56445883333663
O=[N+]([O-])N=Cc1c([N+](=O)[O-])nn2c([N+](=O)[O-])nnc2c1C=N[N+](=O)[O-],1.7985609807503646,151.6370573893576
O=[N+]([O-])N=Cc1c([N+](=O)[O-])nn2c([N+](=O)[O-])nnc2c1[N+](=O)[O-],1.8724993996126464,195.73848942199092
O=[N+]([O-])N=Cc1c([N+](=O)[O-])nn2cc([N+](=O)[O-])nnc12,1.8150920285796075,176.00808110730767
O=[N+]([O-])N=Cc1c([N+](=O)[O-])nnc2c([N+](=O)[O-])c([N+](=O)[O-])nn12,1.8573485963390004,189.95352219996903
O=[N+]([O-])N=Cc1c2[n-]o[n-]c-2c(C=N[N+](=O)[O-])[n+](=O)[n+]1=O,1.902689872214632,174.03195021811194
O=[N+]([O-])N=Cc1c2[n-]o[n-]c-2c([N+](=O)[O-])[n+](=O)[n+]1=O,1.9251174543572964,214.33527326667783
O=[N+]([O-])N=Cc1c2[n-]o[n-]c-2c[n+](=O)[n+]1=O,1.8458936655750224,192.614736986432
O=[N+]([O-])N=Cc1c2c([N+](=O)[O-])n[nH]c2nc2c1c([N+](=O)[O-])nn2[N+](=O)[O-],1.9068210976746505,186.8391628000843
O=[N+]([O-])N=Cc1c2c([N+](=O)[O-])nc([N+](=O)[O-])nc2nn1C=N[N+](=O)[O-],1.7905634581163403,135.3770652973062
O=[N+]([O-])N=Cc1c2c([N+](=O)[O-])nc([N+](=O)[O-])nc2nn1[N+](=O)[O-],1.86355409314318,147.01132420084042
O=[N+]([O-])N=Cc1c2c([N+](=O)[O-])nn(C=N[N+](=O)[O-])c2nc2c1c([N+](=O)[O-])nn2C=N[N+](=O)[O-],1.8613918618481635,169.56858047324582
O=[N+]([O-])N=Cc1c2c([N+](=O)[O-])nn(C=N[N+](=O)[O-])c2nc2c1c([N+](=O)[O-])nn2[N+](=O)[O-],1.884032565203444,160.31852106990948
O=[N+]([O-])N=Cc1c2c([N+](=O)[O-])nn([N+](=O)[O-])c2nc2c1c([N+](=O)[O-])nn2[N+](=O)[O-],1.9375960538465016,155.19240726367642
O=[N+]([O-])N=Cc1cc([N+](=O)[O-])n2c([N+](=O)[O-])nnc2n1,1.8010744010970092,180.2845809652377
O=[N+]([O-])N=Cc1cc([N+](=O)[O-])n2nc([N+](=O)[O-])nc2n1,1.815136352007371,190.3289265624417
O=[N+]([O-])N=Cc1cc([N+](=O)[O-])nn2c([N+](=O)[O-])nnc12,1.802850085826243,159.19480486539223
O=[N+]([O-])N=Cc1cc2c(nnn2[N+](=O)[O-])c([N+](=O)[O-])n1,1.8202821718203748,136.97546668439685
O=[N+]([O-])N=Cc1cc2nnc([N+](=O)[O-])n2c([N+](=O)[O-])n1,1.7954665113572128,164.71343130582522
O=[N+]([O-])N=Cc1cc2nnc([N+](=O)[O-])n2nc1[N+](=O)[O-],1.806130489468162,162.98251677621693
O=[N+]([O-])N=Cc1cnc([N+](=O)[O-])c2nnn([N+](=O)[O-])c12,1.8174252629850003,132.11844815755586
O=[N+]([O-])N=Cc1cnc2c3nc([N+](=O)[O-])n([N+](=O)[O-])c3nc([N+](=O)[O-])n12,1.8139774715204504,170.0964796469524
O=[N+]([O-])N=Cc1cnc2nc([N+](=O)[O-])nn2c1[N+](=O)[O-],1.824119691303924,185.8247942133945
O=[N+]([O-])N=Cc1cnc2nnc([N+](=O)[O-])n2c1[N+](=O)[O-],1.8270576187376808,181.418079930538
O=[N+]([O-])N=Cc1n[nH]c(=NN[N+](=O)[O-])c2n[nH]nc12,1.839536941284436,164.45849824055796
O=[N+]([O-])N=Cc1n[nH]c2c([N+](=O)[O-])c([N+](=O)[O-])nn12,1.8365604025775528,197.7584610831766
O=[N+]([O-])N=Cc1n[nH]c2c([N+](=O)[O-])nc([N+](=O)[O-])nc12,1.8660550768999784,204.71655372690495
O=[N+]([O-])N=Cc1n[nH]c2c([N+](=O)[O-])nn([N+](=O)[O-])c12,1.872510751616168,180.397171888632
O=[N+]([O-])N=Cc1n[nH]c2c1c([N+](=O)[O-])nn2[N+](=O)[O-],1.8597162482837333,176.38069794442555
O=[N+]([O-])N=Cc1n[nH]c2nc([N+](=O)[O-])nc([N+](=O)[O-])c12,1.8690260842166109,192.0246799606198
O=[N+]([O-])N=Cc1n[nH]c2nc([N+](=O)[O-])nn12,1.8441390579733468,199.91570185430996
O=[N+]([O-])N=Cc1n[nH]c2nnc3n(C=N[N+](=O)[O-])nc([N+](=O)[O-])n1-n23,1.8469391706382343,213.40396236674437
O=[N+]([O-])N=Cc1n[nH]c2nnc3n([N+](=O)[O-])nc(C=N[N+](=O)[O-])n1-n23,1.8460044018386768,162.7406758324027
O=[N+]([O-])N=Cc1n[nH]c2nnc3n([N+](=O)[O-])nc([N+](=O)[O-])n1-n23,1.876061036488312,210.3824434143989
O=[N+]([O-])N=Cc1nc(C=N[N+](=O)[O-])c2c([N+](=O)[O-])n([N+](=O)[O-])nc2n1,1.8042672424697248,144.547349952515
O=[N+]([O-])N=Cc1nc(C=N[N+](=O)[O-])c2c([N+](=O)[O-])nn([N+](=O)[O-])c2n1,1.8091279606910933,138.4134862809322
O=[N+]([O-])N=Cc1nc(C=N[N+](=O)[O-])c2c(n1)c([N+](=O)[O-])nn2[N+](=O)[O-],1.8064164948817327,142.07272762155472
O=[N+]([O-])N=Cc1nc(C=N[N+](=O)[O-])c2c(nnn2[N+](=O)[O-])c1[N+](=O)[O-],1.787803041310902,153.18173616102047
O=[N+]([O-])N=Cc1nc(C=N[N+](=O)[O-])c2nc(C=N[N+](=O)[O-])n([N+](=O)[O-])c(=N[N+](=O)[O-])c2n1,1.8159415488941184,115.45444984334873
O=[N+]([O-])N=Cc1nc(C=N[N+](=O)[O-])c2nc([N+](=O)[O-])n(C=N[N+](=O)[O-])c(=NN[N+](=O)[O-])c2n1,1.812335299367669,131.9763372085441
O=[N+]([O-])N=Cc1nc(C=N[N+](=O)[O-])c2nc([N+](=O)[O-])n(C=N[N+](=O)[O-])c(=N[N+](=O)[O-])c2n1,1.8298715779546355,138.92126507020583
O=[N+]([O-])N=Cc1nc(C=N[N+](=O)[O-])c2nc([N+](=O)[O-])n(N[N+](=O)[O-])c(=NN[N+](=O)[O-])c2n1,1.798628152796682,136.41788234731484
O=[N+]([O-])N=Cc1nc(C=N[N+](=O)[O-])c2nc([N+](=O)[O-])n([N+](=O)[O-])c(=N[N+](=O)[O-])c2n1,1.861077512578665,123.83507216191347
O=[N+]([O-])N=Cc1nc(C=N[N+](=O)[O-])c2nc([N+](=O)[O-])n([N+](=O)[O-])c2n1,1.7848611009077462,146.07183567913148
O=[N+]([O-])N=Cc1nc(C=N[N+](=O)[O-])c2nnn([N+](=O)[O-])c2c1[N+](=O)[O-],1.8007483744480917,146.675341523954
O=[N+]([O-])N=Cc1nc(C=N[N+](=O)[O-])n(C=N[N+](=O)[O-])c2nc([N+](=O)[O-])nc1-2,1.7869614023236766,153.35646511998948
O=[N+]([O-])N=Cc1nc(C=N[N+](=O)[O-])n([N+](=O)[O-])c2nc([N+](=O)[O-])nc1-2,1.8335904436943664,152.68815261342326
O=[N+]([O-])N=Cc1nc(C=N[N+](=O)[O-])n2c([N+](=O)[O-])nnc2c1[N+](=O)[O-],1.8034013449017243,166.3787861455134
O=[N+]([O-])N=Cc1nc(C=N[N+](=O)[O-])n2nc([N+](=O)[O-])nc2c1[N+](=O)[O-],1.7935430336649305,163.19160099435717
O=[N+]([O-])N=Cc1nc(N[N+](=O)[O-])[nH]c2nc([N+](=O)[O-])nc1-2,1.835503003217657,142.8785074033782
O=[N+]([O-])N=Cc1nc(N[N+](=O)[O-])c2[nH]nnc2c1[N+](=O)[O-],1.83300682779356,140.30230553472603
O=[N+]([O-])N=Cc1nc(N[N+](=O)[O-])c2nn[nH]c2c1[N+](=O)[O-],1.834762773051701,142.52211369960477
O=[N+]([O-])N=Cc1nc([N+](=O)[O-])[nH]c2nc([N+](=O)[O-])nc1-2,1.861046204186786,226.8172140067467
O=[N+]([O-])N=Cc1nc([N+](=O)[O-])c(C=N[N+](=O)[O-])c2c1nnn2[N+](=O)[O-],1.809870179265309,140.63720490792008
O=[N+]([O-])N=Cc1nc([N+](=O)[O-])c([N+](=O)[O-])c2c1nnn2C=N[N+](=O)[O-],1.8115363207758448,160.21673676139773
O=[N+]([O-])N=Cc1nc([N+](=O)[O-])c([N+](=O)[O-])c2c1nnn2[N+](=O)[O-],1.8444500450252408,135.90880887801865
O=[N+]([O-])N=Cc1nc([N+](=O)[O-])c([N+](=O)[O-])c2nc([N+](=O)[O-])nn12,1.848396203905552,175.99903816368038
O=[N+]([O-])N=Cc1nc([N+](=O)[O-])c([N+](=O)[O-])c2nnc([N+](=O)[O-])n12,1.8355904208753508,174.10006624052568
O=[N+]([O-])N=Cc1nc([N+](=O)[O-])c([N+](=O)[O-])c2nnn(C=N[N+](=O)[O-])c12,1.8127600595249247,161.3762614373565
O=[N+]([O-])N=Cc1nc([N+](=O)[O-])c([N+](=O)[O-])c2nnn([N+](=O)[O-])c12,1.853963891645615,153.53491958677864
O=[N+]([O-])N=Cc1nc([N+](=O)[O-])c2[nH]nc([N+](=O)[O-])c2n1,1.852286542743068,193.72028143206057
O=[N+]([O-])N=Cc1nc([N+](=O)[O-])c2c([N+](=O)[O-])n(C=N[N+](=O)[O-])nc2n1,1.797400979524243,141.80220555193364
O=[N+]([O-])N=Cc1nc([N+](=O)[O-])c2c([N+](=O)[O-])n[nH]c2n1,1.8436541755808784,178.22373440619552
O=[N+]([O-])N=Cc1nc([N+](=O)[O-])c2c(n1)nc([N+](=O)[O-])n2C=N[N+](=O)[O-],1.7803878511505349,165.92783456151767
O=[N+]([O-])N=Cc1nc([N+](=O)[O-])c2c(nnn2C=N[N+](=O)[O-])c1[N+](=O)[O-],1.7951149246239326,162.15579092117062
O=[N+]([O-])N=Cc1nc([N+](=O)[O-])c2c(nnn2N[N+](=O)[O-])c1[N+](=O)[O-],1.8149574314168304,140.19240305403167
O=[N+]([O-])N=Cc1nc([N+](=O)[O-])c2c(nnn2[N+](=O)[O-])c1C=N[N+](=O)[O-],1.7952674536139284,128.9995243500404
O=[N+]([O-])N=Cc1nc([N+](=O)[O-])c2c(nnn2[N+](=O)[O-])c1[N+](=O)[O-],1.850414257525265,144.94992938444173
O=[N+]([O-])N=Cc1nc([N+](=O)[O-])c2nc([N+](=O)[O-])[nH]c(=NN[N+](=O)[O-])c2n1,1.839753135491636,144.74381104043488
O=[N+]([O-])N=Cc1nc([N+](=O)[O-])c2nc([N+](=O)[O-])[nH]c(=N[N+](=O)[O-])c2n1,1.87932950968067,161.34792379808624
O=[N+]([O-])N=Cc1nc([N+](=O)[O-])c2nc([N+](=O)[O-])n(C=N[N+](=O)[O-])c(=N[N+](=O)[O-])c2n1,1.849668929803588,138.58195321611845
O=[N+]([O-])N=Cc1nc([N+](=O)[O-])c2nc([N+](=O)[O-])n(C=N[N+](=O)[O-])c2n1,1.7840422563097582,162.61980159906784
O=[N+]([O-])N=Cc1nc([N+](=O)[O-])c2nc([N+](=O)[O-])n([N+](=O)[O-])c2n1,1.820408670738601,145.5123753771188
O=[N+]([O-])N=Cc1nc([N+](=O)[O-])c2nc([N+](=O)[O-])nc-2[nH]1,1.872102441018156,221.1311940265544
O=[N+]([O-])N=Cc1nc([N+](=O)[O-])c2nc([N+](=O)[O-])nc-2n1C=N[N+](=O)[O-],1.8288418716988728,169.20722603122255
O=[N+]([O-])N=Cc1nc([N+](=O)[O-])c2nc([N+](=O)[O-])nc-2n1N[N+](=O)[O-],1.8583744703897525,146.00753764168235
O=[N+]([O-])N=Cc1nc([N+](=O)[O-])c2nc([N+](=O)[O-])nc-2n1[N+](=O)[O-],1.8827180104261885,176.54132413886262
O=[N+]([O-])N=Cc1nc([N+](=O)[O-])c2ncnc-2n1[N+](=O)[O-],1.838673719029368,169.82573959549077
O=[N+]([O-])N=Cc1nc([N+](=O)[O-])c2nnn(C=N[N+](=O)[O-])c2c1[N+](=O)[O-],1.7946571207366802,158.46786845474122
O=[N+]([O-])N=Cc1nc([N+](=O)[O-])c2nnn(N[N+](=O)[O-])c2c1C=N[N+](=O)[O-],1.78932692124864,129.22561775725313
O=[N+]([O-])N=Cc1nc([N+](=O)[O-])c2nnn(N[N+](=O)[O-])c2c1[N+](=O)[O-],1.819593459504797,131.30801809646752
O=[N+]([O-])N=Cc1nc([N+](=O)[O-])c2nnn([N+](=O)[O-])c2c1C=N[N+](=O)[O-],1.8106776899362136,137.9791871884517
O=[N+]([O-])N=Cc1nc([N+](=O)[O-])c2nnn([N+](=O)[O-])c2c1[N+](=O)[O-],1.8522863981315567,141.26367150661284
O=[N+]([O-])N=Cc1nc([N+](=O)[O-])c2nonc2n1,1.7901088356823045,165.10819641904408
O=[N+]([O-])N=Cc1nc([N+](=O)[O-])c2oc([N+](=O)[O-])nn12,1.8515818508556527,180.64306861578237
O=[N+]([O-])N=Cc1nc([N+](=O)[O-])cc2nnc([N+](=O)[O-])n12,1.798576164958897,172.9820505914141
O=[N+]([O-])N=Cc1nc([N+](=O)[O-])n(C=N[N+](=O)[O-])c2nc([N+](=O)[O-])nc1-2,1.8333272507464715,157.27454338247804
O=[N+]([O-])N=Cc1nc([N+](=O)[O-])n([N+](=O)[O-])c2nc([N+](=O)[O-])nc1-2,1.8715447467304869,150.70478208491744
O=[N+]([O-])N=Cc1nc([N+](=O)[O-])n2c(C=N[N+](=O)[O-])c([N+](=O)[O-])nc2n1,1.7806725189076402,153.45949126444134
O=[N+]([O-])N=Cc1nc([N+](=O)[O-])n2c(C=N[N+](=O)[O-])nnc2c1[N+](=O)[O-],1.809619169837117,168.67981566527965
O=[N+]([O-])N=Cc1nc([N+](=O)[O-])n2c([N+](=O)[O-])c([N+](=O)[O-])nc2n1,1.812267621181068,162.44001942470447
O=[N+]([O-])N=Cc1nc([N+](=O)[O-])n2c([N+](=O)[O-])nnc2c1C=N[N+](=O)[O-],1.7884521300727854,139.9996806849526
O=[N+]([O-])N=Cc1nc([N+](=O)[O-])n2c([N+](=O)[O-])nnc2c1[N+](=O)[O-],1.865210979517086,178.19841548514125
O=[N+]([O-])N=Cc1nc([N+](=O)[O-])n2nc([N+](=O)[O-])nc2c1C=N[N+](=O)[O-],1.819493930633155,152.93472310262618
O=[N+]([O-])N=Cc1nc([N+](=O)[O-])n2nc([N+](=O)[O-])nc2c1[N+](=O)[O-],1.8445411141235584,170.90145355651686
O=[N+]([O-])N=Cc1nc([N+](=O)[O-])n2nc([N+](=O)[O-])nc2n1,1.811121972647297,149.26553386346262
O=[N+]([O-])N=Cc1nc([N+](=O)[O-])n2nc([N+](=O)[O-])oc12,1.8368166903258527,166.59755404178193
O=[N+]([O-])N=Cc1nc([N+](=O)[O-])nc2c(=NN[N+](=O)[O-])[nH]c([N+](=O)[O-])nc12,1.8363497759134813,139.64196587911533
O=[N+]([O-])N=Cc1nc([N+](=O)[O-])nc2c(=NN[N+](=O)[O-])n(C=N[N+](=O)[O-])c(C=N[N+](=O)[O-])nc12,1.7910738644402944,135.0453762021274
O=[N+]([O-])N=Cc1nc([N+](=O)[O-])nc2c(=N[N+](=O)[O-])[nH]c([N+](=O)[O-])nc12,1.8803554198843,146.8616433370026
O=[N+]([O-])N=Cc1nc([N+](=O)[O-])nc2c(=N[N+](=O)[O-])n(C=N[N+](=O)[O-])c(C=N[N+](=O)[O-])nc12,1.8177905516588373,131.85799288566156
O=[N+]([O-])N=Cc1nc([N+](=O)[O-])nc2c(=N[N+](=O)[O-])n(C=N[N+](=O)[O-])c([N+](=O)[O-])nc12,1.848828592319952,132.73540282138867
O=[N+]([O-])N=Cc1nc([N+](=O)[O-])nc2c(=N[N+](=O)[O-])n([N+](=O)[O-])c(C=N[N+](=O)[O-])nc12,1.8663738006676496,123.37406038570126
O=[N+]([O-])N=Cc1nc([N+](=O)[O-])nc2c([N+](=O)[O-])nn(C=N[N+](=O)[O-])c12,1.8011989477598525,127.79528697472952
O=[N+]([O-])N=Cc1nc([N+](=O)[O-])nc2c1c(C=N[N+](=O)[O-])nn2[N+](=O)[O-],1.803538581224556,133.8101325613772
O=[N+]([O-])N=Cc1nc([N+](=O)[O-])nc2c1c([N+](=O)[O-])nn2C=N[N+](=O)[O-],1.7988195461299452,135.8571009432383
O=[N+]([O-])N=Cc1nc([N+](=O)[O-])nc2c1c([N+](=O)[O-])nn2[N+](=O)[O-],1.8653294886493936,144.95028608199897
O=[N+]([O-])N=Cc1nc([N+](=O)[O-])nc2c1nc(C=N[N+](=O)[O-])n2[N+](=O)[O-],1.781435525386394,145.46239808604213
O=[N+]([O-])N=Cc1nc([N+](=O)[O-])nc2c1nc([N+](=O)[O-])n2C=N[N+](=O)[O-],1.7879125845296002,138.9756680531965
O=[N+]([O-])N=Cc1nc([N+](=O)[O-])nc2c1nc([N+](=O)[O-])n2[N+](=O)[O-],1.827171934136204,133.9946905197015
O=[N+]([O-])N=Cc1nc([N+](=O)[O-])nc2nc([N+](=O)[O-])c(C=N[N+](=O)[O-])n12,1.7927280393483915,163.96791359464575
O=[N+]([O-])N=Cc1nc([N+](=O)[O-])nc2nc([N+](=O)[O-])c([N+](=O)[O-])n12,1.84161941933178,181.7991187933131
O=[N+]([O-])N=Cc1nc([N+](=O)[O-])nc2nc([N+](=O)[O-])n(C=N[N+](=O)[O-])c12,1.796399797888795,164.18855745584497
O=[N+]([O-])N=Cc1nc([N+](=O)[O-])nc2nc([N+](=O)[O-])n([N+](=O)[O-])c12,1.839398294999384,148.50101209909425
O=[N+]([O-])N=Cc1nc([N+](=O)[O-])nc2nc([N+](=O)[O-])nn12,1.831318271,146.1467817992155
O=[N+]([O-])N=Cc1nc([N+](=O)[O-])nc2nn(C=N[N+](=O)[O-])c([N+](=O)[O-])c12,1.7921718634815755,141.63290632244718
O=[N+]([O-])N=Cc1nc([N+](=O)[O-])nc2nn([N+](=O)[O-])c(C=N[N+](=O)[O-])c12,1.7915894044728475,142.82595396327696
O=[N+]([O-])N=Cc1nc([N+](=O)[O-])nc2nn([N+](=O)[O-])c([N+](=O)[O-])c12,1.8723524743186568,140.88624585798243
O=[N+]([O-])N=Cc1nc([N+](=O)[O-])nc2nonc12,1.79811160048356,170.27116236734915
O=[N+]([O-])N=Cc1nc2[nH]c(N[N+](=O)[O-])nc([N+](=O)[O-])c-2n1,1.8584070079794648,152.97728901112444
O=[N+]([O-])N=Cc1nc2[nH]c([N+](=O)[O-])nc([N+](=O)[O-])c-2n1,1.892373648631953,253.16587136749015
O=[N+]([O-])N=Cc1nc2[nH]c([N+](=O)[O-])nc2c(=NN[N+](=O)[O-])n1[N+](=O)[O-],1.791022382742794,136.60111920357525
O=[N+]([O-])N=Cc1nc2[nH]nc([N+](=O)[O-])n2n1,1.8345086906289256,231.2981544090624
O=[N+]([O-])N=Cc1nc2[nH]nnc2c(N[N+](=O)[O-])c1[N+](=O)[O-],1.8347415151597564,137.42947661967048
O=[N+]([O-])N=Cc1nc2c(=NN[N+](=O)[O-])[nH]c([N+](=O)[O-])nc2n1[N+](=O)[O-],1.819585686636144,147.85449117107171
O=[N+]([O-])N=Cc1nc2c(=NN[N+](=O)[O-])n(C=N[N+](=O)[O-])c([N+](=O)[O-])nc2n1C=N[N+](=O)[O-],1.789183141254989,136.2335093432795
O=[N+]([O-])N=Cc1nc2c(=NN[N+](=O)[O-])n(C=N[N+](=O)[O-])c([N+](=O)[O-])nc2n1[N+](=O)[O-],1.8292072326784647,129.99147383470608
O=[N+]([O-])N=Cc1nc2c(=NN[N+](=O)[O-])n(N[N+](=O)[O-])c([N+](=O)[O-])nc2[nH]1,1.820901000623825,156.7090324330128
O=[N+]([O-])N=Cc1nc2c(=NN[N+](=O)[O-])n(N[N+](=O)[O-])c([N+](=O)[O-])nc2n1[N+](=O)[O-],1.8297042985906369,137.17792557568674
O=[N+]([O-])N=Cc1nc2c(=NN[N+](=O)[O-])n([N+](=O)[O-])c([N+](=O)[O-])nc2[nH]1,1.850152004552184,144.7852408011582
O=[N+]([O-])N=Cc1nc2c(=NN[N+](=O)[O-])n([N+](=O)[O-])c([N+](=O)[O-])nc2n1[N+](=O)[O-],1.8692831311753384,123.5867446069656
O=[N+]([O-])N=Cc1nc2c(=N[N+](=O)[O-])[nH]c([N+](=O)[O-])nc2n1C=N[N+](=O)[O-],1.809329151454148,168.03318904909202
O=[N+]([O-])N=Cc1nc2c(=N[N+](=O)[O-])[nH]c([N+](=O)[O-])nc2n1[N+](=O)[O-],1.84145058539405,153.27967606252636
O=[N+]([O-])N=Cc1nc2c(=N[N+](=O)[O-])[nH]cnc2n1[N+](=O)[O-],1.83620003069505,135.93587825930757
O=[N+]([O-])N=Cc1nc2c(=N[N+](=O)[O-])n(C=N[N+](=O)[O-])c([N+](=O)[O-])nc2[nH]1,1.857363635936023,165.3124982477131
O=[N+]([O-])N=Cc1nc2c(=N[N+](=O)[O-])n(C=N[N+](=O)[O-])c([N+](=O)[O-])nc2n1C=N[N+](=O)[O-],1.8065787489957648,143.6930593029058
O=[N+]([O-])N=Cc1nc2c(=N[N+](=O)[O-])n(C=N[N+](=O)[O-])c([N+](=O)[O-])nc2n1[N+](=O)[O-],1.8550351014046995,141.12441413805905
O=[N+]([O-])N=Cc1nc2c(=N[N+](=O)[O-])n([N+](=O)[O-])c(C=N[N+](=O)[O-])nc2[nH]1,1.815643359960844,138.81985727578228
O=[N+]([O-])N=Cc1nc2c(=N[N+](=O)[O-])n([N+](=O)[O-])c([N+](=O)[O-])nc2[nH]1,1.8995353167391449,151.98179897292755
O=[N+]([O-])N=Cc1nc2c(=N[N+](=O)[O-])n([N+](=O)[O-])c([N+](=O)[O-])nc2n1[N+](=O)[O-],1.8945566316786293,123.4602490843489
O=[N+]([O-])N=Cc1nc2c(C=N[N+](=O)[O-])c([N+](=O)[O-])nc([N+](=O)[O-])n2n1,1.813736006451908,157.58880714143424
O=[N+]([O-])N=Cc1nc2c(C=N[N+](=O)[O-])nc([N+](=O)[O-])n(C=N[N+](=O)[O-])c-2n1,1.7917020929918843,179.86957656840016
O=[N+]([O-])N=Cc1nc2c(C=N[N+](=O)[O-])nc([N+](=O)[O-])n([N+](=O)[O-])c-2n1,1.8129136007954896,156.76864055813513
O=[N+]([O-])N=Cc1nc2c(C=N[N+](=O)[O-])nnn2nc1[N+](=O)[O-],1.792691705706546,154.15498544597193
O=[N+]([O-])N=Cc1nc2c([N+](=O)[O-])c(C=N[N+](=O)[O-])nc([N+](=O)[O-])n2n1,1.7955019411771218,172.31701441796628
O=[N+]([O-])N=Cc1nc2c([N+](=O)[O-])c([N+](=O)[O-])nc([N+](=O)[O-])n2n1,1.855913616326932,182.53065924465676
O=[N+]([O-])N=Cc1nc2c([N+](=O)[O-])nc(C=N[N+](=O)[O-])n(C=N[N+](=O)[O-])c-2n1,1.7850931300752726,163.78457765573054
O=[N+]([O-])N=Cc1nc2c([N+](=O)[O-])nc(C=N[N+](=O)[O-])n([N+](=O)[O-])c-2n1,1.8304899367706795,164.02482006604748
O=[N+]([O-])N=Cc1nc2c([N+](=O)[O-])nc([N+](=O)[O-])n(C=N[N+](=O)[O-])c-2n1,1.8439193569370336,193.9029370034129
O=[N+]([O-])N=Cc1nc2c([N+](=O)[O-])nc([N+](=O)[O-])n([N+](=O)[O-])c-2n1,1.893525262390504,183.02471178348665
O=[N+]([O-])N=Cc1nc2c([N+](=O)[O-])nc([N+](=O)[O-])nc2c(=NN[N+](=O)[O-])[nH]1,1.8706494568731136,143.73051254641686
O=[N+]([O-])N=Cc1nc2c([N+](=O)[O-])nc([N+](=O)[O-])nc2c(=NN[N+](=O)[O-])n1C=N[N+](=O)[O-],1.8336460468198967,133.33014975952764
O=[N+]([O-])N=Cc1nc2c([N+](=O)[O-])nc([N+](=O)[O-])nc2c(=N[N+](=O)[O-])[nH]1,1.8918657007036657,139.82729007663664
O=[N+]([O-])N=Cc1nc2c([N+](=O)[O-])nc([N+](=O)[O-])nc2c(=N[N+](=O)[O-])n1C=N[N+](=O)[O-],1.8626389192032045,132.61400675273856
O=[N+]([O-])N=Cc1nc2c([N+](=O)[O-])nc([N+](=O)[O-])nc2c(=N[N+](=O)[O-])n1[N+](=O)[O-],1.911295775470521,124.0077666237041
O=[N+]([O-])N=Cc1nc2c([N+](=O)[O-])nc([N+](=O)[O-])nc2n1C=N[N+](=O)[O-],1.7856673100750626,151.3189624344161
O=[N+]([O-])N=Cc1nc2c([N+](=O)[O-])nc([N+](=O)[O-])nc2n1[N+](=O)[O-],1.834112672009249,154.65269743751878
O=[N+]([O-])N=Cc1nc2c([N+](=O)[O-])ncn([N+](=O)[O-])c-2n1,1.80560797193026,154.50113400323994
O=[N+]([O-])N=Cc1nc2c([N+](=O)[O-])ncnc2c(=N[N+](=O)[O-])n1[N+](=O)[O-],1.8600409734290628,117.85750807550856
O=[N+]([O-])N=Cc1nc2c([N+](=O)[O-])nnn2nc1[N+](=O)[O-],1.85901155639632,178.7129120784097
O=[N+]([O-])N=Cc1nc2c(c([N+](=O)[O-])c([N+](=O)[O-])n2C=N[N+](=O)[O-])c2nnnn12,1.8258282401397168,170.7349088248336
O=[N+]([O-])N=Cc1nc2c(c([N+](=O)[O-])c([N+](=O)[O-])n2[N+](=O)[O-])c2nnnn12,1.8609249112829145,154.61133373189864
O=[N+]([O-])N=Cc1nc2c(nc(C=N[N+](=O)[O-])n2C=N[N+](=O)[O-])c(=N[N+](=O)[O-])n1[N+](=O)[O-],1.794790235631481,126.421684314829
O=[N+]([O-])N=Cc1nc2c(nc(C=N[N+](=O)[O-])n2[N+](=O)[O-])c(=N[N+](=O)[O-])[nH]1,1.828314979662798,143.19732896445478
O=[N+]([O-])N=Cc1nc2c(nc(C=N[N+](=O)[O-])n3c(C=N[N+](=O)[O-])c([N+](=O)[O-])nc23)n1[N+](=O)[O-],1.7927123128466973,164.63955527841296
O=[N+]([O-])N=Cc1nc2c(nc(C=N[N+](=O)[O-])n3c([N+](=O)[O-])c([N+](=O)[O-])nc23)n1[N+](=O)[O-],1.825132767236056,166.08969598638447
O=[N+]([O-])N=Cc1nc2c(nc([N+](=O)[O-])n2C=N[N+](=O)[O-])c(=NN[N+](=O)[O-])n1N[N+](=O)[O-],1.7921511117299147,150.15009096135535
O=[N+]([O-])N=Cc1nc2c(nc([N+](=O)[O-])n2C=N[N+](=O)[O-])c(=NN[N+](=O)[O-])n1[N+](=O)[O-],1.8197122940130024,128.62504475901244
O=[N+]([O-])N=Cc1nc2c(nc([N+](=O)[O-])n2C=N[N+](=O)[O-])c(=N[N+](=O)[O-])n1C=N[N+](=O)[O-],1.8092139322336889,145.94541942263862
O=[N+]([O-])N=Cc1nc2c(nc([N+](=O)[O-])n2C=N[N+](=O)[O-])c2nc([N+](=O)[O-])c(N[N+](=O)[O-])n12,1.8176813699689136,126.29553227874894
O=[N+]([O-])N=Cc1nc2c(nc([N+](=O)[O-])n2C=N[N+](=O)[O-])c2nc([N+](=O)[O-])c([N+](=O)[O-])n12,1.838438399949993,186.1615761570296
O=[N+]([O-])N=Cc1nc2c(nc([N+](=O)[O-])n2N[N+](=O)[O-])c2nc([N+](=O)[O-])c(C=N[N+](=O)[O-])n12,1.781968545335198,162.5418829993401
O=[N+]([O-])N=Cc1nc2c(nc([N+](=O)[O-])n2N[N+](=O)[O-])c2nc([N+](=O)[O-])c([N+](=O)[O-])n12,1.819360092680805,156.33961926839982
O=[N+]([O-])N=Cc1nc2c(nc([N+](=O)[O-])n2[N+](=O)[O-])c2nc([N+](=O)[O-])c(C=N[N+](=O)[O-])n12,1.825828673974247,175.1122087702378
O=[N+]([O-])N=Cc1nc2c(nc([N+](=O)[O-])n2[N+](=O)[O-])c2nc([N+](=O)[O-])c([N+](=O)[O-])n12,1.8751934035821944,169.00612787505844
O=[N+]([O-])N=Cc1nc2c(nc([N+](=O)[O-])n3c(C=N[N+](=O)[O-])c([N+](=O)[O-])nc23)n1C=N[N+](=O)[O-],1.81412226379467,167.62409658399037
O=[N+]([O-])N=Cc1nc2c(nc([N+](=O)[O-])n3c(C=N[N+](=O)[O-])c([N+](=O)[O-])nc23)n1N[N+](=O)[O-],1.798789250018635,144.8235923940727
O=[N+]([O-])N=Cc1nc2c(nc([N+](=O)[O-])n3c(C=N[N+](=O)[O-])c([N+](=O)[O-])nc23)n1[N+](=O)[O-],1.8416775170058544,168.13662473518366
O=[N+]([O-])N=Cc1nc2c(nc([N+](=O)[O-])n3c(N[N+](=O)[O-])c([N+](=O)[O-])nc23)[nH]1,1.8606092966627048,137.79277968723798
O=[N+]([O-])N=Cc1nc2c(nc([N+](=O)[O-])n3c(N[N+](=O)[O-])c([N+](=O)[O-])nc23)n1[N+](=O)[O-],1.8564390622479088,114.70296735635084
O=[N+]([O-])N=Cc1nc2c(nc([N+](=O)[O-])n3c([N+](=O)[O-])c([N+](=O)[O-])nc23)[nH]1,1.897337149483935,220.48405878607215
O=[N+]([O-])N=Cc1nc2c(nc([N+](=O)[O-])n3c([N+](=O)[O-])c([N+](=O)[O-])nc23)n1C=N[N+](=O)[O-],1.837777706114445,183.72628303451108
O=[N+]([O-])N=Cc1nc2c(nc([N+](=O)[O-])n3c([N+](=O)[O-])c([N+](=O)[O-])nc23)n1N[N+](=O)[O-],1.8271579068197503,153.76714951307812
O=[N+]([O-])N=Cc1nc2c(nc([N+](=O)[O-])n3c([N+](=O)[O-])c([N+](=O)[O-])nc23)n1[N+](=O)[O-],1.880298587560935,185.59897163210488
O=[N+]([O-])N=Cc1nc2c(nc([N+](=O)[O-])n3c([N+](=O)[O-])cnc23)n1[N+](=O)[O-],1.8173537525933885,171.0840893113382
O=[N+]([O-])N=Cc1nc2c(nc([N+](=O)[O-])n3cc([N+](=O)[O-])nc23)n1[N+](=O)[O-],1.836554437352772,171.97955871227862
O=[N+]([O-])N=Cc1nc2c(ncn3c([N+](=O)[O-])c([N+](=O)[O-])nc23)n1[N+](=O)[O-],1.839432604080092,175.95201353571653
O=[N+]([O-])N=Cc1nc2c(nnn2C=N[N+](=O)[O-])c([N+](=O)[O-])c1[N+](=O)[O-],1.7997207650592215,169.72626061008043
O=[N+]([O-])N=Cc1nc2c(nnn2N[N+](=O)[O-])c([N+](=O)[O-])c1[N+](=O)[O-],1.826219739649712,145.976861651759
O=[N+]([O-])N=Cc1nc2c(nnn2[N+](=O)[O-])c([N+](=O)[O-])c1[N+](=O)[O-],1.825357457369457,144.51095359065505
O=[N+]([O-])N=Cc1nc2c3c([N+](=O)[O-])nn(C=N[N+](=O)[O-])c3nnn2c1[N+](=O)[O-],1.804197792792128,192.0818968910065
O=[N+]([O-])N=Cc1nc2c3c([N+](=O)[O-])nn([N+](=O)[O-])c3nnn2c1[N+](=O)[O-],1.80603721504432,193.9707425668416
O=[N+]([O-])N=Cc1nc2c3nc(C=N[N+](=O)[O-])n(N[N+](=O)[O-])c3nc([N+](=O)[O-])n2c1[N+](=O)[O-],1.8049090645032388,146.98992234740552
O=[N+]([O-])N=Cc1nc2c3nc(C=N[N+](=O)[O-])n([N+](=O)[O-])c3nc([N+](=O)[O-])n2c1[N+](=O)[O-],1.8259816729516496,170.1020745141929
O=[N+]([O-])N=Cc1nc2c3nc([N+](=O)[O-])[nH]c3nc([N+](=O)[O-])n2c1[N+](=O)[O-],1.8528789799459733,226.02069845314625
O=[N+]([O-])N=Cc1nc2c3nc([N+](=O)[O-])n(C=N[N+](=O)[O-])c3nc([N+](=O)[O-])n2c1[N+](=O)[O-],1.8530040689019789,185.9760273721574
O=[N+]([O-])N=Cc1nc2c3nc([N+](=O)[O-])n(N[N+](=O)[O-])c3nc(C=N[N+](=O)[O-])n2c1[N+](=O)[O-],1.7896654929460354,158.37220084878524
O=[N+]([O-])N=Cc1nc2c3nc([N+](=O)[O-])n(N[N+](=O)[O-])c3nc([N+](=O)[O-])n2c1[N+](=O)[O-],1.822562225343027,157.8026869600664
O=[N+]([O-])N=Cc1nc2c3nc([N+](=O)[O-])n([N+](=O)[O-])c3nc(C=N[N+](=O)[O-])n2c1[N+](=O)[O-],1.830030397545309,168.09898653738367
O=[N+]([O-])N=Cc1nc2c3nc([N+](=O)[O-])n([N+](=O)[O-])c3nc([N+](=O)[O-])n2c1C=N[N+](=O)[O-],1.8271540023089847,173.03073980797842
O=[N+]([O-])N=Cc1nc2c3nc([N+](=O)[O-])n([N+](=O)[O-])c3nc([N+](=O)[O-])n2c1[N+](=O)[O-],1.873782609845145,174.30847669661335
O=[N+]([O-])N=Cc1nc2cnc([N+](=O)[O-])nc2c(=N[N+](=O)[O-])n1[N+](=O)[O-],1.8561153493831488,113.2822938299142
O=[N+]([O-])N=Cc1nc2n(C=N[N+](=O)[O-])nc([N+](=O)[O-])n2n1,1.7982501383099796,159.02923774923624
O=[N+]([O-])N=Cc1nc2n([N+](=O)[O-])nc([N+](=O)[O-])n2n1,1.8395132249968231,154.27655325789033
O=[N+]([O-])N=Cc1nc2nc(C=N[N+](=O)[O-])c([N+](=O)[O-])c([N+](=O)[O-])n2n1,1.7866045372702877,169.38368563389523
O=[N+]([O-])N=Cc1nc2nc([N+](=O)[O-])c(C=N[N+](=O)[O-])c([N+](=O)[O-])n2n1,1.83557407977474,150.02917048944826
O=[N+]([O-])N=Cc1nc2nc([N+](=O)[O-])c([N+](=O)[O-])c(C=N[N+](=O)[O-])n2n1,1.797120288583658,158.26400919526364
O=[N+]([O-])N=Cc1nc2nc([N+](=O)[O-])c([N+](=O)[O-])c([N+](=O)[O-])n2n1,1.8560359576642504,173.59329809433092
O=[N+]([O-])N=Cc1nc2nc([N+](=O)[O-])nc(C=N[N+](=O)[O-])n2c1[N+](=O)[O-],1.792922541829116,171.5372405302703
O=[N+]([O-])N=Cc1nc2nc([N+](=O)[O-])nc([N+](=O)[O-])c2n1C=N[N+](=O)[O-],1.7819549880061514,163.55740094482542
O=[N+]([O-])N=Cc1nc2nc([N+](=O)[O-])nc([N+](=O)[O-])c2n1[N+](=O)[O-],1.812328719543972,146.08697550878355
O=[N+]([O-])N=Cc1nc2nc([N+](=O)[O-])nc([N+](=O)[O-])n2c1C=N[N+](=O)[O-],1.7932513160967205,166.13438226369527
O=[N+]([O-])N=Cc1nc2nc([N+](=O)[O-])nc([N+](=O)[O-])n2c1[N+](=O)[O-],1.8422384288996176,195.56194394768409
O=[N+]([O-])N=Cc1nc2nc([N+](=O)[O-])nc([N+](=O)[O-])n2n1,1.841128390950143,175.99615155567082
O=[N+]([O-])N=Cc1nc2nc([N+](=O)[O-])nn2c(C=N[N+](=O)[O-])c1[N+](=O)[O-],1.803799894222823,170.74915030508225
O=[N+]([O-])N=Cc1nc2nc([N+](=O)[O-])nn2c([N+](=O)[O-])c1C=N[N+](=O)[O-],1.8145772116046035,166.1861232260272
O=[N+]([O-])N=Cc1nc2nc([N+](=O)[O-])nn2c([N+](=O)[O-])c1[N+](=O)[O-],1.860495270487201,191.75634431491443
O=[N+]([O-])N=Cc1nc2nn[nH]c2c(N[N+](=O)[O-])c1[N+](=O)[O-],1.8305944547394108,137.319323129584
O=[N+]([O-])N=Cc1nc2nnc([N+](=O)[O-])n2c(C=N[N+](=O)[O-])c1[N+](=O)[O-],1.8009454799359934,173.91596406241342
O=[N+]([O-])N=Cc1nc2nnc([N+](=O)[O-])n2c([N+](=O)[O-])c1C=N[N+](=O)[O-],1.8106985139936296,165.53688743326342
O=[N+]([O-])N=Cc1nc2nnc([N+](=O)[O-])n2c([N+](=O)[O-])c1[N+](=O)[O-],1.8569764386184464,191.82482364039575
O=[N+]([O-])N=Cc1nc2nnn(C=N[N+](=O)[O-])c2c([N+](=O)[O-])c1[N+](=O)[O-],1.797028207204772,168.90781145946437
O=[N+]([O-])N=Cc1nc2nnn(N[N+](=O)[O-])c2c([N+](=O)[O-])c1[N+](=O)[O-],1.8149243515339564,148.8448024891782
O=[N+]([O-])N=Cc1nc2nnn([N+](=O)[O-])c2c([N+](=O)[O-])c1[N+](=O)[O-],1.832306004264034,144.7944620935641
O=[N+]([O-])N=Cc1nc2noc([N+](=O)[O-])c2n1[N+](=O)[O-],1.7829854715487794,142.24873804952568
O=[N+]([O-])N=Cc1nc2nonc2nc1[N+](=O)[O-],1.8038175368270228,168.3567731831089
O=[N+]([O-])N=Cc1nc2onc([N+](=O)[O-])n2c1[N+](=O)[O-],1.8433376571387323,195.35538963999616
O=[N+]([O-])N=Cc1ncc2nc([N+](=O)[O-])nc-2n1[N+](=O)[O-],1.8345931075977904,158.87197375955174
O=[N+]([O-])N=Cc1ncn([N+](=O)[O-])c2nc([N+](=O)[O-])nc1-2,1.826737123479015,160.218976029396
O=[N+]([O-])N=Cc1ncnc2c(=N[N+](=O)[O-])n(C=N[N+](=O)[O-])c([N+](=O)[O-])nc12,1.824787254186188,128.42347100610536
O=[N+]([O-])N=Cc1ncnc2c([N+](=O)[O-])nn([N+](=O)[O-])c12,1.8224817851906825,138.55875466387667
O=[N+]([O-])N=Cc1ncnc2c1c([N+](=O)[O-])nn2[N+](=O)[O-],1.8082584839882248,137.233768559927
O=[N+]([O-])N=Cc1ncnc2nn([N+](=O)[O-])c([N+](=O)[O-])c12,1.8089221785126013,144.85097883985696
O=[N+]([O-])N=Cc1nn(C=N[N+](=O)[O-])c2c([N+](=O)[O-])c([N+](=O)[O-])nn12,1.7910677184511266,151.3388582314982
O=[N+]([O-])N=Cc1nn(C=N[N+](=O)[O-])c2c([N+](=O)[O-])nc([N+](=O)[O-])nc12,1.818149658190629,150.70087162280834
O=[N+]([O-])N=Cc1nn(C=N[N+](=O)[O-])c2c([N+](=O)[O-])nn(C=N[N+](=O)[O-])c12,1.783674093482163,146.3987027517771
O=[N+]([O-])N=Cc1nn(C=N[N+](=O)[O-])c2c([N+](=O)[O-])nn([N+](=O)[O-])c12,1.8132219125344529,141.73880586388793
O=[N+]([O-])N=Cc1nn(C=N[N+](=O)[O-])c2c1c([N+](=O)[O-])nn2C=N[N+](=O)[O-],1.7812796341787946,144.10254809862664
O=[N+]([O-])N=Cc1nn(C=N[N+](=O)[O-])c2c1c([N+](=O)[O-])nn2[N+](=O)[O-],1.8089921704833607,140.30066736816678
O=[N+]([O-])N=Cc1nn(C=N[N+](=O)[O-])c2nc([N+](=O)[O-])nn12,1.8111138744027464,145.03508762347957
O=[N+]([O-])N=Cc1nn(C=N[N+](=O)[O-])c2nc3c(c([N+](=O)[O-])nn3[N+](=O)[O-])c([N+](=O)[O-])c12,1.872305150202064,174.59168134604772
O=[N+]([O-])N=Cc1nn(C=N[N+](=O)[O-])c2nnc([N+](=O)[O-])nc12,1.7960176258211848,142.54652766574532
O=[N+]([O-])N=Cc1nn(C=N[N+](=O)[O-])c2nnc3[nH]nc([N+](=O)[O-])n1-n32,1.8494978905403336,224.3224547775777
O=[N+]([O-])N=Cc1nn(C=N[N+](=O)[O-])c2nnc3n(C=N[N+](=O)[O-])nc(C=N[N+](=O)[O-])n1-n23,1.7864991154796193,161.86619213774708
O=[N+]([O-])N=Cc1nn(C=N[N+](=O)[O-])c2nnc3n(C=N[N+](=O)[O-])nc([N+](=O)[O-])n1-n23,1.8349085776064904,180.8521924669845
O=[N+]([O-])N=Cc1nn(C=N[N+](=O)[O-])c2nnc3n([N+](=O)[O-])nc(C=N[N+](=O)[O-])n1-n23,1.8172105148928992,138.12152272481433
O=[N+]([O-])N=Cc1nn(C=N[N+](=O)[O-])c2nnc3n([N+](=O)[O-])nc([N+](=O)[O-])n1-n23,1.8488664082297728,177.43511574018189
O=[N+]([O-])N=Cc1nn(C=N[N+](=O)[O-])c2nnn3c([N+](=O)[O-])c([N+](=O)[O-])nc3c12,1.812532910995856,208.93236876153057
O=[N+]([O-])N=Cc1nn([N+](=O)[O-])c2[nH]nc([N+](=O)[O-])c12,1.8507008775377527,154.3835823415957
O=[N+]([O-])N=Cc1nn([N+](=O)[O-])c2c([N+](=O)[O-])c([N+](=O)[O-])nn12,1.8671313842147848,165.0988760439834
O=[N+]([O-])N=Cc1nn([N+](=O)[O-])c2c([N+](=O)[O-])cnn12,1.7903708355852437,161.23095342135014
O=[N+]([O-])N=Cc1nn([N+](=O)[O-])c2c1c(C=N[N+](=O)[O-])nn2[N+](=O)[O-],1.8187767298501405,117.30746723121136
O=[N+]([O-])N=Cc1nn([N+](=O)[O-])c2c1c([N+](=O)[O-])nn2[N+](=O)[O-],1.884624640877576,135.16288823070963
O=[N+]([O-])N=Cc1nn([N+](=O)[O-])c2cc([N+](=O)[O-])nn12,1.8140276155614847,136.98397458168824
O=[N+]([O-])N=Cc1nn([N+](=O)[O-])c2nc([N+](=O)[O-])nc([N+](=O)[O-])c12,1.8631392027214704,131.97422344524188
O=[N+]([O-])N=Cc1nn([N+](=O)[O-])c2nc([N+](=O)[O-])nn12,1.863621771329781,145.16300993632524
O=[N+]([O-])N=Cc1nn([N+](=O)[O-])c2nc3c(c(C=N[N+](=O)[O-])nn3[N+](=O)[O-])c([N+](=O)[O-])c12,1.8625220369503823,154.63107760224335
O=[N+]([O-])N=Cc1nn([N+](=O)[O-])c2nc3c(c([N+](=O)[O-])nn3C=N[N+](=O)[O-])c([N+](=O)[O-])c12,1.870094582509886,160.18934371010312
O=[N+]([O-])N=Cc1nn([N+](=O)[O-])c2nc3c(c([N+](=O)[O-])nn3[N+](=O)[O-])c(C=N[N+](=O)[O-])c12,1.874776090917695,148.7480185519782
O=[N+]([O-])N=Cc1nn([N+](=O)[O-])c2nc3c(c([N+](=O)[O-])nn3[N+](=O)[O-])c([N+](=O)[O-])c12,1.9148315630388044,156.36304901350277
O=[N+]([O-])N=Cc1nn([N+](=O)[O-])c2nnc3[nH]nc([N+](=O)[O-])n1-n32,1.8871985811410847,217.6358023694048
O=[N+]([O-])N=Cc1nn([N+](=O)[O-])c2nnc3n(C=N[N+](=O)[O-])nc([N+](=O)[O-])n1-n32,1.844863453178976,166.81472340455315
O=[N+]([O-])N=Cc1nn([N+](=O)[O-])c2nnc3n([N+](=O)[O-])nc(C=N[N+](=O)[O-])n1-n23,1.8448442560010447,158.25040184400564
O=[N+]([O-])N=Cc1nn([N+](=O)[O-])c2nnc3n([N+](=O)[O-])nc([N+](=O)[O-])n1-n23,1.8973118424697144,173.48259634688793
O=[N+]([O-])N=Cc1nn([N+](=O)[O-])c2nnc3n([N+](=O)[O-])ncn1-n32,1.8557405163496623,139.54559148355514
O=[N+]([O-])N=Cc1nn([N+](=O)[O-])c2nnn3c(C=N[N+](=O)[O-])c([N+](=O)[O-])nc3c12,1.8013582011850555,154.14173479227117
O=[N+]([O-])N=Cc1nn([N+](=O)[O-])c2nnn3c([N+](=O)[O-])c([N+](=O)[O-])nc3c12,1.823042660931568,167.1587780150499
O=[N+]([O-])N=Cc1nn2c(C=N[N+](=O)[O-])nn([N+](=O)[O-])c2c1[N+](=O)[O-],1.7867890254039562,158.8752566981805
O=[N+]([O-])N=Cc1nn2c([N+](=O)[O-])c(C=N[N+](=O)[O-])nnc2c1[N+](=O)[O-],1.80675235511332,174.51709192352092
O=[N+]([O-])N=Cc1nn2c([N+](=O)[O-])c([N+](=O)[O-])nnc2c1C=N[N+](=O)[O-],1.812172502960476,164.76217997198248
O=[N+]([O-])N=Cc1nn2c([N+](=O)[O-])c([N+](=O)[O-])nnc2c1[N+](=O)[O-],1.8600765478604817,195.24578440726623
O=[N+]([O-])N=Cc1nn2c([N+](=O)[O-])n[nH]c2c1[N+](=O)[O-],1.8635521770406744,233.11399268209223
O=[N+]([O-])N=Cc1nn2c([N+](=O)[O-])nc([N+](=O)[O-])c2o1,1.8241487220645225,163.29537356147512
O=[N+]([O-])N=Cc1nn2c([N+](=O)[O-])nn(C=N[N+](=O)[O-])c2c1C=N[N+](=O)[O-],1.790760057463958,136.9277748998907
O=[N+]([O-])N=Cc1nn2c([N+](=O)[O-])nn(C=N[N+](=O)[O-])c2c1[N+](=O)[O-],1.8163387967116285,165.85724147273413
O=[N+]([O-])N=Cc1nn2c([N+](=O)[O-])nn([N+](=O)[O-])c2c1C=N[N+](=O)[O-],1.7953770691383817,136.4456651237183
O=[N+]([O-])N=Cc1nn2c([N+](=O)[O-])nn([N+](=O)[O-])c2c1[N+](=O)[O-],1.8817893514629207,172.39310989684586
O=[N+]([O-])N=Cc1nn2c([N+](=O)[O-])nnc2c(C=N[N+](=O)[O-])c1[N+](=O)[O-],1.7833416316210582,151.31310995227312
O=[N+]([O-])N=Cc1nn2c([N+](=O)[O-])nnc2c([N+](=O)[O-])c1C=N[N+](=O)[O-],1.7926462253867037,161.85069561053774
O=[N+]([O-])N=Cc1nn2c([N+](=O)[O-])nnc2c([N+](=O)[O-])c1[N+](=O)[O-],1.8576031125963053,183.72654725492384
O=[N+]([O-])N=Cc1nnc2c(C=N[N+](=O)[O-])c([N+](=O)[O-])nn2c1[N+](=O)[O-],1.8294082788300088,160.70793571976964
O=[N+]([O-])N=Cc1nnc2c([N+](=O)[O-])c([N+](=O)[O-])c([N+](=O)[O-])nn12,1.828279332925624,171.5426834707735
O=[N+]([O-])N=Cc1nnc2c([N+](=O)[O-])c([N+](=O)[O-])nc([N+](=O)[O-])n12,1.852994560695208,177.53623289215142
O=[N+]([O-])N=Cc1nnc2c([N+](=O)[O-])c([N+](=O)[O-])nn2c1[N+](=O)[O-],1.863029008750977,186.50572985018115
O=[N+]([O-])N=Cc1nnc2c([N+](=O)[O-])cnc([N+](=O)[O-])n12,1.7830641402101282,184.966692184331
O=[N+]([O-])N=Cc1nnc2c(n1)c([N+](=O)[O-])nn2C=N[N+](=O)[O-],1.8002016344822924,151.66371722900672
O=[N+]([O-])N=Cc1nnc2c(n1)c([N+](=O)[O-])nn2[N+](=O)[O-],1.8148529496009769,128.5878028918316
O=[N+]([O-])N=Cc1nnc2cc([N+](=O)[O-])nc([N+](=O)[O-])n12,1.7991406559875285,179.57253998035696
O=[N+]([O-])N=Cc1nnc2n1c1nnc(C=N[N+](=O)[O-])n1c1nnc([N+](=O)[O-])n21,1.8413239057114368,200.50849356139437
O=[N+]([O-])N=Cc1nnc2n1c1nnc([N+](=O)[O-])n1c1nnc([N+](=O)[O-])n21,1.869729619211946,231.1010988252138
O=[N+]([O-])N=Cc1nnc2nc([N+](=O)[O-])c([N+](=O)[O-])c(C=N[N+](=O)[O-])n12,1.7872528306688666,161.8686229655446
O=[N+]([O-])N=Cc1nnc2nc([N+](=O)[O-])c([N+](=O)[O-])c([N+](=O)[O-])n12,1.8183587302809687,163.52470366874434
O=[N+]([O-])N=Cc1nnc2nnc([N+](=O)[O-])n2n1,1.799580238824542,178.84039842757429
O=[N+]([O-])N=Cc1nnc2nnc([N+](=O)[O-])nn12,1.8193509098499303,179.4219211340538
O=[N+]([O-])N=Cc1nnn2nc([N+](=O)[O-])c([N+](=O)[O-])nc12,1.841866705013593,173.4265948
O=[N+]([O-])N=Cc1nnnc2c1c([N+](=O)[O-])nn2C=N[N+](=O)[O-],1.7921592461273426,151.16689037584268
O=[N+]([O-])N=Cc1noc2c([N+](=O)[O-])n([N+](=O)[O-])nc12,1.8586282997423864,146.03547895033344
O=[N+]([O-])N=Cc1noc2nc([N+](=O)[O-])c([N+](=O)[O-])n12,1.8260980129113105,172.1295434295911
O=[N+]([O-])N=Cc1nonc1C1=NOC(c2nonc2C=N[N+](=O)[O-])=NO1,1.8034971500269887,164.58364623906948
O=[N+]([O-])N=Cc1nonc1C1=NOC(c2nonc2[N+](=O)[O-])=NO1,1.84291456001384,188.72767159489308
O=[N+]([O-])N=Cn1c([N+](=O)[O-])c([N+](=O)[O-])c2c1nc([N+](=O)[O-])n1nnnc21,1.8878466576224,175.6589534648856
O=[N+]([O-])N=Cn1c([N+](=O)[O-])nc2[nH]c([N+](=O)[O-])nc2c1=NN[N+](=O)[O-],1.8513448687439151,164.4159323320597
O=[N+]([O-])N=Cn1c([N+](=O)[O-])nc2[nH]c([N+](=O)[O-])nc2c1=N[N+](=O)[O-],1.871891958965595,161.54406782151077
O=[N+]([O-])N=Cn1c([N+](=O)[O-])nc2c(=NN[N+](=O)[O-])[nH]c([N+](=O)[O-])nc21,1.8352062603994803,166.23677427915644
O=[N+]([O-])N=Cn1c([N+](=O)[O-])nc2c(=NN[N+](=O)[O-])n(N[N+](=O)[O-])c([N+](=O)[O-])nc21,1.8407566670641184,145.23829954294587
O=[N+]([O-])N=Cn1c([N+](=O)[O-])nc2c(=NN[N+](=O)[O-])n([N+](=O)[O-])c([N+](=O)[O-])nc21,1.8837579117933945,128.42590183390288
O=[N+]([O-])N=Cn1c([N+](=O)[O-])nc2c(=N[N+](=O)[O-])[nH]c([N+](=O)[O-])nc21,1.8605417269347355,165.93719456964027
O=[N+]([O-])N=Cn1c([N+](=O)[O-])nc2c(=N[N+](=O)[O-])n([N+](=O)[O-])c([N+](=O)[O-])nc21,1.889544107524814,121.10773621715322
O=[N+]([O-])N=Cn1c([N+](=O)[O-])nc2c([N+](=O)[O-])nc([N+](=O)[O-])nc21,1.862848895115481,167.139278548587
O=[N+]([O-])N=Cn1c([N+](=O)[O-])nc2c([N+](=O)[O-])nc([N+](=O)[O-])nc2c1=N[N+](=O)[O-],1.878492968249166,135.25681858745168
O=[N+]([O-])N=Cn1c([N+](=O)[O-])nc2c([N+](=O)[O-])ncnc2c1=N[N+](=O)[O-],1.8500710582595552,127.2628035768613
O=[N+]([O-])N=Cn1c([N+](=O)[O-])nc2c(nc([N+](=O)[O-])n2C=N[N+](=O)[O-])c1=NN[N+](=O)[O-],1.8418043774528552,145.5558660570618
O=[N+]([O-])N=Cn1c([N+](=O)[O-])nc2c(nc([N+](=O)[O-])n2C=N[N+](=O)[O-])c1=N[N+](=O)[O-],1.857000371823324,137.1311981956872
O=[N+]([O-])N=Cn1c([N+](=O)[O-])nc2c(nc([N+](=O)[O-])n2N[N+](=O)[O-])c1=NN[N+](=O)[O-],1.826031563922542,141.08697410556863
O=[N+]([O-])N=Cn1c([N+](=O)[O-])nc2c(nc([N+](=O)[O-])n2[N+](=O)[O-])c1=NN[N+](=O)[O-],1.8603332332904343,130.62392502574824
O=[N+]([O-])N=Cn1c([N+](=O)[O-])nc2c(nc([N+](=O)[O-])n2[N+](=O)[O-])c1=N[N+](=O)[O-],1.8761086498279245,125.43759538744342
O=[N+]([O-])N=Cn1c([N+](=O)[O-])nc2c1nc([N+](=O)[O-])n1c(N[N+](=O)[O-])c([N+](=O)[O-])nc21,1.8801212938498804,129.58799605337592
O=[N+]([O-])N=Cn1c([N+](=O)[O-])nc2c1nc([N+](=O)[O-])n1c([N+](=O)[O-])c([N+](=O)[O-])nc21,1.902285791503282,190.4994412058269
O=[N+]([O-])N=Cn1c([N+](=O)[O-])nc2c1nc([N+](=O)[O-])n1c([N+](=O)[O-])cnc21,1.8272945285436648,195.13815422212176
O=[N+]([O-])N=Cn1c([N+](=O)[O-])nc2c1nc([N+](=O)[O-])n1cc([N+](=O)[O-])nc21,1.845042156852251,197.54331961207345
O=[N+]([O-])N=Cn1c([N+](=O)[O-])nc2nc([N+](=O)[O-])nc([N+](=O)[O-])c21,1.8377949510369929,174.06401336520236
O=[N+]([O-])N=Cn1c([N+](=O)[O-])nc2noc([N+](=O)[O-])c21,1.7886835807942725,194.89729749934517
O=[N+]([O-])N=Cn1c2nc([N+](=O)[O-])nc-2c([N+](=O)[O-])nc1[N+](=O)[O-],1.905099823025991,186.9734264028366
O=[N+]([O-])N=Cn1c2nc3nonc3nc2[n-][n+]1=O,1.8356998194825391,155.38215715311176
O=[N+]([O-])N=Cn1cnc([N+](=O)[O-])c2nc([N+](=O)[O-])nc1-2,1.8341055137395128,171.37954718241508
O=[N+]([O-])N=Cn1cnc2c1nc([N+](=O)[O-])n1c([N+](=O)[O-])c([N+](=O)[O-])nc21,1.8405108998031576,190.1915649753496
O=[N+]([O-])N=Cn1nc([N+](=O)[O-])c2[nH]nc([N+](=O)[O-])c21,1.882930806262907,209.04650537433963
O=[N+]([O-])N=Cn1nc([N+](=O)[O-])c2c([N+](=O)[O-])c3c([N+](=O)[O-])nn(C=N[N+](=O)[O-])c3nc21,1.8773797849993523,181.73797818979665
O=[N+]([O-])N=Cn1nc([N+](=O)[O-])c2c([N+](=O)[O-])c3c([N+](=O)[O-])nn([N+](=O)[O-])c3nc21,1.92713492953097,170.10321066196786
O=[N+]([O-])N=Cn1nc([N+](=O)[O-])c2c([N+](=O)[O-])n[nH]c21,1.8805106241872271,190.0730687257297
O=[N+]([O-])N=Cn1nc([N+](=O)[O-])c2c([N+](=O)[O-])ncnc21,1.817207550356948,155.87001372326205
O=[N+]([O-])N=Cn1nc([N+](=O)[O-])c2c([N+](=O)[O-])nn(C=N[N+](=O)[O-])c21,1.837390038809462,153.54189500567594
O=[N+]([O-])N=Cn1nc([N+](=O)[O-])c2c([N+](=O)[O-])nnnc21,1.84457694162512,165.10512485674556
O=[N+]([O-])N=Cn1nc([N+](=O)[O-])c2c1c([N+](=O)[O-])nn2C=N[N+](=O)[O-],1.83819538030772,159.71204935095358
O=[N+]([O-])N=Cn1nc([N+](=O)[O-])c2c1nnn1c([N+](=O)[O-])c([N+](=O)[O-])nc21,1.8621370449583303,205.06599182831204
O=[N+]([O-])N=Cn1nc([N+](=O)[O-])c2n[nH]nc2c1=NN[N+](=O)[O-],1.8635521408877969,155.54137637385082
O=[N+]([O-])N=Cn1nc([N+](=O)[O-])c2nc([N+](=O)[O-])nc([N+](=O)[O-])c21,1.8511530054232448,144.81228376040588
O=[N+]([O-])N=Cn1nc([N+](=O)[O-])c2nc([N+](=O)[O-])nnc21,1.8346029773333368,149.7950051486252
O=[N+]([O-])N=Cn1nc([N+](=O)[O-])c2ncnc([N+](=O)[O-])c21,1.8230387564208024,161.58753207941248
O=[N+]([O-])N=Cn1nc([N+](=O)[O-])n2c([N+](=O)[O-])n[nH]c3nnc1n3-2,1.909433396141143,245.1702792913111
O=[N+]([O-])N=Cn1nc([N+](=O)[O-])n2c([N+](=O)[O-])nn(C=N[N+](=O)[O-])c3nnc1n3-2,1.881118173292911,189.63230283864647
O=[N+]([O-])N=Cn1nc([N+](=O)[O-])n2c([N+](=O)[O-])nn([N+](=O)[O-])c3nnc1n3-2,1.90471483103394,184.01370860503957
O=[N+]([O-])N=Cn1nc([N+](=O)[O-])n2cnn([N+](=O)[O-])c3nnc1n3-2,1.8542569468702903,178.37969711034708
O=[N+]([O-])N=Cn1nc([N+](=O)[O-])n2nc([N+](=O)[O-])c([N+](=O)[O-])c12,1.8768947218424967,180.4418119273706
O=[N+]([O-])N=Cn1nc([N+](=O)[O-])n2nc([N+](=O)[O-])cc12,1.8006315645010245,158.99290083696917
O=[N+]([O-])N=Cn1nc([N+](=O)[O-])n2nc([N+](=O)[O-])nc12,1.867084638544232,177.4390658353529
O=[N+]([O-])N=Cn1nc([N+](=O)[O-])n2ncc([N+](=O)[O-])c12,1.7957498776107297,189.9585225712808
O=[N+]([O-])N=Cn1nc([N+](=O)[O-])n2ncnc12,1.7992409440695971,181.19757478505548
O=[N+]([O-])N=Cn1nc2c([N+](=O)[O-])n[nH]c(=NN[N+](=O)[O-])c2n1,1.870721545710765,164.47312944591545
O=[N+]([O-])N=Cn1nc2c([N+](=O)[O-])n[nH]c(=N[N+](=O)[O-])c2n1,1.871022843791501,154.86336037262538
O=[N+]([O-])N=Cn1nc2c([N+](=O)[O-])nn([N+](=O)[O-])c(=N[N+](=O)[O-])c2n1,1.90278860572297,119.64657091245864
O=[N+]([O-])N=Cn1nc2c([N+](=O)[O-])noc2c1[N+](=O)[O-],1.844820612019188,150.51286558809733
O=[N+]([O-])N=Cn1nc2nc([N+](=O)[O-])nc([N+](=O)[O-])c2c1[N+](=O)[O-],1.8647497772593529,150.63013981830812
O=[N+]([O-])N=Cn1ncc2c([N+](=O)[O-])nn([N+](=O)[O-])c21,1.8095469725408333,146.51976854491124
O=[N+]([O-])N=Cn1ncc2c1c([N+](=O)[O-])nn2[N+](=O)[O-],1.827252338135671,148.7716002238185
O=[N+]([O-])N=Cn1ncc2nc([N+](=O)[O-])nc([N+](=O)[O-])c21,1.8165597630986523,165.8038557383327
O=[N+]([O-])N=Cn1ncn2c([N+](=O)[O-])nn(C=N[N+](=O)[O-])c3nnc1n3-2,1.8231367307187143,196.03736894741328
O=[N+]([O-])N=Cn1ncn2c([N+](=O)[O-])nn([N+](=O)[O-])c3nnc1n3-2,1.8402037449562736,189.88818049188944
O=[N+]([O-])N=Cn1ncn2nc([N+](=O)[O-])c([N+](=O)[O-])c12,1.797932716045897,166.99868026143838
O=[N+]([O-])N=Cn1nnc2c([N+](=O)[O-])c([N+](=O)[O-])c([N+](=O)[O-])nc21,1.8593762666241176,185.94550991448173
O=[N+]([O-])N=Cn1nnc2c([N+](=O)[O-])c([N+](=O)[O-])nc([N+](=O)[O-])c21,1.870443855459009,186.00154445852127
O=[N+]([O-])N=Cn1nnc2c([N+](=O)[O-])nc([N+](=O)[O-])c([N+](=O)[O-])c21,1.8691686711653053,184.19310765980435
O=[N+]([O-])N=Cn1nnc2nc([N+](=O)[O-])c([N+](=O)[O-])c([N+](=O)[O-])c21,1.8540421987781888,193.52193777369968
O=[N+]([O-])N=Cn1nnn2nc([N+](=O)[O-])c([N+](=O)[O-])c12,1.8469144782229303,177.3640668711863
O=[N+]([O-])N=Cn1nnn2nc([N+](=O)[O-])cc12,1.817162756941777,177.90039467606044
O=[N+]([O-])N=c1[nH]c([N+](=O)[O-])nc2[nH]c([N+](=O)[O-])nc12,1.9055260654512225,210.51768463267848
O=[N+]([O-])N=c1[nH]c([N+](=O)[O-])nc2c([N+](=O)[O-])nc([N+](=O)[O-])nc12,1.936828383646556,163.22491918840828
O=[N+]([O-])N=c1[nH]c([N+](=O)[O-])nc2c([N+](=O)[O-])ncnc12,1.898595305772356,168.3529882256959
O=[N+]([O-])N=c1[nH]c([N+](=O)[O-])nc2c1nc([N+](=O)[O-])n2[N+](=O)[O-],1.909864338440444,166.2727016497837
O=[N+]([O-])N=c1[nH]c([N+](=O)[O-])nc2c1ncn2[N+](=O)[O-],1.8795526813932188,160.40229215178024
O=[N+]([O-])N=c1[nH]c([N+](=O)[O-])nc2cnc([N+](=O)[O-])nc12,1.8893596193911453,162.25837449643103
O=[N+]([O-])N=c1[nH]cnc2c([N+](=O)[O-])nc([N+](=O)[O-])nc12,1.9000155715632985,148.33504204680872
O=[N+]([O-])N=c1[nH]cnc2c1nc([N+](=O)[O-])n2[N+](=O)[O-],1.8474205823544667,145.24926469007607
O=[N+]([O-])N=c1[nH]nc([N+](=O)[O-])c2n[nH]nc12,1.9006224337643107,201.016417671895
O=[N+]([O-])N=c1c2n[nH]nc2c([N+](=O)[O-])nn1[N+](=O)[O-],1.9658170622960776,145.4478527523188
O=[N+]([O-])N=c1c2nc([N+](=O)[O-])[nH]c2nc([N+](=O)[O-])n1[N+](=O)[O-],1.9188507507315804,159.28874182764454
O=[N+]([O-])N=c1c2nc([N+](=O)[O-])nc([N+](=O)[O-])c2nc([N+](=O)[O-])n1[N+](=O)[O-],1.921480402579253,117.80887830853706
O=[N+]([O-])N=c1c2nc[nH]c2nc([N+](=O)[O-])n1[N+](=O)[O-],1.904105582743015,160.9836299039708
O=[N+]([O-])N=c1c2ncncc2nc([N+](=O)[O-])n1[N+](=O)[O-],1.864053798215406,121.8450168569644
O=[N+]([O-])NC1=C(N[N+](=O)[O-])C(=C2N=NN=N2)C=C([N+](=O)[O-])N1,1.8066849661497373,130.18442079113603
O=[N+]([O-])NC1=C([N+](=O)[O-])C(=C2N=NN=N2)C(N[N+](=O)[O-])=C([N+](=O)[O-])N1,1.842716442245369,139.74758798912268
O=[N+]([O-])NC1=C([N+](=O)[O-])C(=C2N=NN=N2)C([N+](=O)[O-])=C(N[N+](=O)[O-])N1,1.839016339849039,149.3489350367555
O=[N+]([O-])NC1=C([N+](=O)[O-])C(=C2N=NN=N2)C([N+](=O)[O-])=C([N+](=O)[O-])N1,1.8422471778959624,162.38483699149612
O=[N+]([O-])NC1=C([N+](=O)[O-])C(=C2N=NN=N2)C([N+](=O)[O-])=CN1,1.8142533541283328,158.7906929550714
O=[N+]([O-])NC1=C([N+](=O)[O-])C(=C2N=NN=N2)C=C([N+](=O)[O-])N1N[N+](=O)[O-],1.794848260999801,130.25126855556843
O=[N+]([O-])NC1=C([N+](=O)[O-])N(N[N+](=O)[O-])C([N+](=O)[O-])=C(N[N+](=O)[O-])C1=C1N=NN=N1,1.8591690383305275,128.16927775799385
O=[N+]([O-])NC1=C([N+](=O)[O-])N(N[N+](=O)[O-])C([N+](=O)[O-])=C([N+](=O)[O-])C1=C1N=NN=N1,1.859936202390189,134.82497674480996
O=[N+]([O-])NC1=C([N+](=O)[O-])N(N[N+](=O)[O-])C([N+](=O)[O-])=CC1=C1N=NN=N1,1.8301764190173624,135.23021159188508
O=[N+]([O-])NC1=C([N+](=O)[O-])N(N[N+](=O)[O-])C=C([N+](=O)[O-])C1=C1N=NN=N1,1.802578866939552,139.58439225117135
O=[N+]([O-])NC1=C([N+](=O)[O-])N(N[N+](=O)[O-])C=CC1=C1N=NN=N1,1.7907760370357944,130.4446250536382
O=[N+]([O-])NC1=C([N+](=O)[O-])NC([N+](=O)[O-])=C(N[N+](=O)[O-])C1=C1N=NN=N1,1.8596779262336285,142.14536181302697
O=[N+]([O-])NC1=C([N+](=O)[O-])NC([N+](=O)[O-])=C([N+](=O)[O-])C1=C1N=NN=N1,1.8546644621049984,163.4801693181709
O=[N+]([O-])NC1=C([N+](=O)[O-])NC([N+](=O)[O-])=CC1=C1N=NN=N1,1.8372917752885307,170.77625271392276
O=[N+]([O-])NC1=C([N+](=O)[O-])NC=C([N+](=O)[O-])C1=C1N=NN=N1,1.819747940750176,163.94622770426713
O=[N+]([O-])NC1=CC(=C2N=NN=N2)C(N[N+](=O)[O-])=C([N+](=O)[O-])N1,1.8033912220960364,128.60670786236577
O=[N+]([O-])NC1=CC(=C2N=NN=N2)C([N+](=O)[O-])=C(N[N+](=O)[O-])N1,1.799814617929103,150.67818830037152
O=[N+]([O-])NC1=CC(=C2N=NN=N2)C=C(N[N+](=O)[O-])N1[N+](=O)[O-],1.7990173023696412,119.88654910236276
O=[N+]([O-])NC1=CN(N[N+](=O)[O-])C([N+](=O)[O-])=C(N[N+](=O)[O-])C1=C1N=NN=N1,1.8193195291522968,134.70245773940556
O=[N+]([O-])NC1=CN(N[N+](=O)[O-])C=C(N[N+](=O)[O-])C1=C1N=NN=N1,1.8011020942011422,140.85065536838147
O=[N+]([O-])NC1=CNC([N+](=O)[O-])=C(N[N+](=O)[O-])C1=C1N=NN=N1,1.8440652337975767,126.7342042190609
O=[N+]([O-])NC1=CNC([N+](=O)[O-])=C([N+](=O)[O-])C1=C1N=NN=N1,1.8242601090799708,138.24837494498826
O=[N+]([O-])NC1=N/C(=C2/C=NO[N+]2=O)O[N-]1,1.822718080397749,175.9532289496153
O=[N+]([O-])NC1=NC2=NC(N[N+](=O)[O-])=NC3=NC(N[N+](=O)[O-])=NC(=N1)N23,1.860103951741595,171.62280831094796
O=[N+]([O-])NC1=NC2=NC(N[N+](=O)[O-])=NC3=NC([N+](=O)[O-])=NC(=N1)N23,1.8595552595204128,167.77047469266847
O=[N+]([O-])NN1C([N+](=O)[O-])=C([N+](=O)[O-])C(=C2N=NN=N2)C([N+](=O)[O-])=C1[N+](=O)[O-],1.8732602730716303,148.04512619888988
O=[N+]([O-])NN1C([N+](=O)[O-])=CC(=C2N=NN=N2)C([N+](=O)[O-])=C1[N+](=O)[O-],1.832207668437348,142.96262197178555
O=[N+]([O-])NN1C=C([N+](=O)[O-])C(=C2N=NN=N2)C([N+](=O)[O-])=C1[N+](=O)[O-],1.807597247859516,145.48780287873058
O=[N+]([O-])NN1c2nonc2-c2nonc2-c2nonc21,1.9004274974490565,192.493136146962
O=[N+]([O-])NN1c2nonc2N(N[N+](=O)[O-])c2nonc21,1.9212187280522108,138.6992142353086
O=[N+]([O-])NN1c2nonc2Nc2nonc21,1.879681168719705,188.42661225106536
O=[N+]([O-])NN=C1N=C2NC=C([N+](=O)[O-])N2C1=NN[N+](=O)[O-],1.84138757092864,174.2185360681043
O=[N+]([O-])NN=c1[nH]c([N+](=O)[O-])nc2[nH]c([N+](=O)[O-])nc12,1.8961429476357377,216.7004951357281
O=[N+]([O-])NN=c1[nH]c([N+](=O)[O-])nc2c([N+](=O)[O-])nc([N+](=O)[O-])nc12,1.9199737675640625,169.67926900966816
O=[N+]([O-])NN=c1[nH]c([N+](=O)[O-])nc2c([N+](=O)[O-])ncnc12,1.87139550765234,181.64878398395368
O=[N+]([O-])NN=c1[nH]c([N+](=O)[O-])nc2c1nc([N+](=O)[O-])n2N[N+](=O)[O-],1.902077370164736,185.445670948612
O=[N+]([O-])NN=c1[nH]c([N+](=O)[O-])nc2c1nc([N+](=O)[O-])n2[N+](=O)[O-],1.916281980329548,169.35503093012966
O=[N+]([O-])NN=c1[nH]c([N+](=O)[O-])nc2c1ncn2N[N+](=O)[O-],1.8333503162822893,189.3247833057264
O=[N+]([O-])NN=c1[nH]c([N+](=O)[O-])nc2c1ncn2[N+](=O)[O-],1.8626598155663752,162.61797187270935
O=[N+]([O-])NN=c1[nH]c([N+](=O)[O-])nc2cnc([N+](=O)[O-])nc12,1.8482808762264609,167.86793899743134
O=[N+]([O-])NN=c1[nH]cnc2c([N+](=O)[O-])nc([N+](=O)[O-])nc12,1.9067404767579188,167.63045108491764
O=[N+]([O-])NN=c1[nH]cnc2c1nc([N+](=O)[O-])n2N[N+](=O)[O-],1.8513718026376207,190.08742249965377
O=[N+]([O-])NN=c1[nH]cnc2c1nc([N+](=O)[O-])n2[N+](=O)[O-],1.835828270656148,165.62750182382507
O=[N+]([O-])NN=c1[nH]nc([N+](=O)[O-])c2n[nH]nc12,1.8929490939824536,215.68145975599765
O=[N+]([O-])NN=c1c2n[nH]nc2c([N+](=O)[O-])nn1[N+](=O)[O-],1.937480183874248,149.15416495947738
O=[N+]([O-])NN=c1c2nc([N+](=O)[O-])[nH]c2nc([N+](=O)[O-])n1N[N+](=O)[O-],1.902938387094279,181.62610066151683
O=[N+]([O-])NN=c1c2nc([N+](=O)[O-])[nH]c2nc([N+](=O)[O-])n1[N+](=O)[O-],1.9280304001527304,162.31878188830206
O=[N+]([O-])NN=c1c2nc([N+](=O)[O-])[nH]c2ncn1N[N+](=O)[O-],1.809595489702382,187.76528837441705
O=[N+]([O-])NN=c1c2nc([N+](=O)[O-])[nH]c2ncn1[N+](=O)[O-],1.82921811469458,153.31645554398483
O=[N+]([O-])NN=c1c2nc([N+](=O)[O-])n(N[N+](=O)[O-])c2nc([N+](=O)[O-])n1N[N+](=O)[O-],1.8436115151854773,161.5380898346717
O=[N+]([O-])NN=c1c2nc([N+](=O)[O-])n(N[N+](=O)[O-])c2nc([N+](=O)[O-])n1[N+](=O)[O-],1.8667775198502248,140.48116954315498
O=[N+]([O-])NN=c1c2nc([N+](=O)[O-])n([N+](=O)[O-])c2nc([N+](=O)[O-])n1N[N+](=O)[O-],1.874000684001973,145.43268650062544
O=[N+]([O-])NN=c1c2nc([N+](=O)[O-])n([N+](=O)[O-])c2nc([N+](=O)[O-])n1[N+](=O)[O-],1.914509549359285,132.49106499467374
O=[N+]([O-])NN=c1c2nc([N+](=O)[O-])nc([N+](=O)[O-])c2nc([N+](=O)[O-])n1N[N+](=O)[O-],1.880058749371878,148.9812723323772
O=[N+]([O-])NN=c1c2nc[nH]c2nc([N+](=O)[O-])n1N[N+](=O)[O-],1.8613791360352985,185.84271496289108
O=[N+]([O-])NN=c1c2nc[nH]c2nc([N+](=O)[O-])n1[N+](=O)[O-],1.8858373529990315,166.14575695246532
O=[N+]([O-])NN=c1c2ncnc([N+](=O)[O-])c2nc([N+](=O)[O-])n1N[N+](=O)[O-],1.842181451964744,150.02013415133132
O=[N+]([O-])NN=c1c2ncncc2nc([N+](=O)[O-])n1N[N+](=O)[O-],1.8324686199068407,149.1396064147334
O=[N+]([O-])Nc1[nH]c2nc([N+](=O)[O-])n3nnnc3c2c1[N+](=O)[O-],1.918764236895823,150.00800643438487
O=[N+]([O-])Nc1c([N+](=O)[O-])c([N+](=O)[O-])nc2nn[nH]c12,1.9179894084261404,126.54724185498034
O=[N+]([O-])Nc1c([N+](=O)[O-])cc([N+](=O)[O-])c2nnnn12,1.855027870829208,126.0430300412792
O=[N+]([O-])Nc1c([N+](=O)[O-])nc([N+](=O)[O-])c2[nH]nnc12,1.948943285188532,125.43447758657264
O=[N+]([O-])Nc1c([N+](=O)[O-])nc([N+](=O)[O-])c2nn[nH]c12,1.9412287672792496,124.90590465081354
O=[N+]([O-])Nc1c([N+](=O)[O-])nc2c3c([N+](=O)[O-])n[nH]c3nnn12,1.8726834900646632,164.59854166483976
O=[N+]([O-])Nc1c([N+](=O)[O-])nc2c3nc([N+](=O)[O-])[nH]c3nc([N+](=O)[O-])n12,1.925068503361218,150.35157223711798
O=[N+]([O-])Nc1c([N+](=O)[O-])nc2c3nc([N+](=O)[O-])n(N[N+](=O)[O-])c3nc([N+](=O)[O-])n12,1.884986711945319,125.74113179764092
O=[N+]([O-])Nc1c([N+](=O)[O-])nc2c3nc([N+](=O)[O-])n([N+](=O)[O-])c3nc([N+](=O)[O-])n12,1.9138234400508845,109.6369108499418
O=[N+]([O-])Nc1c([N+](=O)[O-])nnc2c([N+](=O)[O-])c([N+](=O)[O-])nn12,1.9251970629934592,118.38209128303475
O=[N+]([O-])Nc1c2[n-]o[n-]c-2c(N[N+](=O)[O-])[n+](=O)[n+]1=O,1.978023213700758,119.73915374509544
O=[N+]([O-])Nc1c2[n-]o[n-]c-2c([N+](=O)[O-])[n+](=O)[n+]1=O,1.9645860206657504,138.29035956857842
O=[N+]([O-])Nc1c2[n-]o[n-]c-2c[n+](=O)[n+]1=O,1.8741496700099776,155.76362537405765
O=[N+]([O-])Nc1c2c([N+](=O)[O-])n[nH]c2nc2[nH]nc([N+](=O)[O-])c12,1.9484173331272707,170.70687503903804
O=[N+]([O-])Nc1c2c([N+](=O)[O-])n[nH]c2nc2c1c([N+](=O)[O-])nn2[N+](=O)[O-],1.943484742985515,124.0311501302348
O=[N+]([O-])Nc1cc([N+](=O)[O-])c2nnnn2c1[N+](=O)[O-],1.8815259777506388,126.34017231748751
O=[N+]([O-])Nc1cc([N+](=O)[O-])n2nnnc2c1[N+](=O)[O-],1.8909741345926707,134.021006872814
O=[N+]([O-])Nc1cc2[nH]nc([N+](=O)[O-])n2n1,1.8547742222409616,136.37645258659154
O=[N+]([O-])Nc1cn2c([N+](=O)[O-])nc3c(nc([N+](=O)[O-])n3[N+](=O)[O-])c2n1,1.85212222791502,108.08264748280548
O=[N+]([O-])Nc1n[nH]c2[nH]nc(N[N+](=O)[O-])c12,1.865569182226941,169.6893556239259
O=[N+]([O-])Nc1n[nH]c2c(N[N+](=O)[O-])n[nH]c12,1.873322130644961,152.79880151678367
O=[N+]([O-])Nc1n[nH]c2c(N[N+](=O)[O-])ncnc12,1.8331682503914104,133.2503287728279
O=[N+]([O-])Nc1n[nH]c2c([N+](=O)[O-])c([N+](=O)[O-])nn12,1.9327918425726,119.9462232825883
O=[N+]([O-])Nc1n[nH]c2c([N+](=O)[O-])cnn12,1.837008951328176,171.62076060274893
O=[N+]([O-])Nc1n[nH]c2c([N+](=O)[O-])n[nH]c12,1.886065477655792,154.27972390284364
O=[N+]([O-])Nc1n[nH]c2cc([N+](=O)[O-])nn12,1.8791625195396904,151.14350686931198
O=[N+]([O-])Nc1n[nH]c2nc3c(c(N[N+](=O)[O-])nn3[N+](=O)[O-])c(N[N+](=O)[O-])c12,1.905012296909665,121.24098257131637
O=[N+]([O-])Nc1n[nH]c2nc3c(c([N+](=O)[O-])nn3[N+](=O)[O-])c(N[N+](=O)[O-])c12,1.9313216135050093,121.2202412689134
O=[N+]([O-])Nc1n[nH]c2nc3c(c([N+](=O)[O-])nn3[N+](=O)[O-])c([N+](=O)[O-])c12,1.946316995558463,119.1078254908076
O=[N+]([O-])Nc1n[nH]c2nnc3[nH]nc(N[N+](=O)[O-])n1-n23,1.912729598590511,166.51431800624704
O=[N+]([O-])Nc1n[nH]c2nnc3[nH]nc([N+](=O)[O-])n1-n23,1.9295859138582443,208.7449175896864
O=[N+]([O-])Nc1n[nH]c2nnc3n([N+](=O)[O-])nc([N+](=O)[O-])n1-n23,1.9435368031290547,143.32607036058008
O=[N+]([O-])Nc1n[nH]c2nnc3n([N+](=O)[O-])ncn1-n23,1.883442947924979,143.5838834283466
O=[N+]([O-])Nc1n[nH]c2nnn3c(N[N+](=O)[O-])c([N+](=O)[O-])nc3c12,1.842756752703735,128.04645489911474
O=[N+]([O-])Nc1n[nH]c2nnn3c([N+](=O)[O-])c([N+](=O)[O-])nc3c12,1.8957642823972407,160.98006953390865
O=[N+]([O-])Nc1n[nH]nc1[N+](=O)[O-],1.9177,128.520413475553
O=[N+]([O-])Nc1nc(N[N+](=O)[O-])c2nc([N+](=O)[O-])nc-2[nH]1,1.898436341570172,140.02128070369707
O=[N+]([O-])Nc1nc([N+](=O)[O-])[nH]c2nc([N+](=O)[O-])nc1-2,1.934130475166242,156.0867074892903
O=[N+]([O-])Nc1nc([N+](=O)[O-])c([N+](=O)[O-])c2[nH]nnc12,1.924660373527593,145.6684239529045
O=[N+]([O-])Nc1nc([N+](=O)[O-])c([N+](=O)[O-])c2nn[nH]c12,1.9194144102440305,142.0632949528186
O=[N+]([O-])Nc1nc([N+](=O)[O-])c2[nH]c([N+](=O)[O-])nc2n1,1.893182533112201,140.25742769761595
O=[N+]([O-])Nc1nc([N+](=O)[O-])c2[nH]nc([N+](=O)[O-])c2n1,1.9454923122707648,128.37777408571569
O=[N+]([O-])Nc1nc([N+](=O)[O-])c2[nH]nnc2c1[N+](=O)[O-],1.9296011342196544,152.48238436146335
O=[N+]([O-])Nc1nc([N+](=O)[O-])c2nc([N+](=O)[O-])nc-2[nH]1,1.9358024372900484,160.3274715363923
O=[N+]([O-])Nc1nc([N+](=O)[O-])c2nc([N+](=O)[O-])nc-2n1[N+](=O)[O-],1.94613413430428,120.55879188756904
O=[N+]([O-])Nc1nc([N+](=O)[O-])c2nn[nH]c2c1[N+](=O)[O-],1.9229215647333664,156.9147016023179
O=[N+]([O-])Nc1nc([N+](=O)[O-])n2nc([N+](=O)[O-])nc2c1[N+](=O)[O-],1.9150118212858107,125.82000159085467
O=[N+]([O-])Nc1nc([N+](=O)[O-])nc2nc([N+](=O)[O-])[nH]c12,1.9074127395142528,137.92586750915342
O=[N+]([O-])Nc1nc2[nH]c(N[N+](=O)[O-])nc(N[N+](=O)[O-])c-2n1,1.881133646724463,137.21207606403806
O=[N+]([O-])Nc1nc2[nH]c(N[N+](=O)[O-])nc([N+](=O)[O-])c-2n1,1.8969014350048097,144.7713560184668
O=[N+]([O-])Nc1nc2[nH]c([N+](=O)[O-])nc(N[N+](=O)[O-])c-2n1,1.8998634041020768,139.55996507401017
O=[N+]([O-])Nc1nc2[nH]c([N+](=O)[O-])nc([N+](=O)[O-])c-2n1,1.9271088994592005,165.9358800730867
O=[N+]([O-])Nc1nc2[nH]c([N+](=O)[O-])nc2c2nc([N+](=O)[O-])c(N[N+](=O)[O-])n12,1.852821171494918,147.09397234595684
O=[N+]([O-])Nc1nc2[nH]c([N+](=O)[O-])nc2c2nc([N+](=O)[O-])c([N+](=O)[O-])n12,1.8806912078101303,152.45801663389506
O=[N+]([O-])Nc1nc2[nH]nc([N+](=O)[O-])n2n1,1.9319409484487449,156.5262117239025
O=[N+]([O-])Nc1nc2c(nc(N[N+](=O)[O-])n3c(N[N+](=O)[O-])c([N+](=O)[O-])nc23)[nH]1,1.8490347360272177,140.59214211652107
O=[N+]([O-])Nc1nc2c(nc([N+](=O)[O-])n2[N+](=O)[O-])c2nc([N+](=O)[O-])c([N+](=O)[O-])n12,1.911459764922672,112.9958392694027
O=[N+]([O-])Nc1nc2c(nc([N+](=O)[O-])n2[N+](=O)[O-])c2nc([N+](=O)[O-])cn12,1.8525956498453344,111.99066555307756
O=[N+]([O-])Nc1nc2c(nc([N+](=O)[O-])n3c([N+](=O)[O-])c(N[N+](=O)[O-])nc23)[nH]1,1.8570397061539985,137.86771259630137
O=[N+]([O-])Nc1nc2c(nc([N+](=O)[O-])n3c([N+](=O)[O-])c([N+](=O)[O-])nc23)[nH]1,1.8909468391701896,158.41827428326312
O=[N+]([O-])Nc1nc2c(nc([N+](=O)[O-])n3c([N+](=O)[O-])c([N+](=O)[O-])nc23)n1[N+](=O)[O-],1.904285587919879,121.79101020459292
O=[N+]([O-])Nc1nc2c(nc([N+](=O)[O-])n3c([N+](=O)[O-])cnc23)n1[N+](=O)[O-],1.8281481341333288,118.7075976205546
O=[N+]([O-])Nc1nc2c(nc([N+](=O)[O-])n3cc([N+](=O)[O-])nc23)n1[N+](=O)[O-],1.8508643608496191,116.53459610179917
O=[N+]([O-])Nc1nc2c(ncn3c([N+](=O)[O-])c([N+](=O)[O-])nc23)n1[N+](=O)[O-],1.8638150446126724,111.5561418732462
O=[N+]([O-])Nc1nc2c3c(N[N+](=O)[O-])n[nH]c3nnn2c1[N+](=O)[O-],1.8364959781499224,144.29655193670766
O=[N+]([O-])Nc1nc2c3c([N+](=O)[O-])n[nH]c3nnn2c1[N+](=O)[O-],1.8609085340294256,182.9984945130289
O=[N+]([O-])Nc1nc2c3nc([N+](=O)[O-])[nH]c3nc(N[N+](=O)[O-])n2c1[N+](=O)[O-],1.85235122024084,140.03025098671085
O=[N+]([O-])Nc1nc2c3nc([N+](=O)[O-])[nH]c3nc([N+](=O)[O-])n2c1[N+](=O)[O-],1.8976356276402293,154.40078309046746
O=[N+]([O-])Nc1nc2c3nc([N+](=O)[O-])n(N[N+](=O)[O-])c3ncn2c1[N+](=O)[O-],1.862544777110304,132.72534923468254
O=[N+]([O-])Nc1nc2c3nc([N+](=O)[O-])n([N+](=O)[O-])c3nc([N+](=O)[O-])n2c1[N+](=O)[O-],1.8865223054153533,109.00362736459942
O=[N+]([O-])Nc1nc2c3nc([N+](=O)[O-])n([N+](=O)[O-])c3ncn2c1[N+](=O)[O-],1.844363422730852,112.4345954796038
O=[N+]([O-])Nc1nc2nc3nonc3nc2n1[N+](=O)[O-],1.8510421245480808,129.66932309642849
O=[N+]([O-])Nc1nc2ncc([N+](=O)[O-])c([N+](=O)[O-])n2n1,1.8438370368350607,116.04478430059432
O=[N+]([O-])Nc1nc2nn[nH]c2c([N+](=O)[O-])c1[N+](=O)[O-],1.8852372152332264,133.76867637861258
O=[N+]([O-])Nc1nc2noc([N+](=O)[O-])c2[nH]1,1.8229130167130032,179.6959507296545
O=[N+]([O-])Nc1nn([N+](=O)[O-])c2nnc3[nH]nc([N+](=O)[O-])n1-n32,1.938368423920517,158.01730659585434
O=[N+]([O-])Nc1nn([N+](=O)[O-])c2nnc3[nH]ncn1-n32,1.8867785570107765,145.24102101319744
O=[N+]([O-])Nc1nn([N+](=O)[O-])c2nnc3n([N+](=O)[O-])nc([N+](=O)[O-])n1-n23,1.954824526834789,121.46839708059298
O=[N+]([O-])Nc1nn2c([N+](=O)[O-])c([N+](=O)[O-])nnc2c1[N+](=O)[O-],1.9207545251056484,126.04620068623252
O=[N+]([O-])Nc1nn2c([N+](=O)[O-])cnnc2c1[N+](=O)[O-],1.8402747853604788,132.1868019783411
O=[N+]([O-])Nc1nn2c([N+](=O)[O-])n[nH]c2c1[N+](=O)[O-],1.9597358590845992,152.17456758057887
O=[N+]([O-])Nc1nn2c([N+](=O)[O-])nnc2c([N+](=O)[O-])c1[N+](=O)[O-],1.9060948948251488,115.81888905869118
O=[N+]([O-])Nc1nn2cn[nH]c2c1[N+](=O)[O-],1.8201176400750627,158.9508105252139
O=[N+]([O-])Nc1nnc2[nH]nc([N+](=O)[O-])c2n1,1.894272976202093,146.1543781360828
O=[N+]([O-])Nc1nnc2c([N+](=O)[O-])c([N+](=O)[O-])c([N+](=O)[O-])nn12,1.881345936420897,107.1679956798975
O=[N+]([O-])Nc1nnc2c([N+](=O)[O-])c([N+](=O)[O-])nn2c1[N+](=O)[O-],1.908410414320588,120.24991822503348
O=[N+]([O-])Nc1nnc2c([N+](=O)[O-])cc([N+](=O)[O-])nn12,1.82788342276458,123.99521615409722
O=[N+]([O-])Nc1nnc2c([N+](=O)[O-])cnn2c1[N+](=O)[O-],1.8548323560679143,127.5369322551168
O=[N+]([O-])Nc1nnc2cc([N+](=O)[O-])c([N+](=O)[O-])nn12,1.8514070878460205,122.71390568437953
O=[N+]([O-])Nc1nnc2n1c1nnc(N[N+](=O)[O-])n1c1nnc(N[N+](=O)[O-])n21,1.8572363778073704,131.51817901278986
O=[N+]([O-])Nc1nnc2n1c1nnc([N+](=O)[O-])n1c1nnc([N+](=O)[O-])n21,1.8870951477586773,162.12856961314435
O=[N+]([O-])Nc1nnc2n1c1nncn1c1nnc(N[N+](=O)[O-])n12,1.8086811834314656,158.56094009514172
O=[N+]([O-])Nc1nnc2n1c1nncn1c1nnc([N+](=O)[O-])n12,1.8255496822189023,183.9447801048565
O=[N+]([O-])Nc1nnc2n3cnnc3n3c([N+](=O)[O-])nnc3n12,1.8258107059941504,185.0870577933713
O=[N+]([O-])Nc1nnnc2[nH]nc(N[N+](=O)[O-])c12,1.8629273830124429,151.95668482269315
O=[N+]([O-])Nc1noc2nc([N+](=O)[O-])cn12,1.8327123987595408,150.8401554134034
O=[N+]([O-])Nc1nonc1C1=NOC(c2nonc2N[N+](=O)[O-])=NO1,1.816,124.20548275858464
O=[N+]([O-])Nc1nonc1C1=NOC(c2nonc2[N+](=O)[O-])=NO1,1.863287899506456,140.05910385578602
O=[N+]([O-])Nc1nonc1[N+](=O)[N-]c1nonc1/N=N/c1nonc1[N-][N+](=O)c1nonc1N[N+](=O)[O-],1.8795,133.73469763352955
O=[N+]([O-])Nc1onc2nc([N+](=O)[O-])[nH]c12,1.8649306862581527,159.64819388269584
O=[N+]([O-])Nn1c([N+](=O)[O-])c([N+](=O)[O-])c2c1nc([N+](=O)[O-])n1nnnc21,1.8940320172738347,161.51639073327243
O=[N+]([O-])Nn1c([N+](=O)[O-])c([N+](=O)[O-])c2c1ncn1nnnc21,1.8673348526091191,152.55160350410046
O=[N+]([O-])Nn1c([N+](=O)[O-])cc2c1nc([N+](=O)[O-])n1nnnc21,1.881468964662888,174.0232573665316
O=[N+]([O-])Nn1c([N+](=O)[O-])nc2c([N+](=O)[O-])nc([N+](=O)[O-])nc21,1.878918559922603,155.4520632688221
O=[N+]([O-])Nn1c([N+](=O)[O-])nc2c([N+](=O)[O-])ncnc21,1.831949536892297,162.92670681952825
O=[N+]([O-])Nn1c([N+](=O)[O-])nc2c1nc([N+](=O)[O-])n1c([N+](=O)[O-])c([N+](=O)[O-])nc21,1.8973511768003888,175.65223566089077
O=[N+]([O-])Nn1c([N+](=O)[O-])nc2c1nc([N+](=O)[O-])n1c([N+](=O)[O-])cnc21,1.8472231153377905,167.8926634225569
O=[N+]([O-])Nn1c([N+](=O)[O-])nc2c1nc([N+](=O)[O-])n1cc([N+](=O)[O-])nc21,1.860002940601977,165.1042132963215
O=[N+]([O-])Nn1c([N+](=O)[O-])nc2c1ncn1c([N+](=O)[O-])c([N+](=O)[O-])nc21,1.8472691379507944,166.32591564091686
O=[N+]([O-])Nn1c([N+](=O)[O-])nc2nc([N+](=O)[O-])nc([N+](=O)[O-])c21,1.8770733893628948,165.87120552154937
O=[N+]([O-])Nn1c([N+](=O)[O-])nc2nc3nonc3nc21,1.8460917471906155,207.06811540061463
O=[N+]([O-])Nn1c([N+](=O)[O-])nc2noc([N+](=O)[O-])c21,1.8755563784718736,198.1402133410662
O=[N+]([O-])Nn1c([N+](=O)[O-])nc2nocc21,1.815753698542846,184.48481360101985
O=[N+]([O-])Nn1c2nc([N+](=O)[O-])nc-2c([N+](=O)[O-])nc1[N+](=O)[O-],1.908680584773832,166.86478656726393
O=[N+]([O-])Nn1c2nc([N+](=O)[O-])nc-2cnc1[N+](=O)[O-],1.8709259540799128,154.33949056021368
O=[N+]([O-])Nn1c2ncnc-2c([N+](=O)[O-])nc1[N+](=O)[O-],1.8833157621020813,164.05212724570788
O=[N+]([O-])Nn1cc([N+](=O)[O-])c2c1nc([N+](=O)[O-])n1nnnc21,1.8690563441750432,159.6295927656364
O=[N+]([O-])Nn1cc([N+](=O)[O-])nc1[N+](=O)[O-],1.8035,151.57807018220527
O=[N+]([O-])Nn1cnc([N+](=O)[O-])c2nc([N+](=O)[O-])nc1-2,1.8952378603485736,182.6109492225892
O=[N+]([O-])Nn1cnc2c1nc([N+](=O)[O-])n1c([N+](=O)[O-])c([N+](=O)[O-])nc21,1.8889720243919168,183.4515334382856
O=[N+]([O-])Nn1cnc2noc([N+](=O)[O-])c21,1.7953604388147508,196.55269122947163
O=[N+]([O-])OC12CC3N([N+](=O)[O-])C(C1)N([N+](=O)[O-])C(C2)N3[N+](=O)[O-],1.8388,125.66153539829205
O=[N+]([O-])OCC(O[N+](=O)[O-])C(O[N+](=O)[O-])C(O[N+](=O)[O-])C(CO[N+](=O)[O-])O[N+](=O)[O-],1.8673,129.23277813043936
O=[N+]([O-])OCCN(c1nc(N(CCO[N+](=O)[O-])[N+](=O)[O-])c([N+](=O)[O-])nc1[N+](=O)[O-])[N+](=O)[O-],1.8131,91.22675909381952
O=[N+]([O-])OC[C@H](O[N+](=O)[O-])[C@@H](O[N+](=O)[O-])[C@H](O[N+](=O)[O-])[C@@H](CO[N+](=O)[O-])O[N+](=O)[O-],1.868,135.92122723741912
O=[N+]([O-])OCc1nc(-c2noc(CO[N+](=O)[O-])n2)no1,1.8313,145.9386421690509
O=[N+]([O-])OCn1cc([N+](=O)[O-])c([N+](=O)[O-])n1,1.8291,147.00989741061142
O=[N+]([O-])OCn1nc([N+](=O)[O-])c2c1c([N+](=O)[O-])nn2CO[N+](=O)[O-],1.8264,134.50237683183065
O=[N+]([O-])OCn1nc([N+](=O)[O-])nc1-c1nc([N+](=O)[O-])nn1CO[N+](=O)[O-],1.8578,131.82113413807923
O=[N+]([O-])O[C@H]1[C@@H]2C[C@H]3[C@@H](O[N+](=O)[O-])[C@H](C[C@@H]1C3([N+](=O)[O-])[N+](=O)[O-])C2([N+](=O)[O-])[N+](=O)[O-],1.852,109.50769385707356
O=[N+]([O-])O[C@]12C[C@@H]3N([N+](=O)[O-])[C@H](C1)N([N+](=O)[O-])[C@H](C2)N3[N+](=O)[O-],1.8398,128.6241860426709
O=[N+]([O-])[C@]12C3[C@]4([N+](=O)[O-])C1[C@]1([N+](=O)[O-])C2[C@@]3([N+](=O)[O-])C41,1.8138,238.8000159650397
O=[N+]([O-])[C@]12[C@@H]3[C@]4([N+](=O)[O-])[C@H]1[C@]1([N+](=O)[O-])[C@H]2[C@@]3([N+](=O)[O-])[C@]41[N+](=O)[O-],1.9592,225.6591161210169
O=[N+]([O-])c1[nH]c2nc([N+](=O)[O-])n3nnnc3c2c1[N+](=O)[O-],1.9271011988963016,235.8105502515192
O=[N+]([O-])c1c(O)c([N+](=O)[O-])c(O)c([N+](=O)[O-])c1O,1.8864,254.29997803973987
O=[N+]([O-])c1c([N+](=O)[O-])c([N+](=O)[O-])n2nnnc2c1[N+](=O)[O-],1.9269188799352803,232.266360386885
O=[N+]([O-])c1c([N+](=O)[O-])n([N+](=O)[O-])c2nc([N+](=O)[O-])n3nnnc3c12,1.9229589468086583,187.4746987644456
O=[N+]([O-])c1c([N+](=O)[O-])n([N+](=O)[O-])c2ncn3nnnc3c12,1.8815679150884903,172.90806887583668
O=[N+]([O-])c1c2[n-]o[n-]c-2c([N+](=O)[O-])[n+](=O)[n+]1=O,1.9952288742233697,267.13014353153903
O=[N+]([O-])c1c2[n-]o[n-]c-2c[n+](=O)[n+]1=O,1.9029018365351689,264.42701058943345
O=[N+]([O-])c1c2oncc2nn1[N+](=O)[O-],1.85732741075281,184.68190221242003
O=[N+]([O-])c1cc([N+](=O)[O-])[n+]([O-])c([N+](=O)[O-])c1,1.8738,259.5480597041101
O=[N+]([O-])c1cc([N+](=O)[O-])c(-n2cnc([N+](=O)[O-])c2[N+](=O)[O-])c([N+](=O)[O-])c1,1.8011,243.05072956206035
O=[N+]([O-])c1cc([N+](=O)[O-])c(N2c3nonc3-c3nonc3-c3nonc32)c([N+](=O)[O-])c1,1.8163,243.9685916429835
O=[N+]([O-])c1cc([N+](=O)[O-])c2c(nnn2[N+](=O)[O-])n1,1.8441825860378065,186.0587283613564
O=[N+]([O-])c1cc([N+](=O)[O-])c2nnc([N+](=O)[O-])n2n1,1.8761081798405173,265.67125465083825
O=[N+]([O-])c1cc([N+](=O)[O-])c2nnn([N+](=O)[O-])c2n1,1.8445987779631043,192.47617319646173
O=[N+]([O-])c1cc([N+](=O)[O-])c2nnnn2c1[N+](=O)[O-],1.8948159201157595,260.5481058930498
O=[N+]([O-])c1cc([N+](=O)[O-])n(-c2nonc2[N+](=O)[O-])n1,1.8156,236.6095214035809
O=[N+]([O-])c1cc([N+](=O)[O-])n2c([N+](=O)[O-])nnc2n1,1.8819427481219764,252.39634180061088
O=[N+]([O-])c1cc([N+](=O)[O-])n2nc([N+](=O)[O-])nc2n1,1.884010837324092,255.908290169376
O=[N+]([O-])c1cc([N+](=O)[O-])n2nnnc2c1[N+](=O)[O-],1.893480215905192,260.9217350246241
O=[N+]([O-])c1cc2[nH]nc([N+](=O)[O-])n2n1,1.886913190326431,271.7658382424623
O=[N+]([O-])c1cc2c([n+]3c1N=NN=3)=NO[N+]2=O,1.8521,304.7082192151388
O=[N+]([O-])c1cc2c([n-]o[n+]2=O)c2c1[n-]o[n+]2=O,1.839,262.52375710866414
O=[N+]([O-])c1cc2c(nc([N+](=O)[O-])n3nnnc23)n1[N+](=O)[O-],1.887927567762151,180.96263659952504
O=[N+]([O-])c1cc2c(nnn2[N+](=O)[O-])c([N+](=O)[O-])n1,1.8936477844922093,174.0630819882473
O=[N+]([O-])c1cc2c(nnn2[N+](=O)[O-])nc1[N+](=O)[O-],1.8842837915489004,186.03971770265716
O=[N+]([O-])c1cc2n([N+](=O)[O-])nc([N+](=O)[O-])n2n1,1.8968964459077204,214.02325538123023
O=[N+]([O-])c1cc2n([N+](=O)[O-])ncn2n1,1.819536229499781,181.7127979844591
O=[N+]([O-])c1cc2nc([N+](=O)[O-])nn2c([N+](=O)[O-])n1,1.88475287513392,233.12574388495045
O=[N+]([O-])c1cc2nnc([N+](=O)[O-])c([N+](=O)[O-])n2n1,1.8899373062200489,234.60355507565
O=[N+]([O-])c1cc2nnc([N+](=O)[O-])n2c([N+](=O)[O-])n1,1.871517089779232,231.46381730511808
O=[N+]([O-])c1cc2nnc([N+](=O)[O-])n2nc1[N+](=O)[O-],1.857511718122092,234.0842331570932
O=[N+]([O-])c1cc2nnn([N+](=O)[O-])c2c([N+](=O)[O-])n1,1.8643650383374435,160.9354955502733
O=[N+]([O-])c1cc2nnn([N+](=O)[O-])c2nc1[N+](=O)[O-],1.876645230835158,191.9452817265805
O=[N+]([O-])c1cc2nnnn2c([N+](=O)[O-])c1[N+](=O)[O-],1.86340246797512,230.83953382758585
O=[N+]([O-])c1cn([N+](=O)[O-])c2nc([N+](=O)[O-])n3nnnc3c12,1.86258649753089,189.38558042270623
O=[N+]([O-])c1cn2c([N+](=O)[O-])nc([N+](=O)[O-])nc2n1,1.8503368180617497,221.9762039341648
O=[N+]([O-])c1cn2c([N+](=O)[O-])nc3c(nc([N+](=O)[O-])n3[N+](=O)[O-])c2n1,1.8895738251900849,190.12564198236188
O=[N+]([O-])c1cn2c([N+](=O)[O-])nnc2nc1[N+](=O)[O-],1.8567541707278337,219.69846874654
O=[N+]([O-])c1cn2c([N+](=O)[O-])noc2n1,1.854390278682356,235.17416217632663
O=[N+]([O-])c1cn2nc([N+](=O)[O-])c([N+](=O)[O-])c2nn1,1.8500246018120208,228.1397461636127
O=[N+]([O-])c1cn2nnc3c(c([N+](=O)[O-])nn3[N+](=O)[O-])c2n1,1.855740082515133,219.8360119851659
O=[N+]([O-])c1cn2nnnc2c([N+](=O)[O-])c1[N+](=O)[O-],1.867168260149792,222.24349921199484
O=[N+]([O-])c1cnc([N+](=O)[O-])c2c1nnn2[N+](=O)[O-],1.85348905975308,173.7990201077186
O=[N+]([O-])c1cnc([N+](=O)[O-])n2c([N+](=O)[O-])nnc12,1.857326073096344,229.58596650120964
O=[N+]([O-])c1cnc2c([N+](=O)[O-])nnn2n1,1.8668554654540244,234.9302933408444
O=[N+]([O-])c1cnc2c(nnn2[N+](=O)[O-])c1[N+](=O)[O-],1.8312971943714424,164.51550379461446
O=[N+]([O-])c1cnc2nnc([N+](=O)[O-])n2c1[N+](=O)[O-],1.8860610670047424,253.7115847768394
O=[N+]([O-])c1cnc2nnn([N+](=O)[O-])c2c1[N+](=O)[O-],1.825208832890228,170.4339287471297
O=[N+]([O-])c1cnc2onc([N+](=O)[O-])n12,1.868919794756884,255.8910696039733
O=[N+]([O-])c1cnn2c([N+](=O)[O-])n[nH]c12,1.889274696281996,294.01507048609693
O=[N+]([O-])c1cnn2c([N+](=O)[O-])nn([N+](=O)[O-])c12,1.876999709798635,224.75085514934295
O=[N+]([O-])c1cnn2c([N+](=O)[O-])nnc2c1[N+](=O)[O-],1.8492524486552704,246.2955362311104
O=[N+]([O-])c1cnn2cnn([N+](=O)[O-])c12,1.809725061615192,198.15119830472744
O=[N+]([O-])c1n[nH]c([N+](=O)[O-])c1Nc1nnc2nncn2n1,1.8263,259.6966523101228
O=[N+]([O-])c1n[nH]c([N+](=O)[O-])c1[N+](=O)[O-],1.8756,250.1477559043368
O=[N+]([O-])c1n[nH]c2[nH]nc([N+](=O)[O-])c12,1.91248426516408,257.0314944468435
O=[N+]([O-])c1n[nH]c2c([N+](=O)[O-])n[nH]c12,1.9246355003479017,291.83997502057025
O=[N+]([O-])c1n[nH]c2c1c([N+](=O)[O-])nn2[N+](=O)[O-],1.9312900520429888,201.6793466875509
O=[N+]([O-])c1n[nH]c2c1cnn2[N+](=O)[O-],1.864655490554942,196.81952742433447
O=[N+]([O-])c1n[nH]c2cnn([N+](=O)[O-])c12,1.8818715992591384,174.81733218406904
O=[N+]([O-])c1n[nH]c2nc3c(c([N+](=O)[O-])nn3[N+](=O)[O-])c([N+](=O)[O-])c12,1.9585519246536005,208.1259416396958
O=[N+]([O-])c1n[nH]c2nnc3[nH]nc([N+](=O)[O-])n1-n23,1.9398540179610269,303.3387086688812
O=[N+]([O-])c1n[nH]c2nnc3n([N+](=O)[O-])nc([N+](=O)[O-])n1-n23,1.946145847836576,252.4867679341284
O=[N+]([O-])c1n[nH]c2nnc3n([N+](=O)[O-])ncn1-n23,1.8942911610994544,260.1991863242028
O=[N+]([O-])c1nc(-c2nc([N+](=O)[O-])nn2C([N+](=O)[O-])[N+](=O)[O-])n(C([N+](=O)[O-])[N+](=O)[O-])n1,1.9535,147.6140373844246
O=[N+]([O-])c1nc([N+](=O)[O-])c2[nH]c([N+](=O)[O-])nc2n1,1.9123098275303447,241.50856748982912
O=[N+]([O-])c1nc([N+](=O)[O-])c2[nH]nc([N+](=O)[O-])c2n1,1.944739934737984,234.43508153495344
O=[N+]([O-])c1nc([N+](=O)[O-])c2[nH]nnc2c1[N+](=O)[O-],1.9569934825650124,244.03503647128645
O=[N+]([O-])c1nc([N+](=O)[O-])c2c([N+](=O)[O-])[nH]nc2n1,1.9339886474279733,222.23188011934303
O=[N+]([O-])c1nc([N+](=O)[O-])c2c([N+](=O)[O-])n([N+](=O)[O-])nc2n1,1.908431129919371,149.48384597951912
O=[N+]([O-])c1nc([N+](=O)[O-])c2c([N+](=O)[O-])n[nH]c2n1,1.9316534969200752,211.9791934239097
O=[N+]([O-])c1nc([N+](=O)[O-])c2c([N+](=O)[O-])nn([N+](=O)[O-])c2n1,1.930333808434221,173.42307409339975
O=[N+]([O-])c1nc([N+](=O)[O-])c2c(cnn2[N+](=O)[O-])n1,1.868825869581248,148.11641286625695
O=[N+]([O-])c1nc([N+](=O)[O-])c2c(n1)c([N+](=O)[O-])nn2[N+](=O)[O-],1.917111688867212,162.0301673259161
O=[N+]([O-])c1nc([N+](=O)[O-])c2c(n1)nc([N+](=O)[O-])n2[N+](=O)[O-],1.9157502799607704,177.98828099086018
O=[N+]([O-])c1nc([N+](=O)[O-])c2c(nnn2[N+](=O)[O-])c1[N+](=O)[O-],1.9121773272344609,167.963619814408
O=[N+]([O-])c1nc([N+](=O)[O-])c2cn([N+](=O)[O-])nc2n1,1.881774962617693,167.70792050994368
O=[N+]([O-])c1nc([N+](=O)[O-])c2cnn([N+](=O)[O-])c2n1,1.887731113026044,157.3482806941736
O=[N+]([O-])c1nc([N+](=O)[O-])c2nc([N+](=O)[O-])[nH]c2n1,1.933247658051592,245.23588521980344
O=[N+]([O-])c1nc([N+](=O)[O-])c2nc([N+](=O)[O-])n([N+](=O)[O-])c2n1,1.9154548747990603,180.50250996169564
O=[N+]([O-])c1nc([N+](=O)[O-])c2ncn([N+](=O)[O-])c2n1,1.8787942663299024,165.65138074362977
O=[N+]([O-])c1nc([N+](=O)[O-])c2nn[nH]c2c1[N+](=O)[O-],1.9506749357130213,249.99837146277457
O=[N+]([O-])c1nc([N+](=O)[O-])c2nnn([N+](=O)[O-])c2c1[N+](=O)[O-],1.9141591556709607,169.00810952815425
O=[N+]([O-])c1nc([N+](=O)[O-])c2nonc2n1,1.8809880952398168,209.902638961328
O=[N+]([O-])c1nc([N+](=O)[O-])n([N+](=O)[O-])c2ncnc1-2,1.9080579237653708,222.4234201020749
O=[N+]([O-])c1nc([N+](=O)[O-])n2c([N+](=O)[O-])c([N+](=O)[O-])nc2n1,1.899152855448515,226.9343792460372
O=[N+]([O-])c1nc([N+](=O)[O-])n2c([N+](=O)[O-])cnc2n1,1.8744107660909808,255.20990937983584
O=[N+]([O-])c1nc([N+](=O)[O-])n2c([N+](=O)[O-])nnc2c1[N+](=O)[O-],1.9033579412371808,227.7935546705276
O=[N+]([O-])c1nc([N+](=O)[O-])n2cnnc2c1[N+](=O)[O-],1.871744708295708,232.13603366828303
O=[N+]([O-])c1nc([N+](=O)[O-])n2nc([N+](=O)[O-])nc2n1,1.904927663023536,222.1750066754929
O=[N+]([O-])c1nc([N+](=O)[O-])n2ncnc2c1[N+](=O)[O-],1.877535061608035,226.64988652209055
O=[N+]([O-])c1nc([N+](=O)[O-])n2ncnc2n1,1.8593417767790223,225.510343514848
O=[N+]([O-])c1nc([N+](=O)[O-])n2ncoc12,1.8666988150359984,244.42722543548075
O=[N+]([O-])c1nc2[nH]c([N+](=O)[O-])nc([N+](=O)[O-])c-2n1,1.9640311824554004,271.5819490920578
O=[N+]([O-])c1nc2[nH]nc([N+](=O)[O-])n2n1,1.9457613258319315,267.9465590106655
O=[N+]([O-])c1nc2[nH]nnc2c([N+](=O)[O-])c1[N+](=O)[O-],1.908056296885885,231.61655652023376
O=[N+]([O-])c1nc2c([N+](=O)[O-])c([N+](=O)[O-])nc([N+](=O)[O-])n2n1,1.9065134728403592,227.23698427927968
O=[N+]([O-])c1nc2c([N+](=O)[O-])c([N+](=O)[O-])ncn2n1,1.878020052459136,228.212753566418
O=[N+]([O-])c1nc2c([N+](=O)[O-])cnc([N+](=O)[O-])n2n1,1.870569486708176,234.6239727080473
O=[N+]([O-])c1nc2c([N+](=O)[O-])nc([N+](=O)[O-])n([N+](=O)[O-])c-2n1,1.9493202150889104,204.41052043380677
O=[N+]([O-])c1nc2c([N+](=O)[O-])ncn([N+](=O)[O-])c-2n1,1.8970470587952108,177.12506629680945
O=[N+]([O-])c1nc2c([N+](=O)[O-])nnn2nc1[N+](=O)[O-],1.92426402953202,237.68243132547644
O=[N+]([O-])c1nc2c(nc([N+](=O)[O-])n3c([N+](=O)[O-])c([N+](=O)[O-])nc23)[nH]1,1.9418534890017265,244.60758559199704
O=[N+]([O-])c1nc2c(nc([N+](=O)[O-])n3c([N+](=O)[O-])cnc23)n1[N+](=O)[O-],1.880127259074661,196.04998547212327
O=[N+]([O-])c1nc2c(nnn2[N+](=O)[O-])c([N+](=O)[O-])c1[N+](=O)[O-],1.8955126583701327,179.01004114359736
O=[N+]([O-])c1nc2c3c([N+](=O)[O-])n[nH]c3nnn2c1[N+](=O)[O-],1.9230898563779344,263.1248816670165
O=[N+]([O-])c1nc2c3c([N+](=O)[O-])nn([N+](=O)[O-])c3nnn2c1[N+](=O)[O-],1.89928249966708,217.05755269328856
O=[N+]([O-])c1nc2c3cnn([N+](=O)[O-])c3nnn2c1[N+](=O)[O-],1.85772906922137,192.3367705066809
O=[N+]([O-])c1nc2c3nc([N+](=O)[O-])n([N+](=O)[O-])c3nc([N+](=O)[O-])n2c1[N+](=O)[O-],1.9301936798811927,203.8136729433862
O=[N+]([O-])c1nc2c3nc([N+](=O)[O-])n([N+](=O)[O-])c3ncn2c1[N+](=O)[O-],1.893436977063752,193.696362879194
O=[N+]([O-])c1nc2c3ncn([N+](=O)[O-])c3nc([N+](=O)[O-])n2c1[N+](=O)[O-],1.9026166987906563,194.25341216994008
O=[N+]([O-])c1nc2cnc([N+](=O)[O-])n([N+](=O)[O-])c-2n1,1.884534873282847,171.53434071124008
O=[N+]([O-])c1nc2cnnn2nc1[N+](=O)[O-],1.8489751560851664,246.3999478813517
O=[N+]([O-])c1nc2n([N+](=O)[O-])nc([N+](=O)[O-])n2n1,1.9310403441183848,210.183871865932
O=[N+]([O-])c1nc2n([N+](=O)[O-])ncn2n1,1.8713198758326968,168.42143452362563
O=[N+]([O-])c1nc2nc([N+](=O)[O-])c([N+](=O)[O-])c([N+](=O)[O-])n2n1,1.9091355687366427,231.45304702054224
O=[N+]([O-])c1nc2nc([N+](=O)[O-])c([N+](=O)[O-])cn2n1,1.872535588642982,237.65651790849336
O=[N+]([O-])c1nc2nc3nonc3nc2n1[N+](=O)[O-],1.892352896880292,233.13513361786949
O=[N+]([O-])c1nc2nc3oc([N+](=O)[O-])nc3c([N+](=O)[O-])n2n1,1.897887107055828,207.4932724668131
O=[N+]([O-])c1nc2ncc([N+](=O)[O-])c([N+](=O)[O-])n2n1,1.8834230276895,250.9962361819313
O=[N+]([O-])c1nc2ncnc([N+](=O)[O-])n2c1[N+](=O)[O-],1.870094220981112,234.7543654817524
O=[N+]([O-])c1nc2ncnc([N+](=O)[O-])n2n1,1.8693825877412256,241.01672449420107
O=[N+]([O-])c1nc2ncnn2c([N+](=O)[O-])c1[N+](=O)[O-],1.8544265400184463,217.86932037021657
O=[N+]([O-])c1nc2nn[nH]c2c([N+](=O)[O-])c1[N+](=O)[O-],1.941035710913624,250.33762304158037
O=[N+]([O-])c1nc2nnc([N+](=O)[O-])n2c([N+](=O)[O-])c1[N+](=O)[O-],1.9057800032624883,228.20989998596
O=[N+]([O-])c1nc2nncn2c([N+](=O)[O-])c1[N+](=O)[O-],1.866610674320756,232.4281095180764
O=[N+]([O-])c1nc2nnn([N+](=O)[O-])c2c([N+](=O)[O-])c1[N+](=O)[O-],1.897162820308832,176.31794559639116
O=[N+]([O-])c1nc2noc([N+](=O)[O-])c2[nH]1,1.8693340705796768,269.9979939560357
O=[N+]([O-])c1nc2nocc2n1[N+](=O)[O-],1.844675422063316,165.059863900037
O=[N+]([O-])c1nc2nonc2nc1[N+](=O)[O-],1.909437372957664,237.816576029043
O=[N+]([O-])c1nc2onc([N+](=O)[O-])n2c1[N+](=O)[O-],1.937981009685676,244.89146070072883
O=[N+]([O-])c1nc2oncn2c1[N+](=O)[O-],1.8727756075964264,255.4718880475476
O=[N+]([O-])c1ncc([N+](=O)[O-])c2c1nnn2[N+](=O)[O-],1.8493126070433608,167.51300511143853
O=[N+]([O-])c1ncc2c([N+](=O)[O-])n([N+](=O)[O-])nc2n1,1.8862570156005647,158.60547444571517
O=[N+]([O-])c1ncc2c([N+](=O)[O-])nn([N+](=O)[O-])c2n1,1.878953194379208,168.23318408503278
O=[N+]([O-])c1ncc2c(n1)c([N+](=O)[O-])nn2[N+](=O)[O-],1.87950629725144,157.23152829927807
O=[N+]([O-])c1ncc2c(n1)nc([N+](=O)[O-])n2[N+](=O)[O-],1.8491754430262848,143.48194719309748
O=[N+]([O-])c1ncc2c(nnn2[N+](=O)[O-])c1[N+](=O)[O-],1.890843622705047,175.09402380032844
O=[N+]([O-])c1ncc2nc([N+](=O)[O-])n([N+](=O)[O-])c2n1,1.849971782458055,150.16649904898878
O=[N+]([O-])c1ncc2nnn([N+](=O)[O-])c2c1[N+](=O)[O-],1.854402353743427,162.05193908792887
O=[N+]([O-])c1nccc2nnc([N+](=O)[O-])n12,1.780738064074472,236.4400636418468
O=[N+]([O-])c1ncn(/N=N/n2cnc([N+](=O)[O-])n2)n1,1.8184,271.5076643486945
O=[N+]([O-])c1ncn2c([N+](=O)[O-])c([N+](=O)[O-])nc2n1,1.8585273247556453,212.49092891386465
O=[N+]([O-])c1ncn2c([N+](=O)[O-])nnc2c1[N+](=O)[O-],1.8476141448603776,208.3899374651213
O=[N+]([O-])c1ncn2nc([N+](=O)[O-])nc2n1,1.862218605849876,228.3303085308173
O=[N+]([O-])c1ncnc2c1c([N+](=O)[O-])nn2[N+](=O)[O-],1.8834833668419773,183.8692923329263
O=[N+]([O-])c1ncnc2c1nc([N+](=O)[O-])n2[N+](=O)[O-],1.868921927776654,196.085734493972
O=[N+]([O-])c1ncnc2nc([N+](=O)[O-])n([N+](=O)[O-])c12,1.8593066723350105,176.75193422988667
O=[N+]([O-])c1ncnc2nn([N+](=O)[O-])c([N+](=O)[O-])c12,1.8840844084297188,153.38632202663322
O=[N+]([O-])c1nn([N+](=O)[O-])c2[nH]ncc12,1.8762894503680925,233.0267603128141
O=[N+]([O-])c1nn([N+](=O)[O-])c2c([N+](=O)[O-])n[nH]c12,1.9450832063094488,209.2433958204303
O=[N+]([O-])c1nn([N+](=O)[O-])c2c([N+](=O)[O-])ncnc12,1.880598511832328,158.70801838791368
O=[N+]([O-])c1nn([N+](=O)[O-])c2c([N+](=O)[O-])nn([N+](=O)[O-])c12,1.940517712485404,154.64401119144873
O=[N+]([O-])c1nn([N+](=O)[O-])c2c1c([N+](=O)[O-])nn2[N+](=O)[O-],1.948968158368223,169.33907201719796
O=[N+]([O-])c1nn([N+](=O)[O-])c2c1cnn2[N+](=O)[O-],1.9043262237541416,155.62514745572156
O=[N+]([O-])c1nn([N+](=O)[O-])c2ccnn12,1.789080177859988,169.14110487292527
O=[N+]([O-])c1nn([N+](=O)[O-])c2cn[nH]c12,1.892105683504233,221.39184416100312
O=[N+]([O-])c1nn([N+](=O)[O-])c2cnn([N+](=O)[O-])c12,1.89658126512204,135.5997766832354
O=[N+]([O-])c1nn([N+](=O)[O-])c2nc3c(c([N+](=O)[O-])nn3[N+](=O)[O-])c([N+](=O)[O-])c12,1.9836139669766395,181.2394140874186
O=[N+]([O-])c1nn([N+](=O)[O-])c2nc3c(cc12)c([N+](=O)[O-])nn3[N+](=O)[O-],1.9438245800336216,174.9479033065528
O=[N+]([O-])c1nn([N+](=O)[O-])c2nc3c(cnn3[N+](=O)[O-])c([N+](=O)[O-])c12,1.928114383287066,169.69207048866718
O=[N+]([O-])c1nn([N+](=O)[O-])c2ncnn12,1.895589230164589,203.4285915082956
O=[N+]([O-])c1nn([N+](=O)[O-])c2nnc3[nH]ncn1-n32,1.899109435842688,254.08318436536808
O=[N+]([O-])c1nn([N+](=O)[O-])c2nnc3n([N+](=O)[O-])nc([N+](=O)[O-])n1-n23,1.9527006898956327,214.58161586577472
O=[N+]([O-])c1nn([N+](=O)[O-])c2nnc3n([N+](=O)[O-])ncn1-n32,1.897646256586202,226.2033309052124
O=[N+]([O-])c1nn([N+](=O)[O-])c2nncnc12,1.840748351902303,167.9758400084989
O=[N+]([O-])c1nn([N+](=O)[O-])c2nnn3c([N+](=O)[O-])cnc3c12,1.849781473711116,214.55709951422423
O=[N+]([O-])c1nn([N+](=O)[O-])c2nnncc12,1.838241439073601,178.65025220751977
O=[N+]([O-])c1nn2c([N+](=O)[O-])c([N+](=O)[O-])nnc2c1[N+](=O)[O-],1.9015694222364488,219.81651582145813
O=[N+]([O-])c1nn2c([N+](=O)[O-])cnnc2c1[N+](=O)[O-],1.8540255684545583,251.0129588569937
O=[N+]([O-])c1nn2c([N+](=O)[O-])n[nH]c2c1[N+](=O)[O-],1.978828157517364,261.16391615221977
O=[N+]([O-])c1nn2c([N+](=O)[O-])nc([N+](=O)[O-])c2o1,1.917806438713325,223.3703959697309
O=[N+]([O-])c1nn2c([N+](=O)[O-])ncc2o1,1.85029372383182,217.60569115061375
O=[N+]([O-])c1nn2c([N+](=O)[O-])nn([N+](=O)[O-])c2c1[N+](=O)[O-],1.9313580194526097,217.86288660316544
O=[N+]([O-])c1nn2c([N+](=O)[O-])nnc2c([N+](=O)[O-])c1[N+](=O)[O-],1.9061141281559568,238.277046153409
O=[N+]([O-])c1nn2cnc([N+](=O)[O-])c2o1,1.858479458345891,234.5414500676269
O=[N+]([O-])c1nn2cnn([N+](=O)[O-])c2c1[N+](=O)[O-],1.8750043601859656,191.27783454186613
O=[N+]([O-])c1nn2cnnc2c([N+](=O)[O-])c1[N+](=O)[O-],1.8247381224257224,216.16633724099387
O=[N+]([O-])c1nnc2[nH]nc([N+](=O)[O-])c2n1,1.9008755762122729,249.3698513760613
O=[N+]([O-])c1nnc2c([N+](=O)[O-])cnn2c1[N+](=O)[O-],1.8653667622660528,243.95114979298512
O=[N+]([O-])c1nnc2c(cnn2[N+](=O)[O-])n1,1.854373069912686,171.44141439206663
O=[N+]([O-])c1nnc2c(n1)c([N+](=O)[O-])nn2[N+](=O)[O-],1.8929680742431192,174.18959072188463
O=[N+]([O-])c1nnc2n1c1nnc([N+](=O)[O-])n1c1nnc([N+](=O)[O-])n21,1.9041168985936592,256.2082955214634
O=[N+]([O-])c1nnc2n1c1nncn1c1nnc([N+](=O)[O-])n12,1.8455572630502743,261.4966468538071
O=[N+]([O-])c1nnc2nnc([N+](=O)[O-])n2n1,1.8971864642906893,251.5857416476318
O=[N+]([O-])c1nnnc2[nH]nc([N+](=O)[O-])c12,1.9181612430526989,249.27398643048448
O=[N+]([O-])c1nnnc2c1c([N+](=O)[O-])nn2[N+](=O)[O-],1.8952432471273144,176.84334788719696
O=[N+]([O-])c1nnnc2c1cnn2[N+](=O)[O-],1.839090742470848,149.80863892192446
O=[N+]([O-])c1noc2c([N+](=O)[O-])[nH]nc12,1.9156005708952168,225.60685332336973
O=[N+]([O-])c1noc2c([N+](=O)[O-])n([N+](=O)[O-])nc12,1.9433894801534128,154.01416257147244
O=[N+]([O-])c1noc2cn([N+](=O)[O-])nc12,1.8378719566659787,153.100534622664
O=[N+]([O-])c1nonc1C1=NOC(c2nonc2[N+](=O)[O-])=NO1,1.882179151787675,239.7522052317153
O=[N+]([O-])c1nonc1O,1.8181,277.8689128047575
O=[N+]([O-])c1onc2nc([N+](=O)[O-])n([N+](=O)[O-])c12,1.899054591927584,199.3845131364643
O=[N+]([O-])c1onc2ncn([N+](=O)[O-])c12,1.8090715622022588,158.35215973047616
O=[N+]([O-])n1cnc(/N=N/c2ncn([N+](=O)[O-])n2)n1,1.8294,127.28151038208588
O=[N+]([O-])n1ncc2c1cnn2[N+](=O)[O-],1.8498533094786247,126.68589151658476
O=[N+]([O-])n1ncc2cnn([N+](=O)[O-])c21,1.863152832356272,127.80882827088432
O=[N+]([O-])n1ncn2cnn([N+](=O)[O-])c3nnc1n3-2,1.8561755077712387,188.9305268168021
O=[N+](c1nonc1N[N+](=O)[O-])[N-]c1nonc1/N=N/c1nonc1[N-][N+](=O)c1nonc1N[N+](=O)[O-],1.8795,133.73469763352955
O=[n+]1nc2[n-]onc-2[nH]1,1.9336,286.8912191664133
O=c1[nH][nH]c(=O)c2c1c([N+](=O)[O-])nn2[N+](=O)[O-],1.9299624099240933,191.85082292901296
O=c1[nH]c(=NC=N[N+](=O)[O-])c2c(nc(C=N[N+](=O)[O-])n2[N+](=O)[O-])n1[N+](=O)[O-],1.8173433044118028,142.2694265078461
O=c1[nH]c(=NC=N[N+](=O)[O-])c2c(nc([N+](=O)[O-])n2C=N[N+](=O)[O-])n1[N+](=O)[O-],1.8605321825750865,172.97064948060276
O=c1[nH]c(=NC=N[N+](=O)[O-])c2c(nc([N+](=O)[O-])n2N[N+](=O)[O-])n1C=N[N+](=O)[O-],1.793721592726696,159.75573819620615
O=c1[nH]c(=NC=N[N+](=O)[O-])c2c(nc([N+](=O)[O-])n2N[N+](=O)[O-])n1N[N+](=O)[O-],1.8231860793964445,158.74591420061614
O=c1[nH]c(=NC=N[N+](=O)[O-])c2c(nc([N+](=O)[O-])n2N[N+](=O)[O-])n1[N+](=O)[O-],1.8392720491513,140.94099232750972
O=c1[nH]c(=NC=N[N+](=O)[O-])c2c(nc([N+](=O)[O-])n2[N+](=O)[O-])n1C=N[N+](=O)[O-],1.846412784742444,169.82336161177574
O=c1[nH]c(=NC=N[N+](=O)[O-])c2c(nc([N+](=O)[O-])n2[N+](=O)[O-])n1[N+](=O)[O-],1.8797220576241105,157.17061888862278
O=c1[nH]c(=NC=N[N+](=O)[O-])c2c(ncn2[N+](=O)[O-])n1[N+](=O)[O-],1.849970191731447,136.80766030024256
O=c1[nH]c(=NC=N[N+](=O)[O-])c2nc(C=N[N+](=O)[O-])n([N+](=O)[O-])c2n1N[N+](=O)[O-],1.7872278128776655,126.29192567011457
O=c1[nH]c(=NC=N[N+](=O)[O-])c2nc(C=N[N+](=O)[O-])n([N+](=O)[O-])c2n1[N+](=O)[O-],1.8281212363925,141.46285406478432
O=c1[nH]c(=NC=N[N+](=O)[O-])c2nc([N+](=O)[O-])n(C=N[N+](=O)[O-])c2n1[N+](=O)[O-],1.8486338006162069,167.35033120880246
O=c1[nH]c(=NC=N[N+](=O)[O-])c2nc([N+](=O)[O-])n(N[N+](=O)[O-])c2n1C=N[N+](=O)[O-],1.7929601046687953,159.14750941150527
O=c1[nH]c(=NC=N[N+](=O)[O-])c2nc([N+](=O)[O-])n(N[N+](=O)[O-])c2n1N[N+](=O)[O-],1.8168616757783056,160.52219537509814
O=c1[nH]c(=NC=N[N+](=O)[O-])c2nc([N+](=O)[O-])n([N+](=O)[O-])c2n1C=N[N+](=O)[O-],1.868582741480341,170.75732792685767
O=c1[nH]c(=NC=N[N+](=O)[O-])c2nc([N+](=O)[O-])n([N+](=O)[O-])c2n1N[N+](=O)[O-],1.8262073030598664,134.1383075250661
O=c1[nH]c(=NC=N[N+](=O)[O-])c2nc([N+](=O)[O-])n([N+](=O)[O-])c2n1[N+](=O)[O-],1.8883992905072249,156.8759602842946
O=c1[nH]c(=NN[N+](=O)[O-])c2[nH]c([N+](=O)[O-])nc2n1N[N+](=O)[O-],1.889703722478792,175.63490280181264
O=c1[nH]c(=NN[N+](=O)[O-])c2[nH]c([N+](=O)[O-])nc2n1[N+](=O)[O-],1.90331329243352,150.82904494504618
O=c1[nH]c(=NN[N+](=O)[O-])c2c(nc([N+](=O)[O-])n2C=N[N+](=O)[O-])n1N[N+](=O)[O-],1.8093828384771733,152.83782026624044
O=c1[nH]c(=NN[N+](=O)[O-])c2c(nc([N+](=O)[O-])n2C=N[N+](=O)[O-])n1[N+](=O)[O-],1.843720660722524,143.55077661062575
O=c1[nH]c(=NN[N+](=O)[O-])c2c(nc([N+](=O)[O-])n2N[N+](=O)[O-])[nH]1,1.8873401196563333,191.50236904864343
O=c1[nH]c(=NN[N+](=O)[O-])c2c(nc([N+](=O)[O-])n2N[N+](=O)[O-])n1C=N[N+](=O)[O-],1.82630751883618,163.82993108958362
O=c1[nH]c(=NN[N+](=O)[O-])c2c(nc([N+](=O)[O-])n2N[N+](=O)[O-])n1N[N+](=O)[O-],1.8863822491680804,171.23694082012935
O=c1[nH]c(=NN[N+](=O)[O-])c2c(nc([N+](=O)[O-])n2N[N+](=O)[O-])n1[N+](=O)[O-],1.8719860287527408,150.7465289101361
O=c1[nH]c(=NN[N+](=O)[O-])c2c(nc([N+](=O)[O-])n2[N+](=O)[O-])[nH]1,1.884461808317504,166.1033892092766
O=c1[nH]c(=NN[N+](=O)[O-])c2c(nc([N+](=O)[O-])n2[N+](=O)[O-])n1C=N[N+](=O)[O-],1.847081721434052,140.3101660920061
O=c1[nH]c(=NN[N+](=O)[O-])c2c(nc([N+](=O)[O-])n2[N+](=O)[O-])n1N[N+](=O)[O-],1.892405463164116,150.67541398603737
O=c1[nH]c(=NN[N+](=O)[O-])c2nc(C=N[N+](=O)[O-])n([N+](=O)[O-])c2n1C=N[N+](=O)[O-],1.7918939563125549,127.7686931901836
O=c1[nH]c(=NN[N+](=O)[O-])c2nc(C=N[N+](=O)[O-])n([N+](=O)[O-])c2n1N[N+](=O)[O-],1.826388248211544,127.39607635306572
O=c1[nH]c(=NN[N+](=O)[O-])c2nc([N+](=O)[O-])[nH]c2n1N[N+](=O)[O-],1.880885999513875,175.15974202249626
O=c1[nH]c(=NN[N+](=O)[O-])c2nc([N+](=O)[O-])[nH]c2n1[N+](=O)[O-],1.88587137285672,161.28949145380074
O=c1[nH]c(=NN[N+](=O)[O-])c2nc([N+](=O)[O-])n(C=N[N+](=O)[O-])c2n1N[N+](=O)[O-],1.820430940911115,144.16197126946005
O=c1[nH]c(=NN[N+](=O)[O-])c2nc([N+](=O)[O-])n(C=N[N+](=O)[O-])c2n1[N+](=O)[O-],1.8252771979815008,140.82801167900652
O=c1[nH]c(=NN[N+](=O)[O-])c2nc([N+](=O)[O-])n(N[N+](=O)[O-])c2[nH]1,1.888852032991633,183.1627669491623
O=c1[nH]c(=NN[N+](=O)[O-])c2nc([N+](=O)[O-])n(N[N+](=O)[O-])c2n1C=N[N+](=O)[O-],1.8274200151813216,159.61716780072558
O=c1[nH]c(=NN[N+](=O)[O-])c2nc([N+](=O)[O-])n(N[N+](=O)[O-])c2n1N[N+](=O)[O-],1.88247065243862,166.38012045859796
O=c1[nH]c(=NN[N+](=O)[O-])c2nc([N+](=O)[O-])n(N[N+](=O)[O-])c2n1[N+](=O)[O-],1.878362890196072,147.95755034307513
O=c1[nH]c(=NN[N+](=O)[O-])c2nc([N+](=O)[O-])n([N+](=O)[O-])c2[nH]1,1.887437262438064,167.67217148809505
O=c1[nH]c(=NN[N+](=O)[O-])c2nc([N+](=O)[O-])n([N+](=O)[O-])c2n1C=N[N+](=O)[O-],1.8446579240706256,137.38588025156236
O=c1[nH]c(=NN[N+](=O)[O-])c2nc([N+](=O)[O-])n([N+](=O)[O-])c2n1N[N+](=O)[O-],1.9085582072836365,149.83754463508222
O=c1[nH]c(=N[N+](=O)[O-])c2[nH]c([N+](=O)[O-])nc2n1[N+](=O)[O-],1.9077026855914672,162.48441505956123
O=c1[nH]c(=N[N+](=O)[O-])c2c(nc(C=N[N+](=O)[O-])n2C=N[N+](=O)[O-])n1[N+](=O)[O-],1.827982264731551,143.23911542273538
O=c1[nH]c(=N[N+](=O)[O-])c2c(nc(C=N[N+](=O)[O-])n2[N+](=O)[O-])n1C=N[N+](=O)[O-],1.8082028808626949,141.73381209808647
O=c1[nH]c(=N[N+](=O)[O-])c2c(nc([N+](=O)[O-])n2C=N[N+](=O)[O-])n1[N+](=O)[O-],1.8757909021879449,147.85630108089924
O=c1[nH]c(=N[N+](=O)[O-])c2c(nc([N+](=O)[O-])n2N[N+](=O)[O-])[nH]1,1.899166991223601,155.9605224256586
O=c1[nH]c(=N[N+](=O)[O-])c2c(nc([N+](=O)[O-])n2N[N+](=O)[O-])n1C=N[N+](=O)[O-],1.8428420373416583,139.87314552927398
O=c1[nH]c(=N[N+](=O)[O-])c2c(nc([N+](=O)[O-])n2[N+](=O)[O-])[nH]1,1.9067424651661788,168.47995273954527
O=c1[nH]c(=N[N+](=O)[O-])c2c(nc([N+](=O)[O-])n2[N+](=O)[O-])n1C=N[N+](=O)[O-],1.875666319372224,149.33752071492358
O=c1[nH]c(=N[N+](=O)[O-])c2nc(C=N[N+](=O)[O-])n(C=N[N+](=O)[O-])c2n1[N+](=O)[O-],1.831411979757372,143.18879464512213
O=c1[nH]c(=N[N+](=O)[O-])c2nc(C=N[N+](=O)[O-])n([N+](=O)[O-])c2n1C=N[N+](=O)[O-],1.8443783177163648,139.39213226781462
O=c1[nH]c(=N[N+](=O)[O-])c2nc([N+](=O)[O-])[nH]c2n1[N+](=O)[O-],1.911948985660435,171.6485169571111
O=c1[nH]c(=N[N+](=O)[O-])c2nc([N+](=O)[O-])n(C=N[N+](=O)[O-])c2n1[N+](=O)[O-],1.8723116577200063,146.85815562755394
O=c1[nH]c(=N[N+](=O)[O-])c2nc([N+](=O)[O-])n([N+](=O)[O-])c2[nH]1,1.9098604339296783,168.28450229470428
O=c1[nH]c(=N[N+](=O)[O-])c2nc([N+](=O)[O-])n([N+](=O)[O-])c2n1C=N[N+](=O)[O-],1.873531853487096,145.88219147786123
O=c1[nH]c(=N[N+](=O)[O-])c2ncn([N+](=O)[O-])c2n1C=N[N+](=O)[O-],1.857126979200182,136.93283472079537
O=c1[nH]c(=O)c2[nH]c(=O)[nH]c2[nH]1,1.8508,287.46875875017025
O=c1[nH]c(=O)n(C=N[N+](=O)[O-])c2c1n(N[N+](=O)[O-])c(=O)n2[N+](=O)[O-],1.865226127572741,126.45525351827226
O=c1[nH]c(=O)n(C=N[N+](=O)[O-])c2c1n([N+](=O)[O-])c(=O)n2N[N+](=O)[O-],1.8611713292956689,125.6070663601982
O=c1[nH]c(=O)n(C=N[N+](=O)[O-])c2c1n([N+](=O)[O-])c(=O)n2[N+](=O)[O-],1.8782415611393224,133.89367905589708
O=c1[nH]c(=O)n(N[N+](=O)[O-])c2c([N+](=O)[O-])nn([N+](=O)[O-])c12,1.945333745750234,124.37590492482542
O=c1[nH]c(=O)n(N[N+](=O)[O-])c2c1c([N+](=O)[O-])nn2[N+](=O)[O-],1.9282337600884327,118.93437800084055
O=c1[nH]c(=O)n(N[N+](=O)[O-])c2c1n(N[N+](=O)[O-])c(=O)n2N[N+](=O)[O-],1.894330856958904,147.38258030283248
O=c1[nH]c(=O)n(N[N+](=O)[O-])c2c1n(N[N+](=O)[O-])c(=O)n2[N+](=O)[O-],1.925944198359009,127.52176600342344
O=c1[nH]c(=O)n(N[N+](=O)[O-])c2c1nc([N+](=O)[O-])n2N[N+](=O)[O-],1.9111943304963737,165.93109107810514
O=c1[nH]c(=O)n(N[N+](=O)[O-])c2c1nc([N+](=O)[O-])n2[N+](=O)[O-],1.9092509687214887,135.09294908744775
O=c1[nH]c(=O)n(N[N+](=O)[O-])c2nc([N+](=O)[O-])n(N[N+](=O)[O-])c12,1.9178299742365497,163.82409181846126
O=c1[nH]c(=O)n(N[N+](=O)[O-])c2nc([N+](=O)[O-])n([N+](=O)[O-])c12,1.9229374358465707,139.63278421977134
O=c1[nH]c(=O)n(N[N+](=O)[O-])c2nnc([N+](=O)[O-])nc12,1.922462314731016,151.80536579229613
O=c1[nH]c(=O)n([N+](=O)[O-])c2c([N+](=O)[O-])nn([N+](=O)[O-])c12,1.963952875322826,140.97956850777504
O=c1[nH]c(=O)n([N+](=O)[O-])c2c1c(C=N[N+](=O)[O-])nn2[N+](=O)[O-],1.882027020479331,127.53187243421212
O=c1[nH]c(=O)n([N+](=O)[O-])c2c1c([N+](=O)[O-])nn2[N+](=O)[O-],1.9642494012237377,151.8479317007944
O=c1[nH]c(=O)n([N+](=O)[O-])c2c1n(C=N[N+](=O)[O-])c(=O)n2[N+](=O)[O-],1.8830848175208788,146.0538686910627
O=c1[nH]c(=O)n([N+](=O)[O-])c2c1n(N[N+](=O)[O-])c(=O)n2N[N+](=O)[O-],1.9209727438739856,134.74621263976132
O=c1[nH]c(=O)n([N+](=O)[O-])c2c1n([N+](=O)[O-])c(=O)n2C=N[N+](=O)[O-],1.872853697811736,136.28434535069766
O=c1[nH]c(=O)n([N+](=O)[O-])c2c1nc(C=N[N+](=O)[O-])n2[N+](=O)[O-],1.8547545912285013,139.88873453362783
O=c1[nH]c(=O)n([N+](=O)[O-])c2c1nc([N+](=O)[O-])n2N[N+](=O)[O-],1.9116977231621008,134.04954267739387
O=c1[nH]c(=O)n([N+](=O)[O-])c2c1nc([N+](=O)[O-])n2[N+](=O)[O-],1.9379742852504684,162.10443968394753
O=c1[nH]c(=O)n([N+](=O)[O-])c2nc([N+](=O)[O-])n(N[N+](=O)[O-])c12,1.9044871763645856,138.69888395979262
O=c1[nH]c(=O)n([N+](=O)[O-])c2nc([N+](=O)[O-])n([N+](=O)[O-])c12,1.9520117968156685,167.44653386109434
O=c1[nH]c(=O)n([N+](=O)[O-])c2nc3c(=O)n(N[N+](=O)[O-])c(=O)n([N+](=O)[O-])c3nc12,1.9397167093324408,111.3774760301268
O=c1[nH]c(=O)n([N+](=O)[O-])c2nc3c(=O)n([N+](=O)[O-])c(=O)n([N+](=O)[O-])c3nc12,1.963039762096866,129.79110228467712
O=c1[nH]c(=O)n([N+](=O)[O-])c2nc3c(nc12)c(N[N+](=O)[O-])c([N+](=O)[O-])n1nnc([N+](=O)[O-])c31,1.957315640856042,135.96699021291198
O=c1[nH]c(=O)n([N+](=O)[O-])c2nc3c(nc12)c([N+](=O)[O-])c([N+](=O)[O-])n1nnc(N[N+](=O)[O-])c31,1.9626092536320945,138.17414222001875
O=c1[nH]c(=O)n2c(=O)[nH]c(=O)n12,1.9188,249.77464613101137
O=c1[nH]c(=O)n2c3c([N+](=O)[O-])nn([N+](=O)[O-])c3nc([N+](=O)[O-])n12,1.965863844119508,190.38696257610803
O=c1[nH]c(N[N+](=O)[O-])c([N+](=O)[O-])c2nnc([N+](=O)[O-])n12,1.9224859587128733,125.05758037876782
O=c1[nH]c(N[N+](=O)[O-])nc2c([N+](=O)[O-])nc([N+](=O)[O-])n12,1.901798197645004,136.59372103201753
O=c1[nH]c(N[N+](=O)[O-])nc2c1n(N[N+](=O)[O-])c(=O)n2N[N+](=O)[O-],1.8783870403182137,139.16987005658714
O=c1[nH]c(N[N+](=O)[O-])nc2c1nc(N[N+](=O)[O-])n2[N+](=O)[O-],1.8520856773559096,108.42318796181227
O=c1[nH]c(N[N+](=O)[O-])nc2c1nc([N+](=O)[O-])n2N[N+](=O)[O-],1.8817616583587884,135.7821680341749
O=c1[nH]c(N[N+](=O)[O-])nc2c1nc([N+](=O)[O-])n2[N+](=O)[O-],1.8852283939311263,113.27311217057022
O=c1[nH]c(N[N+](=O)[O-])nc2nc([N+](=O)[O-])n(N[N+](=O)[O-])c12,1.8814500567079768,139.3071061389832
O=c1[nH]c(N[N+](=O)[O-])nn2c([N+](=O)[O-])nc(N[N+](=O)[O-])c12,1.886367064959548,124.29272833888342
O=c1[nH]c(N[N+](=O)[O-])nn2c([N+](=O)[O-])nc([N+](=O)[O-])c12,1.911205393276876,136.4781378124485
O=c1[nH]c(O)c([N+](=O)[O-])c(=O)[nH]1,1.8673,337.14299892163154
O=c1[nH]c([N+](=O)[O-])c(C=N[N+](=O)[O-])c2nnc([N+](=O)[O-])n12,1.8714007136666937,192.1281750963043
O=c1[nH]c([N+](=O)[O-])c([N+](=O)[O-])c2nnc(N[N+](=O)[O-])n12,1.9304198884354489,133.90023172213395
O=c1[nH]c([N+](=O)[O-])c([N+](=O)[O-])c2nnc([N+](=O)[O-])n12,1.9605184242700584,241.57887323891376
O=c1[nH]c([N+](=O)[O-])nc2c([N+](=O)[O-])nc(N[N+](=O)[O-])n12,1.926127746517864,150.9220373193228
O=c1[nH]c([N+](=O)[O-])nc2c([N+](=O)[O-])nc([N+](=O)[O-])n12,1.9374428017989564,246.27549346142368
O=c1[nH]c([N+](=O)[O-])nc2c([N+](=O)[O-])nn([N+](=O)[O-])c12,1.9390359144970264,183.46773675509908
O=c1[nH]c([N+](=O)[O-])nc2c1c([N+](=O)[O-])nn2C=N[N+](=O)[O-],1.853850660833416,185.5170566986339
O=c1[nH]c([N+](=O)[O-])nc2c1c([N+](=O)[O-])nn2[N+](=O)[O-],1.959570278905841,194.0550553005585
O=c1[nH]c([N+](=O)[O-])nc2c1n(N[N+](=O)[O-])c(=O)n2N[N+](=O)[O-],1.9036342938324704,172.0458582193545
O=c1[nH]c([N+](=O)[O-])nc2c1n(N[N+](=O)[O-])c(=O)n2[N+](=O)[O-],1.9313271810481385,140.59462578840115
O=c1[nH]c([N+](=O)[O-])nc2c1n([N+](=O)[O-])c(=O)n2[N+](=O)[O-],1.943399747570611,154.607515746934
O=c1[nH]c([N+](=O)[O-])nc2c1nc(N[N+](=O)[O-])n2[N+](=O)[O-],1.8994707838528817,120.71661074012036
O=c1[nH]c([N+](=O)[O-])nc2c1nc([N+](=O)[O-])n2N[N+](=O)[O-],1.928356246037261,183.41724423421752
O=c1[nH]c([N+](=O)[O-])nc2c1nc([N+](=O)[O-])n2[N+](=O)[O-],1.948949684247841,220.06465511936196
O=c1[nH]c([N+](=O)[O-])nc2c1nnn2N[N+](=O)[O-],1.923833521067248,171.63583437729784
O=c1[nH]c([N+](=O)[O-])nc2c1nnn2[N+](=O)[O-],1.916309094987641,176.7707731453176
O=c1[nH]c([N+](=O)[O-])nc2nc(N[N+](=O)[O-])nn12,1.943429103707107,136.36018982018516
O=c1[nH]c([N+](=O)[O-])nc2nc([N+](=O)[O-])n(N[N+](=O)[O-])c12,1.9259509950999711,185.79537987594225
O=c1[nH]c([N+](=O)[O-])nc2nc([N+](=O)[O-])n([N+](=O)[O-])c12,1.936717900453044,213.72943897946772
O=c1[nH]c([N+](=O)[O-])nc2nc([N+](=O)[O-])nn12,1.963418788864137,249.02558704061187
O=c1[nH]c([N+](=O)[O-])nc2nnn(N[N+](=O)[O-])c12,1.9424330196273805,188.9304739727196
O=c1[nH]c([N+](=O)[O-])nc2nnn([N+](=O)[O-])c12,1.906636464929472,176.63393339354076
O=c1[nH]c([N+](=O)[O-])nn2c([N+](=O)[O-])nc(N[N+](=O)[O-])c12,1.8945048607581096,140.2089432518715
O=c1[nH]c([N+](=O)[O-])nn2c([N+](=O)[O-])nc([N+](=O)[O-])c12,1.9415099643601192,242.98143445605456
O=c1[nH]c2[n-]o[n+](=O)c2nc1[N+](=O)[O-],1.930381313315201,252.2669018717693
O=c1[nH]c2[nH]c(C=N[N+](=O)[O-])nc2c(=N[N+](=O)[O-])n1[N+](=O)[O-],1.8934285172904264,141.85223568709284
O=c1[nH]c2[nH]c([N+](=O)[O-])nc2c(=NN[N+](=O)[O-])n1N[N+](=O)[O-],1.8645089267897264,177.6181081925605
O=c1[nH]c2[nH]c([N+](=O)[O-])nc2c(=NN[N+](=O)[O-])n1[N+](=O)[O-],1.877622298501341,145.33968091532813
O=c1[nH]c2[nH]c([N+](=O)[O-])nc2c(=N[N+](=O)[O-])n1[N+](=O)[O-],1.916880491215867,154.29439474126303
O=c1[nH]c2c(=NC=N[N+](=O)[O-])n(C=N[N+](=O)[O-])c([N+](=O)[O-])nc2n1[N+](=O)[O-],1.8760148331109203,172.71991751989862
O=c1[nH]c2c(=NC=N[N+](=O)[O-])n(N[N+](=O)[O-])c([N+](=O)[O-])nc2n1N[N+](=O)[O-],1.8159583599821365,161.10299808095286
O=c1[nH]c2c(=NC=N[N+](=O)[O-])n([N+](=O)[O-])c(C=N[N+](=O)[O-])nc2n1[N+](=O)[O-],1.8604829423559883,135.5794977665548
O=c1[nH]c2c(=NC=N[N+](=O)[O-])n([N+](=O)[O-])c([N+](=O)[O-])nc2n1C=N[N+](=O)[O-],1.83913665662522,166.65171262089075
O=c1[nH]c2c(=NN[N+](=O)[O-])[nH]c([N+](=O)[O-])nc2n1N[N+](=O)[O-],1.873747469248256,184.4995769165837
O=c1[nH]c2c(=NN[N+](=O)[O-])[nH]c([N+](=O)[O-])nc2n1[N+](=O)[O-],1.9044073508111576,162.8077812117376
O=c1[nH]c2c(=NN[N+](=O)[O-])n(C=N[N+](=O)[O-])c([N+](=O)[O-])nc2n1N[N+](=O)[O-],1.8420670281075888,155.64738820896702
O=c1[nH]c2c(=NN[N+](=O)[O-])n(C=N[N+](=O)[O-])c([N+](=O)[O-])nc2n1[N+](=O)[O-],1.868692682380692,142.12752693516455
O=c1[nH]c2c(=NN[N+](=O)[O-])n(N[N+](=O)[O-])c([N+](=O)[O-])nc2n1C=N[N+](=O)[O-],1.805441740999707,167.07119555372486
O=c1[nH]c2c(=NN[N+](=O)[O-])n(N[N+](=O)[O-])c([N+](=O)[O-])nc2n1N[N+](=O)[O-],1.862967765776564,160.850390155318
O=c1[nH]c2c(=NN[N+](=O)[O-])n(N[N+](=O)[O-])c([N+](=O)[O-])nc2n1[N+](=O)[O-],1.883493634259176,141.32434972440694
O=c1[nH]c2c(=NN[N+](=O)[O-])n([N+](=O)[O-])c(C=N[N+](=O)[O-])nc2n1C=N[N+](=O)[O-],1.7825431049402016,129.0056938966787
O=c1[nH]c2c(=NN[N+](=O)[O-])n([N+](=O)[O-])c([N+](=O)[O-])nc2n1N[N+](=O)[O-],1.9049432810665967,144.79467346989435
O=c1[nH]c2c(=N[N+](=O)[O-])[nH]c(C=N[N+](=O)[O-])nc2n1[N+](=O)[O-],1.874278699629626,134.53787484428716
O=c1[nH]c2c(=N[N+](=O)[O-])[nH]c([N+](=O)[O-])nc2n1[N+](=O)[O-],1.92463296964648,162.73884610604424
O=c1[nH]c2c(=N[N+](=O)[O-])n(C=N[N+](=O)[O-])c(C=N[N+](=O)[O-])nc2n1[N+](=O)[O-],1.8329458740421656,138.73940216009186
O=c1[nH]c2c(=N[N+](=O)[O-])n(C=N[N+](=O)[O-])c([N+](=O)[O-])nc2n1[N+](=O)[O-],1.896643592682778,153.66077437489434
O=c1[nH]c2c(=N[N+](=O)[O-])n([N+](=O)[O-])c(C=N[N+](=O)[O-])nc2n1C=N[N+](=O)[O-],1.854424876986084,136.86438842286566
O=c1[nH]c2c(=N[N+](=O)[O-])n([N+](=O)[O-])c([N+](=O)[O-])nc2n1C=N[N+](=O)[O-],1.890407582850024,145.88323514849168
O=c1[nH]c2c([N+](=O)[O-])cc([N+](=O)[O-])cc2c2c([N+](=O)[O-])cc([N+](=O)[O-])cc12,1.8126,224.68094903363263
O=c1[nH]c2c([N+](=O)[O-])nn([N+](=O)[O-])c2c(=O)n1N[N+](=O)[O-],1.942466280274642,125.28853544157565
O=c1[nH]c2c([N+](=O)[O-])nn([N+](=O)[O-])c2c(=O)n1[N+](=O)[O-],1.9865180553170965,147.83224381231594
O=c1[nH]c2c(c(=O)n1C=N[N+](=O)[O-])n([N+](=O)[O-])c(=O)n2[N+](=O)[O-],1.885460495404408,138.51255572470274
O=c1[nH]c2c(c(=O)n1N[N+](=O)[O-])n(C=N[N+](=O)[O-])c(=O)n2[N+](=O)[O-],1.868232709320792,125.85687354945762
O=c1[nH]c2c(c(=O)n1N[N+](=O)[O-])n(N[N+](=O)[O-])c(=O)n2N[N+](=O)[O-],1.8680682498812349,146.48062429075844
O=c1[nH]c2c(c(=O)n1N[N+](=O)[O-])n(N[N+](=O)[O-])c(=O)n2[N+](=O)[O-],1.9164979576194825,135.35476509446784
O=c1[nH]c2c(c(=O)n1[N+](=O)[O-])n(C=N[N+](=O)[O-])c(=O)n2[N+](=O)[O-],1.8984970422514245,146.97050214706644
O=c1[nH]c2c(c(=O)n1[N+](=O)[O-])n(N[N+](=O)[O-])c(=O)n2N[N+](=O)[O-],1.8985667088462863,133.3284323268446
O=c1[nH]c2c(c(=O)n1[N+](=O)[O-])n([N+](=O)[O-])c(=O)n2C=N[N+](=O)[O-],1.909240122858252,144.81302357756164
O=c1[nH]c2c(c([N+](=O)[O-])nn2[N+](=O)[O-])c(=O)n1N[N+](=O)[O-],1.954987865535145,124.64555506708432
O=c1[nH]c2c(c([N+](=O)[O-])nn2[N+](=O)[O-])c(=O)n1[N+](=O)[O-],1.9806314630449755,150.77300379549632
O=c1[nH]c2c(nc(C=N[N+](=O)[O-])n2C=N[N+](=O)[O-])c(=N[N+](=O)[O-])n1[N+](=O)[O-],1.8419569787486056,145.57469176147208
O=c1[nH]c2c(nc(C=N[N+](=O)[O-])n2[N+](=O)[O-])c(=NC=N[N+](=O)[O-])n1N[N+](=O)[O-],1.7850872371562467,124.2222079107134
O=c1[nH]c2c(nc(C=N[N+](=O)[O-])n2[N+](=O)[O-])c(=NC=N[N+](=O)[O-])n1[N+](=O)[O-],1.8430874430738444,147.16919589747428
O=c1[nH]c2c(nc(C=N[N+](=O)[O-])n2[N+](=O)[O-])c(=NN[N+](=O)[O-])n1C=N[N+](=O)[O-],1.7923690774281096,132.71838702680589
O=c1[nH]c2c(nc(C=N[N+](=O)[O-])n2[N+](=O)[O-])c(=NN[N+](=O)[O-])n1N[N+](=O)[O-],1.822269387035616,136.2056340897316
O=c1[nH]c2c(nc(C=N[N+](=O)[O-])n2[N+](=O)[O-])c(=NN[N+](=O)[O-])n1[N+](=O)[O-],1.831361329576053,118.96905693001744
O=c1[nH]c2c(nc(C=N[N+](=O)[O-])n2[N+](=O)[O-])c(=N[N+](=O)[O-])n1C=N[N+](=O)[O-],1.848695405119396,140.48640110732794
O=c1[nH]c2c(nc(C=N[N+](=O)[O-])n2[N+](=O)[O-])c(=N[N+](=O)[O-])n1[N+](=O)[O-],1.8769301516624053,132.50749950434843
O=c1[nH]c2c(nc([N+](=O)[O-])n2C=N[N+](=O)[O-])c(=NN[N+](=O)[O-])n1N[N+](=O)[O-],1.7901296958925978,159.54378058107693
O=c1[nH]c2c(nc([N+](=O)[O-])n2N[N+](=O)[O-])c(=NC=N[N+](=O)[O-])n1N[N+](=O)[O-],1.82928467214198,155.9259491846468
O=c1[nH]c2c(nc([N+](=O)[O-])n2N[N+](=O)[O-])c(=NN[N+](=O)[O-])n1C=N[N+](=O)[O-],1.8350353295948585,159.52455194053715
O=c1[nH]c2c(nc([N+](=O)[O-])n2N[N+](=O)[O-])c(=NN[N+](=O)[O-])n1N[N+](=O)[O-],1.862263182347782,162.62447169486364
O=c1[nH]c2c(nc([N+](=O)[O-])n2N[N+](=O)[O-])c(=O)n1N[N+](=O)[O-],1.9090529232587727,153.56186346337154
O=c1[nH]c2c(nc([N+](=O)[O-])n2[N+](=O)[O-])c(=NC=N[N+](=O)[O-])n1C=N[N+](=O)[O-],1.8496358137678368,168.5888049440988
O=c1[nH]c2c(nc([N+](=O)[O-])n2[N+](=O)[O-])c(=NC=N[N+](=O)[O-])n1[N+](=O)[O-],1.8776752624668176,152.24626378958573
O=c1[nH]c2c(nc([N+](=O)[O-])n2[N+](=O)[O-])c(=NN[N+](=O)[O-])n1C=N[N+](=O)[O-],1.8459046198968925,139.37482583077775
O=c1[nH]c2c(nc([N+](=O)[O-])n2[N+](=O)[O-])c(=NN[N+](=O)[O-])n1N[N+](=O)[O-],1.89384420307544,153.6304022384457
O=c1[nH]c2c(nc([N+](=O)[O-])n2[N+](=O)[O-])c(=N[N+](=O)[O-])n1C=N[N+](=O)[O-],1.8729205806350333,145.5583497289419
O=c1[nH]c2c(nc([N+](=O)[O-])n2[N+](=O)[O-])c(=O)n1N[N+](=O)[O-],1.91311064991892,139.09323292586134
O=c1[nH]c2c(nc([N+](=O)[O-])n2[N+](=O)[O-])c(=O)n1[N+](=O)[O-],1.9306764654067687,152.64081092096404
O=c1[nH]c2c(ncn2[N+](=O)[O-])c(=NC=N[N+](=O)[O-])n1[N+](=O)[O-],1.8514937824461648,136.8036837830303
O=c1[nH]c2c(ncn2[N+](=O)[O-])c(=NN[N+](=O)[O-])n1N[N+](=O)[O-],1.8703068360534427,139.78444673670498
O=c1[nH]c2c(ncn2[N+](=O)[O-])c(=N[N+](=O)[O-])n1C=N[N+](=O)[O-],1.8549029264847128,137.90568106961732
O=c1[nH]c2cc([N+](=O)[O-])c([N+](=O)[O-])cc2[nH]c1=O,1.8542,245.0172956723136
O=c1[nH]c2nc(C=N[N+](=O)[O-])[nH]c(=N[N+](=O)[O-])c2n1[N+](=O)[O-],1.868723376173654,136.6949570831728
O=c1[nH]c2nc(C=N[N+](=O)[O-])n(C=N[N+](=O)[O-])c(=N[N+](=O)[O-])c2n1[N+](=O)[O-],1.844332512020625,140.18367056938945
O=c1[nH]c2nc(C=N[N+](=O)[O-])n(C=N[N+](=O)[O-])c2c(=N[N+](=O)[O-])n1[N+](=O)[O-],1.8380684114020864,145.19428042217731
O=c1[nH]c2nc(C=N[N+](=O)[O-])n([N+](=O)[O-])c(=NC=N[N+](=O)[O-])c2n1[N+](=O)[O-],1.8558060976693715,140.4816715619393
O=c1[nH]c2nc(C=N[N+](=O)[O-])n([N+](=O)[O-])c(=NN[N+](=O)[O-])c2n1C=N[N+](=O)[O-],1.7820400738032491,128.02531726609263
O=c1[nH]c2nc(C=N[N+](=O)[O-])n([N+](=O)[O-])c(=N[N+](=O)[O-])c2n1C=N[N+](=O)[O-],1.846254941279461,140.18997222623415
O=c1[nH]c2nc(C=N[N+](=O)[O-])n([N+](=O)[O-])c2c(=NC=N[N+](=O)[O-])n1[N+](=O)[O-],1.8389514815868788,139.36975279885246
O=c1[nH]c2nc(C=N[N+](=O)[O-])n([N+](=O)[O-])c2c(=NN[N+](=O)[O-])n1C=N[N+](=O)[O-],1.7960550078964763,126.48534822328747
O=c1[nH]c2nc(C=N[N+](=O)[O-])n([N+](=O)[O-])c2c(=N[N+](=O)[O-])n1C=N[N+](=O)[O-],1.8177794888783352,132.19423978296075
O=c1[nH]c2nc(N[N+](=O)[O-])nn2c([N+](=O)[O-])c1[N+](=O)[O-],1.9461759270306207,119.21643329147932
O=c1[nH]c2nc([N+](=O)[O-])[nH]c(=NN[N+](=O)[O-])c2n1N[N+](=O)[O-],1.865906271656361,191.10621017274724
O=c1[nH]c2nc([N+](=O)[O-])[nH]c(=N[N+](=O)[O-])c2n1N[N+](=O)[O-],1.89121223744361,150.34253589900106
O=c1[nH]c2nc([N+](=O)[O-])[nH]c(=N[N+](=O)[O-])c2n1[N+](=O)[O-],1.907843356437657,161.25236848580565
O=c1[nH]c2nc([N+](=O)[O-])[nH]c2c(=NN[N+](=O)[O-])n1N[N+](=O)[O-],1.8742455835938745,186.6635222806912
O=c1[nH]c2nc([N+](=O)[O-])[nH]c2c(=NN[N+](=O)[O-])n1[N+](=O)[O-],1.882144553483948,147.38110066852093
O=c1[nH]c2nc([N+](=O)[O-])[nH]c2c(=N[N+](=O)[O-])n1[N+](=O)[O-],1.918459721208993,153.01959730472026
O=c1[nH]c2nc([N+](=O)[O-])n(C=N[N+](=O)[O-])c(=NC=N[N+](=O)[O-])c2n1[N+](=O)[O-],1.851718074897916,167.97578716441635
O=c1[nH]c2nc([N+](=O)[O-])n(C=N[N+](=O)[O-])c(=NN[N+](=O)[O-])c2n1C=N[N+](=O)[O-],1.8275450679844487,158.4865356269039
O=c1[nH]c2nc([N+](=O)[O-])n(C=N[N+](=O)[O-])c(=NN[N+](=O)[O-])c2n1N[N+](=O)[O-],1.8173524872426767,151.17110469142648
O=c1[nH]c2nc([N+](=O)[O-])n(C=N[N+](=O)[O-])c(=N[N+](=O)[O-])c2n1C=N[N+](=O)[O-],1.8642421908598403,172.5110777056402
O=c1[nH]c2nc([N+](=O)[O-])n(C=N[N+](=O)[O-])c2c(=NN[N+](=O)[O-])n1N[N+](=O)[O-],1.7943875648823524,157.9206679798814
O=c1[nH]c2nc([N+](=O)[O-])n(C=N[N+](=O)[O-])c2c(=N[N+](=O)[O-])n1C=N[N+](=O)[O-],1.854361320227512,161.3516493059064
O=c1[nH]c2nc([N+](=O)[O-])n(N[N+](=O)[O-])c(=NC=N[N+](=O)[O-])c2n1N[N+](=O)[O-],1.807955378263616,161.78010912726455
O=c1[nH]c2nc([N+](=O)[O-])n(N[N+](=O)[O-])c(=NN[N+](=O)[O-])c2[nH]1,1.8851377948202168,193.06077407075009
O=c1[nH]c2nc([N+](=O)[O-])n(N[N+](=O)[O-])c(=NN[N+](=O)[O-])c2n1C=N[N+](=O)[O-],1.813998982482538,155.22907445145944
O=c1[nH]c2nc([N+](=O)[O-])n(N[N+](=O)[O-])c(=NN[N+](=O)[O-])c2n1N[N+](=O)[O-],1.8604673243129264,168.20194662673228
O=c1[nH]c2nc([N+](=O)[O-])n(N[N+](=O)[O-])c2c(=NC=N[N+](=O)[O-])n1N[N+](=O)[O-],1.8182786155045223,162.6971455193978
O=c1[nH]c2nc([N+](=O)[O-])n(N[N+](=O)[O-])c2c(=NN[N+](=O)[O-])n1C=N[N+](=O)[O-],1.8314248863346243,162.35498669036272
O=c1[nH]c2nc([N+](=O)[O-])n(N[N+](=O)[O-])c2c(=NN[N+](=O)[O-])n1N[N+](=O)[O-],1.856259888587226,169.14998267879454
O=c1[nH]c2nc([N+](=O)[O-])n(N[N+](=O)[O-])c2c(=O)n1N[N+](=O)[O-],1.896342728436572,157.7787287741379
O=c1[nH]c2nc([N+](=O)[O-])n(N[N+](=O)[O-])c2c(=O)n1[N+](=O)[O-],1.8941203387534649,135.3706051082138
O=c1[nH]c2nc([N+](=O)[O-])n([N+](=O)[O-])c(=NC=N[N+](=O)[O-])c2n1C=N[N+](=O)[O-],1.833899008503472,165.4080733765246
O=c1[nH]c2nc([N+](=O)[O-])n([N+](=O)[O-])c(=NN[N+](=O)[O-])c2[nH]1,1.905384960770504,162.44326273027133
O=c1[nH]c2nc([N+](=O)[O-])n([N+](=O)[O-])c(=NN[N+](=O)[O-])c2n1C=N[N+](=O)[O-],1.855788238147908,146.18542403458403
O=c1[nH]c2nc([N+](=O)[O-])n([N+](=O)[O-])c(=NN[N+](=O)[O-])c2n1N[N+](=O)[O-],1.8792497925858749,143.06417508743613
O=c1[nH]c2nc([N+](=O)[O-])n([N+](=O)[O-])c(=N[N+](=O)[O-])c2[nH]1,1.945567835631776,172.05328941846386
O=c1[nH]c2nc([N+](=O)[O-])n([N+](=O)[O-])c(=N[N+](=O)[O-])c2n1C=N[N+](=O)[O-],1.918153217113903,152.8466848610891
O=c1[nH]c2nc([N+](=O)[O-])n([N+](=O)[O-])c2c(=NC=N[N+](=O)[O-])n1C=N[N+](=O)[O-],1.8530862805453183,170.4361019600248
O=c1[nH]c2nc([N+](=O)[O-])n([N+](=O)[O-])c2c(=NC=N[N+](=O)[O-])n1[N+](=O)[O-],1.87259321632965,154.7971401316733
O=c1[nH]c2nc([N+](=O)[O-])n([N+](=O)[O-])c2c(=NN[N+](=O)[O-])n1C=N[N+](=O)[O-],1.842972115394753,140.5034961680346
O=c1[nH]c2nc([N+](=O)[O-])n([N+](=O)[O-])c2c(=NN[N+](=O)[O-])n1N[N+](=O)[O-],1.871685887564084,153.15849797571678
O=c1[nH]c2nc([N+](=O)[O-])n([N+](=O)[O-])c2c(=N[N+](=O)[O-])n1C=N[N+](=O)[O-],1.874893045476272,148.67039059470451
O=c1[nH]c2nc([N+](=O)[O-])n([N+](=O)[O-])c2c(=O)n1N[N+](=O)[O-],1.9037860274591625,139.43065560399742
O=c1[nH]c2nc([N+](=O)[O-])n([N+](=O)[O-])c2c(=O)n1[N+](=O)[O-],1.927671510538204,153.5071037828236
O=c1[nH]c2nc([N+](=O)[O-])nn2c(N[N+](=O)[O-])c1[N+](=O)[O-],1.9351479979023007,127.86596593514722
O=c1[nH]c2nc([N+](=O)[O-])nn2c([N+](=O)[O-])c1[N+](=O)[O-],1.9623617148801389,236.8686753899423
O=c1[nH]c2nc3c(=O)n(N[N+](=O)[O-])c(=O)n([N+](=O)[O-])c3nc2c(=O)n1N[N+](=O)[O-],1.9316217185407896,127.45691310310748
O=c1[nH]c2nc3c(=O)n([N+](=O)[O-])c(=O)n([N+](=O)[O-])c3nc2c(=O)n1N[N+](=O)[O-],1.9486702948108447,114.02278474774062
O=c1[nH]c2nc3c(=O)n([N+](=O)[O-])c(=O)n([N+](=O)[O-])c3nc2c(=O)n1[N+](=O)[O-],1.990994034616556,133.9429297408386
O=c1[nH]c2nc3c(nc2c(=O)n1[N+](=O)[O-])c(N[N+](=O)[O-])c([N+](=O)[O-])n1nnc([N+](=O)[O-])c31,1.9601757311446324,130.62424209024357
O=c1[nH]c2nc3c(nc2c(=O)n1[N+](=O)[O-])c([N+](=O)[O-])c([N+](=O)[O-])n1nnc(N[N+](=O)[O-])c31,1.9575324135092809,135.03030242757848
O=c1[nH]c2nc3c(nc2n1N[N+](=O)[O-])n(N[N+](=O)[O-])c(=O)n3N[N+](=O)[O-],1.865148868873613,160.04627496209503
O=c1[nH]c2nc3c(nc2n1N[N+](=O)[O-])n(N[N+](=O)[O-])c(=O)n3[N+](=O)[O-],1.8960824638717504,131.16200989636732
O=c1[nH]c2nc3c(nc2n1N[N+](=O)[O-])n([N+](=O)[O-])c(=O)n3N[N+](=O)[O-],1.8984031532286656,131.40447175815154
O=c1[nH]c2nc3c(nc2n1[N+](=O)[O-])n([N+](=O)[O-])c(=O)n3[N+](=O)[O-],1.967026882187337,134.63225437573087
O=c1[nH]c2nnc([N+](=O)[O-])n2c(N[N+](=O)[O-])c1[N+](=O)[O-],1.9503764214038497,142.27435421854435
O=c1[nH]c2nnc([N+](=O)[O-])n2c([N+](=O)[O-])c1C=N[N+](=O)[O-],1.876560705407661,195.95971456809824
O=c1[nH]c2nnc([N+](=O)[O-])n2c([N+](=O)[O-])c1[N+](=O)[O-],1.953491172561256,245.3800471797694
O=c1[nH]c2nnnn2c(N[N+](=O)[O-])c1[N+](=O)[O-],1.9219784084662388,137.0957662383339
O=c1[nH]c2nnnn2c([N+](=O)[O-])c1[N+](=O)[O-],1.9514811087274608,249.747821979293
O=c1[nH]c2nnnn2nc1N[N+](=O)[O-],1.8753078997451045,142.76690070102143
O=c1[nH]c2nnnn2nc1[N+](=O)[O-],1.8985005490805376,260.24256471047033
O=c1[nH]cc([N+](=O)[O-])c(=O)[nH]1,1.8062,284.01732511281875
O=c1[nH]cc([N+](=O)[O-])c2nnc(N[N+](=O)[O-])n12,1.86940883473026,144.20913461314063
O=c1[nH]cc([N+](=O)[O-])c2nnc([N+](=O)[O-])n12,1.9122642387518696,247.6224891257576
O=c1[nH]cc([N+](=O)[O-])cc1[N+](=O)[O-],1.8018,266.4969087618352
O=c1[nH]n([N+](=O)[O-])c(=O)c2c(C=N[N+](=O)[O-])nn([N+](=O)[O-])c12,1.8896981187827857,130.58833453614724
O=c1[nH]n([N+](=O)[O-])c(=O)c2c([N+](=O)[O-])nn([N+](=O)[O-])c12,1.9735431129732683,139.89197123368433
O=c1[nH]n([N+](=O)[O-])c(=O)c2c1c(C=N[N+](=O)[O-])nn2[N+](=O)[O-],1.9007263371341248,142.81719505659342
O=c1[nH]n([N+](=O)[O-])c(=O)c2c1c([N+](=O)[O-])nn2[N+](=O)[O-],1.9751214391444585,145.0723691237223
O=c1[nH]nc(C=N[N+](=O)[O-])c2c([N+](=O)[O-])c([N+](=O)[O-])nn12,1.8716990110586007,205.8517965469296
O=c1[nH]nc(C=N[N+](=O)[O-])c2c([N+](=O)[O-])n([N+](=O)[O-])nc12,1.898859764070962,177.7163651585617
O=c1[nH]nc(C=N[N+](=O)[O-])c2c([N+](=O)[O-])nn([N+](=O)[O-])c12,1.8395314098941848,152.11209926948823
O=c1[nH]nc(C=N[N+](=O)[O-])c2nc([N+](=O)[O-])c([N+](=O)[O-])n12,1.859448716990544,209.5159655982504
O=c1[nH]nc(N[N+](=O)[O-])c2c([N+](=O)[O-])cnn12,1.8835830764780068,131.8484148956984
O=c1[nH]nc(O)c2cc3c(=O)[nH]nc(O)c3cc12,1.8272,289.2555691081014
O=c1[nH]nc([N+](=O)[O-])[nH]1,1.9145,276.5769988395995
O=c1[nH]nc([N+](=O)[O-])c2c(C=N[N+](=O)[O-])c([N+](=O)[O-])nn12,1.88696980573253,202.8430988901141
O=c1[nH]nc([N+](=O)[O-])c2c(C=N[N+](=O)[O-])nn([N+](=O)[O-])c12,1.8580013365415071,161.69014207671418
O=c1[nH]nc([N+](=O)[O-])c2c(N[N+](=O)[O-])[nH]nc12,1.903573737762728,142.5784454916087
O=c1[nH]nc([N+](=O)[O-])c2c([N+](=O)[O-])[nH]nc12,1.9529246569714864,259.0983416991665
O=c1[nH]nc([N+](=O)[O-])c2c([N+](=O)[O-])c(N[N+](=O)[O-])nn12,1.9306704278762337,133.945585155987
O=c1[nH]nc([N+](=O)[O-])c2c([N+](=O)[O-])c([N+](=O)[O-])nn12,1.9406265326465524,233.8606663575776
O=c1[nH]nc([N+](=O)[O-])c2c([N+](=O)[O-])cnn12,1.9117493133182333,258.8385717489678
O=c1[nH]nc([N+](=O)[O-])c2c([N+](=O)[O-])n([N+](=O)[O-])nc12,1.962545226886116,192.4024755178281
O=c1[nH]nc([N+](=O)[O-])c2c([N+](=O)[O-])n[nH]c12,1.9501516589646928,246.47398078963403
O=c1[nH]nc([N+](=O)[O-])c2c([N+](=O)[O-])nn(C=N[N+](=O)[O-])c12,1.882590860756168,194.70798357359087
O=c1[nH]nc([N+](=O)[O-])c2c([N+](=O)[O-])nn([N+](=O)[O-])c12,1.9604748238998435,190.55501336414412
O=c1[nH]nc([N+](=O)[O-])c2nc(C=N[N+](=O)[O-])c([N+](=O)[O-])n12,1.868794235813472,222.79655877450804
O=c1[nH]nc([N+](=O)[O-])c2nc(N[N+](=O)[O-])c([N+](=O)[O-])n12,1.9104345054708365,138.5016302106344
O=c1[nH]nc([N+](=O)[O-])c2nc([N+](=O)[O-])c(N[N+](=O)[O-])n12,1.916063038503661,138.71452580822898
O=c1[nH]nc([N+](=O)[O-])c2nc([N+](=O)[O-])c([N+](=O)[O-])n12,1.9582730052040107,246.31909808641967
O=c1[nH]nc2n1-c1cc([N+](=O)[O-])cc([N+](=O)[O-])c1OC2,1.8111,262.7915977539399
O=c1[nH]nnc2c([N+](=O)[O-])nc([N+](=O)[O-])n12,1.931226639895927,261.1071797727088
O=c1[nH]nnc2c([N+](=O)[O-])nn([N+](=O)[O-])c12,1.904977264771408,189.83293200357792
O=c1c(C=N[N+](=O)[O-])c(C=N[N+](=O)[O-])n([N+](=O)[O-])c2nc([N+](=O)[O-])nn12,1.8328654700426987,137.3271572648228
O=c1c(C=N[N+](=O)[O-])c(C=N[N+](=O)[O-])n2c(C=N[N+](=O)[O-])nnc2n1[N+](=O)[O-],1.7896016469644442,133.12300095591098
O=c1c(C=N[N+](=O)[O-])c(C=N[N+](=O)[O-])n2c([N+](=O)[O-])nnc2n1N[N+](=O)[O-],1.803465480106336,130.4882214217463
O=c1c(C=N[N+](=O)[O-])c(C=N[N+](=O)[O-])n2c([N+](=O)[O-])nnc2n1[N+](=O)[O-],1.842539293145824,142.8670138154224
O=c1c(C=N[N+](=O)[O-])c(C=N[N+](=O)[O-])n2nc([N+](=O)[O-])nc2n1N[N+](=O)[O-],1.799598062193129,130.24453093504263
O=c1c(C=N[N+](=O)[O-])c(C=N[N+](=O)[O-])n2nc([N+](=O)[O-])nc2n1[N+](=O)[O-],1.836263659759376,134.92305536203256
O=c1c(C=N[N+](=O)[O-])c(C=N[N+](=O)[O-])nc2n([N+](=O)[O-])c([N+](=O)[O-])nn12,1.81828917214474,135.20429156939173
O=c1c(C=N[N+](=O)[O-])c(C=N[N+](=O)[O-])nc2n([N+](=O)[O-])nc([N+](=O)[O-])n12,1.836922075963644,143.23722624678402
O=c1c(C=N[N+](=O)[O-])c([N+](=O)[O-])[nH]c2nc([N+](=O)[O-])nn12,1.9029855304464844,211.9938180237569
O=c1c(C=N[N+](=O)[O-])c([N+](=O)[O-])c2nn(C=N[N+](=O)[O-])nc2n1N[N+](=O)[O-],1.817163624610836,133.92535908338897
O=c1c(C=N[N+](=O)[O-])c([N+](=O)[O-])c2nn(C=N[N+](=O)[O-])nc2n1[N+](=O)[O-],1.83537950498826,130.16510627896207
O=c1c(C=N[N+](=O)[O-])c([N+](=O)[O-])n(C=N[N+](=O)[O-])c2nc([N+](=O)[O-])nn12,1.8453644236019129,145.8870399224357
O=c1c(C=N[N+](=O)[O-])c([N+](=O)[O-])n(N[N+](=O)[O-])c2nc([N+](=O)[O-])nn12,1.8605013441706144,139.02380901240434
O=c1c(C=N[N+](=O)[O-])c([N+](=O)[O-])n([N+](=O)[O-])c2nc(C=N[N+](=O)[O-])nn12,1.83061936407198,128.763615154493
O=c1c(C=N[N+](=O)[O-])c([N+](=O)[O-])n([N+](=O)[O-])c2nc([N+](=O)[O-])nn12,1.8589359968824324,146.12072966651573
O=c1c(C=N[N+](=O)[O-])c([N+](=O)[O-])n2c(C=N[N+](=O)[O-])nnc2n1[N+](=O)[O-],1.8179440929294024,134.33970953470487
O=c1c(C=N[N+](=O)[O-])c([N+](=O)[O-])n2c([N+](=O)[O-])nnc2n1C=N[N+](=O)[O-],1.8482523516061464,151.20702545654342
O=c1c(C=N[N+](=O)[O-])c([N+](=O)[O-])n2c([N+](=O)[O-])nnc2n1N[N+](=O)[O-],1.869003850196974,136.2855739756171
O=c1c(C=N[N+](=O)[O-])c([N+](=O)[O-])n2c([N+](=O)[O-])nnc2n1[N+](=O)[O-],1.8785203721302792,149.8758698059554
O=c1c(C=N[N+](=O)[O-])c([N+](=O)[O-])n2cnnc2n1[N+](=O)[O-],1.8352153709246,135.13197444241482
O=c1c(C=N[N+](=O)[O-])c([N+](=O)[O-])n2nc(C=N[N+](=O)[O-])nc2n1[N+](=O)[O-],1.843150999832416,141.864812578741
O=c1c(C=N[N+](=O)[O-])c([N+](=O)[O-])n2nc([N+](=O)[O-])nc2n1C=N[N+](=O)[O-],1.8551510075298303,164.23690979138306
O=c1c(C=N[N+](=O)[O-])c([N+](=O)[O-])n2nc([N+](=O)[O-])nc2n1N[N+](=O)[O-],1.8689988249470075,137.34392205001348
O=c1c(C=N[N+](=O)[O-])c([N+](=O)[O-])n2nc([N+](=O)[O-])nc2n1[N+](=O)[O-],1.887186506080014,156.3795627893013
O=c1c(C=N[N+](=O)[O-])c([N+](=O)[O-])n2nnnc2n1C=N[N+](=O)[O-],1.7947895848796869,153.53840069071697
O=c1c(C=N[N+](=O)[O-])c([N+](=O)[O-])n2nnnc2n1[N+](=O)[O-],1.8956086804126613,143.2453510244769
O=c1c(C=N[N+](=O)[O-])c([N+](=O)[O-])nc2[nH]nc([N+](=O)[O-])n12,1.9121910291750173,198.90912776979707
O=c1c(C=N[N+](=O)[O-])c([N+](=O)[O-])nc2n(C=N[N+](=O)[O-])c([N+](=O)[O-])nn12,1.877997890745254,160.39868554314586
O=c1c(C=N[N+](=O)[O-])c([N+](=O)[O-])nc2n(C=N[N+](=O)[O-])nc([N+](=O)[O-])n12,1.867689620795616,157.32680618012523
O=c1c(C=N[N+](=O)[O-])c([N+](=O)[O-])nc2n(N[N+](=O)[O-])c([N+](=O)[O-])nn12,1.8552914976116328,138.70801277505404
O=c1c(C=N[N+](=O)[O-])c([N+](=O)[O-])nc2n([N+](=O)[O-])c(C=N[N+](=O)[O-])nn12,1.81463017557008,136.4499851274672
O=c1c(C=N[N+](=O)[O-])c([N+](=O)[O-])nc2n([N+](=O)[O-])c([N+](=O)[O-])nn12,1.8929203524448743,160.668692382962
O=c1c(C=N[N+](=O)[O-])c([N+](=O)[O-])nc2n([N+](=O)[O-])nc(C=N[N+](=O)[O-])n12,1.8261213315172704,139.32412193356598
O=c1c(C=N[N+](=O)[O-])c([N+](=O)[O-])nc2n([N+](=O)[O-])nc([N+](=O)[O-])n12,1.8809944581462488,157.8500947076288
O=c1c(C=N[N+](=O)[O-])cn2c([N+](=O)[O-])nnc2n1[N+](=O)[O-],1.8323387949238883,136.5537841166264
O=c1c(C=N[N+](=O)[O-])nn(C=N[N+](=O)[O-])c2nc([N+](=O)[O-])nn12,1.80936609969491,157.21025195053923
O=c1c(C=N[N+](=O)[O-])nn([N+](=O)[O-])c2nc([N+](=O)[O-])nn12,1.849535706450155,128.6040920802793
O=c1c([N+](=O)[O-])c(C=N[N+](=O)[O-])c2nn(C=N[N+](=O)[O-])nc2n1[N+](=O)[O-],1.8342420270047943,130.39318133927063
O=c1c([N+](=O)[O-])c(C=N[N+](=O)[O-])n(C=N[N+](=O)[O-])c2nc([N+](=O)[O-])nn12,1.8459019445839604,174.386289608176
O=c1c([N+](=O)[O-])c(C=N[N+](=O)[O-])n([N+](=O)[O-])c2nc(C=N[N+](=O)[O-])nn12,1.8348965025454191,144.01929224656078
O=c1c([N+](=O)[O-])c(C=N[N+](=O)[O-])n([N+](=O)[O-])c2nc([N+](=O)[O-])nn12,1.8835444652048807,157.86547233565238
O=c1c([N+](=O)[O-])c(C=N[N+](=O)[O-])n2c(C=N[N+](=O)[O-])nnc2n1[N+](=O)[O-],1.8182438364364075,152.49081959814123
O=c1c([N+](=O)[O-])c(C=N[N+](=O)[O-])n2c([N+](=O)[O-])nnc2n1C=N[N+](=O)[O-],1.857894794011638,164.70723533714562
O=c1c([N+](=O)[O-])c(C=N[N+](=O)[O-])n2c([N+](=O)[O-])nnc2n1N[N+](=O)[O-],1.8513536900460148,134.0648674613349
O=c1c([N+](=O)[O-])c(C=N[N+](=O)[O-])n2c([N+](=O)[O-])nnc2n1[N+](=O)[O-],1.8814627102150872,155.9242449629844
O=c1c([N+](=O)[O-])c(C=N[N+](=O)[O-])n2nc(C=N[N+](=O)[O-])nc2n1[N+](=O)[O-],1.8310871100005328,140.80863111172937
O=c1c([N+](=O)[O-])c(C=N[N+](=O)[O-])n2nc([N+](=O)[O-])nc2n1C=N[N+](=O)[O-],1.842611454289231,163.43410248920333
O=c1c([N+](=O)[O-])c(C=N[N+](=O)[O-])n2nc([N+](=O)[O-])nc2n1N[N+](=O)[O-],1.8549407423945337,139.27698501192668
O=c1c([N+](=O)[O-])c(C=N[N+](=O)[O-])n2nc([N+](=O)[O-])nc2n1[N+](=O)[O-],1.867623027195338,151.108391976454
O=c1c([N+](=O)[O-])c(C=N[N+](=O)[O-])n2nnnc2n1[N+](=O)[O-],1.8634650847588776,153.97917318331054
O=c1c([N+](=O)[O-])c(C=N[N+](=O)[O-])nc2n(C=N[N+](=O)[O-])c([N+](=O)[O-])nn12,1.855948178477782,170.24741555775086
O=c1c([N+](=O)[O-])c(C=N[N+](=O)[O-])nc2n(C=N[N+](=O)[O-])nc([N+](=O)[O-])n12,1.8363452929566768,160.2752285552761
O=c1c([N+](=O)[O-])c(C=N[N+](=O)[O-])nc2n(N[N+](=O)[O-])c([N+](=O)[O-])nn12,1.845217715225188,145.9595684257428
O=c1c([N+](=O)[O-])c(C=N[N+](=O)[O-])nc2n([N+](=O)[O-])c(C=N[N+](=O)[O-])nn12,1.825055544689805,151.00473830852184
O=c1c([N+](=O)[O-])c(C=N[N+](=O)[O-])nc2n([N+](=O)[O-])c([N+](=O)[O-])nn12,1.8790976251246527,169.30578024518817
O=c1c([N+](=O)[O-])c(C=N[N+](=O)[O-])nc2n([N+](=O)[O-])nc([N+](=O)[O-])n12,1.878603126066781,158.29766427034104
O=c1c([N+](=O)[O-])c(N[N+](=O)[O-])[nH]c2nc([N+](=O)[O-])nn12,1.9355097435941475,127.34452695053304
O=c1c([N+](=O)[O-])c(N[N+](=O)[O-])nc2[nH]c([N+](=O)[O-])nn12,1.9225879821330605,139.85729230450744
O=c1c([N+](=O)[O-])c(N[N+](=O)[O-])nc2[nH]nc([N+](=O)[O-])n12,1.9341777992828344,126.27380014979808
O=c1c([N+](=O)[O-])c([N+](=O)[O-])[nH]c2nc(N[N+](=O)[O-])nn12,1.948174168873488,122.13221123463168
O=c1c([N+](=O)[O-])c([N+](=O)[O-])[nH]c2nc([N+](=O)[O-])nn12,1.9661367983443168,242.6296679122599
O=c1c([N+](=O)[O-])c([N+](=O)[O-])c2n[nH]nc2n1N[N+](=O)[O-],1.923731786870081,149.63081858412596
O=c1c([N+](=O)[O-])c([N+](=O)[O-])c2n[nH]nc2n1[N+](=O)[O-],1.938122728965312,163.61166521209935
O=c1c([N+](=O)[O-])c([N+](=O)[O-])c2nn(C=N[N+](=O)[O-])nc2n1C=N[N+](=O)[O-],1.846237370981017,161.2549974789128
O=c1c([N+](=O)[O-])c([N+](=O)[O-])c2nn(C=N[N+](=O)[O-])nc2n1N[N+](=O)[O-],1.847116392043534,135.90677438084026
O=c1c([N+](=O)[O-])c([N+](=O)[O-])c2nn(C=N[N+](=O)[O-])nc2n1[N+](=O)[O-],1.866120368996668,131.1497236471732
O=c1c([N+](=O)[O-])c([N+](=O)[O-])n(C=N[N+](=O)[O-])c2nc([N+](=O)[O-])nn12,1.8453685088770653,159.8296076181081
O=c1c([N+](=O)[O-])c([N+](=O)[O-])n(N[N+](=O)[O-])c2nc([N+](=O)[O-])nn12,1.904048822725405,152.41608485438744
O=c1c([N+](=O)[O-])c([N+](=O)[O-])n(N[N+](=O)[O-])c2ncnn12,1.8734468219193143,155.04901484566267
O=c1c([N+](=O)[O-])c([N+](=O)[O-])n([N+](=O)[O-])c2nc(C=N[N+](=O)[O-])nn12,1.8473325862507337,143.32888430797613
O=c1c([N+](=O)[O-])c([N+](=O)[O-])n([N+](=O)[O-])c2nc([N+](=O)[O-])nn12,1.910275396657143,171.96376493710488
O=c1c([N+](=O)[O-])c([N+](=O)[O-])n([N+](=O)[O-])c2ncnn12,1.8683909504654264,172.52681863673132
O=c1c([N+](=O)[O-])c([N+](=O)[O-])n2c(C=N[N+](=O)[O-])nnc2n1C=N[N+](=O)[O-],1.8165488449296603,153.61068479014227
O=c1c([N+](=O)[O-])c([N+](=O)[O-])n2c(C=N[N+](=O)[O-])nnc2n1[N+](=O)[O-],1.8336243912463,140.81799772536232
O=c1c([N+](=O)[O-])c([N+](=O)[O-])n2c([N+](=O)[O-])nnc2n1C=N[N+](=O)[O-],1.8649957252847005,173.00365721566885
O=c1c([N+](=O)[O-])c([N+](=O)[O-])n2c([N+](=O)[O-])nnc2n1N[N+](=O)[O-],1.9169876121917755,149.00563345443516
O=c1c([N+](=O)[O-])c([N+](=O)[O-])n2c([N+](=O)[O-])nnc2n1[N+](=O)[O-],1.9133152752053328,165.78080911282825
O=c1c([N+](=O)[O-])c([N+](=O)[O-])n2cnnc2n1N[N+](=O)[O-],1.855511379412333,141.29458529490768
O=c1c([N+](=O)[O-])c([N+](=O)[O-])n2cnnc2n1[N+](=O)[O-],1.8671936033168903,160.18012902320754
O=c1c([N+](=O)[O-])c([N+](=O)[O-])n2nc(C=N[N+](=O)[O-])nc2n1C=N[N+](=O)[O-],1.8384738659227795,165.57718765172214
O=c1c([N+](=O)[O-])c([N+](=O)[O-])n2nc(C=N[N+](=O)[O-])nc2n1[N+](=O)[O-],1.8597035224708685,153.260084118919
O=c1c([N+](=O)[O-])c([N+](=O)[O-])n2nc([N+](=O)[O-])nc2n1C=N[N+](=O)[O-],1.878000457599554,189.02452322864733
O=c1c([N+](=O)[O-])c([N+](=O)[O-])n2nc([N+](=O)[O-])nc2n1N[N+](=O)[O-],1.9147050279677007,150.41284495084085
O=c1c([N+](=O)[O-])c([N+](=O)[O-])n2nc([N+](=O)[O-])nc2n1[N+](=O)[O-],1.925813650318508,174.35122755940057
O=c1c([N+](=O)[O-])c([N+](=O)[O-])n2ncnc2n1N[N+](=O)[O-],1.8745806484621563,140.2377432768641
O=c1c([N+](=O)[O-])c([N+](=O)[O-])n2ncnc2n1[N+](=O)[O-],1.8845559504104048,170.63276121325424
O=c1c([N+](=O)[O-])c([N+](=O)[O-])n2nnnc2n1C=N[N+](=O)[O-],1.8742632623509512,175.98400402219343
O=c1c([N+](=O)[O-])c([N+](=O)[O-])n2nnnc2n1N[N+](=O)[O-],1.926781715918204,154.2169187107267
O=c1c([N+](=O)[O-])c([N+](=O)[O-])n2nnnc2n1[N+](=O)[O-],1.9358973024404984,164.69424229834735
O=c1c([N+](=O)[O-])c([N+](=O)[O-])nc2[nH]c(N[N+](=O)[O-])nn12,1.916221388106928,113.04985913279484
O=c1c([N+](=O)[O-])c([N+](=O)[O-])nc2[nH]c([N+](=O)[O-])nn12,1.96018672161938,242.61609854268625
O=c1c([N+](=O)[O-])c([N+](=O)[O-])nc2[nH]nc([N+](=O)[O-])n12,1.9612577867669545,224.32607459723272
O=c1c([N+](=O)[O-])c([N+](=O)[O-])nc2n(C=N[N+](=O)[O-])c(C=N[N+](=O)[O-])nn12,1.81448936011238,164.17422349845185
O=c1c([N+](=O)[O-])c([N+](=O)[O-])nc2n(C=N[N+](=O)[O-])c([N+](=O)[O-])nn12,1.8777600771173344,175.26850835541566
O=c1c([N+](=O)[O-])c([N+](=O)[O-])nc2n(C=N[N+](=O)[O-])nc([N+](=O)[O-])n12,1.87881321043769,170.99960483435297
O=c1c([N+](=O)[O-])c([N+](=O)[O-])nc2n(N[N+](=O)[O-])c([N+](=O)[O-])nn12,1.9023563980729576,149.70308286702033
O=c1c([N+](=O)[O-])c([N+](=O)[O-])nc2n(N[N+](=O)[O-])cnn12,1.8534923496649285,143.22138623303806
O=c1c([N+](=O)[O-])c([N+](=O)[O-])nc2n([N+](=O)[O-])c(C=N[N+](=O)[O-])nn12,1.833698034657682,141.0519781118964
O=c1c([N+](=O)[O-])c([N+](=O)[O-])nc2n([N+](=O)[O-])c([N+](=O)[O-])nn12,1.9303054645782936,181.01382269899017
O=c1c([N+](=O)[O-])c([N+](=O)[O-])nc2n([N+](=O)[O-])cnn12,1.8655627470147536,159.2830412722389
O=c1c([N+](=O)[O-])c([N+](=O)[O-])nc2n([N+](=O)[O-])nc(C=N[N+](=O)[O-])n12,1.8683451447696868,155.6335628758685
O=c1c([N+](=O)[O-])c([N+](=O)[O-])nc2n([N+](=O)[O-])nc([N+](=O)[O-])n12,1.9306314189214564,179.6389517811083
O=c1c([N+](=O)[O-])c([N+](=O)[O-])nc2n([N+](=O)[O-])ncn12,1.872468127373645,185.87455352263063
O=c1c([N+](=O)[O-])cn(N[N+](=O)[O-])c2nc([N+](=O)[O-])nn12,1.8664722811058456,157.88946354913247
O=c1c([N+](=O)[O-])cn([N+](=O)[O-])c2nc([N+](=O)[O-])nn12,1.8643973590098908,176.52208889281252
O=c1c([N+](=O)[O-])cn2c([N+](=O)[O-])nnc2n1N[N+](=O)[O-],1.8560047938838813,143.14048194264595
O=c1c([N+](=O)[O-])cn2c([N+](=O)[O-])nnc2n1[N+](=O)[O-],1.8858293993659907,185.754346445838
O=c1c([N+](=O)[O-])cn2nc([N+](=O)[O-])nc2n1N[N+](=O)[O-],1.87055947236112,157.61397413575122
O=c1c([N+](=O)[O-])cn2nc([N+](=O)[O-])nc2n1[N+](=O)[O-],1.866158654893896,156.69714911994816
O=c1c([N+](=O)[O-])cn2nnnc2n1N[N+](=O)[O-],1.8833501073356669,156.7717583590059
O=c1c([N+](=O)[O-])cn2nnnc2n1[N+](=O)[O-],1.8825173981091727,166.71721286121803
O=c1c([N+](=O)[O-])cnc2n(N[N+](=O)[O-])c([N+](=O)[O-])nn12,1.883684268382012,172.49846118093012
O=c1c([N+](=O)[O-])cnc2n([N+](=O)[O-])c([N+](=O)[O-])nn12,1.8951124460166715,202.1892392401268
O=c1c([N+](=O)[O-])cnc2n([N+](=O)[O-])nc([N+](=O)[O-])n12,1.8921518145758696,193.3600102937297
O=c1c([N+](=O)[O-])n[nH]c2nc([N+](=O)[O-])nn12,1.947062829420424,251.00210765491647
O=c1c([N+](=O)[O-])nn(C=N[N+](=O)[O-])c2nc([N+](=O)[O-])nn12,1.8672421566313164,167.37980499584765
O=c1c([N+](=O)[O-])nn([N+](=O)[O-])c2nc(C=N[N+](=O)[O-])nn12,1.8686491181633549,144.06982440050427
O=c1c([N+](=O)[O-])nn([N+](=O)[O-])c2nc([N+](=O)[O-])nn12,1.9262363859146256,195.54841586254997
O=c1c([N+](=O)[O-])nn([N+](=O)[O-])c2ncnn12,1.8779286218320443,199.05872936751103
O=c1c2[nH]c(=O)n(C=N[N+](=O)[O-])c2n([N+](=O)[O-])c(=O)n1[N+](=O)[O-],1.912386073948904,140.84353462825715
O=c1c2[nH]c(=O)n(N[N+](=O)[O-])c2n(N[N+](=O)[O-])c(=O)n1N[N+](=O)[O-],1.8715276825723264,140.36544100235892
O=c1c2[nH]c(=O)n(N[N+](=O)[O-])c2n([N+](=O)[O-])c(=O)n1N[N+](=O)[O-],1.923951813282291,124.29494779035072
O=c1c2[nH]c(=O)n(N[N+](=O)[O-])c2nc([N+](=O)[O-])n1N[N+](=O)[O-],1.915835130764165,154.18940015473606
O=c1c2[nH]c(=O)n(N[N+](=O)[O-])c2nc([N+](=O)[O-])n1[N+](=O)[O-],1.9297461795640165,134.8982582762935
O=c1c2[nH]c(=O)n([N+](=O)[O-])c2n(C=N[N+](=O)[O-])c(=O)n1N[N+](=O)[O-],1.862805222439512,123.42255804246636
O=c1c2[nH]c(=O)n([N+](=O)[O-])c2n(C=N[N+](=O)[O-])c(=O)n1[N+](=O)[O-],1.902738100153161,144.5990446762747
O=c1c2[nH]c(=O)n([N+](=O)[O-])c2n(N[N+](=O)[O-])c(=O)n1N[N+](=O)[O-],1.9255819465268784,127.15312568351784
O=c1c2[nH]c(=O)n([N+](=O)[O-])c2n([N+](=O)[O-])c(=O)n1C=N[N+](=O)[O-],1.897235342981013,141.58428976649634
O=c1c2[nH]c(=O)n([N+](=O)[O-])c2nc(C=N[N+](=O)[O-])n1[N+](=O)[O-],1.884266474320598,135.49650613490172
O=c1c2[nH]c(=O)n([N+](=O)[O-])c2nc([N+](=O)[O-])n1N[N+](=O)[O-],1.929531286860405,131.61139597441735
O=c1c2[nH]c(=O)n([N+](=O)[O-])c2nc([N+](=O)[O-])n1[N+](=O)[O-],1.965161176793232,157.9447780925472
O=c1c2[nH]c(N[N+](=O)[O-])nc2nc([N+](=O)[O-])n1N[N+](=O)[O-],1.8724956397133907,132.08881583826297
O=c1c2[nH]c([N+](=O)[O-])nc2n(N[N+](=O)[O-])c(=O)n1N[N+](=O)[O-],1.8802860786653344,161.67909766346014
O=c1c2[nH]c([N+](=O)[O-])nc2n([N+](=O)[O-])c(=O)n1N[N+](=O)[O-],1.9439925824551696,125.76133144819768
O=c1c2[nH]c([N+](=O)[O-])nc2n([N+](=O)[O-])c(=O)n1[N+](=O)[O-],1.9576320869924329,151.75028904725292
O=c1c2[nH]c([N+](=O)[O-])nc2nc([N+](=O)[O-])n1N[N+](=O)[O-],1.901169716023272,175.5116902178247
O=c1c2[nH]c([N+](=O)[O-])nc2nc([N+](=O)[O-])n1[N+](=O)[O-],1.9309818126097809,191.78017039063656
O=c1c2[nH]nc(C=N[N+](=O)[O-])c2c([N+](=O)[O-])nn1[N+](=O)[O-],1.8786473771887893,168.02016298274214
O=c1c2[nH]nc(C=N[N+](=O)[O-])c2n(N[N+](=O)[O-])c(=O)n1N[N+](=O)[O-],1.87171495447756,126.91408547607908
O=c1c2[nH]nc(C=N[N+](=O)[O-])c2nc([N+](=O)[O-])n1N[N+](=O)[O-],1.8480883260011185,141.46402984562116
O=c1c2[nH]nc(C=N[N+](=O)[O-])c2nc([N+](=O)[O-])n1[N+](=O)[O-],1.8926964938276536,158.31228887018818
O=c1c2[nH]nc([N+](=O)[O-])c2c(C=N[N+](=O)[O-])nn1[N+](=O)[O-],1.874191968876604,150.2358701183632
O=c1c2[nH]nc([N+](=O)[O-])c2c([N+](=O)[O-])nn1C=N[N+](=O)[O-],1.885673978145798,183.66401949424036
O=c1c2[nH]nc([N+](=O)[O-])c2c([N+](=O)[O-])nn1[N+](=O)[O-],1.972147864973527,176.79916362867044
O=c1c2[nH]nc([N+](=O)[O-])c2n(C=N[N+](=O)[O-])c(=O)n1N[N+](=O)[O-],1.896216265671223,132.11708742243005
O=c1c2[nH]nc([N+](=O)[O-])c2n(C=N[N+](=O)[O-])c(=O)n1[N+](=O)[O-],1.9328634252699668,155.84524305956427
O=c1c2[nH]nc([N+](=O)[O-])c2n(N[N+](=O)[O-])c(=O)n1N[N+](=O)[O-],1.9190045812251648,138.1278375926797
O=c1c2[nH]nc([N+](=O)[O-])c2n([N+](=O)[O-])c(=O)n1C=N[N+](=O)[O-],1.893453607387382,141.19048245227378
O=c1c2[nH]nc([N+](=O)[O-])c2n([N+](=O)[O-])c(=O)n1[N+](=O)[O-],1.998972721601424,133.66268436002736
O=c1c2[nH]nc([N+](=O)[O-])c2nc([N+](=O)[O-])n1N[N+](=O)[O-],1.925815096433606,151.62058324662098
O=c1c2[nH]nc([N+](=O)[O-])c2nc([N+](=O)[O-])n1[N+](=O)[O-],1.9604889958278071,177.16785018714828
O=c1c2[nH]nnc2nc([N+](=O)[O-])n1N[N+](=O)[O-],1.9015269064525584,174.71728512477128
O=c1c2[nH]nnc2nc([N+](=O)[O-])n1[N+](=O)[O-],1.9357838908639124,187.22750735727263
O=c1c2c(C=N[N+](=O)[O-])n[nH]c2n([N+](=O)[O-])c(=O)n1[N+](=O)[O-],1.935680132105608,115.9126873052268
O=c1c2c(C=N[N+](=O)[O-])n[nH]c2nc([N+](=O)[O-])n1N[N+](=O)[O-],1.85751500803394,135.74442414820982
O=c1c2c(C=N[N+](=O)[O-])n[nH]c2nc([N+](=O)[O-])n1[N+](=O)[O-],1.905627185049473,156.60507491160593
O=c1c2c(C=N[N+](=O)[O-])n[nH]c2nc2n([N+](=O)[O-])c([N+](=O)[O-])c([N+](=O)[O-])n12,1.868860287120588,206.21308493384967
O=c1c2c(C=N[N+](=O)[O-])nc(C=N[N+](=O)[O-])n2nc(C=N[N+](=O)[O-])n1[N+](=O)[O-],1.7835242036522216,123.45691990714792
O=c1c2c(C=N[N+](=O)[O-])nc(C=N[N+](=O)[O-])n2nc([N+](=O)[O-])n1[N+](=O)[O-],1.824233645173672,133.92464568827447
O=c1c2c(C=N[N+](=O)[O-])nc([N+](=O)[O-])n2nc(C=N[N+](=O)[O-])n1[N+](=O)[O-],1.812281829261909,134.18454609730196
O=c1c2c(C=N[N+](=O)[O-])nc([N+](=O)[O-])n2nc([N+](=O)[O-])n1C=N[N+](=O)[O-],1.811176671950891,149.03616412313147
O=c1c2c(C=N[N+](=O)[O-])nc([N+](=O)[O-])n2nc([N+](=O)[O-])n1[N+](=O)[O-],1.845225451940964,142.7281131444259
O=c1c2c(C=N[N+](=O)[O-])ncn2nc([N+](=O)[O-])n1[N+](=O)[O-],1.8082985413764487,136.3560944037871
O=c1c2c(C=N[N+](=O)[O-])nn(C=N[N+](=O)[O-])c2nc2n(N[N+](=O)[O-])c([N+](=O)[O-])c([N+](=O)[O-])n12,1.8164857943113728,151.53868812968096
O=c1c2c(C=N[N+](=O)[O-])nn(C=N[N+](=O)[O-])c2nc2n([N+](=O)[O-])c([N+](=O)[O-])c([N+](=O)[O-])n12,1.8498585877987337,169.43971357242447
O=c1c2c(C=N[N+](=O)[O-])nn([N+](=O)[O-])c2c(=O)n([N+](=O)[O-])n1C=N[N+](=O)[O-],1.8563822660774216,115.38819657484508
O=c1c2c(C=N[N+](=O)[O-])nn([N+](=O)[O-])c2n(C=N[N+](=O)[O-])c(=O)n1[N+](=O)[O-],1.8739454785580945,119.26263223065328
O=c1c2c(C=N[N+](=O)[O-])nn([N+](=O)[O-])c2nc(C=N[N+](=O)[O-])n1[N+](=O)[O-],1.8294971426028013,106.08804758675666
O=c1c2c(C=N[N+](=O)[O-])nn([N+](=O)[O-])c2nc([N+](=O)[O-])n1C=N[N+](=O)[O-],1.8512782751436367,129.39202377321968
O=c1c2c(C=N[N+](=O)[O-])nn([N+](=O)[O-])c2nc([N+](=O)[O-])n1[N+](=O)[O-],1.8943650214281016,120.28056779291552
O=c1c2c(C=N[N+](=O)[O-])nn([N+](=O)[O-])c2nc2n(C=N[N+](=O)[O-])c([N+](=O)[O-])c([N+](=O)[O-])n12,1.8654948880637647,150.5192200890246
O=c1c2c(C=N[N+](=O)[O-])nn([N+](=O)[O-])c2nc2n(N[N+](=O)[O-])c([N+](=O)[O-])c([N+](=O)[O-])n12,1.869251858936337,126.00234009771164
O=c1c2c(C=N[N+](=O)[O-])nn([N+](=O)[O-])c2nc2n([N+](=O)[O-])c(C=N[N+](=O)[O-])c([N+](=O)[O-])n12,1.8722977750150624,142.0181661063164
O=c1c2c(C=N[N+](=O)[O-])nn([N+](=O)[O-])c2nc2n([N+](=O)[O-])c([N+](=O)[O-])c(C=N[N+](=O)[O-])n12,1.8618488342192343,149.10887758072755
O=c1c2c(C=N[N+](=O)[O-])nn([N+](=O)[O-])c2nc2n([N+](=O)[O-])c([N+](=O)[O-])c([N+](=O)[O-])n12,1.9065724381834928,143.37487187081987
O=c1c2c(N[N+](=O)[O-])n[nH]c2nc2n(C=N[N+](=O)[O-])c([N+](=O)[O-])c([N+](=O)[O-])n12,1.8743767462332923,135.87489618803878
O=c1c2c(N[N+](=O)[O-])n[nH]c2nc2n(N[N+](=O)[O-])c([N+](=O)[O-])c(N[N+](=O)[O-])n12,1.85372202889542,135.04306427351557
O=c1c2c(N[N+](=O)[O-])n[nH]c2nc2n(N[N+](=O)[O-])c([N+](=O)[O-])c([N+](=O)[O-])n12,1.8962154341550408,131.96279591238928
O=c1c2c(N[N+](=O)[O-])n[nH]c2nc2n([N+](=O)[O-])c([N+](=O)[O-])c([N+](=O)[O-])n12,1.911459873381304,123.85816502599012
O=c1c2c(N[N+](=O)[O-])nn(C=N[N+](=O)[O-])c2nc2[nH]c([N+](=O)[O-])c([N+](=O)[O-])n12,1.8687103249848915,136.39003351580823
O=c1c2c(N[N+](=O)[O-])nn(C=N[N+](=O)[O-])c2nc2n(C=N[N+](=O)[O-])c([N+](=O)[O-])c([N+](=O)[O-])n12,1.8560773888618167,115.16564372116352
O=c1c2c(N[N+](=O)[O-])nn([N+](=O)[O-])c2nc2[nH]c([N+](=O)[O-])c(N[N+](=O)[O-])n12,1.863545958745752,119.66148615475984
O=c1c2c(N[N+](=O)[O-])nn([N+](=O)[O-])c2nc2[nH]c([N+](=O)[O-])c([N+](=O)[O-])n12,1.9128213907463767,117.88258259268102
O=c1c2c(N[N+](=O)[O-])nn([N+](=O)[O-])c2nc2n([N+](=O)[O-])c([N+](=O)[O-])cn12,1.8505731132688163,94.27691953890994
O=c1c2c([N+](=O)[O-])n[nH]c2n(C=N[N+](=O)[O-])c(=O)n1N[N+](=O)[O-],1.895467539579065,137.56800738208912
O=c1c2c([N+](=O)[O-])n[nH]c2n(C=N[N+](=O)[O-])c(=O)n1[N+](=O)[O-],1.9375859310408128,162.156563765878
O=c1c2c([N+](=O)[O-])n[nH]c2n(N[N+](=O)[O-])c(=O)n1N[N+](=O)[O-],1.9137718137418744,133.30703047340972
O=c1c2c([N+](=O)[O-])n[nH]c2n([N+](=O)[O-])c(=O)n1C=N[N+](=O)[O-],1.8937160049719728,153.0588538525485
O=c1c2c([N+](=O)[O-])n[nH]c2n([N+](=O)[O-])c(=O)n1N[N+](=O)[O-],1.9845429874686809,123.08788325662316
O=c1c2c([N+](=O)[O-])n[nH]c2n([N+](=O)[O-])c(=O)n1[N+](=O)[O-],1.9952529520397568,146.4200385501088
O=c1c2c([N+](=O)[O-])n[nH]c2nc([N+](=O)[O-])n1N[N+](=O)[O-],1.9311648907812289,140.79754706541345
O=c1c2c([N+](=O)[O-])n[nH]c2nc([N+](=O)[O-])n1[N+](=O)[O-],1.95931456960358,169.43374219109572
O=c1c2c([N+](=O)[O-])n[nH]c2nc2n(C=N[N+](=O)[O-])c([N+](=O)[O-])c([N+](=O)[O-])n12,1.8834124348964043,210.13463769476624
O=c1c2c([N+](=O)[O-])n[nH]c2nc2n(N[N+](=O)[O-])c(C=N[N+](=O)[O-])c([N+](=O)[O-])n12,1.84157133600476,158.73424226388175
O=c1c2c([N+](=O)[O-])n[nH]c2nc2n(N[N+](=O)[O-])c([N+](=O)[O-])c(N[N+](=O)[O-])n12,1.885350916032832,153.8622622561673
O=c1c2c([N+](=O)[O-])n[nH]c2nc2n(N[N+](=O)[O-])c([N+](=O)[O-])c([N+](=O)[O-])n12,1.911177157879581,163.8977564695433
O=c1c2c([N+](=O)[O-])n[nH]c2nc2n([N+](=O)[O-])c(C=N[N+](=O)[O-])c([N+](=O)[O-])n12,1.9019389407969487,194.60329284053856
O=c1c2c([N+](=O)[O-])n[nH]c2nc2n([N+](=O)[O-])c(N[N+](=O)[O-])c([N+](=O)[O-])n12,1.919902618701225,117.44759652712727
O=c1c2c([N+](=O)[O-])n[nH]c2nc2n([N+](=O)[O-])c([N+](=O)[O-])c(C=N[N+](=O)[O-])n12,1.8743637311974075,206.2635972712622
O=c1c2c([N+](=O)[O-])n[nH]c2nc2n([N+](=O)[O-])c([N+](=O)[O-])c(N[N+](=O)[O-])n12,1.9098515041689463,140.6190397545417
O=c1c2c([N+](=O)[O-])n[nH]c2nc2n([N+](=O)[O-])c([N+](=O)[O-])c([N+](=O)[O-])n12,1.932797554727238,212.1153197805721
O=c1c2c([N+](=O)[O-])nc(C=N[N+](=O)[O-])n2nc(C=N[N+](=O)[O-])n1[N+](=O)[O-],1.812105475525668,136.53820832329322
O=c1c2c([N+](=O)[O-])nc(C=N[N+](=O)[O-])n2nc([N+](=O)[O-])n1C=N[N+](=O)[O-],1.818994948618477,152.35570388455773
O=c1c2c([N+](=O)[O-])nc(C=N[N+](=O)[O-])n2nc([N+](=O)[O-])n1[N+](=O)[O-],1.855735888781348,135.27726924740057
O=c1c2c([N+](=O)[O-])nc([N+](=O)[O-])n2nc(C=N[N+](=O)[O-])n1C=N[N+](=O)[O-],1.8198113890501149,160.90180084213398
O=c1c2c([N+](=O)[O-])nc([N+](=O)[O-])n2nc(C=N[N+](=O)[O-])n1[N+](=O)[O-],1.8405861339411485,145.73894438107453
O=c1c2c([N+](=O)[O-])nc([N+](=O)[O-])n2nc([N+](=O)[O-])n1C=N[N+](=O)[O-],1.870243893893788,172.05652611852037
O=c1c2c([N+](=O)[O-])nc([N+](=O)[O-])n2nc([N+](=O)[O-])n1N[N+](=O)[O-],1.9208141773534544,156.0588322357424
O=c1c2c([N+](=O)[O-])nc([N+](=O)[O-])n2nc([N+](=O)[O-])n1[N+](=O)[O-],1.9273273351448024,182.21617089834967
O=c1c2c([N+](=O)[O-])nc([N+](=O)[O-])n2ncn1N[N+](=O)[O-],1.86780690073009,159.3699235494701
O=c1c2c([N+](=O)[O-])nc([N+](=O)[O-])n2ncn1[N+](=O)[O-],1.8626060200847168,155.72779048057487
O=c1c2c([N+](=O)[O-])ncn2nc([N+](=O)[O-])n1N[N+](=O)[O-],1.842867163591492,147.08603252255293
O=c1c2c([N+](=O)[O-])ncn2nc([N+](=O)[O-])n1[N+](=O)[O-],1.8709909208007056,163.30387485325616
O=c1c2c([N+](=O)[O-])nn(C=N[N+](=O)[O-])c2c(=O)n([N+](=O)[O-])n1C=N[N+](=O)[O-],1.8737593996978168,129.24165593630866
O=c1c2c([N+](=O)[O-])nn(C=N[N+](=O)[O-])c2n(C=N[N+](=O)[O-])c(=O)n1N[N+](=O)[O-],1.8764262167035168,126.57634573344764
O=c1c2c([N+](=O)[O-])nn(C=N[N+](=O)[O-])c2n(C=N[N+](=O)[O-])c(=O)n1[N+](=O)[O-],1.8813086989571155,134.6004422380326
O=c1c2c([N+](=O)[O-])nn(C=N[N+](=O)[O-])c2n([N+](=O)[O-])c(=O)n1C=N[N+](=O)[O-],1.8644417908962867,137.02890526288087
O=c1c2c([N+](=O)[O-])nn(C=N[N+](=O)[O-])c2nc(C=N[N+](=O)[O-])n1[N+](=O)[O-],1.8527326330980232,131.87556354311118
O=c1c2c([N+](=O)[O-])nn(C=N[N+](=O)[O-])c2nc([N+](=O)[O-])n1C=N[N+](=O)[O-],1.8358348866327223,140.1147354636961
O=c1c2c([N+](=O)[O-])nn(C=N[N+](=O)[O-])c2nc([N+](=O)[O-])n1[N+](=O)[O-],1.8889274117411328,129.7558684926334
O=c1c2c([N+](=O)[O-])nn(C=N[N+](=O)[O-])c2nc2[nH]c([N+](=O)[O-])c([N+](=O)[O-])n12,1.8924000763853743,214.0511438457988
O=c1c2c([N+](=O)[O-])nn(C=N[N+](=O)[O-])c2nc2n(C=N[N+](=O)[O-])c(C=N[N+](=O)[O-])c([N+](=O)[O-])n12,1.864859501242438,177.49897781394992
O=c1c2c([N+](=O)[O-])nn(C=N[N+](=O)[O-])c2nc2n(C=N[N+](=O)[O-])c([N+](=O)[O-])c(N[N+](=O)[O-])n12,1.8641369859864367,122.02022141267642
O=c1c2c([N+](=O)[O-])nn(C=N[N+](=O)[O-])c2nc2n(C=N[N+](=O)[O-])c([N+](=O)[O-])c([N+](=O)[O-])n12,1.876162119933685,175.15602972569675
O=c1c2c([N+](=O)[O-])nn(C=N[N+](=O)[O-])c2nc2n(N[N+](=O)[O-])c(C=N[N+](=O)[O-])c([N+](=O)[O-])n12,1.8398548696888024,136.09993271360042
O=c1c2c([N+](=O)[O-])nn(C=N[N+](=O)[O-])c2nc2n(N[N+](=O)[O-])c([N+](=O)[O-])c([N+](=O)[O-])n12,1.8859454139497536,143.78944690948663
O=c1c2c([N+](=O)[O-])nn(C=N[N+](=O)[O-])c2nc2n(N[N+](=O)[O-])cc([N+](=O)[O-])n12,1.8267760601280367,149.02859420830544
O=c1c2c([N+](=O)[O-])nn(C=N[N+](=O)[O-])c2nc2n([N+](=O)[O-])c(C=N[N+](=O)[O-])c([N+](=O)[O-])n12,1.89158616665516,164.09959444286318
O=c1c2c([N+](=O)[O-])nn(C=N[N+](=O)[O-])c2nc2n([N+](=O)[O-])c([N+](=O)[O-])c(C=N[N+](=O)[O-])n12,1.88086886304996,160.8952415703868
O=c1c2c([N+](=O)[O-])nn(C=N[N+](=O)[O-])c2nc2n([N+](=O)[O-])c([N+](=O)[O-])c([N+](=O)[O-])n12,1.9154985474750297,169.44822146971586
O=c1c2c([N+](=O)[O-])nn([N+](=O)[O-])c2c(=O)n(C=N[N+](=O)[O-])n1C=N[N+](=O)[O-],1.871165719963216,145.1645292036987
O=c1c2c([N+](=O)[O-])nn([N+](=O)[O-])c2c(=O)n([N+](=O)[O-])n1C=N[N+](=O)[O-],1.9049701788074265,130.74665540748285
O=c1c2c([N+](=O)[O-])nn([N+](=O)[O-])c2n(C=N[N+](=O)[O-])c(=O)n1C=N[N+](=O)[O-],1.872986812706537,144.0551601675952
O=c1c2c([N+](=O)[O-])nn([N+](=O)[O-])c2n(C=N[N+](=O)[O-])c(=O)n1[N+](=O)[O-],1.918059906537184,137.5021900772665
O=c1c2c([N+](=O)[O-])nn([N+](=O)[O-])c2n([N+](=O)[O-])c(=O)n1C=N[N+](=O)[O-],1.8946756469512216,137.55984297133432
O=c1c2c([N+](=O)[O-])nn([N+](=O)[O-])c2n([N+](=O)[O-])c(=O)n1[N+](=O)[O-],1.954796146825984,105.0373751153514
O=c1c2c([N+](=O)[O-])nn([N+](=O)[O-])c2nc(C=N[N+](=O)[O-])n1C=N[N+](=O)[O-],1.8437103933053256,133.6009756826234
O=c1c2c([N+](=O)[O-])nn([N+](=O)[O-])c2nc(C=N[N+](=O)[O-])n1[N+](=O)[O-],1.8932440653096347,124.50259861275168
O=c1c2c([N+](=O)[O-])nn([N+](=O)[O-])c2nc([N+](=O)[O-])n1C=N[N+](=O)[O-],1.9035819083130336,137.77127214563797
O=c1c2c([N+](=O)[O-])nn([N+](=O)[O-])c2nc([N+](=O)[O-])n1N[N+](=O)[O-],1.9512637214753048,112.6932144196293
O=c1c2c([N+](=O)[O-])nn([N+](=O)[O-])c2nc([N+](=O)[O-])n1[N+](=O)[O-],1.955826323069154,135.88043160568645
O=c1c2c([N+](=O)[O-])nn([N+](=O)[O-])c2nc2[nH]c(C=N[N+](=O)[O-])c([N+](=O)[O-])n12,1.87440281245794,187.35100397820435
O=c1c2c([N+](=O)[O-])nn([N+](=O)[O-])c2nc2[nH]c(N[N+](=O)[O-])c([N+](=O)[O-])n12,1.901014403261712,119.92199427073672
O=c1c2c([N+](=O)[O-])nn([N+](=O)[O-])c2nc2[nH]c([N+](=O)[O-])c(N[N+](=O)[O-])n12,1.8953796880868417,131.85598481052443
O=c1c2c([N+](=O)[O-])nn([N+](=O)[O-])c2nc2[nH]c([N+](=O)[O-])c([N+](=O)[O-])n12,1.927577946891342,207.022563801452
O=c1c2c([N+](=O)[O-])nn([N+](=O)[O-])c2nc2n(C=N[N+](=O)[O-])c(C=N[N+](=O)[O-])c([N+](=O)[O-])n12,1.8785756860327905,156.70728197277813
O=c1c2c([N+](=O)[O-])nn([N+](=O)[O-])c2nc2n(C=N[N+](=O)[O-])c([N+](=O)[O-])c(C=N[N+](=O)[O-])n12,1.886021913438456,164.82600901819893
O=c1c2c([N+](=O)[O-])nn([N+](=O)[O-])c2nc2n(C=N[N+](=O)[O-])c([N+](=O)[O-])c(N[N+](=O)[O-])n12,1.8836966326661029,109.19520037488292
O=c1c2c([N+](=O)[O-])nn([N+](=O)[O-])c2nc2n(C=N[N+](=O)[O-])c([N+](=O)[O-])c([N+](=O)[O-])n12,1.8961409592274776,165.0726323514844
O=c1c2c([N+](=O)[O-])nn([N+](=O)[O-])c2nc2n(N[N+](=O)[O-])c(C=N[N+](=O)[O-])c(C=N[N+](=O)[O-])n12,1.8299773251212008,138.84538096765647
O=c1c2c([N+](=O)[O-])nn([N+](=O)[O-])c2nc2n(N[N+](=O)[O-])c(C=N[N+](=O)[O-])c([N+](=O)[O-])n12,1.8542151179910715,123.85920869662058
O=c1c2c([N+](=O)[O-])nn([N+](=O)[O-])c2nc2n(N[N+](=O)[O-])c([N+](=O)[O-])c(C=N[N+](=O)[O-])n12,1.854101272579956,141.56949342338083
O=c1c2c([N+](=O)[O-])nn([N+](=O)[O-])c2nc2n(N[N+](=O)[O-])c([N+](=O)[O-])c(N[N+](=O)[O-])n12,1.8857369926112075,115.0533896787955
O=c1c2c([N+](=O)[O-])nn([N+](=O)[O-])c2nc2n(N[N+](=O)[O-])c([N+](=O)[O-])c([N+](=O)[O-])n12,1.9033774276381303,127.56731760258609
O=c1c2c([N+](=O)[O-])nn([N+](=O)[O-])c2nc2n(N[N+](=O)[O-])c([N+](=O)[O-])cn12,1.8482915774781885,146.0817835776725
O=c1c2c([N+](=O)[O-])nn([N+](=O)[O-])c2nc2n(N[N+](=O)[O-])cc([N+](=O)[O-])n12,1.8605501867080607,131.64398756233334
O=c1c2c([N+](=O)[O-])nn([N+](=O)[O-])c2nc2n([N+](=O)[O-])c(C=N[N+](=O)[O-])c(C=N[N+](=O)[O-])n12,1.871925400377244,151.15899018550067
O=c1c2c([N+](=O)[O-])nn([N+](=O)[O-])c2nc2n([N+](=O)[O-])c(C=N[N+](=O)[O-])c([N+](=O)[O-])n12,1.898870971462974,149.06574359834178
O=c1c2c([N+](=O)[O-])nn([N+](=O)[O-])c2nc2n([N+](=O)[O-])c(N[N+](=O)[O-])cn12,1.847563024691652,94.75392986111576
O=c1c2c([N+](=O)[O-])nn([N+](=O)[O-])c2nc2n([N+](=O)[O-])c([N+](=O)[O-])c(C=N[N+](=O)[O-])n12,1.882002219605395,161.53858524794566
O=c1c2c([N+](=O)[O-])nn([N+](=O)[O-])c2nc2n([N+](=O)[O-])c([N+](=O)[O-])c(N[N+](=O)[O-])n12,1.9070891351081247,99.768001001311
O=c1c2c([N+](=O)[O-])nn([N+](=O)[O-])c2nc2n([N+](=O)[O-])c([N+](=O)[O-])c([N+](=O)[O-])n12,1.948585660924716,157.19974918913138
O=c1c2c([N+](=O)[O-])nn([N+](=O)[O-])c2nc2n([N+](=O)[O-])c([N+](=O)[O-])cn12,1.8836824968910169,180.2053280524254
O=c1c2c([N+](=O)[O-])nn([N+](=O)[O-])c2nc2n([N+](=O)[O-])cc(N[N+](=O)[O-])n12,1.8572770136416328,91.36415370846322
O=c1c2c([N+](=O)[O-])nn([N+](=O)[O-])c2nc2n([N+](=O)[O-])cc([N+](=O)[O-])n12,1.8944423162801072,172.6430491963117
O=c1c2c([N+](=O)[O-])nn([N+](=O)[O-])c2ncn1[N+](=O)[O-],1.9072063788897216,129.324673990003
O=c1c2c([nH]c(=O)n2C=N[N+](=O)[O-])n([N+](=O)[O-])c(=O)n1N[N+](=O)[O-],1.8989729587302835,125.87873778861484
O=c1c2c([nH]c(=O)n2C=N[N+](=O)[O-])n([N+](=O)[O-])c(=O)n1[N+](=O)[O-],1.9124451477506703,144.40793405171354
O=c1c2c([nH]c(=O)n2N[N+](=O)[O-])n(N[N+](=O)[O-])c(=O)n1N[N+](=O)[O-],1.8634664585682208,145.97787890034817
O=c1c2c([nH]c(=O)n2N[N+](=O)[O-])n([N+](=O)[O-])c(=O)n1N[N+](=O)[O-],1.911376071011356,133.11374003044315
O=c1c2c([nH]c(=O)n2[N+](=O)[O-])n(C=N[N+](=O)[O-])c(=O)n1N[N+](=O)[O-],1.888357208557864,129.40224910319412
O=c1c2c([nH]c(=O)n2[N+](=O)[O-])n(C=N[N+](=O)[O-])c(=O)n1[N+](=O)[O-],1.9007410152023727,145.16448957063676
O=c1c2c([nH]c(=O)n2[N+](=O)[O-])n(N[N+](=O)[O-])c(=O)n1N[N+](=O)[O-],1.9100060938729573,131.19625286186312
O=c1c2c([nH]c(=O)n2[N+](=O)[O-])n([N+](=O)[O-])c(=O)n1C=N[N+](=O)[O-],1.8741724824756536,139.40065337612666
O=c1c2c([nH]c(=O)n2[N+](=O)[O-])n([N+](=O)[O-])c(=O)n1[N+](=O)[O-],1.9860029491190727,128.39777557096284
O=c1c2c(c(C=N[N+](=O)[O-])nn1C=N[N+](=O)[O-])c([N+](=O)[O-])nn2[N+](=O)[O-],1.8465531302127365,140.0416388865015
O=c1c2c(c(C=N[N+](=O)[O-])nn1[N+](=O)[O-])c(C=N[N+](=O)[O-])nn2[N+](=O)[O-],1.831893572237992,114.78438687654788
O=c1c2c(c(C=N[N+](=O)[O-])nn1[N+](=O)[O-])c([N+](=O)[O-])nn2C=N[N+](=O)[O-],1.8568003741052248,131.1622080616769
O=c1c2c(c(C=N[N+](=O)[O-])nn1[N+](=O)[O-])c([N+](=O)[O-])nn2[N+](=O)[O-],1.8983718448367868,127.94126875278847
O=c1c2c(c(C=N[N+](=O)[O-])nn2C=N[N+](=O)[O-])c([N+](=O)[O-])nn1[N+](=O)[O-],1.8248786125075247,145.1189643935154
O=c1c2c(c(C=N[N+](=O)[O-])nn2C=N[N+](=O)[O-])n(C=N[N+](=O)[O-])c(=O)n1[N+](=O)[O-],1.8407574985803,125.37485625042969
O=c1c2c(c(C=N[N+](=O)[O-])nn2[N+](=O)[O-])c(=O)n([N+](=O)[O-])n1C=N[N+](=O)[O-],1.857991069124309,114.88228053948151
O=c1c2c(c(C=N[N+](=O)[O-])nn2[N+](=O)[O-])c([N+](=O)[O-])nn1C=N[N+](=O)[O-],1.8404043934261665,141.32894715958923
O=c1c2c(c(C=N[N+](=O)[O-])nn2[N+](=O)[O-])c([N+](=O)[O-])nn1[N+](=O)[O-],1.8911438361994592,127.53633775918806
O=c1c2c(c([N+](=O)[O-])nn1C=N[N+](=O)[O-])c([N+](=O)[O-])nn2C=N[N+](=O)[O-],1.8651054854206632,150.51511146160593
O=c1c2c(c([N+](=O)[O-])nn1C=N[N+](=O)[O-])c([N+](=O)[O-])nn2[N+](=O)[O-],1.89466856098724,148.48114272405343
O=c1c2c(c([N+](=O)[O-])nn1[N+](=O)[O-])c([N+](=O)[O-])nn2C=N[N+](=O)[O-],1.904938581192528,136.76633622768435
O=c1c2c(c([N+](=O)[O-])nn1[N+](=O)[O-])c([N+](=O)[O-])nn2[N+](=O)[O-],1.9479962967163933,147.44107870222118
O=c1c2c(c([N+](=O)[O-])nn2C=N[N+](=O)[O-])c(=O)n([N+](=O)[O-])n1C=N[N+](=O)[O-],1.871273925525448,127.8085772614922
O=c1c2c(c([N+](=O)[O-])nn2C=N[N+](=O)[O-])n(C=N[N+](=O)[O-])c(=O)n1[N+](=O)[O-],1.889177155818614,133.17204026452228
O=c1c2c(c([N+](=O)[O-])nn2C=N[N+](=O)[O-])n([N+](=O)[O-])c(=O)n1C=N[N+](=O)[O-],1.8742332916155384,121.77048027852018
O=c1c2c(c([N+](=O)[O-])nn2[N+](=O)[O-])c(=O)n([N+](=O)[O-])n1C=N[N+](=O)[O-],1.9028048383649487,131.98554528992935
O=c1c2c(c([N+](=O)[O-])nn2[N+](=O)[O-])n(C=N[N+](=O)[O-])c(=O)n1C=N[N+](=O)[O-],1.8748224027537188,142.8830387834573
O=c1c2c(c([N+](=O)[O-])nn2[N+](=O)[O-])n(C=N[N+](=O)[O-])c(=O)n1[N+](=O)[O-],1.917805462585633,132.022390826491
O=c1c2c(c([N+](=O)[O-])nn2[N+](=O)[O-])n([N+](=O)[O-])c(=O)n1C=N[N+](=O)[O-],1.908021553970648,127.28695332258908
O=c1c2c(cnn1[N+](=O)[O-])c([N+](=O)[O-])nn2[N+](=O)[O-],1.9069876178282223,137.9003966613618
O=c1c2c(cnn2[N+](=O)[O-])c([N+](=O)[O-])nn1[N+](=O)[O-],1.9029417131590047,137.02520617710198
O=c1c2c(cnn2[N+](=O)[O-])nc([N+](=O)[O-])n1[N+](=O)[O-],1.8898978272778644,112.02082631319598
O=c1c2c(n(C=N[N+](=O)[O-])c(=O)n1C=N[N+](=O)[O-])n(C=N[N+](=O)[O-])c(=O)n2[N+](=O)[O-],1.8330931247120523,135.78626345057296
O=c1c2c(n(C=N[N+](=O)[O-])c(=O)n1C=N[N+](=O)[O-])n(N[N+](=O)[O-])c(=O)n2N[N+](=O)[O-],1.7942257446028498,139.12360506231
O=c1c2c(n(C=N[N+](=O)[O-])c(=O)n1C=N[N+](=O)[O-])n(N[N+](=O)[O-])c(=O)n2[N+](=O)[O-],1.823707910029676,120.65097838958673
O=c1c2c(n(C=N[N+](=O)[O-])c(=O)n1C=N[N+](=O)[O-])n([N+](=O)[O-])c(=O)n2C=N[N+](=O)[O-],1.8376647645252664,134.3105924452169
O=c1c2c(n(C=N[N+](=O)[O-])c(=O)n1C=N[N+](=O)[O-])n([N+](=O)[O-])c(=O)n2N[N+](=O)[O-],1.82837994638359,119.4052716204906
O=c1c2c(n(C=N[N+](=O)[O-])c(=O)n1C=N[N+](=O)[O-])n([N+](=O)[O-])c(=O)n2[N+](=O)[O-],1.865134986168669,125.93401269896768
O=c1c2c(n(C=N[N+](=O)[O-])c(=O)n1N[N+](=O)[O-])n(C=N[N+](=O)[O-])c(=O)n2C=N[N+](=O)[O-],1.821625431982332,135.8912117985277
O=c1c2c(n(C=N[N+](=O)[O-])c(=O)n1N[N+](=O)[O-])n(C=N[N+](=O)[O-])c(=O)n2N[N+](=O)[O-],1.793905936248855,138.82804810857834
O=c1c2c(n(C=N[N+](=O)[O-])c(=O)n1N[N+](=O)[O-])n(C=N[N+](=O)[O-])c(=O)n2[N+](=O)[O-],1.8282564481541927,122.80268374307236
O=c1c2c(n(C=N[N+](=O)[O-])c(=O)n1N[N+](=O)[O-])n(N[N+](=O)[O-])c(=O)n2C=N[N+](=O)[O-],1.801500028923324,130.7650451482121
O=c1c2c(n(C=N[N+](=O)[O-])c(=O)n1N[N+](=O)[O-])n(N[N+](=O)[O-])c(=O)n2N[N+](=O)[O-],1.8353433521108016,143.7813089207731
O=c1c2c(n(C=N[N+](=O)[O-])c(=O)n1[N+](=O)[O-])n(C=N[N+](=O)[O-])c(=O)n2C=N[N+](=O)[O-],1.839136258943568,146.49608118490585
O=c1c2c(n(C=N[N+](=O)[O-])c(=O)n1[N+](=O)[O-])n(C=N[N+](=O)[O-])c(=O)n2N[N+](=O)[O-],1.8088162505816487,124.31233349351145
O=c1c2c(n(C=N[N+](=O)[O-])c(=O)n1[N+](=O)[O-])n(C=N[N+](=O)[O-])c(=O)n2[N+](=O)[O-],1.868984255337392,132.0803872070954
O=c1c2c(n(C=N[N+](=O)[O-])c(=O)n1[N+](=O)[O-])n([N+](=O)[O-])c(=O)n2C=N[N+](=O)[O-],1.8761354391101208,132.75118999105206
O=c1c2c(n(C=N[N+](=O)[O-])c(=O)n2C=N[N+](=O)[O-])n(N[N+](=O)[O-])c(=O)n1N[N+](=O)[O-],1.8032608909728,133.69863154718558
O=c1c2c(n(C=N[N+](=O)[O-])c(=O)n2C=N[N+](=O)[O-])n(N[N+](=O)[O-])c(=O)n1[N+](=O)[O-],1.821493835508384,119.58416205096086
O=c1c2c(n(C=N[N+](=O)[O-])c(=O)n2C=N[N+](=O)[O-])n([N+](=O)[O-])c(=O)n1C=N[N+](=O)[O-],1.8356896966768508,133.5609727121291
O=c1c2c(n(C=N[N+](=O)[O-])c(=O)n2C=N[N+](=O)[O-])n([N+](=O)[O-])c(=O)n1[N+](=O)[O-],1.8745632950809763,128.3606261809265
O=c1c2c(n(C=N[N+](=O)[O-])c(=O)n2N[N+](=O)[O-])n(N[N+](=O)[O-])c(=O)n1C=N[N+](=O)[O-],1.7892516148048947,137.62297843896724
O=c1c2c(n(C=N[N+](=O)[O-])c(=O)n2N[N+](=O)[O-])n(N[N+](=O)[O-])c(=O)n1N[N+](=O)[O-],1.8293412152423247,146.17930733202826
O=c1c2c(n(C=N[N+](=O)[O-])c(=O)n2[N+](=O)[O-])n([N+](=O)[O-])c(=O)n1C=N[N+](=O)[O-],1.8649857832434,125.367273124583
O=c1c2c(n(N[N+](=O)[O-])c(=O)n1C=N[N+](=O)[O-])n(N[N+](=O)[O-])c(=O)n2C=N[N+](=O)[O-],1.7983175995793164,134.56173394756087
O=c1c2c(n(N[N+](=O)[O-])c(=O)n1C=N[N+](=O)[O-])n(N[N+](=O)[O-])c(=O)n2N[N+](=O)[O-],1.8278264458297064,147.28817434934749
O=c1c2c(n(N[N+](=O)[O-])c(=O)n2C=N[N+](=O)[O-])n([N+](=O)[O-])c(=O)n1C=N[N+](=O)[O-],1.832612182983227,119.85012631846156
O=c1c2c(n([N+](=O)[O-])c(=O)n1C=N[N+](=O)[O-])n([N+](=O)[O-])c(=O)n2C=N[N+](=O)[O-],1.855751289907145,130.43467715509715
O=c1c2c(nc(C=N[N+](=O)[O-])n1C=N[N+](=O)[O-])c([N+](=O)[O-])nn2[N+](=O)[O-],1.845208423935681,131.62868920043357
O=c1c2c(nc(C=N[N+](=O)[O-])n1C=N[N+](=O)[O-])n(C=N[N+](=O)[O-])c(=O)n2[N+](=O)[O-],1.812433345971336,127.6150093870922
O=c1c2c(nc(C=N[N+](=O)[O-])n1C=N[N+](=O)[O-])n([N+](=O)[O-])c(=O)n2C=N[N+](=O)[O-],1.809992014462343,126.96288698631886
O=c1c2c(nc(C=N[N+](=O)[O-])n1C=N[N+](=O)[O-])nc([N+](=O)[O-])n2[N+](=O)[O-],1.814149161535499,141.86552597385548
O=c1c2c(nc(C=N[N+](=O)[O-])n1[N+](=O)[O-])[nH]c(=O)n2[N+](=O)[O-],1.898146829327488,136.37996671808145
O=c1c2c(nc(C=N[N+](=O)[O-])n1[N+](=O)[O-])c([N+](=O)[O-])nn2C=N[N+](=O)[O-],1.8687342220368912,129.26221228442265
O=c1c2c(nc(C=N[N+](=O)[O-])n1[N+](=O)[O-])c([N+](=O)[O-])nn2[N+](=O)[O-],1.9052666685554605,127.21167692698909
O=c1c2c(nc(C=N[N+](=O)[O-])n1[N+](=O)[O-])n(C=N[N+](=O)[O-])c(=O)n2C=N[N+](=O)[O-],1.829007524183386,135.55744857310862
O=c1c2c(nc(C=N[N+](=O)[O-])n1[N+](=O)[O-])n(C=N[N+](=O)[O-])c(=O)n2[N+](=O)[O-],1.8530377633837696,120.42454149583736
O=c1c2c(nc(C=N[N+](=O)[O-])n1[N+](=O)[O-])nc(C=N[N+](=O)[O-])n2[N+](=O)[O-],1.8157911890767704,119.53477925581294
O=c1c2c(nc(C=N[N+](=O)[O-])n1[N+](=O)[O-])nc([N+](=O)[O-])n2[N+](=O)[O-],1.8526575435715429,127.13751025712276
O=c1c2c(nc(C=N[N+](=O)[O-])n2[N+](=O)[O-])n(C=N[N+](=O)[O-])c(=O)n1C=N[N+](=O)[O-],1.813458750034681,130.73854384081062
O=c1c2c(nc(C=N[N+](=O)[O-])n2[N+](=O)[O-])n(C=N[N+](=O)[O-])c(=O)n1[N+](=O)[O-],1.8420439625717704,121.73592024852906
O=c1c2c(nc([N+](=O)[O-])n1C=N[N+](=O)[O-])c([N+](=O)[O-])nn2C=N[N+](=O)[O-],1.8402529128696168,138.35653357095828
O=c1c2c(nc([N+](=O)[O-])n1C=N[N+](=O)[O-])c([N+](=O)[O-])nn2[N+](=O)[O-],1.8797188400180165,127.04397623099992
O=c1c2c(nc([N+](=O)[O-])n1C=N[N+](=O)[O-])n(C=N[N+](=O)[O-])c(=O)n2[N+](=O)[O-],1.8567888774901933,132.05165323720598
O=c1c2c(nc([N+](=O)[O-])n1C=N[N+](=O)[O-])n(N[N+](=O)[O-])c(=O)n2C=N[N+](=O)[O-],1.835697650309892,133.6696862009659
O=c1c2c(nc([N+](=O)[O-])n1C=N[N+](=O)[O-])n([N+](=O)[O-])c(=O)n2C=N[N+](=O)[O-],1.8694369616689224,138.9848497125405
O=c1c2c(nc([N+](=O)[O-])n1C=N[N+](=O)[O-])nc([N+](=O)[O-])n2N[N+](=O)[O-],1.8396038602606108,128.83554916187137
O=c1c2c(nc([N+](=O)[O-])n1C=N[N+](=O)[O-])nc([N+](=O)[O-])n2[N+](=O)[O-],1.8790602430493613,150.20557724803842
O=c1c2c(nc([N+](=O)[O-])n1N[N+](=O)[O-])[nH]c(=O)n2N[N+](=O)[O-],1.8983858721532405,157.31351589336256
O=c1c2c(nc([N+](=O)[O-])n1N[N+](=O)[O-])n(C=N[N+](=O)[O-])c(=O)n2C=N[N+](=O)[O-],1.8456659385999137,132.34019513897843
O=c1c2c(nc([N+](=O)[O-])n1N[N+](=O)[O-])n(C=N[N+](=O)[O-])c(=O)n2N[N+](=O)[O-],1.8418417595281469,143.66597671059623
O=c1c2c(nc([N+](=O)[O-])n1N[N+](=O)[O-])n(N[N+](=O)[O-])c(=O)n2C=N[N+](=O)[O-],1.8475913323947013,137.42137826401887
O=c1c2c(nc([N+](=O)[O-])n1N[N+](=O)[O-])n(N[N+](=O)[O-])c(=O)n2N[N+](=O)[O-],1.872551315144676,145.3268398032672
O=c1c2c(nc([N+](=O)[O-])n1N[N+](=O)[O-])nc([N+](=O)[O-])n2N[N+](=O)[O-],1.883860441353865,141.5168607171558
O=c1c2c(nc([N+](=O)[O-])n1N[N+](=O)[O-])nc([N+](=O)[O-])n2[N+](=O)[O-],1.923446685278446,122.6455650746149
O=c1c2c(nc([N+](=O)[O-])n1[N+](=O)[O-])[nH]c(=O)n2N[N+](=O)[O-],1.903639174470928,126.92699264324318
O=c1c2c(nc([N+](=O)[O-])n1[N+](=O)[O-])[nH]c(=O)n2[N+](=O)[O-],1.9358129577773888,149.8614697934591
O=c1c2c(nc([N+](=O)[O-])n1[N+](=O)[O-])c(C=N[N+](=O)[O-])nn2C=N[N+](=O)[O-],1.8411893808544149,127.23595878292323
O=c1c2c(nc([N+](=O)[O-])n1[N+](=O)[O-])c([N+](=O)[O-])nn2C=N[N+](=O)[O-],1.882143324286114,118.3535554784549
O=c1c2c(nc([N+](=O)[O-])n1[N+](=O)[O-])c([N+](=O)[O-])nn2[N+](=O)[O-],1.9357594153658733,122.02760637321352
O=c1c2c(nc([N+](=O)[O-])n1[N+](=O)[O-])n(C=N[N+](=O)[O-])c(=O)n2C=N[N+](=O)[O-],1.859404863550187,141.6641239642167
O=c1c2c(nc([N+](=O)[O-])n1[N+](=O)[O-])n([N+](=O)[O-])c(=O)n2C=N[N+](=O)[O-],1.9033577604727927,134.43871292337218
O=c1c2c(nc([N+](=O)[O-])n1[N+](=O)[O-])nc([N+](=O)[O-])n2C=N[N+](=O)[O-],1.8615323519299656,146.24665711524494
O=c1c2c(nc([N+](=O)[O-])n1[N+](=O)[O-])nc([N+](=O)[O-])n2N[N+](=O)[O-],1.9047389088503264,120.442733071257
O=c1c2c(nc([N+](=O)[O-])n1[N+](=O)[O-])nc([N+](=O)[O-])n2[N+](=O)[O-],1.929932403035804,147.1637001128885
O=c1c2c(nc([N+](=O)[O-])n2C=N[N+](=O)[O-])n(C=N[N+](=O)[O-])c(=O)n1N[N+](=O)[O-],1.8401470210915416,132.4779860842413
O=c1c2c(nc([N+](=O)[O-])n2C=N[N+](=O)[O-])n(N[N+](=O)[O-])c(=O)n1N[N+](=O)[O-],1.8378624123063296,138.1559770666404
O=c1c2c(nc([N+](=O)[O-])n2C=N[N+](=O)[O-])n([N+](=O)[O-])c(=O)n1C=N[N+](=O)[O-],1.861825913294926,150.99341646383436
O=c1c2c(nc([N+](=O)[O-])n2C=N[N+](=O)[O-])n([N+](=O)[O-])c(=O)n1[N+](=O)[O-],1.8859171423995813,135.82996550684618
O=c1c2c(nc([N+](=O)[O-])n2N[N+](=O)[O-])n(C=N[N+](=O)[O-])c(=O)n1C=N[N+](=O)[O-],1.8110630796099176,139.0107433129926
O=c1c2c(nc([N+](=O)[O-])n2N[N+](=O)[O-])n(C=N[N+](=O)[O-])c(=O)n1N[N+](=O)[O-],1.835228711336382,140.0243588715059
O=c1c2c(nc([N+](=O)[O-])n2N[N+](=O)[O-])n(N[N+](=O)[O-])c(=O)n1C=N[N+](=O)[O-],1.845827361197764,146.3748700705447
O=c1c2c(nc([N+](=O)[O-])n2N[N+](=O)[O-])n(N[N+](=O)[O-])c(=O)n1N[N+](=O)[O-],1.87219412471539,144.06110512688264
O=c1c2c(nc([N+](=O)[O-])n2[N+](=O)[O-])n(C=N[N+](=O)[O-])c(=O)n1C=N[N+](=O)[O-],1.8478870990851863,147.67306422463884
O=c1c2c(nc([N+](=O)[O-])n2[N+](=O)[O-])n([N+](=O)[O-])c(=O)n1C=N[N+](=O)[O-],1.8936025572425093,148.49336291814433
O=c1c2c(nc([N+](=O)[O-])n2[N+](=O)[O-])n([N+](=O)[O-])c(=O)n1[N+](=O)[O-],1.940915177220178,122.79272263351068
O=c1c2c(ncn1[N+](=O)[O-])c([N+](=O)[O-])nn2[N+](=O)[O-],1.90906478140258,125.43096345508276
O=c1c2c(ncn1[N+](=O)[O-])nc([N+](=O)[O-])n2[N+](=O)[O-],1.86432071490968,126.81957383442897
O=c1c2c(ncn2[N+](=O)[O-])nc([N+](=O)[O-])n1[N+](=O)[O-],1.868895572328987,120.96496471710952
O=c1c2c(nnn1C=N[N+](=O)[O-])c([N+](=O)[O-])nn2C=N[N+](=O)[O-],1.807675193463316,154.04757984817832
O=c1c2c(nnn1C=N[N+](=O)[O-])c([N+](=O)[O-])nn2[N+](=O)[O-],1.867418365756048,139.5657250790087
O=c1c2c(nnn2N[N+](=O)[O-])nc([N+](=O)[O-])n1N[N+](=O)[O-],1.912720885747044,144.47811099334697
O=c1c2c(nnn2N[N+](=O)[O-])nc([N+](=O)[O-])n1[N+](=O)[O-],1.924913841351452,119.66575331442618
O=c1c2c(nnn2[N+](=O)[O-])nc([N+](=O)[O-])n1[N+](=O)[O-],1.917357456128172,110.88890606486204
O=c1c2cn[nH]c2n([N+](=O)[O-])c(=O)n1[N+](=O)[O-],1.9674124526254275,108.20167877876122
O=c1c2cnc([N+](=O)[O-])n2nc([N+](=O)[O-])n1N[N+](=O)[O-],1.8552698420380351,135.3609742741681
O=c1c2cnc([N+](=O)[O-])n2nc([N+](=O)[O-])n1[N+](=O)[O-],1.8797942187675167,145.10132768096258
O=c1c2cnn(C=N[N+](=O)[O-])c2nc2n([N+](=O)[O-])c([N+](=O)[O-])c([N+](=O)[O-])n12,1.836270348041706,171.6675474323413
O=c1c2cnn([N+](=O)[O-])c2nc([N+](=O)[O-])n1[N+](=O)[O-],1.9040671883871545,121.67606111401454
O=c1c2cnn([N+](=O)[O-])c2nc2n(C=N[N+](=O)[O-])c([N+](=O)[O-])c([N+](=O)[O-])n12,1.856521346197004,150.77044085749236
O=c1c2cnn([N+](=O)[O-])c2nc2n(N[N+](=O)[O-])c([N+](=O)[O-])c([N+](=O)[O-])n12,1.8827842063448144,123.3758042404256
O=c1c2cnn([N+](=O)[O-])c2nc2n([N+](=O)[O-])c(C=N[N+](=O)[O-])c([N+](=O)[O-])n12,1.8625633958421943,138.32067886094453
O=c1c2cnn([N+](=O)[O-])c2nc2n([N+](=O)[O-])c([N+](=O)[O-])c([N+](=O)[O-])n12,1.8987087896546968,146.26659254538893
O=c1c2n[nH]c([N+](=O)[O-])c2c([N+](=O)[O-])nn1C=N[N+](=O)[O-],1.8815081182291744,190.9092206440018
O=c1c2n[nH]c([N+](=O)[O-])c2c([N+](=O)[O-])nn1[N+](=O)[O-],1.9570855639438984,187.858782767478
O=c1c2n[nH]nc2n(N[N+](=O)[O-])c(=O)n1N[N+](=O)[O-],1.95474813580472,132.88575744727908
O=c1c2n[nH]nc2nc([N+](=O)[O-])n1N[N+](=O)[O-],1.906069732422438,165.378011699061
O=c1c2n[nH]nc2nc([N+](=O)[O-])n1[N+](=O)[O-],1.940153978385297,181.6908148461161
O=c1c2nc(C=N[N+](=O)[O-])[nH]c2nc([N+](=O)[O-])n1[N+](=O)[O-],1.8766987009409184,172.58278052015737
O=c1c2nc(C=N[N+](=O)[O-])n(C=N[N+](=O)[O-])c2nc([N+](=O)[O-])n1[N+](=O)[O-],1.8077985109283248,134.33036934311323
O=c1c2nc(C=N[N+](=O)[O-])n([N+](=O)[O-])c2n(C=N[N+](=O)[O-])c(=O)n1C=N[N+](=O)[O-],1.8123136076411943,132.3206956725155
O=c1c2nc(C=N[N+](=O)[O-])n([N+](=O)[O-])c2n(C=N[N+](=O)[O-])c(=O)n1[N+](=O)[O-],1.8534946272962085,121.39490417277923
O=c1c2nc(C=N[N+](=O)[O-])n([N+](=O)[O-])c2n([N+](=O)[O-])c(=O)n1C=N[N+](=O)[O-],1.8336979623519272,116.66748575840506
O=c1c2nc(C=N[N+](=O)[O-])n([N+](=O)[O-])c2nc(C=N[N+](=O)[O-])n1[N+](=O)[O-],1.8028409029953687,120.8185205533282
O=c1c2nc(C=N[N+](=O)[O-])n([N+](=O)[O-])c2nc([N+](=O)[O-])n1C=N[N+](=O)[O-],1.829750140439253,141.206824484804
O=c1c2nc(C=N[N+](=O)[O-])n([N+](=O)[O-])c2nc([N+](=O)[O-])n1[N+](=O)[O-],1.878738627051494,135.47075785567668
O=c1c2nc([N+](=O)[O-])[nH]c2n(N[N+](=O)[O-])c(=O)n1N[N+](=O)[O-],1.9077159175446168,163.2766535452299
O=c1c2nc([N+](=O)[O-])[nH]c2n([N+](=O)[O-])c(=O)n1N[N+](=O)[O-],1.9410041494516024,127.85251711613688
O=c1c2nc([N+](=O)[O-])[nH]c2n([N+](=O)[O-])c(=O)n1[N+](=O)[O-],1.939122753708681,153.84753857366533
O=c1c2nc([N+](=O)[O-])[nH]c2nc([N+](=O)[O-])n1N[N+](=O)[O-],1.9251975329808664,174.50978622910768
O=c1c2nc([N+](=O)[O-])[nH]c2nc([N+](=O)[O-])n1[N+](=O)[O-],1.9565743261037627,203.38861495984253
O=c1c2nc([N+](=O)[O-])n(C=N[N+](=O)[O-])c2n(C=N[N+](=O)[O-])c(=O)n1N[N+](=O)[O-],1.8209505300659432,133.39004852710406
O=c1c2nc([N+](=O)[O-])n(C=N[N+](=O)[O-])c2n([N+](=O)[O-])c(=O)n1C=N[N+](=O)[O-],1.8499057673038168,145.87814890554574
O=c1c2nc([N+](=O)[O-])n(C=N[N+](=O)[O-])c2nc([N+](=O)[O-])n1N[N+](=O)[O-],1.857858568828425,131.4569327211083
O=c1c2nc([N+](=O)[O-])n(C=N[N+](=O)[O-])c2nc([N+](=O)[O-])n1[N+](=O)[O-],1.8956192370528795,145.13603303218076
O=c1c2nc([N+](=O)[O-])n(N[N+](=O)[O-])c2n(C=N[N+](=O)[O-])c(=O)n1C=N[N+](=O)[O-],1.806350660491882,139.60371997436593
O=c1c2nc([N+](=O)[O-])n(N[N+](=O)[O-])c2n(C=N[N+](=O)[O-])c(=O)n1N[N+](=O)[O-],1.827783821587183,139.33278836310507
O=c1c2nc([N+](=O)[O-])n(N[N+](=O)[O-])c2n(N[N+](=O)[O-])c(=O)n1C=N[N+](=O)[O-],1.8469363507137928,150.2065944966276
O=c1c2nc([N+](=O)[O-])n(N[N+](=O)[O-])c2n(N[N+](=O)[O-])c(=O)n1N[N+](=O)[O-],1.8696924179010417,146.38349686702185
O=c1c2nc([N+](=O)[O-])n(N[N+](=O)[O-])c2nc([N+](=O)[O-])n1C=N[N+](=O)[O-],1.8408507368512643,129.15459531029884
O=c1c2nc([N+](=O)[O-])n(N[N+](=O)[O-])c2nc([N+](=O)[O-])n1N[N+](=O)[O-],1.8818036680023948,139.7585267142116
O=c1c2nc([N+](=O)[O-])n(N[N+](=O)[O-])c2nc([N+](=O)[O-])n1[N+](=O)[O-],1.9010308889738328,119.9257990446807
O=c1c2nc([N+](=O)[O-])n([N+](=O)[O-])c2n(C=N[N+](=O)[O-])c(=O)n1C=N[N+](=O)[O-],1.84610078540998,146.77257463585568
O=c1c2nc([N+](=O)[O-])n([N+](=O)[O-])c2n(C=N[N+](=O)[O-])c(=O)n1[N+](=O)[O-],1.8750588787251723,134.365418180868
O=c1c2nc([N+](=O)[O-])n([N+](=O)[O-])c2n([N+](=O)[O-])c(=O)n1C=N[N+](=O)[O-],1.8800127629117511,137.64475020098
O=c1c2nc([N+](=O)[O-])n([N+](=O)[O-])c2nc(C=N[N+](=O)[O-])n1C=N[N+](=O)[O-],1.818508403193646,141.4989994172521
O=c1c2nc([N+](=O)[O-])n([N+](=O)[O-])c2nc(C=N[N+](=O)[O-])n1[N+](=O)[O-],1.8549881749697588,128.09400136239387
O=c1c2nc([N+](=O)[O-])n([N+](=O)[O-])c2nc([N+](=O)[O-])n1C=N[N+](=O)[O-],1.883687666752493,151.52640188048684
O=c1c2nc([N+](=O)[O-])n([N+](=O)[O-])c2nc([N+](=O)[O-])n1N[N+](=O)[O-],1.926928641212194,121.63338951735116
O=c1c2nc([N+](=O)[O-])n([N+](=O)[O-])c2nc([N+](=O)[O-])n1[N+](=O)[O-],1.9340347784996104,147.50240426002657
O=c1c2nc([N+](=O)[O-])n([N+](=O)[O-])c2ncn1[N+](=O)[O-],1.864423172164396,125.01185703633686
O=c1c2nc([N+](=O)[O-])nnc2n(N[N+](=O)[O-])c(=O)n1N[N+](=O)[O-],1.8987852529905207,132.5817190182973
O=c1c2nc3[nH]c(=O)n([N+](=O)[O-])c(=O)c3nc2n([N+](=O)[O-])c(=O)n1N[N+](=O)[O-],1.970562778214252,117.4925272083199
O=c1c2nc3c(C=N[N+](=O)[O-])c([N+](=O)[O-])n4nnc(C=N[N+](=O)[O-])c4c3nc2n([N+](=O)[O-])c(=O)n1N[N+](=O)[O-],1.91388779217276,132.02240403751165
O=c1c2nc3c(C=N[N+](=O)[O-])c([N+](=O)[O-])n4nnc(C=N[N+](=O)[O-])c4c3nc2n([N+](=O)[O-])c(=O)n1[N+](=O)[O-],1.9263857696042828,151.71143543555414
O=c1c2nc3c(C=N[N+](=O)[O-])c([N+](=O)[O-])n4nnc(N[N+](=O)[O-])c4c3nc2n([N+](=O)[O-])c(=O)n1N[N+](=O)[O-],1.9133671545844853,120.45371142940787
O=c1c2nc3c(C=N[N+](=O)[O-])c([N+](=O)[O-])n4nnc([N+](=O)[O-])c4c3nc2n(N[N+](=O)[O-])c(=O)n1[N+](=O)[O-],1.9102441967238968,141.48346325698088
O=c1c2nc3c(C=N[N+](=O)[O-])c([N+](=O)[O-])n4nnc([N+](=O)[O-])c4c3nc2n([N+](=O)[O-])c(=O)n1N[N+](=O)[O-],1.936577808052893,136.80880965903813
O=c1c2nc3c(C=N[N+](=O)[O-])c([N+](=O)[O-])n4nnc([N+](=O)[O-])c4c3nc2n([N+](=O)[O-])c(=O)n1[N+](=O)[O-],1.9590827212004407,160.48282653359448
O=c1c2nc3c(N[N+](=O)[O-])c([N+](=O)[O-])n4nnc([N+](=O)[O-])c4c3nc2n(C=N[N+](=O)[O-])c(=O)n1N[N+](=O)[O-],1.9178254189739905,130.43507348571632
O=c1c2nc3c(N[N+](=O)[O-])c([N+](=O)[O-])n4nnc([N+](=O)[O-])c4c3nc2n(C=N[N+](=O)[O-])c(=O)n1[N+](=O)[O-],1.930842407114302,115.34016130380232
O=c1c2nc3c(N[N+](=O)[O-])c([N+](=O)[O-])n4nnc([N+](=O)[O-])c4c3nc2n(N[N+](=O)[O-])c(=O)n1N[N+](=O)[O-],1.911003298691885,129.89787375348004
O=c1c2nc3c(N[N+](=O)[O-])c([N+](=O)[O-])n4nnc([N+](=O)[O-])c4c3nc2n(N[N+](=O)[O-])c(=O)n1[N+](=O)[O-],1.9317299602558995,114.27235413862854
O=c1c2nc3c(N[N+](=O)[O-])c([N+](=O)[O-])n4nnc([N+](=O)[O-])c4c3nc2n([N+](=O)[O-])c(=O)n1C=N[N+](=O)[O-],1.93560670561149,115.62308852180324
O=c1c2nc3c(N[N+](=O)[O-])c([N+](=O)[O-])n4nnc([N+](=O)[O-])c4c3nc2n([N+](=O)[O-])c(=O)n1N[N+](=O)[O-],1.9369440728544216,112.78927175069413
O=c1c2nc3c(N[N+](=O)[O-])c([N+](=O)[O-])n4nnc([N+](=O)[O-])c4c3nc2n([N+](=O)[O-])c(=O)n1[N+](=O)[O-],1.961633451316622,102.18839209254892
O=c1c2nc3c([N+](=O)[O-])c(C=N[N+](=O)[O-])n4nnc([N+](=O)[O-])c4c3nc2n([N+](=O)[O-])c(=O)n1N[N+](=O)[O-],1.9277469254405808,150.54656690174696
O=c1c2nc3c([N+](=O)[O-])c(C=N[N+](=O)[O-])n4nnc([N+](=O)[O-])c4c3nc2n([N+](=O)[O-])c(=O)n1[N+](=O)[O-],1.942162451492484,179.6600431755582
O=c1c2nc3c([N+](=O)[O-])c(N[N+](=O)[O-])n4nnc([N+](=O)[O-])c4c3nc2n(N[N+](=O)[O-])c(=O)n1N[N+](=O)[O-],1.9066437316578408,143.70015362098886
O=c1c2nc3c([N+](=O)[O-])c(N[N+](=O)[O-])n4nnc([N+](=O)[O-])c4c3nc2n(N[N+](=O)[O-])c(=O)n1[N+](=O)[O-],1.9277570482462696,124.0220213149734
O=c1c2nc3c([N+](=O)[O-])c(N[N+](=O)[O-])n4nnc([N+](=O)[O-])c4c3nc2n([N+](=O)[O-])c(=O)n1N[N+](=O)[O-],1.927593167252752,121.84244070793984
O=c1c2nc3c([N+](=O)[O-])c([N+](=O)[O-])n4nnc(C=N[N+](=O)[O-])c4c3nc2n([N+](=O)[O-])c(=O)n1N[N+](=O)[O-],1.931397643006304,137.86544030075146
O=c1c2nc3c([N+](=O)[O-])c([N+](=O)[O-])n4nnc(C=N[N+](=O)[O-])c4c3nc2n([N+](=O)[O-])c(=O)n1[N+](=O)[O-],1.9434857191132064,159.9800679321636
O=c1c2nc3c([N+](=O)[O-])c([N+](=O)[O-])n4nnc(N[N+](=O)[O-])c4c3nc2n(N[N+](=O)[O-])c(=O)n1[N+](=O)[O-],1.925059139765956,119.57967030394366
O=c1c2nc3c([N+](=O)[O-])c([N+](=O)[O-])n4nnc(N[N+](=O)[O-])c4c3nc2n([N+](=O)[O-])c(=O)n1N[N+](=O)[O-],1.9337596551021536,119.66883148223502
O=c1c2nc3c([N+](=O)[O-])c([N+](=O)[O-])n4nnc([N+](=O)[O-])c4c3nc2n(C=N[N+](=O)[O-])c(=O)n1N[N+](=O)[O-],1.9162310770780864,165.54910762735437
O=c1c2nc3c([N+](=O)[O-])c([N+](=O)[O-])n4nnc([N+](=O)[O-])c4c3nc2n(N[N+](=O)[O-])c(=O)n1N[N+](=O)[O-],1.9041732247767391,164.61459966042622
O=c1c2nc3c([N+](=O)[O-])c([N+](=O)[O-])n4nnc([N+](=O)[O-])c4c3nc2n(N[N+](=O)[O-])c(=O)n1[N+](=O)[O-],1.925066551105836,147.9585543806437
O=c1c2nc3c([N+](=O)[O-])c([N+](=O)[O-])n4nnc([N+](=O)[O-])c4c3nc2n([N+](=O)[O-])c(=O)n1C=N[N+](=O)[O-],1.9458492496299096,176.41776146282774
O=c1c2nc3c([N+](=O)[O-])c([N+](=O)[O-])n4nnc([N+](=O)[O-])c4c3nc2n([N+](=O)[O-])c(=O)n1N[N+](=O)[O-],1.9497334786311344,139.93415402258407
O=c1c2nc3c([N+](=O)[O-])c([N+](=O)[O-])n4nnc([N+](=O)[O-])c4c3nc2n([N+](=O)[O-])c(=O)n1[N+](=O)[O-],1.9689633026097493,171.0256173339908
O=c1c2nc3c([N+](=O)[O-])c([N+](=O)[O-])n4nncc4c3nc2n([N+](=O)[O-])c(=O)n1N[N+](=O)[O-],1.938774348428617,134.59930609025767
O=c1c2nc3c([N+](=O)[O-])cn4nnc(N[N+](=O)[O-])c4c3nc2n([N+](=O)[O-])c(=O)n1N[N+](=O)[O-],1.924406508022082,127.31062747157384
O=c1c2nc3c(nc2n(C=N[N+](=O)[O-])c(=O)n1C=N[N+](=O)[O-])c(=O)n(N[N+](=O)[O-])c(=O)n3[N+](=O)[O-],1.8990845626629969,114.7216081064722
O=c1c2nc3c(nc2n(C=N[N+](=O)[O-])c(=O)n1N[N+](=O)[O-])c(=O)n(N[N+](=O)[O-])c(=O)n3[N+](=O)[O-],1.9013388391840207,122.9076585130684
O=c1c2nc3c(nc2n(N[N+](=O)[O-])c(=O)n1N[N+](=O)[O-])c(=O)n(N[N+](=O)[O-])c(=O)n3N[N+](=O)[O-],1.846456421265536,131.2560723633157
O=c1c2nc3cc([N+](=O)[O-])n4nnc([N+](=O)[O-])c4c3nc2n([N+](=O)[O-])c(=O)n1N[N+](=O)[O-],1.931789467892196,143.39401463972553
O=c1c2nc3cc([N+](=O)[O-])n4nnc([N+](=O)[O-])c4c3nc2n([N+](=O)[O-])c(=O)n1[N+](=O)[O-],1.9498150756755568,173.063364423446
O=c1c2nc[nH]c2nc2n1C(O)C(O)N2,1.8091,299.0075977543854
O=c1c2ncn([N+](=O)[O-])c2nc([N+](=O)[O-])n1[N+](=O)[O-],1.896498041198132,131.0510637450425
O=c1c2nn(C=N[N+](=O)[O-])c(C=N[N+](=O)[O-])c2c([N+](=O)[O-])nn1[N+](=O)[O-],1.8248115127669624,146.97202141443992
O=c1c2nn(C=N[N+](=O)[O-])c([N+](=O)[O-])c2c(C=N[N+](=O)[O-])nn1[N+](=O)[O-],1.837214335825016,133.3895861413817
O=c1c2nn(C=N[N+](=O)[O-])c([N+](=O)[O-])c2c([N+](=O)[O-])nn1C=N[N+](=O)[O-],1.851134928984516,155.6886065933601
O=c1c2nn(C=N[N+](=O)[O-])c([N+](=O)[O-])c2c([N+](=O)[O-])nn1[N+](=O)[O-],1.879591871112384,139.3232500062038
O=c1c2nn([N+](=O)[O-])c(C=N[N+](=O)[O-])c2c([N+](=O)[O-])nn1C=N[N+](=O)[O-],1.8400460461048007,138.51830251868063
O=c1c2nn([N+](=O)[O-])c(C=N[N+](=O)[O-])c2c([N+](=O)[O-])nn1[N+](=O)[O-],1.8722779270853376,128.79773922080307
O=c1c2nn([N+](=O)[O-])c([N+](=O)[O-])c2c(C=N[N+](=O)[O-])nn1C=N[N+](=O)[O-],1.848144869101463,152.2253837714661
O=c1c2nn([N+](=O)[O-])c([N+](=O)[O-])c2c(C=N[N+](=O)[O-])nn1[N+](=O)[O-],1.898277955814028,129.72968424972726
O=c1c2nn([N+](=O)[O-])c([N+](=O)[O-])c2c([N+](=O)[O-])nn1C=N[N+](=O)[O-],1.888165309084316,150.76301626389335
O=c1c2nn([N+](=O)[O-])c([N+](=O)[O-])c2c([N+](=O)[O-])nn1[N+](=O)[O-],1.950817558814594,143.5549512931476
O=c1c2nn([N+](=O)[O-])c([N+](=O)[O-])c2cnn1[N+](=O)[O-],1.9086607006912304,144.65128105188057
O=c1c2nn([N+](=O)[O-])cc2c([N+](=O)[O-])nn1[N+](=O)[O-],1.8784720718859955,133.2246993927886
O=c1c2nn3c(=O)n(N[N+](=O)[O-])c(=O)c3nn2c(=O)n1N[N+](=O)[O-],1.8734086444807183,155.0192768382047
O=c1c2nn3c(=O)n([N+](=O)[O-])c(=O)c3nn2c(=O)n1N[N+](=O)[O-],1.8861877828402327,126.65073699066484
O=c1c2nn3c(=O)n([N+](=O)[O-])c(=O)c3nn2c(=O)n1[N+](=O)[O-],1.9020926989847784,124.16825410242448
O=c1c2nn[nH]c2nc([N+](=O)[O-])n1N[N+](=O)[O-],1.8918968644840344,166.18253643392376
O=c1c2nn[nH]c2nc([N+](=O)[O-])n1[N+](=O)[O-],1.92999389908036,182.5392596190926
O=c1c2nnn([N+](=O)[O-])c2nc([N+](=O)[O-])n1[N+](=O)[O-],1.919695462713389,110.51430757464831
O=c1cc([N+](=O)[O-])n(N[N+](=O)[O-])c2nc([N+](=O)[O-])nn12,1.8672004000578524,156.12460330199275
O=c1cc([N+](=O)[O-])n([N+](=O)[O-])c2nc([N+](=O)[O-])nn12,1.8874329240927687,173.40029829381842
O=c1cc([N+](=O)[O-])n2c([N+](=O)[O-])nnc2[nH]1,1.8769026031697824,248.33980791338357
O=c1cc([N+](=O)[O-])n2c([N+](=O)[O-])nnc2n1N[N+](=O)[O-],1.8965524512787064,155.98922997350675
O=c1cc([N+](=O)[O-])n2c([N+](=O)[O-])nnc2n1[N+](=O)[O-],1.896351188209897,166.66096694084823
O=c1cc([N+](=O)[O-])n2nc([N+](=O)[O-])nc2n1N[N+](=O)[O-],1.8892334820016936,160.52109886038514
O=c1cc([N+](=O)[O-])n2nc([N+](=O)[O-])nc2n1[N+](=O)[O-],1.9084604499029896,173.06732772963764
O=c1cc([N+](=O)[O-])n2nnnc2n1N[N+](=O)[O-],1.8887157727964927,164.88331842573012
O=c1cc([N+](=O)[O-])n2nnnc2n1[N+](=O)[O-],1.883129068642888,166.36870613676598
O=c1cc([N+](=O)[O-])nc2n(N[N+](=O)[O-])c([N+](=O)[O-])nn12,1.8630710545474616,155.3175750787189
O=c1cc([N+](=O)[O-])nc2n([N+](=O)[O-])c([N+](=O)[O-])nn12,1.8895844541360567,181.6050819276805
O=c1cc([N+](=O)[O-])nc2n([N+](=O)[O-])nc([N+](=O)[O-])n12,1.9081511258834576,193.0344312955963
O=c1cnc2c([n-]o[n+]2=O)n1[N+](=O)[O-],1.856590868180356,113.80341575003304
O=c1cnn([N+](=O)[O-])c2nc([N+](=O)[O-])nn12,1.877011134107912,192.15289952142984
O=c1n(C=N[N+](=O)[O-])c(=NC=N[N+](=O)[O-])c2[nH]c(C=N[N+](=O)[O-])nc2n1[N+](=O)[O-],1.8278150215204287,145.88188762438654
O=c1n(C=N[N+](=O)[O-])c(=NC=N[N+](=O)[O-])c2[nH]c([N+](=O)[O-])nc2n1N[N+](=O)[O-],1.8196311308031088,153.40111176423838
O=c1n(C=N[N+](=O)[O-])c(=NC=N[N+](=O)[O-])c2[nH]c([N+](=O)[O-])nc2n1[N+](=O)[O-],1.8785925332736857,164.65469510806506
O=c1n(C=N[N+](=O)[O-])c(=NC=N[N+](=O)[O-])c2c(nc(C=N[N+](=O)[O-])n2C=N[N+](=O)[O-])n1[N+](=O)[O-],1.8099517401568543,133.22513535646968
O=c1n(C=N[N+](=O)[O-])c(=NC=N[N+](=O)[O-])c2c(nc(C=N[N+](=O)[O-])n2[N+](=O)[O-])n1C=N[N+](=O)[O-],1.828065777878479,133.41290359280922
O=c1n(C=N[N+](=O)[O-])c(=NC=N[N+](=O)[O-])c2c(nc([N+](=O)[O-])n2C=N[N+](=O)[O-])n1C=N[N+](=O)[O-],1.8440796949485605,154.14547351111196
O=c1n(C=N[N+](=O)[O-])c(=NC=N[N+](=O)[O-])c2c(nc([N+](=O)[O-])n2C=N[N+](=O)[O-])n1N[N+](=O)[O-],1.8247930747994587,136.6416902479571
O=c1n(C=N[N+](=O)[O-])c(=NC=N[N+](=O)[O-])c2c(nc([N+](=O)[O-])n2C=N[N+](=O)[O-])n1[N+](=O)[O-],1.855913688632687,148.91262786913788
O=c1n(C=N[N+](=O)[O-])c(=NC=N[N+](=O)[O-])c2c(nc([N+](=O)[O-])n2N[N+](=O)[O-])n1C=N[N+](=O)[O-],1.80293887729328,140.23843024993732
O=c1n(C=N[N+](=O)[O-])c(=NC=N[N+](=O)[O-])c2c(nc([N+](=O)[O-])n2N[N+](=O)[O-])n1N[N+](=O)[O-],1.8111775034670727,136.39766948573748
O=c1n(C=N[N+](=O)[O-])c(=NC=N[N+](=O)[O-])c2c(nc([N+](=O)[O-])n2[N+](=O)[O-])n1C=N[N+](=O)[O-],1.8482210070613896,151.0289276873115
O=c1n(C=N[N+](=O)[O-])c(=NC=N[N+](=O)[O-])c2c(nc([N+](=O)[O-])n2[N+](=O)[O-])n1N[N+](=O)[O-],1.8338541066296687,127.73635261165975
O=c1n(C=N[N+](=O)[O-])c(=NC=N[N+](=O)[O-])c2c(nc([N+](=O)[O-])n2[N+](=O)[O-])n1[N+](=O)[O-],1.8619300697348828,140.40189020830144
O=c1n(C=N[N+](=O)[O-])c(=NC=N[N+](=O)[O-])c2nc(C=N[N+](=O)[O-])[nH]c2n1[N+](=O)[O-],1.825874045835457,149.3530568751948
O=c1n(C=N[N+](=O)[O-])c(=NC=N[N+](=O)[O-])c2nc(C=N[N+](=O)[O-])n(C=N[N+](=O)[O-])c2n1[N+](=O)[O-],1.8203375218757631,133.99672501687988
O=c1n(C=N[N+](=O)[O-])c(=NC=N[N+](=O)[O-])c2nc(C=N[N+](=O)[O-])n([N+](=O)[O-])c2n1C=N[N+](=O)[O-],1.8337164003194308,132.7597110993641
O=c1n(C=N[N+](=O)[O-])c(=NC=N[N+](=O)[O-])c2nc(C=N[N+](=O)[O-])n([N+](=O)[O-])c2n1[N+](=O)[O-],1.8333282268741629,121.17357994401708
O=c1n(C=N[N+](=O)[O-])c(=NC=N[N+](=O)[O-])c2nc(N[N+](=O)[O-])n(C=N[N+](=O)[O-])c2n1C=N[N+](=O)[O-],1.8187112208361864,126.84954964025845
O=c1n(C=N[N+](=O)[O-])c(=NC=N[N+](=O)[O-])c2nc([N+](=O)[O-])[nH]c2n1[N+](=O)[O-],1.8545947955101367,164.6079545170449
O=c1n(C=N[N+](=O)[O-])c(=NC=N[N+](=O)[O-])c2nc([N+](=O)[O-])n(C=N[N+](=O)[O-])c2n1C=N[N+](=O)[O-],1.856044272826065,160.67336908426816
O=c1n(C=N[N+](=O)[O-])c(=NC=N[N+](=O)[O-])c2nc([N+](=O)[O-])n(C=N[N+](=O)[O-])c2n1N[N+](=O)[O-],1.824379124352563,129.48246642051305
O=c1n(C=N[N+](=O)[O-])c(=NC=N[N+](=O)[O-])c2nc([N+](=O)[O-])n(C=N[N+](=O)[O-])c2n1[N+](=O)[O-],1.84592399783921,145.3385711895945
O=c1n(C=N[N+](=O)[O-])c(=NC=N[N+](=O)[O-])c2nc([N+](=O)[O-])n(N[N+](=O)[O-])c2n1C=N[N+](=O)[O-],1.802095972955344,140.77289530090138
O=c1n(C=N[N+](=O)[O-])c(=NC=N[N+](=O)[O-])c2nc([N+](=O)[O-])n(N[N+](=O)[O-])c2n1N[N+](=O)[O-],1.8052290897744985,147.49717269585358
O=c1n(C=N[N+](=O)[O-])c(=NC=N[N+](=O)[O-])c2nc([N+](=O)[O-])n([N+](=O)[O-])c2n1C=N[N+](=O)[O-],1.855333832631136,152.57745747149062
O=c1n(C=N[N+](=O)[O-])c(=NC=N[N+](=O)[O-])c2nc([N+](=O)[O-])n([N+](=O)[O-])c2n1N[N+](=O)[O-],1.829898945682872,124.89003821502632
O=c1n(C=N[N+](=O)[O-])c(=NC=N[N+](=O)[O-])c2nc([N+](=O)[O-])n([N+](=O)[O-])c2n1[N+](=O)[O-],1.870643889329985,136.64968291544358
O=c1n(C=N[N+](=O)[O-])c(=NC=N[N+](=O)[O-])c2ncn([N+](=O)[O-])c2n1C=N[N+](=O)[O-],1.790019791145125,133.6406087445399
O=c1n(C=N[N+](=O)[O-])c(=NN[N+](=O)[O-])c2[nH]c([N+](=O)[O-])nc2n1N[N+](=O)[O-],1.8185060894094889,159.0531166690409
O=c1n(C=N[N+](=O)[O-])c(=NN[N+](=O)[O-])c2c(nc(C=N[N+](=O)[O-])n2[N+](=O)[O-])n1C=N[N+](=O)[O-],1.811876663964236,119.57756975166208
O=c1n(C=N[N+](=O)[O-])c(=NN[N+](=O)[O-])c2c(nc([N+](=O)[O-])n2C=N[N+](=O)[O-])n1C=N[N+](=O)[O-],1.8248871445866048,139.01070367993066
O=c1n(C=N[N+](=O)[O-])c(=NN[N+](=O)[O-])c2c(nc([N+](=O)[O-])n2C=N[N+](=O)[O-])n1N[N+](=O)[O-],1.8121100669411048,144.52881489055875
O=c1n(C=N[N+](=O)[O-])c(=NN[N+](=O)[O-])c2c(nc([N+](=O)[O-])n2N[N+](=O)[O-])n1C=N[N+](=O)[O-],1.805461805846696,149.7764832976896
O=c1n(C=N[N+](=O)[O-])c(=NN[N+](=O)[O-])c2c(nc([N+](=O)[O-])n2N[N+](=O)[O-])n1N[N+](=O)[O-],1.813299424303723,152.50148089179677
O=c1n(C=N[N+](=O)[O-])c(=NN[N+](=O)[O-])c2c(nc([N+](=O)[O-])n2[N+](=O)[O-])n1C=N[N+](=O)[O-],1.8506556864409307,133.1605202545252
O=c1n(C=N[N+](=O)[O-])c(=NN[N+](=O)[O-])c2nc(C=N[N+](=O)[O-])n([N+](=O)[O-])c2n1C=N[N+](=O)[O-],1.8161163119037511,119.74252255535836
O=c1n(C=N[N+](=O)[O-])c(=NN[N+](=O)[O-])c2nc([N+](=O)[O-])[nH]c2n1N[N+](=O)[O-],1.8205596090019884,159.02958784128316
O=c1n(C=N[N+](=O)[O-])c(=NN[N+](=O)[O-])c2nc([N+](=O)[O-])[nH]c2n1[N+](=O)[O-],1.8396971346844528,143.28641087662234
O=c1n(C=N[N+](=O)[O-])c(=NN[N+](=O)[O-])c2nc([N+](=O)[O-])n(C=N[N+](=O)[O-])c2n1C=N[N+](=O)[O-],1.82780435642158,139.67494058662982
O=c1n(C=N[N+](=O)[O-])c(=NN[N+](=O)[O-])c2nc([N+](=O)[O-])n(C=N[N+](=O)[O-])c2n1N[N+](=O)[O-],1.824208988911245,136.43489814189766
O=c1n(C=N[N+](=O)[O-])c(=NN[N+](=O)[O-])c2nc([N+](=O)[O-])n(N[N+](=O)[O-])c2n1C=N[N+](=O)[O-],1.8075230983078487,148.96475855657866
O=c1n(C=N[N+](=O)[O-])c(=NN[N+](=O)[O-])c2nc([N+](=O)[O-])n(N[N+](=O)[O-])c2n1N[N+](=O)[O-],1.809993532883196,153.76278987626733
O=c1n(C=N[N+](=O)[O-])c(=NN[N+](=O)[O-])c2nc([N+](=O)[O-])n([N+](=O)[O-])c2n1C=N[N+](=O)[O-],1.8319672518022512,128.82696199845614
O=c1n(C=N[N+](=O)[O-])c(=N[N+](=O)[O-])c2[nH]c([N+](=O)[O-])nc2n1C=N[N+](=O)[O-],1.862627097212276,158.1128883301762
O=c1n(C=N[N+](=O)[O-])c(=N[N+](=O)[O-])c2c(nc(C=N[N+](=O)[O-])n2C=N[N+](=O)[O-])n1C=N[N+](=O)[O-],1.812669279649628,131.88388648611362
O=c1n(C=N[N+](=O)[O-])c(=N[N+](=O)[O-])c2c(nc(C=N[N+](=O)[O-])n2C=N[N+](=O)[O-])n1[N+](=O)[O-],1.8294858629050343,123.71310801937592
O=c1n(C=N[N+](=O)[O-])c(=N[N+](=O)[O-])c2c(nc([N+](=O)[O-])n2C=N[N+](=O)[O-])n1C=N[N+](=O)[O-],1.8477186989819865,140.36713201300068
O=c1n(C=N[N+](=O)[O-])c(=N[N+](=O)[O-])c2c(nc([N+](=O)[O-])n2N[N+](=O)[O-])n1C=N[N+](=O)[O-],1.8278842904336392,129.9011236645572
O=c1n(C=N[N+](=O)[O-])c(=N[N+](=O)[O-])c2c(nc([N+](=O)[O-])n2[N+](=O)[O-])n1C=N[N+](=O)[O-],1.863837567855329,135.36010234680597
O=c1n(C=N[N+](=O)[O-])c(=N[N+](=O)[O-])c2nc(C=N[N+](=O)[O-])[nH]c2n1[N+](=O)[O-],1.859207432686388,131.70897257285569
O=c1n(C=N[N+](=O)[O-])c(=N[N+](=O)[O-])c2nc(C=N[N+](=O)[O-])n(C=N[N+](=O)[O-])c2n1C=N[N+](=O)[O-],1.8154349024694203,131.55945024126552
O=c1n(C=N[N+](=O)[O-])c(=N[N+](=O)[O-])c2nc(C=N[N+](=O)[O-])n([N+](=O)[O-])c2n1C=N[N+](=O)[O-],1.8448543065009784,122.03742216154816
O=c1n(C=N[N+](=O)[O-])c(=N[N+](=O)[O-])c2nc([N+](=O)[O-])[nH]c2n1C=N[N+](=O)[O-],1.84658266711362,159.2078969868453
O=c1n(C=N[N+](=O)[O-])c(=N[N+](=O)[O-])c2nc([N+](=O)[O-])[nH]c2n1[N+](=O)[O-],1.8701638875759727,152.79942904026404
O=c1n(C=N[N+](=O)[O-])c(=N[N+](=O)[O-])c2nc([N+](=O)[O-])n(C=N[N+](=O)[O-])c2n1C=N[N+](=O)[O-],1.8485043733149067,138.7632348413243
O=c1n(C=N[N+](=O)[O-])c(=N[N+](=O)[O-])c2nc([N+](=O)[O-])n([N+](=O)[O-])c2n1C=N[N+](=O)[O-],1.869613532322428,131.25662722618253
O=c1n(C=N[N+](=O)[O-])c(=O)n2c3c(C=N[N+](=O)[O-])nn([N+](=O)[O-])c3nc([N+](=O)[O-])n12,1.8947663906736416,134.3186511678066
O=c1n(C=N[N+](=O)[O-])c(=O)n2c3c([N+](=O)[O-])nn(C=N[N+](=O)[O-])c3nc([N+](=O)[O-])n12,1.8968797432783344,158.52207987793264
O=c1n(C=N[N+](=O)[O-])c(=O)n2c3c([N+](=O)[O-])nn([N+](=O)[O-])c3nc(C=N[N+](=O)[O-])n12,1.8875618452537848,154.98754396663026
O=c1n(C=N[N+](=O)[O-])c(=O)n2c3c([N+](=O)[O-])nn([N+](=O)[O-])c3nc([N+](=O)[O-])n12,1.9118336579813435,159.77061380544546
O=c1n(C=N[N+](=O)[O-])c(C=N[N+](=O)[O-])c([N+](=O)[O-])c2nnc([N+](=O)[O-])n12,1.8482858653235497,163.33898314060383
O=c1n(C=N[N+](=O)[O-])c(C=N[N+](=O)[O-])nc2c([N+](=O)[O-])nc([N+](=O)[O-])n12,1.8209021575159043,154.55031202756794
O=c1n(C=N[N+](=O)[O-])c(C=N[N+](=O)[O-])nc2nc([N+](=O)[O-])nn12,1.8180947058168928,150.39989815061475
O=c1n(C=N[N+](=O)[O-])c([N+](=O)[O-])c(C=N[N+](=O)[O-])c2nnc([N+](=O)[O-])n12,1.8408022558425927,141.77764626456607
O=c1n(C=N[N+](=O)[O-])c([N+](=O)[O-])c([N+](=O)[O-])c2nnc(C=N[N+](=O)[O-])n12,1.821869897739704,161.8497246005208
O=c1n(C=N[N+](=O)[O-])c([N+](=O)[O-])c([N+](=O)[O-])c2nnc([N+](=O)[O-])n12,1.848758889572212,165.72165676791795
O=c1n(C=N[N+](=O)[O-])c([N+](=O)[O-])nc2c(C=N[N+](=O)[O-])nc([N+](=O)[O-])n12,1.838939912666092,155.01292233727742
O=c1n(C=N[N+](=O)[O-])c([N+](=O)[O-])nc2c([N+](=O)[O-])nc([N+](=O)[O-])n12,1.8795778437959296,168.76711408966094
O=c1n(C=N[N+](=O)[O-])c([N+](=O)[O-])nc2nc(C=N[N+](=O)[O-])nn12,1.8284525052086489,146.36958566228915
O=c1n(C=N[N+](=O)[O-])c([N+](=O)[O-])nc2nc([N+](=O)[O-])nn12,1.8649220457204407,157.22531911957782
O=c1n(C=N[N+](=O)[O-])c2c(=NC=N[N+](=O)[O-])[nH]c(C=N[N+](=O)[O-])nc2n1[N+](=O)[O-],1.808862020124512,151.94323600368284
O=c1n(C=N[N+](=O)[O-])c2c(=NC=N[N+](=O)[O-])[nH]c([N+](=O)[O-])nc2n1[N+](=O)[O-],1.8662962165926245,169.73898282295562
O=c1n(C=N[N+](=O)[O-])c2c(=NC=N[N+](=O)[O-])n(C=N[N+](=O)[O-])c(C=N[N+](=O)[O-])nc2n1[N+](=O)[O-],1.819665909871224,134.3043568434754
O=c1n(C=N[N+](=O)[O-])c2c(=NC=N[N+](=O)[O-])n(C=N[N+](=O)[O-])c([N+](=O)[O-])nc2n1N[N+](=O)[O-],1.818417948694246,138.36045724408802
O=c1n(C=N[N+](=O)[O-])c2c(=NC=N[N+](=O)[O-])n(C=N[N+](=O)[O-])c([N+](=O)[O-])nc2n1[N+](=O)[O-],1.862302082843927,153.23317326987774
O=c1n(C=N[N+](=O)[O-])c2c(=NC=N[N+](=O)[O-])n(N[N+](=O)[O-])c([N+](=O)[O-])nc2n1N[N+](=O)[O-],1.8157625559978232,144.05760420641337
O=c1n(C=N[N+](=O)[O-])c2c(=NC=N[N+](=O)[O-])n([N+](=O)[O-])c([N+](=O)[O-])nc2n1[N+](=O)[O-],1.8570747382922552,137.46408949374415
O=c1n(C=N[N+](=O)[O-])c2c(=NN[N+](=O)[O-])[nH]c([N+](=O)[O-])nc2n1N[N+](=O)[O-],1.8204201673536324,154.53242430562295
O=c1n(C=N[N+](=O)[O-])c2c(=NN[N+](=O)[O-])n(C=N[N+](=O)[O-])c([N+](=O)[O-])nc2n1N[N+](=O)[O-],1.832768038037949,141.52937155370074
O=c1n(C=N[N+](=O)[O-])c2c(=NN[N+](=O)[O-])n(N[N+](=O)[O-])c([N+](=O)[O-])nc2n1N[N+](=O)[O-],1.8277212048034253,147.0978695970453
O=c1n(C=N[N+](=O)[O-])c2c(=N[N+](=O)[O-])[nH]c(C=N[N+](=O)[O-])nc2n1[N+](=O)[O-],1.8714230561449627,134.9799420169033
O=c1n(C=N[N+](=O)[O-])c2c(=N[N+](=O)[O-])[nH]c([N+](=O)[O-])nc2n1N[N+](=O)[O-],1.8313799844608207,130.89290140595458
O=c1n(C=N[N+](=O)[O-])c2c(=N[N+](=O)[O-])[nH]c([N+](=O)[O-])nc2n1[N+](=O)[O-],1.8750285826138624,156.0469885557397
O=c1n(C=N[N+](=O)[O-])c2c(=N[N+](=O)[O-])n(C=N[N+](=O)[O-])c(C=N[N+](=O)[O-])nc2n1[N+](=O)[O-],1.84283035996224,124.9029321711698
O=c1n(C=N[N+](=O)[O-])c2c(=N[N+](=O)[O-])n(C=N[N+](=O)[O-])c([N+](=O)[O-])nc2n1[N+](=O)[O-],1.872009166594314,141.3601648013588
O=c1n(C=N[N+](=O)[O-])c2c(=N[N+](=O)[O-])n([N+](=O)[O-])c([N+](=O)[O-])nc2n1[N+](=O)[O-],1.9037106487096624,130.45603937547014
O=c1n(C=N[N+](=O)[O-])c2nc(C=N[N+](=O)[O-])[nH]c(=NC=N[N+](=O)[O-])c2n1[N+](=O)[O-],1.8119966915173964,153.76938217556608
O=c1n(C=N[N+](=O)[O-])c2nc(C=N[N+](=O)[O-])[nH]c(=N[N+](=O)[O-])c2n1[N+](=O)[O-],1.865583571072169,135.84009835967612
O=c1n(C=N[N+](=O)[O-])c2nc(C=N[N+](=O)[O-])n(C=N[N+](=O)[O-])c(=NC=N[N+](=O)[O-])c2n1[N+](=O)[O-],1.8214863157098728,136.74585914569417
O=c1n(C=N[N+](=O)[O-])c2nc(C=N[N+](=O)[O-])n(C=N[N+](=O)[O-])c(=NN[N+](=O)[O-])c2n1C=N[N+](=O)[O-],1.7855628282592086,138.36037797796416
O=c1n(C=N[N+](=O)[O-])c2nc(C=N[N+](=O)[O-])n(C=N[N+](=O)[O-])c(=N[N+](=O)[O-])c2n1C=N[N+](=O)[O-],1.823219412349461,133.00987498618076
O=c1n(C=N[N+](=O)[O-])c2nc(C=N[N+](=O)[O-])n(C=N[N+](=O)[O-])c(=N[N+](=O)[O-])c2n1[N+](=O)[O-],1.8463222579372889,125.46293412502868
O=c1n(C=N[N+](=O)[O-])c2nc(C=N[N+](=O)[O-])n([N+](=O)[O-])c(=NC=N[N+](=O)[O-])c2n1C=N[N+](=O)[O-],1.8327229553997584,131.46890190580706
O=c1n(C=N[N+](=O)[O-])c2nc(C=N[N+](=O)[O-])n([N+](=O)[O-])c(=NC=N[N+](=O)[O-])c2n1[N+](=O)[O-],1.85016599571576,124.53776634969222
O=c1n(C=N[N+](=O)[O-])c2nc(C=N[N+](=O)[O-])n([N+](=O)[O-])c(=NN[N+](=O)[O-])c2n1C=N[N+](=O)[O-],1.8167333692162069,120.92617716051392
O=c1n(C=N[N+](=O)[O-])c2nc(C=N[N+](=O)[O-])n([N+](=O)[O-])c(=N[N+](=O)[O-])c2n1C=N[N+](=O)[O-],1.849233938382012,124.2591987685021
O=c1n(C=N[N+](=O)[O-])c2nc([N+](=O)[O-])[nH]c(=NC=N[N+](=O)[O-])c2n1[N+](=O)[O-],1.8518689770084256,164.42239252115206
O=c1n(C=N[N+](=O)[O-])c2nc([N+](=O)[O-])[nH]c(=NN[N+](=O)[O-])c2n1N[N+](=O)[O-],1.818307176277714,165.9325442903754
O=c1n(C=N[N+](=O)[O-])c2nc([N+](=O)[O-])[nH]c(=N[N+](=O)[O-])c2n1C=N[N+](=O)[O-],1.845901980736837,173.74925419297216
O=c1n(C=N[N+](=O)[O-])c2nc([N+](=O)[O-])[nH]c(=N[N+](=O)[O-])c2n1N[N+](=O)[O-],1.8241000964443408,143.43536513432502
O=c1n(C=N[N+](=O)[O-])c2nc([N+](=O)[O-])[nH]c(=N[N+](=O)[O-])c2n1[N+](=O)[O-],1.8745793831114448,148.52850423304358
O=c1n(C=N[N+](=O)[O-])c2nc([N+](=O)[O-])n(C=N[N+](=O)[O-])c(=NC=N[N+](=O)[O-])c2n1C=N[N+](=O)[O-],1.842694967436159,158.85330658738908
O=c1n(C=N[N+](=O)[O-])c2nc([N+](=O)[O-])n(C=N[N+](=O)[O-])c(=NC=N[N+](=O)[O-])c2n1N[N+](=O)[O-],1.8078283370522283,138.60560094306192
O=c1n(C=N[N+](=O)[O-])c2nc([N+](=O)[O-])n(C=N[N+](=O)[O-])c(=NC=N[N+](=O)[O-])c2n1[N+](=O)[O-],1.8504774166021845,150.17013207966446
O=c1n(C=N[N+](=O)[O-])c2nc([N+](=O)[O-])n(C=N[N+](=O)[O-])c(=NN[N+](=O)[O-])c2n1C=N[N+](=O)[O-],1.8312093428792189,133.83629038224203
O=c1n(C=N[N+](=O)[O-])c2nc([N+](=O)[O-])n(C=N[N+](=O)[O-])c(=NN[N+](=O)[O-])c2n1N[N+](=O)[O-],1.821574347966484,140.25183943588573
O=c1n(C=N[N+](=O)[O-])c2nc([N+](=O)[O-])n(C=N[N+](=O)[O-])c(=N[N+](=O)[O-])c2n1C=N[N+](=O)[O-],1.8441900335305623,145.7451007166922
O=c1n(C=N[N+](=O)[O-])c2nc([N+](=O)[O-])n(N[N+](=O)[O-])c(=NC=N[N+](=O)[O-])c2n1C=N[N+](=O)[O-],1.804986540119632,146.65359618398247
O=c1n(C=N[N+](=O)[O-])c2nc([N+](=O)[O-])n(N[N+](=O)[O-])c(=NC=N[N+](=O)[O-])c2n1N[N+](=O)[O-],1.7978686531470414,151.31026958283576
O=c1n(C=N[N+](=O)[O-])c2nc([N+](=O)[O-])n(N[N+](=O)[O-])c(=NN[N+](=O)[O-])c2n1C=N[N+](=O)[O-],1.8272345509199608,147.553742286229
O=c1n(C=N[N+](=O)[O-])c2nc([N+](=O)[O-])n(N[N+](=O)[O-])c(=NN[N+](=O)[O-])c2n1N[N+](=O)[O-],1.8066718065023424,157.10326910540607
O=c1n(C=N[N+](=O)[O-])c2nc([N+](=O)[O-])n(N[N+](=O)[O-])c(=N[N+](=O)[O-])c2n1C=N[N+](=O)[O-],1.8338490090739472,129.86989281176702
O=c1n(C=N[N+](=O)[O-])c2nc([N+](=O)[O-])n([N+](=O)[O-])c(=NC=N[N+](=O)[O-])c2n1C=N[N+](=O)[O-],1.8507199301041737,146.771464910122
O=c1n(C=N[N+](=O)[O-])c2nc([N+](=O)[O-])n([N+](=O)[O-])c(=NN[N+](=O)[O-])c2n1C=N[N+](=O)[O-],1.859976332084168,132.1621634248497
O=c1n(C=N[N+](=O)[O-])c2nc([N+](=O)[O-])n([N+](=O)[O-])c(=N[N+](=O)[O-])c2n1C=N[N+](=O)[O-],1.869030169491764,134.08904362910394
O=c1n(C=N[N+](=O)[O-])c2nc3c(nc2n1N[N+](=O)[O-])n(N[N+](=O)[O-])c(=O)n3N[N+](=O)[O-],1.8131195275854912,146.61472936126307
O=c1n(C=N[N+](=O)[O-])nc(C=N[N+](=O)[O-])c2c([N+](=O)[O-])c([N+](=O)[O-])nn12,1.8437620557672127,164.21239013707742
O=c1n(C=N[N+](=O)[O-])nc(C=N[N+](=O)[O-])c2nc([N+](=O)[O-])c([N+](=O)[O-])n12,1.8395123934806417,157.2720729216186
O=c1n(C=N[N+](=O)[O-])nc([N+](=O)[O-])c2c(C=N[N+](=O)[O-])c([N+](=O)[O-])nn12,1.8665774859792488,163.49921300442173
O=c1n(C=N[N+](=O)[O-])nc([N+](=O)[O-])c2c([N+](=O)[O-])c(C=N[N+](=O)[O-])nn12,1.836831187629714,170.5428668233174
O=c1n(C=N[N+](=O)[O-])nc([N+](=O)[O-])c2c([N+](=O)[O-])c([N+](=O)[O-])nn12,1.8638069102152444,170.32000351065085
O=c1n(C=N[N+](=O)[O-])nc([N+](=O)[O-])c2cc([N+](=O)[O-])nn12,1.8279726842190245,163.88950618715438
O=c1n(C=N[N+](=O)[O-])nc([N+](=O)[O-])c2nc(C=N[N+](=O)[O-])c([N+](=O)[O-])n12,1.8257972209708584,161.7641700308638
O=c1n(C=N[N+](=O)[O-])nc([N+](=O)[O-])c2nc([N+](=O)[O-])c(C=N[N+](=O)[O-])n12,1.842312325381142,170.86670196672645
O=c1n(C=N[N+](=O)[O-])nc([N+](=O)[O-])c2nc([N+](=O)[O-])c([N+](=O)[O-])n12,1.879890493880188,181.79106667623373
O=c1n(C=N[N+](=O)[O-])nnc2c([N+](=O)[O-])nc([N+](=O)[O-])n12,1.8458755168305383,173.13825769944745
O=c1n(N[N+](=O)[O-])c(=NC=N[N+](=O)[O-])c2[nH]c([N+](=O)[O-])nc2n1N[N+](=O)[O-],1.8157301630196208,163.87613663426788
O=c1n(N[N+](=O)[O-])c(=NC=N[N+](=O)[O-])c2c(nc([N+](=O)[O-])n2C=N[N+](=O)[O-])n1C=N[N+](=O)[O-],1.8190717373301988,135.38240254964427
O=c1n(N[N+](=O)[O-])c(=NC=N[N+](=O)[O-])c2c(nc([N+](=O)[O-])n2C=N[N+](=O)[O-])n1N[N+](=O)[O-],1.8177246811161087,145.4730065356151
O=c1n(N[N+](=O)[O-])c(=NC=N[N+](=O)[O-])c2c(nc([N+](=O)[O-])n2N[N+](=O)[O-])n1C=N[N+](=O)[O-],1.7962280717208683,148.00989240684612
O=c1n(N[N+](=O)[O-])c(=NC=N[N+](=O)[O-])c2c(nc([N+](=O)[O-])n2N[N+](=O)[O-])n1N[N+](=O)[O-],1.82178262469352,154.96546174563247
O=c1n(N[N+](=O)[O-])c(=NC=N[N+](=O)[O-])c2c(nc([N+](=O)[O-])n2[N+](=O)[O-])n1C=N[N+](=O)[O-],1.8220323687710005,127.25252540280432
O=c1n(N[N+](=O)[O-])c(=NC=N[N+](=O)[O-])c2nc([N+](=O)[O-])[nH]c2n1N[N+](=O)[O-],1.8183764813438013,163.27270345005888
O=c1n(N[N+](=O)[O-])c(=NC=N[N+](=O)[O-])c2nc([N+](=O)[O-])n(C=N[N+](=O)[O-])c2n1C=N[N+](=O)[O-],1.820709245761788,136.82424013114428
O=c1n(N[N+](=O)[O-])c(=NC=N[N+](=O)[O-])c2nc([N+](=O)[O-])n(C=N[N+](=O)[O-])c2n1N[N+](=O)[O-],1.825034684479512,137.95057211774804
O=c1n(N[N+](=O)[O-])c(=NC=N[N+](=O)[O-])c2nc([N+](=O)[O-])n(N[N+](=O)[O-])c2n1C=N[N+](=O)[O-],1.7990353065026154,147.71119123020247
O=c1n(N[N+](=O)[O-])c(=NC=N[N+](=O)[O-])c2nc([N+](=O)[O-])n(N[N+](=O)[O-])c2n1N[N+](=O)[O-],1.827503275258108,158.16637975274278
O=c1n(N[N+](=O)[O-])c(=NN[N+](=O)[O-])c2[nH]c(C=N[N+](=O)[O-])nc2n1C=N[N+](=O)[O-],1.7856598625823064,155.04145153634695
O=c1n(N[N+](=O)[O-])c(=NN[N+](=O)[O-])c2[nH]c([N+](=O)[O-])nc2n1C=N[N+](=O)[O-],1.807975190040464,163.02999057888252
O=c1n(N[N+](=O)[O-])c(=NN[N+](=O)[O-])c2[nH]c([N+](=O)[O-])nc2n1N[N+](=O)[O-],1.8489772167991816,168.663671798059
O=c1n(N[N+](=O)[O-])c(=NN[N+](=O)[O-])c2[nH]cnc2n1N[N+](=O)[O-],1.8362502831947167,161.91739805374314
O=c1n(N[N+](=O)[O-])c(=NN[N+](=O)[O-])c2c(nc(C=N[N+](=O)[O-])n2[N+](=O)[O-])n1C=N[N+](=O)[O-],1.807795691003884,125.6789078904321
O=c1n(N[N+](=O)[O-])c(=NN[N+](=O)[O-])c2c(nc([N+](=O)[O-])n2C=N[N+](=O)[O-])n1C=N[N+](=O)[O-],1.820218434297416,147.1817992111637
O=c1n(N[N+](=O)[O-])c(=NN[N+](=O)[O-])c2c(nc([N+](=O)[O-])n2C=N[N+](=O)[O-])n1N[N+](=O)[O-],1.82147369835564,149.68349092341293
O=c1n(N[N+](=O)[O-])c(=NN[N+](=O)[O-])c2c(nc([N+](=O)[O-])n2N[N+](=O)[O-])n1C=N[N+](=O)[O-],1.8032658439170115,154.4104667685957
O=c1n(N[N+](=O)[O-])c(=NN[N+](=O)[O-])c2c(nc([N+](=O)[O-])n2N[N+](=O)[O-])n1N[N+](=O)[O-],1.836877933300268,160.67812505169815
O=c1n(N[N+](=O)[O-])c(=NN[N+](=O)[O-])c2nc(C=N[N+](=O)[O-])n([N+](=O)[O-])c2n1C=N[N+](=O)[O-],1.8081259113865864,124.6785826186814
O=c1n(N[N+](=O)[O-])c(=NN[N+](=O)[O-])c2nc([N+](=O)[O-])[nH]c2n1C=N[N+](=O)[O-],1.7993324108495663,155.70491559833874
O=c1n(N[N+](=O)[O-])c(=NN[N+](=O)[O-])c2nc([N+](=O)[O-])[nH]c2n1N[N+](=O)[O-],1.8775461966942923,172.67035637597212
O=c1n(N[N+](=O)[O-])c(=NN[N+](=O)[O-])c2nc([N+](=O)[O-])[nH]c2n1[N+](=O)[O-],1.889972193746796,147.65841320275035
O=c1n(N[N+](=O)[O-])c(=NN[N+](=O)[O-])c2nc([N+](=O)[O-])n(C=N[N+](=O)[O-])c2n1C=N[N+](=O)[O-],1.823181921815537,147.51276170020742
O=c1n(N[N+](=O)[O-])c(=NN[N+](=O)[O-])c2nc([N+](=O)[O-])n(C=N[N+](=O)[O-])c2n1N[N+](=O)[O-],1.8410245960389608,145.99045579199634
O=c1n(N[N+](=O)[O-])c(=NN[N+](=O)[O-])c2nc([N+](=O)[O-])n(N[N+](=O)[O-])c2n1C=N[N+](=O)[O-],1.7967779931398842,152.14321122309264
O=c1n(N[N+](=O)[O-])c(=NN[N+](=O)[O-])c2nc([N+](=O)[O-])n(N[N+](=O)[O-])c2n1N[N+](=O)[O-],1.8399596407276764,162.74946776663785
O=c1n(N[N+](=O)[O-])c(=NN[N+](=O)[O-])c2nc([N+](=O)[O-])n([N+](=O)[O-])c2n1C=N[N+](=O)[O-],1.838051781078456,135.0109482823426
O=c1n(N[N+](=O)[O-])c(=NN[N+](=O)[O-])c2nc[nH]c2n1N[N+](=O)[O-],1.8335782240217853,161.23524700305774
O=c1n(N[N+](=O)[O-])c(=O)n2c3c(C=N[N+](=O)[O-])n[nH]c3nc([N+](=O)[O-])n12,1.8744942430850315,148.0839005444648
O=c1n(N[N+](=O)[O-])c(=O)n2c3c([N+](=O)[O-])n[nH]c3nc([N+](=O)[O-])n12,1.939240720547827,152.59160647459478
O=c1n(N[N+](=O)[O-])c(=O)n2c3c([N+](=O)[O-])nn(C=N[N+](=O)[O-])c3nc(C=N[N+](=O)[O-])n12,1.862170377911347,131.89635768959667
O=c1n(N[N+](=O)[O-])c(=O)n2c3c([N+](=O)[O-])nn(C=N[N+](=O)[O-])c3nc([N+](=O)[O-])n12,1.884071935686996,122.9466574459942
O=c1n(N[N+](=O)[O-])c(=O)n2c3c([N+](=O)[O-])nn([N+](=O)[O-])c3nc([N+](=O)[O-])n12,1.9428117210187543,123.57745725945652
O=c1n(N[N+](=O)[O-])c(=O)n2c3c([N+](=O)[O-])nn([N+](=O)[O-])c3ncn12,1.880952954642928,128.56061461135693
O=c1n(N[N+](=O)[O-])c(=O)n2c3cnn([N+](=O)[O-])c3nc([N+](=O)[O-])n12,1.914059518340686,114.21661684255336
O=c1n(N[N+](=O)[O-])c(C=N[N+](=O)[O-])c([N+](=O)[O-])c2nnc([N+](=O)[O-])n12,1.8346899250036235,130.30892144963624
O=c1n(N[N+](=O)[O-])c([N+](=O)[O-])c(C=N[N+](=O)[O-])c2nnc(C=N[N+](=O)[O-])n12,1.8039011945854608,130.40558648765048
O=c1n(N[N+](=O)[O-])c([N+](=O)[O-])c([N+](=O)[O-])c2nnc([N+](=O)[O-])n12,1.935590292205124,149.40599343489455
O=c1n(N[N+](=O)[O-])c([N+](=O)[O-])c([N+](=O)[O-])c2nncn12,1.859035851129972,136.83062105411284
O=c1n(N[N+](=O)[O-])c([N+](=O)[O-])cc2nnc([N+](=O)[O-])n12,1.8782822331264624,144.68631667861473
O=c1n(N[N+](=O)[O-])c([N+](=O)[O-])nc2c([N+](=O)[O-])nc([N+](=O)[O-])n12,1.9213611342365184,142.68544154776248
O=c1n(N[N+](=O)[O-])c([N+](=O)[O-])nc2c([N+](=O)[O-])ncn12,1.8615740723505525,148.03817720203386
O=c1n(N[N+](=O)[O-])c([N+](=O)[O-])nc2cnc([N+](=O)[O-])n12,1.8701203233586363,138.98554989663432
O=c1n(N[N+](=O)[O-])c([N+](=O)[O-])nc2nc([N+](=O)[O-])nn12,1.914078137072577,137.7964259289343
O=c1n(N[N+](=O)[O-])c([N+](=O)[O-])nc2ncnn12,1.8544142841929885,144.73889654075725
O=c1n(N[N+](=O)[O-])c2c(=NN[N+](=O)[O-])[nH]c([N+](=O)[O-])nc2n1[N+](=O)[O-],1.886454807993139,151.20779169574047
O=c1n(N[N+](=O)[O-])c2c(=NN[N+](=O)[O-])n(C=N[N+](=O)[O-])c(C=N[N+](=O)[O-])nc2n1[N+](=O)[O-],1.796659050173047,130.06998693036255
O=c1n(N[N+](=O)[O-])c2nc(C=N[N+](=O)[O-])[nH]c(=NC=N[N+](=O)[O-])c2n1N[N+](=O)[O-],1.7855295314590696,151.5888635860672
O=c1n(N[N+](=O)[O-])c2nc(C=N[N+](=O)[O-])[nH]c(=NN[N+](=O)[O-])c2n1N[N+](=O)[O-],1.823620347760472,157.6381436980099
O=c1n(N[N+](=O)[O-])c2nc([N+](=O)[O-])[nH]c(=NC=N[N+](=O)[O-])c2n1N[N+](=O)[O-],1.813505459552357,166.98930704229514
O=c1n(N[N+](=O)[O-])c2nc([N+](=O)[O-])[nH]c(=NN[N+](=O)[O-])c2n1N[N+](=O)[O-],1.8724355536310555,173.53746832111125
O=c1n(N[N+](=O)[O-])c2nc([N+](=O)[O-])[nH]c(=N[N+](=O)[O-])c2n1N[N+](=O)[O-],1.8859484146385828,151.92437066621062
O=c1n(N[N+](=O)[O-])c2nc([N+](=O)[O-])n(C=N[N+](=O)[O-])c(=NC=N[N+](=O)[O-])c2n1N[N+](=O)[O-],1.811372295170817,146.21237451668722
O=c1n(N[N+](=O)[O-])c2nc([N+](=O)[O-])n(N[N+](=O)[O-])c(=NC=N[N+](=O)[O-])c2n1N[N+](=O)[O-],1.8250411558445765,157.3686190604471
O=c1n(N[N+](=O)[O-])c2nc([N+](=O)[O-])n(N[N+](=O)[O-])c(=NN[N+](=O)[O-])c2n1N[N+](=O)[O-],1.8381557929069023,161.47348133823755
O=c1n(N[N+](=O)[O-])c2nc3[nH]c(=O)n([N+](=O)[O-])c3nc2n1N[N+](=O)[O-],1.9069725782312,143.44043816625032
O=c1n(N[N+](=O)[O-])c2nc3nonc3nc2n1N[N+](=O)[O-],1.8736807310364685,171.6354512576993
O=c1n(N[N+](=O)[O-])c2nc[nH]c(=NN[N+](=O)[O-])c2n1N[N+](=O)[O-],1.89058173126074,161.6541486509837
O=c1n(N[N+](=O)[O-])cc([N+](=O)[O-])c2nnc([N+](=O)[O-])n12,1.88282252839492,156.4810498498487
O=c1n(N[N+](=O)[O-])cnc2c([N+](=O)[O-])nc([N+](=O)[O-])n12,1.8559939841735216,145.5043166545291
O=c1n([N+](=O)[O-])c(=NC=N[N+](=O)[O-])c2[nH]c(C=N[N+](=O)[O-])nc2n1C=N[N+](=O)[O-],1.8404026219351708,145.0902700566879
O=c1n([N+](=O)[O-])c(=NC=N[N+](=O)[O-])c2[nH]c([N+](=O)[O-])nc2n1C=N[N+](=O)[O-],1.856530239804858,160.55030182150725
O=c1n([N+](=O)[O-])c(=NC=N[N+](=O)[O-])c2c(nc(C=N[N+](=O)[O-])n2C=N[N+](=O)[O-])n1C=N[N+](=O)[O-],1.811121430354135,131.74424599796131
O=c1n([N+](=O)[O-])c(=NC=N[N+](=O)[O-])c2c(nc(C=N[N+](=O)[O-])n2[N+](=O)[O-])n1C=N[N+](=O)[O-],1.8428773948558128,123.12719925404429
O=c1n([N+](=O)[O-])c(=NC=N[N+](=O)[O-])c2c(nc([N+](=O)[O-])n2C=N[N+](=O)[O-])n1C=N[N+](=O)[O-],1.845504190626166,143.39744950509163
O=c1n([N+](=O)[O-])c(=NC=N[N+](=O)[O-])c2c(nc([N+](=O)[O-])n2[N+](=O)[O-])n1C=N[N+](=O)[O-],1.865284369858326,138.43306501351896
O=c1n([N+](=O)[O-])c(=NC=N[N+](=O)[O-])c2nc(C=N[N+](=O)[O-])[nH]c2n1C=N[N+](=O)[O-],1.8228484838267405,147.81539976100146
O=c1n([N+](=O)[O-])c(=NC=N[N+](=O)[O-])c2nc(C=N[N+](=O)[O-])[nH]c2n1[N+](=O)[O-],1.8790717758172708,135.18643026948803
O=c1n([N+](=O)[O-])c(=NC=N[N+](=O)[O-])c2nc(C=N[N+](=O)[O-])n(C=N[N+](=O)[O-])c2n1C=N[N+](=O)[O-],1.814850093523657,134.0585393824489
O=c1n([N+](=O)[O-])c(=NC=N[N+](=O)[O-])c2nc(C=N[N+](=O)[O-])n([N+](=O)[O-])c2n1C=N[N+](=O)[O-],1.8479561510811315,123.61183233515872
O=c1n([N+](=O)[O-])c(=NC=N[N+](=O)[O-])c2nc([N+](=O)[O-])[nH]c2n1C=N[N+](=O)[O-],1.85786746243628,159.80132282292038
O=c1n([N+](=O)[O-])c(=NC=N[N+](=O)[O-])c2nc([N+](=O)[O-])[nH]c2n1[N+](=O)[O-],1.8891618993043269,156.02384284758045
O=c1n([N+](=O)[O-])c(=NC=N[N+](=O)[O-])c2nc([N+](=O)[O-])n(C=N[N+](=O)[O-])c2n1C=N[N+](=O)[O-],1.8461055575898049,144.27841320537058
O=c1n([N+](=O)[O-])c(=NC=N[N+](=O)[O-])c2nc([N+](=O)[O-])n([N+](=O)[O-])c2n1C=N[N+](=O)[O-],1.860888505335314,137.41405935858495
O=c1n([N+](=O)[O-])c(=N[N+](=O)[O-])c2[nH]c(C=N[N+](=O)[O-])nc2n1C=N[N+](=O)[O-],1.8736700659376184,137.0955548620037
O=c1n([N+](=O)[O-])c(=N[N+](=O)[O-])c2c(nc(C=N[N+](=O)[O-])n2C=N[N+](=O)[O-])n1C=N[N+](=O)[O-],1.8188613275833925,129.82642855386533
O=c1n([N+](=O)[O-])c(=N[N+](=O)[O-])c2nc(C=N[N+](=O)[O-])[nH]c2n1C=N[N+](=O)[O-],1.8751658912424487,138.7242359083985
O=c1n([N+](=O)[O-])c(=N[N+](=O)[O-])c2nc(C=N[N+](=O)[O-])n(C=N[N+](=O)[O-])c2n1C=N[N+](=O)[O-],1.819240752032316,129.81050927399554
O=c1n([N+](=O)[O-])c(=O)n2c3c(C=N[N+](=O)[O-])nn(C=N[N+](=O)[O-])c3nc([N+](=O)[O-])n12,1.862910101937018,143.64700568495888
O=c1n([N+](=O)[O-])c(=O)n2c3c(C=N[N+](=O)[O-])nn([N+](=O)[O-])c3nc([N+](=O)[O-])n12,1.9100769896656529,124.07962136495864
O=c1n([N+](=O)[O-])c(=O)n2c3c([N+](=O)[O-])n[nH]c3nc(C=N[N+](=O)[O-])n12,1.932054034649434,177.62445608797742
O=c1n([N+](=O)[O-])c(=O)n2c3c([N+](=O)[O-])n[nH]c3nc([N+](=O)[O-])n12,1.9686297200094431,167.370775263241
O=c1n([N+](=O)[O-])c(=O)n2c3c([N+](=O)[O-])nn(C=N[N+](=O)[O-])c3nc(C=N[N+](=O)[O-])n12,1.8859648280449488,147.99492432046236
O=c1n([N+](=O)[O-])c(=O)n2c3c([N+](=O)[O-])nn(C=N[N+](=O)[O-])c3nc([N+](=O)[O-])n12,1.9308159070551247,142.32019646016107
O=c1n([N+](=O)[O-])c(=O)n2c3c([N+](=O)[O-])nn([N+](=O)[O-])c3nc(C=N[N+](=O)[O-])n12,1.914160963314833,140.74566738736476
O=c1n([N+](=O)[O-])c(=O)n2c3c([N+](=O)[O-])nn([N+](=O)[O-])c3nc([N+](=O)[O-])n12,1.9461846037212112,138.9776364952717
O=c1n([N+](=O)[O-])c(=O)n2c3c([N+](=O)[O-])nn([N+](=O)[O-])c3ncn12,1.909408812184472,142.22024187800776
O=c1n([N+](=O)[O-])c(=O)n2c3cnn([N+](=O)[O-])c3nc([N+](=O)[O-])n12,1.9147014488328329,133.5068603715925
O=c1n([N+](=O)[O-])c(C=N[N+](=O)[O-])c(C=N[N+](=O)[O-])c2nnc(C=N[N+](=O)[O-])n12,1.8053224003512176,121.50681472861066
O=c1n([N+](=O)[O-])c(C=N[N+](=O)[O-])c(C=N[N+](=O)[O-])c2nnc([N+](=O)[O-])n12,1.819199501599136,125.093857841442
O=c1n([N+](=O)[O-])c(C=N[N+](=O)[O-])c([N+](=O)[O-])c2nnc(C=N[N+](=O)[O-])n12,1.8491107293756344,137.84786964330186
O=c1n([N+](=O)[O-])c(C=N[N+](=O)[O-])c([N+](=O)[O-])c2nnc([N+](=O)[O-])n12,1.8859468962177293,146.5177736807948
O=c1n([N+](=O)[O-])c(C=N[N+](=O)[O-])c([N+](=O)[O-])c2nncn12,1.8285473703590989,140.6185377357574
O=c1n([N+](=O)[O-])c(C=N[N+](=O)[O-])cc2nnc([N+](=O)[O-])n12,1.828897438671526,125.74617840752497
O=c1n([N+](=O)[O-])c(C=N[N+](=O)[O-])nc2c(C=N[N+](=O)[O-])nc(C=N[N+](=O)[O-])n12,1.7810082887570329,124.30488247787112
O=c1n([N+](=O)[O-])c(C=N[N+](=O)[O-])nc2c([N+](=O)[O-])nc(C=N[N+](=O)[O-])n12,1.8177669799827347,136.8054936928578
O=c1n([N+](=O)[O-])c(C=N[N+](=O)[O-])nc2c([N+](=O)[O-])nc([N+](=O)[O-])n12,1.861304733413489,137.63127495992842
O=c1n([N+](=O)[O-])c(C=N[N+](=O)[O-])nc2nc([N+](=O)[O-])nn12,1.884948787576865,131.37713815644983
O=c1n([N+](=O)[O-])c([N+](=O)[O-])c(C=N[N+](=O)[O-])c2nnc([N+](=O)[O-])n12,1.86329907074559,141.76652258518817
O=c1n([N+](=O)[O-])c([N+](=O)[O-])c([N+](=O)[O-])c2nnc(C=N[N+](=O)[O-])n12,1.8556381675535785,144.12878518561533
O=c1n([N+](=O)[O-])c([N+](=O)[O-])c([N+](=O)[O-])c2nnc([N+](=O)[O-])n12,1.924420029198252,169.35271900151787
O=c1n([N+](=O)[O-])c([N+](=O)[O-])c([N+](=O)[O-])c2nncn12,1.8651546533340064,159.32651874116124
O=c1n([N+](=O)[O-])c([N+](=O)[O-])cc2nnc([N+](=O)[O-])n12,1.893165975094325,155.81245330633874
O=c1n([N+](=O)[O-])c([N+](=O)[O-])nc2c(C=N[N+](=O)[O-])nc([N+](=O)[O-])n12,1.862880095048728,153.4511485049079
O=c1n([N+](=O)[O-])c([N+](=O)[O-])nc2c([N+](=O)[O-])nc(C=N[N+](=O)[O-])n12,1.8475476235658543,142.701955323561
O=c1n([N+](=O)[O-])c([N+](=O)[O-])nc2c([N+](=O)[O-])nc([N+](=O)[O-])n12,1.9276211134270271,165.45425249916764
O=c1n([N+](=O)[O-])c([N+](=O)[O-])nc2c([N+](=O)[O-])ncn12,1.8988136329993253,176.41274127498502
O=c1n([N+](=O)[O-])c([N+](=O)[O-])nc2cnc([N+](=O)[O-])n12,1.896446704112141,164.6476338175336
O=c1n([N+](=O)[O-])c([N+](=O)[O-])nc2nc(C=N[N+](=O)[O-])nn12,1.8650247198924217,129.47308659585948
O=c1n([N+](=O)[O-])c([N+](=O)[O-])nc2nc([N+](=O)[O-])nn12,1.9355383766730945,160.66557458209127
O=c1n([N+](=O)[O-])c([N+](=O)[O-])nc2ncnn12,1.8828945449268168,163.409899899393
O=c1n([N+](=O)[O-])c2nc(C=N[N+](=O)[O-])[nH]c(=NC=N[N+](=O)[O-])c2n1[N+](=O)[O-],1.868324935311188,138.67497201243634
O=c1n([N+](=O)[O-])c2nc(C=N[N+](=O)[O-])n(C=N[N+](=O)[O-])c(=NC=N[N+](=O)[O-])c2n1[N+](=O)[O-],1.8393636966956564,127.40162498173402
O=c1n([N+](=O)[O-])c2nc([N+](=O)[O-])[nH]c(=NC=N[N+](=O)[O-])c2n1[N+](=O)[O-],1.9099622404326009,160.07599315302207
O=c1n([N+](=O)[O-])c2nc([N+](=O)[O-])n(C=N[N+](=O)[O-])c(=NC=N[N+](=O)[O-])c2n1[N+](=O)[O-],1.8713024139928849,145.73656639735952
O=c1n([N+](=O)[O-])c2nc3nonc3nc2n1[N+](=O)[O-],1.9195900770756,134.5078329833545
O=c1n([N+](=O)[O-])cc([N+](=O)[O-])c2nnc(C=N[N+](=O)[O-])n12,1.805925502652974,144.8106588048673
O=c1n([N+](=O)[O-])cc([N+](=O)[O-])c2nnc([N+](=O)[O-])n12,1.87277043773495,166.97062005360152
O=c1n([N+](=O)[O-])cnc2c([N+](=O)[O-])nc([N+](=O)[O-])n12,1.868357436748023,146.94236267310578
O=c1n([N+](=O)[O-])cnc2nc([N+](=O)[O-])nn12,1.874588204413545,145.10603080431002
O=c1n([N+](=O)[O-])nc(C=N[N+](=O)[O-])c2c(C=N[N+](=O)[O-])c([N+](=O)[O-])nn12,1.818086246043568,135.08821954205905
O=c1n([N+](=O)[O-])nc(C=N[N+](=O)[O-])c2c([N+](=O)[O-])c(C=N[N+](=O)[O-])nn12,1.806990385658504,133.18205421816648
O=c1n([N+](=O)[O-])nc(C=N[N+](=O)[O-])c2c([N+](=O)[O-])c([N+](=O)[O-])nn12,1.854240822686944,138.4923032300634
O=c1n([N+](=O)[O-])nc(C=N[N+](=O)[O-])c2nc(C=N[N+](=O)[O-])c([N+](=O)[O-])n12,1.7993168651122593,137.7467789133736
O=c1n([N+](=O)[O-])nc(C=N[N+](=O)[O-])c2nc([N+](=O)[O-])c(C=N[N+](=O)[O-])n12,1.8096057932724576,138.42328885824622
O=c1n([N+](=O)[O-])nc(C=N[N+](=O)[O-])c2nc([N+](=O)[O-])c([N+](=O)[O-])n12,1.8649451474091363,156.20917365061212
O=c1n([N+](=O)[O-])nc([N+](=O)[O-])c2c(C=N[N+](=O)[O-])c(C=N[N+](=O)[O-])nn12,1.8265636981258484,146.29725532429163
O=c1n([N+](=O)[O-])nc([N+](=O)[O-])c2c(C=N[N+](=O)[O-])c([N+](=O)[O-])nn12,1.8946258282860848,151.8010325775266
O=c1n([N+](=O)[O-])nc([N+](=O)[O-])c2c(C=N[N+](=O)[O-])cnn12,1.8297509358025577,137.00180945955063
O=c1n([N+](=O)[O-])nc([N+](=O)[O-])c2c([N+](=O)[O-])c(C=N[N+](=O)[O-])nn12,1.8522303611714968,156.27124563108362
O=c1n([N+](=O)[O-])nc([N+](=O)[O-])c2c([N+](=O)[O-])c([N+](=O)[O-])nn12,1.923469967731529,176.64606111048718
O=c1n([N+](=O)[O-])nc([N+](=O)[O-])c2c([N+](=O)[O-])cnn12,1.894693651084196,195.54035053444997
O=c1n([N+](=O)[O-])nc([N+](=O)[O-])c2cc([N+](=O)[O-])nn12,1.9113421957651773,172.4870270425672
O=c1n([N+](=O)[O-])nc([N+](=O)[O-])c2nc(C=N[N+](=O)[O-])c(C=N[N+](=O)[O-])n12,1.824283138462912,144.05193667855931
O=c1n([N+](=O)[O-])nc([N+](=O)[O-])c2nc(C=N[N+](=O)[O-])c([N+](=O)[O-])n12,1.8740822448935184,158.9277705052198
O=c1n([N+](=O)[O-])nc([N+](=O)[O-])c2nc([N+](=O)[O-])c(C=N[N+](=O)[O-])n12,1.870432720372752,161.23432223161302
O=c1n([N+](=O)[O-])nc([N+](=O)[O-])c2nc([N+](=O)[O-])c([N+](=O)[O-])n12,1.9388123451028256,186.66758466953763
O=c1n([N+](=O)[O-])nc([N+](=O)[O-])c2nc([N+](=O)[O-])cn12,1.894617187748372,185.14327068618948
O=c1n([N+](=O)[O-])nc([N+](=O)[O-])c2ncc([N+](=O)[O-])n12,1.8990071231994807,193.7317287814441
O=c1n([N+](=O)[O-])ncc2c([N+](=O)[O-])c([N+](=O)[O-])nn12,1.8980166066628832,171.5192273036293
O=c1n([N+](=O)[O-])ncc2nc([N+](=O)[O-])c([N+](=O)[O-])n12,1.8804189766428707,168.37230934338015
O=c1nc(C=N[N+](=O)[O-])n(C=N[N+](=O)[O-])c2nc([N+](=O)[O-])n([N+](=O)[O-])c12,1.7989611207980714,143.31873824412554
O=c1nc(C=N[N+](=O)[O-])n([N+](=O)[O-])c2nc(C=N[N+](=O)[O-])n([N+](=O)[O-])c12,1.8172703840579696,119.69745976395936
O=c1nc(C=N[N+](=O)[O-])n([N+](=O)[O-])c2nc([N+](=O)[O-])n(C=N[N+](=O)[O-])c12,1.8387471455234847,154.01161944999944
O=c1nc(C=N[N+](=O)[O-])n([N+](=O)[O-])c2nc([N+](=O)[O-])n(N[N+](=O)[O-])c12,1.8141307235679955,112.6823021165816
O=c1nc(C=N[N+](=O)[O-])n([N+](=O)[O-])c2nc([N+](=O)[O-])n([N+](=O)[O-])c12,1.875426119654392,141.80496665524714
O=c1nc(C=N[N+](=O)[O-])nc2n([N+](=O)[O-])c([N+](=O)[O-])nn12,1.8795056103467684,144.69276365668648
O=c1nc(N[N+](=O)[O-])[nH]c2nc([N+](=O)[O-])n(N[N+](=O)[O-])c12,1.881576664084835,139.2858099737134
O=c1nc(N[N+](=O)[O-])n([N+](=O)[O-])c2nc([N+](=O)[O-])[nH]c12,1.903839497564923,113.54663314187631
O=c1nc(N[N+](=O)[O-])nc2[nH]nnn12,1.885939810253748,140.70246734987583
O=c1nc([N+](=O)[O-])[nH]c2nc([N+](=O)[O-])n(N[N+](=O)[O-])c12,1.9331218821909149,178.0834201559906
O=c1nc([N+](=O)[O-])[nH]c2nc([N+](=O)[O-])n([N+](=O)[O-])c12,1.947077652100182,207.6998531965423
O=c1nc([N+](=O)[O-])c2n[nH]nc2n1N[N+](=O)[O-],1.937658489865872,167.48020214719236
O=c1nc([N+](=O)[O-])c2n[nH]nc2n1[N+](=O)[O-],1.9384243885748225,158.33141842807322
O=c1nc([N+](=O)[O-])c2nn(C=N[N+](=O)[O-])nc2n1C=N[N+](=O)[O-],1.822078066008108,141.07652418824335
O=c1nc([N+](=O)[O-])n(C=N[N+](=O)[O-])c2nc(C=N[N+](=O)[O-])n([N+](=O)[O-])c12,1.811248073883871,142.13653685124024
O=c1nc([N+](=O)[O-])n(C=N[N+](=O)[O-])c2nc([N+](=O)[O-])n(C=N[N+](=O)[O-])c12,1.8470050411809629,156.08045207101782
O=c1nc([N+](=O)[O-])n(C=N[N+](=O)[O-])c2nc([N+](=O)[O-])n(N[N+](=O)[O-])c12,1.84161685247748,128.948146690776
O=c1nc([N+](=O)[O-])n(C=N[N+](=O)[O-])c2nc([N+](=O)[O-])n([N+](=O)[O-])c12,1.8870230950739035,151.2379260338176
O=c1nc([N+](=O)[O-])n(N[N+](=O)[O-])c2nc([N+](=O)[O-])[nH]c12,1.911694577861762,174.87706581388747
O=c1nc([N+](=O)[O-])n(N[N+](=O)[O-])c2nc([N+](=O)[O-])n(N[N+](=O)[O-])c12,1.8900097565864749,141.53371797949092
O=c1nc([N+](=O)[O-])n(N[N+](=O)[O-])c2nc([N+](=O)[O-])n([N+](=O)[O-])c12,1.9054448299355744,125.55948026385715
O=c1nc([N+](=O)[O-])n([N+](=O)[O-])c2nc(C=N[N+](=O)[O-])[nH]c12,1.860626613891008,177.81962249587468
O=c1nc([N+](=O)[O-])n([N+](=O)[O-])c2nc(C=N[N+](=O)[O-])n(C=N[N+](=O)[O-])c12,1.815090654770264,151.82674122368974
O=c1nc([N+](=O)[O-])n([N+](=O)[O-])c2nc(C=N[N+](=O)[O-])n([N+](=O)[O-])c12,1.8554142004777248,128.4762754555987
O=c1nc([N+](=O)[O-])n([N+](=O)[O-])c2nc([N+](=O)[O-])[nH]c12,1.93142714375431,200.32156422486537
O=c1nc([N+](=O)[O-])n([N+](=O)[O-])c2nc([N+](=O)[O-])n(C=N[N+](=O)[O-])c12,1.8668118289309323,152.63302302429747
O=c1nc([N+](=O)[O-])n([N+](=O)[O-])c2nc([N+](=O)[O-])n(N[N+](=O)[O-])c12,1.908058249141268,124.95354359123712
O=c1nc([N+](=O)[O-])n([N+](=O)[O-])c2nc([N+](=O)[O-])n([N+](=O)[O-])c12,1.93550316377045,153.85952757489508
O=c1nc([N+](=O)[O-])n([N+](=O)[O-])c2ncn([N+](=O)[O-])c12,1.872688551467508,128.89502517678733
O=c1nc([N+](=O)[O-])nc2[nH]c([N+](=O)[O-])nn12,1.964680921969078,241.49937922497483
O=c1nc([N+](=O)[O-])nc2[nH]nnn12,1.9307880693394823,239.9033624271095
O=c1nc([N+](=O)[O-])nc2n(C=N[N+](=O)[O-])c(C=N[N+](=O)[O-])nn12,1.7995240934058494,144.7531380210059
O=c1nc([N+](=O)[O-])nc2n(C=N[N+](=O)[O-])c([N+](=O)[O-])nn12,1.862954967657944,159.44829792940988
O=c1nc([N+](=O)[O-])nc2n(C=N[N+](=O)[O-])nnn12,1.8491773229759123,145.94913171943813
O=c1nc([N+](=O)[O-])nc2n(N[N+](=O)[O-])c([N+](=O)[O-])nn12,1.912827500582668,137.04087444757965
O=c1nc([N+](=O)[O-])nc2n([N+](=O)[O-])c(C=N[N+](=O)[O-])nn12,1.843069655858135,133.16258117374488
O=c1nc([N+](=O)[O-])nc2n([N+](=O)[O-])c([N+](=O)[O-])nn12,1.9391821890392225,173.25709083009363
O=c1nc([N+](=O)[O-])nc2n([N+](=O)[O-])cnn12,1.8671267204935929,141.2611349906502
O=c1nc2[nH]c([N+](=O)[O-])nc2nn1[N+](=O)[O-],1.9023209682530489,198.36167628554503
O=c1nc2[nH]nc(N[N+](=O)[O-])nc-2c(=O)n1N[N+](=O)[O-],1.931175736644466,131.28637844466115
O=c1nc2[nH]nc(N[N+](=O)[O-])nc-2n1C=N[N+](=O)[O-],1.869686524982016,154.91408408636812
O=c1nc2[nH]nc([N+](=O)[O-])nc-2c(=O)n1N[N+](=O)[O-],1.938244058022061,161.61143081574812
O=c1nc2[nH]nc([N+](=O)[O-])nc-2c(=O)n1[N+](=O)[O-],1.99718922785066,167.60648629347884
O=c1nc2[nH]nc([N+](=O)[O-])nc-2n1N[N+](=O)[O-],1.93215237047612,201.2192993158453
O=c1nc2[nH]nc([N+](=O)[O-])nc-2n1[N+](=O)[O-],1.970610500012497,211.36834555436715
O=c1nc2c(n[nH]1)nc([N+](=O)[O-])n2N[N+](=O)[O-],1.9334865562658352,189.6994478510433
O=c1nc2c(n[nH]1)nc([N+](=O)[O-])n2[N+](=O)[O-],1.9294836735207928,216.114411324373
O=c1nc2c(nc([N+](=O)[O-])n2[N+](=O)[O-])nn1C=N[N+](=O)[O-],1.8593880163092915,148.07737430026924
O=c1nc2c(nc([N+](=O)[O-])n2[N+](=O)[O-])nn1[N+](=O)[O-],1.9251900131823547,142.40799690332665
O=c1nc2n(C=N[N+](=O)[O-])nc([N+](=O)[O-])nc-2n1C=N[N+](=O)[O-],1.834157248507156,163.2096208265085
O=c1nc2n(C=N[N+](=O)[O-])nc([N+](=O)[O-])nc-2n1[N+](=O)[O-],1.8982689899004184,154.8290315354954
O=c1nc2n([N+](=O)[O-])nc(N[N+](=O)[O-])nc-2c(=O)[nH]1,1.94214003670846,113.27621676042034
O=c1nc2n([N+](=O)[O-])nc([N+](=O)[O-])nc-2[nH]1,1.9210520994400064,224.2067196312713
O=c1nc2n([N+](=O)[O-])nc([N+](=O)[O-])nc-2c(=O)[nH]1,1.9725298562767493,207.38393806000624
O=c1nc2n([N+](=O)[O-])nc([N+](=O)[O-])nc-2c(=O)n1C=N[N+](=O)[O-],1.891802577779624,146.9905300543549
O=c1nc2n([N+](=O)[O-])nc([N+](=O)[O-])nc-2c(=O)n1N[N+](=O)[O-],1.9263002318962168,109.86419324901206
O=c1nc2n([N+](=O)[O-])nc([N+](=O)[O-])nc-2c(=O)n1[N+](=O)[O-],1.9698251149025965,121.0828202322284
O=c1nc2n([N+](=O)[O-])nc([N+](=O)[O-])nc-2n1C=N[N+](=O)[O-],1.88000282087045,160.92728490094623
O=c1nc2n([N+](=O)[O-])nc([N+](=O)[O-])nc-2n1N[N+](=O)[O-],1.9321201221094275,138.19494957752488
O=c1nc2n([N+](=O)[O-])nc([N+](=O)[O-])nc-2n1[N+](=O)[O-],1.9574218580100136,152.12250294824128
O=c1ncn([N+](=O)[O-])c2nc([N+](=O)[O-])n([N+](=O)[O-])c12,1.8863752716627311,148.52800221425932
O=c1ncn([N+](=O)[O-])c2ncn([N+](=O)[O-])c12,1.835996670759348,118.64693261378112
O=c1ncnc2n([N+](=O)[O-])c([N+](=O)[O-])nn12,1.8930531419637784,184.23733815690315
OC(=O)C1=CNN=C1[N+]([O-])=O,1.8,260.8948770196654
OC1=C(C(=N)N=CO1)[N+]([O-])=O,1.823,341.3504844077444
OC1=C(C(=O)NC=N1)[N+]([O-])=O,1.835,310.70942112022175
OC1=C(C(=O)NN1)[N+]([O-])=O,1.879,347.5523385970448
OC1=C(C2=C(N1)N=CO2)[N+]([O-])=O,1.808,330.0473729475428
OC1=C(C2=C(N1)OC=N2)[N+]([O-])=O,1.861,319.9156694763646
OC1=C(C2=C(N1)ON=C2)[N+]([O-])=O,1.8,329.6938856683099
OC1=C(C2=C(NC=C2)O1)[N+]([O-])=O,1.816,315.10375337398455
OC1=C(C2=C(NC=N2)N1)[N+]([O-])=O,1.88,329.9939872131413
OC1=C(C2=C(NC=N2)O1)[N+]([O-])=O,1.904,304.23459751972683
OC1=C(C2=CNN=C2O1)[N+]([O-])=O,1.859,310.3785213835261
OC1=C(N2C=CNC2=N1)[N+]([O-])=O,1.819,320.91201162539267
OC1=C(N2C=COC2=N1)[N+]([O-])=O,1.807,309.23949360608844
OC1=C(N2N=CNC2=C1)[N+]([O-])=O,1.841,332.65863025946004
OC1=C(N=C2OC=CN12)[N+]([O-])=O,1.814,296.85648029131823
OC1=C(N=CO1)[N+]([O-])=O,1.847,275.5404117932616
OC1=C(N=NN1)[N+]([O-])=O,1.82,332.4013126049675
OC1=C(NC(=O)N1)[N+]([O-])=O,1.826,342.4585851858666
OC1=C(NC2=C1N=CN2)[N+]([O-])=O,1.838,326.5003658327574
OC1=C(NC2=C1N=CO2)[N+]([O-])=O,1.836,319.4753527639831
OC1=C(O)C(=NN1)[N+]([O-])=O,1.844,298.1898686043942
OC1=C(O)N=C(N1)[N+]([O-])=O,1.868,311.60887034112955
OC1=C(OC(=N)N1)[N+]([O-])=O,1.806,342.29610284302976
OC1=C(OC2=C1NC=N2)[N+]([O-])=O,1.836,313.42576219305533
OC1=C(OC2=CNN=C12)[N+]([O-])=O,1.859,313.657252302199
OC1=C(OC2=NNC=C12)[N+]([O-])=O,1.819,310.5077020460876
OC1=C(OC=N1)[N+]([O-])=O,1.82,301.28871166053864
OC1=C(ON=N1)[N+]([O-])=O,1.849,299.4236689411396
OC1=C2C=COC2=C(N1)[N+]([O-])=O,1.815,303.4206136940867
OC1=C2COC2=C(N1)[N+]([O-])=O,1.803,335.7597852442163
OC1=C2N(C1)N=C(C2=O)[N+]([O-])=O,1.802,299.81998634928345
OC1=C2N=CNN2C=C1[N+]([O-])=O,1.822,330.46008523229943
OC1=C2N=COC2=C(N1)[N+]([O-])=O,1.836,298.61966273883684
OC1=C2N=CON2C=C1[N+]([O-])=O,1.815,325.550486843316
OC1=C2NC(=O)C2=C(N1)[N+]([O-])=O,1.804,294.399293204846
OC1=C2NC=CN2C(=N1)[N+]([O-])=O,1.828,293.18500554558415
OC1=C2NC=NC2=C(O1)[N+]([O-])=O,1.906,293.31838400995366
OC1=C2NN=CN2C(=C1)[N+]([O-])=O,1.8,305.04467088325794
OC1=C2NOC(=C2N=C1)[N+]([O-])=O,1.809,320.89481748203127
OC1=C2OC=CC2=C(N1)[N+]([O-])=O,1.811,301.44522922755704
OC1=C2OC=CN2C(=N1)[N+]([O-])=O,1.8,286.38807579400634
OC1=C2OC=NC2=C(N1)[N+]([O-])=O,1.87,301.64537619023514
OC1=C2OC=NN2C(=C1)[N+]([O-])=O,1.839,303.2439790453905
OC1=CC(=C(O)N1)[N+]([O-])=O,1.806,344.9289535681812
OC1=CC(=C2N=CNN12)[N+]([O-])=O,1.857,310.3179422483868
OC1=CC(=C2N=CON12)[N+]([O-])=O,1.859,279.1062553464117
OC1=CC(=C2OC=NN12)[N+]([O-])=O,1.832,293.3708350646449
OC1=CC(=C2ON=CN12)[N+]([O-])=O,1.808,307.04259995650773
OC1=CC(=NC(=O)N1)[N+]([O-])=O,1.827,265.24604474055724
OC1=CC(=O)N=C(N1)[N+]([O-])=O,1.848,270.81643072131993
OC1=CC2=C(C=NN2N1)[N+]([O-])=O,1.804,322.8757571827395
OC1=CC2=C(C=NN2O1)[N+]([O-])=O,1.806,299.62499498740965
OC1=CC2=C(N1)C(=NN2)[N+]([O-])=O,1.823,325.5941558720376
OC1=CC2=C(N1)C(=NO2)[N+]([O-])=O,1.806,300.4778918743415
OC1=CC2=C(N1)C=C(O2)[N+]([O-])=O,1.836,312.63539306680707
OC1=CC2=C(N1)N=C(N2)[N+]([O-])=O,1.829,306.5339261205858
OC1=CC2=C(N1)N=C(O2)[N+]([O-])=O,1.853,287.4658374632315
OC1=CC2=C(N1)NC(=N2)[N+]([O-])=O,1.845,314.6158406569965
OC1=CC2=C(N1)OC(=C2)[N+]([O-])=O,1.818,315.74901925504633
OC1=CC2=C(N1)OC(=N2)[N+]([O-])=O,1.865,289.22288339166334
OC1=CC2=C(N1)ON=C2[N+]([O-])=O,1.833,281.6484999378893
OC1=CC2=C(N=CN2N1)[N+]([O-])=O,1.863,309.0226280967919
OC1=CC2=C(N=CN2O1)[N+]([O-])=O,1.858,288.0971954423157
OC1=CC2=C(NC(=N2)[N+]([O-])=O)O1,1.853,299.03482236516686
OC1=CC2=C(NC=C2[N+]([O-])=O)O1,1.8,317.8423781358806
OC1=CC2=C(NN=C2[N+]([O-])=O)N1,1.851,313.32782889705976
OC1=CC2=C(O1)C(=NN2)[N+]([O-])=O,1.837,290.8269572607408
OC1=CC2=C(O1)N=C(N2)[N+]([O-])=O,1.85,293.9709126496117
OC1=CC2=C(OC=C2N1)[N+]([O-])=O,1.84,300.86189000573967
OC1=CC2=CN=C(N2N1)[N+]([O-])=O,1.8,303.3172374575879
OC1=CC2=CN=C(N2O1)[N+]([O-])=O,1.82,279.4622675819641
OC1=CC2=NC(=CN2N1)[N+]([O-])=O,1.834,313.21858036188706
OC1=CC2=NC(=CN2O1)[N+]([O-])=O,1.84,289.74025338192075
OC1=CN2C(N1)=CN=C2[N+]([O-])=O,1.844,311.75374239345484
OC1=CN2C(O1)=CN=C2[N+]([O-])=O,1.837,291.41047813409193
OC1=CN2C(O1)=NC=C2[N+]([O-])=O,1.8,305.58347905725697
OC1=CN2C=C(N=C2N1)[N+]([O-])=O,1.843,321.69060312674145
OC1=CN2C=C(N=C2O1)[N+]([O-])=O,1.853,298.97521754279967
OC1=CN2C=NC(=C2N1)[N+]([O-])=O,1.841,316.3951438524497
OC1=CN2C=NC(=C2O1)[N+]([O-])=O,1.847,287.2870494181712
OC1=CN2N=CC(=C2O1)[N+]([O-])=O,1.801,315.32463503355524
OC1=CN2NC=NC2=C1[N+]([O-])=O,1.83,332.86303777629416
OC1=CN=C(C(=O)N1)[N+]([O-])=O,1.819,297.7148135132429
OC1=CN=C(O1)[N+]([O-])=O,1.815,250.26219554493176
OC1=CNC(=NC1=O)[N+]([O-])=O,1.802,284.208458856666
OC1=CNC(=O)C(=N1)[N+]([O-])=O,1.8,262.07623378452416
OC1=CNC(=O)N=C1[N+]([O-])=O,1.824,290.79763540043297
OC1=CNC2=C(N=CN12)[N+]([O-])=O,1.857,308.7455104251169
OC1=CNC2=C1N=C(O2)[N+]([O-])=O,1.807,281.07061356484064
OC1=CNC2=C1NC(=N2)[N+]([O-])=O,1.803,310.4840378053683
OC1=CNC2=C1NN=C2[N+]([O-])=O,1.81,316.1403759249404
OC1=CNC2=C1OC(=N2)[N+]([O-])=O,1.81,282.4384397059668
OC1=CNC2=NC(=CN12)[N+]([O-])=O,1.85,316.3404700435359
OC1=CNN2C1=CN=C2[N+]([O-])=O,1.811,299.38287000665173
OC1=CNN2N=C(C=C12)[N+]([O-])=O,1.8,315.414113276342
OC1=CNN=C(C1=O)[N+]([O-])=O,1.823,265.9878926779099
OC1=COC2=C(N=CN12)[N+]([O-])=O,1.875,284.8555561154639
OC1=COC2=C1N=C(N2)[N+]([O-])=O,1.803,307.0890168775222
OC1=COC2=C1NC(=N2)[N+]([O-])=O,1.832,307.9011841878245
OC1=COC2=C1NC=C2[N+]([O-])=O,1.811,335.6213535644524
OC1=COC2=C1NN=C2[N+]([O-])=O,1.847,295.0164064009265
OC1=COC2=NC(=CN12)[N+]([O-])=O,1.874,298.90153637794185
OC1=CON2C1=CN=C2[N+]([O-])=O,1.84,286.4954384559829
OC1=CON2N=C(C=C12)[N+]([O-])=O,1.835,298.6273515528486
OC=C(O)C1=C(N=CN1)[N+]([O-])=O,1.813,284.33935530053304
OC=C1NC(=NC1=O)[N+]([O-])=O,1.806,257.84374308749165
OC=C1NN=C(C1=O)[N+]([O-])=O,1.824,279.2813228377845
OC=CC1=C(C(=O)NN1)[N+]([O-])=O,1.851,298.1307691035664
OC=CC1=C(N=CN1O)[N+]([O-])=O,1.8,272.4030759514196
ON1C(O)=CN=C1[N+]([O-])=O,1.805,292.1824674278765
ON1C=C(C(=O)C=N1)[N+]([O-])=O,1.809,247.2924315916277
ON1C=C(C2=C1NC=N2)[N+]([O-])=O,1.852,319.0087329095097
ON1C=C(C2=C1OC=N2)[N+]([O-])=O,1.843,284.13440117771995
ON1C=C(C2=NNC=C12)[N+]([O-])=O,1.821,323.4782391734625
ON1C=CC2=C1NN=C2[N+]([O-])=O,1.806,296.2696467545419
ON1C=CC2=C1OC(=N2)[N+]([O-])=O,1.801,248.026095714539
ON1C=NC(=C1O)[N+]([O-])=O,1.853,288.48335027283326
ON1C=NC(=O)C(=C1)[N+]([O-])=O,1.836,247.37887625380023
ON1C=NC2=C(NC=C12)[N+]([O-])=O,1.802,330.19212610068234
ON1C=NC2=C(OC=C12)[N+]([O-])=O,1.842,291.84620731955664
ON1C=NC2=C1NC=C2[N+]([O-])=O,1.856,336.11534665368947
ON1C=NC2=C1OC=C2[N+]([O-])=O,1.83,298.0250512136594
ON1C=NN2C1=CC=C2[N+]([O-])=O,1.827,295.27933213368027
ON1N=C(C=C1O)[N+]([O-])=O,1.844,272.0971557776856
ON1N=CC(=C1O)[N+]([O-])=O,1.843,300.9831308448973
ON1NC(=O)C(=C1)[N+]([O-])=O,1.839,273.1588825706104
ON1NC=C(C1=O)[N+]([O-])=O,1.833,278.11651375357025
ONC1=C(C(=O)C=CN1)[N+]([O-])=O,1.856,288.18554744559304
ONC1=CC(=O)C(=CN1)[N+]([O-])=O,1.834,307.2526816067062
ONC1=CC=C(C(=O)N1)[N+]([O-])=O,1.809,304.5064902327392
ONC=C1NC=C(C1=O)[N+]([O-])=O,1.817,293.41717932504594
O[C@H](C([N+](=O)[O-])[N+](=O)[O-])[C@H](C([N+](=O)[O-])[N+](=O)[O-])O,1.8177,171.35693652059172
Oc1c([N+](=O)[O-])c(O)c(c(c1[N+](=O)[O-])O)[N+](=O)[O-],1.8871,254.2999714342296
Oc1nnc2nncn2n1,1.8421,289.2004477758635
[O-][N+](=O)/N=C/1\N[C@@H]2[C@H](N1)N/C(=N\[N+](=O)[O-])/N2,1.8395,199.21555078800407
[O-][N+](=O)/N=[N+]/1\C=[NH+]N=C1,1.8187,248.55424589763768
[O-][N+](=O)/N=c/1\[nH]nc(o1)c1n[nH]/c(=N\[N+](=O)[O-])/o1,1.9896,173.1393674251811
[O-][N+](=O)C(CC([N+](=O)[O-])([N+](=O)[O-])[N+](=O)[O-])CC([N+](=O)[O-])([N+](=O)[O-])[N+](=O)[O-],1.9079,124.27001859440529
[O-][N+](=O)C([N+](=O)[O-])([N+](=O)[O-])CNc1nonc1NCC([N+](=O)[O-])([N+](=O)[O-])[N+](=O)[O-],1.8335,141.31186530990323
[O-][N+](=O)C(c1nonc1Oc1nonc1C([N+](=O)[O-])[N+](=O)[O-])[N+](=O)[O-],1.8396,131.00810150592508
[O-][N+](=O)C1(CC(C1)([N+](=O)[O-])[N+](=O)[O-])[N+](=O)[O-],1.8312,169.7718452367947
[O-][N+](=O)C1([N+](=O)[O-])[C@@H]2[C@@H]3[C@@H]4[C@H]1[C@@H]1[C@H]2C([C@H]3[C@H]4C1([N+](=O)[O-])[N+](=O)[O-])([N+](=O)[O-])[N+](=O)[O-],1.828,121.59118030641014
[O-][N+](=O)C1([N+](=O)[O-])[C@H]2C[C@H]3[C@H]([C@@H]1C[C@@H]([C@H]2O[N+](=O)[O-])C3([N+](=O)[O-])[N+](=O)[O-])O[N+](=O)[O-],1.852,110.87883926713523
[O-][N+](=O)C1=C(N)[N+](=O)C(=C(C1=[NH2+])[N+](=O)[O-])N,1.8762,323.86728391474475
[O-][N+](=O)C1=C(N)[N+](=O)C(=[NH2+])C(=C1)[N+](=O)[O-],1.888,303.9605415020849
[O-][N+](=O)C1=C(N)[N+](=O)C(=[NH2+])C(=N1)[N+](=O)[O-],1.9219,268.4988469670045
[O-][N+](=O)C1=C(N=CN1)[N+]([O-])=O,1.809,260.39084520612045
[O-][N+](=O)C1=C2C(=O)NC=C2N=N1,1.812,249.75358858980184
[O-][N+](=O)C1=C2C=CNN2NC1=O,1.837,277.8955098920586
[O-][N+](=O)C1=C2C=CON2NC1=O,1.801,263.1461348964692
[O-][N+](=O)C1=C2C=NN=C2N=CN1,1.812,307.57768592544176
[O-][N+](=O)C1=C2C=NN=C2ON1,1.854,315.7903334193391
[O-][N+](=O)C1=C2N=CNN2C=N1,1.826,284.5942966226882
[O-][N+](=O)C1=C2N=CNOC2=CO1,1.83,293.49629682489666
[O-][N+](=O)C1=C2N=COC2=NO1,1.811,227.6598822609489
[O-][N+](=O)C1=C2NC(=O)C2=NO1,1.803,274.1148477121223
[O-][N+](=O)C1=C2NNC=C2NC1=O,1.849,299.46828916334715
[O-][N+](=O)C1=C2NNC=C2OC1=O,1.865,282.74862786505594
[O-][N+](=O)C1=C2OC(=O)CN2C=N1,1.801,286.8153235042209
[O-][N+](=O)C1=C2OC=CN2NC1=O,1.85,286.3904835025178
[O-][N+](=O)C1=C2OC=NC2=NO1,1.808,259.113743272165
[O-][N+](=O)C1=C2OC=NN2C=N1,1.806,276.71573767559323
[O-][N+](=O)C1=C2OCON2C=N1,1.803,270.0436289497661
[O-][N+](=O)C1=C2ON=CN2C=N1,1.818,280.5968927867739
[O-][N+](=O)C1=C2ONC=C2NC1=O,1.881,283.1532021610991
[O-][N+](=O)C1=CC(=[N+]([O-])[O-])[N+](=O)C(=C1)[N+](=O)[O-],1.8746,250.54715395735596
[O-][N+](=O)C1=CN2C=CON2C1=O,1.815,266.6453548080877
[O-][N+](=O)C1=CN2C=NOC2=N1,1.8,291.79916617781697
[O-][N+](=O)C1=CN2N=COC2=N1,1.805,292.5526534371968
[O-][N+](=O)C1=CN2OCOC2=N1,1.813,269.3910107228744
[O-][N+](=O)C1=CNC(=O)NC1=O,1.801,284.01733336970665
[O-][N+](=O)C1=CNC2=C1C(=O)NN2,1.85,284.3718494571718
[O-][N+](=O)C1=CNC2=C1C(=O)NO2,1.863,293.89149459904144
[O-][N+](=O)C1=CNC2=C1C(=O)ON2,1.867,282.6290417062333
[O-][N+](=O)C1=CNC2=C1N=NN2,1.801,300.52032236987816
[O-][N+](=O)C1=CNC=C2N=NN=C12,1.818,319.55084053591327
[O-][N+](=O)C1=CNN=C1[N+]([O-])=O,1.804,265.91171628152887
[O-][N+](=O)C1=CNN=NC1=O,1.821,294.81048291947405
[O-][N+](=O)C1=CNNC(=O)C1=N,1.8,307.06852328175626
[O-][N+](=O)C1=CNOC(=O)C1=N,1.829,312.00610591520785
[O-][N+](=O)C1=CNOC1=O,1.852,287.6264372356273
[O-][N+](=O)C1=COC(=O)N=N1,1.801,201.34073501755736
[O-][N+](=O)C1=COC2=C1C(=O)NN2,1.816,282.0242643006744
[O-][N+](=O)C1=COC2=C1N=CNO2,1.812,309.6397908341998
[O-][N+](=O)C1=CONC1=O,1.816,300.20223071769186
[O-][N+](=O)C1=NC(=CN1)[N+]([O-])=O,1.812,285.27700914175074
[O-][N+](=O)C1=NC(=O)N=CN1,1.835,250.0229381813413
[O-][N+](=O)C1=NC(=O)N=CO1,1.829,164.682550545082
[O-][N+](=O)C1=NC(=O)NN1,1.835,275.9104491785998
[O-][N+](=O)C1=NC(=O)NO1,1.864,239.7858784719461
[O-][N+](=O)C1=NC(=O)ON1,1.892,252.31892769673377
[O-][N+](=O)C1=NC2=C(N1)OC=N2,1.803,302.906691780216
[O-][N+](=O)C1=NC2=C(N1)OCO2,1.838,301.3353003248214
[O-][N+](=O)C1=NC2=C(NC1=O)OC2,1.805,317.49576058737995
[O-][N+](=O)C1=NC2=C(O1)C=NO2,1.807,257.2178098837572
[O-][N+](=O)C1=NC2=C(O1)N=CN2,1.806,277.136507031562
[O-][N+](=O)C1=NC2=C(O1)N=CO2,1.838,236.4138001328168
[O-][N+](=O)C1=NC2=C(OC=N2)O1,1.835,236.2257676760645
[O-][N+](=O)C1=NC2=C(ON=C2)O1,1.807,238.6644527281321
[O-][N+](=O)C1=NC2=CNC(=O)C2=N1,1.833,251.80934395176536
[O-][N+](=O)C1=NC=C2NC=NN12,1.815,291.3251382435203
[O-][N+](=O)C1=NN=C2C(=O)NC=C12,1.807,247.2666453307183
[O-][N+](=O)C1=NN=NO1,1.817,200.25342838592067
[O-][N+](=O)C1=NNC(=O)O1,1.854,242.6164800109072
[O-][N+](=O)C1=NNC2=C1C(=O)OC2,1.811,313.98252744685766
[O-][N+](=O)C1=NNC2=C1N=CN2,1.834,287.29407437839586
[O-][N+](=O)C1=NNC2=C1N=CO2,1.818,263.5768975638625
[O-][N+](=O)C1=NNC2=C1OC=CO2,1.805,299.3221818805921
[O-][N+](=O)C1=NNC2=C1OC=N2,1.801,283.3310654347147
[O-][N+](=O)C1=NNC2=C1OCO2,1.831,283.61935302433983
[O-][N+](=O)C1=NNNC1=O,1.835,258.67382784453537
[O-][N+](=O)C1=NNOC1=O,1.89,262.5538774100319
[O-][N+](=O)C1=NOC(=O)N1,1.849,260.46297448889766
[O-][N+](=O)C1=NOC2=C1N=CN2,1.812,261.3521236549955
[O-][N+](=O)C1=NOC2=C1N=CO2,1.822,183.73882689860764
[O-][N+](=O)C1=NOC2=C1OC=N2,1.817,205.0937151551226
[O-][N+](=O)C1=NON=N1,1.82,182.3826693914607
[O-][N+](=O)C1=NONC1=O,1.862,262.9619790485856
[O-][N+](=O)N(CC([N+](=O)[O-])([N+](=O)[O-])[N+](=O)[O-])CCN([N+](=O)[O-])CC([N+](=O)[O-])([N+](=O)[O-])[N+](=O)[O-],1.8757,142.14287814114687
[O-][N+](=O)N1CC(C1)([N+](=O)[O-])[N+](=O)[O-],1.861,161.27362501801352
[O-][N+](=O)N1CC(CN(CC(C1)([N+](=O)[O-])[N+](=O)[O-])[N+](=O)[O-])([N+](=O)[O-])[N+](=O)[O-],1.8706,146.55775022924786
[O-][N+](=O)N1CCN([C@@H]2[C@@H]1N(CCN2[N+](=O)[O-])[N+](=O)[O-])[N+](=O)[O-],1.8217,141.14803544296126
[O-][N+](=O)N1CCN([C@@H]2[C@H]1N([N+](=O)[O-])C(=O)N2[N+](=O)[O-])[N+](=O)[O-],1.9691,137.2019035781462
[O-][N+](=O)N1CCN(c2c1non2)[N+](=O)[O-],1.8301,99.11352703886394
[O-][N+](=O)N1CCN=C1C([N+](=O)[O-])([N+](=O)[O-])[N+](=O)[O-],1.8129,102.9530988112063
[O-][N+](=O)N1CCNC1=C([N+](=O)[O-])[N+](=O)[O-],1.8006,93.25001369363392
[O-][N+](=O)N1CN(CN(C1)[N+](=O)[O-])[N+](=O)[O-],1.806,153.7651348324307
[O-][N+](=O)N1CN(CN(CN(C1)[N+](=O)[O-])[N+](=O)[O-])[N+](=O)[O-],1.9194,157.11577333644072
[O-][N+](=O)N1CN([C@H]2[C@@H]1N(CN2[N+](=O)[O-])[N+](=O)[O-])[N+](=O)[O-],1.8614,141.64606449900344
[O-][N+](=O)N1CN([C@H]2[C@@H]1[C@H]1[C@@H]2N(CN1[N+](=O)[O-])[N+](=O)[O-])[N+](=O)[O-],1.83,140.3770006454179
[O-][N+](=O)N1CN([N+](=O)[O-])C(=O)N(C1)[N+](=O)[O-],1.9311,134.3735429585609
[O-][N+](=O)N1CN([N+](=O)[O-])c2c(N(C1)[N+](=O)[O-])non2,1.892,99.11853401568604
[O-][N+](=O)N1[C@@H]2N([C@@H]3[C@H]1N([N+](=O)[O-])[C@@H]1N([C@H]2N([N+](=O)[O-])[C@@H]1N3[N+](=O)[O-])[N+](=O)[O-])[N+](=O)[O-],2.063,145.19821730632768
[O-][N+](=O)N1[C@@H]2NC(=O)N([C@@H]2N([C@H]2[C@@H]1NC(=O)N2[N+](=O)[O-])[N+](=O)[O-])[N+](=O)[O-],1.9454,139.10892761838028
[O-][N+](=O)N1[C@@H]2O[C@@H]3[C@H]1N([N+](=O)[O-])[C@@H]1N([C@H]2O[C@@H]1N3[N+](=O)[O-])[N+](=O)[O-],2.0142,152.971178914079
[O-][N+](=O)N1[C@@H]2O[C@H]3O[C@@H]2N([C@H]2[C@@H]1O[C@@H]3O2)[N+](=O)[O-],1.9868,177.52209710006787
[O-][N+](=O)N1[C@@H]2[C@H]3N[C@H]4N([C@H]([C@@H]1N([N+](=O)[O-])[C@H]4N3[N+](=O)[O-])N2[N+](=O)[O-])[N+](=O)[O-],1.9071,152.085003466158
[O-][N+](=O)N1[C@H]2O[C@H]3[C@@H]1N([N+](=O)[O-])[C@H]1O[C@@H]2N([N+](=O)[O-])[C@H]1N3[N+](=O)[O-],1.9671,153.9314615822734
[O-][N+](=O)Nc1n[nH]nc1[N+](=O)[O-],1.9185,128.520413475553
[O-][N+](=O)Nn1cc(nc1[N+](=O)[O-])[N+](=O)[O-],1.8042,151.57808339322588
[O-][N+](=O)OCc1onc(n1)c1noc(n1)CO[N+](=O)[O-],1.8321,145.9386421690509
[O-][N+](=O)O[C@@H]([C@@H]([C@@H](O[N+](=O)[O-])CO[N+](=O)[O-])O[N+](=O)[O-])[C@H](O[N+](=O)[O-])CO[N+](=O)[O-],1.868,135.18082879673716
[O-][N+](=O)O[C@]12C[C@H]3N([C@@H](C2)N([C@@H](C1)N3[N+](=O)[O-])[N+](=O)[O-])[N+](=O)[O-],1.8398,132.31975769005018
[O-][N+](=O)[C@]12CN(C[C@@]2(CN(C1)[N+](=O)[O-])[N+](=O)[O-])[N+](=O)[O-],1.8078,154.4456609275775
[O-][N+](=O)[C@]12[C@H]3[C@]4([C@@H]2[C@]2([C@@H]1[C@@]3([C@@H]42)[N+](=O)[O-])[N+](=O)[O-])[N+](=O)[O-],1.8138,238.80001431366213
[O-][N+](=O)[C@]12[C@H]3[C@]4([C@@H]2[C@]2([C@@H]1[C@@]3([C@@]42[N+](=O)[O-])[N+](=O)[O-])[N+](=O)[O-])[N+](=O)[O-],1.9592,224.16969574593105
[O-][N+](=O)c1[nH]nc(c1N)[N+](=O)[O-],1.9001,306.7681872413085
[O-][N+](=O)c1[nH]nc(c1Nc1nnc2n(n1)cnn2)[N+](=O)[O-],1.8273,259.69664735599
[O-][N+](=O)c1c(C(=O)N)c([N+](=O)[O-])c(c(c1N)[N+](=O)[O-])N,1.8874,263.9749315273951
[O-][N+](=O)c1c(C(=O)O)c([N+](=O)[O-])c(c(c1N)[N+](=O)[O-])N,1.863,273.1429385200769
[O-][N+](=O)c1c(N)[nH][nH]c1=O,1.8333,335.99278140971285
[O-][N+](=O)c1c(N)[nH]nc1[N+](=O)[O-],1.8716,261.6215915264541
[O-][N+](=O)c1c(N)c([N+](=O)[O-])c(c(c1N)[N+](=O)[O-])O,1.8905,276.45640038632047
[O-][N+](=O)c1c(N)c([N+](=O)[O-])c(c(c1N)[N+](=O)[O-])n1cnc(c1[N+](=O)[O-])[N+](=O)[O-],1.8275,262.4878165270162
[O-][N+](=O)c1c(O)[nH]c(=O)[nH]c1=O,1.8682,337.1430121326522
[O-][N+](=O)c1c([N+](=O)[O-])c(c(n1C)[N+](=O)[O-])[N+](=O)[O-],1.8092,249.10831692891853
[O-][N+](=O)c1c2N=NN=[n+]2c2c(c1N)[n+](=O)on2,1.9206,336.4173836130444
[O-][N+](=O)c1c2[N-]O[N+](=O)c2c2c(c1N)[N+](=O)O[N-]2,1.9323,291.0777883040997
[O-][N+](=O)c1c[nH]c(=O)[nH]c1=O,1.8072,284.0173317183291
[O-][N+](=O)c1c[nH]c(=O)c(c1)[N+](=O)[O-],1.8027,266.496909587524
[O-][N+](=O)c1cc([N+](=O)[O-])c(c(c1)[N+](=O)[O-])n1cnc(c1[N+](=O)[O-])[N+](=O)[O-],1.8019,243.05072956206035
[O-][N+](=O)c1cc([N+](=O)[O-])c(c(c1N)[N+](=O)[O-])N,1.8529,300.7029449136789
[O-][N+](=O)c1cc([N+](=O)[O-])c(c(c1N)[N+](=O)[O-])[N+](=O)[O-],1.8607,206.48284736978405
[O-][N+](=O)c1cc([N+](=O)[O-])c2c(c1)[N+]1=c3nc(cc(c3=N[N+]1=N2)[N+](=O)[O-])[N+](=O)[O-],1.8676,256.7990143368407
[O-][N+](=O)c1cc(cc2c1N=[N+]1[N+]2=Nc2c1cc(cc2[N+](=O)[O-])[N+](=O)[O-])[N+](=O)[O-],1.8298,267.760083802971
[O-][N+](=O)c1cc2[nH]c(=O)c(=O)[nH]c2cc1[N+](=O)[O-],1.8553,245.0172956723136
[O-][N+](=O)c1cc2c(=O)[nH]c3c(c2c(c1)[N+](=O)[O-])cc(cc3[N+](=O)[O-])[N+](=O)[O-],1.8136,224.68094903363263
[O-][N+](=O)c1cc2n3c(n[nH]c3=O)COc2c(c1)[N+](=O)[O-],1.8122,262.7916006438507
[O-][N+](=O)c1n[nH]c(=O)[nH]1,1.9155,276.5770037937323
[O-][N+](=O)c1n[nH]c(n1)N,1.8189,287.41486604285177
[O-][N+](=O)c1nc(cn1c1c([N+](=O)[O-])c(N)c(c(c1[N+](=O)[O-])N)[N+](=O)[O-])[N+](=O)[O-],1.8422,256.6622005942607
[O-][N+](=O)c1nc(n(n1)C([N+](=O)[O-])[N+](=O)[O-])c1nc(nn1C([N+](=O)[O-])[N+](=O)[O-])[N+](=O)[O-],1.9542,147.61405059544524
[O-][N+](=O)c1nc(n(n1)CO[N+](=O)[O-])c1nc(nn1CO[N+](=O)[O-])[N+](=O)[O-],1.8586,131.82112092705862
[O-][N+](=O)c1ncn(n1)/N=N/n1cnc(n1)[N+](=O)[O-],1.8193,271.5076577431842
[O-][N+](=O)c1nn(c(n1)[N+](=O)[O-])N,1.8548,267.7840659338744
[O-][N+](=O)c1nn(c2c1n(CO[N+](=O)[O-])nc2[N+](=O)[O-])CO[N+](=O)[O-],1.8272,134.50237683183065
[O-][N+](=O)c1nnc2n(c1N)nc(c2[N+](=O)[O-])[N+](=O)[O-],1.9461,250.9027616054013
[O-][N+](=O)c1nonc1c1no[n+](=O)/c/1=C\1/[N-]ON=C1N,1.8527,258.8891187653095
[O-][N+](=O)n1cnc(n1)/N=N/c1ncn(n1)[N+](=O)[O-],1.8303,127.28151038208588
n1onc2c1Nc1nonc1-c1nonc1-2,1.8697,303.80208191503255
