ID,smiles,density,DetoD,DetoP,DetoQ,DetoT,DetoV,HOF_S,BDE
XUMRON,[O-][N+](=O)c1cc(ccc1N/N=C/[C@H](c1ccccc1)C)[N+](=O)[O-],1.4045,4.97,9.5,3.149,2.021,641,21.4,298.0
GIJBEJ,O=C(C(=O)n1cc(c2c1cccc2)C)c1ccc(cc1)[N+](=O)[O-],1.3953,4.027,6.2,2.201,1.12,508,-289.7,283.3
CIJDAC,CCOC(=O)/C(=C(\N)/C)/[C@@H](c1cccc(c1)[N+](=O)[O-])C(C#N)C#N,1.314,4.297,6.8,2.018,1.377,682,-305.6,292.5
JILKEU,N#C[C@]1([N+](=O)[O-])[C@H]2[C@@H]1[C@@H]1C[C@H]2C=C1,1.395,5.176,10.3,4.206,2.676,636,256.7,179.6
FABRAD,CC(/N=C/c1cc(ccc1O)[N+](=O)[O-])C,1.364,4.544,7.8,2.038,1.536,753,-301.6,305.7
DARWEB,O=C(c1ccncc1)c1ccc(cc1)[N+](=O)[O-],1.4513,4.443,7.8,2.799,1.374,491,-87.5,284.7
SIDVOQ,[O-][N+](=O)c1ccc(cc1)N/N=C/c1ccc(c(c1)O)O,1.4869,4.797,9.2,2.622,1.505,574,-251.6,309.7
QUJGIL,OC(=O)c1cc(cc(c1c1c(cc(cc1C(=O)O)[N+](=O)[O-])C(=O)O)C(=O)O)[N+](=O)[O-],1.5578,5.074,10.6,2.261,1.085,479,-1594.9,287.6
NEZBIE,COc1ncc(c2c1[nH]cc2)OC(=O)c1ccc(cc1)[N+](=O)[O-],1.5034,4.55,8.3,2.383,1.193,500,-463.7,286.6
AFONOA,Nc1ccc(cc1/N=C/c1ccncc1)[N+](=O)[O-],1.4217,4.637,8.3,2.415,1.564,647,100.9,307.0
WAWBAY,COCCn1cnc2c1cc(cc2)[N+](=O)[O-],1.3987,4.813,8.9,2.367,1.678,709,-202.5,302.0
BAJBUJ,COC(=O)C1(NC(=O)c2c1c1ccccc1c(c2)[N+](=O)[O-])C(=O)OC,1.4871,4.419,7.8,2.071,1.011,488,-938.9,267.5
DIWFEU,Nc1ccccc1c1ccc(cc1)[N+](=O)[O-],1.3627,4.094,6.3,2.091,1.312,627,-36.2,295.8
COGGAI,[O-][N+](=O)c1ncn(n1)/N=N/n1cnc(n1)[N+](=O)[O-],1.8193,8.411,32.2,6.03,3.987,661,698.8,269.2
JEDSUG,O=C1N(CCN1[N+](=O)[O-])[N+](=O)[O-],1.7888,8.244,30.6,5.417,3.791,699,-121.9,150.8
XALNEF,CCOC(=O)C1=CC[C@H]2[C@@H]1C(=O)N(C2=O)c1ccccc1[N+](=O)[O-],1.4282,4.254,7.0,1.953,1.06,542,-806.8,268.8
OCALEL,C/C(=N\NC(=O)c1ccccc1[N+](=O)[O-])/c1ccccn1,1.336,4.428,7.3,2.399,1.513,630,-44.2,263.0
EJEJOS,[O-][N+](=O)c1cccc2c1nc(c1ccccn1)c(n2)c1ccccn1,1.3828,4.121,6.5,2.27,1.236,544,263.3,270.3
FACQAE,[O-][N+](=O)/N=c/1\[nH]nnn1/N=C/C1=C(C)[N+](=O)O[N-]1,1.7118,7.942,27.7,6.083,4.14,680,650.2,194.9
PNPAUR,O=C(Cc1ccc(cc1)[N+](=O)[O-])NCC(=O)O,1.4575,4.64,8.5,2.127,1.201,564,-705.7,295.3
LONSAK,O=C1CCC(=O)N1C(=O)c1ccc(cc1)[N+](=O)[O-],1.5052,4.696,8.9,2.346,1.165,496,-584.6,283.7
CUBHEO,COc1ccc(cc1)N1C(=O)c2c(C1=O)cccc2[N+](=O)[O-],1.5025,4.404,7.8,2.497,1.126,450,-467.8,258.6
HIBWUK,[O-][N+](=O)c1cc([N+](=O)[O-])c(cc1C(C)(C)C)C(C)(C)C,1.2301,4.5,7.1,2.302,2.024,879,-322.9,241.4
OBUJAY,COc1ccccc1/C(=N/Nc1ccc(cc1[N+](=O)[O-])[N+](=O)[O-])/C,1.4419,5.131,10.3,3.296,2.013,610,-121.5,299.3
XAKMAY,CN(CCNc1ccc(cc1[N+](=O)[O-])[N+](=O)[O-])C,1.4434,5.656,12.5,3.22,2.554,793,-149.5,286.1
YUYLEJ,COC(=O)/C=C/c1cc(cc(c1)[N+](=O)[O-])[N+](=O)[O-],1.5223,5.647,13.0,3.818,2.036,533,-401.2,278.3
FENDEH,O=c1c2cc(ccc2n2n1CCCCC2)[N+](=O)[O-],1.4159,4.639,8.3,2.121,1.538,725,-201.6,301.0
BINSAS,[O-][N+](=O)c1c2[N-]O[N+](=O)c2c2c(c1N)[N+](=O)O[N-]2,1.9323,8.49,34.0,6.433,3.687,573,407.4,
UREXOF,COc1ccc2c(c1)[C@@H](C[N+](=O)[O-])C(=C(O2)NC)[N+](=O)[O-],1.5255,5.522,12.4,3.406,2.068,607,-446.4,236.0
EVULUC,COc1ccc(cc1)C(=C([N+](=O)[O-])[N+](=O)[O-])c1ccc(cc1)OC,1.3961,4.836,9.0,3.46,1.878,542,-309.3,228.6
ZAKWIU,COC(=O)C1=C(C)OC(=C([C@H]1c1ccccc1[N+](=O)[O-])C#N)N,1.4188,4.549,8.0,2.42,1.376,568,-447.1,276.4
CUZDEG,Nc1c(cccc1[N+](=O)[O-])[N+](=O)[O-],1.629,6.546,18.2,4.592,2.669,581,-60.8,292.9
VAPMAA,CO[C@]1(C)C=CC(=O)[C@H]1OC(=O)c1cc(cc(c1)[N+](=O)[O-])[N+](=O)[O-],1.4735,5.242,10.9,3.298,1.758,533,-739.9,277.0
SOBFOE,O=C1N[C@H]2[C@@H](N1[N+](=O)[O-])N([N+](=O)[O-])[C@@H]1[C@H](N2[N+](=O)[O-])N(C(=O)N1)[N+](=O)[O-],1.9704,8.646,35.6,4.988,3.399,681,-219.4,143.3
WILBAU,[O-][N+](=O)c1c([nH]nc1C(C)(C)C)C(C)(C)C,1.2137,3.895,5.2,1.038,1.136,1094,-250.0,294.5
EDAWIP,[O-][N+](=O)/C=C\N,1.5133,6.811,18.8,4.503,3.437,763,-88.5,336.6
MULGUW,Cc1nc(c(n1C)[N+](=O)[O-])/C=C/c1ccccc1,1.3576,4.302,6.9,2.002,1.476,737,2.9,313.8
LEKHUE,[O-][N+](=O)c1nc([nH]c1C)C,1.44,5.498,11.8,2.658,2.11,794,-108.9,314.6
RAMVUW,[O-][N+](=O)c1c[nH]nn1,1.6889,7.742,26.1,5.36,3.685,687,171.9,295.4
HACVAL,OC[C@@H]1N[C@@H]1c1ccc(cc1)[N+](=O)[O-],1.3603,4.912,9.1,2.912,2.016,692,-160.7,297.3
JUBCOY,[O-][N+](=O)c1cccnc1c1ncccc1[N+](=O)[O-],1.5661,5.713,13.5,4.204,2.105,500,110.3,267.4
TALBIU,O=C(N[N+](=O)[O-])OCC#CCOC(=O)N[N+](=O)[O-],1.687,7.34,23.4,4.674,2.997,641,-486.8,178.5
GOWKOU,CCOC(=O)/C(=C/Nc1cccc(c1)[N+](=O)[O-])/C(=O)O,1.46,4.599,8.4,2.103,1.177,559,-865.6,283.2
LINHUL,[O-][N+](=O)[C@]12C[C@H]3C[C@@]2(C[C@@H](C1)C3)[N+](=O)[O-],1.4482,5.469,11.8,3.222,2.382,739,-284.3,242.8
ROKREO,CCN(c1ccc(cc1)/N=N/c1ccccc1[N+](=O)[O-])CC,1.3261,4.314,6.9,1.929,1.595,826,91.5,274.9
BOLPEX,O=C1c2c(ccc(c2C(=O)c2c1c(ccc2O)[N+](=O)[O-])O)[N+](=O)[O-],1.7372,5.67,14.2,3.22,1.42,441,-648.8,254.2
KOVHAE,[O-][N+](=O)C(=C1NCCN1)[N+](=O)[O-],1.7021,7.496,24.6,4.972,3.519,707,-58.8,291.6
ZACNEZ,CC(=O)Nc1ccc(c(c1[N+](=O)[O-])[N+](=O)[O-])NC(=O)C,1.524,5.629,12.9,3.231,1.925,595,-497.5,211.4
KIRCAP,COC(=O)[C@H]1ON2O[C@H]1c1cc(cc(c1C2([N+](=O)[O-])[N+](=O)[O-])[N+](=O)[O-])[N+](=O)[O-],1.7963,7.58,25.9,5.261,3.012,572,-411.7,105.0
QIRPAL,[O-][N+](=O)c1cc(C)c(c(c1O)[N+](=O)[O-])C,1.5073,5.816,13.7,4.018,2.334,581,-314.5,254.9
MOLFID,O=C1C=CC(=C/C/1=C/NCCN1CCCCC1)[N+](=O)[O-],1.2411,4.024,5.7,1.448,1.287,889,-324.5,316.5
DNTDPH,[O-][N+](=O)c1ccc(cc1)c1ccc(cc1)[N+](=O)[O-],1.454,4.83,9.2,3.736,1.714,458,-57.9,289.6
NOGCIX,C/C(=C\C#Cc1nc(n(c1[N+](=O)[O-])C)C)/c1ccccc1,1.3292,4.246,6.7,2.33,1.67,717,171.1,311.0
GADFID,CN(/C=C/c1ncn(c1[N+](=O)[O-])C)C,1.3678,5.281,10.5,2.526,2.308,913,11.5,313.1
SAHSID,[O-][N+](=O)c1cc2ccccc2cc1[N+](=O)[O-],1.4908,5.253,11.1,4.174,1.929,462,-14.0,248.8
NINQEI,CNC1=C([N+](=O)[O-])[C@H](C2=C(O1)CCCC2=O)c1ccc(cc1)[N+](=O)[O-],1.4797,4.955,9.8,2.871,1.677,584,-460.6,296.9
HEHTUJ,[O-][N+](=O)c1c[nH]nc1C,1.5268,6.229,15.8,3.893,2.745,705,10.7,321.9
HUFNON,[O-][N+](=O)c1c(C)nn2c1ccc1c2cccc1,1.4615,4.494,8.0,2.403,1.422,591,61.9,333.3
YEYMAR,O/N=C(/c1ccc(cc1)[N+](=O)[O-])\N,1.4541,5.517,12.0,3.608,2.232,618,-72.6,293.3
PUQQOI,O=C1CC(C)(C)CC(=O)C1=NNc1cccc(c1)[N+](=O)[O-],1.4029,4.568,8.0,2.115,1.475,697,-356.2,289.1
BCBDNT,[O-][N+](=O)O[C@@H]1[C@H](O[N+](=O)[O-])c2c1cccc2,1.5933,6.616,18.3,5.437,2.963,545,-88.9,142.6
YIMWOI,N#CC(=Cc1ccc(o1)c1cccc(c1)[N+](=O)[O-])C#N,1.4634,4.515,8.1,3.41,1.441,422,178.1,279.7
AKUPIG,[O-][N+](=O)C([C@H]1OC(=N)c2c1cccc2)(C)C,1.4038,4.491,7.8,2.022,1.44,712,-280.8,207.1
TAFDUZ,[O-][N+](=O)C1([N+](=O)[O-])[C@@H]2C[C@@H]3C[C@H]1C([C@H](C2)C3)([N+](=O)[O-])[N+](=O)[O-],1.646,6.818,19.9,4.776,3.046,637,-338.7,130.2
NABMUY,CC([N+](=O)[O-])([N+](=O)[O-])CN([N+](=O)[O-])CC([N+](=O)[O-])([N+](=O)[O-])C,1.7417,8.234,30.1,5.805,4.188,721,-303.5,143.6
TEHKIC,COc1ccc(c(c1)O)/C=N/c1cc(cc(c1)[N+](=O)[O-])[N+](=O)[O-],1.5003,5.154,10.7,3.42,1.751,512,-347.4,280.1
EGUZIQ,COc1ccccc1/C=N/NC(=O)c1ccccc1[N+](=O)[O-],1.3377,4.397,7.2,2.511,1.504,599,-216.7,262.9
CEDQAF,Oc1cccc(c1)/C=N/NC(=O)c1ccc(cc1)[N+](=O)[O-],1.4611,4.611,8.4,2.555,1.405,550,-239.3,287.8
CUKSIK,[O-][N+](=O)c1cnn(c1)[C@]12C[C@@H]3C[C@H](C1)C[C@](C2)(C3)O,1.3688,4.203,6.7,1.361,1.159,851,-367.6,322.8
NBFURX,O/N=C/1\Oc2c(C1=O)cc(cc2)[N+](=O)[O-],1.6876,6.095,16.1,3.945,1.912,484,-254.7,288.8
RELQUW,[O-][N+](=O)c1c(nc2n1cccc2C)c1ccccc1,1.3958,4.212,6.8,2.172,1.345,619,65.9,
ZOFTAP,N#C/C(=C\c1ccc(o1)[N+](=O)[O-])/C(=O)NCc1ccco1,1.4448,4.889,9.4,3.298,1.608,487,-242.5,290.8
GAXGOE,COC(=O)c1cnc(nc1C)c1ccc(cc1)[N+](=O)[O-],1.478,4.601,8.4,2.254,1.294,574,-352.1,290.6
TUQHET,CNc1ccc(cc1C(=O)O)[N+](=O)[O-],1.5318,5.046,10.4,2.502,1.429,571,-479.2,309.4
ZIZRAD01,[O-][N+](=O)c1nn(c(c1[N+](=O)[O-])[N+](=O)[O-])C,1.7114,8.112,28.9,6.193,3.995,645,94.6,254.3
ZIXZOX,C[C@@H](Cn1c(C)ncc1[N+](=O)[O-])OC(=O)c1cccc(c1)[N+](=O)[O-],1.4679,5.096,10.3,2.834,1.71,603,-504.7,284.8
HOYSEV,[O-][N+](=O)C(c1nonc1Oc1nonc1C([N+](=O)[O-])[N+](=O)[O-])[N+](=O)[O-],1.8396,8.756,35.1,6.693,4.141,618,212.0,130.7
FEMSOH,CCOC(=O)C1=C(C)OC(=C([C@H]1c1ccc(cc1)[N+](=O)[O-])C#N)N,1.3589,4.326,7.0,2.112,1.294,612,-514.5,295.7
SITQET,[O-][N+](=O)c1cc([N+](=O)[O-])c(cc1n1cncn1)C,1.5121,5.896,14.1,4.328,2.433,562,131.1,245.3
CUTXUL,CC[C@@H]([C@H](N1C(=O)c2c(C1=O)cccc2)C[N+](=O)[O-])C=O,1.3313,4.118,6.3,1.795,1.109,617,-688.9,230.5
YUPZIT,C/C(=C\c1cccc(c1)[N+](=O)[O-])/[N+](=O)[O-],1.4244,5.347,11.1,4.302,2.316,538,-74.6,265.5
SEMXAJ,COc1c([N+](=O)[O-])c(C)c(cc1C(C)(C)C)[N+](=O)[O-],1.3049,5.003,9.1,3.072,2.31,751,-386.1,224.4
IBIZOJ,N#Cc1ccccc1n1ncc(n1)[N+](=O)[O-],1.4922,5.389,11.7,3.926,2.044,520,360.4,288.9
RINYOC,O=[N+](c1ccccc1)/C=C/1\C=CC(=[O+]1)[N+](=O)[O-],1.4535,5.058,10.1,4.066,1.962,482,-26.2,307.4
QEXZIF,Cc1nn(c(c1/N=N/c1ccccc1)C)c1ccc(cc1)[N+](=O)[O-],1.3515,4.353,7.1,2.203,1.536,697,223.6,293.7
BABRIF,[O-][N+](=O)C1=C([N-]O[N+]1=O)c1ccccc1,1.543,6.185,15.7,5.42,2.785,513,220.8,101.9
DNEDAM,[O-][N+](=O)NCCN[N+](=O)[O-],1.7091,8.403,30.9,5.769,4.737,821,-58.5,195.4
VIQWUO,[O-][N+](=O)c1cccc(c1)/N=C\1/C(=O)[C@@]2(C([C@H]1CC2)(C)C)C,1.2542,3.785,5.1,1.502,1.176,782,-296.0,290.0
BAVTAT,COc1ccccc1[C@H]1C(=C(N)Oc2c1c(=O)oc(c2)C)[N+](=O)[O-],1.4813,4.535,8.2,2.293,1.245,542,-694.5,337.3
CEDMUV,[O-][N+](=O)c1ccc(cc1)Cc1nnn[nH]1,1.5448,5.734,13.5,3.417,2.239,655,216.9,288.0
QABDEE,[O-]/[N+](=C\c1ccc(cc1)[N+](=O)[O-])/CCOCc1ccccc1,1.335,4.416,7.2,2.532,1.701,671,-207.7,295.3
TITKUC,[O-][N+](=O)/C(=C/C=C/N1CCCC1)/C,1.2427,4.512,7.2,1.997,1.965,984,-120.2,311.4
SAQYAK,O=C(c1cc(cc(c1)[N+](=O)[O-])[N+](=O)[O-])O[C@H]1[C@H]2C=C[C@H]3[C@@H]1[C@H]3C2,1.463,4.904,9.5,3.446,1.709,496,-365.4,278.1
TOYYAH,Cc1ccnc(c1)Cc1ccc(cc1[N+](=O)[O-])[N+](=O)[O-],1.4139,4.909,9.3,3.279,1.883,574,-72.2,269.0
HIVLAA,[O-]C(=O)[C@H](CCCN/C(=N/[N+](=O)[O-])/N)[NH3+],1.5917,5.936,14.8,2.042,1.879,920,-520.2,206.9
DORKOL,O=C([C@@H]1CCCN1)Nc1cc(cc(c1)[N+](=O)[O-])[N+](=O)[O-],1.5317,5.548,12.6,3.155,2.019,639,-325.9,279.6
AVALEQ,O=C1C=CN2[C@@H]([C@H]1C)C=Cc1c2cccc1[N+](=O)[O-],1.4121,4.347,7.3,2.366,1.448,612,-119.9,271.7
VOFDOL,O=C(Nc1ccc(cc1)O)Nc1ccc(cc1)[N+](=O)[O-],1.5079,4.554,8.4,2.052,1.178,574,-407.4,302.8
XEDTAC,CC[C@H]([C@H]1NC(=C(N([C@@H]1OC)CC)C#N)C#N)[N+](=O)[O-],1.2394,4.683,7.7,2.183,1.927,882,-116.4,227.1
FAWWIJ,[O-][N+](=O)c1c(ccc(c1C)[N+](=O)[O-])N(C)C,1.4442,5.711,12.8,3.863,2.691,696,-98.3,230.6
HIHZUT,[O-][N+](=O)c1cc2[nH]c(=O)c(=O)[nH]c2cc1[N+](=O)[O-],1.8553,6.773,21.1,3.674,1.959,533,-346.3,243.8
BAZPOI,CN(c1ccc(c(c1)N)[N+](=O)[O-])C,1.3586,4.925,9.1,2.228,1.929,865,-80.3,334.7
YIXNUP,[O-][N+](=O)c1cc2c(cc1)ncn2C,1.4698,4.961,9.8,2.629,1.663,632,-18.3,299.9
SABJEM,COC(CN1CCN2C1=C(CC[C@@H]2O)[N+](=O)[O-])OC,1.3553,4.923,9.1,1.953,1.761,902,-676.3,329.6
KAXLOL,[O-][N+](=O)c1cc(C)c(c(c1C)[N+](=O)[O-])[N+](=O)[O-],1.5935,6.623,18.4,5.049,2.933,580,-123.5,228.7
YODMOT,O=[N+]1COCC(/C/1=[O+]\C(=O)C)([N+](=O)[O-])[N+](=O)[O-],1.6773,7.388,23.6,4.91,3.202,652,-511.5,51.1
OTOFIN,Nc1cc(ccc1C)Nc1cc(O)c(cc1[N+](=O)[O-])[N+](=O)[O-],1.5235,5.256,11.2,3.039,1.791,589,-285.4,303.3
QOLXIY,CCN([N+](=O)[N-]Oc1ccc(cc1[N+](=O)[O-])[N+](=O)[O-])CC,1.4572,6.275,15.5,4.938,3.328,674,25.2,261.0
LUFXIV,CCCCCCc1nnn(c1)c1ccc(cc1)[N+](=O)[O-],1.2974,4.213,6.4,1.567,1.409,898,-54.1,292.2
AHIDAY,Oc1ccccc1/C=N/N(c1ccccc1[N+](=O)[O-])c1ccccc1,1.3416,4.012,6.0,2.159,1.306,605,-6.5,260.3
NMHXNT,OC[C@@H]1C[C@@]2(N([C@H]1[C@H]1C[C@]1(C2)[N+](=O)[O-])O)[N+](=O)[O-],1.5811,6.337,16.7,4.138,2.862,691,-379.6,240.9
TUBFEB,O=CN[C@H]([C@@H](c1ccccc1)O[C@@H](C[N+](=O)[O-])CC)C,1.1997,3.73,4.8,1.155,1.016,879,-644.1,231.7
PIGSOP,[O-][N+](=O)c1nc(cn1c1c(cc(cc1[N+](=O)[O-])[N+](=O)[O-])[N+](=O)[O-])[N+](=O)[O-],1.7477,7.66,26.1,5.701,3.201,561,66.8,244.7
MERMEE,N#[N+][N-]C1=C([N+](=O)[O-])/C(=N/[N+]#N)/C(=[N+]\2/N=CN=C2)/C(=C1[N+](=O)[O-])[N-][N+]#N,1.7741,7.714,26.7,5.744,3.414,594,1223.9,236.2
NIVPAJ,OCc1ccc(c(c1)N)[N+](=O)[O-],1.5364,5.36,11.8,2.769,1.845,666,-260.4,
GEVLEZ,COc1cc(C(=O)NCc2ccccc2)c(cc1OC)[N+](=O)[O-],1.324,4.199,6.5,2.041,1.302,637,-564.3,261.8
TAYHUX,[O-][N+](=O)c1cc([N+](=O)[O-])c2c(c1)[N+]1=c3nc(cc(c3=N[N+]1=N2)[N+](=O)[O-])[N+](=O)[O-],1.8676,7.589,26.6,5.341,2.845,532,434.9,254.7
TEQZEU,[O-][N+](=O)c1ccc(cc1)c1nn(c2c1c(N)ncn2)C(C)(C)C,1.3308,4.179,6.5,1.482,1.17,789,-21.2,293.8
WUXJOO,COc1ccc(cc1[N+](=O)[O-])/C=C(\c1ccc(cc1[N+](=O)[O-])[N+](=O)[O-])/[N+](=O)[O-],1.5206,5.937,14.3,4.598,2.376,516,-206.1,201.3
TEYHIO,COC(=O)Nc1ccc(cc1/C(=C(/C(=O)OC)\C#N)/C(=O)OC)[N+](=O)[O-],1.4416,4.723,8.7,2.302,1.243,539,-1035.2,296.1
ATUJIK,[O-][N+](=O)c1ccc(c2c1non2)NCCN1CCOCC1,1.4469,5.537,12.0,3.166,2.419,764,-39.7,298.6
VELTIQ,O=C(c1ccccc1[N+](=O)[O-])OC(=O)c1ccccc1[N+](=O)[O-],1.5313,5.142,10.8,3.254,1.499,460,-531.9,251.0
CICMAD01,Oc1ccc(cc1/C=N/Nc1ccccc1)[N+](=O)[O-],1.4012,4.543,7.9,2.528,1.542,609,-75.8,305.4
DNPIMZ,CC(c1nc(cn1[N+](=O)[O-])[N+](=O)[O-])C,1.4285,6.232,15.1,4.749,3.19,671,-19.7,290.9
MIQNOP,O=C(c1cc(cc(c1)[N+](=O)[O-])[N+](=O)[O-])O[C@@H]1C[C@H]2C[C@@H]1c1c2cccc1,1.4079,4.447,7.6,2.785,1.409,506,-465.5,278.1
HAHRIU,[O-][N+](=O)C1=CC=C2C(=NC3([N+]2=O)CCCCC3)C1=[NH2+],1.4524,5.102,10.2,2.534,1.949,769,-61.6,317.4
YOVJUP,[O-][N+](=O)c1c(C)ccnc1N,1.4971,5.53,12.3,2.891,2.116,731,-41.3,291.2
HOQVUF,[O-][N+](=O)c1cc(ccc1n1nnc(c1)c1ccccc1)[N+](=O)[O-],1.4988,5.212,10.9,3.799,1.915,504,214.2,245.9
TUJRUN,CN1C(=O)C(C(=O)N(C1=O)C)[C@H](c1ccccc1)C[N+](=O)[O-],1.3856,4.178,6.7,1.503,0.993,660,-751.0,226.9
JUVMUI,[O-][N+](=O)C1(C[C@@H]2[C@H](C1)CC(C2)([N+](=O)[O-])[N+](=O)[O-])[N+](=O)[O-],1.6372,7.162,21.9,5.157,3.385,656,-307.0,150.7
FESNIA01,COc1c(cccc1[N+](=O)[O-])[N+](=O)[O-],1.5764,6.381,16.9,4.8,2.714,565,-170.5,249.8
HIJBAD,[O-][N+](=O)c1cc(cc2c1[nH]c(=O)c(=O)[nH]2)[N+](=O)[O-],1.7986,6.581,19.6,3.573,1.905,533,-371.7,282.3
SOYRUU,COC(=O)c1ccc(c(c1)[N+](=O)[O-])Nc1ccccc1,1.3744,4.208,6.7,2.128,1.226,576,-388.6,303.7
GILYUV,[O-][N+](=O)[C@@H]1[C@@H]2[C@@H]3[C@@H]4[C@H]1[C@@H]1[C@H]2[C@@H]2[C@H]3[C@H]4[C@H]1[C@H]2[N+](=O)[O-],1.5468,5.307,11.6,3.285,2.076,632,-152.7,243.0
ECUXOQ,[O-][N+](=O)N1[C@@H]2[C@H]3N[C@H]4N([C@H]([C@@H]1N([N+](=O)[O-])[C@H]4N3[N+](=O)[O-])N2[N+](=O)[O-])[N+](=O)[O-],1.9071,8.904,37.1,6.044,4.22,698,247.7,151.7
VUNMEX,[O-][N+](=O)c1ccc(cc1)/C=N/c1ccc(c(c1)C)C,1.2991,3.801,5.3,1.753,1.236,705,-38.3,292.0
EMEDOQ,[O-][N+](=O)c1c(=O)oc2c(c1Nc1cccc3c1cccc3)cccc2,1.459,3.963,6.2,2.135,1.008,472,-258.7,286.1
COCNBZ01,O=C(c1cc(cc(c1)[N+](=O)[O-])[N+](=O)[O-])O[C@H]1CCCCCC=C1,1.4301,4.99,9.7,3.036,1.912,629,-479.6,278.0
NPYRAM,[O-][N+](=O)c1cccnc1NCNc1ncccc1[N+](=O)[O-],1.5317,5.665,13.1,3.447,2.129,617,32.1,299.6
WAJSIM,[O-][N+](=O)c1ccc2c(c1)[C@@H]1[C@@H]3N2CC[C@]13C,1.3413,4.358,7.1,2.374,1.722,725,29.2,301.6
SALXEJ,[O-][N+](=O)c1cc(ccc1N1CCC=N1)[N+](=O)[O-],1.5069,5.872,13.9,4.531,2.579,569,99.8,252.0
DNITPY,[O-][N+](=O)c1cncc(c1)[N+](=O)[O-],1.6545,6.977,20.9,5.243,2.953,563,30.4,272.4
YIFRAH,[O-][N+](=O)c1ccccc1/C=C/C=N/c1cccc2c1cccc2,1.3525,3.699,5.1,2.005,1.189,593,122.1,271.7
KUBPAY,[O-][N+](=O)N1CCN=C1C([N+](=O)[O-])([N+](=O)[O-])[N+](=O)[O-],1.8129,8.822,35.3,6.636,4.504,678,86.0,103.7
GURDAY,[O-][N+](=O)C([C@]12[C@H]3[C@H]4[C@@H]2[C@H]2[C@@H]1[C@@H]3[C@@]42C([N+](=O)[O-])[N+](=O)[O-])[N+](=O)[O-],1.6279,7.247,22.3,6.627,3.806,574,310.9,150.8
TMANIA10,[O-][N+](=O)[N-][N+](C)(C)C,1.355,6.93,18.0,4.546,5.132,1128,57.5,284.9
EGURIH,OC(=O)[C@@H]1CC[C@@H]1NC(=O)c1cc(cc(c1)[N+](=O)[O-])[N+](=O)[O-],1.5488,5.486,12.4,3.131,1.758,561,-661.0,278.0
YUQMAZ,Oc1ccc(cc1C(=O)Nc1ccccc1)[N+](=O)[O-],1.4823,4.4,7.7,2.238,1.165,520,-390.2,293.4
SOPZUS,CCc1nccn1c1ccc(cc1)[N+](=O)[O-],1.3895,4.513,7.8,2.131,1.539,722,-21.2,291.2
MEWLIL,C=CCn1c(=O)[nH]c2c1ccc(c2)[N+](=O)[O-],1.4221,4.666,8.4,2.34,1.436,613,-213.1,301.1
CILBII,CO[C@@H]1O[C@H](CO[N+](=O)[O-])[C@H]([C@@H]([C@H]1O[N+](=O)[O-])O[N+](=O)[O-])O[N+](=O)[O-],1.6716,7.98,27.5,5.692,3.92,688,-854.9,139.3
GAKQOZ,O=C(c1ccccn1)N/N=C/c1ccccc1[N+](=O)[O-],1.4898,4.846,9.4,2.727,1.583,580,10.8,275.5
SABDAC,COc1ccc(cc1)Oc1ncccc1[N+](=O)[O-],1.3926,4.663,8.3,3.017,1.648,546,-225.2,269.3
TOQMUH01,[O-][N+](=O)/N=c/1\cccc[nH]1,1.625,6.297,16.8,4.119,2.654,644,88.9,188.1
BOSVIO,[O-][N+](=O)c1cc2c(=O)[nH]c3c(c2c(c1)[N+](=O)[O-])cc(cc3[N+](=O)[O-])[N+](=O)[O-],1.8136,6.797,21.0,4.464,2.2,492,-211.4,222.6
HOCWEB,[O-][N+](=O)c1ncc(cn1)c1ccccc1,1.4784,4.812,9.2,2.957,1.647,557,110.7,250.4
WOGNUB,CC1=NN(C(=O)C1)c1ccc(cc1[N+](=O)[O-])[N+](=O)[O-],1.5251,5.734,13.4,3.929,2.166,551,-129.2,245.5
WACGOW,[O-][N+](=O)c1cc(cc(c1Cc1c(cc(cc1[N+](=O)[O-])[N+](=O)[O-])[N+](=O)[O-])[N+](=O)[O-])[N+](=O)[O-],1.7427,7.32,23.8,5.523,2.966,536,-79.6,227.0
RIKZOD,[O-][N+](=O)c1cc(cc(c1Nn1nn[nH]c1=O)[N+](=O)[O-])[N+](=O)[O-],1.7127,7.533,24.9,5.305,3.237,610,186.2,229.6
PABPIR,CN(CCCNc1ccnc2c1cccc2[N+](=O)[O-])C,1.2601,4.12,6.0,1.542,1.386,898,-61.1,270.8
GALYIE,[O-][N+](=O)CC(c1c[nH]c2c1cccc2)C[N+](=O)[O-],1.4537,5.234,10.8,3.28,2.065,629,-150.6,228.4
DUMSAG,COC(=O)c1cc(cc(c1C)[N+](=O)[O-])[N+](=O)[O-],1.5291,5.801,13.7,3.811,2.134,559,-448.6,255.5
KEFYOK,[O-][N+](=O)c1cccc(c1N)C,1.3795,4.85,8.9,2.489,1.833,736,-105.3,313.0
COYLAF03,[O-][N+](=O)C([N+](=O)[O-])([N+](=O)[O-])CNc1nonc1NCC([N+](=O)[O-])([N+](=O)[O-])[N+](=O)[O-],1.8335,8.893,36.2,6.472,4.424,683,61.7,148.4
IFUVIP,Nc1ccc(cc1)OCCCOc1ccc(cc1)[N+](=O)[O-],1.341,4.241,6.7,1.962,1.372,699,-402.5,303.9
FUJXEO,NNC(=C([N+](=O)[O-])[N+](=O)[O-])N,1.8204,8.839,35.6,5.968,4.715,790,71.7,146.0
VIRWIC,[O-][N+](=O)O[C@@H]1C[C@@H]2[C@@]3([C@@]1(CCC3)CC2)O[N+](=O)[O-],1.4769,5.932,14.0,4.135,2.871,694,-384.5,126.7
DUDHOB,O=C(c1nnn(c1)c1ccc(cn1)[N+](=O)[O-])OC(C)(C)C,1.3747,4.87,9.0,2.403,1.664,692,-268.1,284.6
PAMQAW,[O-][N+](=O)C1(CCCCCCc2c1cno2)[N+](=O)[O-],1.4609,5.838,13.5,3.987,2.8,702,-192.7,117.7
DEMNUE,[O-][N+](=O)[C@@H]1C(=C[C@@](C(=O)C1(C)C)(C)[N+](=O)[O-])C,1.3392,5.21,10.1,3.154,2.335,740,-446.0,102.8
TANPUT,O=C1NC(=O)[C@H](C1)c1cccc(c1)[N+](=O)[O-],1.5174,4.666,8.8,2.364,1.203,508,-449.6,289.5
WUBJAG,[O-][N+](=O)C1([N+](=O)[O-])[C@H]2C[C@H]3[C@H]([C@@H]1C[C@@H]([C@H]2O[N+](=O)[O-])C3([N+](=O)[O-])[N+](=O)[O-])O[N+](=O)[O-],1.852,8.231,31.2,5.65,3.612,639,-508.7,137.5
BANFIG,NNC(=O)c1cccc(c1)[N+](=O)[O-],1.5156,5.526,12.4,3.254,2.013,618,-136.6,289.1
VUNMIB,Cc1cc(/N=C/c2cccc(c2)[N+](=O)[O-])ccc1C,1.2957,3.793,5.2,1.75,1.234,705,-39.1,288.6
TISJUB,[O-][N+](=C1C=C[N+](=O)C(=C1)C(=O)O)[O-],1.7013,6.491,18.4,3.885,2.128,547,-360.4,278.5
TEJSUX,COc1cc2CCN[C@@H](c2c(c1OC)[N+](=O)[O-])O,1.4625,5.091,10.3,2.523,1.779,705,-568.6,273.0
GAFNUW,CC(=O)O[C@H]1C[C@H]2C[C@@H]1C1=CC(=[N+]([O-])[O-])[N+](=O)C=C21,1.5129,5.194,10.9,3.139,1.864,593,-380.7,266.4
WAKSIM,COc1ccc(cc1)c1c(C#N)n2c(c1[N+](=O)[O-])cccc2,1.4314,4.334,7.3,2.575,1.377,535,28.9,309.5
YIQZAA,[O-][N+](=O)/N=C/1\NCCN1Cc1cccc(c1OC)OC,1.383,4.974,9.4,2.319,1.854,799,-318.1,215.9
SAWFUS,COC(=O)/C(=N\c1ccc(cc1)[N+](=O)[O-])/c1ccccc1,1.3597,4.194,6.6,2.353,1.299,551,-299.1,299.5
SEJNEA,CC(N(c1ccc(cc1[N+](=O)[O-])[N+](=O)[O-])C(C)C)C,1.3089,5.028,9.2,2.8,2.348,838,-219.8,234.5
LEJKOA,[O-][N+](=O)C1([N+](=O)[O-])[C@@H]2C[C@H]3[C@H]4[C@@H]2[C@H]2[C@@H]1C[C@H]([C@@H]42)C3([N+](=O)[O-])[N+](=O)[O-],1.6816,6.695,19.4,4.847,2.873,592,-200.1,137.7
FAJYIY,CN(c1ccc(cc1)C(=C)c1ccc(cc1)[N+](=O)[O-])C,1.2488,3.748,5.0,1.761,1.324,751,-11.5,297.1
VAMBET,[O-][N+](=O)c1ccc(cc1)/C=C/1\CCn2c1nc1ncccc1c2=O,1.4835,4.256,7.2,1.982,1.11,559,-91.2,291.2
SECHIT,COC(=O)[C@@H](C(C)C)NC(=O)c1cc(cc(c1)[N+](=O)[O-])[N+](=O)[O-],1.3943,4.981,9.5,2.749,1.705,620,-799.7,277.2
KAGDEB,CN/C(=C(/c1ccccc1)\[N+](=O)[O-])/c1ccccc1,1.3067,3.854,5.4,1.825,1.287,705,-20.1,263.8
GEYREK,[O-][N+](=O)c1nc2n(n1)CCCn1c2nc(n1)[N+](=O)[O-],1.6342,6.733,19.3,4.358,2.752,631,235.5,274.8
SAQVAG,C[C@H]1CC=CC(=O)N1C(=O)c1ccc(cc1)[N+](=O)[O-],1.3863,4.323,7.1,2.117,1.276,602,-417.0,290.6
HUDBOY,C/C(=N/Nc1ccccc1[N+](=O)[O-])/C=C/c1ccco1,1.3864,4.667,8.3,2.761,1.825,661,22.8,311.9
SUZCEX,CN(c1ccc(cc1)/C=C(/[N+](=O)[O-])\C#N)C,1.3555,4.732,8.4,2.746,1.984,722,112.4,
WIHBEV,O=C(c1ccccc1)NNC(=O)c1ccccc1[N+](=O)[O-],1.3853,4.383,7.3,2.396,1.317,550,-284.7,262.0
UWUGEA,[O-][N+](=O)C1=C2NCCCN2[C@@H]2C(=C1)C(=O)c1ccccc1O2,1.5049,4.584,8.5,2.185,1.309,599,-314.0,348.2
FIWLEF,CC(CNc1ccc(cc1[N+](=O)[O-])[N+](=O)[O-])C,1.3874,5.325,10.8,3.145,2.357,749,-215.7,300.1
JOHBUD01,[O-][N+](=O)[C@H]1[C@@H](C21CC2)[N+](=O)[O-],1.5514,6.946,19.9,6.03,3.846,637,28.8,244.7
GOCTUP,Oc1ccccc1/N=C/c1ccc(cc1)[N+](=O)[O-],1.4142,4.327,7.2,2.469,1.371,555,-128.0,290.5
MEMDIS,[O-][N+](=O)c1ccc(cc1)C1=CO[C@@H]2O[C@H]1OC=C2c1ccc(cc1)[N+](=O)[O-],1.5418,4.929,10.0,3.333,1.521,456,-424.6,294.3
QATZOD,[O-][N+](=O)c1ccc(cc1)NN1C(=O)c2c(C1=O)cccc2,1.563,4.637,8.9,2.557,1.214,474,-244.0,304.3
VUYKUV,CN(/C=N/c1ccc(cc1)[N+](=O)[O-])C,1.3329,4.762,8.4,2.325,1.888,812,-34.9,306.8
DELXOH,O=C(c1cc(cc(c1)[N+](=O)[O-])[N+](=O)[O-])O[C@@H]1[C@@H]2[C@@H]3C=C[C@@H]4[C@H]1[C@H]2C[C@H]34,1.4773,4.88,9.5,3.325,1.742,523,-314.1,278.2
GODNUI,[O-][N+](=O)c1cccc2c1c1ccccc1nn2,1.4667,4.606,8.4,3.174,1.579,497,230.5,243.1
MENOIM,[O-][N+](=O)c1c[nH]c(n1)C,1.5194,5.99,14.6,3.373,2.379,705,-55.3,308.1
DAVKET,N#CC(=c1cc(C)n(c(c1)C)CC)c1ccc(cc1)[N+](=O)[O-],1.281,3.823,5.3,1.629,1.236,758,-2.9,303.6
KOFKEV,[O-][N+](=O)N1CCCCN(C1)[N+](=O)[O-],1.5396,6.982,20.0,4.68,3.861,824,-78.2,162.2
JAQVUV,CCN(c1c(cc(cc1[N+](=O)[O-])[N+](=O)[O-])[N+](=O)[O-])[N+](=O)[O-],1.6638,7.361,23.3,5.586,3.429,613,-52.8,108.3
FADKIF,CN1CCC(=C/C/1=N\c1ccc(cc1)[N+](=O)[O-])c1ccccc1,1.2861,3.735,5.0,1.591,1.16,729,5.0,308.8
NIWROB03,O=C1N[C@H](Nc2c1cccc2)c1cccc(c1)[N+](=O)[O-],1.4626,4.309,7.3,2.005,1.168,582,-186.3,289.4
ZZZQSC01,Cc1c(cccc1[N+](=O)[O-])[N+](=O)[O-],1.5477,6.051,15.1,4.639,2.569,553,-79.7,259.8
EMAWUL,[O-][N+](=O)c1ccc(cc1)/N=N/c1ccc(c(c1)C(=O)C)O,1.3082,4.337,6.9,2.657,1.461,550,-210.3,292.0
MUGNUX01,[O-][N+](=O)N1[C@@H]2O[C@H]3O[C@@H]2N([C@H]2[C@@H]1O[C@@H]3O2)[N+](=O)[O-],1.9868,8.151,31.8,4.484,2.875,641,-536.6,177.6
PIZNUJ,COc1ccc(cc1)[C@@H](c1c[nH]c2c1cccc2)C[N+](=O)[O-],1.2884,3.741,5.1,1.629,1.109,680,-243.3,234.3
HISRUW01,CCC(Nc1c(cc(c(c1[N+](=O)[O-])C)C)[N+](=O)[O-])CC,1.3423,4.901,8.9,2.35,2.06,876,-307.0,231.3
JOPNUX,[O-][N+](=O)c1ccc2c(c1)NCCOCCNCCO2,1.3877,4.843,8.9,2.076,1.741,838,-413.0,302.3
WAPGEZ,[O-][N+](=O)c1cc([N+](=O)[O-])c2c(c1N1CCCC1)cccc2,1.4814,5.09,10.3,3.191,1.992,624,-51.5,244.6
MABPAJ,O=C1N[C@@H](Nc2c1cccc2)c1ccc(cc1)[N+](=O)[O-],1.4462,4.277,7.2,2.004,1.168,582,-186.4,288.0
BASCAC,[O-][N+](=O)c1ccc(o1)c1ncncc1c1ccccc1,1.4399,4.48,7.9,2.863,1.441,503,39.0,299.5
RUSHIW,N#[N+][N-][C@]1(C[C@H]2C[C@@H]1C[C@@]2([N-][N+]#N)[N+](=O)[O-])[N+](=O)[O-],1.5762,6.94,20.0,5.272,3.524,668,443.7,164.5
DELPEQ,CC(=NNc1ccccc1[N+](=O)[O-])C,1.2998,4.841,8.5,2.645,2.148,812,27.0,311.9
AYECEM,[O-][N+](=O)c1c(C(=O)N2CCOC2=O)n(nc1CC)C,1.4459,5.061,10.1,2.33,1.557,668,-585.0,299.9
CUDYEH,CCOC(=O)CCn1cc([N+](=O)[O-])c(=O)[nH]c1=O,1.4605,4.992,9.9,2.124,1.341,631,-885.9,285.7
WISBOP,[O-][N+](=O)c1cn(c(n1)C)c1ccc(cc1)C(=O)C,1.4264,4.546,8.0,2.201,1.408,639,-186.4,304.7
IMISAY,[O-][N+](=O)N(CN([N+](=O)[O-])CO[N-][N+](=O)C)CN([N+](=O)[O-])CO[N-][N+](=O)C,1.6296,8.087,27.8,6.051,4.739,783,48.7,174.2
DUPHIF,CN(C(=C[N+](=O)[O-])N(C)C)C,1.2626,5.353,10.2,2.469,2.781,1126,-91.0,309.8
REBHOW,[O-][N+](=O)c1c(C)cccc1c1nc2c([nH]1)cccc2,1.3367,3.948,5.8,1.874,1.161,619,-9.6,256.6
HIXLUX,CN(/C(=N\c1ccc(cc1)[N+](=O)[O-])/N(c1ccccc1)C)C,1.3163,4.07,6.1,1.557,1.287,826,-19.5,307.5
ROGDEX,COc1ccc(cc1)/N=C/c1ccccc1[N+](=O)[O-],1.3414,4.274,6.8,2.523,1.544,612,-79.7,272.1
WOTVAC,CCCCCCOC(=O)Nc1ccc(cc1)[N+](=O)[O-],1.2848,3.859,5.4,1.129,0.95,841,-667.2,302.1
QOCNUT,Cc1cnc(c(n1)Cc1c[nH]c2c1c(ccc2)[N+](=O)[O-])C,1.3637,4.079,6.3,1.633,1.167,714,-23.0,287.5
NPASPG,NC(=O)C[C@H](C(=O)O)Nc1ccc(cc1[N+](=O)[O-])[N+](=O)[O-],1.6299,5.865,14.6,2.942,1.768,601,-729.0,290.3
MONLAE,[O-][N+](=O)c1ccc(cc1)/N=C/1\OC(=O)c2c3c1cccc3ccc2,1.5111,4.011,6.5,2.23,0.942,422,-258.4,296.9
QOYJOD06,[O-][N+](=O)c1n[nH]c(=O)[nH]1,1.9155,8.087,30.7,4.153,2.862,689,-96.2,275.1
FASGAH,[O-][N+](=O)c1cc2c3ccccc3C(=O)c3c2c(c1)c([N+](=O)[O-])c1c3cccc1,1.5626,4.25,7.5,3.007,1.092,363,-99.3,245.5
TEDYAC,N#C/C(=C\c1ccccc1)/c1cc(C)nc(c1[N+](=O)[O-])C,1.3137,4.02,5.9,2.188,1.404,642,126.8,251.8
QELQEG,O=C(c1c2ccccc2nc(c1[N+](=O)[O-])N)NCc1ccccc1,1.4141,4.102,6.5,1.715,1.073,625,-173.2,262.2
HITNED01,CC=C=CC(/C=N/Nc1ccc(cc1[N+](=O)[O-])[N+](=O)[O-])(C)C,1.3085,5.096,9.5,3.465,2.552,736,86.2,298.6
ZILNOX,CC(C([N+](=O)[O-])([N+](=O)[O-])C)([N+](=O)[O-])[N+](=O)[O-],1.7219,8.419,31.2,6.307,4.452,705,-210.2,118.3
ZOWSUZ01,O=C1CCCC(=C1)Nc1ccc(cc1)[N+](=O)[O-],1.3566,4.301,6.9,2.065,1.395,675,-246.5,298.5
NUQZIJ01,Nc1ccc(cc1N/C=C/1\C(=O)C=Cc2c1cccc2)[N+](=O)[O-],1.4922,4.205,7.1,1.928,1.125,583,-133.7,306.9
MIMPOQ,[O-][N+](=O)C[C@H]1ON=C(C1)c1ccccc1,1.3627,4.866,8.9,3.147,2.052,652,-77.3,225.5
EWUKIQ01,[O-][N+](=O)N=C1NCN(CN1)[N+](=O)[O-],1.7339,8.012,28.4,5.13,3.93,766,50.8,155.4
SORBAC,[O-][N+](=O)c1ccc(cc1)n1ccnc1c1ccccc1,1.3507,4.005,6.0,2.119,1.253,591,77.9,290.3
FEPJIT,[O-][N+](=O)c1cccc(c1)COCc1cccc(c1)[N+](=O)[O-],1.4369,4.871,9.3,3.31,1.801,544,-256.1,289.9
COWNUX,CN1[C@@H]2CCCC[C@@H]2CO[C@H]1c1ccc(cc1)[N+](=O)[O-],1.3026,3.903,5.5,1.28,1.142,892,-372.2,296.2
SASMEH,CCN1C(=O)/C(=N\Nc2ccc(cc2O)[N+](=O)[O-])/C(=C(C1=O)C#N)C,1.4627,4.761,9.0,2.341,1.375,587,-406.4,292.4
HUDKIB,[O-][N+](=O)c1ccc(cc1)COc1cccc2c1nccc2,1.4047,4.081,6.4,2.228,1.247,559,-101.7,296.1
SITQUJ,COc1c(cc(cc1[N+](=O)[O-])[N+](=O)[O-])n1cncn1,1.5912,6.239,16.3,4.307,2.457,570,-2.1,240.9
HEXTIN,Cc1c([N+](=O)[O-])c(C)c(c(c1[N+](=O)[O-])C)[N+](=O)[O-],1.5343,6.277,16.1,4.795,2.842,592,-163.2,244.5
MIMYUF,N#Cc1c(N)nc2c(c1c1ccc(cc1)[N+](=O)[O-])ccc1c2cccc1,1.3623,3.68,5.1,1.809,0.953,526,131.5,289.3
SAQVIS,CN(c1ccc(cc1)c1nc2c(o1)ccc(c2)[N+](=O)[O-])C,1.425,4.307,7.2,2.033,1.287,633,-150.1,294.4
JEJZAA,O=[N+]1C=C/C(=[NH+]/[N+](=O)[O-])/C=C1,1.5996,6.688,18.8,5.162,3.17,614,95.8,89.9
PUFMOT,CCOc1cc(/C=N/Nc2cccc(c2)[N+](=O)[O-])ccc1O,1.3698,4.472,7.6,2.242,1.501,669,-292.7,294.5
BUYPUG10,[O-][N+](=O)[C@]12C[C@]3(C[C@@](C2)(C[C@@](C1)(C3)[N+](=O)[O-])[N+](=O)[O-])[N+](=O)[O-],1.6053,6.573,18.2,4.415,2.816,637,-452.7,218.9
RAVNEH,CC(=O)N(c1c(C)ccc(c1[N+](=O)[O-])C)C(=O)C,1.2882,4.113,6.1,1.659,1.188,716,-552.8,264.9
ABENUQ,OC[C@H]1O[C@@H]([C@H]([C@@H]1O)O)n1ccnc1[N+](=O)[O-],1.5644,5.799,13.9,2.928,1.94,662,-714.2,304.7
PEZPIV,Cc1nn2c(n1)n(nc2c1ccc(cc1)[N+](=O)[O-])C(=O)C,1.488,5.115,10.5,2.677,1.677,626,40.1,287.5
XUCJEM,[O-][N+](=O)c1cn(cn1)C,1.4842,6.043,14.6,3.717,2.621,705,-11.7,305.7
TUNWAB,[O-][N+](=O)c1ccccc1NN=C1CCCCC1,1.2799,4.37,6.9,1.976,1.709,864,-23.1,314.7
DUXSIY,CO/N=C(\c1ccc(cc1)[N+](=O)[O-])/C#N,1.4055,5.275,10.7,4.225,2.307,546,140.5,286.4
WEFBEQ,Nc1ccc(cc1NCc1ccccn1)[N+](=O)[O-],1.3497,4.423,7.3,1.992,1.462,734,2.5,312.2
TAFCEI,[O-][N+](=O)c1cc(cc(c1Nc1ccc(cc1)c1ccccc1)[N+](=O)[O-])[N+](=O)[O-],1.5283,5.096,10.6,3.756,1.771,471,-26.9,230.7
GAKWUM,[O-][N+](=O)c1cc(ccc1/C=N/n1cnnc1)[N+](=O)[O-],1.5461,6.205,15.8,4.796,2.664,555,332.6,260.1
DEMNOY,CC1=C[C@@](C)([N+](=O)[O-])[C@]([C@](C1=O)(C)[N+](=O)[O-])(C)[N+](=O)[O-],1.4783,6.041,14.5,4.322,2.782,643,-433.6,88.6
EQEBIN,CC1=CC(C)(C)Nc2c1cc(cc2)[N+](=O)[O-],1.2946,3.943,5.6,1.508,1.239,821,-154.8,314.3
JOWWIB,[O-][N+](=O)c1n[nH]c(n1)N,1.8189,7.817,27.8,4.25,3.135,737,86.3,285.1
MTNOAN10,CC(=O)N(c1c(cc(cc1[N+](=O)[O-])[N+](=O)[O-])[N+](=O)[O-])C,1.5762,6.471,17.4,4.525,2.676,591,-274.9,242.1
FETRAY,COc1ccc(cc1)C(=O)[C@@H](Oc1ccc(nc1[N+](=O)[O-])C)C,1.3552,4.301,6.9,2.119,1.351,637,-539.7,244.6
DEPVUP,[O-][N+](=O)O[C@H]1C[C@H]2[C@H]([C@@H]1c1c2cccc1)O[N+](=O)[O-],1.543,5.806,13.8,4.36,2.386,547,-249.1,138.3
CNOXPA,N#CC1=C(C)N/C(=C\[N+](=O)[O-])/C(=O)C1(C)C,1.3707,4.875,9.0,2.624,1.861,709,-145.7,319.1
LULYEW,O=C1C=CC(=C/C/1=C/NCc1ccccc1)[N+](=O)[O-],1.3953,4.231,6.9,2.189,1.34,612,-165.1,313.4
DAVXIH,[O-][N+](=O)C1=C(C)[C@](C)(O)C(=O)[C@@]([C@@]1(C)[N+](=O)[O-])(C)[N+](=O)[O-],1.5197,6.228,15.8,4.222,2.73,646,-591.4,108.2
LORJAD,CCOC(=O)/C(=C/N/N=C\1/N(C)C(=O)N(C(=O)/C1=N\O)C)/[N+](=O)[O-],1.4926,5.61,12.6,2.971,1.945,654,-680.5,285.4
FIDHIL,N#Cc1c(OCCn2c(C)ncc2[N+](=O)[O-])cccc1C#N,1.4628,4.864,9.4,2.718,1.64,603,81.9,321.3
HNIABZ20,[O-][N+](=O)c1cc(cc(c1/N=N/c1c(cc(cc1[N+](=O)[O-])[N+](=O)[O-])[N+](=O)[O-])[N+](=O)[O-])[N+](=O)[O-],1.7956,7.742,27.1,5.901,3.217,545,214.2,231.9
KOFDUF,OCCNC(=O)c1cc(cc(c1)[N+](=O)[O-])[N+](=O)[O-],1.5737,5.918,14.6,3.542,2.099,592,-482.9,277.5
PUWGIX,COC(=O)/C(=C(\c1ccccc1)/N1CCCCC1)/[N+](=O)[O-],1.2889,4.089,6.0,1.68,1.297,772,-480.3,248.5
VAXLAJ,O=C(OC(C)(C)C)Nc1ccc(cc1[N+](=O)[O-])[N+](=O)[O-],1.4448,5.26,10.9,2.978,1.885,633,-608.6,287.9
GANTAT01,[O-][N+](=O)c1[nH]nc(c1Nc1nnc2n(n1)cnn2)[N+](=O)[O-],1.8273,7.903,28.5,5.33,3.361,630,706.2,257.3
JABLUW01,[O-][N+](=O)n1ccc(n1)n1cnnn1,1.6681,7.37,23.4,5.404,3.51,649,516.3,150.9
FABROP10,[O-][N+](=O)c1cc(cc(c1Nn1c2ccccc2c2c1cccc2)[N+](=O)[O-])[N+](=O)[O-],1.5115,5.18,10.9,3.901,1.834,470,101.6,230.6
DEWBOW,O[C@H]1Nc2ccc(cc2C(=O)N2[C@H]1CCC2)[N+](=O)[O-],1.5059,4.713,9.0,1.886,1.284,681,-471.6,301.5
SIDQEB,Oc1ccc2c(c1/C=N/c1cccc(c1)[N+](=O)[O-])cccc2,1.4049,3.906,5.9,2.034,1.092,536,-131.7,289.1
XEBHET,CC([N-][N+](=O)c1nonc1N[N+](=O)[O-])(C)C,1.4366,6.78,18.0,5.269,4.103,778,244.5,132.5
SEDMIZ,[O-][N+](=O)c1ccc(cc1)/C=N/N(c1ccccc1)c1ccccc1,1.292,3.794,5.2,2.03,1.291,635,160.1,299.0
DAXMUL,O[C@H]1[C@H](OC[C@H]([C@@H]1O)O)Nc1ccc(cc1)[N+](=O)[O-],1.5512,5.134,10.9,2.231,1.48,663,-848.9,308.3
FABJAW,N#Cc1c(C)c(C)c(c(c1N)[N+](=O)[O-])c1ccccc1,1.2832,3.903,5.5,1.889,1.267,670,20.8,273.2
RIYTID,N#Cc1cc(ccc1C)[N+](=O)[O-],1.3841,4.74,8.6,3.288,1.818,552,48.9,286.9
QIKDET,Nc1cc(cc(c1)[N+](=O)[O-])[N+](=O)[O-],1.6005,6.421,17.3,4.459,2.592,581,-85.1,283.3
JEXMAA,[O-][N+](=O)N1CN(C[C@@H]1[C@H]1CN(CN1[N+](=O)[O-])[N+](=O)[O-])[N+](=O)[O-],1.7113,8.072,28.6,5.825,4.254,730,73.5,142.5
DOKVUV,CCOC(=O)c1ccc(c(c1)[N+](=O)[O-])Nc1ccccc1,1.3585,4.082,6.3,1.842,1.153,626,-440.8,301.9
LOLGAV01,[O-][N+](=O)c1ccccc1n1nnc(c1)c1ccccc1,1.3831,4.457,7.6,2.673,1.575,589,227.5,257.9
ERUSUH,Oc1cccc2c1[C@H](Nc1c2cccc1)c1cccc(c1)[N+](=O)[O-],1.3009,3.541,4.6,1.695,0.955,563,-186.5,294.1
TENZOD,Nn1nc(c(n1)[N+](=O)[O-])[N+](=O)[O-],1.868,9.083,38.1,6.495,4.599,707,297.4,258.0
FAKWET,[O-][N+](=O)c1ccc(cc1)Nc1ccc(cn1)[N+](=O)[O-],1.5086,5.341,11.5,3.752,1.939,516,6.1,295.4
XUWCEX,[O-][N+](=O)c1ccc(cc1)/C=C/c1ccc(cc1)[N+](=O)[O-],1.4527,4.743,8.9,3.487,1.735,497,-26.0,289.5
GIVJAX,[O-][N+](=O)c1ccc(cc1)Cc1nccnc1,1.38,4.514,7.7,2.547,1.591,624,63.9,294.7
JUPRIV,[O-][N+](=O)c1cc(cc(c1N(C)C)[N+](=O)[O-])[N+](=O)[O-],1.608,6.79,19.4,5.102,3.124,612,-57.0,238.5
KAHHUY,[O-][N+](=O)c1c(N)[nH]nc1[N+](=O)[O-],1.8716,8.394,32.6,5.391,3.664,679,77.1,260.1
RASZIU,CN(CC[NH2+]Cc1cc(ccc1[O-])[N+](=O)[O-])C,1.2686,4.39,6.9,1.621,1.518,936,-338.2,310.1
EZESOS,CN(/C=C/C(=O)c1ccccc1[N+](=O)[O-])C,1.3143,4.521,7.5,2.457,1.75,712,-185.1,270.5
TOYYIP,Cc1ccnc(c1)c1nccc(c1)Cc1ccc(cc1[N+](=O)[O-])[N+](=O)[O-],1.384,4.502,7.7,2.736,1.576,575,-9.6,261.2
JAWKIC,C[C@@]1(CN=NN1c1ccc(cc1)[N+](=O)[O-])c1ccccc1,1.3404,4.391,7.2,2.292,1.638,714,162.9,303.8
VUXLUV,[O-][N+](=O)c1nccn1C[C@@H](COC)O,1.4378,5.62,12.4,2.926,2.281,779,-379.4,286.4
HABMAZ,[O-][N+](=O)/N=c/1\cc(C)ccn1O,1.5419,6.235,15.9,4.394,2.911,662,17.0,88.7
LUDGAS,CN(c1ccc(cc1)C(=O)c1ccc(cc1)[N+](=O)[O-])C,1.3576,4.088,6.3,1.948,1.292,663,-199.5,291.4
ROFNIK,Cc1ccc(cc1c1nnn[nH]1)[N+](=O)[O-],1.4473,5.491,11.8,3.414,2.238,655,216.3,285.9
TOHXAP01,Nc1ccccc1C#Cc1ccccc1[N+](=O)[O-],1.3322,4.131,6.3,2.839,1.602,564,192.1,291.6
ZAMVEO,O=C1CCCC(=C1)Nc1cccc(c1)[N+](=O)[O-],1.3887,4.37,7.3,2.072,1.4,675,-244.8,289.7
SIRXAS,[O-][N+](=O)[C@]1(C)C=C[C@@](c2c1cccc2)(C)C([N+](=O)[O-])([N+](=O)[O-])[N+](=O)[O-],1.5332,6.194,15.7,4.886,2.798,572,-127.9,104.4
CMDNFL,N#CC(=C1c2cc(ccc2c2c1cc(cc2)[N+](=O)[O-])[N+](=O)[O-])C#N,1.5495,4.889,9.8,3.878,1.502,387,309.2,279.7
ZAMWEP,[O-][N+](=O)c1cn(c(n1)C)c1ccccc1,1.4125,4.654,8.4,2.416,1.599,661,6.8,307.4
OMIWEM,[O-][N+](=O)C1=[N+]2C=CC=[N+]2C=C1,1.5634,6.044,15.1,4.579,2.716,593,207.8,280.0
CIFROY,[O-][N+](=O)c1n[nH]cn1,1.669,7.466,24.1,4.79,3.293,687,106.9,281.1
DIXDUJ,CC(=O)Nc1ccccc1[N+](=O)[O-],1.4379,4.865,9.3,2.57,1.598,622,-263.1,300.0
HAYYEM,[O-][N+](=O)[C@]1(C)c2ccccc2[C@H](c2c1cccc2)C([N+](=O)[O-])([N+](=O)[O-])[N+](=O)[O-],1.5524,5.818,13.9,4.469,2.322,519,-113.8,104.3
SEFPEY,Cc1cc(nc(c1)C)NC(=O)[C@@H](c1ccc(cc1)[N+](=O)[O-])C,1.3169,3.707,5.0,1.174,0.879,748,-374.5,294.5
YAGTIL,COc1ccc(c(c1)O)/C=N/NC(=O)c1cccc(c1)[N+](=O)[O-],1.4219,4.583,8.1,2.479,1.41,568,-428.5,284.9
URAXAO,O=C1CCCCN1c1ccc(cc1)[N+](=O)[O-],1.3673,4.356,7.2,1.915,1.364,712,-304.3,299.0
KUZVUX02,[O-][N+](=O)c1cn(c(n1)C)CC(=O)OCC,1.4146,5.069,9.9,2.268,1.669,735,-484.4,308.8
DEQPUN,CC1=Nc2ccccc2CN=C1c1cccc(c1)[N+](=O)[O-],1.3378,4.033,6.0,2.117,1.359,642,107.1,288.9
TAXSER,CCC/C(=N\Nc1ccc(cc1[N+](=O)[O-])[N+](=O)[O-])/[N+](=O)[O-],1.4942,6.178,15.3,4.649,2.892,622,-50.6,242.7
NACXEU01,[O-][N+](=O)[C@]12[C@H]3[C@]4([C@@H]2[C@]2([C@@H]1[C@@]3([C@@]42[N+](=O)[O-])[N+](=O)[O-])[N+](=O)[O-])[N+](=O)[O-],1.9592,8.902,37.6,7.376,4.143,561,389.9,222.7
VUZHII,O=C(c1ccccc1C)N/N=C/c1ccc(cc1)[N+](=O)[O-],1.351,4.23,6.7,2.172,1.375,633,-110.9,293.3
ENIZEG,CN(c1ccc(cc1)/C=C/1\OC(=O)c2c1ccc(c2)[N+](=O)[O-])C,1.4207,4.135,6.6,2.031,1.173,577,-337.9,290.1
VACRAT,Cc1cc/c(=N\[N+](=O)[O-])/n(c1)O,1.5349,6.227,15.9,4.423,2.93,662,22.0,84.2
JINYEK,CN1N=NN(C(/C/1=N/c1ccc(cc1[N+](=O)[O-])[N+](=O)[O-])(C)C)C,1.3819,5.682,12.3,3.632,2.787,767,198.7,282.5
JOKTIM,[O-][N+](=O)C1=CC(=[N+]([O-])[O-])[C@]2(C(=C1)[N+](=O)[O-])OCc1[n+]2cccc1,1.6523,6.288,17.0,4.508,2.366,524,-117.6,310.6
KAWQAD,COc1ccc(cc1)n1c(C=O)cc(c1c1ccc(cc1)[N+](=O)[O-])C=O,1.3594,4.028,6.1,2.269,1.161,511,-415.2,289.0
GEYNON,O=C1OCOc2c1cc(cc2[N+](=O)[O-])[N+](=O)[O-],1.7706,6.679,20.0,4.055,2.081,513,-495.8,260.4
DUPJUV,[O-][N+](=O)Cc1nnc(o1)c1ccccc1,1.4933,5.156,10.7,3.292,1.798,546,-50.8,155.1
KUTKOA,[O-][N+](=O)/N=C/1\NCN(CN1C)Cc1ccccc1,1.4015,4.95,9.4,2.021,1.817,899,19.6,207.7
POTGUC,[O-][N+](=O)C1([N+](=O)[O-])[C@H]2C[C@H]3C([C@@H]1C[C@@H](C2([N+](=O)[O-])[N+](=O)[O-])C3)([N+](=O)[O-])[N+](=O)[O-],1.777,7.85,27.6,5.56,3.527,634,-332.5,106.0
NBCBRE10,N#C[C@@H]1[C@H]2C[C@H]3[C@@H]1C=C[C@H]3[C@@H]2OC(=O)c1cc(cc(c1)[N+](=O)[O-])[N+](=O)[O-],1.4558,4.801,9.1,3.189,1.609,504,-319.3,276.1
YORYEJ,O=CNCC([N+](=O)[O-])([N+](=O)[O-])C,1.5552,6.908,19.7,4.338,3.156,727,-375.7,152.3
ACOWUK,O=C(N1CC(C1)([N+](=O)[O-])[N+](=O)[O-])N1CC(C1)([N+](=O)[O-])[N+](=O)[O-],1.7324,7.849,27.2,5.531,3.678,664,-183.7,169.3
JEKHIR,CCOC(=O)[C@H](/C(=C\c1ccc(cc1)N(C)C)/[N+](=O)[O-])O,1.3168,4.349,6.9,1.827,1.391,761,-672.2,287.5
LIBMUF,COc1ccc(c(c1)O)/C(=N/NC(=O)c1ccc(cc1)[N+](=O)[O-])/C,1.4528,4.577,8.3,2.228,1.365,612,-476.4,287.2
ZUCMOB,Cc1onc(c1/N=N/c1ccccc1[N+](=O)[O-])C,1.3896,5.167,10.2,3.509,2.236,637,137.7,272.1
TEWJUA,CC(Nc1c([N+](=O)[O-])c(N)c(c(c1[N+](=O)[O-])N)[N+](=O)[O-])C,1.6036,6.539,18.0,4.235,2.845,671,-183.7,250.9
LIJKEV,[O-][N+](=O)c1cn(c(n1)C)c1cccnc1,1.5243,5.235,11.2,2.765,1.821,658,80.4,304.6
FOVXAP,[O-][N+](=O)/C(=C/c1cn(c2c1cccc2)C)/C,1.3124,4.112,6.2,1.988,1.442,725,-54.3,292.1
ZOXYIU,[O-][N+](=O)C[C@@H]([C@@H]([N+](=O)[O-])C)c1ccccc1,1.3598,5.113,9.8,3.232,2.262,699,-243.4,212.2
CUDYIL,COC(=O)CCn1cc([N+](=O)[O-])c(=O)[nH]c1=O,1.575,5.428,12.3,2.269,1.412,622,-834.6,285.5
PAVZIX,Nc1ccc(cc1)C(=O)N/N=C/c1ccccc1[N+](=O)[O-],1.5487,4.862,9.7,2.372,1.496,630,-51.8,277.4
NEDCAA,[O-][N+](=O)c1ccc(cc1)N/C=N/c1ccc(cc1)[N+](=O)[O-],1.4634,5.079,10.2,3.395,1.861,548,3.5,297.0
NUQRUN,O=C(c1ccccc1[N+](=O)[O-])N/N=C/c1c(O)ccc2c1cccc2,1.4342,4.211,6.9,2.217,1.185,534,-224.7,268.6
RILXOB,O=[N+]1C(=[N+]=c2c(=C1C)cccc2)c1ccc(cc1)[N+](=O)[O-],1.4825,4.636,8.6,2.83,1.578,557,69.7,292.0
MNPMAL01,O=C(Nc1cccc(c1)[N+](=O)[O-])/C=C\C(=O)O,1.5611,5.04,10.5,2.558,1.335,521,-562.8,283.0
JODSEA,O=C(Cc1ccccc1)Nc1ccc(cc1)[N+](=O)[O-],1.3137,3.893,5.6,1.83,1.12,612,-257.1,298.8
WEHCOD,N#Cc1c(oc2c1cc(cc2)[N+](=O)[O-])c1ccccc1,1.4243,4.06,6.4,2.748,1.165,424,-0.2,290.0
YILPEQ,[O-][N+](=O)c1cnc(nc1)N1CCOCC1,1.5308,5.653,13.0,2.843,2.122,746,-128.5,305.1
XATHOR,[O-][N+](=O)c1ccc2c(c1)nc1n2C(=CC(C1)(C)C)C,1.3023,3.861,5.4,1.403,1.1,784,-123.1,300.4
HECGAX,Nc1ccc(cc1)c1ncc(n1C)[N+](=O)[O-],1.4321,4.846,9.2,2.294,1.649,719,16.5,314.7
ATOPOP,Cc1cccc(c1/N=C/c1ccc(cc1)[N+](=O)[O-])C,1.2234,3.668,4.7,1.764,1.244,705,-35.6,289.7
DEXJAU,O=C1Nc2c(C1)cc(cc2)[N+](=O)[O-],1.5375,4.891,9.8,2.75,1.384,503,-237.6,300.2
NOACTD,[O-][N+](=O)CC(=O)N,1.5922,6.798,19.4,3.476,2.62,753,-320.1,209.2
BINSUM,O=C(C(=O)NCC([N+](=O)[O-])([N+](=O)[O-])[N+](=O)[O-])NCC([N+](=O)[O-])([N+](=O)[O-])[N+](=O)[O-],1.7978,8.492,32.6,5.669,3.834,676,-545.3,147.1
PILGEX,COc1ccc(cc1)C(=O)N/N=C/c1ccccc1[N+](=O)[O-],1.3879,4.512,7.8,2.535,1.519,599,-209.5,276.4
VOKKUB,COC(=O)[C@]1([N+](=O)[O-])[C@@H]2CCC[C@H]1[C@H]2[N+](=O)[O-],1.5046,5.827,13.7,3.803,2.443,642,-526.4,174.3
XEKLOR,[O-][N+](=O)c1ccccc1CN1CN1Cc1ccccc1[N+](=O)[O-],1.3874,5.076,9.8,3.538,2.27,641,143.5,278.3
BIXCOD,O/N=C(/C(=N/N=C/c1ccc(cc1)[N+](=O)[O-])/C)\C,1.3373,5.104,9.7,3.221,2.327,722,73.4,290.7
TUFKIQ,O=C1N[C@@H](c2ccccc2)C(=C(N1)c1ccccc1O)[N+](=O)[O-],1.4543,4.24,7.1,1.894,1.091,576,-378.5,
GECCUM,O[C@@]1(C=CC2=NCC[C@@]2(C1)C)c1ccc(cc1)[N+](=O)[O-],1.3325,4.095,6.2,1.815,1.345,740,-231.8,294.2
ZUGPOG,N#Cc1c(C)cccc1[N+](=O)[O-],1.4413,4.9,9.4,3.379,1.868,552,63.8,266.5
LEFCEG,C/C(=C\c1ccccc1[N+](=O)[O-])/[N+](=O)[O-],1.4292,5.372,11.2,4.346,2.339,538,-65.6,269.3
JUVMIW01,[O-][N+](=O)C1(C[C@H]2C[C@@H]1CC2([N+](=O)[O-])[N+](=O)[O-])[N+](=O)[O-],1.7131,7.614,25.4,5.497,3.568,649,-239.8,151.7
HUFPOP,Cn1c2ccccc2c2c1n1nc(c(c1cc2)[N+](=O)[O-])C,1.4421,4.318,7.3,2.008,1.285,639,78.8,338.5
NOQVUL,Cc1ccc(o1)/C=N/c1cccc(c1)[N+](=O)[O-],1.385,4.491,7.7,2.732,1.596,584,-97.2,292.1
YUYQEP,CN(C(=Nc1ccc(cc1)[N+](=O)[O-])N(C)C)C,1.2345,4.417,6.8,1.783,1.691,948,-62.8,310.6
KIRHIC,C#CCCCc1ncc(cn1)c1ccc(cc1)[N+](=O)[O-],1.3399,4.324,7.0,2.551,1.711,670,197.6,288.6
NANILI29,Nc1ccc(cc1)[N+](=O)[O-],1.4571,5.166,10.5,2.945,1.911,649,-77.3,310.8
BATGIN,OC[C@H]1O[C@H]([C@@H]([C@H]([C@@H]1O)O)O)n1cncc1[N+](=O)[O-],1.6504,5.895,14.9,2.678,1.799,671,-937.6,310.2
QATYES,[O-][N+](=O)c1nnn(c1c1cccc2c1cccc2)Cc1ccccc1,1.3559,3.971,5.9,2.039,1.245,610,189.4,292.2
PUWGET,COC(=O)/C(=C(\c1ccccc1)/Nc1ccccc1)/[N+](=O)[O-],1.319,4.039,6.0,2.067,1.242,601,-351.5,278.7
QUGLIN,[O-][N+](=O)N1c2ccccc2C(=O)[C@]1(C)c1ccccc1,1.3407,4.067,6.2,2.269,1.327,584,-117.5,113.6
SEGRUR,Nc1nccc(c1)[N+](=O)[O-],1.4738,5.614,12.5,3.378,2.177,644,-14.1,281.9
GAHKAB02,CC(=O)Nc1cc(ccc1N(C)C)[N+](=O)[O-],1.3663,4.629,8.1,1.878,1.509,803,-306.7,291.8
NIBBEI,O=C1OC2(CCCC2)OC(=O)C1=CNc1cccc(c1)[N+](=O)[O-],1.4688,4.412,7.7,1.95,1.098,563,-831.3,285.4
GEKKUE,O=[N+]1c2cc(ccc2[N-]C21CCCCC2)[N+](=O)[O-],1.4197,5.004,9.7,2.85,2.067,725,-21.5,289.0
PIWDUU,[O-][N+](=O)[C@@H]1CCN2[C@H]1[C@]1(CCCC1(C)C)CC2,1.2156,3.356,3.9,0.664,0.749,1128,-325.7,223.2
XIXKUK,C[C@@H]1CCC[C@@H](N1c1ccc(cc1[N+](=O)[O-])[N+](=O)[O-])C,1.3573,4.985,9.3,2.694,2.162,802,-215.7,235.0
ZUVQEO,C[C@@H]1Oc2cccc(c2c2c(O[C@H]1C)cccc2[N+](=O)[O-])[N+](=O)[O-],1.4129,4.742,8.7,3.1,1.683,542,-428.2,265.5
SIMYIX,[O-][N+](=O)c1ccc(cc1)N/N=C/c1ccc2c(c1)OCO2,1.3184,4.456,7.3,2.902,1.596,550,-140.3,309.1
XOYYOA,[O-][N+](=O)c1ccc2c(c1)nn(c2C)C,1.4275,4.917,9.4,2.593,1.824,703,11.6,297.5
SEDTUQ03,NC(=C([N+](=O)[O-])[N+](=O)[O-])N,1.8935,8.775,35.9,5.351,4.049,756,-86.4,285.0
DOKYEH,[O-][N+](=O)c1ccccc1NN=C(c1ccccc1)c1ccccc1,1.2904,3.763,5.1,1.97,1.252,635,140.9,307.2
MEDNIU,[O-][N+](=O)c1cc2n3c(COc2c(c1)[N+](=O)[O-])nn(c3=O)/C(=C(/O)\C)/C(=O)C,1.6207,5.726,13.9,3.186,1.751,549,-624.1,261.1
EZAYAF,C#Cc1ccc(cc1)NC(=O)Nc1ccc(cc1)[N+](=O)[O-],1.4129,4.379,7.4,2.554,1.425,557,-7.7,301.1
QQQFNG02,[O-][N+](=O)c1ccc(c(c1)[N+](=O)[O-])N,1.6276,6.497,17.9,4.467,2.596,581,-83.8,296.6
UQACAR,COC(=O)/C(=N\Nc1ccc(cc1)[N+](=O)[O-])/C,1.467,5.143,10.5,2.706,1.79,661,-326.1,304.7
DOKSIG,CC(=O)N/N=C(/c1ccc(cc1)[N+](=O)[O-])\C,1.3471,4.733,8.4,2.438,1.729,709,-186.8,294.2
DACZIT,[O-][N+](=O)C[C@@H](c1ccccc1)CC(=O)c1ccccn1,1.2944,3.901,5.5,1.822,1.209,663,-233.5,228.7
XIRQUM,COC(=O)[C@H]1[C@@H](ON=C1c1ccc(cc1)[N+](=O)[O-])C(=O)OC,1.4943,5.07,10.3,2.841,1.549,545,-776.3,291.8
JEMWII,COc1ccccc1C(=C([N+](=O)[O-])[N+](=O)[O-])c1ccccc1OC,1.4186,4.888,9.3,3.466,1.881,542,-307.6,229.3
ZAPKOS,Oc1ccc(cc1)C(=O)N/N=C/c1cccc(c1)[N+](=O)[O-],1.4729,4.62,8.5,2.521,1.386,550,-249.1,287.3
RIRMAH,[O-][N+](=O)c1ccc(c(c1)N)N,1.5185,5.497,12.3,2.719,1.99,731,-67.6,309.0
WINJAF,[O-][N+](=O)c1cc(ccc1Nc1ccc(cc1[N+](=O)[O-])[N+](=O)[O-])[N+](=O)[O-],1.6567,6.552,18.4,4.768,2.524,529,-69.9,271.7
CACNIG,[O-][N+](=O)c1ccccc1[C@H](Cc1cnc(o1)c1ccccc1)O,1.3523,4.026,6.1,2.071,1.197,577,-325.3,279.5
TEBHAJ,[O-][N+](=O)c1cc(cc2c1cccc2)[N+](=O)[O-],1.5282,5.325,11.6,4.129,1.909,462,-23.8,266.3
ZIKKUZ,[O-][N+](=O)c1ccc(c(c1C(=O)C)[N+](=O)[O-])O,1.6418,6.285,16.9,4.081,2.224,545,-395.3,253.3
LOLFEX,OC1CN(CN(C1)[N+](=O)[O-])[N+](=O)[O-],1.6566,7.548,24.5,4.99,3.783,758,-208.3,168.1
MABZNA02,CN(c1ccc(cc1)/C=N/c1ccc(cc1)[N+](=O)[O-])C,1.3275,4.105,6.2,1.87,1.401,749,19.6,303.5
KUFLUU01,COc1cccc(c1O)/C=N/c1cccc(c1)[N+](=O)[O-],1.41,4.424,7.5,2.433,1.402,576,-305.7,289.6
HEVZOZ,O=C([C@@H](NC(=O)C(C)(C)C)C)Nc1cccc(c1)[N+](=O)[O-],1.2534,3.665,4.8,0.948,0.797,840,-689.7,290.8
HASHAK,[O-][N+](=O)[C@]12[C@@H]3[C@@H]4[C@H]1[C@@]1([C@H]2[C@]3([C@H]41)[N+](=O)[O-])[N+](=O)[O-],1.7377,7.557,25.3,7.045,3.796,538,388.8,246.3
PIPWOA,Cn1cnc(c1/C=C/c1ccccc1)[N+](=O)[O-],1.3978,4.508,7.8,2.328,1.593,684,49.6,303.1
REBLER,O=C(c1ccc(cc1)[N+](=O)[O-])N/N=C(\c1ccccn1)/c1ccccc1,1.4141,4.164,6.7,2.102,1.224,582,2.0,290.2
RAKNAT,CNc1cccc2c1c(ccc2[N+](=O)[O-])N(C)C,1.3266,4.286,6.8,1.848,1.52,822,-30.9,278.9
OMOBOH,CCOC(=O)c1cn(nc1C)c1ccc(cc1[N+](=O)[O-])[N+](=O)[O-],1.4636,5.237,10.9,3.329,1.864,559,-388.9,247.0
SAWMUA,[O-][N+](=O)c1onc2c1[C@@H]1CO[C@@H](O1)C2=O,1.7225,6.7,19.8,4.355,2.3,528,-348.9,278.3
DIMNAN03,CN(c1ccc(cc1)[N+](=O)[O-])C,1.3622,4.842,8.8,2.465,1.995,809,-74.5,312.0
TNITAN,[O-][N+](=O)c1cc([N+](=O)[O-])c(c(c1N)[N+](=O)[O-])[N+](=O)[O-],1.8607,8.268,31.5,5.895,3.507,594,-33.7,204.5
NEDSEU,CN1C[C@]2(CC=C[C@@](C1)(C2)[N+](=O)[O-])[N+](=O)[O-],1.4161,5.668,12.4,3.454,2.725,789,-183.4,226.0
HOCVEA,O=C1C(=O)c2cccc(c2c2c1cc(cc2)[N+](=O)[O-])[N+](=O)[O-],1.6828,5.402,12.7,3.62,1.496,413,-238.9,230.2
LORNAI,N#CCc1cccc(c1C)[N+](=O)[O-],1.3479,4.61,7.9,2.889,1.838,636,24.8,270.0
SEKGUL,CC(=O)NC(CC([N+](=O)[O-])(C)C)(C)C,1.143,3.429,3.9,0.633,0.701,1108,-597.9,211.8
UHOPIQ,COc1ccc(cc1)N(c1ccc(cc1)[N+](=O)[O-])C(=O)C,1.3372,4.121,6.3,1.993,1.248,626,-397.5,300.6
TIJPEI,[O-][N+](=O)c1ccc2c(c1)[n-][n+]1c(c2=O)cccc1,1.582,4.892,10.0,3.161,1.469,464,36.3,285.8
NAPHUK,[O-][N+](=O)/C=C/C=C/[N+](=O)[O-],1.5556,7.154,21.1,6.063,3.772,622,-5.4,278.1
PIGSUV,[O-][N+](=O)c1c(N)c([N+](=O)[O-])c(c(c1N)[N+](=O)[O-])n1cnc(c1[N+](=O)[O-])[N+](=O)[O-],1.8275,7.922,28.6,5.379,3.246,603,63.9,253.0
KIKNEY,NNc1n(C)nc(c1[N+](=O)[O-])C,1.4822,6.35,16.1,3.36,3.08,916,91.0,353.1
LIJQEB,N#C/C(=C\c1c[nH]c2c1cccc2)/c1ccc(cc1)[N+](=O)[O-],1.3751,3.919,5.8,2.209,1.198,542,154.8,295.9
VEDYEL,CCOc1ccc(cc1)/C=N/N=C(/c1ccc(cc1)[N+](=O)[O-])\C,1.2817,4.094,6.0,2.023,1.456,719,-96.3,295.1
PAVVEN,OC[C@H]1O[C@H](C[C@@H]1O)n1ccc2c1c(ccc2)[N+](=O)[O-],1.4605,4.748,8.9,2.296,1.479,644,-571.2,276.0
KAJFAD,[O-][N+](=O)C1=C/C(=[NH+]\CC)/[N+](=O)C=C1,1.4571,5.809,13.3,3.686,2.706,734,-51.0,296.6
HOWJEI,[O-][N+](=O)[C@@H]1C[C@H](C[C@H](C21OCCO2)[N+](=O)[O-])[N+](=O)[O-],1.5477,6.585,17.8,4.365,2.912,667,-616.0,209.6
ZZZFYW01,[O-][N+](=O)c1ccccc1[N+](=O)[O-],1.573,6.372,16.9,5.042,2.689,533,-31.3,244.8
TELWIQ,O=C1NCCCC/C/1=N\OCc1ccc(cc1)[N+](=O)[O-],1.3586,4.731,8.4,2.427,1.766,727,-295.1,292.9
SAHLEU,OC(=O)c1ccccc1Nc1ccccc1[N+](=O)[O-],1.4308,4.282,7.1,2.201,1.146,520,-399.8,286.8
MOTJOU,COc1ccc(cc1)N([N+](=O)[O-])C,1.3627,5.162,10.0,3.112,2.297,738,-159.1,119.1
GAWBOW,CCOc1cc(/C=N/Nc2ccc(cc2)[N+](=O)[O-])ccc1O,1.3984,4.527,7.9,2.231,1.493,669,-296.0,310.2
QONRUI,[O-][N+](=O)N(CO)C,1.5315,7.131,20.8,4.452,3.762,844,-255.2,
DEYRUV,C/C(=N\c1cc(C)cc(c1)C)/c1ccc(cc1)[N+](=O)[O-],1.2227,3.539,4.3,1.475,1.109,751,-88.4,292.4
XICKUQ,Cc1ccc(cc1)/C=N/Nc1c(cc(cc1[N+](=O)[O-])[N+](=O)[O-])[N+](=O)[O-],1.5017,5.645,12.8,4.315,2.31,535,57.1,240.6
EKAJAD,[O-][N+](=O)c1ccc(cc1)C1=NO[C@H]2[C@@H]1Cc1c2cccc1,1.4205,4.252,7.0,2.552,1.429,559,-10.9,293.6
NOTRAP,CC[C@@]1(CCC(=O)NC1=O)c1ccc(cc1)[N+](=O)[O-],1.3709,4.089,6.3,1.521,1.04,683,-569.0,291.6
DARWAX,[O-][N+](=O)c1cc(ccc1C(=O)c1ccccn1)[N+](=O)[O-],1.5292,5.309,11.5,3.766,1.776,471,-115.5,252.5
HACLEE,[O-][N+](=O)c1ccc2n(c1=O)C[C@@H]1C[C@H]2CNC1,1.5038,4.897,9.7,2.036,1.552,762,-247.1,283.2
XOZZAP,[O-][N+](=O)c1ccc(cc1)CO/N=C/c1ccccn1,1.3346,4.602,7.9,3.017,1.84,609,49.9,294.9
XAHZIS,[O-][N+](=O)c1cc(cc(c1[C@@H]1O[C@H]1c1cccc(c1)[N+](=O)[O-])[N+](=O)[O-])[N+](=O)[O-],1.5762,6.198,16.0,4.8,2.43,506,-148.8,241.1
CUNVAI,CC(=O)/C(=N/Nc1ccc(cc1[N+](=O)[O-])[N+](=O)[O-])/C,1.5164,5.777,13.5,3.985,2.348,589,-151.8,292.5
RIZGUD,[O-][N+](=O)c1cc(ccc1N/N=C(/c1ccco1)\C)[N+](=O)[O-],1.5316,5.589,12.8,4.04,2.183,540,-40.4,298.2
TEFVEG,N#CC1=C(N)Oc2c([C@@H]1c1cccc(c1)[N+](=O)[O-])c(=O)oc(c2)C,1.4244,4.373,7.4,2.527,1.219,482,-388.2,291.0
BABBUB,[O-][N+](=O)N=C1NCCN1,1.5283,6.729,18.5,3.725,3.208,861,0.6,209.4
ICUFIX,[O-][N+](=O)OCCNC(=O)c1ccccn1,1.4754,5.421,11.7,3.097,1.972,636,-314.1,154.0
ZIXTOS,O=C(c1ccc(cc1)[N+](=O)[O-])/N=C\1/OC[C@@H](N1)c1ccccc1,1.4017,4.183,6.7,1.974,1.137,576,-353.7,292.0
XIVJES,COC(=O)C1=C(C)NC(=O)N[C@@H]1c1cccc(c1)[N+](=O)[O-],1.4717,4.557,8.3,1.891,1.164,615,-659.3,291.9
XANLAC,[O-][N+](=O)c1ccc(cc1)c1cnc2c(n1)cccc2,1.4472,4.237,7.1,2.381,1.275,535,114.1,291.9
ELIGUD,[O-][N+](=O)c1nc(n(n1)CO[N+](=O)[O-])c1nc(nn1CO[N+](=O)[O-])[N+](=O)[O-],1.8586,8.513,33.4,5.664,3.712,655,70.3,129.2
GEKKOY,O=[N+]1c2ccc(cc2[N-]OC21CCCCC2)[N+](=O)[O-],1.4863,5.503,12.1,3.629,2.472,681,-12.9,
ONABAH,[O-][N+](=O)c1ccccc1Nc1nnc(o1)c1ccccc1,1.4612,4.646,8.5,2.646,1.471,555,20.6,304.6
NUDLIH,CC[NH+](Cc1cc(ccc1[O-])[N+](=O)[O-])CC,1.311,4.281,6.7,1.533,1.379,899,-382.2,310.2
UFEDOY,[O-][N+](=O)c1ccc(c2c1non2)N1CCCC1,1.5224,5.706,13.2,3.719,2.491,669,144.8,300.7
PESJIH,C/C=N/Nc1ccc(cc1)[N+](=O)[O-],1.3456,5.074,9.6,3.006,2.256,750,54.5,309.9
OJIRIJ,COc1ccc(c(c1)[N+](=O)[O-])c1cnc2c(n1)cccc2,1.4197,4.332,7.3,2.415,1.347,557,-47.0,263.4
NUMXAV,CNC(=C([N+](=O)[O-])[N+](=O)[O-])N,1.7508,7.972,28.3,5.098,3.876,760,-98.1,285.1
TIVMER,N#Cc1ccc(cc1)NC(=O)Nc1ccc(cc1)[N+](=O)[O-],1.4728,4.461,7.9,2.203,1.224,555,-104.3,298.8
BOQHEU,Cc1cc(C)c(c(=O)c(c1)C)Oc1ncc(cc1[N+](=O)[O-])[N+](=O)[O-],1.4052,4.988,9.6,3.54,1.916,541,-279.5,264.1
POQFOS,CC(=O)Nc1ccc(c(c1)[N+](=O)[O-])O,1.4793,4.966,9.8,2.575,1.471,571,-464.9,315.1
ZZZGVU01,[O-][N+](=O)c1ccc(c(c1)[N+](=O)[O-])C,1.5107,5.927,14.2,4.553,2.521,553,-95.3,270.1
GIBZAV,O=C(Cc1ccccc1)N/N=C/c1ccccc1[N+](=O)[O-],1.3283,4.241,6.6,2.29,1.449,633,-77.5,275.7
GETFIU01,[N-]=[N+]=C1C=C(C=C(C1=O)[N+](=O)[O-])[N+](=O)[O-],1.7267,7.246,23.2,5.449,2.906,533,114.5,258.6
BEDROT,O=C1CN(C(=O)CN1c1ccccc1[N+](=O)[O-])c1ccccc1[N+](=O)[O-],1.5432,5.039,10.4,3.071,1.545,503,-361.1,247.8
LOBWIJ,ON1C(=O)c2cc(ccc2CC1(C)C)[N+](=O)[O-],1.4492,4.841,9.2,2.446,1.624,664,-390.3,289.0
MUDWEO01,[O-][N+](=O)c1cc([N+](=O)[O-])c(cc1Nc1ccccc1)Nc1ccccc1,1.4023,4.529,7.9,2.71,1.56,575,-18.9,309.3
ERUDAX,COC(=O)Nc1ccc(cc1)[N+](=O)[O-],1.501,5.018,10.1,2.584,1.476,571,-463.2,301.5
MUYLAT,Cc1cc(C)n(c(=O)n1)c1cccc(c1)[N+](=O)[O-],1.4105,4.483,7.8,2.142,1.37,639,-200.8,287.8
VENLOQ,O=C(C(=O)Nc1ccc(cc1)[N+](=O)[O-])Nc1ccc(cc1)[N+](=O)[O-],1.5787,5.203,11.3,2.937,1.495,508,-439.4,294.1
BELMOU,O=C1CC/[N+](=C/c2ccc(cc2)[N+](=O)[O-])/[N-]1,1.4962,5.167,10.7,3.081,1.89,613,-50.7,291.5
VAZCAC01,[O-][N+](=O)c1nn(c(n1)[N+](=O)[O-])N,1.8548,8.919,36.6,6.159,4.361,707,238.9,264.7
DUMPAC,CN([N+](=O)[O-])CC1(COC1)CN([N+](=O)[O-])C,1.4443,6.55,16.8,4.384,3.776,861,-183.3,158.1
ACALUL,O=C(c1ccc(cc1)C(C)(C)C)Nc1ccc(cc1)[N+](=O)[O-],1.3151,3.551,4.6,1.122,0.843,751,-391.3,301.4
JUFLAX,O=C(c1ccc(cc1[N+](=O)[O-])[N+](=O)[O-])Oc1ccc2c3c1C(=O)C=Cc3ccc2,1.5473,4.603,8.7,2.945,1.184,402,-457.0,258.8
TEBCAE,[O-][N+](=O)[C@]12[C@@H]3[C@@H]4[C@H]1[C@@H]1[C@@]5([C@H]2C[C@H]3[C@@]5([C@H]4C1)[N+](=O)[O-])[N+](=O)[O-],1.6255,5.964,15.1,4.227,2.342,554,-193.1,232.6
LIXWAS,COc1ccc(cc1)/C=N/Nc1ccccc1[N+](=O)[O-],1.3624,4.527,7.7,2.556,1.689,661,-32.8,311.3
LAPWOR,[O-][N+](=O)c1cc(cc(c1[N+](=O)[O-])[N+](=O)[O-])n1cnnn1,1.7952,7.73,27.0,5.653,3.267,577,339.2,216.3
FIPZIN,N#[N+][N-]CN([N+](=O)[O-])CN([N+](=O)[O-])CN([N+](=O)[O-])C[N-][N+]#N,1.7155,8.471,31.5,6.243,4.806,769,634.8,177.3
GATPEW,CN(c1ccccc1)/N=C/c1ccccc1[N+](=O)[O-],1.3141,4.331,6.9,2.459,1.727,702,143.6,279.6
SINZEW,O=C(c1cc(O)cc(c1)O)N/N=C/c1ccc(cc1)[N+](=O)[O-],1.5382,4.812,9.5,2.595,1.351,520,-428.4,293.0
DIPHUI,O=C1NC=C([C@@H](N1C)N1CCCC1)[N+](=O)[O-],1.3953,4.98,9.5,1.901,1.695,891,-296.0,313.9
MANXUW,[O-][N+](=O)c1cc2O[C@@H](CNc2cc1)OCCCC,1.3282,4.382,7.1,1.755,1.403,799,-525.3,310.5
ZUHQUO,O=C1N([N+](=O)[O-])[C@]2([C@@](N1[N+](=O)[O-])(C2)C)C,1.5749,6.843,19.5,4.894,3.298,673,-109.3,122.9
REWDUS,CCOC(=O)C1=C(C)NC(=O)N[C@@H]1c1cccc(c1)[N+](=O)[O-],1.4394,4.381,7.5,1.646,1.087,660,-707.5,292.7
OGENIY01,O=C(c1cccc(c1)[N+](=O)[O-])Nc1cccc2c1nccc2,1.4376,4.066,6.5,1.974,1.056,535,-147.3,287.4
JEHNUF,O=C(c1ccc(cc1)[N+](=O)[O-])Oc1ccccn1,1.4655,4.501,8.0,2.76,1.267,458,-296.0,285.4
VOQJER,CCc1ccc(cc1N)[N+](=O)[O-],1.3611,4.617,8.0,2.043,1.653,809,-144.6,299.3
VIKYOD,[O-][N+](=O)[C@@H]1[C@H]2[C@@H]3[C@@H]4C[C@H]2[C@@H]2[C@H]1[C@H]([C@H]3[N+](=O)[O-])[C@H]42,1.5219,5.428,12.0,3.398,2.256,664,-165.6,223.9
UBATOI,OC[C@]1(CN(C[C@H]1c1ccc(cc1)C)C)[N+](=O)[O-],1.2282,3.932,5.4,1.407,1.26,895,-373.7,207.0
TIXQUM,[O-][N+](=O)c1ccc(c(c1)N)C,1.3733,4.801,8.7,2.417,1.78,736,-116.3,298.6
TAFFIP,[O-][N+](=O)[C@@H]1c2ccccc2[C@H](c2c1cccc2)[N+](=O)[O-],1.4823,4.724,8.9,3.255,1.62,497,-88.6,113.1
RUQWEG,C/C(=N\NC(=O)c1ccccc1O)/c1ccc(cc1)[N+](=O)[O-],1.434,4.47,7.8,2.244,1.344,599,-296.6,296.8
UQACEV,COC(=O)c1cc2c([nH]1)ccc(c2)[N+](=O)[O-],1.522,4.758,9.2,2.534,1.29,508,-412.0,300.1
DUJSIL,COc1ccccc1C(=O)N/N=C/c1ccc(cc1)[N+](=O)[O-],1.4089,4.516,7.9,2.446,1.465,599,-236.0,295.3
FIBLIL,O=C(c1ccc(cc1)[N+](=O)[O-])N1CCCCO1,1.4281,4.977,9.6,2.839,1.886,664,-297.4,290.7
KATGAO,O=C(c1ccccc1)N/N=C/c1cc(ccc1O)[N+](=O)[O-],1.4963,4.669,8.8,2.523,1.388,550,-248.4,295.8
NMALAM,N/C(=C(/C(=O)N)\[N+](=O)[O-])/O,1.7801,6.722,20.3,2.581,1.868,723,-521.8,
PEXKEI,[O-][N+](=O)c1ccc2c(c1)C[C@H]1N[C@]2(C)c2c1cccc2,1.3275,3.68,5.0,1.599,1.077,673,-58.2,296.5
UHATON,O/N=C/1\N[C@H]([N+](=O)C1=[NH2+])c1ccccc1[N+](=O)[O-],1.5648,6.07,15.3,4.061,2.536,624,51.8,288.2
CIQCAJ,[O-][N+](=O)c1cc(N/C=C\2/C=CC=C(C2=O)OC)c(cc1)O,1.4921,4.701,8.9,2.601,1.415,544,-460.4,296.3
QOTGEL01,[O-][N+](=O)c1ccc(nc1)NC1CCCCCCC1,1.2421,3.83,5.2,1.123,1.11,988,-204.1,309.6
JEHLEN,CC(=O)O[C@@H]1N([N+](=O)[O-])[C@H]2[C@@H](N1[N+](=O)[O-])N(CCN2[N+](=O)[O-])[N+](=O)[O-],1.7564,7.943,28.1,5.148,3.622,703,-312.0,154.1
BEPQET,[O-][N+](=O)c1ccc(cc1)N1C[C@H]2[C@@]3(C1=CC(=O)c1c3cccc1)C2,1.427,3.922,6.0,2.013,1.134,563,-85.3,299.0
YATCOL,O=C(c1cc(cc(c1)[N+](=O)[O-])[N+](=O)[O-])O[C@@]1(C)C=C[C@@H]2O[C@H]1OC2,1.525,5.371,11.7,3.32,1.77,533,-732.4,277.7
ZEJWUJ,CCOC(=O)/C(=C/1\c2ccccc2N(C1=O)C)/[N+](=O)[O-],1.4617,4.617,8.4,2.345,1.332,567,-562.2,227.2
FOBZUS,[O-][N+](=O)c1ccccc1c1nc2c([nH]1)cccc2,1.4031,4.198,6.8,2.256,1.268,562,55.6,265.8
XAZQAR,[O-][N+](=O)c1ccc2c(c1)NCCC2,1.4155,4.609,8.2,2.108,1.591,754,-108.5,299.1
AZAXEG,O=C1NC(=O)N(C1)/N=C/c1ccc(o1)[N+](=O)[O-],1.6418,5.993,15.3,3.297,1.861,564,-336.1,300.2
SOGDAU,C/C(=N\Nc1ccc(cc1)[N+](=O)[O-])/c1nccnc1,1.4186,4.924,9.4,2.644,1.843,697,195.9,304.8
IJIVIG,[O-][N+](=O)Nc1ccc[n+](c1)[O-],1.613,6.717,19.1,5.134,3.152,614,91.4,128.8
IZIPUD,Oc1ccc(cc1)/C(=N/Nc1ccc(cc1[N+](=O)[O-])[N+](=O)[O-])/C,1.4907,5.221,10.9,3.386,1.919,566,-139.4,298.7
CUZMOZ,[O-][N+](=O)c1ccn(n1)C,1.4711,6.153,15.0,4.09,2.885,705,35.8,302.1
BOGSIA,C/C=C/C=N/Nc1ccc(cc1[N+](=O)[O-])[N+](=O)[O-],1.4308,5.636,12.4,4.172,2.616,627,75.6,298.1
MICMEQ,CCCCNc1ccc(cc1[N+](=O)[O-])[N+](=O)[O-],1.3773,5.313,10.7,3.174,2.379,749,-208.7,300.0
PIGSIJ,[O-][N+](=O)c1cc([N+](=O)[O-])c(c(c1)[N+](=O)[O-])n1cnc(c1[N+](=O)[O-])[N+](=O)[O-],1.8019,7.849,27.9,5.774,3.242,561,93.7,242.2
MNQUON10,COc1cc([N+](=O)[O-])c2c(c1=O)ccc[nH]2,1.5946,5.183,11.3,3.151,1.603,508,-276.4,360.9
CIJYIE,N#Cc1[nH]c(nc1[N+](=O)[O-])C,1.4774,5.798,13.4,3.923,2.312,589,111.6,283.9
KAYTUZ,NCCNc1ccc(cc1)[N+](=O)[O-],1.3565,4.871,8.9,2.141,1.854,865,-96.1,312.0
HITMUS,C/C(=C(\C[N+](=O)[O-])/C)/C[N+](=O)[O-],1.3533,5.971,13.4,4.371,3.375,772,-206.8,151.4
TEDYOT,[O-][N+](=O)/N=c/1\[nH]nc(o1)c1n[nH]/c(=N\[N+](=O)[O-])/o1,1.9896,8.792,37.0,5.374,3.499,651,159.9,189.5
ADIDUN,CCc1nn(c(c1[N+](=O)[O-])C(=O)n1cnc2c1cccc2)C,1.4203,4.616,8.3,2.112,1.424,674,-93.9,290.4
FAKVOC,CN(c1ccc(cc1)Nc1ccc(cn1)[N+](=O)[O-])C,1.3179,4.355,7.0,1.939,1.514,781,16.6,309.7
RABPIP,COC(=O)/C(=C/[N+](=O)[O-])/NC(=O)c1ccccc1,1.404,4.666,8.4,2.646,1.422,537,-550.6,310.3
DILFUZ,[O-][N+](=O)N(CC([N+](=O)[O-])([N+](=O)[O-])[N+](=O)[O-])CCN([N+](=O)[O-])CC([N+](=O)[O-])([N+](=O)[O-])[N+](=O)[O-],1.8757,9.27,39.8,6.745,4.761,705,-121.0,141.6
TIFWOX,O=C(c1ccccc1N)/C=C/c1ccc(cc1)[N+](=O)[O-],1.368,4.077,6.3,2.178,1.274,584,-141.9,292.4
FECJEE,Cc1ccc2c(c1)n(c1ccc(cc1)[N+](=O)[O-])c(n2)c1ccccc1,1.295,3.458,4.3,1.501,0.919,612,10.2,290.4
SOPZOM,Cc1cn(c(n1)C)c1ccc(cc1)[N+](=O)[O-],1.3807,4.44,7.5,2.029,1.465,722,-43.3,292.3
QOKYAR,CN1CC(=C2C(=C(c3ccccc3)c3c2cccc3)C1)[N+](=O)[O-],1.3091,3.668,4.9,1.847,1.224,662,78.1,273.3
ITIKAY01,CCOC(=O)/C(=N\Nc1ccc(cc1O)[N+](=O)[O-])/C(=O)C,1.425,4.912,9.4,2.55,1.548,607,-699.1,297.8
AKEDUR,Oc1ccccc1C(=O)c1cn(C)c(=O)c(c1)[N+](=O)[O-],1.5046,4.632,8.7,2.575,1.262,490,-506.5,269.3
LUTXAB,CNC1=C(C=C2[C@@H](N1C)Oc1c(C2=O)cccc1)[N+](=O)[O-],1.4958,4.766,9.1,2.39,1.492,624,-281.4,328.8
JIPSAF,[O-][N+](=O)c1nonc1Nc1nnc2n(n1)cnn2,1.7944,7.959,28.6,5.785,3.627,627,810.3,280.4
MNHCHA,[O-][N+](=O)[C@@]12C[C@@H]1[C@]1(C[C@H]1C[C@@]2(O)C(=O)O)[N+](=O)[O-],1.6539,6.273,16.9,3.712,2.255,607,-647.9,255.6
CUTWIX,[O-][N+](=O)[C@H]1C(=C[C@@](C(=O)[C@]1(C)[N+](=O)[O-])(C)[N+](=O)[O-])C(C)(C)C,1.3844,5.594,11.9,3.723,2.647,710,-520.2,85.4
KOBQOH,CC(C[C@H](C(=O)O)NC(=O)c1cc(cc(c1)[N+](=O)[O-])[N+](=O)[O-])C,1.4709,5.101,10.3,2.632,1.632,620,-837.7,275.6
DUJQOP,[O-][N+](=O)c1ccc(c(c1)C(=O)N)O,1.5597,5.249,11.4,2.572,1.424,553,-455.9,305.1
HAWSOO,Cc1ccc(c(c1[N+](=O)[O-])[N+](=O)[O-])C,1.421,5.502,11.7,4.31,2.462,571,-124.7,242.8
NPBUDY,[O-][N+](=O)c1ccc(cc1)C#CC#Cc1ccc(cc1)[N+](=O)[O-],1.4426,4.617,8.4,4.56,1.749,383,362.2,288.7
JECVES,[O-][N+](=O)c1nccn1C[C@@H](CN1C[C@@H]1C)O,1.3363,5.198,10.0,2.518,2.245,891,-156.3,290.2
TIBMOG,[O-][N+](=O)C1=C(N)[N+](=O)C(=C(C1=[NH2+])[N+](=O)[O-])N,1.8762,7.871,28.7,4.584,3.124,681,-66.5,322.0
PAGNUJ,[O-][N+](=O)c1ncn(c1)c1c(cc(c(c1[N+](=O)[O-])N)[N+](=O)[O-])[N+](=O)[O-],1.7302,7.312,23.6,5.132,2.967,578,51.2,241.1
ECIBIB01,CN(c1ccccc1)[N+](=O)[O-],1.3192,5.028,9.3,3.221,2.373,736,6.0,124.0
IBAMIK,CCCCn1c2ccccc2c2c1ccc(c2)[N+](=O)[O-],1.3136,3.485,4.5,1.161,0.872,751,-172.6,306.0
CACFOD01,[O-][N+](=O)c1cc(ccc1N/N=C/1\CCCC(=C1[N+](=O)[O-])C)[N+](=O)[O-],1.5054,5.827,13.7,4.23,2.545,601,-34.1,253.9
QIMGOI,CCOC(=O)C1=C(C)OC(=C([C@@H]1c1cccc(c1)[N+](=O)[O-])C#N)N,1.3749,4.366,7.2,2.128,1.303,612,-509.2,291.1
ELEJUB,C[C@H]([C@H](c1ccccc1)O)N/C=C\1/C=C(C=CC1=O)[N+](=O)[O-],1.3048,4.003,5.8,1.811,1.216,671,-424.3,315.7
BEKDAW,CCOC(=O)[C@@]1(C#N)[C@@H](C1(C#N)C#N)c1ccc(cc1)[N+](=O)[O-],1.4095,4.68,8.4,3.17,1.603,505,15.4,284.8
AXAFIP,O=C1Nc2cccc(c2C(=O)N2[C@@H]1CCC2)[N+](=O)[O-],1.4619,4.556,8.2,2.039,1.224,600,-435.4,263.1
FUGVEJ,CC(=O)N1CN(CN(C1)[N+](=O)[O-])[N+](=O)[O-],1.6719,7.272,22.9,4.536,3.363,741,-195.7,160.6
CATLUE,O=Cc1cn(nc1c1ccccc1O)c1ccc(cc1[N+](=O)[O-])[N+](=O)[O-],1.5343,5.134,10.8,3.46,1.642,474,-183.8,237.5
KASBEL,N#CN([N+](=O)[O-])CCCCN([N+](=O)[O-])C#N,1.5269,6.902,19.4,5.48,3.768,687,280.1,101.9
PIZHAH,O=NN1CC(C1)(CC)O[N+](=O)[O-],1.441,6.659,17.4,5.16,3.961,767,-64.4,136.5
PARPOO,[O-][N+](=O)c1ccc(nc1C)/N=N/c1ccccc1,1.389,4.79,8.8,2.92,1.891,647,223.0,273.9
RUGJUZ,[O-][N+](=O)c1n(C)cnc1[N+](=O)[O-],1.6374,7.319,22.8,5.242,3.413,651,23.3,257.9
PAVDOH,Cc1ccc(cc1)C(=O)N/N=C/c1cccc(c1)[N+](=O)[O-],1.3744,4.272,6.9,2.162,1.368,633,-113.7,287.3
UFEDUE,[O-][N+](=O)c1ccc(c2c1non2)N1CCCCC1,1.4751,5.514,12.1,3.404,2.459,722,118.8,293.6
GEDWIV,N#CC1=C(C#N)[C@@](C)([N+](=O)[O-])C(C(=O)[C@]1(C)[N+](=O)[O-])(C)C,1.4346,5.413,11.4,3.695,2.267,613,-130.4,83.3
WASRAJ,NNc1ccc(cc1[N+](=O)[O-])[N+](=O)[O-],1.6591,6.846,20.2,4.804,2.988,622,27.3,300.0
CIVVEI10,CC(=O)Oc1cc(cc2c1c1cc(cc(c1[nH]c2=O)[N+](=O)[O-])[N+](=O)[O-])[N+](=O)[O-],1.6881,5.888,15.1,3.456,1.695,490,-613.0,279.0
NAWQAD,[O-][N+](=O)c1cc(cc(c1N1CCOCC1)[N+](=O)[O-])[N+](=O)[O-],1.5973,6.503,17.8,4.698,2.824,601,-205.6,236.1
WAKDIW,C/C(=N\Nc1ccc(cc1[N+](=O)[O-])[N+](=O)[O-])/C=C/c1ccccc1,1.3921,4.867,9.1,3.195,1.975,618,74.3,297.9
MAPFUF,CCOc1cccc(c1O)/C=N/c1ccc(cc1)[N+](=O)[O-],1.3909,4.29,7.0,2.115,1.324,626,-362.7,296.9
QOFQIL,CC1(C)NC(NC1(C)C)c1ccc(cc1)[N+](=O)[O-],1.2539,3.772,5.0,1.032,1.021,988,-226.6,296.7
TUJVUR,CC(=O)c1cc(c2ccc(cc2)[N+](=O)[O-])c(=O)n(n1)c1ccccc1,1.4079,4.181,6.7,2.26,1.208,534,-210.4,290.9
GIMBOT,[O-][N+](=O)c1cc(cc(c1/C=C/c1c(cc(cc1[N+](=O)[O-])[N+](=O)[O-])[N+](=O)[O-])[N+](=O)[O-])[N+](=O)[O-],1.7451,7.217,23.1,5.489,2.869,522,-28.6,236.2
EFATOW,C=CCn1ncc2c1cc(cc2)[N+](=O)[O-],1.4105,4.892,9.2,2.961,1.96,661,117.5,294.4
ROFGAV,N#Cc1ccc(c(c1)[N+](=O)[O-])C,1.3872,4.779,8.7,3.378,1.868,552,63.6,271.4
ZIVCAI,CN(C(=O)Oc1ccc(cc1)[N+](=O)[O-])C,1.3874,4.799,8.8,2.492,1.594,639,-444.2,297.7
NAYPAF,[O-][N+](=O)N1[C@H]2O[C@H]3[C@@H]1N([N+](=O)[O-])[C@H]1O[C@@H]2N([N+](=O)[O-])[C@H]1N3[N+](=O)[O-],1.9671,8.875,37.5,5.683,3.819,671,-115.8,153.4
ZONKES,COc1ccc(cc1)N(CCOc1ccc(cc1)[N+](=O)[O-])C,1.3026,4.18,6.4,1.936,1.435,741,-382.7,304.9
SAWMIO,[O-][N+](=O)c1onc2c1CCCC2=O,1.5284,5.837,13.9,4.152,2.299,553,-168.3,281.1
HOFDOV01,O=[N+]1C=C/C(=[N+](/[N+](=O)[O-])\C)/C=C1,1.5754,6.456,17.3,4.769,3.159,662,80.4,87.6
QAQPIH,N#CC1=NO[C@](C1(C)C)(C#N)[N+](=O)[O-],1.4116,5.808,13.0,4.848,2.798,577,213.4,113.3
DAVXED,[O-][N+](=O)C1=C(C)[C@](C)([N+](=O)[O-])C(=O)[C@@]([C@]1(C)[N+](=O)[O-])(C)[N+](=O)[O-],1.592,6.795,19.3,4.877,3.125,640,-425.7,77.8
QUNDIO02,O=C(c1cccc(c1)[N+](=O)[O-])c1cccc(c1)[N+](=O)[O-],1.5256,5.038,10.3,3.608,1.634,452,-185.0,284.0
NIAMBP,Nc1ccc(cc1)c1ccccc1[N+](=O)[O-],1.3239,4.057,6.1,2.169,1.362,627,-19.4,265.0
SIMGUR,[O-][N+](=O)/N=C/1\NCCN1CCC(=O)c1ccccc1,1.3828,4.701,8.4,2.075,1.596,769,-181.8,210.8
DOKYIL,[O-][N+](=O)c1ccc(cc1)NN=C(c1ccccc1)c1ccccc1,1.3278,3.801,5.3,1.909,1.213,635,121.6,309.3
FEPFIP,OC[C@@H]1CCCN1C(=O)c1cc(ccc1NC)[N+](=O)[O-],1.3545,4.322,7.0,1.531,1.228,802,-540.4,312.3
YIBZUF,Cc1ccc(c(c1)/C=N/c1ccc(cc1)[N+](=O)[O-])O,1.3838,4.145,6.5,2.06,1.261,612,-198.2,296.6
QQQCOY10,O=C(Nc1ccccc1)/C=N/Nc1ccc(cc1[N+](=O)[O-])C,1.3796,4.434,7.5,2.137,1.445,676,-88.7,304.0
DOJHAM,CC(N(C(=O)c1cc(cc(c1)[N+](=O)[O-])[N+](=O)[O-])O)C,1.4794,5.748,13.2,3.954,2.386,603,-367.9,278.5
FEFXUM,Nc1nonc1c1nonc1c1nonc1[N+](=O)[O-],1.7674,7.894,27.9,6.127,3.611,589,600.1,256.4
IQUHUZ,CCOC(=O)Cn1cc2c(n1)cc(cc2)[N+](=O)[O-],1.4051,4.785,8.8,2.503,1.576,629,-344.2,296.1
EMOYIO,COc1ccc(c(c1)[C@@]1(C)CCN(C1=O)C)[N+](=O)[O-],1.3503,4.308,6.9,1.725,1.317,763,-512.0,262.8
HECFOK,[O-][N+](=O)c1cnc(n1C)c1ccccc1,1.4047,4.698,8.5,2.545,1.685,661,33.1,310.6
MEWSAK,[O-][N+](=O)C(CO[N+](=O)[O-])CO[N+](=O)[O-],1.7602,8.762,34.3,6.432,4.609,716,-331.4,144.6
CIWMEA10,[O-][N+](=O)N1CC(C1)([N+](=O)[O-])[N+](=O)[O-],1.861,9.035,37.6,6.693,4.685,699,13.0,164.5
REGCUB,Cc1nn2c(c1)[nH]nc2c1cccc(c1)[N+](=O)[O-],1.5452,5.291,11.5,2.926,1.887,645,227.4,290.9
HUKTUD,[O-][N+](=O)NCC(CN[N+](=O)[O-])(CN[N+](=O)[O-])CN[N+](=O)[O-],1.7579,8.306,30.8,5.515,4.354,789,-127.1,207.4
KOFKAR,[O-][N+](=O)N1CCCN(C1)[N+](=O)[O-],1.5719,7.255,21.9,5.249,4.007,763,-45.7,170.8
PAGQAS,N#[N+]/N=C/1\N=C(C=[N+]1c1c(cc(cc1[N+](=O)[O-])[N+](=O)[O-])[N+](=O)[O-])[N+](=O)[O-],1.7008,7.404,23.9,5.535,3.142,567,377.3,238.4
MATCUF,O=c1nc(N(c2ccc(cc2)[N+](=O)[O-])C)n(c(=O)n1C)C,1.4945,4.813,9.3,1.844,1.277,692,-430.9,289.8
SAHCOV,COc1c(O)ccc(c1[N+](=O)[O-])/C=N/c1cc(C)cc(c1)C,1.318,4.139,6.3,2.019,1.356,671,-361.7,259.0
XETJUD,COc1ccc(c(c1[N+](=O)[O-])n1nncc1)[N+](=O)[O-],1.5208,6.154,15.4,4.602,2.625,570,76.1,241.9
LOJBIV,CCCCCNc1ccc(cc1)[N+](=O)[O-],1.2181,3.835,5.1,1.236,1.198,968,-226.5,313.6
NILZAM,CCOC(=O)c1noc(c1)CO[N+](=O)[O-],1.4563,5.981,14.1,3.969,2.469,622,-506.0,148.0
DNBZIL,O=C(C(=O)c1ccc(cc1)[N+](=O)[O-])c1ccc(cc1)[N+](=O)[O-],1.544,5.151,10.9,3.609,1.616,447,-280.6,281.4
MENBEN,[O-][N+](=O)c1ccccc1/C=N/c1ccccc1,1.3212,4.094,6.2,2.523,1.499,594,86.5,270.3
FOKTOO,O=C1N[C@@H](N[C@H]2[C@@H]1CCCC2)c1ccc(cc1)[N+](=O)[O-],1.3591,4.019,6.1,1.266,1.031,814,-377.3,291.0
QEYGOS,[O-][N+](=O)c1cccc(c1O)/C=C/C1=Nc2c(C1(C)C)cccc2,1.3404,3.816,5.4,1.729,1.131,654,-192.9,317.3
OWUYOW02,[O-][N+](=O)N(c1nonc1c1nocn1)CCN(c1nonc1c1nocn1)[N+](=O)[O-],1.7503,7.62,25.8,5.497,3.355,610,608.7,112.1
ERAWEB,[O-][N+](=O)c1cccc2c1c(cn2C)[C@@H]1[C@H]2C[C@H]3[C@@H]1[C@H]3O2,1.4044,4.312,7.2,2.211,1.467,663,-128.6,281.9
KEQXOV,CCN(C(=C([N+](=O)[O-])[N+](=O)[O-])N(CC)CC)CC,1.2686,5.34,10.2,2.673,2.762,1033,-272.2,261.3
NOHTAZ,C[C@@H]1N([N+](=O)[O-])[C@H](C)N([C@@H](N1[N+](=O)[O-])C)[N+](=O)[O-],1.5803,7.314,22.3,5.34,4.076,763,-44.5,130.9
BIVQAB,O=Cc1ccc(c2c1ccc(c2)[N+](=O)[O-])N(C)C,1.4021,4.374,7.4,2.244,1.442,642,-177.9,293.5
BOWSIP,CC(=O)/C(=N/Nc1ccc(cc1)[N+](=O)[O-])/C,1.3722,4.879,9.0,2.626,1.862,709,-145.2,302.2
ZZZJPA01,[O-][N+](=O)c1ccccc1c1ccccc1[N+](=O)[O-],1.447,4.849,9.2,3.844,1.764,458,-31.5,274.7
KUGYAM,[O-][N+](=O)N1CN(CN([C@@H]2[C@H]1N(CN2C(=O)C)C(=O)C)[N+](=O)[O-])[N+](=O)[O-],1.7018,7.099,22.0,4.207,2.993,711,-370.5,151.7
EJEPUE,[O-][N+](=O)c1ccc(cc1)N/N=N/c1ccc(cc1)[N+](=O)[O-],1.4776,5.452,11.8,4.023,2.197,546,187.3,291.9
TUBYIY01,OCC([N+](=O)[O-])([N+](=O)[O-])CO,1.698,7.853,26.9,4.893,3.631,742,-505.5,165.0
JACYOB,NC(=O)c1cccc(c1)[N+](=O)[O-],1.4745,4.972,9.8,2.852,1.539,539,-253.7,290.4
KIZCUT,[O-][N+](=O)NC(=O)OCC([N+](=O)[O-])([N+](=O)[O-])[N+](=O)[O-],1.7295,7.755,26.5,4.262,2.928,687,-398.3,145.0
VEGGUJ,[O-][N+](=O)N1CN([N+](=O)[O-])C(=O)N(C1)[N+](=O)[O-],1.9311,9.192,39.8,6.106,4.346,711,-28.0,134.1
CUNWEN,O=C1OC(C)(C)OC(=O)C1=NNc1ccc(cc1[N+](=O)[O-])[N+](=O)[O-],1.5238,5.664,13.1,3.325,1.872,563,-678.7,274.2
SITQIX,Cc1c(cc(cc1[N+](=O)[O-])n1ncnc1)[N+](=O)[O-],1.575,6.026,15.1,4.235,2.381,562,107.9,250.2
BUYJAG,COC(=O)N[C@@H]1[C@H](C)O[C@@H](C[C@@]1(C)[N+](=O)[O-])OC,1.2815,4.48,7.2,1.552,1.326,854,-1044.7,213.9
ZOWDIY,[O-][N+](=O)c1cccc(c1)N(c1nnn[nH]1)C,1.4943,5.814,13.6,3.423,2.439,712,269.5,285.6
QUYKUR01,[O-][N+](=O)c1ccc(cc1)/C=N/c1cccc(c1C)C,1.2997,3.803,5.3,1.755,1.237,705,-37.9,291.2
WOJJUC01,[O-][N+](=O)c1ccccc1/C=N/N(c1ccccc1)c1ccccc1,1.3635,3.967,5.9,2.117,1.346,635,187.6,277.6
TIBGET,[O-][N+](=O)c1ccc2c(c1)[C@]1(OCc3c(N1)cccc3)C(=O)N2,1.5154,4.47,8.1,2.225,1.174,527,-306.8,296.9
OXONOG,O=[N+](c1nonc1N[N+](=O)[O-])[N-]c1nonc1/N=N/c1nonc1[N-][N+](=O)c1nonc1N[N+](=O)[O-],1.8795,8.934,37.0,6.988,4.45,636,1550.2,131.6
ROHBAR,O=C(c1ccncc1)N/N=C/c1ccc(cc1)[N+](=O)[O-],1.4414,4.739,8.8,2.721,1.579,580,9.1,291.3
XALQEJ,COc1cc2c(cc1OC)c(=O)ccn2c1ccc(cc1)[N+](=O)[O-],1.4155,4.312,7.2,2.33,1.28,549,-449.7,287.7
JENZAG,[O-][N+](=O)c1ccc2c(c1)nc(o2)c1ccccc1,1.4639,4.257,7.2,2.554,1.191,466,-112.6,293.4
WOBLUU,[O-][N+](=O)Cn1cnc(n1)[N+](=O)[O-],1.7583,8.044,28.9,5.42,3.684,679,82.1,179.6
LESLIG,COC(=O)c1cc(NC(=O)c2ccc(cc2)[N+](=O)[O-])c(cc1O)O,1.5091,4.507,8.2,2.008,1.016,505,-984.7,289.0
LANFIR,Oc1ccc(c(c1)/C=N/NC(=O)c1cccc(c1O)C)[N+](=O)[O-],1.4928,4.662,8.7,2.336,1.329,568,-473.4,285.3
ACERIK,[O-][N+](=O)c1ccc(cc1)N/N=C/c1ccccc1[N+](=O)[O-],1.5033,5.301,11.3,3.752,2.056,548,105.7,274.3
VIFSAF,[O-][N+](=O)c1ccc2c(c1)nc([nH]2)C,1.4429,4.777,8.9,2.372,1.5,632,-63.8,299.9
SANQAA,[O-][N+](=O)/C=C/c1nc2c(n1C)cccc2,1.382,4.641,8.2,2.529,1.673,661,29.7,296.1
DIFPUF,[O-][N+](=O)c1ccc(c(c1)[N+](=O)[O-])n1cc2c(n1)cccc2,1.5353,5.24,11.2,3.959,1.873,473,155.0,246.7
KIRHOI,N#CC(c1ncc(cn1)[N+](=O)[O-])(C#N)CCC#C,1.3764,5.161,10.1,4.192,2.337,557,526.7,274.7
QUZBET,Oc1ccc(cc1)/C=N/NC(=O)c1ccccc1[N+](=O)[O-],1.4287,4.563,8.1,2.596,1.428,550,-227.5,270.0
DIWWEL02,CN(c1cccc2c1c(ccc2)[N+](=O)[O-])C,1.2826,4.157,6.2,2.2,1.597,725,-8.3,248.8
JUPSES,COc1c(cc(c(c1[N+](=O)[O-])N)[N+](=O)[O-])[N+](=O)[O-],1.7101,7.309,23.4,5.109,3.105,607,-196.3,246.9
HUTHUB,Cc1ccc(c(c1)/C=N/Nc1ccc(cc1[N+](=O)[O-])[N+](=O)[O-])O,1.5239,5.294,11.4,3.378,1.915,566,-141.9,296.3
MACINA10,OC(=O)/C=C/c1ccc(c(c1)[N+](=O)[O-])N(C)C,1.39,4.684,8.4,2.389,1.587,664,-403.6,256.7
LANLOC,CC(OC(=O)c1cc(cc(c1)[N+](=O)[O-])[N+](=O)[O-])C,1.4373,5.337,11.1,3.423,1.961,573,-539.4,277.6
BUDVIH,C=C1C(=NO[C@@]1(O)c1ccc(cc1)[N+](=O)[O-])C,1.4503,5.01,9.9,3.276,1.881,574,-200.9,293.1
OWUQEE,Oc1ccc(cc1/C=N/c1ccccc1)[N+](=O)[O-],1.4117,4.278,7.1,2.371,1.316,555,-151.9,304.1
DUDNOH,CCOC(=O)c1nnn(c1)c1ccc(cn1)[N+](=O)[O-],1.4937,5.357,11.5,3.059,1.823,596,-163.0,284.3
NMBZYA01,COc1ccc(cc1)/N=C/c1ccc(cc1)[N+](=O)[O-],1.3595,4.267,6.8,2.423,1.483,612,-105.3,293.1
KUNLAG,O=C(Nc1cc(C)cc(n1)C)Cc1cccc(c1)[N+](=O)[O-],1.2614,3.748,5.0,1.405,0.994,707,-325.0,293.1
MEGMIV,O[C@H]1CCN(C1)/C(=N/C(=O)OCc1ccc(cc1)[N+](=O)[O-])/C,1.3935,4.455,7.6,1.72,1.255,729,-681.3,295.3
XOKKOY,COc1ccc(c(c1)O)/C=N/c1cccc(c1)[N+](=O)[O-],1.4473,4.469,7.8,2.368,1.364,576,-323.4,290.4
LAPVAC,COc1c(cc(cc1[N+](=O)[O-])[N+](=O)[O-])n1cnnn1,1.6547,6.777,19.7,4.779,2.816,589,150.4,237.7
LOJBER,CCCCNc1ccc(cc1)[N+](=O)[O-],1.215,4.03,5.6,1.525,1.408,923,-187.8,313.6
JAXTAE,[O-][N+](=O)c1cccc(c1)/C=N/N=C/c1cccc(c1)[N+](=O)[O-],1.4473,5.063,10.1,3.746,1.97,526,148.8,287.1
CUTWOD,[O-][N+](=O)[C@H]1C(=C[C@](C(=O)[C@@]1(C)[N+](=O)[O-])(C)[N+](=O)[O-])C(C)(C)C,1.3868,5.603,12.0,3.731,2.652,710,-517.9,97.6
WIGVEP,[O-][N+](=O)c1ccc(cc1)/C=C/C=N/c1cccc2c1cccc2,1.3318,3.63,4.9,1.936,1.148,593,101.0,292.8
PUHFEE02,[O-][N+](=O)C[C@]1(O)C(=O)Nc2c1cccc2,1.5341,4.936,10.0,2.57,1.383,538,-435.1,226.4
CAWWED,CN(c1nc(ccc1[N+](=O)[O-])Nc1ccccc1)c1ccccc1,1.3065,3.864,5.5,1.667,1.166,699,50.0,270.2
NEGKES,[O-][N+](=O)c1ccccc1n1nc(cc1N)C(C)(C)C,1.2707,4.214,6.3,1.669,1.437,861,-49.6,250.3
MINPAB,Cc1ccc(c(c1)C)/N=C/c1ccccc1[N+](=O)[O-],1.3008,3.851,5.4,1.84,1.297,705,-16.3,273.9
KUHKEF,CCOC(=O)[C@@H]([C@@H]1C(=C(NC)Oc2c1cccc2)[N+](=O)[O-])C#N,1.3571,4.408,7.3,2.122,1.349,635,-536.7,357.3
IDITAR,OC(=O)c1cccc(c1C(=O)N)[N+](=O)[O-],1.6926,5.497,13.2,2.451,1.307,533,-606.2,259.6
GEVSOS,COC(=O)/C(=C(\N)/C)/C=C/[N+](=O)[O-],1.4425,5.316,11.1,2.66,1.922,722,-472.7,316.0
SANXOV,[O-][N+](=O)c1ccc(cc1)[C@H]1Nc2ccccc2[C@H]2[C@@H]1CCO2,1.3532,3.871,5.6,1.651,1.124,680,-236.9,292.9
WADBEK,O=C(c1cc(cc(c1)[N+](=O)[O-])[N+](=O)[O-])Nc1ccc(cc1)[N+](=O)[O-],1.6547,5.974,15.3,3.936,1.991,505,-253.2,273.1
HNIMOZ,[O-][N+](=O)c1cnc2n1CCO2,1.6689,6.444,17.9,3.964,2.434,614,-90.0,322.6
CTMTNA,[O-][N+](=O)N1CN(CN(C1)[N+](=O)[O-])[N+](=O)[O-],1.806,8.837,35.4,6.291,4.76,756,79.0,156.0
WIJCEX,N#C/C(=C\C=C\c1ccc(cc1)[N+](=O)[O-])/N(c1ccccc1)C,1.2832,3.898,5.5,2.13,1.408,660,166.3,298.4
LAPVUW,[O-][N+](=O)Nc1c(cc(cc1[N+](=O)[O-])n1cnnn1)[N+](=O)[O-],1.7871,7.744,27.0,5.506,3.333,605,357.7,127.7
EZETAF,COc1ccc(cc1)n1nccc1c1ccccc1[N+](=O)[O-],1.376,4.271,6.9,2.339,1.42,607,-35.5,263.9
BIHVUK,COc1ccc(cc1OC)/C=N/Nc1ccc(cc1)[N+](=O)[O-],1.3643,4.583,7.9,2.496,1.671,669,-216.0,310.6
MOCJUK01,[O-][N+](=O)c1cc(cc(c1c1c(cc(cc1[N+](=O)[O-])[N+](=O)[O-])[N+](=O)[O-])[N+](=O)[O-])[N+](=O)[O-],1.7926,7.556,25.8,5.636,2.977,528,-63.7,255.2
SOLTAP,O=C1C=CC=C/C/1=C/Nc1cc(ccc1O)[N+](=O)[O-],1.4839,4.576,8.4,2.609,1.358,520,-294.4,295.7
CAVDAF,O=C1ON([C@@H](N1c1ccccc1)c1ccccc1[N+](=O)[O-])C,1.4163,4.558,8.0,2.504,1.5,599,-218.8,280.2
FADGUM,O=C(c1cc(cc(c1)[N+](=O)[O-])[N+](=O)[O-])O[C@@H](c1ccccc1)C,1.419,4.682,8.5,3.1,1.537,496,-474.9,277.5
WOVXUA,[O-][N+](=O)c1ncn(c1)c1ncn(c1)c1ccccc1,1.4978,4.88,9.6,2.534,1.557,614,162.5,306.9
FUXNAN,CNc1ccc(cc1)[N+](=O)[O-],1.3687,4.905,9.1,2.656,1.956,736,-80.0,313.3
XINFAE,CC1=NN(C(=O)/C/1=N\Nc1ccc(cc1O)[N+](=O)[O-])c1ccccc1,1.4902,4.796,9.2,2.486,1.477,594,-124.8,296.7
ITASIH,O[C@@H](c1ccccc1[N+](=O)[O-])Nn1c(C)nnc1C,1.3787,5.042,9.7,2.512,1.924,766,-64.9,272.1
SAFYAB,N#Cc1nn(c(c1)N)c1ccc(cc1)[N+](=O)[O-],1.4671,5.152,10.5,3.185,1.869,586,245.8,290.0
XUMRIH,C/C(=N\Nc1ccc(cc1[N+](=O)[O-])[N+](=O)[O-])/Cc1ccccc1,1.3995,4.94,9.4,3.102,1.991,641,6.6,298.5
QETTEO01,C/C(=N\N=C(\c1ccccc1)/C)/c1ccc(cc1)[N+](=O)[O-],1.2987,4.049,6.0,2.042,1.464,717,90.2,294.2
FIJHAH,O=C1c2cc(cc(c2c2c1cc(cc2[N+](=O)[O-])[N+](=O)[O-])[N+](=O)[O-])[N+](=O)[O-],1.6948,6.497,18.4,4.782,2.231,466,-141.2,234.8
HADCAT,[O-][N+](=O)c1cc(/N=N/c2cc(cc(c2C)[N+](=O)[O-])[N+](=O)[O-])c(c(c1)[N+](=O)[O-])C,1.6336,6.415,17.5,4.777,2.606,545,60.6,261.5
CIQRIE,[O-][N+](=O)c1ccc(cc1)OCCCCOc1ccc(cc1)[N+](=O)[O-],1.3914,4.746,8.6,2.87,1.742,607,-498.4,302.7
EVINOM,O=C1C=Cc2c(/C/1=C/Nc1ccc(cc1)[N+](=O)[O-])cccc2,1.4502,4.009,6.3,2.078,1.115,536,-118.8,296.0
HEYLEF,Cc1cnc(nc1c1cccc(c1)[N+](=O)[O-])c1ccccc1,1.3458,3.808,5.4,1.802,1.109,615,40.8,291.6
SINBEX,CCOC(=O)c1c(C)nc(c(c1N)C#N)Oc1ccccc1[N+](=O)[O-],1.4038,4.423,7.5,2.095,1.235,589,-492.8,267.3
VINDAX,COc1ccc(cc1)Nc1c(cc(cc1[N+](=O)[O-])[N+](=O)[O-])[N+](=O)[O-],1.5409,5.842,14.0,4.233,2.27,536,-191.9,233.6
QAZDOK,CC1=C(C)C[C@H]2[C@](C1)([N+](=O)[O-])[C@H](O)NC1=C2[N+](=O)O[N-]1,1.503,5.831,13.7,3.601,2.573,714,-193.9,217.1
UNOWEB,N#Cc1cn2c(c1c1ccccc1[N+](=O)[O-])c1ccccc1CC2,1.3138,3.631,4.8,1.856,1.056,568,101.2,268.6
MUGSEM,O=C1Cc2ccccc2[C@H](N1)c1ccc(cc1)[N+](=O)[O-],1.4122,3.97,6.1,1.803,1.054,584,-242.3,289.9
KOFKIZ,O=NN1CN(CCN(C1)[N+](=O)[O-])[N+](=O)[O-],1.7088,8.048,28.4,5.688,4.343,763,85.2,170.3
XAVPEQ,[O-][N+](=O)c1cc(ccc1N/N=C/c1ccccn1)[N+](=O)[O-],1.5068,5.496,12.2,3.944,2.154,546,164.6,295.8
MIFWOO,O=C1Nc2n[nH]c(c2[C@@H](C1)c1ccc(cc1)[N+](=O)[O-])C,1.4167,4.461,7.7,1.95,1.284,658,-195.1,294.4
QUXTIO,[O-][N+](=O)c1ccc(cc1)/C=N/c1c(nc2n1cccc2)c1ccccc1,1.3667,3.842,5.6,1.88,1.107,589,159.3,294.3
ISAYAC02,Nc1cc([N+](=O)[O-])c(c(c1)[N+](=O)[O-])C,1.5228,6.023,14.8,4.279,2.553,596,-103.8,262.3
BUZVOH,Cc1ccc(c(c1)[N+](=O)[O-])N/N=C\1/C=CC(=O)C2=CC=CC=C1C2,1.3828,4.382,7.3,2.642,1.659,627,122.8,304.8
SOWXUX,[O-][N+](=O)c1cc([N+](=O)[O-])c2c(c1Nc1ccccc1)non2,1.6253,6.03,15.4,4.581,2.3,502,235.3,282.5
SAPFUN,Nc1ccc(cc1/N=C/c1ccc(cc1)N(C)C)[N+](=O)[O-],1.3103,4.134,6.3,1.707,1.346,788,1.2,312.6
LAPCUC,O=C(c1cccc(c1)[N+](=O)[O-])N/N=C/c1cccc(c1)[N+](=O)[O-],1.507,5.156,10.7,3.581,1.788,499,-87.4,287.8
FADTOW,[O-][N+](=O)c1ccc2c(c1)n(nc2)C(=O)C(C)(C)C,1.3279,4.377,7.1,1.981,1.437,725,-236.2,286.8
IFIFOS,COc1ccccc1/N=C/c1ccc(cc1)[N+](=O)[O-],1.3364,4.226,6.6,2.435,1.491,612,-102.2,292.3
RUSCOZ,N#C/C(=C\c1ccc(cc1)n1cncc1)/c1ccc(cc1)[N+](=O)[O-],1.4166,4.159,6.7,2.307,1.308,566,245.6,290.7
KETYEO,O=c1cc(C)c2c(o1)cc(c(c2[N+](=O)[O-])O)[N+](=O)[O-],1.653,6.007,15.5,3.697,1.867,505,-531.2,235.4
RUJJEM,Oc1ccc(c(c1)/C=N/NC(=O)c1cc2ccccc2cc1O)[N+](=O)[O-],1.4742,4.357,7.6,2.287,1.167,510,-406.5,285.0
HUDLOI,CC(NC(=O)c1cccc(c1[N+](=O)[O-])C)C,1.1799,3.867,5.0,1.495,1.206,806,-393.7,264.0
DMNPYO,[O-][n+]1cc(C)c(c(c1)C)[N+](=O)[O-],1.4993,5.777,13.4,3.988,2.658,666,-55.6,277.4
LOJKAX,N#Cc1cccc(c1C)[N+](=O)[O-],1.3692,4.738,8.5,3.375,1.866,552,63.1,268.8
PUTCUC,[O-][N+](=O)c1cc(cc2=[N+]3[N+](=C(C=N3)[N+](=O)[O-])N=c12)[N+](=O)[O-],1.7799,7.521,25.4,5.644,3.128,554,404.4,264.1
YIFMIK,COc1c(cc(cc1[N+](=O)[O-])C(C)(C)C)[N+](=O)[O-],1.3325,5.174,9.9,3.423,2.414,705,-340.0,252.2
BETVUR,[O-][N+](=O)c1ccc(cc1)[C@@H]1NC[C@H]2[C@@H](O1)CCCC2,1.3056,3.925,5.6,1.318,1.126,854,-380.3,295.6
AREJEO,O/N=C/1\[C@@H](CCc2c1cccc2)[N+](=O)[O-],1.4213,4.916,9.4,2.943,1.919,652,-119.3,151.4
WOVXOU,[O-][N+](=O)c1ncn(c1)c1ccccc1,1.4982,4.984,10.0,2.903,1.72,592,65.1,304.1
YUYCOK,[O-][N+](=O)c1ccc(o1)/C=N/O,1.6143,6.687,18.9,4.917,2.824,574,-111.4,302.7
BUGKIY,[O-][N+](=O)c1cn(c(n1)[N+](=O)[O-])N,1.7495,8.121,29.3,5.71,3.881,679,132.3,279.2
MODPOL,[O-][N+](=O)c1cc(ccc1C)c1nnn[nH]1,1.5228,5.687,13.2,3.436,2.252,655,220.8,277.1
OLIJEY,COC(=O)c1cc(OCC(C)C)c2c(n1)c(ccc2)[N+](=O)[O-],1.2913,4.13,6.2,1.885,1.249,662,-636.5,267.7
NNAPMP,[O-][N+](=O)c1cc([N+](=O)[O-])c2c(c1Oc1c(C)cccc1C)cccc2,1.4353,4.524,8.0,2.926,1.551,530,-220.2,246.5
XIKXUM,[O-][N+](=O)/C(=C\c1nc2c(n1C)cccc2)/c1ccccc1,1.3591,3.993,6.0,1.953,1.254,642,61.4,215.4
RAJHIT,CN([C@H](c1ccccc1)C)c1ccc(cn1)[N+](=O)[O-],1.2742,3.989,5.7,1.688,1.323,784,-49.8,309.2
SOBGAR,[O-][N+](=O)N1[C@@H]2NC(=O)N([C@@H]2N([C@H]2[C@@H]1NC(=O)N2[N+](=O)[O-])[N+](=O)[O-])[N+](=O)[O-],1.9454,8.587,34.9,5.036,3.431,681,-201.5,139.9
CEDZUG,[O-][N+](=O)[C@]12[C@H]3[C@H]4[C@@H]2[C@H]2[C@@H]1[C@@H]3[C@@]42[N+](=O)[O-],1.6618,6.792,19.9,6.901,3.585,519,414.9,257.6
JITLUT,CC(N1CCCO[C@@H]1c1ccc(cc1)[N+](=O)[O-])C,1.229,4.009,5.6,1.519,1.36,895,-345.8,293.9
DIWSUY,CCCC(=O)Nc1cc([N+](=O)[O-])c(cc1C)C(=O)OC,1.3494,4.208,6.6,1.541,1.109,719,-778.1,257.4
PAWVIV,[O-][N+](=O)O[C@]12C[C@H]3N([C@@H](C2)N([C@@H](C1)N3[N+](=O)[O-])[N+](=O)[O-])[N+](=O)[O-],1.8398,8.254,31.2,5.557,3.808,685,-114.7,134.0
TIJROU,CC(=O)C(=NNc1ccccc1[N+](=O)[O-])C(=O)C,1.4429,5.027,9.9,2.847,1.792,629,-258.5,280.9
YELQEO,CCOC(=O)c1nocc1C(=O)c1ccc(cc1)[N+](=O)[O-],1.476,4.93,9.7,3.028,1.52,501,-530.6,286.8
UJEMEB,NC(=O)c1cc(cc(c1)[N+](=O)[O-])[N+](=O)[O-],1.6232,6.269,16.7,3.966,2.21,557,-261.2,276.0
REBPEU,CC[C@@H]([C@H]1NC(=C(N([C@@H]1OC)CC)C#N)C#N)[N+](=O)[O-],1.3143,4.873,8.7,2.211,1.952,882,-108.5,215.8
KAWTOR,OCc1cccc(c1)N(Cc1cccc(c1)[N+](=O)[O-])O,1.4026,4.617,8.2,2.549,1.666,653,-269.0,291.8
KUHCEW,Cc1ccc(cc1)/N=C/c1ccccc1[N+](=O)[O-],1.3143,3.992,5.8,2.172,1.419,653,37.8,273.3
EGUQOM,O=C1N2CC[C@H]2C[C@H]1[C@@H](c1ccc(cc1)[N+](=O)[O-])O,1.3855,4.468,7.6,2.109,1.442,683,-414.8,295.2
ZAYRIA,CC(=O)Nc1c(O)cc(cc1[N+](=O)[O-])C(=O)O,1.5958,5.174,11.2,2.151,1.204,559,-847.1,248.8
HEHVAR,[O-][N+](=O)c1cn[nH]c1C,1.4567,6.042,14.4,3.901,2.752,705,11.8,323.5
LOFSII,O=C1/C(=C/Nc2ccc(cc2)[N+](=O)[O-])/C=CC=C1O,1.5167,4.626,8.7,2.572,1.339,520,-304.0,292.8
MERVEN,[O-][N+](=O)c1c(N)c(n2cncn2)c(c(c1N)[N+](=O)[O-])N,1.669,6.497,18.2,3.785,2.421,639,90.3,317.9
YIRSIC,O=C1C=CC(=C/C/1=C/Nc1ccccc1O)[N+](=O)[O-],1.455,4.485,7.9,2.536,1.32,520,-313.3,312.5
SESSIT,CC1=NN([C@@H](C1)c1ccco1)c1ccc(cc1)[N+](=O)[O-],1.3608,4.509,7.6,2.523,1.667,661,-41.8,312.9
TINXIY,COC(=O)c1cc(=O)n2c(c1[N+](=O)[O-])N(C)CC2,1.479,5.096,10.4,2.56,1.586,619,-561.8,267.2
QOFQOR,ON1C(c2ccc(cc2)[N+](=O)[O-])N(C(C1(C)C)(C)C)O,1.3001,4.822,8.5,2.386,2.091,876,-296.8,296.2
XEXYII,CO[C@@H]1N([N+](=O)[O-])[C@H](OC)N([C@@H](N1[N+](=O)[O-])OC)[N+](=O)[O-],1.6167,7.578,24.3,5.155,3.885,753,-436.3,156.1
BURKUU,COCOc1ccc(cc1[N+](=O)[O-])[N+](=O)[O-],1.5124,6.087,15.0,4.293,2.53,589,-384.5,264.8
FOCCEI,CC(=O)Oc1cccc(c1C)C(=O)Nc1ccc(cc1)[N+](=O)[O-],1.4015,4.068,6.4,1.756,1.002,570,-657.9,300.2
EQAWEA,CCOC(=O)/C(=N/Nc1ccccc1[N+](=O)[O-])/C,1.3438,4.779,8.5,2.441,1.742,713,-354.7,305.5
QUZNUV,O=CNCCc1ccc(cc1)[N+](=O)[O-],1.3441,4.538,7.7,2.188,1.515,692,-301.2,294.9
DUPHOL,OC(=O)CCC([N+](=O)[O-])([N+](=O)[O-])C,1.5898,6.651,18.5,3.798,2.658,699,-634.1,149.7
OMITIP,OC[C@H]1O[C@H](C[C@@H]1O)n1nnc(c1)c1ccc(cc1)[N+](=O)[O-],1.4744,5.045,10.1,2.501,1.647,658,-444.2,296.9
WANVEP,[O-][N+](=O)OCc1c(CO[N+](=O)[O-])onc1c1noc(c1CO[N+](=O)[O-])CO[N+](=O)[O-],1.7858,8.036,29.1,5.808,3.581,616,-405.5,145.2
SEGFAL,[O-][N+](=O)c1nn(c(n1)[N+](=O)[O-])C,1.6727,7.818,26.4,5.551,3.773,679,104.7,264.9
KODJAO,OC(=O)/C=C/c1ccc(cc1[N+](=O)[O-])[N+](=O)[O-],1.637,6.033,15.5,3.872,2.004,517,-396.1,259.1
NPHDZB,CC/C=N/Nc1ccc(cc1[N+](=O)[O-])[N+](=O)[O-],1.4636,5.836,13.5,4.096,2.698,658,7.5,298.3
MOMHAZ,[O-][N+](=O)c1ccc(cc1)c1nnn2c1COCc1c2cccc1,1.4918,4.612,8.5,2.496,1.451,581,43.2,294.3
XIQYAY,N#Cc1c(cc(c(c1N)[N+](=O)[O-])c1ccccc1)c1ccco1,1.4088,4.162,6.7,2.473,1.271,513,28.9,272.8
ZIFCEW,COc1ccc(cc1)/C(=N/N=C(/c1ccc(cc1)[N+](=O)[O-])\C)/C,1.2988,4.141,6.2,2.048,1.474,719,-88.6,295.3
XIDKIF,CC(Oc1cccc2n1cc(c2)c1ccc(cc1)[N+](=O)[O-])C,1.3247,3.843,5.4,1.692,1.152,680,-224.7,300.7
LIPVEN,[O-][N+](=O)c1cccc(c1)/C=C/c1ccc2c(n1)c(O)ccc2,1.3774,3.869,5.7,2.059,1.105,536,-124.3,290.7
YUNXOU,[O-][N+](=O)c1ccc(cc1)CCc1ccc(cc1)[N+](=O)[O-],1.4254,4.712,8.6,3.045,1.755,576,-139.1,293.2
NUNCOO,OC[C@@H](c1ccccc1)Nc1ccc(cc1)[N+](=O)[O-],1.2021,3.806,5.0,1.812,1.258,694,-258.1,307.9
DUKLAX,[O-][N+](=O)c1cc(ccc1N1CC(C1)([N+](=O)[O-])[N+](=O)[O-])[N+](=O)[O-],1.7244,7.378,24.0,5.526,3.262,590,-4.5,169.7
PONQOZ,CCOC(=O)c1ccc(c(c1)[N+](=O)[O-])NCC,1.3669,4.452,7.5,1.776,1.337,752,-544.8,308.1
DOYLAG,O=C(C(=O)c1cn(c2c1cccc2)C)c1ccc(cc1)[N+](=O)[O-],1.4138,4.075,6.4,2.229,1.134,508,-280.8,286.6
VETMUD,[O-][N+](=O)c1cc(OCc2ccccc2)ccc1N,1.391,4.338,7.2,2.216,1.423,642,-184.8,312.5
RAYXUK,COc1cc(=O)c2c([nH]c1=O)ccc(c2)[N+](=O)[O-],1.5067,4.994,10.1,2.992,1.486,496,-424.3,292.4
VUCBAW,[O-][N+](=O)C1(CC(C1)([N+](=O)[O-])[N+](=O)[O-])[N+](=O)[O-],1.8312,8.813,35.5,6.601,4.386,664,-107.9,169.4
CEQXEB,CC(=NNc1c(cc(cc1[N+](=O)[O-])[N+](=O)[O-])[N+](=O)[O-])C,1.5701,6.562,17.9,4.904,3.007,613,1.8,239.8
ACISAI01,[O-][N+](=O)c1cnn(c1)Cc1ccc(cc1)Cn1ncc(c1)[N+](=O)[O-],1.5065,5.433,11.9,3.421,2.102,614,154.6,317.0
YUGBEH,C[C@H]([C@H](c1ccccc1)O)/N=C/c1ccc(cc1)[N+](=O)[O-],1.2799,3.854,5.3,1.719,1.22,709,-237.3,289.2
CIGSUJ,[O-][N+](=O)OCc1onc(n1)c1noc(n1)CO[N+](=O)[O-],1.8321,8.104,30.0,5.458,3.396,622,-93.9,144.3
IKIMIY,CN(c1nc(N([N+](=O)[O-])C)c(nc1[N+](=O)[O-])[N+](=O)[O-])[N+](=O)[O-],1.7223,8.013,28.3,5.811,3.888,669,136.5,115.1
NEQGOH,COc1ccc(c(c1)Nc1ncnc2c1cc(cc2)[N+](=O)[O-])OC,1.4507,4.562,8.2,2.216,1.37,618,-245.0,294.9
DELXEX,[O-][N+](=O)c1cc(ccc1N/N=C/1\[C@H]2C[C@H]3[C@H]4[C@@H]1[C@@H]2[C@@H]3C=C4)[N+](=O)[O-],1.4654,5.166,10.6,3.547,2.193,618,189.1,300.9
REVRER,CCn1nc2c(c1)c(ccc2)[N+](=O)[O-],1.3852,4.852,9.0,2.658,1.869,703,24.0,301.0
TAXDUU,[O-][N+](=O)OCc1onc(c1)c1noc(c1)CO[N+](=O)[O-],1.609,7.077,21.1,5.474,3.215,587,-145.7,150.4
LIBXEZ,[O-][N+](=O)c1ccc2c(c1)cn(n2)c1ccccc1,1.4663,4.469,7.9,2.584,1.453,562,134.0,299.2
IVEQIL,CCOC(=O)C1=N[C@H](O[C@@H]1c1ccc(cc1)[N+](=O)[O-])C(C)C,1.314,4.198,6.5,1.728,1.264,731,-680.6,292.8
DEKZID,[O-][N+](=O)c1c(O)c(C(=O)C)c(c(c1O)[N+](=O)[O-])O,1.7522,6.633,19.6,3.598,2.03,564,-783.1,259.5
KUPCIJ,[O-][N+](=O)NC(=O)OCCC([N+](=O)[O-])([N+](=O)[O-])[N+](=O)[O-],1.6992,8.249,29.7,5.742,3.977,692,-457.3,137.0
LAPVIK,[O-][N+](=O)c1cc(cc(c1N)[N+](=O)[O-])n1cnnn1,1.7588,7.114,22.6,4.685,2.821,602,274.8,283.4
WOQXOR,O/N=C/c1ccc(c(c1)[N+](=O)[O-])O,1.5642,5.838,14.1,3.907,2.163,553,-213.0,318.5
BUTDID,O=C(c1ccccc1)Nc1ccc(cc1)[N+](=O)[O-],1.4413,4.21,6.9,2.106,1.169,555,-216.0,300.6
LEVKEE,CC([C@@H]([N+](=O)[O-])Cc1ccccc1)([N+](=O)[O-])C,1.3015,4.872,8.6,2.887,2.173,752,-280.3,184.9
XERGUW,O=C1[C@@H]2[C@@H]([C@@H]2[N+](=O)[O-])C(=O)N1Cc1ccccc1,1.432,4.522,8.0,2.484,1.357,546,-356.4,229.5
HABMED,CC1=CC=C[N+](=O)/C/1=[NH+]/[N+](=O)[O-],1.4598,6.041,14.4,4.475,2.965,662,30.8,87.8
DOZPAL,COC(=O)c1cnc2c(c1)c(ccc2)[N+](=O)[O-],1.4693,4.638,8.5,2.794,1.348,482,-321.3,271.7
SUVLAW,[O-][N+](=O)c1cccc(c1)N/N=N/c1cccc(c1)[N+](=O)[O-],1.5152,5.542,12.4,4.02,2.195,546,186.2,287.3
WUMHES,O=CN1C[C@@H]2[C@]([C@@H]1C(C)C)(C2)[N+](=O)[O-],1.2771,4.613,7.6,1.984,1.794,904,-332.8,263.5
OXIMOZ,CCOC(=O)c1c(C)[nH]c(c1O)c1ccc(cc1)[N+](=O)[O-],1.4314,4.309,7.2,1.786,1.103,617,-691.4,307.6
HASHEO,[O-][N+](=O)[C@]12[C@H]3[C@]4([C@@H]2[C@]2([C@@H]1[C@@]3([C@@H]42)[N+](=O)[O-])[N+](=O)[O-])[N+](=O)[O-],1.8138,8.154,30.2,7.196,3.973,552,377.9,238.4
BUXJAH,N#Cc1cccc(c1C#N)[N+](=O)[O-],1.4694,5.061,10.2,4.235,1.782,420,270.8,257.3
VUJWEC,OC[C@@H]1CC[C@@H](N1C(=O)c1ccccc1[N+](=O)[O-])OC,1.3482,4.414,7.3,1.87,1.346,719,-685.8,261.5
GISDIX,O=[N+](c1ccccc1)/N=[NH+]/c1ccc(cc1)[N+](=O)[O-],1.4309,5.13,10.3,3.477,2.112,607,171.6,303.1
DABTEI,O=Cc1c(nc2n1cc(cc2)[N+](=O)[O-])c1ccc(cc1)OC,1.4711,4.525,8.1,2.527,1.334,527,-216.8,290.7
JIRTAG,[O-][N+](=O)c1ccc(cc1)/C=C/n1c2ccccc2c2c1cccc2,1.3796,3.52,4.7,1.69,0.964,570,47.2,298.2
KEFLEM06,Nc1ccc(cc1)c1ccc(cc1)[N+](=O)[O-],1.3714,4.088,6.3,2.046,1.284,627,-45.9,299.8
VOFBID,Oc1ccc(cc1)NC(=O)c1ccccc1[N+](=O)[O-],1.4563,4.388,7.6,2.318,1.207,520,-369.4,269.5
MOPHIK,O=C(c1cc(cn1C)[N+](=O)[O-])N/N=C/c1ccccc1,1.4062,4.707,8.5,2.463,1.622,658,-55.5,323.4
EZESUY,[O-][N+](=O)c1ccccc1c1cc[nH]n1,1.4118,4.856,9.1,3.056,1.81,592,94.0,265.1
DUJMAW,CN1CCO[C@@]2([C@H]1OCCN2C)c1ccc(cc1)[N+](=O)[O-],1.3222,4.467,7.3,1.831,1.539,840,-431.0,296.0
WATTAN,COC(=O)[C@@H]1C(=O)C=C(N[C@H]1c1cccc(c1)[N+](=O)[O-])C,1.2873,4.138,6.2,1.992,1.23,617,-631.8,290.6
DNEIBA,NC(=O)c1cc(N2CC2)c(cc1[N+](=O)[O-])[N+](=O)[O-],1.5942,6.209,16.2,4.371,2.525,577,-64.8,257.0
PUJLIR,CCOC(=O)c1[nH]nc(c1)C(=O)c1ccc(cc1)[N+](=O)[O-],1.4112,4.586,8.1,2.475,1.342,542,-494.1,288.1
ZEHJUR,C/C(=N\N=C(\c1ccc(cc1)[N+](=O)[O-])/C)/c1ccc(cc1)[N+](=O)[O-],1.4166,4.891,9.3,3.114,1.925,618,48.0,291.4
AFOVUP,CN(c1ccc(cc1)[N+](=O)[O-])C,1.3511,4.817,8.7,2.465,1.995,809,-74.5,312.0
XISKAM,[O-][N+](=O)c1ccc(cc1)OCn1ncnc1,1.4851,5.318,11.3,3.147,1.922,610,-33.3,299.1
JEXLUT,[O-][N+](=O)N1CN(C[C@@H]2[C@H]1CN(CN2[N+](=O)[O-])[N+](=O)[O-])[N+](=O)[O-],1.7911,8.319,31.2,5.789,4.227,730,61.7,157.1
MOSLUC,COc1ccc(cc1)/N=C/c1cc(ccc1O)[N+](=O)[O-],1.4183,4.409,7.5,2.365,1.363,576,-324.2,305.5
COXXIW,OC[C@H]([C@@H](c1ccc(cc1)[N+](=O)[O-])O)N,1.4496,5.021,9.9,2.284,1.688,739,-483.4,292.1
FEXBUF,[O-][N+](=C1C=C[N+](=O)C(=C1)C)[O-],1.4979,5.847,13.7,4.504,2.62,581,-33.5,297.8
HEPFUD,[O-][N+](=O)c1c(C)nc2n(c1=O)nc[nH]2,1.6594,6.188,16.5,3.411,2.057,602,-39.1,267.9
MAJTIB,O=C1NC(=O)c2c1cc(cc2)[N+](=O)[O-],1.7161,5.399,12.8,2.676,1.249,466,-364.6,279.7
MNIPZN,Cc1ccc(c(c1)[N+](=O)[O-])N/N=C/1\C(=O)C=Cc2c1cccc2,1.429,4.272,7.1,2.301,1.342,583,-19.2,279.0
GEJLAI,[O-][N+](=O)c1ccc(cc1)CCNc1ccccc1,1.2929,3.859,5.4,1.71,1.266,740,-69.8,293.8
HOMDAO,O=C(c1ccc(cc1)[N+](=O)[O-])Cn1ccccc1=O,1.4637,4.49,8.0,2.508,1.306,520,-320.5,283.7
VOCHUR,[O-][N+](=O)C(=c1nc([nH]c(=O)[nH]1)N1CCCCC1)[N+](=O)[O-],1.5604,6.011,14.9,3.182,2.258,709,-305.7,261.9
OMOTIT,OC[C@H]1O[C@H]([C@@H]([C@@H]1O)O)n1nc2c(c1)c(ccc2)[N+](=O)[O-],1.5599,5.271,11.5,2.665,1.618,607,-665.3,302.2
WIPFUX,Cc1ccccc1NC(=O)c1ccccc1[N+](=O)[O-],1.3512,4.0,6.0,1.9,1.163,612,-239.1,269.6
KUWGOZ,CC(n1nccc1c1ccc(cc1)[N+](=O)[O-])(C)C,1.2796,4.128,6.1,1.742,1.432,822,-56.9,288.4
ACALAR,O=C(c1ccc(cc1)[N+](=O)[O-])Nc1ccccc1,1.4391,4.232,7.0,2.159,1.199,555,-203.0,287.7
QAXJOO,COC(=O)C1=C(C)NC(=O)[C@H]([C@@H]1c1ccc(cc1)[N+](=O)[O-])C(=O)N,1.4342,4.313,7.3,1.666,1.008,605,-896.5,295.2
PICFOW,C/C(=C/C(=O)C)/Nc1ccc(cc1)[N+](=O)[O-],1.35,4.426,7.3,2.108,1.502,712,-261.7,300.2
FOXCAY,CCOC(=O)/C(=C\c1cccc(c1)[N+](=O)[O-])/C#N,1.4038,4.59,8.1,2.775,1.515,546,-284.9,283.0
DUCXEF,CC/C(=N/Nc1ccccc1[N+](=O)[O-])/C,1.2685,4.614,7.6,2.283,1.975,865,-11.0,311.8
ACALIZ,CCc1cccc(c1NC(=O)c1ccc(cc1)[N+](=O)[O-])CC,1.2395,3.453,4.2,1.163,0.873,751,-379.1,288.4
CUZMUF,Cn1ncc(c1)[N+](=O)[O-],1.4529,6.117,14.7,4.127,2.91,705,40.4,318.1
RIGJIA,[O-][N+](=O)N1CN([C@H]2[C@@H]1[C@H]1[C@@H]2N(CN1[N+](=O)[O-])[N+](=O)[O-])[N+](=O)[O-],1.83,8.536,33.3,6.167,4.316,699,216.7,139.8
GUZWEE,[O-][N+](=O)[C@]12C[C@H]3[C@H]4[C@@H](C2)[C@H]2[C@@H](C1)[C@@H]3C[C@@](C4)(C2)[N+](=O)[O-],1.497,4.679,8.8,1.8,1.449,805,-467.1,244.0
DAFBOB,[O-][N+](=O)/C=C/1\CCCN1C,1.3881,5.381,11.0,2.621,2.48,945,-111.4,328.7
ANTZCO,[O-][N+](=O)N1CN(CN(CN(C1)C(=O)C)[N+](=O)[O-])C(=O)C,1.6363,6.624,18.7,3.515,2.714,772,-432.0,161.2
GULGAV,[O-][N+](=O)c1[nH]cnc1[N+](=O)[O-],1.7813,8.055,29.2,5.552,3.542,637,44.4,259.2
DAVXAZ,[O-][N+](=O)C1=C(C)[C@@](C)([N+](=O)[O-])C(=O)[C@@]([C@]1(C)[N+](=O)[O-])(C)[N+](=O)[O-],1.5524,6.68,18.4,4.875,3.124,640,-426.3,80.6
LEZNUZ,O=C1ON=C(/C/1=N/Nc1ccc(cc1)[N+](=O)[O-])C,1.4534,5.31,11.1,3.678,1.992,541,-57.4,294.1
OBOKIC,Oc1ccc(cc1/C=N/c1ccc(cc1)Nc1ccccc1)[N+](=O)[O-],1.4394,3.997,6.3,1.774,1.073,605,-134.8,306.1
SEBHIQ,CN(c1ccc(cc1)/N=N/c1ccccc1[N+](=O)[O-])C,1.307,4.5,7.4,2.471,1.844,746,183.8,274.7
XUBRES,CC(=O)Nc1ccc(c(c1)[N+](=O)[O-])OC(=O)C,1.444,4.724,8.8,2.341,1.321,564,-654.9,270.1
KUHVUE,COC(=O)/C(=[N+]\1/N=[n+]2c(=C1C)cccc2)/C=C([N+](=O)[O-])[N+](=O)[O-],1.5059,5.74,13.3,3.963,2.281,575,-159.4,274.3
SAGLOD,CCOC(=O)c1ccccc1NC(=O)c1cc(cc(c1)[N+](=O)[O-])[N+](=O)[O-],1.4628,4.806,9.1,2.785,1.433,514,-674.3,278.3
UREJAD,[O-][N+](=O)c1cnccc1c1ccncc1[N+](=O)[O-],1.5357,5.654,13.1,4.25,2.128,500,121.6,268.7
ZOKWED,Cc1ccc(c(c1)[N+](=O)[O-])NN=C1C(=O)CC(CC1=O)(C)C,1.3768,4.427,7.4,1.905,1.408,738,-390.1,281.4
ISACIO,C[C@@H](c1ccccc1)NC(=O)c1ccc(cc1)[N+](=O)[O-],1.2848,3.773,5.1,1.625,1.078,663,-286.8,289.0
PAXTAL,Cc1ccc(cc1)CNc1cccc(c1)[N+](=O)[O-],1.288,3.787,5.2,1.602,1.186,740,-95.9,294.9
DOLTAZ,[O-][N+](=O)c1c([O-])[nH]c2[n+](c1=O)cccc2,1.7217,5.803,14.8,3.119,1.603,513,-255.6,275.2
JAQTOK,[O-][N+](=O)c1ccccc1c1nnc2c(c1)C(=O)c1c2cccc1,1.4534,4.194,6.9,2.764,1.225,443,111.9,263.1
SOHRUC,[O-][N+](=O)C1=CC(=[N+]([O-])[O-])C=c2c1cc(c[n+]2=O)c1ccccc1,1.5567,5.186,11.1,4.024,1.811,450,62.3,265.7
FAKVUI,[O-][N+](=O)c1ccc(nc1)Nc1ccccc1,1.4021,4.509,7.8,2.435,1.521,624,39.9,304.5
HIYDIC,O=C(N(c1ccccc1[N+](=O)[O-])C)/C=C/c1ccccc1,1.3332,3.994,5.9,2.029,1.289,635,-153.4,264.2
ZIYBAM,C[C@H](Cn1c(C)ncc1[N+](=O)[O-])OC(=O)c1ccc(cc1)C,1.3114,4.023,5.9,1.471,1.087,738,-521.8,
HUKVAL,[O-][N+](=O)NC(CN[N+](=O)[O-])CN[N+](=O)[O-],1.753,8.553,32.6,5.848,4.677,799,-53.1,160.7
OROYUR,COc1ccc(c(c1)[N+](=O)[O-])C#N,1.4492,5.082,10.2,3.746,1.885,503,-60.4,265.7
NAQSUW,Nc1cc(ccc1c1ccc(cc1)[N+](=O)[O-])[N+](=O)[O-],1.4957,5.075,10.3,3.457,1.793,518,-72.2,290.3
DADQIJ,CN(c1ccc(cc1)/C=N/Nc1ccc(cc1[N+](=O)[O-])[N+](=O)[O-])C,1.4286,5.166,10.4,3.125,2.127,680,60.9,298.7
NTBYPY,[O-][N+](=O)c1cc(ccc1Cc1ccncc1)[N+](=O)[O-],1.4598,5.093,10.2,3.735,1.937,518,-0.1,265.0
QUCJEE,O/N=C(/c1ccc(cc1)/N=C/c1ccc(cc1)[N+](=O)[O-])\C,1.4013,4.531,7.9,2.602,1.647,633,10.9,290.7
QOFHEZ,[O-][N+](=O)c1ccc(cc1)N/N=C/C=C/c1ccccc1,1.2995,4.156,6.3,2.353,1.579,670,144.8,308.0
BALYAR,C/C(=N\Nc1ccc(cc1)[N+](=O)[O-])/c1c(O)cc(oc1=O)C,1.46,4.733,8.9,2.435,1.439,591,-471.7,305.8
AFOPUI,Oc1ccc(cc1/C=N/c1cccc(c1C)[N+](=O)[O-])[N+](=O)[O-],1.4698,4.958,9.8,3.299,1.718,520,-216.5,269.7
BZOCYX10,N#C/C(=N/O[C@@](c1ccccc1)([N+](=O)[O-])C#N)/c1ccccc1,1.343,4.505,7.6,3.422,1.753,512,321.8,99.6
GOLVAE,N#Cc1c2cccnc2ccc1C([N+](=O)[O-])(C)C,1.3595,4.255,6.8,2.196,1.428,650,45.7,147.6
KIWLAG,COC(=O)Nc1ccc(cc1[N+](=O)[O-])OC,1.4858,5.112,10.5,2.687,1.597,594,-604.7,295.8
SENHID,COC(=O)c1cc(ncc1[N+](=O)[O-])Nc1ccccc1,1.4271,4.549,8.1,2.362,1.356,574,-322.7,272.9
BENVEW,OC[C@@](C([N+](=O)[O-])(C)C)([N+](=O)[O-])C,1.4218,6.103,14.5,3.726,3.042,816,-493.9,178.7
UZEVUS,[O-][N+](=O)C(=C1N[C@@H]2[C@H](N1)OCCO2)[N+](=O)[O-],1.7949,7.376,24.6,4.31,2.912,675,-363.2,284.2
UNOWOK,[O-][N+](=O)c1ccc(cc1)CN1CCOCC1,1.3304,4.548,7.7,2.124,1.714,806,-254.0,295.1
WUKZIL,CN(c1ccncc1)[N+](=O)[O-],1.4405,5.706,12.7,3.625,2.653,731,71.0,127.9
XARXUM,COC(=O)C(C(=O)OC)Nc1ccc(cc1)[N+](=O)[O-],1.4393,4.799,9.0,2.372,1.387,584,-818.8,311.8
TIBKOE,COC(=O)C1=Cc2cc(ccc2O[C@@H]1N1CCOCC1)[N+](=O)[O-],1.411,4.578,8.1,2.227,1.403,629,-738.6,301.1
OFAHAH,[O-][N+](=O)[C@]12[C@H]3C[C@H]4C[C@@H]2[C@@]([N+](=O)[N+]1=O)([C@@H](C3)C4)[N+](=O)[O-],1.636,6.522,18.1,4.685,2.955,630,-123.7,198.2
ELIGOX,[O-][N+](=O)OCn1c(=O)n(c2c1nc1nonc1n2)CO[N+](=O)[O-],1.7925,7.708,26.8,4.929,3.029,614,-48.9,132.4
TOTWOQ,[O-][N+](=O)c1cc2cccc3c2c(c1)c(=O)n(c3=O)Cc1ccccn1,1.4699,3.986,6.3,1.917,0.902,470,-329.0,285.6
XOLRUN,[O-][N+](=O)c1ccc(cc1)[C@@H]1Nc2ccccc2c2n1c1ccccc1n2,1.3644,3.7,5.2,1.624,0.957,589,71.8,289.8
MUKCAX,[O-][N+](=O)c1cccc2c1[nH]nc2O,1.6494,5.713,14.0,3.374,1.794,531,-100.4,310.9
MUZNEC,[O-][N+](=O)c1n[nH]nc1C,1.5429,6.77,18.8,4.609,3.226,699,105.3,297.1
QEYHAF,Oc1ccc(cc1/C=C/C1=Nc2c(C1(C)C)cccc2)[N+](=O)[O-],1.3194,3.758,5.2,1.692,1.107,654,-204.4,300.6
RAQRUX,O=[N+]1O[N-]C2=C1[C@H]1CC(=C(C[C@]1(C1=C2[N+](=O)O[N-]1)[N+](=O)[O-])C)C,1.5244,6.193,15.6,5.199,2.992,575,237.6,125.0
VOZHAT10,[O-][N+](=O)c1ccccc1[N-][N+](=O)C([N+](=O)[O-])(C)C,1.4895,6.062,14.7,4.617,2.849,617,-39.1,144.4
ISAYEG01,ONc1cc(cc(c1C)[N+](=O)[O-])[N+](=O)[O-],1.5874,6.549,17.9,4.802,2.903,604,-120.7,265.3
ELOXOS,[O-][N+](=O)c1ccc(=O)[nH]c1,1.6079,5.909,14.7,3.501,1.96,559,-191.4,308.2
BAZPUO,COc1cc(ccc1[N+](=O)[O-])N(C)C,1.3617,4.982,9.3,2.628,2.102,799,-210.4,295.6
AGIXUM,O=[N+]1O[N-]C(=C1[C@H](c1cccc(c1)[N+](=O)[O-])C)c1cccc(c1)[N+](=O)[O-],1.4971,5.358,11.5,4.254,2.141,503,60.3,285.8
SATRIO,CC(=O)NCN([N+](=O)[O-])CN([N+](=O)[O-])CN([N+](=O)[O-])CNC(=O)C,1.5206,6.595,17.7,3.911,2.985,763,-562.5,186.7
GIHFEI,N#Cc1cc(cc2c1c1c(cc(cc1C2=O)[N+](=O)[O-])[N+](=O)[O-])[N+](=O)[O-],1.6996,6.016,15.8,4.372,1.872,428,17.7,230.1
XENCAV,C/C=N/Nc1ccc(cc1[N+](=O)[O-])[N+](=O)[O-],1.4519,5.879,13.6,4.523,2.713,599,43.7,298.1
AZILOM01,O=C(c1ccco1)N/N=C/c1ccccc1[N+](=O)[O-],1.4439,4.878,9.3,3.234,1.678,518,-129.8,275.8
IGACAV,COc1cc(/N=C/c2cccc(c2)[N+](=O)[O-])ccc1OC,1.3794,4.43,7.5,2.458,1.539,626,-264.5,289.4
DNPHOL,Oc1c(cccc1[N+](=O)[O-])[N+](=O)[O-],1.7059,6.805,20.3,4.657,2.551,547,-218.4,264.9
JIDBIH,[O-][N+](=O)C1(CCCCC1)C1(CCCCC1)[N+](=O)[O-],1.3311,4.769,8.4,1.994,1.918,961,-457.0,182.2
HUMHEC,[O-][N+](=O)c1cc(ccc1N/N=C(/c1ccccc1)\C)[N+](=O)[O-],1.4565,5.131,10.4,3.394,2.026,597,50.7,297.6
ACANOH,O=C(c1ccncc1)NCCO[N+](=O)[O-],1.4477,5.404,11.5,3.212,2.045,636,-289.8,147.4
KIBMIU,[O-][N+](=O)C(/C(=N/c1nnnn1C)/N)([N+](=O)[O-])[N+](=O)[O-],1.7752,8.326,31.1,5.627,4.01,712,252.7,82.4
NAYNUX01,[O-][N+](=O)N1[C@@H]2O[C@@H]3[C@H]1N([N+](=O)[O-])[C@@H]1N([C@H]2O[C@@H]1N3[N+](=O)[O-])[N+](=O)[O-],2.0142,9.03,39.3,5.688,3.822,671,-114.1,150.1
DUTQAL,[O-][N+](=O)c1cc(ccc1N/N=C/1\CCCc2c1cccc2)[N+](=O)[O-],1.4493,4.917,9.5,2.996,1.852,618,9.4,298.4
AWULAG,COc1ccccc1/C=N/NC(=O)c1cccc(c1)[N+](=O)[O-],1.375,4.462,7.5,2.482,1.487,599,-225.3,286.2
WASMAE,COC(=O)[C@]12[C@H]3[C@H]4[C@@]2([C@H]2[C@@H]1[C@@]3([C@@H]42)[N+](=O)[O-])[N+](=O)[O-],1.5928,6.379,17.0,5.507,2.937,533,24.7,254.7
BIVVOU,C=C[C@]1(C)Oc2ccccc2C(=O)N1c1ccc(cc1)[N+](=O)[O-],1.4062,4.12,6.5,2.055,1.187,577,-330.5,294.0
EGUQUS,O=C1N2CC[C@H]2C[C@@H]1[C@@H](c1ccc(cc1)[N+](=O)[O-])O,1.35,4.426,7.3,2.172,1.485,683,-398.4,294.7
NIPPAG,CCN1C(=O)/C(=N\Nc2cccc(c2)[N+](=O)[O-])/C(=C(C1=O)C#N)C,1.4038,4.601,8.1,2.289,1.411,616,-218.9,284.5
DATGEL,[O-][N+](=O)c1ccc(c(c1N)C)C,1.3486,4.591,7.9,2.044,1.654,809,-144.3,313.1
CURNIO,N#C/C(=C\c1cccc(c1)[N+](=O)[O-])/C(=O)NCc1ccco1,1.4226,4.51,7.9,2.723,1.437,527,-158.7,282.8
WERPUE,OCCn1c(/C=C/c2ccccc2)ncc1[N+](=O)[O-],1.3746,4.53,7.8,2.288,1.582,691,-132.9,327.1
OCALOU,CC(=O)NCCNc1ccc(cc1)[N+](=O)[O-],1.3919,4.564,8.0,1.692,1.359,803,-348.2,314.7
KENFUH,[O-][N+](=O)c1nc(n(n1)C([N+](=O)[O-])[N+](=O)[O-])c1nc(nn1C([N+](=O)[O-])[N+](=O)[O-])[N+](=O)[O-],1.9542,9.098,39.3,6.177,3.985,645,273.3,146.3
TIJLIH,Oc1ccc(cc1n1cnnn1)[N+](=O)[O-],1.592,6.053,15.3,3.939,2.237,568,111.0,289.9
TICYOT,Oc1c([N+](=O)[O-])c(O)c(c(c1[N+](=O)[O-])O)[N+](=O)[O-],1.8871,7.949,29.4,4.873,2.823,579,-568.2,253.6
VADZEF,O[C@H]1CCCC[C@@H]1OC(=O)c1ccc(cc1[N+](=O)[O-])[N+](=O)[O-],1.4613,5.099,10.3,3.003,1.735,577,-765.9,249.5
GICTIV,[O-][N+](=O)n1cnc(n1)/N=N/c1ncn(n1)[N+](=O)[O-],1.8303,8.464,32.7,6.08,4.021,661,711.5,125.5
DAJXUH,[O-][N+](=O)c1ccc(c(c1)C(=O)O)[N+](=O)[O-],1.7231,6.565,19.0,4.011,2.119,528,-421.8,247.5
IJUKEE,Oc1ccc(cc1)C(=O)N/N=C/c1ccc(c(c1)[N+](=O)[O-])O,1.4852,4.697,8.8,2.585,1.346,520,-431.2,320.1
SONDEE01,NC(=O)OCc1ncc(n1C)[N+](=O)[O-],1.6245,5.923,14.9,2.753,1.849,671,-419.0,308.3
GIZSOX,O/N=C/1\CCCC1([N+](=O)[O-])[N+](=O)[O-],1.5609,7.022,20.4,5.228,3.562,681,-155.4,114.9
ZAMWIT,Cc1ccc(cc1)n1cc(nc1C)[N+](=O)[O-],1.3728,4.429,7.4,2.04,1.473,722,-41.0,310.7
HOFFOX,CC[C@@]1(CCC(=O)NC1=O)c1ccc(cc1[N+](=O)[O-])[N+](=O)[O-],1.5022,5.136,10.6,2.875,1.677,583,-568.8,251.6
QQQFGG01,[O-][N+](=O)c1cc(ccc1Nc1ccccc1)[N+](=O)[O-],1.488,5.12,10.5,3.629,1.883,518,-27.5,296.7
NIMFOE,[O-][N+](=O)c1c[nH]c(=O)[nH]c1=O,1.8072,6.665,20.1,2.951,1.789,606,-392.4,284.5
QIFPON,[O-][N+](=O)c1c2N=NN=[n+]2c2c(c1N)[n+](=O)on2,1.9206,8.353,32.8,5.825,3.563,611,553.5,335.2
BAFGUL01,[O-][N+](=O)c1cc(ccc1N/N=C/c1ccccc1O)[N+](=O)[O-],1.5823,5.481,12.5,3.713,1.927,519,-90.5,295.8
PUNDOT,Cc1c([N+](=O)[O-])c(C)cc(c1[N+](=O)[O-])C,1.4108,5.386,11.2,3.787,2.423,639,-172.1,258.8
BICNUW,CCOC(=O)/C(=C/c1ccc(cc1)[N+](=O)[O-])/[N+](=O)[O-],1.4486,5.344,11.2,3.697,2.023,547,-425.5,234.7
ISICUJ,Cc1cc(ccc1NCc1ccccc1)[N+](=O)[O-],1.3064,3.83,5.4,1.617,1.197,740,-92.2,312.2
DIDHIJ,OCC1(CN(C1)C(C)(C)C)[N+](=O)[O-],1.232,4.712,7.8,1.85,1.982,1071,-377.8,238.2
NPHDZA,CC/C(=N/Nc1ccc(cc1)[N+](=O)[O-])/C,1.2645,4.545,7.4,2.165,1.873,865,-35.5,308.5
EKELAH,[O-][N+](=O)/N=C/1\NCCN1[N+](=O)[O-],1.7465,8.169,29.6,5.634,4.146,735,84.8,126.2
NUPYON,COc1cc(cc(c1O)/C=N/NC(=O)c1cccc(c1O)C)[N+](=O)[O-],1.4591,4.605,8.4,2.223,1.298,584,-684.5,305.2
ORAWAG,COc1c([N+](=O)[O-])c(OC)c(c(c1[N+](=O)[O-])O)[N+](=O)[O-],1.6941,7.232,22.8,4.991,2.998,600,-488.6,216.2
KUZBAJ,CCOC(=O)/C(=C/c1cc(ccc1N1CCCC1)[N+](=O)[O-])/C#N,1.3662,4.336,7.1,1.934,1.374,710,-358.3,297.9
SUDFOM,[O-][N+](=O)[C@@H]1Oc2c([C@H]1c1ccccc1)c(=O)[nH]cn2,1.5006,4.692,8.9,2.503,1.298,518,-319.2,204.2
BOCPIS,COc1cc([N+](=O)[O-])c(c(c1)[N+](=O)[O-])C(C)(C)C,1.359,5.249,10.4,3.448,2.432,705,-333.4,222.4
ARIFUD,OCCCn1c(C)ncc1[N+](=O)[O-],1.4043,5.279,10.7,2.375,2.012,847,-286.2,317.5
BOTMUT,O=c1n2CCCCCc2nc2c1cc(cc2[N+](=O)[O-])[N+](=O)[O-],1.5088,5.212,11.0,3.016,1.777,589,-292.4,262.4
CUMQEI,[O-][N+](=O)c1ccccc1/N=N/c1c(C)nn(c1N)c1ccccc1,1.3904,4.624,8.2,2.362,1.642,695,277.0,284.9
AYUGUX01,Cc1ccc(cc1)/N=C/c1cc(ccc1O)[N+](=O)[O-],1.3718,4.114,6.4,2.045,1.252,612,-202.1,304.7
GUVYAY,[O-][N+](=O)c1ccc2c(c1)C[C@H]1N2CCCC1,1.3111,4.005,5.9,1.554,1.277,821,-144.8,313.0
BANHOO01,COc1ccc(cc1)/C=C(/c1ccc(cc1)[N+](=O)[O-])\C#N,1.3732,4.129,6.5,2.475,1.385,559,-32.6,294.1
VUYLAC,CN(/C(=N/c1ccc(cc1)[N+](=O)[O-])/C)C,1.2595,4.434,7.0,1.981,1.714,865,-73.5,308.2
TAWLUZ01,[O-][N+](=O)c1ccc(cc1)n1c2ccccc2c2c1cccc2,1.3922,3.588,4.9,1.762,0.959,544,23.9,293.1
CMNFLU10,N#CC(=C1c2cc(cc(c2c2c1cc(cc2[N+](=O)[O-])[N+](=O)[O-])[N+](=O)[O-])[N+](=O)[O-])C#N,1.6341,6.114,15.9,4.872,2.139,439,321.9,230.7
BUSLUY,N#C[C@]1([N+](=O)[O-])[C@H]2C=C[C@@H]([C@@H]1c1ccccc1)C2,1.2791,4.089,6.0,2.56,1.672,653,130.8,145.7
LEZPEL,CC1=NN(C(=O)/C/1=N\Nc1ccc(cc1)[N+](=O)[O-])c1ccccc1,1.4166,4.599,8.2,2.444,1.525,623,63.9,296.6
KEPFER,COc1ccccc1c1onc(c1)CN1CCN/C/1=N\[N+](=O)[O-],1.4737,5.157,10.6,2.657,1.877,706,-125.0,215.0
BUGKOE,[O-][N+](=O)Nn1cc(nc1[N+](=O)[O-])[N+](=O)[O-],1.8042,8.745,34.6,6.479,4.327,667,185.9,107.0
BEBVUZ,[O-][N+](=O)c1cccc2c1C=C/C/2=C\N1CCCC1,1.3393,4.066,6.1,1.928,1.427,740,-17.0,301.9
ZUHRID,OC1CCN(CC1)c1ccc(cc1)[N+](=O)[O-],1.4033,4.545,7.9,1.849,1.492,806,-315.1,311.4
TAFTOJ,COc1ncc(cc1[N+](=O)[O-])[N+](=O)[O-],1.6225,6.752,19.3,4.751,2.807,590,-152.5,259.6
GUFLUO,N#C/C(=N\Nc1ccccc1[N+](=O)[O-])/C(=O)C,1.4434,5.209,10.6,3.469,2.009,579,79.2,288.9
VABYEE,Oc1ccc(cc1)/C=N/NC(=O)c1ccc(cc1)[N+](=O)[O-],1.4475,4.579,8.2,2.545,1.399,550,-242.2,288.3
MICMIU,CCCCCNc1ccc(cc1[N+](=O)[O-])[N+](=O)[O-],1.3317,5.084,9.6,2.841,2.263,796,-248.5,298.6
CEGVOB,COc1ccc(cc1)C(=O)Nc1ccc(cc1[N+](=O)[O-])OC,1.4485,4.499,8.0,2.23,1.323,593,-535.8,299.3
DAWNAQ,[O-][N+](=O)[C@H]1[C@](C)(C=C(C(=O)[C@]1(C)[N+](=O)[O-])C(C)(C)C)[N+](=O)[O-],1.4156,5.672,12.4,3.715,2.641,710,-522.8,102.5
FIDKIM,[O-][N+](=O)C1=C(C)NC(=C2[C@H]1CC(C)(C)CC2=O)C,1.2713,3.92,5.5,1.277,1.144,895,-406.3,297.3
SORYEE01,CN(c1ccc(c2c1c(ccc2[N+](=O)[O-])N(C)C)[N+](=O)[O-])C,1.4472,5.262,10.9,3.044,2.242,736,-42.0,244.2
LALQIZ,CC(=O)C(=NNc1c(C)cccc1[N+](=O)[O-])C(=O)C,1.3902,4.806,8.8,2.514,1.712,681,-306.3,260.1
PAYBAV,CCn1c2ncc(c(=O)n2c2c1cccc2)[N+](=O)[O-],1.4892,4.667,8.7,2.144,1.302,607,-172.4,288.2
BIKKUE,[O-][N+](=O)/C=C(/C(=O)c1ccc(cc1)C)\Nc1ccccc1,1.2941,3.894,5.5,1.976,1.255,635,-168.2,320.4
ZOWDEU,Cc1ccc(cc1Nc1nnn[nH]1)[N+](=O)[O-],1.5419,5.847,14.0,3.222,2.296,712,225.3,288.7
JORBUN,[O-][N+](=O)C(C([N+](=O)[O-])(C)C)([N+](=O)[O-])C,1.5533,7.209,21.4,5.321,3.886,730,-284.5,129.3
POZQOL,O=C[C@@H]1[C@H]([C@@H]1[N+](=O)[O-])c1ccc(cc1)[N+](=O)[O-],1.4915,5.556,12.4,4.266,2.227,521,-159.5,237.6
BIPGOZ,[O-][N+](=O)[C@@]1(CCCCC1=O)c1ccc(cc1)[N+](=O)[O-],1.4061,5.004,9.6,3.275,1.944,593,-344.9,117.3
FENQEV,C=CCOC(=O)/C=C/c1cc(cc(c1)[N+](=O)[O-])[N+](=O)[O-],1.4367,5.235,10.7,3.798,1.989,523,-352.9,278.4
BAYXIJ,COC(=O)C(=O)Nc1ccc(cc1[N+](=O)[O-])[N+](=O)[O-],1.6603,6.206,16.6,3.532,1.985,562,-587.2,279.4
WOBJAY,CN(c1ccc(cc1)/C=C/C=N/c1cccc(c1)[N+](=O)[O-])C,1.2993,3.959,5.7,1.81,1.373,758,50.3,293.7
PIMKOL,[O-][N+](=O)O[C@@H]1CO[C@H]2[C@@H]1OC[C@@H]2O[N+](=O)[O-],1.6999,7.487,24.5,5.039,3.347,664,-567.8,136.0
LOFSUV,CCN1C(=O)/C(=N\Nc2ccccc2[N+](=O)[O-])/C(=C(C1=O)C#N)C,1.4927,4.825,9.3,2.359,1.454,616,-196.0,279.8
VIRHAF,[O-][N+](=O)/C(=C/c1c(c2ccccc2)n(c2c1cccc2)C)/C,1.271,3.482,4.3,1.491,1.029,690,-48.2,288.4
VACROG,[O-][N+](=O)c1nn(cn1)CC(=O)NCCO,1.5808,6.14,15.7,3.034,2.212,729,-315.2,284.7
TUMTIE,CC(=O)OCc1ccc(c(c1)NC(=O)C)[N+](=O)[O-],1.4589,4.662,8.6,2.043,1.27,622,-694.7,301.8
KADZEU,O=C(c1ccccc1O)Nc1ccc(cc1)[N+](=O)[O-],1.4631,4.34,7.5,2.19,1.14,520,-402.5,303.1
MINPEF,Cc1ccc(c(c1)C)/N=C/c1cccc(c1)[N+](=O)[O-],1.291,3.775,5.2,1.731,1.221,705,-43.8,291.0
ETUTIY,[O-][N+](=O)c1cccc(c1)N1C=Nc2c(C1)c(ccc2)[N+](=O)[O-],1.5486,5.171,11.0,3.407,1.792,526,48.0,283.6
DARRAQ,O=C1C[C@H](N1c1ccc(cc1[N+](=O)[O-])[N+](=O)[O-])c1ccccc1,1.4726,4.876,9.5,3.32,1.663,500,-170.1,252.8
SONBUS,COc1nccnc1/C=N\Nc1ccc(cc1[N+](=O)[O-])[N+](=O)[O-],1.5592,5.79,13.8,3.916,2.206,563,33.5,288.4
DEMPAM,CC1=C[C@@](C)([N+](=O)[O-])[C@@H](C(C1=O)(C)C)[N+](=O)[O-],1.3514,5.231,10.2,3.133,2.319,740,-451.2,108.8
PADQUJ,[O-][N+](=O)C[C@H](c1c(N)n(C)c(=O)n(c1=O)C)c1ccccc1,1.2981,4.048,6.0,1.409,1.037,736,-539.3,250.9
BOPQUU,[O-][N+](=O)c1cc2c(CCC(=O)OCC)c[nH]c2cc1,1.3336,4.076,6.2,1.61,1.101,683,-545.6,304.0
TNPHNT,CCOc1c(cc(cc1[N+](=O)[O-])[N+](=O)[O-])[N+](=O)[O-],1.5581,6.657,18.3,5.07,2.982,588,-234.4,237.3
IVEREH,[O-][N+](=O)C1=C/C(=C/NCC)/C(=O)C=C1,1.4106,4.847,9.1,2.514,1.741,692,-237.9,313.8
DAWNEU,[O-][N+](=O)[C@H]1[C@@](C)(C=C(C(=O)[C@]1(C)[N+](=O)[O-])C(C)(C)C)[N+](=O)[O-],1.4189,5.68,12.5,3.714,2.64,710,-523.1,110.2
SECVOL,[O-][N+](=O)N1CCCN(C1C1N(CCCN1[N+](=O)[O-])[N+](=O)[O-])[N+](=O)[O-],1.6645,7.534,24.5,5.303,3.902,735,-37.3,166.5
ZZZJIQ02,Nc1ccc(c(c1)[N+](=O)[O-])C,1.3625,4.824,8.8,2.514,1.852,736,-101.5,284.6
BIHVIY,COc1ccc(cc1)/C=C/c1c(cc(cc1[N+](=O)[O-])C(=O)OC)[N+](=O)[O-],1.4428,4.795,9.0,3.238,1.62,500,-537.7,239.7
AKUPUS,OC[C@@H]([C@@H]1NC(=O)c2c1cccc2)[N+](=O)[O-],1.4752,4.722,8.9,2.225,1.346,605,-473.6,212.2
SEKJAU,CC1(C)NC(NC(C1)(C)C)c1ccc(cc1)[N+](=O)[O-],1.1945,3.428,4.0,0.795,0.812,1021,-274.5,296.6
VABWOK,[O-][N+](=O)/N=C\1/C(=N\[N+](=O)[O-])/[C@@]2(C([C@H]1CC2)(C)C)C,1.3332,5.599,11.6,3.793,3.009,793,-3.8,120.0
FIKXAY,COC(=O)[C@@]12[C@H]3C[C@H]4[C@@H]1[C@]1([C@]2([N+](=O)[O-])[C@H]([C@@H]3[C@@H]41)OC)[N+](=O)[O-],1.4619,5.337,11.3,3.601,2.081,577,-580.4,247.1
JEXMEE,[O-][N+](=O)N1CN(C2(C1)CN(CN(C2)[N+](=O)[O-])[N+](=O)[O-])[N+](=O)[O-],1.7117,8.066,28.5,5.803,4.238,730,66.3,138.3
WUXHAY,[O-][N+](=O)c1cc(ccc1N/N=C/c1ccccc1)[N+](=O)[O-],1.4641,5.204,10.7,3.736,2.048,548,101.2,297.3
SOXNEA,[N-]=[N+]=CC(=O)c1cccc(c1)[N+](=O)[O-],1.5128,5.44,12.0,3.984,1.985,498,56.7,285.2
ABAGIV,C/C(=N\Nc1ccccc1C)/c1cccc(c1)[N+](=O)[O-],1.2959,4.063,6.0,1.908,1.429,749,29.8,294.9
RIJBIY,CC(=O)c1cccc(c1)n1nc2c(c1[N+](=O)[O-])cccc2,1.433,4.392,7.5,2.492,1.39,557,-25.4,282.6
NOHCAQ,CN1C=C(c2ccccc2)[C@H](NC1=O)c1ccc(cc1)[N+](=O)[O-],1.356,3.916,5.8,1.642,1.071,652,-218.0,291.9
NOSLIQ,[O-][N+](=O)OCC1(COC(=N1)c1cccnc1)CO[N+](=O)[O-],1.5837,6.337,16.8,4.333,2.605,601,-314.4,141.6
PIGLOI,[O-][N+](=O)c1cc([N+](=O)[O-])c(c(c1N)[N+](=O)[O-])n1cnc(c1[N+](=O)[O-])[N+](=O)[O-],1.7603,7.72,26.6,5.561,3.244,583,75.9,245.1
BEDWOX01,O=C1C=CC(=O)N1c1ccc(cc1)[N+](=O)[O-],1.5425,4.913,9.9,2.917,1.348,462,-288.1,293.6
QEBRIB,Cc1ccc(cc1)c1noc2n1cc(n2)[N+](=O)[O-],1.4826,5.169,10.7,3.469,1.91,550,120.9,294.8
IZEQUA,CN1C(=O)/C(=N\Nc2ccc(cc2)[N+](=O)[O-])/C(=O)c2c1cccc2,1.4985,4.582,8.4,2.336,1.291,552,-210.7,296.4
YOHLIS,CC(=O)/C(=C/c1ccccc1)/COc1ccc(cc1[N+](=O)[O-])[N+](=O)[O-],1.3994,4.664,8.3,3.195,1.674,523,-358.5,269.2
NAWPUW,[O-][N+](=O)c1cc(cc(c1N1CCCC1)[N+](=O)[O-])[N+](=O)[O-],1.5793,6.329,16.7,4.693,2.795,595,-85.2,232.2
KARJOC,[O-][N+](=O)c1ccc2c(c1)C(=NCN2)c1ccccc1,1.4616,4.344,7.5,2.181,1.351,619,68.1,306.2
ZEJTUD,CN(c1ccc(cc1)/C=N/Nc1ccc(cc1)[N+](=O)[O-])C,1.2875,4.266,6.6,2.023,1.595,788,91.0,312.4
QAQDAN,CCN([C@H]1CN=NN1c1ccc(cc1)[N+](=O)[O-])CC,1.3019,4.802,8.4,2.153,2.016,936,82.8,304.7
TICSAZ,OC[C@H]1O[C@H](C[C@@H]1[N+](=O)[O-])n1cc(C)c(=O)[nH]c1=O,1.5047,5.029,10.2,2.05,1.355,661,-895.9,214.0
SITPOC,[O-][N+](=O)c1cc(n2cncn2)c(c(c1)[N+](=O)[O-])N,1.6561,6.415,17.7,4.143,2.412,582,111.9,290.4
EYUFEJ,O=NN(CN1C(=O)C(=O)c2c1ccc(c2)[N+](=O)[O-])CCCO[N+](=O)[O-],1.5831,6.17,15.9,4.014,2.355,586,-408.3,150.2
VOQQAU,CC([N+](=O)[O-])([N+](=O)[O-])COCOCC([N+](=O)[O-])([N+](=O)[O-])C,1.5187,7.093,20.4,5.03,3.61,717,-672.4,153.7
QERZAR,[O-][N+](=O)c1ccc(cc1)c1cc(=O)c2c([nH]1)cccc2,1.435,4.014,6.3,2.126,1.074,505,-160.0,288.1
QUYQEH,CC(=O)N1N=C(C[C@@H]1c1ccccc1)c1ccccc1[N+](=O)[O-],1.374,4.099,6.4,1.905,1.242,652,-136.9,258.4
BIVKUM,[O-][N+](=O)c1ccc(cc1)N/N=C/1\C[C@@H]2[C@H]1C[C@H]1[C@@H]2O1,1.3708,4.843,8.9,3.011,2.083,691,54.5,311.5
JAPPAR,CCN1CCO[C@@H](O1)c1ccc(cc1)[N+](=O)[O-],1.3635,4.955,9.2,2.744,2.065,752,-314.3,294.4
QIJDAO,[O-][N+](=O)N1CCc2c1cccc2,1.4498,5.059,10.1,3.016,2.058,682,10.9,121.0
KOTSIV,COc1cc(ccc1N)[N+](=O)[O-],1.4544,5.228,10.8,2.897,1.93,666,-239.0,313.0
BAFHEW,Oc1ccc(cc1)/C=N/Nc1ccc(cc1[N+](=O)[O-])[N+](=O)[O-],1.5584,5.427,12.2,3.719,1.93,519,-88.6,298.6
LACLAC,[O-][N+](=O)c1cc(C(=O)N)c(c(c1)[N+](=O)[O-])C,1.5828,5.999,15.0,3.802,2.176,572,-288.1,257.5
RAPLAY,Oc1ccc(c(c1)/C=N/c1cccc2c1cccc2)[N+](=O)[O-],1.4028,3.968,6.1,2.174,1.167,536,-90.6,280.1
DABRIK,O=C(Oc1ccccc1)Nc1ccc(cc1)[N+](=O)[O-],1.4441,4.337,7.4,2.261,1.177,520,-384.2,300.2
CABLIA,CCC(=O)N1C[C@@H]2[C@@]3([C@H]1CC(=O)C=C3CCC2)[N+](=O)[O-],1.3302,3.999,5.9,1.304,1.05,805,-605.0,145.8
NMBYAN,Cc1ccc(cc1)/N=C/c1ccc(cc1)[N+](=O)[O-],1.311,3.933,5.7,2.059,1.345,653,10.6,291.5
EPATAR,O=C1N[C@@H](c2cccc(c2)[N+](=O)[O-])c2c(N1C)cn[nH]c2=O,1.5756,5.002,10.4,2.28,1.357,595,-281.2,288.4
SAHBEK,CNC(=O)c1cc(cc(c1)[N+](=O)[O-])[N+](=O)[O-],1.5376,5.904,14.3,3.856,2.207,572,-275.9,276.5
OCHTET18,[O-][N+](=O)N1CN(CN(CN(C1)[N+](=O)[O-])[N+](=O)[O-])[N+](=O)[O-],1.903,9.165,39.2,6.277,4.749,756,101.1,157.2
XAYKEO,Cc1ccc(n1c1ccc(cc1)[N+](=O)[O-])C,1.2531,3.999,5.7,1.996,1.448,725,-52.5,291.4
SITRAQ,COc1cc(n2cncn2)c(cc1[N+](=O)[O-])[N+](=O)[O-],1.5924,6.252,16.4,4.334,2.472,570,5.1,257.5
TNBENZ10,[O-][N+](=O)c1cc(cc(c1)[N+](=O)[O-])[N+](=O)[O-],1.6763,7.239,22.7,5.565,3.072,552,-64.1,271.1
PUVSOO,[O-][N+](=O)c1ccc2c(c1)cnn2[N+](=O)[O-],1.6822,6.717,19.6,5.053,2.72,538,172.6,140.5
ACENIH,CC(=O)OCN([N+](=O)[O-])CN([N+](=O)[O-])CN([N+](=O)[O-])COC(=O)C,1.5864,6.865,19.7,4.014,2.92,727,-866.4,180.5
FINNIA,Oc1ccc(cc1/C=N/N1CCOCC1)[N+](=O)[O-],1.438,5.1,10.2,2.659,1.898,713,-300.0,307.4
JEKQUO,[O-][N+](=O)O[C@@H]1[C@H](Cc2c1cccc2)ON1C(=O)c2c(C1=O)cccc2,1.453,4.521,8.0,2.932,1.352,461,-457.5,150.6
DEKYUO,[O-][N+](=O)c1cc(C(=O)C)c(c(c1)[N+](=O)[O-])O,1.6171,6.169,16.1,3.946,2.151,545,-425.8,262.1
LEFHAH,COc1c(C(=O)N[C@H](C(=O)OC)C)c(OC)c(cc1[N+](=O)[O-])[N+](=O)[O-],1.4506,5.455,11.7,3.2,1.957,611,-970.8,241.0
EVALOD,N#C[C@H](c1cccc(c1)[N+](=O)[O-])CC(=O)c1ccccc1,1.3843,4.034,6.2,2.208,1.236,559,-107.2,288.9
LINVUZ,COc1ccc(cc1)/C=C(/[N+](=O)[O-])\C#N,1.356,4.743,8.4,3.468,1.903,548,-18.1,229.4
LOLFAT,[O-][N+](=O)OC1CN(CN(C1)[N+](=O)[O-])[N+](=O)[O-],1.7608,8.429,31.7,5.988,4.385,732,-118.1,139.6
VILQEP,N#CCN1[C@@H](c2ccccc2)C(=C(C1=O)O)C(=O)c1cccc(c1)[N+](=O)[O-],1.476,4.279,7.3,2.269,1.12,493,-385.7,290.3
PILGID,[O-][N+](=O)c1ccc(cc1)c1nc2n(c1NC(C)(C)C)ccnc2,1.3156,4.082,6.1,1.53,1.212,791,-7.6,296.9
FOHMUK,[O-][N+](=O)[C@H]1C[C@@H]1[N+](=O)[O-],1.6034,7.649,24.6,6.135,4.164,678,-68.6,255.3
PUVSEE,CN(/C=C/1\N=C(OC1=O)c1ccccc1[N+](=O)[O-])C,1.4101,4.708,8.5,2.553,1.533,600,-301.1,260.2
WALFUM,CCOc1nc(cc(c1O)[N+](=O)[O-])[N+](=O)[O-],1.6108,6.474,17.7,4.043,2.471,611,-414.5,267.3
ONITAN02,[O-][N+](=O)c1ccccc1N,1.4606,5.22,10.8,3.05,1.98,649,-62.8,311.7
MAYKUV,C[C@@H]([C@@H]1[C@H]2OC(O[C@H]2[C@H]2N1C[C@H]1[C@@]2(C1)[N+](=O)[O-])(C)C)O,1.3057,4.5,7.4,1.786,1.549,867,-702.1,276.4
GEDYEU,[O-][N+](=O)N1CCn2c1nnn2,1.6897,7.705,25.8,5.506,3.952,717,374.4,96.7
JOTDOL,CCC(=O)N1CN([C@@H]2[C@H]1OCN2[N+](=O)[O-])C(=O)CC,1.438,5.105,10.2,1.963,1.616,823,-675.4,152.0
XIDKAX,COc1cccc2n1cc(c2)c1ccc(cc1)[N+](=O)[O-],1.4155,4.205,6.8,2.256,1.319,584,-120.9,300.2
LAPVOQ,Cc1ccc(cc1n1cnnn1)[N+](=O)[O-],1.5113,5.706,13.2,3.551,2.327,655,244.3,287.5
JOKLIG,CNC1=C([N+](=O)[O-])[C@@H](c2c(O1)[nH]nc2C)c1ccc(cc1)C,1.3637,4.394,7.3,1.905,1.422,746,-154.0,335.5
GOXKAF,CC(=O)NN(C(=O)c1ccccc1O)c1ccc(cc1)[N+](=O)[O-],1.4265,4.45,7.7,2.185,1.242,568,-521.2,298.9
PASJUP,CC[C@@]([C@@]([N+](=O)[O-])(CC)C)([N+](=O)[O-])C,1.3132,5.422,10.8,2.773,2.739,987,-401.6,179.3
JAYGEW,O=C(Nc1ccc(cc1)[N+](=O)[O-])/C=C\C(=O)O,1.5359,4.987,10.2,2.561,1.337,521,-562.0,292.4
ROGVAL,CCOC(=O)[C@@]1(C[C@H]1c1cccc(c1)[N+](=O)[O-])[N+](=O)[O-],1.5099,5.355,11.6,3.538,1.98,559,-463.8,218.3
RIJMOM,OC[C@H]1O[C@H](C[C@@H]1O)n1ccc2c1ccc(c2)[N+](=O)[O-],1.447,4.64,8.5,2.145,1.382,644,-613.2,304.8
OFOMAX,O=C(c1ccc(cc1)[N+](=O)[O-])OCCn1ccc2c1cccc2,1.3732,3.946,5.9,1.839,1.062,577,-397.4,286.7
NABMIM,OC(=O)CCC([N+](=O)[O-])([N+](=O)[O-])[N+](=O)[O-],1.6208,7.626,24.6,5.17,3.505,678,-535.7,140.3
ENPROP,CCOC(=O)[C@H]([C@@H](c1ccc(cc1)[N+](=O)[O-])O[N+](=O)[O-])[N+](=O)[O-],1.5447,6.218,15.9,4.168,2.483,595,-650.8,142.5
ISUQES,N#Cc1c(nc(n1c1ccccc1)C)[N+](=O)[O-],1.4023,4.707,8.5,2.809,1.655,589,156.9,283.8
SULSID,Cc1cc(/C=C/c2ccc(cc2[N+](=O)[O-])[N+](=O)[O-])cc(c1O)C,1.4245,4.666,8.5,2.916,1.663,570,-293.8,265.9
EKAHOP,[O-][N+](=O)c1ccc(cc1)C1=NO[C@H]2[C@@H]1CCC2,1.4184,4.728,8.7,2.689,1.817,675,-101.6,293.9
MENFXN,[O-][N+](=O)C1=C(C)[N+](=O)O[N-]1,1.6593,8.047,27.8,6.774,4.447,656,126.6,262.4
KECTAN,COC(=O)[C@@H]([C@H](C(=O)OC)O)Oc1c(cc(cc1[N+](=O)[O-])[N+](=O)[O-])[N+](=O)[O-],1.6288,6.402,17.4,3.72,2.195,590,-1165.5,246.4
JOPNAD,[O-][N+](=O)[N-][N@+]12CC[N@+](CC1)(CC2)[N-][N+](=O)[O-],1.61,7.625,24.5,5.559,4.829,868,322.6,271.7
NAGGOU,[O-][N+](=O)c1ccc(cc1)n1cnnn1,1.5617,5.95,14.6,4.077,2.39,586,295.1,286.3
MENPPO,O=C1C[C@@H](C(=O)N1C)c1ccccc1[N+](=O)[O-],1.4037,4.378,7.4,2.078,1.193,574,-481.2,272.2
SULROG,[O-][N+](=O)c1nccn1CC(=O)NCCO,1.5144,5.666,13.0,2.689,1.97,732,-392.0,298.1
SITLUF,COc1cc(/C=N/N=C/c2ccc(cc2)[N+](=O)[O-])ccc1O,1.4506,4.684,8.6,2.624,1.572,599,-182.9,293.3
SUGFUV,CC(=O)O[C@H]([C@@H](C([N+](=O)[O-])[N+](=O)[O-])OC(=O)C)C([N+](=O)[O-])[N+](=O)[O-],1.6744,7.33,23.2,4.537,3.014,664,-983.8,151.6
SITQAP,[O-][N+](=O)c1cc(n2cncn2)c(c(c1)[N+](=O)[O-])C,1.5791,6.022,15.1,4.196,2.359,562,98.2,257.4
UJUDOU,COc1cc(ccc1O)[C@@H]1NN=C(C1)c1cccc(c1)[N+](=O)[O-],1.4105,4.472,7.7,2.247,1.446,643,-264.2,291.1
POVKOA,Nc1ccc(cc1)/N=C/c1cccc(c1)[N+](=O)[O-],1.3702,4.294,7.0,2.234,1.453,650,54.9,293.0
VIFBAN,O=C(c1cccc(c1)[N+](=O)[O-])OC(=O)c1cccc(c1)[N+](=O)[O-],1.5382,5.115,10.7,3.149,1.451,460,-565.0,283.6
WADYAD,CCOC(=O)c1ccn2c(c1c1ccc(cc1)[N+](=O)[O-])ncc2,1.3928,4.186,6.7,2.013,1.159,576,-341.4,296.7
PITDAZ,COc1ccc2c(c1)n(cn2)c1ccc(cc1)[N+](=O)[O-],1.4214,4.39,7.5,2.328,1.356,582,-99.3,292.0
LEFZED,CC(=O)Nc1ccc(cc1)Oc1ccc(cc1)[N+](=O)[O-],1.3643,4.16,6.5,2.07,1.193,576,-404.4,300.8
BCONBZ10,O=C(c1cc(cc(c1)[N+](=O)[O-])[N+](=O)[O-])O[C@]12CCCC[C@H]2CC1,1.3971,4.868,9.1,2.921,1.84,629,-516.5,277.7
OTENEI,COc1cc(ccc1C(=O)Nc1ccccc1n1cccn1)[N+](=O)[O-],1.4265,4.402,7.5,2.158,1.286,596,-238.1,289.8
KOBXOO,[O-][N+](=O)c1c(N)[nH][nH]c1=O,1.8333,7.477,25.6,3.879,2.715,699,-123.0,337.3
QAVCIC,[O-][N+](=O)c1cc(ccc1NN1C(=O)c2c(C1=O)cccc2)[N+](=O)[O-],1.5895,5.36,12.0,3.355,1.604,477,-262.6,293.3
ITINEE,OC(=O)c1nnn(c1)CC([N+](=O)[O-])([N+](=O)[O-])Cn1nnc(c1)C(=O)O,1.7817,6.964,21.8,3.646,2.293,629,-459.0,140.3
SUZRAH,[O-][N+](=O)/C=C/1\NCCN1C[C@@H]1CCOCO1,1.4257,5.284,10.9,2.28,2.006,879,-445.4,364.5
AZORUD,[O-][N+](=O)c1ccc(cc1)/N=C/c1c2ccccc2cc2c1cccc2,1.3539,3.485,4.5,1.836,1.009,549,115.1,299.6
BUNCIW,[O-][N+](=O)C1=C([N+](=O)[O-])[C@@](C)([N+](=O)[O-])C(C(=O)[C@@]1(C)[N+](=O)[O-])(C)C,1.5751,6.768,19.0,4.939,3.165,640,-404.9,80.2
OCEHEL,N#CC(=Cc1cc2OCOc2cc1[N+](=O)[O-])C#N,1.5316,5.231,11.2,3.899,1.707,437,46.4,261.9
LOZZEH,CN([N+](=O)[O-])CN1C(=O)c2c(C1=O)cccc2,1.4617,4.875,9.4,2.573,1.471,571,-362.9,169.0
VELKIH,O=C(/C(=N\c1ccc(cc1)[N+](=O)[O-])/c1ccccc1)c1ccccc1,1.3403,3.689,5.1,1.994,1.082,542,-67.5,300.3
KOKCOC,[O-][N+](=O)c1cc(cc(c1Oc1ccc2c3c1C(=O)C=Cc3ccc2)[N+](=O)[O-])[N+](=O)[O-],1.6046,5.317,11.9,3.789,1.616,426,-237.5,226.1
PELHUL,NCCNc1cc(NCCN)c(cc1[N+](=O)[O-])[N+](=O)[O-],1.4687,5.77,13.2,2.785,2.415,867,-176.5,309.0
GEJLEM,Cc1ccc(cc1)N(CCc1ccc(cc1)[N+](=O)[O-])C,1.2308,3.548,4.4,1.305,1.082,829,-131.3,295.8
WENRAJ,O=C1Nc2c(C1=O)cc(cc2)[N+](=O)[O-],1.5623,5.235,11.3,3.056,1.426,466,-291.7,290.8
EGUQIG,O=C1N2CC[C@H]2C[C@H]1[C@H](c1ccc(cc1)[N+](=O)[O-])O,1.3898,4.482,7.7,2.12,1.449,683,-412.1,295.4
ESOLAB,[O-][N+](=O)c1ccccc1[C@@H]1O[C@H]1c1ccccc1[N+](=O)[O-],1.4954,4.981,10.0,3.811,1.79,469,-121.9,281.7
MUGTAJ,O=C1Cc2ccccc2[C@H](N1)c1cccc(c1)[N+](=O)[O-],1.3794,3.905,5.8,1.794,1.049,584,-244.7,290.9
LEVNUW,[O-][N+](=O)c1ccc(cc1)NCc1ccncc1,1.4006,4.431,7.5,2.162,1.48,684,11.5,309.1
KOVGUX,[O-][N+](=O)C(=C(Nc1ccccc1)Nc1ccccc1)[N+](=O)[O-],1.4032,5.012,9.7,3.405,2.033,597,54.0,246.4
YEJVIU,N#[N+][N-][C@@H]1O[C@@H]([C@@H]2[C@H]1OC(O2)(C)C)[C@@H](C[N+](=O)[O-])O,1.4395,5.663,12.5,3.061,2.251,735,-612.7,243.8
FUSZEY,[O-][N+](=O)c1cccc2c1[nH]c(=O)c1c2cccc1,1.5353,4.224,7.3,2.182,1.018,466,-201.9,293.7
SICNUN,OC(=O)CN(c1ccc(cc1[N+](=O)[O-])[N+](=O)[O-])[N+](=O)[O-],1.7022,7.019,21.5,4.542,2.668,587,-412.3,132.0
SAZPER,[O-][N+](=O)c1ccc2c(c1)N[C@@H](C(=N2)c1ccccc1)c1ccccc1,1.3208,3.592,4.7,1.661,1.017,612,63.0,297.4
TICTOO,Cc1cc(cc2c1c1c(C)cc(cc1COC2)[N+](=O)[O-])[N+](=O)[O-],1.4148,4.635,8.3,2.89,1.649,570,-301.9,288.5
IMIWOQ,NC(=O)NN/C(=N/[N+](=O)[O-])/N,1.6504,7.23,22.4,3.565,2.957,829,-149.5,205.3
CIJBAA,[O-][N+](=O)c1ccc2c(c1)c(nc(n2)c1ccccc1[N+](=O)[O-])c1ccccc1,1.4573,4.395,7.6,2.806,1.351,481,76.3,262.6
OJARIA,CO[C@@]12[C@H]3O[C@H]3CN2c2c(C1=O)cccc2[N+](=O)[O-],1.5527,5.119,10.8,3.23,1.656,512,-365.6,279.2
ANOQUR,N#C[C@H](c1ccccc1[N+](=O)[O-])CC1=CCCCC1=O,1.3421,4.13,6.4,2.09,1.387,663,-161.1,273.9
JERVUY,[O-][N+](=O)c1c[nH]c(=O)c(c1)[N+](=O)[O-],1.8027,7.389,24.7,4.735,2.723,575,-176.6,265.0
BEXWEI,O=C(Cn1cc(nc1C)[N+](=O)[O-])N/N=C(/c1ccccc1)\C,1.3492,4.504,7.6,1.963,1.46,743,-134.7,311.6
YUYSIU,[O-][N+](=O)c1cn(c(n1)c1ncc(n1C)[N+](=O)[O-])C,1.5623,6.164,15.7,4.007,2.492,622,40.3,299.4
PAVZET,COc1ccc(cc1)C(=O)N/N=C/c1cccc(c1)[N+](=O)[O-],1.4141,4.527,7.9,2.446,1.465,599,-236.0,287.4
LAPYUY,O=C(Nc1ccc(cc1[N+](=O)[O-])C)CCC(=O)O,1.4478,4.512,8.0,1.829,1.138,622,-748.5,300.1
RAPFIY,COC(=O)c1cc(cc(c1)[N+](=O)[O-])[N+](=O)[O-],1.5932,6.094,15.6,3.913,2.133,545,-433.4,277.1
YEFNON,O=C(Cn1cc(nc1C)[N+](=O)[O-])N/N=C(/c1ccc(cc1)C)\C,1.3084,4.287,6.7,1.707,1.335,781,-187.7,311.9
NNAPAN10,O=C1OC(=O)c2c3c1ccc(c3c(cc2)[N+](=O)[O-])[N+](=O)[O-],1.7771,5.871,15.5,3.451,1.476,427,-475.2,228.3
OLIHIA,COC(=O)/C(=C/C(=O)OC)/Nc1ccccc1[N+](=O)[O-],1.4091,4.706,8.5,2.53,1.416,559,-746.1,286.5
WIGYOC01,Oc1ccc(cc1)NC(=O)c1ccc(cc1)[N+](=O)[O-],1.4955,4.441,7.9,2.268,1.181,520,-382.4,288.4
ZITHUH,COn1c(=O)[nH]c2c1cc(cc2)[N+](=O)[O-],1.6052,5.72,13.8,3.401,1.913,562,-235.9,298.1
GECPIP,Cc1cc(ccc1C)n1cnnc1Nc1cccc(c1)[N+](=O)[O-],1.3795,4.275,6.9,1.803,1.306,724,73.6,296.2
DUXCEF,[O-][N+](=O)c1ccc2c(c1)nc(n2C(=O)c1ccccc1)c1ccccc1,1.3835,3.713,5.2,1.781,0.93,522,-114.7,296.3
PADZAX,[O-][N+](=O)c1ccc(cc1)NN=C1c2cccnc2c2c1cccn2,1.4608,4.439,7.8,2.46,1.39,565,296.2,301.7
AGUNUN,CCO[C@@H](n1ncc2c1cccc2[N+](=O)[O-])C,1.3689,4.696,8.3,2.2,1.677,762,-208.6,292.4
PESNAF,[O-][N+](=O)c1ccc(cc1)n1cnc2c1cccc2,1.4714,4.356,7.5,2.311,1.299,562,68.8,291.3
RUBXOD,O=C(c1cc(cc(c1)[N+](=O)[O-])[N+](=O)[O-])N1CC=CC1,1.5279,5.507,12.4,3.845,2.046,532,-177.8,277.8
XATFIJ,C=C=C1CCCC[C@H]1OC(=O)c1cc(cc(c1)[N+](=O)[O-])[N+](=O)[O-],1.4194,4.937,9.4,3.343,1.883,563,-388.1,277.9
MADKUZ,O[C@H](C([N+](=O)[O-])(C)C)c1ccncc1,1.3505,4.658,8.1,2.05,1.64,799,-323.7,213.4
CIDQIP,CC(Nc1ccc(cc1NC(=O)C)[N+](=O)[O-])C,1.3388,4.256,6.7,1.392,1.184,850,-395.6,303.6
RUJSEV,[O-][N+](=O)c1ccccc1OCCCCOc1ccccc1[N+](=O)[O-],1.4214,4.882,9.2,3.042,1.847,607,-441.2,279.8
PANJOE,[O-][N+](=O)c1ccc2c(c1)n(CCc1ccccc1)cn2,1.34,3.887,5.6,1.665,1.117,670,-39.0,301.4
POWPEX,[O-][N+](=O)c1ccc(cc1)/C=N/c1ccccc1C(=O)N,1.4072,4.262,7.0,2.123,1.237,582,-154.5,286.4
TOYYEL,[O-][N+](=O)c1cc(ccc1[C@@H](c1ccccn1)C)[N+](=O)[O-],1.3849,4.871,9.0,3.354,1.926,574,-51.7,265.4
LIQKEC,O=C(c1n[nH]cn1)N/N=C/c1cccc(c1)[N+](=O)[O-],1.4654,5.301,11.1,3.079,1.856,602,75.1,287.3
GATYIK,[O-][N+](=O)c1ccc2c(c1)ccc(=O)[nH]2,1.5164,4.696,8.9,2.763,1.303,471,-202.1,297.2
MATDEQ,O=c1n(C)c(=Nc2ccc(cc2)[N+](=O)[O-])n(c(=O)n1C)C,1.4725,4.756,9.0,1.828,1.266,692,-435.6,302.2
NOEURA,O=C(NCC([N+](=O)[O-])([N+](=O)[O-])[N+](=O)[O-])NCC([N+](=O)[O-])([N+](=O)[O-])[N+](=O)[O-],1.8612,8.92,36.7,5.993,4.173,696,-382.4,147.5
NABMOS,[O-][N+](=O)N1CCN(C1)[N+](=O)[O-],1.688,8.022,28.0,5.783,4.397,760,12.9,150.8
HIQVEI,COC(=O)C1=C(C)NC(=O)C[C@H]1c1ccccc1[N+](=O)[O-],1.3974,4.29,7.1,1.867,1.153,617,-668.0,277.5
JUMFAA,CC(=O)N1CC(C1)([N+](=O)[O-])[N+](=O)[O-],1.5485,6.819,19.1,4.75,3.236,681,-245.8,170.0
IPUPOZ,N#Cc1cc([N+](=O)[O-])c2c(c1)[N+](=O)O[N-]2,1.686,6.892,20.6,5.892,2.883,489,380.9,264.5
DARQUJ,O=C1C[C@@H](N1c1ccc(cc1)[N+](=O)[O-])c1ccccc1,1.3761,4.034,6.2,2.056,1.202,584,-174.5,300.8
JOKQOR,CC(=O)Nc1ccc(cc1[N+](=O)[O-])c1[nH]nnn1,1.6078,5.761,14.0,3.053,1.93,632,31.6,286.7
ZULYEK,[O-][N+](=O)c1ccc(cc1)c1c(C)[nH]c2c1cccc2,1.3527,3.72,5.2,1.679,1.044,622,-60.6,299.2
UFUXOI,[O-][N+](=O)c1[nH]nc(c1N)[N+](=O)[O-],1.9001,8.442,33.3,5.284,3.591,679,58.5,306.7
OLIHUM,COC(=O)c1cc(=O)c2c([nH]1)c(ccc2)[N+](=O)[O-],1.5622,4.916,10.0,2.552,1.267,496,-533.6,295.3
SEZVEZ,C[C@@H](C(=O)OCc1ccc(cc1)[N+](=O)[O-])C(=O)Nc1ccccc1,1.3588,3.944,5.8,1.604,0.985,614,-683.4,287.9
SAJYAD,Oc1ccc(nc1)/N=N/c1cccc(c1)[N+](=O)[O-],1.4708,5.048,10.1,3.221,1.774,550,60.4,285.3
TUVMEE02,OCCCNc1cc(NCCCO)c(cc1[N+](=O)[O-])[N+](=O)[O-],1.4215,5.361,11.1,2.665,2.09,784,-614.4,313.2
LOZZIL,[O-][N+](=O)NCN([N+](=O)[O-])C,1.5623,7.926,26.0,5.828,4.785,821,-49.7,177.1
PAXQUC,O=C(c1ccc(cc1)[N+](=O)[O-])C[N-][N+]#N,1.5195,5.695,13.2,4.165,2.264,543,130.9,282.9
NHMENT,OC[C@@H]1C[C@@]2(N[C@H]1[C@H]1C[C@]1(C2)[N+](=O)[O-])[N+](=O)[O-],1.5074,5.934,14.2,3.558,2.623,737,-344.8,235.7
BIXCUJ,O/N=C(/C(=N/N=C/c1cccc(c1)[N+](=O)[O-])/C)\C,1.3291,5.084,9.6,3.219,2.325,722,73.0,288.2
TANHAR,N#C[C@]1(C=C1c1ccccc1)[N+](=O)[O-],1.367,4.695,8.3,4.305,2.073,481,317.1,187.5
HEDFUU,COC(=O)[C@@]1(N=CN2[C@H]1CC[C@H]2C)c1ccc(cc1)[N+](=O)[O-],1.4327,4.405,7.6,1.685,1.245,738,-456.8,295.6
ONBZAM,[O-][N+](=O)c1ccccc1C(=O)N,1.4406,4.935,9.5,2.944,1.588,539,-238.5,270.3
OVUYEL,Cc1ccc(cc1)/C(=C\[N+](=O)[O-])/N1CCCCC1,1.2369,3.759,4.9,1.348,1.226,910,-152.1,294.1
LEMSAA,COc1c(OC)cccc1C(=O)Nc1ccc(cc1)[N+](=O)[O-],1.4195,4.425,7.6,2.201,1.305,593,-544.7,303.5
MAMGEM,[O-][N+](=O)C(=C(c1ccccc1)c1ccccc1)[N+](=O)[O-],1.3505,4.61,7.9,3.758,1.87,497,47.3,225.3
NAWQEH,[O-][N+](=O)c1cc(cc(c1N1CCCCC1)[N+](=O)[O-])[N+](=O)[O-],1.5297,6.033,14.8,4.466,2.703,605,-132.3,238.2
RAPHEY,Oc1ccc(cc1/C=N/c1ccccc1Oc1ccccc1)[N+](=O)[O-],1.3768,3.937,5.9,2.1,1.126,536,-266.1,305.7
WERYEX,[O-][N+](=O)/N=C/1\N[C@@H]2[C@H](N1)N/C(=N\[N+](=O)[O-])/N2,1.8395,7.918,28.7,4.49,3.279,730,108.9,199.2
SAZJIN,CCOc1ccc(cc1OC)/C=N/Nc1ccc(cc1)[N+](=O)[O-],1.3238,4.392,7.1,2.205,1.567,710,-272.7,310.7
LEFRET,OC(=O)CCC1(CN(CN(C1)[N+](=O)[O-])[N+](=O)[O-])[N+](=O)[O-],1.628,7.086,21.3,4.46,3.153,707,-518.5,158.2
VAGTED,[O-][N+](=O)/N=C(/NCC)\N,1.4225,6.352,15.7,3.012,3.066,1017,-86.0,201.0
LABJON01,O=C1NC(=O)N(C1)/N=C/c1ccc(o1)[N+](=O)[O-],1.6563,6.03,15.6,3.297,1.861,564,-336.1,300.2
JOLNED,CN(/N=N/c1ccc(cc1)[N+](=O)[O-])C,1.3878,5.473,11.4,3.207,2.591,807,138.7,302.0
JEXMII,[O-][N+](=O)N1CCN([C@@H]2[C@@H]1N(CCN2[N+](=O)[O-])[N+](=O)[O-])[N+](=O)[O-],1.8217,8.455,32.6,5.891,4.302,730,94.7,141.7
FIWLIJ,CC[C@H]([C@H](C(=O)OC)Nc1ccc(cc1[N+](=O)[O-])[N+](=O)[O-])C,1.3615,4.983,9.3,2.63,1.894,719,-633.2,293.6
DEMNIS,[O-][N+](=O)[C@@]1(C)C=C(C)[C@]([C@@](C1=O)(C)[N+](=O)[O-])(C)[N+](=O)[O-],1.5013,6.108,15.0,4.336,2.791,643,-429.4,85.0
BAZPIC,CN(c1ccc(cc1N)[N+](=O)[O-])C,1.3191,4.819,8.5,2.202,1.907,865,-85.0,301.6
UVILAO,Nn1nc(c2c1c(nn2N)[N+](=O)[O-])[N+](=O)[O-],1.8353,8.431,32.5,5.981,4.112,687,485.4,302.7
FIDCIF,[O-][N+](=O)c1cccnc1OCc1ccccc1,1.394,4.487,7.7,2.677,1.563,584,-109.9,273.0
EVUMIR,[O-][N+](=O)C(=C(c1ccccc1)c1ccc(cc1)[N+](=O)[O-])[N+](=O)[O-],1.4599,5.366,11.4,4.457,2.139,479,17.9,221.9
CINVIE,[O-][N+](=O)C1=C[C@@]([N+](=O)[O-])(C2CC2)[C@@H]([C@](C1=O)(C)O)[N+](=O)[O-],1.5997,6.554,18.0,4.628,2.841,613,-432.2,66.9
NAPXEK,[O-][N+](=O)c1ccc(cc1)c1nnn(c1C)C(=C)c1ccccc1,1.3073,4.093,6.1,2.17,1.429,658,180.4,296.7
VUKHIS,CC(=O)N(c1ccccc1c1ccccc1[N+](=O)[O-])C(=O)C,1.3509,3.936,5.8,1.754,1.054,601,-444.9,272.4
RUCRIR,CCOC(=O)c1[nH]c(c2c1[C@@H]1CC[C@H]2C=C1)[N+](=O)[O-],1.3833,4.432,7.5,2.051,1.402,683,-430.1,324.3
RINWUG,O=C(c1ccncc1)N/N=C/c1ccc(o1)[N+](=O)[O-],1.554,5.36,11.8,3.516,1.817,516,-55.4,299.2
HIYMIL,[O-][N+](=O)/N=[N+]/1\C=[NH+]N=C1,1.8187,8.504,32.9,5.953,4.392,737,306.1,248.2
BAFHAS,Oc1cccc(c1)/C=N/Nc1ccc(cc1[N+](=O)[O-])[N+](=O)[O-],1.517,5.335,11.5,3.731,1.937,519,-85.1,297.2
QEPJIG01,C[C@H](Cn1c(C)ncc1[N+](=O)[O-])OC(=O)C,1.3338,4.718,8.3,1.934,1.526,789,-528.5,317.2
LAPWIL,[O-][N+](=O)c1cc(cc(c1C)[N+](=O)[O-])n1cnnn1,1.6324,6.568,18.4,4.735,2.757,582,260.0,249.6
SITPUI,COc1ccc(c(c1[N+](=O)[O-])n1cncn1)[N+](=O)[O-],1.5741,6.209,16.0,4.352,2.483,570,9.8,247.4
YAHJOH,[O-][N+](=O)c1ccc(c(c1[N+](=O)[O-])[N+](=O)[O-])C,1.6349,6.961,20.6,5.411,3.07,567,-66.6,218.6
DEZTAD,O=C(c1ccc(cc1)[N+](=O)[O-])CNc1ccccc1,1.395,4.225,6.8,2.178,1.333,612,-168.0,283.8
AMNPHA,[O-][N+](=O)c1ccc(c(c1)O)N,1.5749,5.481,12.5,3.045,1.771,581,-258.3,311.9
ZOWDOE,Cc1ccc(cc1N(c1nnn[nH]1)C)[N+](=O)[O-],1.4266,5.501,11.8,3.017,2.31,765,222.5,285.8
ISAJAN,N#[N+][N-]C(=O)c1ccccc1[N+](=O)[O-],1.5357,5.855,14.0,4.216,2.213,524,127.9,254.0
ZEZDAL,COc1c(cc(cc1[N+](=O)[O-])Cn1ccnn1)[N+](=O)[O-],1.4951,5.919,14.1,4.363,2.539,581,28.2,242.9
SAWNEL,O=C(c1noc(c1)[N+](=O)[O-])OCc1ccccc1,1.4484,5.066,10.1,3.517,1.747,496,-294.2,273.8
METNAM01,CN([N+](=O)[O-])C,1.3634,6.827,17.5,4.536,4.514,995,-75.4,178.3
TEWJOU,[O-][N+](=O)c1c(N2CCCCC2)c([N+](=O)[O-])c(c(c1N)[N+](=O)[O-])N,1.6125,6.367,17.1,3.943,2.708,686,-165.7,254.9
JORCAU,CCC(C([N+](=O)[O-])(C)C)([N+](=O)[O-])[N+](=O)[O-],1.5214,6.866,19.2,5.045,3.706,734,-316.6,121.5
COWBEV,N#[N+][N-]CN1CN(CN(CN(C1)[N+](=O)[O-])[N+](=O)[O-])[N+](=O)[O-],1.6951,8.08,28.5,5.766,4.431,768,356.0,171.9
LOHGOE,[O-][N+](=O)c1ccc2c3c1cccc3c(=O)n(c2=O)c1ccccc1,1.5223,3.962,6.4,2.081,0.879,422,-305.7,267.4
FIZFOL,CCOc1cc(/C=N/Nc2ccc(cc2[N+](=O)[O-])[N+](=O)[O-])ccc1O,1.4922,5.243,11.0,3.263,1.901,582,-322.2,299.6
IZAREG,CC(=O)O/N=C/c1cccc(c1)[N+](=O)[O-],1.4428,5.125,10.3,3.512,1.891,538,-239.0,289.4
KABGIF,COc1cc(/C=N/Nc2ccc(cc2)[N+](=O)[O-])ccc1OC(=O)C,1.3766,4.45,7.5,2.289,1.402,612,-456.2,308.0
WUVWAL01,Oc1ccccc1/C=N/Nc1ccc(cc1)[N+](=O)[O-],1.4225,4.583,8.2,2.518,1.536,609,-78.3,306.1
TNFLUO,O=C1c2cc(ccc2c2c1cc(cc2[N+](=O)[O-])[N+](=O)[O-])[N+](=O)[O-],1.6646,5.946,15.2,4.282,1.903,444,-142.9,257.8
JOFGER,COc1cc2n(cnc2c(c1)[N+](=O)[O-])C(C)C,1.4242,4.744,8.7,2.068,1.576,762,-239.6,278.2
FABHUL,[O-][N+](=O)c1c([N+](=O)[O-])c(c(n1C)[N+](=O)[O-])[N+](=O)[O-],1.8092,8.475,32.6,6.436,4.005,622,36.8,246.7
NOFBEP,CNC(=C([N+](=O)[O-])C=C1C(=O)CC(CC1=O)(C)C)NC,1.3329,4.355,7.0,1.491,1.307,876,-548.5,245.9
KOMHAV,[O-][N+](=O)c1c[nH]cn1,1.6604,6.752,19.6,4.126,2.658,644,4.3,304.4
UHURAS,[O-][N+](=O)c1ccc(cc1)[C@@H]1O[C@@H]1c1ccc(cc1)[N+](=O)[O-],1.4866,4.938,9.8,3.739,1.756,469,-142.6,290.5
HUFCOB,O=C(c1cnoc1C)N/N=C/c1cccc(c1)[N+](=O)[O-],1.4736,5.164,10.6,3.269,1.87,572,-71.6,288.9
BOJDOU,COc1ccccc1N/C=C\1/C=C(C=CC1=O)[N+](=O)[O-],1.4255,4.467,7.8,2.458,1.416,576,-298.9,312.9
FACYAK,[O-][N+](=O)c1ccccc1C(=O)Nc1ccccc1,1.3731,4.139,6.5,2.23,1.238,555,-185.9,246.6
YIMPOB,[O-][N+](=O)C1=C/C(=C/NC[C@@H](CO)O)/C(=O)C=C1,1.4488,5.014,9.9,2.524,1.648,653,-603.7,314.8
MENPND10,COC(=O)C(=NNc1ccc(cc1[N+](=O)[O-])[N+](=O)[O-])C(=O)OC,1.5521,5.936,14.5,3.551,2.074,583,-644.8,278.9
HOHCIR,O=NN1[C@@H](CO[C@@H]1c1ccc(cc1)[N+](=O)[O-])Cc1ccccc1,1.4043,4.638,8.3,2.629,1.693,643,-144.5,291.8
YODHUV,CN1CN/C(=N\[N+](=O)[O-])/N(C1)C,1.4294,6.111,14.5,2.786,2.885,1035,-1.5,208.0
BETWAY,[O-][N+](=O)c1ccc(cc1)[C@@H]1OC[C@H]2[C@@H](N1)CCCC2,1.3183,3.973,5.8,1.35,1.154,854,-371.8,296.0
KUZJUL,[O-][N+](=O)c1cccc(c1)/C=N/c1onc(c1C)C,1.4138,4.839,9.0,2.891,1.849,639,-17.3,288.9
SOZVOU,[O-][N+](=O)c1ccc(cc1)[C@]1(C)Nc2cccc3c2C(=N1)C=CC3=O,1.3868,3.976,6.0,2.013,1.131,561,-83.2,293.5
YODFUT01,CCCNc1ccc(cc1[N+](=O)[O-])C(=O)OCC,1.3029,4.178,6.4,1.522,1.217,799,-583.9,309.3
JUPROB,CNc1c(cc(cc1[N+](=O)[O-])[N+](=O)[O-])[N+](=O)[O-],1.643,7.02,21.1,5.173,3.112,601,-65.8,238.9
GECPEL,CCCCn1cnnc1Nc1cccc(c1)[N+](=O)[O-],1.3196,4.555,7.6,1.856,1.592,857,1.0,288.4
QAJJUI,Oc1cccc(c1)/C=N/NC(=O)c1cccc(c1)[N+](=O)[O-],1.5101,4.715,9.0,2.561,1.408,550,-237.7,289.5
QOVXUV,[O-][N+](=O)C1=C/C(=C/NCCCO)/C(=O)C=C1,1.3817,4.806,8.8,2.422,1.695,699,-425.0,317.4
ACIDAR,[O-][N+](=O)c1ccccc1N/N=C/1\C=CC(=O)c2c1cccc2,1.4789,4.451,7.9,2.63,1.407,535,45.2,304.5
EWEVIM02,OC(=O)c1ccc(cc1N)[N+](=O)[O-],1.5897,5.299,11.8,2.539,1.406,553,-461.9,283.8
DIJPAO,C[C@H]1[C@](C)(CC[C@@]1(C)C#N)OC(=O)c1ccc(cc1)[N+](=O)[O-],1.2704,3.788,5.1,1.391,1.031,741,-547.5,287.4
NHPYOX10,C[C@H]1C[C@H]2CCCCN2[C@H](O1)c1ccc(cc1)[N+](=O)[O-],1.256,3.703,4.9,1.136,1.014,892,-411.9,294.3
PAGPUL,N#[N+]/N=C/1\N=C(C=[N+]1c1c(cc(c(c1[N+](=O)[O-])N)[N+](=O)[O-])[N+](=O)[O-])[N+](=O)[O-],1.7496,7.547,25.3,5.323,3.137,589,357.0,245.1
WACFUD,Oc1ccc2c(c1/C=N/c1cccc(c1C)[N+](=O)[O-])cccc2,1.3677,3.798,5.4,1.828,1.07,585,-166.0,273.1
JAPXOQ,[O-][N+](=O)c1ccc(cc1)/C=C/C1=NN(CC1)c1ccccc1,1.3672,4.116,6.4,2.082,1.432,687,126.5,299.1
WAHLEW,CN1[C@@H]2CCCC[C@H]2O[C@@H]1c1ccc(cc1)[N+](=O)[O-],1.2796,4.001,5.8,1.497,1.279,854,-333.4,294.6
YACLOD,[O-][N+](=O)c1cc([N+](=O)[O-])c2c(c1n1c(=O)oc3c1cccc3)[N+](=O)O[N-]2,1.6776,6.38,17.6,4.589,2.219,483,-41.2,253.5
JAPXIK,[O-][N+](=O)c1ccc(cc1)/C=C\C1=NN(CC1)c1ccccc1,1.3076,4.046,6.0,2.176,1.497,687,154.2,296.2
LABLOP,Cn1cnc(c1NCc1ccccc1)[N+](=O)[O-],1.4025,4.71,8.5,2.099,1.621,772,3.4,323.4
CAXNIY,[O-][N+](=O)C1([C@@H]2C[C@@H]3C[C@H]1C[C@H](C2)C3)[N+](=O)[O-],1.4499,5.337,11.2,2.842,2.252,792,-325.2,155.6
LEWGEA,CCN1C(=O)c2c(C1=O)cc(cc2)[N+](=O)[O-],1.4529,4.56,8.2,2.417,1.23,508,-437.9,281.0
TIBKIY,COC(=O)Cc1oc2c(c1N1CCOCC1)cc(cc2)[N+](=O)[O-],1.4074,4.558,8.0,2.202,1.387,629,-746.7,298.6
DEKZEZ,[O-][N+](=O)c1cc([N+](=O)[O-])c(c(c1O)C(=O)C)O,1.6965,6.445,18.1,3.776,2.097,555,-600.8,267.8
DUSNUB,[O-][N+](=O)c1ccccc1/C=N/Nc1ccccc1,1.3606,4.46,7.5,2.646,1.721,650,154.1,278.3
YAHJUN,CC(=O)Nc1ccc(c(c1[N+](=O)[O-])C)[N+](=O)[O-],1.4633,5.546,12.2,3.662,2.144,585,-313.9,225.6
NAPHAP,N#[N+]/N=C/1\N=[NH+]/C(=N\[N+](=O)[O-])/N1,1.7951,8.337,31.4,5.439,3.941,724,485.5,265.6
GEVSIM,COC(=O)C1=C(C)N[C@H](C(=C1)[N+](=O)[O-])c1ccccc1,1.3692,4.272,6.9,1.988,1.3,653,-422.7,313.3
RAMRUS,O=C(c1ccc(cc1)[N+](=O)[O-])N1[C@@H]2[C@H]1COCOC2,1.4428,4.948,9.6,2.928,1.739,593,-436.3,287.9
MUBKEA,O=C([C@H]1O[C@H]1c1ccc(cc1)[N+](=O)[O-])Nc1ccccc1,1.4211,4.321,7.2,2.366,1.306,551,-295.6,290.4
KAKNEP,CCc1ccc(nc1)C[C@@H](c1ccc(cc1)[N+](=O)[O-])O,1.275,3.797,5.2,1.499,1.111,740,-317.7,297.1
WACQEY,[O-][N+](=O)c1cc([N+](=O)[O-])c(c2c1cccc2)O,1.6471,5.731,14.1,3.875,1.854,478,-214.1,275.0
KABNEI,N#Cc1ccc(cc1)/C=C\c1c(cc(cc1[N+](=O)[O-])[N+](=O)[O-])[N+](=O)[O-],1.5383,5.515,12.5,4.412,2.034,461,136.9,231.7
POMVAP,COC(=O)/C(=C/c1ccccc1)/C/N=C/c1cccc(c1)[N+](=O)[O-],1.3234,3.972,5.8,1.975,1.229,622,-327.4,289.9
PAVJAY,Cc1ccc(cc1)OC(=O)c1cc(cc(c1)[N+](=O)[O-])[N+](=O)[O-],1.4731,4.929,9.7,3.3,1.591,482,-412.1,276.9
SERMUZ,CCOC(=O)c1n[nH]c2c1ccc(c2)[N+](=O)[O-],1.4543,4.896,9.4,2.652,1.516,571,-344.2,290.8
ZUHMUK,[O-][N+](=O)c1cc(ccc1N(C)C)[N+](=O)[O-],1.4631,5.83,13.5,4.233,2.696,636,-74.2,299.9
GIBVOE,[O-][N+](=O)c1ccc2c3c1[nH]c(=O)[nH]c3c(cc2)[N+](=O)[O-],1.7149,5.718,14.4,3.213,1.576,490,-240.4,304.5
AFEXEP,CCC(=O)Nc1ccc(cc1)[N+](=O)[O-],1.3835,4.545,7.9,2.044,1.416,692,-329.0,298.5
EJEYID,C/C(=N\c1n(C)cnc1[N+](=O)[O-])/N1CCCCC1,1.3195,4.547,7.6,1.524,1.495,981,-101.1,316.0
QAJWUV,COC(=O)/C=C\C(=O)Nc1ccc(cc1)[N+](=O)[O-],1.4776,4.817,9.2,2.63,1.413,537,-554.5,298.8
QIXSAS,N/N=C/c1ccc(cc1[N+](=O)[O-])[N+](=O)[O-],1.6132,6.542,18.1,4.865,2.854,586,97.8,268.6
VEGLUP,COC(=O)C1=C(C)N(C(=O)N[C@@H]1c1cccc(c1)[N+](=O)[O-])C,1.4484,4.502,8.0,1.806,1.193,660,-658.7,290.7
EBURUR,[O-][N+](=O)c1ccccc1C(=O)N1c2ccccc2C([C@H]1O)(C)C,1.3547,3.857,5.6,1.535,0.991,645,-488.6,266.7
FEGFIG,CO[C@@]12O[C@@](N=C1c1ccc(cc1)[N+](=O)[O-])([C@H]1[C@@H]2C(=O)N(C1=O)C)C,1.4579,4.485,7.9,2.003,1.17,584,-760.2,287.3
FULYEQ10,[O-][N+](=O)c1c([N+](=O)[O-])c(C)c(c(c1C)C)C,1.3764,5.22,10.3,3.405,2.382,699,-204.8,243.1
CUTXAQ,[O-][N+](=O)[C@H]1C(=C[C@@](C(=O)[C@@]1(C)O)(C)[N+](=O)[O-])C(C)(C)C,1.285,4.918,8.7,2.667,2.088,782,-688.5,86.4
LIQDEW,[O-][N+](=O)c1cnc(nc1)NCc1ccccc1,1.3937,4.664,8.3,2.351,1.602,681,57.2,304.7
PIGSEF,[O-][N+](=O)c1nc(cn1c1c([N+](=O)[O-])c(N)c(c(c1[N+](=O)[O-])N)[N+](=O)[O-])[N+](=O)[O-],1.8422,7.943,28.9,5.313,3.206,603,37.8,256.6
TIVPUK,O=C(Nc1ccc(cc1)[N+](=O)[O-])Nc1ccc(cc1)N(C)C,1.3768,4.212,6.7,1.569,1.171,746,-254.9,304.3
MOZLUJ,CCCNC(=O)c1ccccc1[N+](=O)[O-],1.2447,4.206,6.2,1.884,1.42,753,-333.7,252.0
ZELQOW,[O-][N+](=O)C1=C(N)N=[N+]([N+]1=O)C,1.698,7.832,26.8,5.465,4.041,739,164.7,314.4
BICWEP,[O-][N+](=O)c1c(C(=O)N)c([N+](=O)[O-])c(c(c1N)[N+](=O)[O-])N,1.8874,7.653,27.2,4.388,2.749,626,-259.4,261.8
MOQNIQ,[O-][N+](=O)C[C@@H]([C@@]1(N=C(C(=O)O1)C)c1ccccc1)c1ccccc1,1.3025,3.731,5.1,1.602,0.996,622,-448.5,227.9
NIHBOX,O=C1/C(=C/2\C=CC(=[N+]([O-])[O-])C=C2)/[N+](=O)[C@](N1C)(C)C(C)C,1.3479,4.505,7.6,1.99,1.531,769,-388.3,293.0
NMZNON01,CN1C[C@@]2(CC(=O)C[C@](C1)(C2)[N+](=O)[O-])[N+](=O)[O-],1.4492,5.65,12.5,3.243,2.39,737,-421.4,224.4
YISYOO,N#CC1=C(N)C(=C(C[C@@H]1c1ccccc1[N+](=O)[O-])C1CC1)C#N,1.3882,4.362,7.3,2.404,1.583,658,252.0,275.2
QIMGIC,N#CC1=C(N)OC(=C([C@@H]1c1cccc(c1)[N+](=O)[O-])C(=O)C)C,1.4112,4.48,7.7,2.36,1.414,599,-261.7,291.9
JAYDET,OC[C@H](Cc1ccccc1)N/C=C\1/C=C(C=CC1=O)[N+](=O)[O-],1.3645,4.139,6.5,1.849,1.242,671,-412.8,315.1
XAZFIO,O=C1CO[C@@]2([C@@]1(C)CCC2)Nc1ccc(cc1)[N+](=O)[O-],1.3353,4.181,6.5,1.72,1.256,730,-492.7,308.6
MNIMET,OCCn1c(C)ncc1[N+](=O)[O-],1.4497,5.572,12.2,2.76,2.168,785,-253.6,318.5
CASBOQ01,[O-][N+](=O)c1c[nH]nc1n1cnnn1,1.7694,7.519,25.3,4.972,3.23,649,438.1,302.1
NOFLUP,O[C@@H](c1ccccc1)CNc1ccc(cc1)[N+](=O)[O-],1.3237,4.039,6.0,1.808,1.255,694,-259.2,307.5
VOFDIF,O=C(Nc1ccc(cc1)[N+](=O)[O-])NCCc1ccc(cc1)O,1.3948,4.128,6.5,1.553,1.04,669,-500.0,303.8
ZZZMUC01,[O-][N+](=O)c1cc([N+](=O)[O-])c(c(c1)[N+](=O)[O-])C,1.6547,6.99,21.0,5.322,3.019,567,-86.7,250.1
KEJGIP,CCOC(=O)Nc1c(cc(cc1[N+](=O)[O-])[N+](=O)[O-])[N+](=O)[O-],1.6016,6.516,17.8,4.185,2.5,597,-501.3,227.7
HIGSIZ,N#CCN([N+](=O)[O-])CC#N,1.5025,6.588,17.5,5.306,3.395,639,258.2,162.4
JEHLAJ,[O-][N+](=O)N1CCN([C@@H]2[C@H]1N([N+](=O)[O-])C(=O)N2[N+](=O)[O-])[N+](=O)[O-],1.9691,9.054,39.1,5.858,4.075,695,-21.8,138.4
PECQAS,COC(=O)/C(=N/NC(=O)c1ccc(cc1)[N+](=O)[O-])/CC(=O)OC,1.4014,4.79,8.8,2.486,1.422,572,-871.0,287.9
QEPJEC,C[C@H](Cn1c(C)ncc1[N+](=O)[O-])OC(=O)c1ccccc1,1.3332,4.201,6.5,1.723,1.202,697,-469.4,317.8
UZEWUT,[O-][N+](=O)N1[C@@H]2CCCC[C@H]2N=C1C([N+](=O)[O-])([N+](=O)[O-])[N+](=O)[O-],1.594,7.261,22.1,5.571,3.727,669,-30.8,116.4
PUGYIA,O=Cc1cc(ccc1N1CCCCC1)[N+](=O)[O-],1.3617,4.415,7.3,1.975,1.512,765,-263.4,295.3
GAQMIV,[O-][N+](=O)c1cccc2c1[nH]ncc2=O,1.5834,5.478,12.5,3.625,1.806,498,-11.9,296.0
HAWLUN,COc1ccc(cc1)/C=C(\C(=O)NCc1ccccc1)/[N+](=O)[O-],1.3516,4.135,6.4,2.039,1.317,645,-331.2,255.6
OCEKIS,CCOc1ccccc1N/N=N/c1cccc(c1)[N+](=O)[O-],1.3737,4.705,8.4,2.522,1.777,704,-4.1,291.2
NTPYRO11,[O-][n+]1ccc(cc1)[N+](=O)[O-],1.5644,6.357,16.7,5.052,2.828,559,25.7,297.7
KIBGIO,O=[N+]1C=C(C=C/C/1=[NH+]\C(=O)NC(C)(C)C)[N+](=O)[O-],1.4028,5.158,10.2,2.399,1.903,793,-358.2,290.5
GESFAO,O=C1N[C@@H](Nc2c1cccc2)c1ccccc1[N+](=O)[O-],1.4198,4.259,7.0,2.069,1.205,582,-169.1,283.4
IDEHEH,CCOC(=O)Cn1ccc(c(c1=O)[N+](=O)[O-])C,1.3478,4.678,8.2,2.305,1.505,653,-656.2,270.0
YOKJOY,Cc1nn(c(c1)C)c1nnc(nn1)Nc1c(cc(cc1[N+](=O)[O-])[N+](=O)[O-])[N+](=O)[O-],1.5662,6.295,16.4,4.545,2.659,584,418.6,225.6
WISBIJ,COc1ccc(cc1)n1cc(nc1C)[N+](=O)[O-],1.354,4.608,8.0,2.402,1.616,672,-165.8,308.6
TAPQAD,N#Cc1ccc(cc1)Oc1ccc(cc1)[N+](=O)[O-],1.4363,4.352,7.4,2.932,1.368,466,-21.8,292.9
OJIJOG,[O-][N+](=O)c1cc(ccc1NN=C1CCCCC1)[N+](=O)[O-],1.4328,5.389,11.3,3.24,2.349,724,-66.6,299.8
KEMREZ,O=C(c1ccc(cc1)[N+](=O)[O-])Nc1ccc(cc1)[N+](=O)[O-],1.5337,5.092,10.6,3.314,1.616,487,-238.0,284.0
BOMHAM,Cc1nc2cc(ccc2c(=O)o1)[N+](=O)[O-],1.5555,5.024,10.4,2.785,1.362,489,-350.3,280.1
JOTFED,CC(=O)N1CN([C@H]2[C@@H]1N(CN2[N+](=O)[O-])[N+](=O)[O-])C(=O)C,1.5956,6.437,17.4,3.714,2.599,699,-384.5,146.3
VEVLEP,[O-][N+](=O)c1ccc(cc1)NCNc1ccc(cc1)[N+](=O)[O-],1.1358,4.393,6.3,3.131,1.947,622,-65.7,305.1
NIQTUD,O=C(Oc1ccc(cc1)[N+](=O)[O-])CCC(=O)Oc1ccc(cc1)[N+](=O)[O-],1.49,4.928,9.7,2.873,1.43,497,-813.7,293.3
KOVHIM,[O-][N+](=O)C(=C1NCCCCN1)[N+](=O)[O-],1.5651,6.676,18.5,4.231,3.283,775,-112.7,284.7
BOQJAS,[O-][N+](=O)c1cc(ccc1n1cc(c(n1)c1ccccc1O)C)[N+](=O)[O-],1.488,4.953,9.8,3.19,1.681,526,-124.6,242.8
IPOXAZ,CC(N1O[C@@H]1c1ccc(cc1)[N+](=O)[O-])C,1.2978,4.915,8.8,3.167,2.386,753,-66.7,290.1
YIKCIH,Oc1ccc(cc1/C=N/c1ccccc1C)[N+](=O)[O-],1.3985,4.165,6.7,2.044,1.252,612,-202.2,304.2
IDULEZ,CCOC(=O)Cn1cccc(c1=O)[N+](=O)[O-],1.428,4.961,9.6,2.643,1.571,594,-614.6,277.7
EMOLEZ,[O-][N+](=O)c1ccc(cc1)n1nnc2c1CC(C)(C)CC2=O,1.3616,4.48,7.6,2.122,1.495,704,-118.6,287.8
DEMPIU,[O-][N+](=O)[C@]1(C)C=C(C)[C@]([C@](C1=O)(C)O)(C)[N+](=O)[O-],1.4533,5.529,12.0,3.255,2.26,694,-611.4,85.5
INOLUU,[O-][N+](=O)c1nnn(c1c1ccccc1)Cc1ccccc1,1.3516,4.324,7.0,2.387,1.527,639,184.9,292.0
LUDFAR,O=C/C=C/O/C=C/c1noc(c1)[N+](=O)[O-],1.5067,5.959,14.3,4.633,2.471,533,-147.8,274.6
KOHPAY,O=C1CC(C)(C)CC(=O)C1=CNc1ccc(cc1)[N+](=O)[O-],1.3457,4.033,6.1,1.591,1.113,699,-509.2,296.2
LAPVEG,COc1c(cc(cc1[N+](=O)[O-])n1cnnn1)[N+](=O)[O-],1.6225,6.712,19.1,4.851,2.859,589,169.7,239.1
AWUJIM,COc1ccc(cc1)/C=N/NC(=O)c1cccc(c1)[N+](=O)[O-],1.3621,4.433,7.4,2.477,1.484,599,-226.9,290.2
RIGHUK04,[O-][N+](=O)c1cc(ccc1Cc1ncccc1C)[N+](=O)[O-],1.4461,4.986,9.8,3.292,1.89,574,-68.7,272.5
VIPVEX,C=CCn1cc2c(n1)c(ccc2)[N+](=O)[O-],1.3977,4.915,9.3,3.088,2.044,661,143.3,283.8
MIYDII,OC(=O)[C@@H]1CCCN/C(=N/[N+](=O)[O-])/N1,1.5186,5.749,13.4,2.521,1.956,775,-458.3,192.7
LAQKIZ,C[C@@H]([C@H](c1ccc(cc1)[N+](=O)[O-])O)[N+](=O)[O-],1.4365,5.425,11.5,3.722,2.213,594,-370.8,222.7
KATCIS,O=C(c1ccc(cc1)[N+](=O)[O-])CCn1ncnc1,1.4407,4.901,9.4,2.588,1.649,637,-89.0,284.0
PEVQIR,[O-][N+](=O)c1ccc(cc1)Oc1ccccc1Oc1ccc(cc1)[N+](=O)[O-],1.5018,4.652,8.7,3.231,1.439,445,-317.1,293.8
ZZZTLC01,[O-][N+](=O)N1CCN(CC1)[N+](=O)[O-],1.6349,7.452,23.7,5.251,4.009,763,-45.2,175.8
ACALEV,O=C(c1ccc(cc1)[N+](=O)[O-])Nc1c(C)cccc1C,1.3111,3.779,5.2,1.555,1.031,663,-305.8,288.2
MOKLAA,CNC(=O)Oc1cc(ccc1OC(C)C)[N+](=O)[O-],1.2902,4.398,7.0,1.938,1.367,705,-717.1,303.1
VOPZEF,[O-][N+](=O)c1c(C)cc2n1cccc2C,1.415,4.556,8.0,2.294,1.622,707,-47.8,334.5
DELZEZ,[O-][N+](=O)C1=C[C@@](O)(c2ccccc2)C(=O)[C@@]([C@@H]1[N+](=O)[O-])(C)[N+](=O)[O-],1.545,5.87,14.2,4.099,2.247,548,-443.7,129.9
TEVDOQ,[O-][N+](=O)c1nonc1c1no[n+](=O)/c/1=C\1/[N-]ON=C1N,1.8527,8.395,32.4,6.542,3.897,595,618.4,255.7
XEBKEW,Cc1cccc(c1)C(=O)Oc1c(cc(cc1[N+](=O)[O-])[N+](=O)[O-])[N+](=O)[O-],1.5496,5.685,13.3,3.954,1.977,500,-407.8,240.9
FICDOK,COc1n(C)cnc1[N+](=O)[O-],1.4739,6.005,14.3,3.676,2.622,713,-148.4,303.8
MOHZEQ,Cc1ccc(cc1)N/N=C\1/C(=NN(C1=O)c1cccc(c1)[N+](=O)[O-])C,1.3783,4.421,7.4,2.162,1.436,664,3.2,294.8
NIPFUP,[O-][N+](=O)c1ccc(o1)/C=C/C(=O)c1ccccc1[N+](=O)[O-],1.4697,5.2,10.7,3.933,1.835,466,-230.4,257.0
KUGSEM,[O-][N+](=O)c1cccc(c1)c1cc2c(n1c1ccccn1)cccc2,1.3786,3.726,5.3,1.82,1.035,568,89.7,293.7
WOBHUQ,COc1ccc(cc1)/C=C/C=N/c1ccc(cc1)[N+](=O)[O-],1.3161,4.065,6.1,2.248,1.428,635,-91.5,301.3
DNPMTA,[O-][N+](=O)N1CN2CN(C1)CN(C2)[N+](=O)[O-],1.6804,7.51,24.5,4.685,3.849,821,53.9,171.4
RENTUZ,CN(c1ncnc(c1[N+](=O)[O-])N(C)C)C,1.3631,5.327,10.7,2.363,2.257,954,15.1,233.8
TECSEB,CC/[NH+]=C\1/[N+](=O)C=CC(=C1C)[N+](=O)[O-],1.3914,5.542,11.7,3.351,2.666,795,-65.4,278.3
DOKZIN,CNC(=O)OCCn1c(C)ncc1[N+](=O)[O-],1.4034,5.104,10.0,2.115,1.661,785,-485.4,318.2
CAFQUW,Nc1ccn(c(=O)n1)c1c(cc(cc1[N+](=O)[O-])[N+](=O)[O-])[N+](=O)[O-],1.5918,6.363,17.0,4.262,2.372,556,-142.0,239.3
OJAREW,CO[C@@]12[C@@H]3O[C@@H]3CN1c1c(C2=O)cc(cc1)[N+](=O)[O-],1.489,4.935,9.8,3.119,1.6,512,-394.7,298.0
PEDREY,CCN1C(=O)/C(=N\Nc2ccc(cc2)[N+](=O)[O-])/C(=C(C1=O)C#N)C,1.4228,4.648,8.4,2.304,1.42,616,-214.1,292.6
HESPIF,COc1cccc(c1OCCOc1ccc(cc1[N+](=O)[O-])[N+](=O)[O-])C=O,1.4787,5.15,10.6,3.401,1.788,525,-662.4,266.6
AYAMIX,C=CCn1c(/C=C/C=C/N(C)C)nc2c1cc(cc2)[N+](=O)[O-],1.2887,4.148,6.2,1.772,1.464,826,44.5,309.9
TAZVAS,[O-][N+](=O)c1ccc(cc1)/C=N/c1cccc2c1cccc2,1.3526,3.724,5.2,2.021,1.148,567,74.2,290.5
JODHOA,[O-][N+](=O)c1ccc(cc1)n1nnnc1N,1.5402,5.977,14.6,3.668,2.393,652,272.1,288.3
KUBPIG,[O-][N+](=O)N1CCNC1=C([N+](=O)[O-])[N+](=O)[O-],1.8006,8.45,32.3,6.094,4.207,690,39.7,101.0
RIKNOO,[O-][N+](=O)c1cc[nH]n1,1.5788,6.722,18.8,4.647,2.993,644,63.2,296.8
NPNFPR,O=C(c1ccc(cc1)[N+](=O)[O-])/C=C/c1ccc(o1)[N+](=O)[O-],1.5228,5.314,11.5,3.907,1.823,466,-237.9,285.0
ONABEL,N#CC(=C(c1ccc(cc1)OC)/C=C/c1ccccc1[N+](=O)[O-])C#N,1.3125,4.035,6.0,2.646,1.432,541,150.5,272.3
FUJSOS,CC(=O)O[C@@H]1N(CCN([C@H]1O)[N+](=O)[O-])[N+](=O)[O-],1.6489,6.914,20.5,3.876,2.778,716,-636.6,183.9
MEPFOD,CCN(CCN/C=C\1/C=C(C=CC1=O)[N+](=O)[O-])CC,1.239,4.142,6.0,1.493,1.388,929,-329.8,315.8
IMPYRA,Cc1oc(C)cc(=Nc2ccc(cc2)[N+](=O)[O-])c1,1.3608,4.337,7.1,2.342,1.504,642,-154.1,307.9
EXOQEO,Oc1ccc(cc1)Nc1ncccc1[N+](=O)[O-],1.4988,4.832,9.4,2.61,1.518,581,-122.6,300.7
GERPOJ02,OCCNc1cc(NCCO)c(cc1[N+](=O)[O-])[N+](=O)[O-],1.6083,6.054,15.5,3.246,2.287,704,-523.0,314.5
DUCVUT,CC1=NN([C@H](C1)c1ccco1)c1cccc(c1)[N+](=O)[O-],1.3624,4.523,7.7,2.546,1.683,661,-35.4,294.8
ADOLEK,[O-][N+](=O)c1cc(ccc1NN=C1CCCCCCC1)[N+](=O)[O-],1.3936,5.144,10.1,2.781,2.239,804,-116.2,299.3
JAHPIR,[O-][N+](=O)c1ccc(o1)/C=N/n1cccn1,1.4573,5.615,12.4,4.394,2.388,543,178.1,300.4
AMNIFL,Nc1ccc2c(c1)Cc1c2ccc(c1)[N+](=O)[O-],1.4517,4.06,6.5,1.915,1.138,594,-50.8,302.9
LIHWEF,O=C1O[C@H]2CCC[C@@H]2C(=O)N1c1ccc(cc1)[N+](=O)[O-],1.4765,4.502,8.1,2.066,1.173,567,-639.3,291.4
WETGEJ,N#[N+]C1=C(N=[N+](C1=O)C)[N+](=O)[O-],1.6814,7.231,22.7,4.938,3.108,629,175.8,274.6
KOVGIL,CN(C(=C([N+](=O)[O-])[N+](=O)[O-])N(C)C)C,1.4122,6.45,16.1,4.248,3.73,878,-100.7,261.9
XIFFEX,[O-][N+](=O)c1nn(C)c(=O)c2c1N(CCCO2)Cc1ccccc1,1.4311,4.813,9.0,2.37,1.679,708,-218.5,233.4
EZEGEW,COc1cc(/C=N/c2ccc(cc2)[N+](=O)[O-])cc(c1OC)OC,1.3828,4.505,7.7,2.422,1.544,637,-444.0,300.0
LOJBAN,CCCNc1ccc(cc1)[N+](=O)[O-],1.2691,4.332,6.7,1.849,1.61,870,-150.8,313.2
GOTFOM,[O-][N+](=O)c1cc(/C=N/c2ccccc2)ccc1O,1.4033,4.324,7.2,2.512,1.394,555,-117.7,318.0
JUVNAP,[O-][N+](=O)C1(CCC(CC1)([N+](=O)[O-])[N+](=O)[O-])[N+](=O)[O-],1.7225,7.82,26.9,5.51,3.74,678,-302.2,156.2
YIJPIQ,OC[C@H]1O[C@@H](Nc2ccc(cc2)[N+](=O)[O-])[C@@H]([C@H]([C@H]1O)O)O,1.5497,5.112,10.8,2.133,1.433,671,-1053.3,303.6
NEQSIN,N#Cc1cc(ccc1/N=C/N(C)C)[N+](=O)[O-],1.3545,4.85,8.8,2.657,1.91,719,95.6,298.2
PAQZEN,[O-][N+](=O)c1ccc(cc1)C(c1cccn1C)c1cccn1C,1.246,3.722,4.9,1.568,1.19,758,-21.0,295.7
DAVXON,[O-][N+](=O)C1=C(C)[C@@](C)([N+](=O)[O-])C(=O)[C@@]([C@@]1(C)[N+](=O)[O-])(C)O,1.5026,6.155,15.3,4.151,2.685,646,-612.9,81.8
SAFQOH,Oc1ccc(cc1)/C=N/NC(=O)c1cccc(c1)[N+](=O)[O-],1.435,4.556,8.1,2.552,1.403,550,-240.2,290.0
NUPMES,[O-][N+](=O)c1ccc(cc1)/N=C/c1ccccn1,1.412,4.498,7.8,2.638,1.561,591,115.3,297.2
KEDWUO,[O-][N+](=O)c1cc(C(=O)O)c(cc1C(=O)O)N,1.6876,5.461,13.0,2.157,1.175,545,-830.3,
VUYWUI,Nc1ccc(cc1Oc1ccccc1)[N+](=O)[O-],1.3858,4.34,7.2,2.379,1.389,584,-178.5,308.1
GARBUY,[O-][N+](=O)c1ccc(c(c1)C(=O)O)N,1.601,5.299,11.8,2.49,1.378,553,-470.9,305.7
CATJIQ01,[O-][N+](=O)N1CC(CN(CC(C1)([N+](=O)[O-])[N+](=O)[O-])[N+](=O)[O-])([N+](=O)[O-])[N+](=O)[O-],1.8706,8.926,36.9,6.285,4.399,699,-130.8,143.8
MEDNEQ,[O-][N+](=O)c1cc2n3c(n[nH]c3=O)COc2c(c1)[N+](=O)[O-],1.8122,6.734,20.6,3.917,2.122,541,-202.0,262.1
LAGGAE,Oc1ccccc1/C=N/c1ccc(cc1)[N+](=O)[O-],1.4338,4.383,7.5,2.507,1.392,555,-118.9,301.3
QIRQOZ,[O-][N+](=O)c1ccc(cc1)n1nnc(c1C)C(=O)C,1.435,4.958,9.6,2.738,1.744,637,-52.0,287.4
HUMSAJ,CC/C(=N\Nc1ccc(cc1[N+](=O)[O-])[N+](=O)[O-])/c1ccccc1,1.406,4.968,9.5,3.135,2.012,641,17.0,297.8
JAJBEB,[O-][N+](=O)C1([N+](=O)[O-])[C@@H]2[C@@H]3[C@@H]4[C@H]1[C@@H]1[C@H]2C([C@H]3[C@H]4C1([N+](=O)[O-])[N+](=O)[O-])([N+](=O)[O-])[N+](=O)[O-],1.828,7.913,28.6,5.752,3.407,592,-151.3,121.2
TEHGUI,Cc1ccc(c(c1)[N+](=O)[O-])N,1.379,4.843,8.9,2.476,1.824,736,-107.3,312.4
HEGBON,O=C1OC(=N/C/1=C\c1ccco1)c1ccc(cc1)[N+](=O)[O-],1.5549,4.713,9.2,2.863,1.241,433,-353.4,287.4
YILNOY,[O-][N+](=O)C1=CNc2n([C@@H]1O)nnn2,1.7503,7.334,23.9,4.382,2.933,669,124.8,303.9
ADEWEM,C/C(=N\Nc1c(cc(cc1[N+](=O)[O-])[N+](=O)[O-])[N+](=O)[O-])/c1ccccc1,1.549,5.77,13.7,4.335,2.321,535,64.2,242.8
BUDKER,COc1cccc(c1c1c(OC)cccc1[N+](=O)[O-])[N+](=O)[O-],1.4415,4.976,9.7,3.513,1.811,515,-386.4,277.2
RAKMUM,CNc1ccc(c2c1c(ccc2)N(C)C)[N+](=O)[O-],1.3661,4.358,7.2,1.833,1.507,822,-34.5,298.2
QANWAE,Oc1ccc(cc1/C=N/C1CC1)[N+](=O)[O-],1.4025,4.822,8.9,2.82,1.839,652,-144.7,305.8
ZOKREY,COc1ccc(c(c1)[N+](=O)[O-])NN=C1C(=O)CC(CC1=O)(C)C,1.3974,4.647,8.3,2.184,1.533,701,-512.6,283.0
LOLGUP,[O-][N+](=O)c1cccc(c1)n1nnc(c1)c1ccccc1,1.4261,4.518,7.9,2.609,1.537,589,210.5,287.5
MEWTUF,OC[C@@]1(CN(C[C@@H]1c1ccc(cc1)OC)C)[N+](=O)[O-],1.2809,4.316,6.7,1.781,1.499,841,-493.7,207.5
ZIZCES,N#Cc1c(=O)[nH]c(c(c1c1cccc(c1)[N+](=O)[O-])C)C,1.3989,4.273,7.0,2.177,1.268,582,-140.0,288.9
COQVAF,N#C/C(=C\c1ccccc1OC)/[N+](=O)[O-],1.398,4.849,9.0,3.502,1.922,548,-11.2,223.6
OCAYID,[O-][N+](=O)C(c1ccnc(n1)c1ccccc1)(C)C,1.3245,4.084,6.2,1.732,1.277,737,-62.7,156.9
MNABTZ10,C[n+]1nc([N-]c2ccccc2[N+](=O)[O-])c2c(n1)cccc2,1.4073,4.767,8.8,2.834,1.807,637,312.9,279.6
ZIFLOS01,[O-][N+](=O)c1ccc(cc1)N(c1ccccc1)c1ccccc1,1.3181,3.592,4.7,1.757,1.085,617,26.0,304.4
UTOHUH,O=Cc1cc(ccc1N1CCOCC1)[N+](=O)[O-],1.4215,4.875,9.2,2.646,1.757,664,-343.0,293.5
HONHOJ,O=C(c1cccnc1)/C=C/c1ccc(cc1)[N+](=O)[O-],1.4166,4.301,7.2,2.642,1.398,528,-54.4,289.2
CIWMAW01,Nc1nc(N)c(nc1[N+](=O)[O-])[N+](=O)[O-],1.8116,7.614,26.3,4.337,2.914,671,-11.0,270.8
DNOPHL03,[O-][N+](=O)c1ccc(c(c1)[N+](=O)[O-])O,1.6719,6.702,19.4,4.633,2.537,547,-222.9,265.2
GAZBEQ,COC(=O)c1cc(ncc1C(=O)OC)c1ccccc1[N+](=O)[O-],1.4222,4.379,7.4,2.358,1.169,496,-709.3,263.0
VOHZOI,[O-][N+](=O)c1cc(ccc1N/N=C(/c1ccccc1)\[N+](=O)[O-])[N+](=O)[O-],1.5897,5.982,15.0,4.478,2.348,524,96.3,213.1
VIQWOI,[O-][N+](=O)c1ccc(cc1)/N=C\1/C(=O)[C@@]2(C([C@H]1CC2)(C)C)C,1.239,3.756,4.9,1.501,1.175,782,-296.1,299.4
YAYDIN,C#CCn1c(=O)[nH]c2c1ccc(c2)[N+](=O)[O-],1.4628,4.926,9.6,3.244,1.674,516,-21.6,299.8
ZZZFKK01,N#C/C(=C\c1ccc(cc1)N(C)C)/c1ccc(cc1)[N+](=O)[O-],1.2983,3.944,5.7,2.0,1.376,687,102.6,297.0
GEXKUP,N/C(=N\c1ccc(cc1)[N+](=O)[O-])/c1ccccc1,1.3634,4.186,6.6,2.043,1.329,650,8.8,304.4
ZUHQOI,O=C1N([N+](=O)[O-])[C@]2([C@](N1[N+](=O)[O-])(C)CC2)C,1.5929,6.619,18.4,4.5,3.067,681,-176.9,140.0
NIEQIN,CCOc1cc([N+](=O)[O-])c2c(c1)C(=CC(N2)(C)C)C,1.2727,3.939,5.6,1.425,1.218,854,-352.1,319.5
FUWNIU,[O-][N+](=O)OCCNC(=O)c1cccnc1,1.4779,5.473,11.9,3.202,2.039,636,-291.8,153.4
CAVROG,N#CC([C@]1(C)C(=C1C)C)(c1ccc(cc1)[N+](=O)[O-])C#N,1.2503,4.295,6.5,2.955,1.983,670,305.6,288.4
PNOIZB,[O-][N+](=O)c1cccn2c1cc(c2)c1ccccc1,1.4066,4.076,6.4,2.342,1.322,564,73.7,290.7
PAMNIA,O=C1CCCN1c1cccc(c1)[N+](=O)[O-],1.4612,4.629,8.5,2.151,1.403,652,-282.5,289.1
ADAVIL,CCOc1ccc(cc1)/N=C/C=C/c1ccccc1[N+](=O)[O-],1.3066,4.009,5.9,2.075,1.412,680,-111.4,272.9
TADVAW,CC(/C=N/Nc1ccc(cc1[N+](=O)[O-])[N+](=O)[O-])C,1.3616,5.474,11.3,3.693,2.625,710,-36.6,298.4
NIKVAF,CO[C@H](c1ccc(cc1)[N+](=O)[O-])Nc1ccccn1,1.3495,4.401,7.2,2.137,1.478,691,-172.1,294.0
ZONKAO,CN(c1cccc(c1)OCCOc1ccc(cc1)[N+](=O)[O-])C,1.3479,4.275,6.8,1.942,1.44,741,-380.9,303.2
GUZKET,O=C(Cn1cccc(c1=O)[N+](=O)[O-])Nc1ccccc1,1.4987,4.647,8.7,2.262,1.299,574,-349.9,273.5
TAFMEV,COc1ccc(c(c1)[N+](=O)[O-])Nc1ncccn1,1.4764,5.011,10.0,2.652,1.69,637,-73.1,293.7
IQOMIL,N#CC(=C1C[C@H](c2ccco2)[C@H]([C@H](C1)c1ccco1)[N+](=O)[O-])C#N,1.3854,4.459,7.6,2.834,1.571,554,-52.1,209.3
TUSYAJ,[O-][N+](=O)[C@]1(C)N=NC[C@H]1[C@H]1CN=N[C@]1(C)[N+](=O)[O-],1.5401,6.61,17.9,4.307,3.39,787,135.3,133.8
MUDYOA,Oc1ccc(c(c1)O)/C=N/Nc1ccc(cc1)[N+](=O)[O-],1.5049,4.817,9.4,2.584,1.483,574,-262.1,307.6
UZEWED,[O-][N+](=O)N1CCCN=C1C([N+](=O)[O-])([N+](=O)[O-])[N+](=O)[O-],1.7183,8.262,30.0,6.285,4.304,684,36.0,108.2
SOJGED01,[O-][N+](=O)c1ccc(o1)/C=N\O,1.6278,6.719,19.2,4.9,2.814,574,-114.1,302.1
MAZXEQ,O=C1[C@H]2C[C@@H](c3c1cc(cc3)[N+](=O)[O-])C(=O)c1c2ccc(c1)[N+](=O)[O-],1.5876,4.782,9.6,3.0,1.292,430,-394.8,283.9
YAHREG,[O-][N+](=O)c1ccc(nc1)Oc1ccc2c(c1)cccc2,1.4004,4.086,6.4,2.433,1.229,505,-78.4,295.7
DIHNOY,C/C(=N\Oc1ccc(cc1)[N+](=O)[O-])/c1ccccc1,1.3649,4.402,7.3,2.716,1.663,612,-30.1,303.8
KEPVIK,[O-][N+](=O)c1c(cc2c3c1c1ccccc1c3ccc2)[N+](=O)[O-],1.547,4.511,8.4,3.457,1.325,383,39.9,241.9
TUSZOX,OC[C@H](Cn1nnc(c1)CNc1cccc(c1)[N+](=O)[O-])O,1.4086,5.027,9.7,2.305,1.761,764,-292.1,
DACYEL,[O-][N+](=O)c1c(C(=O)O)c([N+](=O)[O-])c(c(c1N)[N+](=O)[O-])N,1.863,7.58,26.5,4.362,2.638,604,-436.6,270.8
AGAXUD,[O-][N+](=O)c1ccc(cc1)Cc1ccncc1,1.3499,4.154,6.5,2.271,1.425,627,2.3,293.5
WEHCIX,N#C/C=C(\c1ccccc1)/Oc1ccc(cc1)[N+](=O)[O-],1.3596,4.146,6.5,2.783,1.405,505,14.7,289.7
FESNEW16,COc1ccc(cc1[N+](=O)[O-])[N+](=O)[O-],1.5965,6.37,17.0,4.609,2.606,565,-208.3,264.5
ZELPAK,CCOc1cccc(c1O)/C=N/NC(=O)c1ccc(cc1)[N+](=O)[O-],1.4204,4.512,7.9,2.231,1.366,612,-475.4,286.7
ROFHAV,O=C1C[C@@H]([C@@H]2O[C@H]1OC2)n1cc(c(n1)[N+](=O)[O-])[N+](=O)[O-],1.6899,6.645,19.2,4.162,2.462,591,-377.9,258.6
DAFGAS,[O-][N+](=O)C1([N+](=O)[O-])[C@@H]2[C@@H]3[C@@H]4[C@H]1[C@@H]1[C@H]2[C@H]3[C@H]4C1([N+](=O)[O-])[N+](=O)[O-],1.7174,7.178,22.6,5.511,3.165,574,-37.5,176.4
AMNTPY,[O-][N+](=O)c1cccnc1N,1.5555,5.826,14.0,3.396,2.189,644,-11.6,304.1
JULWAO20,[O-][N+](=O)c1ccc(cc1)/N=N/C1(C)C(=O)c2c(C1=O)cccc2,1.3877,4.332,7.2,2.674,1.356,507,-141.2,289.6
NATHAS,COc1cccc(c1)/C(=N/Nc1c(cc(cc1[N+](=O)[O-])[N+](=O)[O-])[N+](=O)[O-])/C,1.5178,5.695,13.2,4.163,2.299,552,-112.9,247.4
ROWHUI,O=C(c1ccccc1Oc1ccccn1)c1ccc(cc1)[N+](=O)[O-],1.4215,4.027,6.3,2.263,1.108,489,-243.3,288.7
FUHSEG,N#C/C(=C\c1ccccc1)/[N+](=O)[O-],1.3548,4.65,8.1,3.71,1.91,514,161.9,222.2
VEXFEJ,CCOC(=O)c1cc(cc2c1c1c(C2=O)cc(cc1[N+](=O)[O-])[N+](=O)[O-])[N+](=O)[O-],1.5967,5.601,13.2,3.617,1.727,477,-576.7,242.3
ZOHSOE,N#CCCN([N+](=O)[O-])CCC#N,1.3577,5.74,12.4,3.668,2.933,799,132.6,164.6
JAPKIU,NNc1c(cc(cc1[N+](=O)[O-])[N+](=O)[O-])[N+](=O)[O-],1.7751,7.754,27.0,5.537,3.445,622,50.7,246.6
XETYUS,CCc1nn(c(n1)N)c1ccccc1[N+](=O)[O-],1.3818,4.869,9.0,2.224,1.709,768,34.5,263.9
IGAGON,[O-][N+](=O)c1cc(ccc1/N=N/C([N+](=O)[O-])(C)C)[N+](=O)[O-],1.5121,6.413,16.6,4.946,3.033,613,13.8,96.2
VIRHEJ,[O-][N+](=O)/C=C/c1c(c2ccccc2)n(c2c1cccc2)C,1.312,3.646,4.9,1.733,1.116,644,-1.9,309.4
PESQOW,Cc1cccc(c1)c1nc2c(n1c1ccc(cc1)[N+](=O)[O-])cccc2,1.3411,3.536,4.7,1.501,0.919,612,10.2,290.3
OLOHEC,O=C1C=CC=C/C/1=C/Nc1ccc(cc1O)[N+](=O)[O-],1.5038,4.619,8.6,2.616,1.362,520,-292.6,294.3
SAFMAQ,[O-][N+](=O)c1cc2nn[nH]c2c(c1)[N+](=O)[O-],1.6449,6.827,19.9,4.932,2.774,562,175.1,280.4
SUVQOP,OCCCc1c[nH]c2c1cc(cc2)[N+](=O)[O-],1.3819,4.383,7.3,1.909,1.36,712,-305.5,305.4
URICOP,[O-][N+](=O)c1ccc(cc1)c1nccc(n1)c1ccccc1,1.4188,4.002,6.2,2.036,1.152,565,80.3,293.0
QEVFEC,O=C(c1ccccc1)/C=c/1\[nH]c2cc(ccc2oc1=O)[N+](=O)[O-],1.498,4.307,7.5,2.492,1.08,433,-439.4,290.1
XATZUO,O=C(c1ccccc1)N/N=C/c1ccc(cc1)[N+](=O)[O-],1.3834,4.372,7.3,2.457,1.431,582,-64.7,293.2
KEZMEK,Cc1ncc(n1C)c1ccc(cc1)[N+](=O)[O-],1.3681,4.405,7.3,2.013,1.454,722,-46.8,296.5
TNIOAN,[O-][N+](=O)c1cc([N+](=O)[O-])c(c(c1)[N+](=O)[O-])N,1.7734,7.535,25.4,5.228,3.081,589,-80.1,283.6
CAYMAR,[O-][N+](=O)c1cccc2c1nc(NCc1ccccc1)cc2,1.3476,3.898,5.7,1.812,1.164,642,22.1,280.2
MAYKIJ,O[C@@H]1CN2C[C@H]3[C@@]([C@H]2[C@H]2[C@@H]1OC(O2)(C)C)(C3)[N+](=O)[O-],1.4147,4.896,9.3,2.06,1.708,829,-653.1,266.2
PABPUD,CN(CCCNc1c(cnc2c1cccc2)[N+](=O)[O-])C,1.3087,4.235,6.6,1.565,1.407,898,-54.6,311.6
KOFKUM,[O-][N+](=O)c1ccc(cc1)/C=C\c1cccc(c1)[N+](=O)[O-],1.4257,4.697,8.6,3.522,1.752,497,-16.6,287.3
VEGHEU,O=C1CN(C(=O)CN1[N+](=O)[O-])[N+](=O)[O-],1.8385,8.102,30.1,5.056,3.331,658,-240.6,148.7
LATWOS,O=C(c1c2nonc2c(cc1[N+](=O)[O-])[N+](=O)[O-])C(=O)c1ccccc1,1.6316,5.934,15.0,4.437,2.034,458,2.9,251.1
LIVWET02,O=C(Cn1ccnc1[N+](=O)[O-])NCc1ccccc1,1.3952,4.635,8.2,2.16,1.488,688,-163.8,292.1
CANXIA,OCC(C([N+](=O)[O-])(CO)CO)([N+](=O)[O-])CO,1.6901,7.039,21.6,3.786,2.826,746,-939.4,160.0
XUGNIW,COc1ccc(cc1)/N=N/c1ccc(cc1)[N+](=O)[O-],1.4064,4.708,8.5,2.888,1.761,609,16.6,294.1
WERVEU02,NC(=O)N/N=C/c1ccc(o1)[N+](=O)[O-],1.5918,6.194,16.1,3.603,2.241,622,-210.5,306.9
GEPPUN,CCN(c1ccccc1)C(=O)COc1ccc(cc1)[N+](=O)[O-],1.3005,3.977,5.8,1.78,1.195,671,-433.5,306.5
OBUWUF,O=C(c1ccc(cc1)[N+](=O)[O-])N/N=C/c1c(O)ccc2c1cccc2,1.4338,4.19,6.9,2.175,1.163,534,-238.8,286.5
PORFUZ,Cc1ccc2c(c1)[n+]([O-])cc(c2)[N+](=O)[O-],1.4417,4.986,9.7,3.615,1.984,548,11.9,282.6
VEKNUV,N=C1OC2(CCCC2)Nc2c1cc(cc2)[N+](=O)[O-],1.4219,4.525,7.9,1.899,1.377,725,-256.6,303.0
BIPJUF,[O-][N+](=O)c1cc(ccc1C(=O)O)[N+](=O)[O-],1.6734,6.434,17.9,4.01,2.118,528,-422.0,247.0
SAXBUR,[O-][N+](=O)c1c(onc1c1ccccc1)c1ccccc1,1.4311,4.369,7.4,3.005,1.518,505,73.8,276.3
SAWNAH,[O-][N+](=O)c1cc(no1)C(=O)OC,1.6138,6.675,18.8,4.386,2.57,586,-320.9,274.2
HIPSII,Cc1ccc(cc1)N1C[C@H]2[C@]3(C1)C=C[C@]([C@@H]2C)(O3)[N+](=O)[O-],1.3613,4.166,6.5,1.794,1.404,782,-212.4,256.9
WEFBAM,Nc1ccc(cc1NCc1ccccc1)[N+](=O)[O-],1.3596,4.19,6.6,1.794,1.322,737,-47.6,307.3
OCOMOK,OC(=O)CCNc1ccc(cc1)[N+](=O)[O-],1.4114,4.696,8.5,2.186,1.399,639,-508.4,312.7
AZAGAJ,[O-][N+](=O)c1cc(ccc1N/N=C/1\C[C@H]2C[C@@H]1c1c2cccc1)[N+](=O)[O-],1.3898,4.723,8.5,3.058,1.823,596,66.3,299.6
CANKIL,CNC1=NC(=C(/C/1=N\c1ccccc1)[N+](=O)[O-])NC,1.3527,4.666,8.2,2.136,1.662,778,69.8,341.3
EYOVIX,COc1c2nonc2c2c(c1[N+](=O)[O-])non2,1.767,7.409,24.5,5.758,3.129,543,312.2,250.3
ZAPDUR,Nc1ccc(cc1)C(=O)N/N=C/c1cccc(c1)[N+](=O)[O-],1.4596,4.635,8.5,2.292,1.446,630,-74.6,288.1
CUNTOU,CC(=O)/C(=N/Nc1ccccc1[N+](=O)[O-])/C,1.3639,4.897,9.0,2.706,1.919,709,-127.5,303.9
YELPUD,CCOC(=O)C(=O)c1cnoc1c1ccc(cc1)[N+](=O)[O-],1.4868,4.98,9.9,3.094,1.553,501,-511.6,286.1
NUKBOK,[O-][N+](=O)c1ccc2c(c1)C(C)(C)NC2(C)C,1.2473,3.711,4.9,1.144,1.048,915,-232.0,296.0
YEJCOH,COC(=O)c1ccc(c(c1)[N+](=O)[O-])NC,1.4511,4.922,9.5,2.454,1.57,639,-452.3,306.7
ACEMUR,[O-][N+](=O)c1cc(ccc1N/N=C/c1ccc2c(c1)OCO2)[N+](=O)[O-],1.5967,5.584,13.1,3.78,1.924,508,-161.4,296.1
MUBGUM,O=C1C=CC(=C/C/1=C/NCCN1CCOCC1)[N+](=O)[O-],1.3724,4.682,8.3,2.038,1.635,802,-398.8,313.1
YIKCIE,COc1ccc(cc1)N(c1c([N+](=O)[O-])c(C)nc2n1ncn2)C,1.4627,5.039,10.0,2.472,1.763,713,50.9,254.7
NEMLIA,COc1cc(/C=N/Nc2ccc(cc2)[N+](=O)[O-])ccc1O,1.4429,4.72,8.7,2.528,1.578,624,-241.8,310.0
FIWGEY,CC1(C)N=C([C@@H]2N1[C@H]2c1ccc(cc1)[N+](=O)[O-])c1ccccc1,1.2629,3.75,5.0,1.693,1.234,729,36.1,296.1
DEJWEU,CCOC(=O)/C(=C(/O)\C)/c1ccc(cc1[N+](=O)[O-])[N+](=O)[O-],1.4445,5.197,10.6,3.165,1.796,567,-714.3,269.5
QQQAIY04,[O-][N+](=O)c1ccc(cc1)/C=N/c1ccccc1,1.3152,4.034,6.0,2.406,1.43,594,60.2,290.7
LEWJUS,[O-][N+](=O)C[C@]1(O)C(=O)c2cc(ccc2c2c1cc(cc2)[N+](=O)[O-])[N+](=O)[O-],1.6338,5.686,13.8,3.673,1.776,483,-461.2,216.1
VUJVOL,CCn1c2ccc(cc2c2c1cccc2)[N+](=O)[O-],1.3615,3.796,5.4,1.623,1.06,653,-94.2,305.6
LEDYOK,COC(=O)CNC(=O)c1ccc(c(c1)[N+](=O)[O-])OC,1.4564,4.888,9.4,2.475,1.448,584,-791.1,273.3
TIVMUH,O=C(Nc1cccc(c1)C)Nc1ccc(cc1)[N+](=O)[O-],1.3818,4.081,6.3,1.628,1.076,661,-284.3,302.5
YEFFAR,COc1ccc(cc1)/C=N/Nc1ccc(cc1[N+](=O)[O-])[N+](=O)[O-],1.4925,5.3,11.3,3.585,2.033,566,-76.3,299.0
HULJON,[O-][N+](=O)c1ccc(cc1)NN=C1CCCC1,1.2852,4.486,7.3,2.208,1.806,817,0.0,309.1
EDOREW,N#[N+]/N=C\1/C(=CC2=[NH+]N=NC2=C1[N+](=O)[O-])[N+](=O)[O-],1.7724,7.643,26.2,5.651,3.291,582,580.1,237.6
VIKYUJ,[O-][N+](=O)C1([N+](=O)[O-])[C@@H]2[C@@H]3[C@@H]4[C@H]1[C@@H]1C([C@H]2[C@H](C3)[C@H]41)([N+](=O)[O-])[N+](=O)[O-],1.7288,6.992,21.6,5.099,2.977,583,-140.1,126.4
DELZAV,O=C1[C@](C)(O)[C@H]([N+](=O)[O-])C(=C[C@]1(O)c1ccccc1)[N+](=O)[O-],1.5341,5.385,11.9,3.372,1.839,545,-612.5,154.1
UGUHEJ,CC(=O)Nc1cccc(c1)[N+](=O)[O-],1.4249,4.763,8.8,2.416,1.502,622,-290.8,290.9
QOQWUO,O=Cc1cn(nc1c1cc(C)ccc1O)c1ccc(cc1[N+](=O)[O-])[N+](=O)[O-],1.513,4.969,10.0,3.269,1.591,486,-251.4,243.0
SAWBOH,[O-][N+](=O)c1cc(cc(c1C(=O)N)[N+](=O)[O-])[N+](=O)[O-],1.7375,7.218,23.1,4.833,2.748,568,-231.8,249.4
CAJTEM,[O-][N+](=O)c1ccc2n(c1)c(cn2)c1ccccc1,1.3822,4.25,6.9,2.464,1.385,562,105.3,295.8
FULKUS,[O-][N+](=O)c1cccc2c1[nH]nc2,1.5603,5.433,12.2,3.504,1.925,549,87.4,308.0
IHOGER,C[C@@H]([C@@H](c1ccccc1)CC#N)OC(=O)c1ccc(cc1)[N+](=O)[O-],1.2719,3.745,5.0,1.726,1.073,622,-408.3,284.7
ZUGPUM,[O-][N+](=O)[C@]12CN(C[C@@]2(CN(C1)[N+](=O)[O-])[N+](=O)[O-])[N+](=O)[O-],1.8078,8.231,30.7,5.69,3.928,690,-95.3,149.5
YALQEK,Cn1nc(c(n1)[N+](=O)[O-])N,1.5763,6.944,20.1,4.134,3.237,782,107.5,323.3
HABZIT,N#CCC[C@]1(CCCCCCC1=O)[N+](=O)[O-],1.2638,4.326,6.7,1.752,1.576,899,-333.1,151.3
WIGTOX,CC(=O)Cn1c(C)ncc1[N+](=O)[O-],1.4007,5.229,10.5,2.681,1.968,734,-234.9,320.3
LOLHOK,[O-][N+](=O)c1ccc(cc1)n1nnc(c1)c1ccccc1,1.4839,4.637,8.6,2.608,1.537,589,210.3,291.0
GAQMOB,Cn1cc2c(n1)c(ccc2)[N+](=O)[O-],1.4842,5.244,11.0,3.201,2.025,632,82.9,282.0
XAHMIE01,[O-][N+](=O)N1CN([N+](=O)[O-])c2c(N(C1)[N+](=O)[O-])non2,1.892,9.098,38.5,6.682,4.609,689,375.5,100.1
OSIDEB,O=C(c1ccc(cc1)[N+](=O)[O-])OCN1C(=O)c2c(C1=O)cccc2,1.4841,4.237,7.2,2.059,0.919,446,-737.7,286.4
CACBUF,CC(=O)Nc1c(C)cc(cc1[N+](=O)[O-])C,1.295,4.192,6.4,1.685,1.269,753,-375.2,260.0
VIMFUV,[O-][N+](=O)c1c(ccc2c1non2)Nc1ccc(cc1)C(=O)C,1.5415,5.158,10.9,3.416,1.797,526,50.5,298.2
YUNJOG,OCC#CC#CCNc1ccc(cc1C)[N+](=O)[O-],1.3651,4.807,8.7,3.506,2.252,642,130.1,309.3
EYOGAC,O=C1C=CC(=C/C/1=C/NCCN1CCOCC1)[N+](=O)[O-],1.3724,4.682,8.3,2.038,1.635,802,-398.8,313.1
MAYKAB,C#CCN1[C@@H](C[N+](=O)[O-])[C@H]2[C@@H]([C@H]1[C@@H](O)C)OC(O2)(C)C,1.2846,4.667,7.9,2.154,1.867,867,-597.7,
YAHDIW,[O-][N+](=O)c1cccc(c1)NCc1ccccc1,1.3298,4.004,5.9,1.926,1.324,687,-44.5,294.6
IQOPIO,N#CC(=C(C[C@H](c1ccccc1)C[N+](=O)[O-])C)C#N,1.2189,4.063,5.7,2.299,1.615,702,102.6,231.6
REZGEL,COc1ccc(cc1)C(=O)N(c1ccc(cc1)[N+](=O)[O-])C,1.3563,4.184,6.6,2.041,1.278,626,-383.8,295.2
FOMQEE,COc1c([N+](=O)[O-])c(cc(c1OC(=O)C)C)/C=C(/[N+](=O)[O-])\C,1.4447,5.211,10.7,3.376,1.951,577,-650.3,240.9
RAMSAZ,[O-][N+](=O)c1ccc(cc1)CN1[C@@H]2[C@H]1COCOC2,1.37,4.844,8.9,2.731,1.957,716,-284.6,296.5
CODYAX,[O-][N+](=O)c1ccc(cc1)/N=N/c1ccc(c(c1)C(=O)O)O,1.5398,4.858,9.7,2.718,1.325,487,-409.1,292.0
OGEPUM01,O=C(c1ccc(cc1)[N+](=O)[O-])Nc1cccc2c1nccc2,1.4773,4.139,6.8,1.973,1.055,535,-147.4,289.2
PICRAC17,[O-][N+](=O)c1cc([N+](=O)[O-])c(c(c1)[N+](=O)[O-])O,1.789,7.62,26.2,5.323,2.994,562,-227.3,255.2
HOTFEC,O=C(c1cccc(c1O)[N+](=O)[O-])Nc1ccccc1,1.4535,4.369,7.5,2.289,1.192,520,-376.9,315.7
BYPOXO,O=C1OC(=N/C/1=C\c1ccc(cc1[N+](=O)[O-])[N+](=O)[O-])c1ccccc1,1.5349,4.974,10.1,3.338,1.488,445,-254.5,257.6
JUNBEB,[O-][N+](=O)c1nnc2n(c1N)nc(c2[N+](=O)[O-])[N+](=O)[O-],1.9461,8.651,35.4,5.877,3.657,622,360.4,248.7
TACGIN,[O-][N+](=O)c1cnn(c1)Cn1ncc(c1)[N+](=O)[O-],1.5696,6.544,17.8,4.703,2.876,611,195.4,310.1
MICMAM,CCCNc1ccc(cc1[N+](=O)[O-])[N+](=O)[O-],1.4432,5.587,12.2,3.544,2.469,696,-170.0,299.7
CUBKAN,COc1ccc(cc1)N1C(=O)c2c(C1=O)cc(cc2)[N+](=O)[O-],1.5271,4.418,8.0,2.423,1.092,450,-489.8,280.9
UGUGIM,[O-][N+](=O)N1CN([C@H]2[C@@H]1N(CN2[N+](=O)[O-])[N+](=O)[O-])[N+](=O)[O-],1.8614,9.025,37.6,6.431,4.654,723,179.5,142.8
LEFRAP,[O-][N+](=O)C1CN(CN(C1)[N+](=O)[O-])[N+](=O)[O-],1.7247,8.167,29.4,5.805,4.265,734,-57.5,160.6
DIBRUE,[O-][N+](=O)Nc1nonc1c1nnc(o1)/N=N/c1nnc(o1)c1nonc1N[N+](=O)[O-],1.7674,7.988,28.5,5.828,3.557,610,839.2,125.6
DMNPPO,O=C1C[C@](C(=O)N1C)(C)c1ccccc1[N+](=O)[O-],1.3887,4.27,7.0,1.826,1.154,632,-514.6,256.2
XAVMOW,ONC(=O)c1ccc(cc1)[N+](=O)[O-],1.584,5.818,14.1,3.724,2.062,553,-246.2,285.5
EYEFOE,COc1ccc(c(c1)O)/C=N/c1cc([N+](=O)[O-])c(cc1N)[N+](=O)[O-],1.571,5.388,12.1,3.327,1.795,539,-349.9,248.5
BORHIA,O=C(N/N=C/c1ccc(o1)[N+](=O)[O-])NCCc1ccccc1,1.4103,4.727,8.6,2.359,1.574,667,-255.0,307.0
PAWGUR,[O-][N+](=O)C(Cc1c[nH]c2c1cccc2)(C)C,1.2412,3.727,4.9,1.337,1.098,821,-192.2,228.3
CUKRUW,[O-][N+](=O)c1ccc(cc1)c1ncc2n1nc(o2)C1CCC1,1.4318,4.821,9.1,2.82,1.778,630,75.3,299.1
SEKHEW,C#[N+]C(CC([N+](=O)[O-])(C)C)(C)C,1.1485,4.42,6.5,1.943,2.047,1053,-153.3,206.1
KUBPUS,[O-][N+](=O)N1CCCCNC1=C([N+](=O)[O-])[N+](=O)[O-],1.5971,7.285,22.3,5.418,3.807,702,-47.6,119.5
DAVXUT,[O-][N+](=O)C1=C(C)[C@](C)([N+](=O)[O-])C(=O)[C@@]([C@@]1(C)[N+](=O)[O-])(C)O,1.4955,6.132,15.1,4.141,2.678,646,-615.9,95.7
SAWBUN,[O-][N+](=O)c1cc(cc(c1C(=O)O)[N+](=O)[O-])[N+](=O)[O-],1.7858,7.346,24.3,4.797,2.613,544,-410.2,256.8
WAHLIA,CN1[C@H]2CCCC[C@H]2O[C@H]1c1ccc(cc1)[N+](=O)[O-],1.2799,3.991,5.7,1.481,1.266,854,-337.4,293.9
YIDPIM,O=Cc1ccccc1[N+]1=Nc2c([N+]1=O)cc(cc2)[N+](=O)[O-],1.5499,5.247,11.3,3.879,1.835,473,132.2,292.5
VINMAG,COc1ccc(cc1)/N=N/c1cccc2c1c(ccc2)[N+](=O)[O-],1.3789,4.291,7.0,2.567,1.498,583,62.6,256.2
YAHQUV,Cc1ccc(cc1)Oc1ccc(cn1)[N+](=O)[O-],1.3827,4.429,7.5,2.595,1.515,584,-128.8,296.7
OJUNEM,CN(/N=C(/c1ccc(cc1)[N+](=O)[O-])\C=N\N(C)C)C,1.2164,4.8,8.0,2.545,2.383,936,185.8,297.4
UZEWAZ,[O-][N+](=O)N1[C@H]2OCCO[C@H]2N=C1C([N+](=O)[O-])([N+](=O)[O-])[N+](=O)[O-],1.7815,8.304,31.0,5.913,3.907,660,-201.0,118.4
SAMROP,CN/C(=N\[N+](=O)[O-])/NC[C@H]1COCC1,1.3939,5.497,11.6,2.258,2.253,997,-269.3,206.1
ESIRIJ,[O-][N+](=O)c1cccc2c1CN2,1.425,5.271,10.8,3.997,2.387,597,115.9,294.4
WAKWEK,[O-][N+](=O)c1c(c2ccccc2)n(c2c1cc(cc2)[N+](=O)[O-])C,1.4419,4.683,8.6,3.055,1.612,527,-60.2,293.4
LAGVEU,CC(=O)O[C@H]1N([N+](=O)[O-])c2ccccc2C(=O)N1[N+](=O)[O-],1.5983,6.09,15.6,3.714,2.108,567,-460.6,99.3
TIMKIL,CN1N=C([C@@H]2C[C@@]1(O)CCC2)c1cccc(c1)[N+](=O)[O-],1.381,4.381,7.3,1.717,1.398,814,-253.4,293.1
CUVXOG,[O-][N+](=O)C(CC([N+](=O)[O-])([N+](=O)[O-])[N+](=O)[O-])CC([N+](=O)[O-])([N+](=O)[O-])[N+](=O)[O-],1.9079,9.073,38.5,6.122,4.164,680,-205.2,121.9
IJESUL01,N#C/C(=C(\N(C)C)/N=C(/N(C)C)\C)/[N+](=O)[O-],1.2704,5.034,9.1,2.263,2.251,995,25.6,245.7
ABENAX,COC(=O)c1cc(cc(c1O)[N+](=O)[O-])[N+](=O)[O-],1.6917,6.411,17.9,3.725,2.068,555,-613.2,263.4
BOCYOI,O=NN(c1ccccc1)c1ccc(cc1)[N+](=O)[O-],1.4134,4.851,9.1,3.421,1.891,552,105.8,295.6
JAYZOB,O=C(N(c1ccccc1)OC(=O)C)c1ccc(cc1)[N+](=O)[O-],1.3605,4.336,7.1,2.595,1.356,522,-430.8,288.9
YITJUG,CCOC(=O)C1=C(C)NC(=O)/C/1=C\c1ccc(cc1)[N+](=O)[O-],1.4093,4.28,7.1,1.962,1.164,593,-616.8,292.9
MAPPUQ,CC(=O)O[C@H]1NC(=C([N+](=O)[O-])[N+](=O)[O-])N[C@@H]1OC(=O)C,1.682,6.453,18.1,3.158,2.073,656,-886.7,285.0
UPAJIF,[O-][N+](=O)c1cccc2c1nccc2,1.4544,4.66,8.6,3.115,1.604,514,58.4,267.9
UHIPOS,O=C1Nc2c([C@@]1(O)Cc1onc(c1[N+](=O)[O-])C)cccc2,1.4875,4.868,9.5,2.738,1.485,542,-418.1,315.2
YAWHUB,COc1ccc(cc1)NCc1ccc(cc1)[N+](=O)[O-],1.3427,4.218,6.6,2.074,1.44,694,-190.5,293.6
RUWCIV,[O-][N+](=O)c1cc(ccc1N(c1ccccc1)C)[N+](=O)[O-],1.4468,5.05,10.0,3.46,1.987,574,-22.7,247.8
RUVTAD01,O[C@@H]1CCCC[C@H]1Nc1ccc(cc1)[N+](=O)[O-],1.3328,4.122,6.3,1.402,1.197,853,-394.7,313.2
TABZII,CC1=NN([C@H](C1)c1ccccc1O)C(=O)c1ccc(cc1)[N+](=O)[O-],1.3359,4.098,6.2,1.964,1.218,620,-329.2,292.2
QECQUN,NC(=C([N+](=O)[O-])[N+](=O)[O-])N1N=C(C[C@@]1(C)O)C,1.4405,6.2,15.0,4.072,2.977,731,-211.8,252.6
WUVXIU,[O-][N+](=O)c1ccc2c(c1)OC[C@H]1N2CCO1,1.5179,5.11,10.6,2.829,1.712,605,-339.4,307.0
FEYLUQ01,[O-][N+](=O)N1CCN(c2c1non2)[N+](=O)[O-],1.8301,8.559,33.5,6.391,4.307,673,305.3,99.4
SUBWIV,N#CC(=NNc1ccc(cc1)[N+](=O)[O-])C#N,1.4343,5.345,11.1,4.212,2.193,520,421.9,290.7
OBUXOA,CCCNc1ccc(cc1[N+](=O)[O-])C#N,1.2953,4.534,7.5,2.318,1.772,764,-8.5,300.6
VIZMAU,CN(C1=N/C(=N\c2ccccc2[N+](=O)[O-])/c2c1cccc2)C,1.3768,4.208,6.7,1.961,1.344,685,93.1,275.8
PUBMUU20,[O-][N+](=O)N1[C@@H]2N([C@@H]3[C@H]1N([N+](=O)[O-])[C@@H]1N([C@H]2N([N+](=O)[O-])[C@@H]1N3[N+](=O)[O-])[N+](=O)[O-])[N+](=O)[O-],2.04,9.564,44.4,6.401,4.419,690,305.2,146.2
XOJMIT01,[O-][N+](=O)c1ccc(cc1)N/N=C/c1ccc[nH]1,1.376,4.82,8.8,2.771,1.888,681,153.8,310.7
UFEFAM,[O-][N+](=O)c1ccc(c2c1non2)N1CCCCCC1,1.4436,5.355,11.2,3.124,2.403,769,93.2,299.8
VIGPIN,N#C[C@@H]1O[C@H]2[C@@H]([C@@H]1C[N+](=O)[O-])C[C@](CO2)(C)[N+](=O)[O-],1.5273,5.834,13.9,3.569,2.359,661,-484.2,217.7
ROTXUV,[O-][N+](=O)c1cccc(c1)c1cnc(nc1)N1CCOCC1,1.4585,4.657,8.6,2.073,1.46,704,-132.7,290.7
ISAJER,O=C(c1ccc(cc1)[N+](=O)[O-])[N-][N+]#N,1.5826,5.941,14.7,4.122,2.163,524,109.8,283.6
XENGAZ,COc1ccccc1/N=C/C=C/c1ccccc1[N+](=O)[O-],1.3139,4.122,6.2,2.388,1.517,635,-52.1,272.6
PUFMEJ,[O-][N+](=O)c1ccccc1N/N=C/c1ccco1,1.4525,5.038,10.0,3.351,1.949,581,48.5,310.9
WEKGUP,[O-][N+](=O)C1=CC(=[N+]([O-])[O-])[N+](=O)C(=C1)[N+](=O)[O-],1.8746,8.558,33.9,6.621,3.869,584,99.3,245.1
VIKWER,C[C@@H]1[C@@H]([C@@]1([N+](=O)[O-])[C@]1([N+](=O)[O-])[C@H]([C@H]1C)C)C,1.2874,5.319,10.2,3.372,2.98,883,-198.4,228.2
DOWGUR,C[C@@H](C(C)(C)C)[C@@H]1ON=C(C1)c1ccc(cc1)[N+](=O)[O-],1.2324,4.007,5.6,1.632,1.456,892,-275.0,293.6
IKACIH,O=C1OC(C)(C)OC(=O)C1=CNc1ccc(cc1)[N+](=O)[O-],1.4486,4.499,8.0,2.138,1.148,536,-830.1,294.6
SAQZAK,[O-][N+](=O)Cn1nnc(n1)[N+](=O)[O-],1.7998,8.737,34.5,6.173,4.37,707,241.3,170.5
SINRUC,O=Cc1cccn1c1ccc(cc1)[N+](=O)[O-],1.4803,4.666,8.7,2.899,1.503,518,-99.4,291.9
JELTEC,[O-][N+](=O)c1ccc(cc1)n1nnc(c1)Cc1ccccc1,1.3843,4.373,7.3,2.349,1.503,639,174.2,
RIQRIV,Oc1ccc2c(c1Nc1ccc(cc1)[N+](=O)[O-])cccc2,1.3909,3.907,5.8,1.92,1.075,559,-188.0,314.0
QARHEZ,CCCN1[C@@H]2[C@@]1([N+](=O)[O-])C(=O)N(c1c2cccc1)C,1.3281,4.402,7.2,1.973,1.523,772,-210.6,220.5
MEPQAA,[O-][N+](=O)c1ccc(c2c1non2)NCCc1ccccn1,1.4521,5.18,10.6,3.282,2.063,628,210.0,301.6
HUYGIT,COc1ccc(cc1)/C(=C/C=C/c1ccc(cc1)[N+](=O)[O-])/C#N,1.3219,3.938,5.7,2.305,1.349,585,-20.2,294.0
IDEHAD,[O-][N+](=O)c1c(C)cc[nH]c1=O,1.5266,5.47,12.2,3.281,1.908,581,-221.9,269.5
QIKDAP,Nc1ccc(c(c1)N)[N+](=O)[O-],1.552,5.544,12.7,2.654,1.942,731,-77.6,334.1
RUBYAQ,C=CCN(C(=O)c1cc(cc(c1)[N+](=O)[O-])[N+](=O)[O-])CC=C,1.3888,5.136,10.1,3.545,2.182,615,-177.6,277.7
RUTFET,Oc1ccc2c(c1/C=N/N=C/c1ccc(cc1)[N+](=O)[O-])cccc2,1.3993,4.12,6.5,2.267,1.273,561,-2.2,291.3
POQFIM,COc1ccc(cc1)/N=N/c1ccccc1[N+](=O)[O-],1.3913,4.72,8.5,3.0,1.83,609,45.6,272.6
ZEVQUM,[O-][N+](=O)C1CN(C1)[N+](=O)[O-],1.6222,7.823,25.9,6.115,4.425,723,-2.3,169.8
POZGER,[O-][N+](=O)c1cccc(c1)n1nncc1c1ccccc1,1.3125,4.286,6.7,2.613,1.54,589,211.5,285.4
SIZLUL,COc1ccc(c(c1)[N+](=O)[O-])NCc1ccccc1,1.339,4.212,6.6,2.078,1.442,694,-189.5,311.6
REZFUA,CN(C(=O)c1ccccc1)c1ccc(cc1)[N+](=O)[O-],1.3283,4.022,6.0,2.028,1.241,612,-206.5,294.3
SUYREK,COC(CN1CCN/C/1=C\[N+](=O)[O-])OC,1.4143,5.492,11.7,2.44,2.266,928,-437.9,364.1
UZEWIH,CC(=O)O[C@H]1N=C(N([C@@H]1OC(=O)C)[N+](=O)[O-])C([N+](=O)[O-])([N+](=O)[O-])[N+](=O)[O-],1.6209,7.276,22.4,4.782,3.1,648,-727.2,111.1
RAQROR,O=[N+]1O[N-]C2=C1[C@@H]1[C@H]3C=C[C@@H]([C@@]1(C1=C2[N+](=O)O[N-]1)[N+](=O)[O-])C3,1.6805,6.811,20.1,5.745,3.058,532,411.8,161.9
YOWLUS,CCNc1nc(OC)nc(=C([N+](=O)[O-])[N+](=O)[O-])[nH]1,1.5504,6.389,16.8,3.881,2.695,694,-210.5,260.6
YIDLEC01,[O-][N+](=O)/C=C/c1ccc(c(c1)[N+](=O)[O-])O,1.6038,6.107,15.7,4.325,2.306,533,-212.6,288.9
ULECOF,COC1=C(C)C(=O)N([C@H]([C@@]1(C)O)c1ccc(cc1)[N+](=O)[O-])C,1.3448,4.261,6.8,1.729,1.265,731,-680.2,295.9
XIDGIB,CON([C@H]1CCCC[C@H]1N(C=O)OC)/C=C/[N+](=O)[O-],1.317,5.382,10.6,3.001,2.707,902,-389.9,318.7
KEPFAN,Cc1ccc(cc1)c1onc(c1)CN1CCN/C/1=N\[N+](=O)[O-],1.3604,4.766,8.5,2.409,1.792,743,-0.3,202.0
IJUKII,O=C(c1ccccc1O)N/N=C/c1ccc(c(c1)[N+](=O)[O-])O,1.4809,4.689,8.8,2.587,1.347,520,-430.8,321.1
MTNANL,CN(c1c(cc(cc1[N+](=O)[O-])[N+](=O)[O-])[N+](=O)[O-])[N+](=O)[O-],1.7315,7.746,26.5,5.84,3.532,604,-12.5,113.6
XETJOX,COc1cc(n2nncc2)c(cc1[N+](=O)[O-])[N+](=O)[O-],1.5829,6.312,16.6,4.578,2.611,570,69.6,256.6
HAMYAY,C/C(=C/1\N=C(OC1=O)c1ccccc1)/NC(=O)c1cccc(c1)[N+](=O)[O-],1.4497,4.163,6.8,1.993,1.017,510,-509.8,285.6
JABMAD01,[O-][N+](=O)n1ncc(c1)n1cnnn1,1.7284,7.575,25.3,5.468,3.552,649,527.8,154.4
HEXXUE,COc1ccccc1NC(=O)c1cc(C)cc(c1O)[N+](=O)[O-],1.438,4.361,7.4,2.007,1.19,593,-603.3,316.3
NOSNUE,[O-][N+](=O)OCCOC(=O)c1cccnc1,1.4539,5.445,11.7,3.396,1.973,581,-446.5,148.9
PUTCEM,[O-][N+](=O)c1cc(cc2c1N=[N+]1[N+]2=Nc2c1cc(cc2[N+](=O)[O-])[N+](=O)[O-])[N+](=O)[O-],1.8298,7.309,24.4,5.264,2.735,519,376.9,266.0
VOPZAB,[O-][N+](=O)c1c(C)cc2n1cccc2,1.4212,4.719,8.6,2.77,1.762,636,3.8,331.5
PABBOJ,[O-][N+](=O)c1cc(cc(c1n1nnc2c1c(cc(c2)[N+](=O)[O-])[N+](=O)[O-])[N+](=O)[O-])[N+](=O)[O-],1.7559,7.31,23.8,5.386,2.872,533,202.6,250.0
GIGQUI01,COc1c([N+](=O)[O-])c(OC)c(c(c1[N+](=O)[O-])OC)[N+](=O)[O-],1.6185,6.936,20.4,5.028,3.066,609,-452.9,223.2
NEHPOG,COc1ccc(cc1)/C(=N\Nc1ccc(cc1[N+](=O)[O-])[N+](=O)[O-])/[N+](=O)[O-],1.5008,5.751,13.3,4.281,2.324,542,-82.9,220.8
GOZFIM,CN1Cc2ccccc2N[C@H]1c1ccccc1[N+](=O)[O-],1.3636,4.098,6.3,1.735,1.3,749,-16.8,280.2
PAMGIT,N#CC(C(c1ccccc1)(C)C)(/N=N/c1ccc(cc1)[N+](=O)[O-])C#N,1.2962,4.298,6.7,2.505,1.685,672,350.9,282.8
VAZMEP,[O-][N+](=O)c1ccnc2c1[nH]cn2,1.5116,5.472,12.1,3.411,1.863,546,74.7,289.8
JULHED,[O-][N+](=O)c1ccccc1/C=N/N=C/c1ccccc1[N+](=O)[O-],1.4507,5.123,10.3,3.903,2.053,526,195.6,269.4
XIDPEF,CC(=O)N1CCc2c1ccc(c2)[N+](=O)[O-],1.3934,4.468,7.6,2.114,1.378,652,-290.2,302.1
SAPGAS,CCOC(=O)c1cc(cc(c1O)[N+](=O)[O-])[N+](=O)[O-],1.5614,5.895,14.4,3.503,1.992,568,-663.4,263.7
GAKXAT,[O-][N+](=O)c1cccc(c1)/C=N/n1cnnc1,1.4873,5.554,12.3,3.727,2.307,619,325.1,286.6
WAKSUX,[O-][N+](=O)/N=C(/N([N+](=O)[O-])C)\N,1.6441,8.165,28.5,5.761,4.551,790,37.9,143.2
BIHVOE,[O-][N+](=O)c1cc(ccc1OCCOc1ccc(cc1[N+](=O)[O-])[N+](=O)[O-])[N+](=O)[O-],1.6571,6.481,18.0,4.576,2.471,540,-393.0,264.9
MUFJOO,O=Cc1c(ccc2c1cccc2)Oc1ccc(cc1[N+](=O)[O-])[N+](=O)[O-],1.4955,4.741,9.0,3.399,1.464,430,-259.8,261.7
HDNBPP,[O-][N+](=O)c1cc(cc2c1O[C@H]1OCCC[C@H]1C2)[N+](=O)[O-],1.5,5.307,11.3,3.473,1.944,559,-481.9,265.2
PUQQIC,C/C(=N\Nc1ccc(cc1[N+](=O)[O-])[N+](=O)[O-])/c1cc2ccccc2oc1=O,1.5759,5.116,10.9,3.297,1.605,486,-241.1,296.5
JOYRAQ,C=CCn1c(nc2c(c1=O)cccn2)c1ccc(cc1)[N+](=O)[O-],1.3995,4.291,7.1,2.209,1.285,581,-45.0,288.5
LANWUU,O=C(c1ccc(cc1)[N+](=O)[O-])N/N=C/c1cccc(c1)[N+](=O)[O-],1.4518,5.03,10.0,3.579,1.787,499,-88.0,285.4
TIXPEV,O/N=C(\n1nc(cc1N)C)/c1cccc(c1)[N+](=O)[O-],1.3826,5.139,10.0,3.028,2.078,686,64.8,292.1
VIWTAW,N#Cc1ccc(cc1)[C@@]1(CO[C@H](OC1)c1ccccc1)[N+](=O)[O-],1.3647,4.136,6.4,2.255,1.303,577,-268.5,162.0
SITHEK,[O-][N+](=O)c1cc(ccc1[N+](=O)[O-])n1cncn1,1.6155,6.321,16.9,4.513,2.473,548,159.4,239.4
LEQTAC,Oc1ccc(cc1)C(=O)N/N=C/c1ccc(o1)[N+](=O)[O-],1.5649,5.218,11.3,3.181,1.619,508,-314.4,302.0
TIBMIA01,[O-][N+](=O)C1=C(N)[N+](=O)C(=[NH2+])C(=C1)[N+](=O)[O-],1.888,7.942,29.3,4.889,3.183,651,-46.9,301.7
NANVED,CCOC(=O)[C@@](c1ccc(cc1[N+](=O)[O-])[N+](=O)[O-])(c1ccccc1)C#N,1.429,4.728,8.7,3.146,1.588,504,-334.4,254.8
CUNGAT,CN/C=C/[N+](=O)[O-],1.4107,6.321,15.4,3.923,3.445,878,-83.5,326.8
EVOPIO,OC[C@H]1O[C@H](C[C@@H]1O)n1ncc2c1cccc2[N+](=O)[O-],1.4917,5.026,10.1,2.481,1.593,642,-517.3,293.7
KEPDUF,[O-][N+](=O)/N=C/1\NCCN1Cc1noc(c1)c1ccccc1,1.4365,5.05,10.0,2.706,1.9,702,51.1,201.6
LAPWAD,N#[N+]/N=C/1\C(=C/C(=[N+]/2\C=NN=N2)/C=C1[N+](=O)[O-])[N+](=O)[O-],1.667,7.209,22.4,5.496,3.221,586,666.8,243.9
EWUKAI,Nc1ccc(c(c1)C(=O)O)[N+](=O)[O-],1.6041,5.4,12.3,2.672,1.479,553,-437.7,272.6
KAHSAP,O=C(c1ccccn1)Nc1ccc(cc1)[N+](=O)[O-],1.484,4.529,8.2,2.287,1.264,552,-169.8,301.6
XETKAK,[O-][N+](=O)c1cc(ccc1[N+](=O)[O-])Cn1nncc1,1.5402,6.029,14.9,4.507,2.534,562,175.7,240.8
PNBPIP,O=C(c1ccc(cc1)[N+](=O)[O-])N1CCCCC1,1.3111,4.128,6.2,1.663,1.273,765,-336.5,291.0
MUTSAW,OCCN1CCN/C/1=C\[N+](=O)[O-],1.4747,5.812,13.4,2.687,2.434,905,-260.7,356.6
WOBJEC,CN(c1ccc(cc1)/C=C/C=N/c1ccc(cc1)[N+](=O)[O-])C,1.2956,3.946,5.6,1.798,1.365,758,46.9,303.5
IJIVEC,[O-][N+](=O)/N=c/1\ccccn1O,1.6078,6.649,18.6,4.974,3.054,614,66.6,86.6
YEJNAC01,Oc1ccc(cc1)/N=N/c1ccccc1[N+](=O)[O-],1.4702,4.852,9.3,3.088,1.707,552,24.9,272.4
HUCZOV,CC1=NN([C@@H](C1)c1ccccc1)c1cccc(c1)[N+](=O)[O-],1.2814,3.939,5.6,1.891,1.356,717,47.9,294.9
WAQYEV,CCOC(=O)/C(=C/c1ccccc1[N+](=O)[O-])/C#N,1.3714,4.531,7.8,2.798,1.528,546,-279.2,263.7
MAZZOD,O=C(Nc1cccc(c1)[N+](=O)[O-])CCC(=O)O,1.4407,4.573,8.2,2.069,1.168,564,-719.7,290.6
TEVHEH01,[O-][N+](=O)c1[nH]cc(n1)[N+](=O)[O-],1.79,8.017,29.0,5.376,3.429,637,16.5,284.2
JIZJIL,[O-][N+](=O)c1cnc(n1C)C,1.4201,5.662,12.4,3.1,2.461,794,-46.6,314.3
JADNIM,O=C1C=CC(=CC1=C1NC(C(N1)(C)C)(C)C)[N+](=O)[O-],1.2883,3.956,5.7,1.245,1.06,851,-398.1,322.6
BILMAM,CNC1=C([N+](=O)[O-])[C@@H](C(=C(O1)c1ccccc1)C#N)c1ccccc1,1.3718,4.04,6.2,2.097,1.269,605,-27.3,336.9
KIBSAS01,Nc1onc(n1)c1nonc1[N+](=O)[O-],1.7379,7.756,26.6,5.473,3.405,622,250.9,255.0
WAFBAI,N#Cc1ccc(c(c1)[N+](=O)[O-])Nc1ccccc1,1.3806,4.298,7.0,2.584,1.453,562,134.0,298.1
TIVQEV,O=C(Nc1ccc(cc1)C)Nc1ccc(cc1)[N+](=O)[O-],1.3937,4.104,6.4,1.629,1.077,661,-284.1,302.6
EZEGAS,COc1cc(/N=C/c2ccc(cc2)[N+](=O)[O-])cc(c1OC)OC,1.385,4.523,7.8,2.45,1.563,637,-435.0,291.9
GEJKUB,[O-][N+](=O)c1ccc(cc1)CNc1ccccc1,1.3338,4.055,6.1,2.011,1.382,687,-25.1,292.9
NIKTEH,[O-][N+](=O)c1cccc(c1)c1nc2ccccc2nc1c1cccc(c1)[N+](=O)[O-],1.4729,4.422,7.8,2.794,1.345,481,71.9,288.4
NEDDOP,OC[C@H]1O[C@H](C[C@@H]1O)n1cc(c2c1ncnc2N)[N+](=O)[O-],1.5908,5.354,12.0,2.215,1.513,683,-556.1,342.3
LOLJAX02,O=C(C(=O)N1CC(C1)([N+](=O)[O-])[N+](=O)[O-])N1CC(C1)([N+](=O)[O-])[N+](=O)[O-],1.7492,7.713,26.4,5.211,3.354,643,-337.0,171.3
KAXLOK,COC[C@@H]1CCCN1/C=C(/[N+](=O)[O-])\C,1.2595,4.717,7.9,1.991,2.005,1007,-327.4,311.9
CUHZEM,O=C1N(/N=C/c2ccc(cc2)[N+](=O)[O-])CNc2c1cccc2,1.3917,4.451,7.6,2.396,1.45,605,-16.4,294.9
BURJAZ,O=C(c1cc(cc(c1)[N+](=O)[O-])[N+](=O)[O-])O[C@]12CCC[C@@H](O2)CCC1,1.4713,4.982,9.9,2.771,1.662,599,-762.1,278.2
NBARBA,[O-][N+](=O)c1c(O)[nH]c(=O)[nH]c1=O,1.8682,6.71,20.8,2.546,1.566,615,-612.0,337.4
AOMOQU,COc1cc([N+](=O)[O-])c2c(c1OC(=O)C)cccn2,1.4663,4.742,8.9,2.768,1.419,512,-486.7,268.8
MUCGUN,O=C(c1ccc(cc1)[N+](=O)[O-])NNC(=O)c1ccc(cc1)[N+](=O)[O-],1.5733,5.337,11.8,3.284,1.671,508,-325.1,285.0
DAGREJ,[O-][N+](=O)C[C@@H](C(=O)N1C(=O)O[C@@H]2[C@@]31CC[C@H](C3(C)C)C2)O,1.4414,4.474,7.8,1.479,1.112,751,-1010.5,233.3
SORBUW,[O-][N+](=O)c1ccc(cc1)n1cccc1,1.4295,4.587,8.2,2.777,1.654,595,38.4,296.1
WOGVIY,COc1ccc(cc1OC)/N=C/c1ccc(cc1)[N+](=O)[O-],1.3697,4.401,7.3,2.438,1.527,626,-270.2,293.2
ERETAW,NC(=O)C1=C([N-]O[N+]1=O)[N+]1=NC(=C([N+]1=O)C(=O)N)[N+](=O)[O-],1.7658,7.781,27.1,5.132,3.256,634,70.6,251.0
DIQRON,[O-][N+](=O)O[C@@H]([C@@H]([C@@H](O[N+](=O)[O-])CO[N+](=O)[O-])O[N+](=O)[O-])[C@H](O[N+](=O)[O-])CO[N+](=O)[O-],1.868,8.844,36.2,5.753,3.991,693,-731.6,131.4
FADGOG,COc1ccc(cc1)[C@H](OC(=O)c1cc(cc(c1)[N+](=O)[O-])[N+](=O)[O-])C,1.3859,4.672,8.3,3.025,1.566,517,-650.0,277.9
VIKVUG,N#CC1([N+](=O)[O-])C(C1(C)C)(C)C,1.2289,4.799,8.0,2.628,2.451,932,-42.1,185.7
EVIXEM,CC(=O)Nc1[nH]nc(n1)[N+](=O)[O-],1.5764,6.321,16.6,3.284,2.258,687,-142.8,284.9
HIVXOA,[O-][N+](=O)c1ccc2c(c1)c1[nH]c3c(c1CC2)cccc3,1.3591,3.624,4.9,1.64,0.973,593,-50.7,296.5
SUGFOP,O[C@H](C([N+](=O)[O-])[N+](=O)[O-])[C@H](C([N+](=O)[O-])[N+](=O)[O-])O,1.8177,8.631,33.9,5.669,3.997,705,-574.5,170.6
OMOTEP,OC[C@H]1O[C@H]([C@@H]([C@@H]1O)O)n1ncc2c1cccc2[N+](=O)[O-],1.5253,5.15,10.8,2.577,1.565,607,-691.0,291.1
NIZCAA,Cc1cccc(n1)Cc1ccc(cc1[N+](=O)[O-])[N+](=O)[O-],1.4216,4.916,9.4,3.253,1.868,574,-79.3,270.4
SIYWIH,Nc1cc(N)c(cc1[N+](=O)[O-])[N+](=O)[O-],1.7395,6.817,20.6,4.148,2.58,622,-102.7,309.0
IKABUS,[O-][N+](=O)c1ccc(c(c1)c1nc2c([nH]1)cccc2)O,1.4999,4.36,7.7,2.104,1.108,526,-189.1,307.1
OJOLAC,O=NC1(COC(OC1)(C)C)[N+](=O)[O-],1.4862,6.262,15.7,4.272,3.021,707,-400.2,63.7
REVRIV,CCn1ncc2c1cccc2[N+](=O)[O-],1.3975,4.856,9.0,2.606,1.833,703,14.2,293.5
GEZKII,COc1ccc(cc1)n1ccc(c1c1ccc(cc1)[N+](=O)[O-])C=O,1.3749,4.021,6.1,2.133,1.186,556,-280.7,292.7
XIZSAD,C/C(=N/Nc1n(C)nc(c1[N+](=O)[O-])C)/c1ccccn1,1.3848,5.019,9.6,2.399,1.96,817,173.8,406.6
BAKLII,[O-][N+](=O)c1c(N)c([N+](=O)[O-])c(c(c1N)[N+](=O)[O-])O,1.8905,7.908,29.1,4.76,2.984,626,-258.8,274.3
XENJOQ,CC1=C(C(=O)C)[C@H](C(=C(N1)C)C(=O)C)c1ccc(o1)[N+](=O)[O-],1.3745,4.443,7.5,2.155,1.428,662,-554.4,309.2
ACOWOE,O=CN1CC(C1)([N+](=O)[O-])[N+](=O)[O-],1.6778,7.552,24.7,5.248,3.526,671,-179.6,168.9
OXISEV,[O-][N+](=O)c1nn(cn1)C=C,1.5043,6.393,16.5,4.69,3.001,639,171.9,280.1
NHANTQ,Oc1ccc(c2c1C(=O)c1c(C2=O)c(O)ccc1[N+](=O)[O-])[N+](=O)[O-],1.7145,5.634,13.9,3.253,1.435,441,-637.8,249.0
GAVGIU,Oc1ccccc1/N=C/C=C/c1ccccc1[N+](=O)[O-],1.3316,4.13,6.3,2.456,1.437,584,-67.2,272.2
ERIWIL,O=c1cc(C)c(c([nH]1)C)[N+](=O)[O-],1.443,5.092,10.2,2.66,1.773,666,-278.7,283.7
COGFUB,[O-][N+](=O)c1n(/N=N/n2cnc(c2[N+](=O)[O-])[N+](=O)[O-])cnc1[N+](=O)[O-],1.7676,8.328,31.0,6.456,4.017,622,587.9,252.8
KADZIY,O=C(c1ccccc1O)Nc1ccc(cc1)[N+](=O)[O-],1.425,4.265,7.1,2.19,1.14,520,-402.5,303.1
CUTWUJ,[O-][N+](=O)[C@H]1C(=C[C@@](C(=O)[C@@]1(C)[N+](=O)[O-])(C)[N+](=O)[O-])C(C)(C)C,1.3959,5.634,12.2,3.75,2.666,710,-511.7,82.9
KEMTIF,[O-][N+](=O)N1CN(CC2(C1)CN(CN(C2)[N+](=O)[O-])[N+](=O)[O-])[N+](=O)[O-],1.7385,7.939,27.9,5.505,4.036,733,2.0,164.8
NIPCIM,[O-][N+](=O)c1ccc(cc1)N=C=Nc1ccc(cc1)[N+](=O)[O-],1.502,5.162,10.7,3.95,1.869,473,152.3,292.2
LEBGEE,CC(=NNc1ccc(cc1[N+](=O)[O-])[N+](=O)[O-])C,1.4555,5.785,13.2,4.013,2.643,658,-12.2,298.8
DUTQOZ,[O-]C(=O)c1cc(cc(c1)[N+](=O)[O-])c1cc[nH+]cc1,1.5201,4.759,9.2,3.132,1.437,458,-205.4,282.5
WEKGOJ,[O-][N+](=O)c1cc(nc(c1)[N+](=O)[O-])[N+](=O)[O-],1.7508,7.772,26.9,5.768,3.321,575,7.8,243.2
JIJROJ,CO[C@@H]1O[C@H](CO[N+](=O)[O-])[C@H]([C@@H]([C@H]1O[N+](=O)[O-])O)O[N+](=O)[O-],1.6122,7.47,23.6,5.071,3.538,697,-944.4,130.6
WADCOW,[O-][N+](=O)c1ccc2c(c1)C(C)(C)c1c(N2)cccc1,1.334,3.656,5.0,1.403,0.989,705,-127.3,309.1
DNBENZ10,[O-][N+](=O)c1cccc(c1)[N+](=O)[O-],1.5754,6.324,16.6,4.872,2.598,533,-59.9,280.9
VOPZOP,Cc1cccn2c1c([N+](=O)[O-])c(c2)C,1.3741,4.48,7.6,2.313,1.636,707,-44.1,316.6
MUBROR,[O-][N+](=O)c1ccc(cc1)COc1ccc2c(c1)cccn2,1.3849,4.024,6.2,2.185,1.223,559,-113.8,293.1
QAHPIZ,OC(=O)/C=C\c1nnc(n1c1ccc(cc1)[N+](=O)[O-])c1ccccn1,1.2769,4.206,6.3,2.464,1.31,531,-137.1,284.7
WADZUY,O=C(c1ccc(c(c1)[N+](=O)[O-])Nc1ccccc1)Nc1ccccc1,1.4309,3.906,5.9,1.644,0.995,605,-178.1,299.4
SITKAI,N#Cc1c(cccc1C#N)Oc1ccccc1[N+](=O)[O-],1.4386,4.42,7.6,3.277,1.384,422,142.8,264.9
FIYKEG,COC(=O)C(NC(=O)/C=C/c1cccc(c1)[N+](=O)[O-])(C)C,1.3343,4.182,6.5,1.683,1.161,690,-718.1,290.2
ZZZLYS01,Oc1cc(O)c(cc1[N+](=O)[O-])[N+](=O)[O-],1.7934,7.031,22.3,4.201,2.352,559,-431.9,315.6
KODHUG,OC(=O)/C=C/c1cc(cc(c1)[N+](=O)[O-])[N+](=O)[O-],1.6009,5.921,14.7,3.819,1.976,517,-408.8,277.8
YAYCIM,[O-][N+](=O)c1ccc(cc1)N1CCOCC1,1.3974,4.817,8.9,2.419,1.823,753,-222.4,306.7
DEMSOD,COCOc1cc(cc(c1)[N+](=O)[O-])[N+](=O)[O-],1.5166,6.059,14.9,4.183,2.465,589,-409.6,280.4
MNIANL05,Nc1cccc(c1)[N+](=O)[O-],1.438,5.149,10.4,3.009,1.953,649,-68.5,294.7
CUKCAM10,OC(=O)c1cc(cc(c1)[N+](=O)[O-])[N+](=O)[O-],1.6901,6.437,18.0,3.91,2.065,528,-443.3,276.3
CECCEU,[O-][N+](=O)c1cccc2c1c1ccccc1NC2,1.3824,4.063,6.3,2.18,1.296,594,9.0,252.9
TIBMUM,Nc1c([N+](=O)[O-])c(N)nc(c1[N+](=O)[O-])N,1.8192,7.257,24.0,3.832,2.606,680,-103.9,382.1
JOFGUH,COc1cccc(c1)/C(=N/Nc1ccc(cc1)[N+](=O)[O-])/C,1.3673,4.405,7.3,2.189,1.547,707,-101.7,308.8
EYIFEZ,[O-][N+](=O)c1ccc(c2c1non2)NCCCC,1.4022,5.439,11.4,3.331,2.528,759,60.6,298.1
JEDXIC,Cc1cc2c(cc1C)nc1n2CCn2c1c(cc2)[N+](=O)[O-],1.4125,4.154,6.7,1.605,1.147,714,-30.9,301.9
SOBWEM,[O-][N+](=O)/C(=C\C1=[N+]([O-])O[C@@H](C1)c1ccccc1)/c1ccccc1,1.3818,4.516,7.8,3.103,1.793,577,-5.5,228.8
XEXYOO,CO[C@@H]1N([N+](=O)[O-])[C@H](OC)N([C@H](N1[N+](=O)[O-])OC)[N+](=O)[O-],1.6049,7.529,23.9,5.124,3.861,753,-446.2,154.7
WOGPAJ,Oc1nn(c(c1)C)c1ccc(cc1[N+](=O)[O-])[N+](=O)[O-],1.5682,5.854,14.2,3.962,2.184,551,-120.4,253.1
NUQJEP,O/N=C/c1cccc(c1)[N+](=O)[O-],1.4502,5.404,11.5,4.159,2.244,539,-36.7,290.9
HECDIC,[O-][N+](=O)c1c(C)c([N+](=O)[O-])c(c(c1C)C(C)(C)C)C,1.2583,4.718,7.9,2.658,2.237,841,-260.4,249.8
SABFIM,O=C(c1ccccc1O)Nc1cccc(c1)[N+](=O)[O-],1.4819,4.376,7.6,2.191,1.141,520,-402.3,290.4
MUFKUV,[O-][N+](=O)c1cc(ccc1Oc1ccc2c(c1)cccc2)[N+](=O)[O-],1.4803,4.638,8.6,3.457,1.498,433,-140.3,264.2
MUJKEH,O=C(c1ccncc1)N/N=C/c1cccc(c1)[N+](=O)[O-],1.4464,4.753,8.9,2.728,1.584,580,11.0,290.8
RUXFAT,O=C1C[C@H]([C@H]2O[C@@H]1OC2)n1cc(c(n1)[N+](=O)[O-])[N+](=O)[O-],1.6899,6.645,19.2,4.162,2.462,591,-377.9,258.7
YELQAK,CCOC(=O)c1oncc1C(=O)c1ccc(cc1)[N+](=O)[O-],1.4566,4.894,9.4,3.045,1.528,501,-525.7,283.6
TIJKEC,[O-][N+](=O)[N-]CC[NH3+],1.5627,7.314,22.1,3.72,3.965,1066,-93.1,201.2
NOMBEA01,[O-][N+](=O)c1cc(cc(c1C)[N+](=O)[O-])C(=O)O,1.6576,6.201,16.5,3.767,2.053,545,-466.4,255.3
CUNCOE,N#CC1(C#N)[C@@H]([C@H]1c1ccccc1)c1ccc(cc1)[N+](=O)[O-],1.3326,4.022,6.0,2.653,1.439,542,283.3,288.2
AMNBOZ,CC(=O)N1OCCc2c([C@H]1C)cc(cc2)[N+](=O)[O-],1.4013,4.759,8.7,2.401,1.72,716,-367.3,292.5
KATNID,Cc1ccc(cc1)/N=C/c1cccc(c1)[N+](=O)[O-],1.277,3.868,5.4,2.057,1.344,653,10.2,288.3
GEMZAZ,O=C1N[C@H]2[C@@H](N1[N+](=O)[O-])NC(=O)N2[N+](=O)[O-],1.9924,8.278,32.9,4.203,2.84,675,-297.0,163.6
SECSOK,[O-][N+](=O)c1cccc(c1)n1nc(cc1N)C(C)(C)C,1.2782,4.156,6.2,1.556,1.34,861,-79.1,288.8
SINHON,[O-][N+](=O)c1ccc(cc1)/C=C\c1ccc(cc1)[N+](=O)[O-],1.4264,4.702,8.6,3.534,1.759,497,-13.2,291.2
ZONJOB,CN(c1ccc(cc1)OCCOc1ccc(cc1)[N+](=O)[O-])C,1.3065,4.189,6.4,1.938,1.437,741,-382.0,304.4
ROFQIO,ON(c1onc(c1)[N+](=O)[O-])[C@H]1CCCO1,1.5304,6.339,16.4,4.495,2.926,650,-222.6,272.1
BEYZEK,O=C1c2cc(ccc2c2c1cc(cc2)[N+](=O)[O-])[N+](=O)[O-],1.5811,5.095,10.8,3.6,1.493,414,-148.9,283.5
REKKAW,CCc1cc(nn1c1ccc(cc1)[N+](=O)[O-])c1ccccc1,1.3137,3.839,5.4,1.744,1.199,687,27.4,294.8
LEXYUK,CCOC(=O)c1oc2c(c1N1C(=O)CCC1=O)cc(cc2)[N+](=O)[O-],1.4874,4.489,8.1,2.054,1.039,505,-969.5,290.1
HEBCHN,C[C@H]([C@]12CCC[C@@H]2C1)OC(=O)c1cc(cc(c1)[N+](=O)[O-])[N+](=O)[O-],1.3798,4.797,8.7,2.844,1.791,629,-541.2,278.1
REYKAH,O=Cc1n(nnc1C(C)(C)C)c1ccc(cc1)[N+](=O)[O-],1.3471,4.637,8.0,2.296,1.688,735,-96.4,284.9
KAVFUI01,[O-][N+](=O)n1cnc(c1)[N+](=O)[O-],1.7532,8.108,29.3,5.959,3.802,637,108.7,126.4
DAVQOH,N#Cc1cc(cc2c1c1c(C#N)cc(cc1C2=O)[N+](=O)[O-])[N+](=O)[O-],1.6316,5.289,11.9,3.91,1.505,384,175.9,272.9
ACOWIY,[O-][N+](=O)C1(CNC1)[N+](=O)[O-],1.6435,7.895,26.6,6.12,4.429,723,-1.5,170.1
DOPLOL05,[O-][N+](=O)c1cc(cc(c1N)[N+](=O)[O-])C(=O)N,1.6361,6.34,17.1,3.758,2.234,594,-271.6,288.1
HODKAN,CCC(=NNc1ccc(cc1[N+](=O)[O-])[N+](=O)[O-])CC,1.3563,5.351,10.7,3.323,2.517,757,-83.5,299.3
ETOGOJ,CC(=O)c1ccc(cc1)N/N=N/c1ccc(cc1)[N+](=O)[O-],1.3875,4.628,8.2,2.599,1.639,630,12.6,294.9
QERYUK,[O-][N+](=O)c1ccccc1/C=C/1\Nc2c(C1=O)cccc2,1.4886,4.245,7.2,2.416,1.22,505,-82.9,271.0
CEKVOD,[O-][N+](=O)c1ccccc1N/N=C/c1ccccc1,1.4071,4.532,7.9,2.589,1.683,650,140.3,309.5
KUHKAB,N#CC([C@@H]1C(=C(NC)Oc2c1cccc2)[N+](=O)[O-])C#N,1.4345,4.783,8.9,2.859,1.66,580,46.5,354.8
ADOMAK,O=C(N1CCc2c1ccc(c2)[N+](=O)[O-])c1ccccc1,1.4204,4.046,6.3,1.917,1.121,584,-211.7,301.2
IJUSIQ,OC(COc1ccccc1[N+](=O)[O-])COc1ccccc1[N+](=O)[O-],1.485,5.119,10.5,3.394,1.82,536,-563.1,282.4
XETKIS,[O-][N+](=O)c1cc(ccc1Cn1nncc1)[N+](=O)[O-],1.5396,6.004,14.8,4.436,2.493,562,157.9,267.6
SOPZIG,Cc1nccn1c1ccc(cc1)[N+](=O)[O-],1.405,4.661,8.4,2.465,1.631,661,16.7,291.1
OJUNUC,CN(/N=C/C(=N\N1CCCC1)/c1ccc(cc1)[N+](=O)[O-])C,1.2571,4.651,7.7,2.253,2.094,929,167.7,300.7
SUWFIZ,[O-][N+](=O)c1ccc(c2c1non2)N1CCCCCCC1,1.4115,5.192,10.4,2.875,2.332,811,68.0,298.8
KOWRUJ,[O-][N+](=O)[C@@H]1C=C[C@@H](c2c1cccc2)C([N+](=O)[O-])([N+](=O)[O-])[N+](=O)[O-],1.6075,6.657,18.7,5.267,2.913,553,-50.2,104.4
PUTCOW,COc1c(cc(c2c1nn(n2)c1cc(cc(c1N)[N+](=O)[O-])[N+](=O)[O-])[N+](=O)[O-])[N+](=O)[O-],1.7244,6.881,20.9,4.668,2.613,559,6.8,262.4
TIMZAQ01,O=C(c1ccncc1)N/N=C/c1ccccc1[N+](=O)[O-],1.43,4.753,8.8,2.809,1.631,580,32.9,274.7
YICNAA,[O-][N+](=O)c1ccc(cc1)n1nnnc1n1nnc2c1cccc2,1.5257,5.424,12.0,3.431,1.996,581,573.4,286.0
HAYZIR,CCCCOC(=O)c1cc(cc(c1)[N+](=O)[O-])[N+](=O)[O-],1.4163,5.166,10.3,3.321,1.942,584,-564.3,277.3
ZERJIR,N/C(=N/[N+](=O)[O-])/Nc1ccccc1,1.4164,5.324,11.0,2.794,2.085,746,19.3,203.3
JAKCOO,Cc1ccnc(c1[N+](=O)[O-])/N=N/c1nccc(c1[N+](=O)[O-])C,1.5093,5.715,13.2,4.026,2.388,593,248.4,247.3
MAYKOP,O[C@@H]1CN2C[C@H]([C@H]([C@@H]2[C@@H]2[C@H]1OC(O2)(C)C)[N+](=O)[O-])C,1.2795,4.265,6.5,1.391,1.259,905,-831.1,218.7
COMGUG,O=C1c2ccccc2C(=O)N1c1ccccc1[N+](=O)[O-],1.5004,4.217,7.2,2.411,1.007,417,-323.5,264.9
WUPMAW,O=C(c1onc2c1cc(cc2)[N+](=O)[O-])c1ccccc1,1.5002,4.617,8.6,3.467,1.448,417,-40.4,285.9
MERMOO,[O-][N+](=O)c1c(n2cncn2)c(n2cncn2)c(c(c1N)[N+](=O)[O-])N,1.6642,6.397,17.6,3.889,2.361,607,321.7,270.9
JECVAO,O[C@@H](Cn1ccnc1[N+](=O)[O-])CN1CC1,1.4026,5.581,12.0,2.978,2.516,844,-94.2,292.8
SOBWAI,[O-][N+](=O)/C(=C/c1ccccc1)/C1=[N+]([O-])O[C@@H](C1)c1ccccc1,1.3663,4.516,7.7,3.195,1.846,577,23.1,174.3
VINCOK,[O-][N+](=O)c1cc(cc(c1Nc1cccc2c1cccc2)[N+](=O)[O-])[N+](=O)[O-],1.5465,5.333,11.7,3.942,1.87,474,-13.1,234.4
GEQHOZ,CO/C(=N/C(=O)c1ccccc1)/Nc1ccccc1[N+](=O)[O-],1.425,4.391,7.5,2.123,1.272,599,-332.8,275.2
NISGEB,[O-][N+](=O)C(CCc1nnn[nH]1)(CCc1nnn[nH]1)CCc1nnn[nH]1,1.4998,6.183,15.4,2.952,2.651,898,546.8,198.3
FUQFAY,O/N=C(/c1ccc(cc1)[N+](=O)[O-])\C/C(=N\O)/c1ccccc1O,1.494,4.987,10.0,3.054,1.737,568,-247.3,293.5
TIHBES01,[O-][N+](=O)c1ccc(o1)/C=N/c1c(C)n(n(c1=O)c1ccccc1)C,1.4212,4.667,8.4,2.56,1.583,618,-132.7,307.2
LAHCEC,OC(=O)CNc1ccc(cc1)[N+](=O)[O-],1.5486,5.109,10.7,2.555,1.459,571,-468.8,310.2
JULHAZ,C/C(=N/N=C(/c1ccccc1[N+](=O)[O-])\C)/c1ccccc1[N+](=O)[O-],1.3724,4.828,8.8,3.208,1.983,618,78.4,267.7
DEGLEH,[O-][N+](=O)c1ccc2c(c1)ncn2CCN1CCCCC1,1.2714,3.935,5.5,1.255,1.128,898,-139.7,300.9
AFAZUD,[O-][N+](=O)[C@]12C[C@@H]3[C@](C1)(C[C@H]2C3)[N+](=O)[O-],1.4606,5.833,13.4,4.229,2.87,678,-130.0,266.8
QUNRIC,O=C1N(C)C(=O)N(C(=O)C1c1ccc(cc1[N+](=O)[O-])[N+](=O)[O-])C,1.5535,5.423,12.1,2.857,1.589,556,-685.8,275.6
FOCXUR01,[O-][N+](=O)c1ccccc1[C@H]1NCc2c(N1)cccc2,1.3773,4.198,6.7,1.928,1.354,702,8.0,279.1
PABHAB01,[O-][N+](=O)c1cc([N+](=O)[O-])c(c(c1)[N+](=O)[O-])n1c(C)nc2c1cc(cc2[N+](=O)[O-])[N+](=O)[O-],1.7112,6.809,20.3,4.814,2.552,530,-43.4,241.8
DEXVUY,O=C1COc2c(N1Cc1ccccc1)cc(cc2)[N+](=O)[O-],1.4272,4.232,7.0,2.152,1.188,551,-356.3,298.0
MAYKEF,O[C@@H]1CN2C[C@@H]([C@@H]([C@H]2[C@H]2[C@@H]1OC(O2)(C)C)[N+](=O)[O-])C,1.3032,4.328,6.8,1.409,1.275,905,-826.3,220.3
PEMCAM06,CN(c1ccc(cc1)/C=C/[N+](=O)[O-])C,1.3119,4.545,7.6,2.347,1.916,816,-32.9,303.9
ESIRUV,O=C(N1Cc2c1cccc2c1cccc(c1)[N+](=O)[O-])c1ccccn1,1.437,4.088,6.5,2.209,1.195,541,5.7,291.0
KIKKIZ,O=C1N[C@H]([C@H]1Oc1ccccc1)c1ccc(cc1)[N+](=O)[O-],1.3826,4.257,6.9,2.393,1.321,551,-287.9,291.9
SATROU,COC(N([N+](=O)[O-])C)N([N+](=O)[O-])C,1.5178,7.205,21.1,5.117,4.134,807,-219.2,155.1
SOSYAC,C[C@@H](Cn1c(C)ncc1[N+](=O)[O-])OC(=O)c1ccccc1C(=O)O,1.4394,4.395,7.6,1.779,1.077,605,-858.8,318.1
EDASOR,N#Cc1ccccc1/N=N/Nc1ccccc1[N+](=O)[O-],1.3973,4.827,8.9,3.188,1.872,587,367.8,291.9
KAPCAF,[O-][N+](=O)c1ccc2c(c1)c(C)c([nH]2)C,1.3412,4.173,6.5,1.854,1.31,707,-131.5,306.6
QUDROX,O=C(c1noc(c1[N+](=O)[O-])c1ccccc1)c1ccccc1,1.4155,4.336,7.3,3.091,1.412,457,-58.7,278.0
VELQEK,[O-][N+](=O)c1ccccc1c1nc2ccccc2c(n1)c1ccccc1,1.3748,3.647,5.0,1.814,0.994,547,109.6,259.7
BUFDUC,CCOc1cc(/C=N/Nc2ccccc2[N+](=O)[O-])ccc1O,1.4118,4.582,8.1,2.285,1.53,669,-279.7,311.3
VENKOP,COc1ccc(cc1)/N=C/C=C/c1ccccc1[N+](=O)[O-],1.329,4.143,6.3,2.367,1.504,635,-57.9,272.9
LAPWEH,[O-][N+](=O)c1cc([N+](=O)[O-])c(cc1n1cnnn1)C,1.5667,6.403,17.0,4.779,2.783,582,270.9,250.8
NULGEI,[O-][N+](=O)[C@H]1C(=O)NC(=C[C@@H]1c1ccccc1)c1ccccc1,1.3126,3.731,5.1,1.746,1.064,609,-212.1,177.0
ROLBAV,[O-][N+](=O)c1ccnc(c1)c1nccc(c1)[N+](=O)[O-],1.5537,5.63,13.1,4.052,2.029,500,72.8,273.9
BEQTUP,O=C(N1CCC=C1)OCc1ccc(cc1)[N+](=O)[O-],1.4201,4.586,8.2,2.294,1.449,632,-398.7,290.1
SIRXOG,Cc1ccc(cc1)/N=C(\c1ccc(cc1)[N+](=O)[O-])/c1ccccc1,1.2437,3.367,4.0,1.611,1.027,637,25.6,291.3
DUMPEG,[O-][N+](=O)OCC1(CO[N+](=O)[O-])COC1,1.5594,7.377,22.5,5.689,3.981,699,-376.8,147.0
PIWSEU,[O-][N+](=O)[C@@H]([C@@H]1NC(=O)c2c1cccc2)C,1.4422,4.496,7.9,1.982,1.293,652,-317.3,220.4
FOVYOE11,COc1ccc(cn1)/N=C/c1ccc(cc1)[N+](=O)[O-],1.4055,4.556,8.0,2.538,1.548,609,-73.2,290.8
BORHAS,[O-][N+](=O)c1ccc(o1)/C=N/NC(=O)NCCOC,1.4557,5.567,12.2,3.059,2.14,699,-426.3,306.3
UHOQUE,O=CNC(C([N+](=O)[O-])(C)C)(C)C,1.3186,4.63,7.9,1.435,1.477,1029,-476.0,207.1
NASXEN,O=C1OC2(CCCCC2)OC(=O)C1=CNc1ccccc1[N+](=O)[O-],1.4235,4.233,7.0,1.713,1.04,607,-882.6,277.6
VOPZIJ,[O-][N+](=O)c1c(C)cn2c1cccc2,1.4393,4.711,8.7,2.661,1.692,636,-15.4,342.3
NNTSED10,O=[N+]([N+](=O)CC[N+](=O)[O-])CC[N+](=O)[O-],1.6405,7.979,27.2,6.084,4.585,753,-97.7,226.8
NUQPOF,O=C1c2c(cc(c(c2C(=O)c2c1c(cc(c2O)[N+](=O)[O-])[N+](=O)[O-])O)[N+](=O)[O-])[N+](=O)[O-],1.8412,6.921,22.0,4.372,2.099,480,-616.9,245.6
QEPJAY,C[C@@H](Cn1c(C)ncc1[N+](=O)[O-])OC(=O)/C=C/c1ccccc1,1.294,4.051,5.9,1.69,1.201,710,-435.2,317.9
LANHIR,[O-][N+](=O)c1ccc(cc1)/C=C/c1cc2c(n1C)cccc2,1.317,3.682,5.0,1.786,1.151,644,13.0,298.8
SEGSEC,CO[C@@H]1O[C@H](CO[N+](=O)[O-])[C@H]([C@@H]([C@H]1O)O[N+](=O)[O-])O[N+](=O)[O-],1.6153,7.499,23.8,5.123,3.575,697,-927.1,137.1
NUPJAJ,COc1ccc2c(c1[N+](=O)[O-])c([N+](=O)[O-])c(cc2)OC,1.5295,5.49,12.3,3.895,2.039,523,-326.0,235.8
